ID,track_popularity
26266,29.107257444026203
26267,31.49240027328295
26268,30.683629583674755
26269,28.491468149281598
26270,41.320925289160364
26271,40.39741651887709
26272,40.253891276878385
26273,42.477663572329995
26274,42.62774321590498
26275,34.4801234534852
26276,34.286390595503114
26277,35.94856492406398
26278,38.92050418929384
26279,35.48235268742499
26280,29.81600409102226
26281,28.054932103041494
26282,30.366519108352175
26283,31.28095219148779
26284,29.324455658865528
26285,29.2474616624653
26286,28.619878263893355
26287,30.25865840224303
26288,27.325184020496383
26289,27.40140983787188
26290,29.043922837396753
26291,28.051440383300882
26292,29.11355326845613
26293,30.401444599088126
26294,31.695330340554467
26295,28.90134542553442
26296,24.827606716655424
26297,27.997777866042895
26298,29.44485975918362
26299,36.12853336402425
26300,32.083436185492076
26301,31.56554139677034
26302,29.211636274833737
26303,31.905459071945856
26304,33.63373602260941
26305,30.675070514306537
26306,33.47389868395921
26307,29.09365539366095
26308,27.04881813068911
26309,34.667333928680975
26310,28.81844531883537
26311,34.082982752525346
26312,30.466425038556324
26313,29.767182928375195
26314,34.120928312936506
26315,31.753609662255382
26316,32.24817109911044
26317,30.43561037438029
26318,8.319908174978742
26319,31.617185580370744
26320,26.275350941392844
26321,29.199457510852767
26322,28.41191618970066
26323,26.42479220959953
26324,31.76219516398477
26325,29.163746969883615
26326,29.38209209679259
26327,30.73587547802298
26328,27.912479959877857
26329,26.513960211616524
26330,26.03596709563725
26331,26.114974126229836
26332,19.082154343523673
26333,22.48020283286876
26334,24.71102241314235
26335,32.55151811157829
26336,35.94166244722362
26337,32.28589309898
26338,32.90220457731197
26339,27.349980421243146
26340,30.80012087110406
26341,29.597056112134556
26342,22.704213603471064
26343,25.772848490810926
26344,19.26458274324276
26345,20.962596066393456
26346,23.897984205498048
26347,21.89283480676403
26348,20.852634446391793
26349,25.764311283803412
26350,31.994001105391593
26351,31.852418926544786
26352,28.992466185029695
26353,21.141998967412857
26354,19.964518463296994
26355,30.64331835668938
26356,26.814884526202864
26357,29.23244302257935
26358,29.934464310626314
26359,32.24903353251603
26360,21.713535657915262
26361,27.360642247454617
26362,32.00589147058824
26363,40.273961390213344
26364,38.95380640026388
26365,42.61554252333044
26366,49.742110386931984
26367,59.88406969479919
26368,31.982644335491518
26369,31.642661682303018
26370,48.49937759244986
26371,44.30704182959932
26372,28.67178911586815
26373,34.576570562034846
26374,34.290346944923094
26375,39.498969070558154
26376,34.662709592724575
26377,45.46821519724534
26378,34.05986601350046
26379,42.544492777051175
26380,10.756179519055648
26381,37.51582814950303
26382,26.66172839164973
26383,18.534804397322276
26384,50.78117782002926
26385,23.381620247232533
26386,29.49730378481949
26387,32.21400839857666
26388,32.94075348248947
26389,41.89950552818603
26390,31.421324294681913
26391,47.214349690524124
26392,21.126308734437032
26393,23.311928314734526
26394,19.674615405204133
26395,36.664968621012314
26396,30.685162876754998
26397,34.479642650163434
26398,32.99486539223366
26399,33.11977898269299
26400,22.141186742966237
26401,17.50961345094711
26402,23.370944779527417
26403,22.110172456100887
26404,50.97478753135456
26405,49.79045843612371
26406,51.73700427541794
26407,9.822888817070835
26408,26.174682762848025
26409,29.348401715731963
26410,30.274685120879568
26411,29.695829371720716
26412,39.13399595309835
26413,26.391684472522652
26414,43.08772410511239
26415,20.89061324248076
26416,31.146540296041337
26417,34.02443798737292
26418,33.20326788806482
26419,59.83144688140107
26420,52.72595743628221
26421,29.785145367091967
26422,31.25511308197994
26423,33.13515584361602
26424,22.20467303300612
26425,29.07774683656488
26426,27.945873287063378
26427,30.302778875628178
26428,30.67776862319054
26429,39.99678839745345
26430,60.25835670109429
26431,54.79975180244284
26432,32.87376850071073
26433,27.721239483959437
26434,31.559016521409877
26435,32.72824960319859
26436,31.4326368272319
26437,30.587266422660196
26438,44.132107556844666
26439,21.971530758087113
26440,19.227708763852462
26441,31.488101665686298
26442,33.70391553364678
26443,32.824107416915176
26444,34.02256674496568
26445,60.04698578992086
26446,53.47616316151257
26447,20.37197800145913
26448,31.68798416660341
26449,52.321862796561
26450,60.15289145163092
26451,27.542679915680974
26452,27.409624502979554
26453,27.26602574332698
26454,29.50344740474499
26455,29.325165172461
26456,27.54540477665451
26457,28.65115676883188
26458,25.38056741718386
26459,24.069806955247117
26460,29.357020313175727
26461,28.04818062350145
26462,25.292731687401172
26463,21.925693389102577
26464,23.35894284439874
26465,25.608392460947837
26466,26.533708786792975
26467,26.93500827353455
26468,26.876025087985358
26469,28.190686890521977
26470,27.195821140933813
26471,30.533257482359733
26472,27.227314708720318
26473,28.33913982120427
26474,22.745990964164008
26475,25.51774887566847
26476,28.3372415919448
26477,27.176721050790622
26478,28.390730315021028
26479,27.702241790371122
26480,27.097878378417537
26481,31.72790614459942
26482,25.65835193675967
26483,29.54932288737162
26484,27.08904085852193
26485,30.508144606812603
26486,24.969105721846876
26487,29.80707116499558
26488,27.764581354836096
26489,28.739268494583758
26490,27.358315019797047
26491,28.181593269604644
26492,24.675482211316687
26493,26.549918771299104
26494,24.74790333390305
26495,29.224452134951957
26496,26.12911447368
26497,27.796076580713656
26498,29.075117385906225
26499,28.277647170720993
26500,26.791323157842836
26501,29.958597478977836
26502,28.484684454109114
26503,27.157755393073444
26504,25.613055661026465
26505,25.8032738165483
26506,27.16676929333904
26507,10.721614888333635
26508,25.325882197602283
26509,27.67244140986516
26510,29.87373168263204
26511,24.650708850129515
26512,31.619316530558596
26513,10.436743329098567
26514,26.471901787559144
26515,24.720625255036015
26516,26.513025880970407
26517,27.887747138406706
26518,29.07143093771455
26519,23.05707997073485
26520,27.319225019986447
26521,27.805026466534414
26522,28.361953944077154
26523,26.112742612538796
26524,24.633894970473165
26525,27.418343091002942
26526,31.400248087387453
26527,27.100499282149315
26528,30.101144021549242
26529,33.06372196962507
26530,27.91565322729051
26531,22.835036841588607
26532,29.720440795402325
26533,24.64066215303647
26534,24.693066574613848
26535,23.51734896779733
26536,26.805667283167214
26537,29.524569728981493
26538,27.55212856518534
26539,27.794953788637685
26540,26.193486139416322
26541,30.03274589789426
26542,28.32819136101077
26543,28.087577922451583
26544,28.819525360810385
26545,30.977191528383482
26546,28.758011746157546
26547,28.12222542734078
26548,27.439278796727336
26549,25.727464813223055
26550,25.50645368303766
26551,33.48815604950527
26552,27.838200599796988
26553,31.804566748458324
26554,26.10716558084827
26555,25.3739510448351
26556,67.80261008767435
26557,28.113035438726644
26558,13.715057529447066
26559,26.886484548607417
26560,24.82508520293082
26561,27.85618103498028
26562,24.282846543328613
26563,26.561128183562275
26564,29.91956093572706
26565,26.702960137600154
26566,23.35847397306884
26567,23.708635576832275
26568,32.33489736999163
26569,32.146879672845095
26570,22.51219048380538
26571,39.02172089397257
26572,7.651085066119919
26573,12.157929567136087
26574,28.55689010323205
26575,15.686898337687909
26576,24.19057779208607
26577,26.218858859333224
26578,19.033258432520338
26579,29.41416085099108
26580,34.24202951770639
26581,31.14291802910142
26582,25.20033741842408
26583,30.13116677092836
26584,27.08556769345053
26585,31.584162608183885
26586,29.949764574425675
26587,40.023842900934476
26588,27.526199416385293
26589,26.697464513752937
26590,15.451962581638844
26591,27.36906259297305
26592,28.565144861549953
26593,44.623004395060974
26594,23.264736360987097
26595,72.96850688608144
26596,47.09878885177894
26597,26.14184159352354
26598,47.74780943798084
26599,30.996964288070597
26600,54.51651617493638
26601,74.46097738716553
26602,34.45700679194159
26603,28.492602226402088
26604,23.117127688560842
26605,23.945298527723168
26606,40.775765935724756
26607,41.476896761038994
26608,34.115576962558684
26609,27.497160023668503
26610,33.52462933289746
26611,53.92263833315269
26612,28.034805077126865
26613,46.53677048894948
26614,60.934806533814175
26615,52.091576734983335
26616,30.026437706778122
26617,54.84743127502184
26618,52.482788569442704
26619,35.41749457339161
26620,35.53189507743299
26621,34.17824667308373
26622,24.98991080621239
26623,26.65338440296409
26624,33.514034096786105
26625,26.822956528213904
26626,49.79559467984749
26627,23.60152799445763
26628,26.205126131217938
26629,22.252917355035123
26630,42.4833466195309
26631,36.510717843055694
26632,26.488193878554327
26633,27.153013835754546
26634,25.99316598767029
26635,32.51897306160603
26636,20.290000028008222
26637,24.15963005188439
26638,19.17446110899051
26639,33.54332017612199
26640,37.233136165252915
26641,24.382434609501743
26642,23.07915939084158
26643,40.4051540320138
26644,25.347340080872126
26645,26.74385076875917
26646,28.597256904619908
26647,35.6150302280341
26648,30.471850836583446
26649,24.554503332232496
26650,52.46106426497915
26651,25.99165531053346
26652,33.54974939512266
26653,37.384233653139006
26654,31.674182718228536
26655,23.090738483757445
26656,24.01433110338124
26657,29.96147886101636
26658,42.49297634734224
26659,28.087255395852086
26660,35.47241463219611
26661,25.419769324649618
26662,20.170491185646952
26663,31.849902906595872
26664,29.113813985631964
26665,19.63422619564833
26666,27.271370701977528
26667,34.21262817004964
26668,30.15832364841837
26669,28.733815663985087
26670,24.273396099194496
26671,14.738068950965916
26672,29.224603049155746
26673,33.346248949553164
26674,17.637170232225053
26675,25.323997901982324
26676,41.35579582372406
26677,39.760223980366156
26678,29.3928931311338
26679,28.177861750446812
26680,27.236248596952496
26681,29.82064128320681
26682,26.85503774117336
26683,26.048205653729465
26684,18.403766685454922
26685,28.873638786878715
26686,25.78730304001036
26687,47.741687883776386
26688,29.445042681358576
26689,36.449557592055086
26690,31.89076842422654
26691,30.78280988078822
26692,26.26676679004457
26693,30.526039221045334
26694,29.193476516640953
26695,13.21464691574378
26696,36.202049459526286
26697,44.03321889108827
26698,27.910125904893274
26699,27.691832659744865
26700,27.12527550085176
26701,47.854687754177384
26702,32.675475272647425
26703,36.54117964641771
26704,28.796806886669938
26705,31.30186312116939
26706,54.46527315154197
26707,32.63534389444069
26708,34.78816805191233
26709,38.14168273684757
26710,25.121861034939087
26711,30.15337827972499
26712,30.359974942926897
26713,17.82203189816061
26714,26.199812761835904
26715,57.66119209781726
26716,35.798208863813024
26717,33.1887887964047
26718,33.52649663084622
26719,31.937735548351597
26720,33.991241100253625
26721,30.169866860667785
26722,25.25806403536851
26723,30.236033935826658
26724,28.720529351661288
26725,32.37791805338859
26726,33.9423500136649
26727,28.87445548677643
26728,35.102951293795975
26729,33.54593051848256
26730,31.481750909278542
26731,31.109883648629637
26732,48.35110693147168
26733,26.496888546544284
26734,28.684611208023473
26735,38.62804443331284
26736,31.263819779564884
26737,30.17090034236152
26738,35.8057378446109
26739,28.71029572801649
26740,32.297357467464245
26741,33.49387237949057
26742,31.161774916309273
26743,25.433689808829527
26744,26.295702811559234
26745,36.32342482109076
26746,25.77411591246926
26747,26.918576959628993
26748,29.773824115480313
26749,44.59761180953641
26750,29.77710458490481
26751,37.62991994109476
26752,37.55257405902128
26753,44.26836379924766
26754,37.952871936864845
26755,28.043146083168377
26756,37.67112398417233
26757,28.3948868820197
26758,22.927571063034776
26759,30.702973933376498
26760,29.392017007677254
26761,35.79200988048214
26762,34.81638495329894
26763,30.979552330680537
26764,42.914413556736626
26765,36.81619333916215
26766,28.946600416877086
26767,29.073301201105895
26768,28.094435099687285
26769,35.274092799354584
26770,33.79161584232207
26771,56.61975150597272
26772,37.925035793677345
26773,47.11851368406396
26774,29.231745365567434
26775,25.967525787028205
26776,53.74133613997034
26777,26.519255851213316
26778,44.14895165405031
26779,35.328123896855175
26780,27.329590140975615
26781,26.778973018212596
26782,57.96936733195266
26783,27.555250570941123
26784,30.803448113051633
26785,30.19117367641285
26786,25.092551680919915
26787,27.782125938432703
26788,30.02183524895005
26789,31.828789971832705
26790,23.18845990637621
26791,24.096646357418862
26792,37.96535100759561
26793,26.13778325870436
26794,33.7539142305524
26795,32.51977173536959
26796,38.78309359001236
26797,30.485808635278214
26798,35.383578020377634
26799,36.09035789905817
26800,35.250968366206344
26801,35.41427929185582
26802,27.479407714908316
26803,28.93227938786194
26804,37.208692147372666
26805,48.61158987519605
26806,34.32655127256253
26807,40.858737737177286
26808,35.00365656491607
26809,27.023225029100004
26810,34.360360687290786
26811,34.3140822940998
26812,45.28276538519324
26813,35.528833702412136
26814,37.80980834899355
26815,48.57974631085878
26816,34.20456656453578
26817,62.83823008764683
26818,34.42624536002214
26819,31.432360955701327
26820,28.81798274182267
26821,24.294605323093148
26822,33.64826672079467
26823,31.653727615565327
26824,57.99703055870075
26825,27.01691047269715
26826,27.45840819371013
26827,59.17661218901561
26828,35.8588959391756
26829,35.22857321644336
26830,28.719572048263913
26831,49.95222873067135
26832,30.545602335947407
26833,34.736011038574695
26834,32.42306618653516
26835,28.68194190718209
26836,34.83406522903287
26837,64.02409479011975
26838,45.986229584686264
26839,22.829871814432185
26840,29.022905434853868
26841,39.59380829598249
26842,39.10896202980231
26843,33.480319405868784
26844,32.00837869921998
26845,25.756163529354932
26846,33.66783402354907
26847,24.66634933928496
26848,35.07958559623522
26849,36.87079125509785
26850,36.861740008623094
26851,25.822389578697383
26852,38.199334858250296
26853,55.9185119344828
26854,65.00875518672784
26855,42.400527596682316
26856,45.7901084069613
26857,57.92608756162897
26858,34.22040573696956
26859,54.27292336419319
26860,43.11973287666243
26861,33.17134246127196
26862,47.891795072836004
26863,30.21196192415285
26864,30.618127173256074
26865,33.0491488004811
26866,33.30504541258443
26867,47.98609609966593
26868,49.158542050830114
26869,38.08401464554877
26870,36.14370820454561
26871,45.40961913428049
26872,58.24545685937013
26873,27.240725319338495
26874,34.52421050396412
26875,35.367588532245286
26876,35.428192643299234
26877,43.27354772227792
26878,63.483087678224
26879,30.650189360688724
26880,50.929091780921105
26881,37.23615438182824
26882,43.20549184243229
26883,35.00949309222616
26884,45.95940072689091
26885,34.65997931698878
26886,32.62580491547561
26887,46.78820663996482
26888,56.191571194424434
26889,35.44790495541216
26890,40.9871149124588
26891,47.2712309700914
26892,54.94793783794976
26893,30.010635840056647
26894,32.978539789958155
26895,60.10656051806197
26896,34.979142613105196
26897,50.56655055651234
26898,37.25243643451849
26899,51.63790213254322
26900,39.45502100054507
26901,35.963886595642855
26902,56.10294801906528
26903,34.08241576639946
26904,32.24774919468759
26905,37.89317056876936
26906,48.595411049526696
26907,37.73065102267022
26908,38.71636550866703
26909,35.17181449137758
26910,36.938917968162166
26911,43.04095265920205
26912,35.625956133795746
26913,36.948903879624986
26914,51.039274092039896
26915,32.981275849183426
26916,35.36832448503154
26917,66.63428267487437
26918,36.18463343977399
26919,36.48576747067842
26920,33.92488381778218
26921,46.283291399308126
26922,29.674268299754342
26923,47.47918279244587
26924,32.80424748097354
26925,34.62852840123306
26926,44.562116911848285
26927,33.0566917056928
26928,35.32444315530674
26929,33.32714415750732
26930,32.98156899880542
26931,30.99125885506916
26932,35.87029059758421
26933,40.27342491667753
26934,34.68257540410308
26935,33.07174524366545
26936,46.912251997436236
26937,49.45050198226905
26938,34.55516330639373
26939,29.592712519068613
26940,34.5531165632102
26941,35.97749423768093
26942,28.19331172306538
26943,34.942177897503335
26944,38.167220270905375
26945,43.31405389706839
26946,45.87365573402496
26947,32.27163730643921
26948,33.185640166409975
26949,31.182072754005816
26950,39.139427168555166
26951,31.29559141619278
26952,31.90253470147609
26953,34.78515457388756
26954,43.16373320677604
26955,33.676974330492655
26956,35.05126662765577
26957,31.89093670240521
26958,47.154310004687545
26959,27.858964156835352
26960,39.11565785646447
26961,31.217840025499964
26962,34.41205108538924
26963,32.008893038643244
26964,35.15903229839776
26965,33.699804291653095
26966,32.445344907316645
26967,35.0582767818949
26968,32.90140483616717
26969,35.85249618002878
26970,32.367449868859914
26971,30.80558476160377
26972,35.957253108892935
26973,51.93947541841134
26974,46.000895302642334
26975,30.73484474518663
26976,31.408735521411042
26977,33.57003927717913
26978,53.99220729660505
26979,32.69745043744286
26980,31.51718867950738
26981,30.328268382246563
26982,35.25309733987924
26983,36.797291237337454
26984,32.78805377318796
26985,36.96571261540105
26986,34.78975783248563
26987,33.421664174838064
26988,34.257993102483304
26989,30.53089648128127
26990,37.903043889362905
26991,34.062101073949066
26992,38.379200927747895
26993,31.953548914044045
26994,29.313190983735556
26995,32.65944911827605
26996,35.9050675119565
26997,34.072628015013954
26998,35.81719457843513
26999,32.636826663857185
27000,35.64141119027301
27001,31.725003114870674
27002,35.2692106313553
27003,33.52851936886975
27004,32.82592952687718
27005,33.37930163427407
27006,32.27212429208953
27007,27.028385419204923
27008,32.820725923577086
27009,30.412260150548992
27010,29.20409095111214
27011,34.23073234821268
27012,38.77988286393933
27013,31.327930806188604
27014,30.87004440897846
27015,33.41995013757618
27016,29.284167098036335
27017,36.86820236031717
27018,31.844513110583183
27019,35.76782922252047
27020,32.51172707315935
27021,31.692515442224458
27022,32.732525613220375
27023,31.562432819613907
27024,40.962765081938024
27025,28.406689633573023
27026,28.652174450315556
27027,32.2326806086111
27028,32.99735570321811
27029,30.360778330304214
27030,32.68079050408369
27031,28.65463109409529
27032,23.06120248427037
27033,53.653032067905855
27034,33.72121065628696
27035,37.93120641592012
27036,31.740113856944358
27037,35.248692717732666
27038,32.22359984000578
27039,40.228420350526214
27040,34.07980962000088
27041,32.815702880970896
27042,32.58089241673819
27043,25.265798244077235
27044,32.02656671592457
27045,32.52098037003638
27046,36.18481609217611
27047,36.14877600983139
27048,38.359488591467425
27049,31.68149150120553
27050,37.240598911758134
27051,26.354981416986067
27052,33.95780198106728
27053,51.78268934696391
27054,25.866397359698894
27055,30.10617295347073
27056,36.395073515419966
27057,33.59835604487609
27058,23.365404444367744
27059,42.408224132512
27060,31.974781809807457
27061,31.61031712758748
27062,30.660909403833205
27063,34.3475653686264
27064,37.1540527201856
27065,34.57167709997116
27066,25.554563049496334
27067,33.11845641601865
27068,35.98218542844728
27069,32.82908900233075
27070,33.55285185116944
27071,27.743363441984314
27072,35.98050832098222
27073,36.2052866463085
27074,35.14404591680951
27075,32.12973695889096
27076,29.28588965891825
27077,30.959967767139776
27078,33.27073298120913
27079,35.784849302726435
27080,30.552374898519457
27081,42.52578336688473
27082,31.144119781007305
27083,38.88796071996779
27084,31.759550824210766
27085,34.32317679004185
27086,33.874332472286845
27087,35.691648196336494
27088,34.347906853613296
27089,26.90687162752617
27090,30.55760310478939
27091,32.233929997731636
27092,31.276520846695266
27093,33.79538361439437
27094,34.79457678411647
27095,33.83220082560741
27096,32.20259676700318
27097,26.664463456684143
27098,33.92425832318856
27099,38.112421810825474
27100,35.221833162724444
27101,33.58246111658139
27102,32.038776690360066
27103,28.880768960430505
27104,32.083899634137
27105,32.45212055927372
27106,31.01743349129975
27107,36.46348710883635
27108,33.93387685875874
27109,29.834648550939306
27110,38.8178082234353
27111,33.46254336943178
27112,36.52711674730801
27113,30.62100884165447
27114,33.44463206987606
27115,31.916818923139015
27116,31.34679699140197
27117,29.919647801330868
27118,34.23322719349203
27119,30.969529553859015
27120,33.779076854418854
27121,38.946524842582555
27122,33.47755888150495
27123,26.676072741692305
27124,28.335120341204327
27125,26.33517844197048
27126,31.014795968178845
27127,31.48870718007689
27128,36.038404792374756
27129,30.181326798055945
27130,33.401290406428025
27131,36.59614177218371
27132,30.577743293669688
27133,27.924224284686783
27134,35.644577569441786
27135,35.039232307766845
27136,29.61360949794525
27137,32.01821657356212
27138,26.47624301579887
27139,33.11934557747881
27140,33.046851874535314
27141,31.934003009588142
27142,27.334986596169784
27143,37.185339004940005
27144,36.180044658679996
27145,27.189229231274854
27146,26.040307290289974
27147,32.6168725243754
27148,22.412372013964
27149,36.509511432327244
27150,29.298220883021035
27151,26.99284709512799
27152,27.910227896491538
27153,28.228268629164006
27154,30.323906543642366
27155,37.1832040699027
27156,32.423752197383486
27157,34.93840302890782
27158,29.466338225058152
27159,34.79687694141341
27160,31.024862453467463
27161,28.619422305376954
27162,33.579090852088626
27163,32.56609832544223
27164,32.600365973680574
27165,29.05879861935971
27166,36.53974428974616
27167,28.937775712873357
27168,29.460077200249888
27169,31.736496774538313
27170,34.903698793089404
27171,32.590494317993375
27172,25.496408764148253
27173,30.173184113951677
27174,34.18781859390936
27175,29.293193705091113
27176,83.14633329027502
27177,25.659494962713698
27178,28.37542156669426
27179,31.756118233196272
27180,29.871787723128325
27181,30.500965596683454
27182,30.43503455279095
27183,27.807294522823216
27184,30.433822251426843
27185,35.771141535140735
27186,28.986962976570197
27187,35.48048652720536
27188,33.42639243857834
27189,31.595737335613496
27190,29.019016194466207
27191,37.181490703167796
27192,34.86335007497756
27193,24.55235232704256
27194,54.30667534636691
27195,30.521394471564232
27196,33.61963780661841
27197,22.51452621643051
27198,37.63216952617065
27199,38.07524208967559
27200,30.35155562995763
27201,24.739853466329304
27202,27.81828318279662
27203,29.895053078331873
27204,28.353861206737417
27205,30.8210005691339
27206,27.57031278832198
27207,31.2731416186396
27208,31.12768312898272
27209,28.7097046105624
27210,29.77426441767797
27211,32.47159531108684
27212,30.06378327989735
27213,28.721573764417723
27214,27.79964127323406
27215,29.7427742748271
27216,47.43128655044461
27217,63.39848828037997
27218,33.7481876367629
27219,59.93819438985246
27220,49.75787505177513
27221,32.61290753655735
27222,36.584065900354936
27223,68.33674356584508
27224,54.862701339270416
27225,32.757974903583964
27226,49.891409361903364
27227,32.058556296803765
27228,33.08126526128657
27229,36.00951771939463
27230,50.45881153968454
27231,80.23135591591745
27232,32.03736692779685
27233,48.086933230806096
27234,35.790917676589046
27235,53.11899456701527
27236,29.695590673080616
27237,45.20178994969666
27238,30.669125439752573
27239,38.34972942903706
27240,37.33561136885003
27241,34.43068525548443
27242,39.22161370864165
27243,43.899368013684835
27244,31.026754171042985
27245,26.412075588189296
27246,45.80711101620938
27247,34.68027825481048
27248,76.15862585613348
27249,31.6948327550967
27250,43.33818938479512
27251,31.28059996006019
27252,60.41732590455786
27253,34.56033941020462
27254,35.823114630907696
27255,34.3923210672069
27256,48.8321598433827
27257,41.40828560856768
27258,57.06343801907088
27259,36.558871768764384
27260,38.39125274959429
27261,63.1571203331407
27262,55.607587811989525
27263,38.988753376447654
27264,35.37762758986399
27265,37.27775245988719
27266,34.31159498959787
27267,62.39963132798371
27268,37.737416264518544
27269,66.48726163629149
27270,37.71954094975889
27271,29.35857178430253
27272,35.92804794397654
27273,34.237649366744435
27274,34.00943035490178
27275,34.04485151793723
27276,34.71361700487693
27277,23.94146581342048
27278,24.724999524729217
27279,34.13109868698114
27280,25.42183096519548
27281,36.16320627781073
27282,29.20624466377926
27283,28.756720265967875
27284,36.03860000274811
27285,32.493761655141526
27286,31.633428651459685
27287,33.181102183277005
27288,26.388928681601183
27289,42.16015186275948
27290,33.657882515291
27291,31.695932602613485
27292,33.99491213490888
27293,37.05520412369159
27294,33.80294462138011
27295,30.202085153473103
27296,26.670336650816164
27297,31.230820652169587
27298,34.67396238854921
27299,35.71254852126085
27300,26.021412169580227
27301,34.60129266084373
27302,31.1982386248952
27303,35.20602455037211
27304,28.470876471169888
27305,27.180514896226622
27306,36.66508231799325
27307,34.03479231180824
27308,39.724401633875935
27309,29.336048219339443
27310,33.968726286865426
27311,49.92985632604755
27312,37.963164406886435
27313,42.01011791360369
27314,27.46339967654369
27315,32.589789344861074
27316,36.11911740808404
27317,28.265839938745245
27318,34.22243594707617
27319,38.468092360354945
27320,39.22961615921104
27321,34.50518771912038
27322,35.60670953083451
27323,36.130582997183
27324,36.07486394017864
27325,34.40166947128171
27326,36.80561724608319
27327,35.84536518303773
27328,37.313123929927706
27329,36.88787529347954
27330,33.826709329925045
27331,37.47761759617863
27332,35.24388656352574
27333,38.310583997501226
27334,32.92328123100287
27335,32.4449685304271
27336,29.805623303671467
27337,32.532848318391764
27338,31.6364552892906
27339,26.273076423826073
27340,29.501351243917725
27341,30.744816523231105
27342,31.253509843991864
27343,32.60379887392129
27344,36.250085280815476
27345,25.340154179572675
27346,32.96321892720918
27347,25.610329863728808
27348,27.05665702744541
27349,33.681144751513564
27350,38.95464048815734
27351,34.71054457267736
27352,26.775939600447984
27353,29.033245686766577
27354,30.075221308271125
27355,26.76126108983698
27356,48.289749255184184
27357,36.2805330530371
27358,34.86771926635313
27359,32.95855719053933
27360,25.12252784123808
27361,35.786963029354204
27362,32.047014328884416
27363,30.630471340619412
27364,34.18019018634503
27365,33.39187311685085
27366,31.3638402464574
27367,29.491303974390323
27368,27.778069613029746
27369,31.33523326898892
27370,35.6834453866688
27371,33.733483937104694
27372,29.416269073035554
27373,28.46513536202212
27374,33.76490383575285
27375,26.12972463793589
27376,31.767086745272653
27377,28.348115549136867
27378,30.22406636432912
27379,26.720347624545635
27380,28.339244793182413
27381,36.25018188188856
27382,29.119306479945525
27383,30.011620147271543
27384,37.274830184649986
27385,36.883816377347024
27386,35.66596883426235
27387,26.853665716644212
27388,31.39292825106597
27389,37.307857232464556
27390,35.57774420901443
27391,36.217718672939945
27392,28.165223091898813
27393,32.352515020605345
27394,29.48626084449006
27395,37.87615640214648
27396,34.00701053429223
27397,33.52921693314195
27398,26.37879960638345
27399,24.71651680553211
27400,28.657350919245516
27401,28.729758778520935
27402,25.98811446366437
27403,35.163180679958465
27404,26.943963507230436
27405,27.39577054888234
27406,30.682558268484055
27407,37.71197689918254
27408,33.66884390063996
27409,26.21939663878561
27410,27.61510237307738
27411,33.425479343444074
27412,37.429883729077375
27413,32.39764340946049
27414,36.14136436242295
27415,31.205877520850667
27416,32.53834377485204
27417,32.65623184965627
27418,32.323118147408856
27419,45.80916492756693
27420,31.585627751801884
27421,33.321682340382836
27422,29.504065007500717
27423,35.00692867468014
27424,32.81432944098413
27425,35.73991452586784
27426,33.848832078999045
27427,34.55692677952648
27428,30.043550210478795
27429,33.11930878619021
27430,25.640447670154327
27431,31.95145013392398
27432,34.30032032319162
27433,31.841463067787274
27434,29.842449270674663
27435,33.65458957805683
27436,35.31368535683791
27437,33.45920092558825
27438,29.970822128036584
27439,35.217329515263266
27440,30.624931836389482
27441,32.032731148052655
27442,33.34871447067302
27443,36.01547215743347
27444,29.468467828809526
27445,31.696898118495767
27446,26.93109873447723
27447,29.517945645473883
27448,33.81284588153713
27449,29.670932574226466
27450,26.51224966639157
27451,27.96582653719328
27452,30.391807812708407
27453,24.484975711993982
27454,37.42547901192474
27455,26.322321053532125
27456,30.899985897960846
27457,32.30594053089683
27458,30.46178394647004
27459,27.851621116361798
27460,26.954231778433382
27461,27.2732944048156
27462,31.000197247194652
27463,29.661339052164823
27464,30.9242215272765
27465,30.924526532312
27466,26.31431307702539
27467,25.423566051764634
27468,30.09225798277771
27469,36.537434051604386
27470,24.88198772761753
27471,29.426104794665743
27472,23.53533591824502
27473,25.87099454849897
27474,29.889890640551773
27475,28.95647110417003
27476,27.363237673630447
27477,22.091612636485667
27478,32.59597414213386
27479,57.134235388013884
27480,32.16627016160697
27481,44.68908117068221
27482,30.80002610388206
27483,33.22834475768119
27484,33.7066788057173
27485,34.889485885278845
27486,31.959622809068904
27487,31.39300529476091
27488,33.20680326305563
27489,35.90609779596856
27490,33.81534522647783
27491,35.2737350701717
27492,31.639636371293722
27493,35.36797748185683
27494,35.97934062715202
27495,33.28308856780675
27496,31.22579108199992
27497,34.2646943152013
27498,33.28602918518593
27499,32.68849473377498
27500,31.043652797332157
27501,34.546710489617475
27502,36.9297630235482
27503,35.748058038270926
27504,29.117646048098383
27505,33.29241313916418
27506,30.231004311724366
27507,33.62201054463602
27508,28.994991908954855
27509,35.45639774884443
27510,34.335622207724306
27511,31.33264568512439
27512,37.85720954197779
27513,30.60740421474865
27514,32.47101034831076
27515,32.600790902327795
27516,31.45746540827689
27517,29.953330162404058
27518,33.12076850851932
27519,29.13389348151986
27520,31.012964187957078
27521,31.5732431102299
27522,33.704861343369735
27523,33.44415866843661
27524,32.11531858377001
27525,31.43371765373477
27526,30.22434893301079
27527,52.933214349185185
27528,37.68575469055826
27529,45.38794969439305
27530,35.06226382850986
27531,44.611611709457975
27532,34.245781347577264
27533,33.96921564763931
27534,31.988664768687027
27535,39.17492419747625
27536,33.52006639960129
27537,31.276502969899255
27538,32.17699956623028
27539,34.72246716593849
27540,33.19602773399016
27541,32.86824536379175
27542,29.920367673224728
27543,33.38027378203345
27544,34.15264634149962
27545,36.91175307579505
27546,34.95326017538896
27547,37.56100503989047
27548,63.27177321497853
27549,42.488432911867626
27550,36.94695998908064
27551,37.33692786647789
27552,56.19416320718111
27553,34.96491300883565
27554,33.30346199640382
27555,40.88953056716647
27556,57.18232731481813
27557,54.29583492822288
27558,61.32419152817905
27559,50.34641407946781
27560,66.662784989728
27561,32.67185928043075
27562,54.521443175460234
27563,53.24785982031145
27564,36.203739813725676
27565,43.29020029071611
27566,61.184934229773056
27567,36.09376850219105
27568,39.93804132290143
27569,29.421848684776407
27570,32.91316352097217
27571,69.37917669639775
27572,52.100511045508405
27573,63.70370728348352
27574,36.4210541101716
27575,39.884833446473266
27576,38.351375512317965
27577,55.73524587985032
27578,62.16258984527233
27579,36.94514349764673
27580,66.6946589277681
27581,65.00873468507224
27582,45.21942951134957
27583,38.069185436791976
27584,36.608368709100034
27585,71.4044429929679
27586,64.40783563080907
27587,40.21799414127555
27588,56.36229216064648
27589,32.38575964550955
27590,50.83420432403863
27591,33.27825432979411
27592,59.72235887128921
27593,68.3332386538465
27594,33.356333251615915
27595,50.39732921525996
27596,40.398029850551076
27597,73.26288266416711
27598,49.53448902119393
27599,35.398167913942984
27600,47.38148052413849
27601,55.89376194398554
27602,45.640593869589246
27603,62.45099139189998
27604,42.47292796604991
27605,38.907151942927406
27606,75.81161578000591
27607,35.46581517230649
27608,37.00660001878361
27609,34.43850757462383
27610,35.3971824549758
27611,44.550560836273
27612,31.405042970308184
27613,53.78368917118018
27614,47.960605245111786
27615,32.33169226145949
27616,37.48567301894834
27617,34.20276407535042
27618,51.94912330189775
27619,35.27582628679141
27620,47.5697795903797
27621,32.47246333739846
27622,50.044890993729666
27623,46.753527800900116
27624,48.241281830254906
27625,58.390895474678445
27626,44.786362339363905
27627,43.87461920144907
27628,53.79667207906806
27629,44.543099101423785
27630,39.193124833535144
27631,36.67327538775434
27632,58.86182515136638
27633,41.45200034200803
27634,41.60687890931601
27635,35.968172627872924
27636,54.12411657522896
27637,40.1626208250778
27638,41.80874953261422
27639,33.81814900717623
27640,33.382267282239646
27641,66.48181274965354
27642,32.016604201906695
27643,40.671013802845344
27644,47.33348727396051
27645,32.2583949840708
27646,33.15103442669688
27647,39.05526557321371
27648,29.49029767014817
27649,44.441689846488735
27650,22.19685845810444
27651,32.61645834408164
27652,25.178336255968187
27653,34.22282816523588
27654,34.81548028902527
27655,35.495195057181455
27656,34.80003940479616
27657,34.611374038451345
27658,34.86117756425977
27659,25.79267355568604
27660,28.290614809390306
27661,26.984746517834367
27662,34.75907060354795
27663,34.31747797819346
27664,26.493712967384994
27665,29.810965426083083
27666,31.349810276201236
27667,25.425346705733862
27668,24.51385813200074
27669,37.17151956478026
27670,34.086849018096196
27671,37.53728172239331
27672,27.258186422607082
27673,23.0519059296924
27674,23.53041248104145
27675,29.653827888330568
27676,24.516027458504425
27677,34.60404810594516
27678,23.109640955954855
27679,26.09322212206719
27680,34.15591625492842
27681,25.43295604434992
27682,49.78001901236567
27683,35.378045413755984
27684,26.70043500601796
27685,30.30140314601759
27686,28.905125438305927
27687,39.43514209545993
27688,31.543994253910466
27689,36.25444627428632
27690,28.451653879463617
27691,31.547606223006877
27692,24.019205828083727
27693,32.09195627399063
27694,10.046320889963189
27695,27.669063975702795
27696,41.194802459334795
27697,26.948718804744516
27698,28.496056969160502
27699,65.08252863885453
27700,24.215210584647494
27701,25.3259558203721
27702,34.73310720442054
27703,29.2598204693431
27704,27.287446284724208
27705,25.94681025503048
27706,27.078792891538153
27707,27.385116347234362
27708,8.700063679829691
27709,26.203023312280752
27710,26.0428933332193
27711,36.10027497990958
27712,40.533718212073545
27713,35.72810572511755
27714,40.69558050736461
27715,28.414213115094395
27716,26.66223022253347
27717,25.88782798666213
27718,27.316567882998015
27719,32.89366898261586
27720,27.43873108028865
27721,68.73048050579298
27722,25.952965813942935
27723,27.836005121375322
27724,34.58854388473344
27725,34.57948286777918
27726,31.088225858962286
27727,28.566709009952557
27728,24.56823155702554
27729,46.38082953750734
27730,29.98980488140405
27731,28.6959137090041
27732,40.014927361886755
27733,35.52572039405739
27734,27.972973183944532
27735,28.45413056790566
27736,33.91836030519887
27737,28.46783041417412
27738,32.28609878904131
27739,29.33054949525604
27740,28.585609238299625
27741,28.841239481808604
27742,27.725028881530193
27743,30.046342195743893
27744,30.52634137660891
27745,37.50897675925797
27746,33.889358228464246
27747,26.557180378378607
27748,41.202179605919184
27749,36.3949564150169
27750,35.037779021904676
27751,55.43164333185215
27752,59.21101237503043
27753,50.90121944679209
27754,38.088445109395074
27755,55.269578747109534
27756,51.72706048838457
27757,36.88670451444869
27758,47.74321043717136
27759,43.473983254562256
27760,46.82749009388679
27761,35.18893182910765
27762,39.24710164487191
27763,24.636741454085
27764,43.182731492809474
27765,44.27422971924944
27766,34.88610689284953
27767,46.68185124159722
27768,41.48915951539628
27769,38.00900603148904
27770,40.25236998633602
27771,38.77068171836226
27772,35.79281884780512
27773,47.3556969534194
27774,47.68186779348792
27775,38.3054897637571
27776,31.106953550124
27777,44.60943052949968
27778,42.441009896191254
27779,46.780367328604434
27780,10.794669921129147
27781,47.20272652483124
27782,37.00638769352248
27783,31.501409717261357
27784,32.99264792289657
27785,34.12456300702329
27786,32.00384857895944
27787,29.533931286364076
27788,37.85690051644526
27789,42.889098675068766
27790,34.45059219020458
27791,49.84367210376616
27792,37.21553983956519
27793,42.499370425175734
27794,30.19942373181253
27795,32.18944366028671
27796,31.90679467711834
27797,44.66423371355978
27798,37.349250500353826
27799,41.13763088424512
27800,38.16560609090891
27801,52.43191939324191
27802,28.17045769808033
27803,27.775099997576074
27804,42.3708062200889
27805,33.221693132761104
27806,38.30351087000919
27807,36.70735244928129
27808,32.74308557794353
27809,31.944647553661397
27810,31.844674274698402
27811,33.67014745344125
27812,33.21174735653539
27813,32.49463474875733
27814,31.126853112059404
27815,30.57798282558107
27816,31.67308431629535
27817,29.867174643134533
27818,31.536412230338396
27819,27.288446314331008
27820,31.108251424464445
27821,32.073350829123264
27822,35.431961022297855
27823,33.311180973827796
27824,32.08449929550337
27825,29.34104420842904
27826,33.63503798307864
27827,32.674891216465745
27828,32.71984748432051
27829,33.20454343828677
27830,36.104707191695105
27831,34.32442718399714
27832,33.185400604838286
27833,34.00917084547602
27834,45.80605102448624
27835,35.49769978228782
27836,33.09209791425025
27837,36.232875942116934
27838,33.12050356966609
27839,34.81960605338359
27840,33.49725048862216
27841,30.26278217316904
27842,31.22364242512889
27843,34.608960390837815
27844,33.63006890656203
27845,31.07383195085443
27846,33.5453541920454
27847,31.915582273998705
27848,35.17679932612972
27849,43.60634832709983
27850,37.32396618502935
27851,32.28739335139212
27852,30.739170095881793
27853,45.08240354218086
27854,31.46317080622398
27855,36.708292577742064
27856,34.90896109724063
27857,35.484555638189654
27858,35.62083265716101
27859,36.411857166788444
27860,37.5938415855021
27861,33.58805306981619
27862,30.244510921185626
27863,37.59776227383285
27864,28.325900164826848
27865,31.097594064664662
27866,31.779939119229976
27867,78.66729235561378
27868,43.61819185466181
27869,44.60466552062195
27870,42.01371775125556
27871,31.66454333878848
27872,34.86240195579512
27873,37.49022046898598
27874,38.920171905755744
27875,41.012013143594224
27876,24.413203012394266
27877,31.90339204506549
27878,23.841796146351474
27879,39.18250895564321
27880,33.603877159091915
27881,32.51515490465403
27882,39.11241554976484
27883,25.881340414647624
27884,22.017767286311223
27885,22.594310777237453
27886,32.14126795879945
27887,26.334430284639268
27888,28.411029332977837
27889,25.782533684242438
27890,29.804105095037645
27891,30.739457123146597
27892,23.3810290739095
27893,35.62186971610296
27894,30.455833886960985
27895,31.555997376350167
27896,24.994730158933148
27897,27.588093723630106
27898,27.397608097778093
27899,24.892377278770528
27900,35.623012936765114
27901,28.221690550827848
27902,25.25640867911574
27903,33.91615560766144
27904,28.659818105368362
27905,21.56903553053621
27906,27.84303112148251
27907,26.367063256353905
27908,23.987446424648752
27909,28.976400431436
27910,29.698551403285293
27911,31.1817981776499
27912,22.971175861536675
27913,24.757308827653862
27914,27.418509375026378
27915,25.322039197594524
27916,27.972306811365957
27917,31.824198276093757
27918,20.708178845937294
27919,27.18316694000437
27920,30.757137826866614
27921,32.68995532728249
27922,24.0314736119111
27923,25.000493739561918
27924,28.67228255373396
27925,21.350349802505992
27926,22.427638740382317
27927,21.558942545766502
27928,26.656936198335686
27929,21.729488016431645
27930,21.13147770485257
27931,31.314056164607972
27932,27.200174859034547
27933,24.7804487806995
27934,31.760605927402583
27935,28.289528052001288
27936,25.398294559050598
27937,29.08844502270369
27938,27.445895409932472
27939,25.377631959692565
27940,51.69995236300809
27941,24.706831913313422
27942,21.024776016274316
27943,24.54788495085396
27944,26.01384917373444
27945,22.748309449624433
27946,31.121952830493058
27947,23.76494438088312
27948,26.871747899946588
27949,31.63386243252762
27950,30.23080526601385
27951,33.794432871113294
27952,43.3022231680546
27953,25.949059197991684
27954,29.737773254338865
27955,31.23988391364089
27956,20.768958850348625
27957,23.540565959020185
27958,23.521400846835633
27959,37.1402966948307
27960,34.24339217617001
27961,22.13736352073654
27962,29.688910718689183
27963,28.796150731649067
27964,28.118209012914125
27965,24.037149159507283
27966,36.638422725397525
27967,56.85681678578737
27968,23.994321518542478
27969,31.855918612849546
27970,28.55351024959113
27971,11.6387966121151
27972,26.49674665670348
27973,23.412905717813107
27974,28.574910292801196
27975,25.5953250674134
27976,23.857972453894288
27977,20.918825071007504
27978,25.10131749500199
27979,28.935474404432426
27980,22.120125858192523
27981,49.96111701243627
27982,25.68350883056499
27983,30.249992238640658
27984,24.48698909871652
27985,38.26708236361559
27986,9.654809521648678
27987,25.338037777024393
27988,22.159546702525176
27989,24.83026383259236
27990,29.11827669483087
27991,25.613879857925088
27992,24.857521912541557
27993,23.936220865358262
27994,23.7242354799241
27995,25.137623199914902
27996,27.780035768465677
27997,22.82313250056116
27998,25.737646620756777
27999,21.682291950632507
28000,26.934750337417288
28001,32.588489256044454
28002,28.076387592581288
28003,24.802774427377983
28004,22.787723273612343
28005,23.09221798593271
28006,20.42283953147016
28007,25.613456571293938
28008,25.230214648454446
28009,27.433324312495316
28010,21.761455087633863
28011,24.620379919154527
28012,22.474909478812048
28013,21.368348880572686
28014,27.808688771856584
28015,35.54935205853794
28016,25.948954836707344
28017,27.207947136680378
28018,26.382881369720874
28019,29.638459722033662
28020,29.85223007298411
28021,26.369398586519782
28022,31.903425090078354
28023,23.023990293524268
28024,24.075084020839654
28025,26.6286754855504
28026,26.586014639872456
28027,23.30923780429984
28028,29.395137414212893
28029,25.298440016076473
28030,25.89113283074118
28031,33.24010981814147
28032,24.317005450183178
28033,26.021529027333838
28034,25.841671563846404
28035,27.71338216416126
28036,31.96016453281594
28037,27.736980164776572
28038,35.99420424274678
28039,31.18294981983153
28040,23.987842896061068
28041,27.98790946093295
28042,30.874450188812983
28043,34.176884112267466
28044,36.11840321735744
28045,28.647197033431933
28046,27.060346205362674
28047,23.95633952394525
28048,21.134327737270542
28049,29.900709022042562
28050,33.23129032167741
28051,47.326309760395226
28052,27.166652156871844
28053,25.469817229316323
28054,37.80362258628628
28055,29.931067091076557
28056,13.325562971786857
28057,24.65017217141367
28058,34.779154134475895
28059,52.072373014000725
28060,36.86662957069664
28061,36.38024878155179
28062,44.900274297775006
28063,29.86727034154404
28064,34.6994145864779
28065,36.654694685659216
28066,36.06832099280626
28067,33.615851299491034
28068,35.55369867953437
28069,33.61407384747829
28070,37.39882401067149
28071,33.63173378061827
28072,32.33466440375699
28073,51.8530925019975
28074,33.39583734977667
28075,32.63342887114442
28076,36.715711417720556
28077,33.6290523958012
28078,31.91746919736345
28079,32.43518232920584
28080,43.56945124613088
28081,47.19248769673965
28082,32.72600637587197
28083,39.222121114528754
28084,39.29652305871317
28085,37.65179539069612
28086,38.162224675319074
28087,39.49480758188736
28088,38.60372128053728
28089,37.21499986339196
28090,66.12732189931924
28091,50.14544831747685
28092,30.321164507532444
28093,36.18497281902082
28094,33.36403892748381
28095,42.48664752196591
28096,36.433289986105144
28097,37.246499652583864
28098,47.66245244405445
28099,43.29685539384764
28100,36.44529640659413
28101,35.51067444796879
28102,42.16760722021629
28103,28.59314699431967
28104,30.599776044875075
28105,32.00297022058077
28106,29.862959785555017
28107,29.028227101556055
28108,26.863821794043872
28109,31.30679757301385
28110,26.499297876549843
28111,36.308904840118565
28112,28.00816754418037
28113,28.994057261892454
28114,30.75446867535578
28115,29.93490982869388
28116,27.342361818478256
28117,29.694431006030154
28118,29.496635387121017
28119,26.290254475630615
28120,30.127419553904677
28121,29.021153764667833
28122,31.43330092681066
28123,28.011502835502682
28124,31.084236545399335
28125,29.198706218503016
28126,29.81585520146055
28127,29.944359962524846
28128,27.278458094509222
28129,27.891063126562006
28130,27.350064699896127
28131,28.79209238282071
28132,29.68584024964328
28133,29.27277552404864
28134,26.903409324707138
28135,29.120378992545223
28136,29.658730720184604
28137,28.344071045862623
28138,29.844796219875793
28139,26.12762898053779
28140,28.524965502507214
28141,33.84931294790999
28142,31.76012872820858
28143,29.82207229219577
28144,28.08801281323494
28145,28.05270218934575
28146,29.37439051905966
28147,29.742455371405985
28148,28.761934780397212
28149,31.604925163413593
28150,29.457614383853098
28151,30.827363134394684
28152,31.9296280198718
28153,29.684112514678844
28154,33.86500086262976
28155,28.91677787819491
28156,30.516867882606604
28157,29.391577268929534
28158,29.688206320975365
28159,28.428650240890704
28160,28.491157073150404
28161,26.89710415489171
28162,29.73653457053852
28163,29.25099743880246
28164,29.759339100348953
28165,34.34933778568986
28166,32.426866472581274
28167,28.17108789871057
28168,27.784489999486507
28169,32.419458322054886
28170,31.771460970089823
28171,34.78746980111395
28172,32.52712112064664
28173,32.908184192485145
28174,33.176657445488765
28175,32.854431835801705
28176,33.58597377926049
28177,32.21646458906445
28178,32.63112418617007
28179,33.194104134228304
28180,29.626224682684796
28181,34.48851541171258
28182,35.31461158913359
28183,29.93517227306437
28184,32.5405505613098
28185,32.130400385682826
28186,30.257868755448282
28187,30.993743692443033
28188,30.81038812110157
28189,32.45606857946706
28190,36.2340611283802
28191,34.163199421755024
28192,30.31572707661979
28193,32.447243175032504
28194,32.041990826496594
28195,31.738733932810636
28196,31.326453000133142
28197,34.82144051686313
28198,33.598643125078624
28199,33.07629310858587
28200,33.24030880388341
28201,33.54266411967992
28202,35.15654990956367
28203,32.57897179249958
28204,27.091686617615988
28205,32.432264878718854
28206,31.720823517530572
28207,23.98319149318938
28208,43.71792992385209
28209,56.35801185980719
28210,31.413994222912212
28211,32.21029706602369
28212,42.50451893744806
28213,38.184551604109465
28214,30.155983260980452
28215,28.12322248001082
28216,28.61921527061003
28217,34.712402178092475
28218,28.974485796755957
28219,30.974639381334978
28220,26.21705383151456
28221,28.234898599478118
28222,71.33155880947398
28223,26.862290681956093
28224,36.690710236600815
28225,28.840655884674145
28226,30.209550114100363
28227,32.32833050390952
28228,36.04794083486248
28229,31.8226288759593
28230,32.90687797484217
28231,24.899975692050763
28232,23.97907211296753
28233,34.14653468371497
28234,28.38159393139443
28235,72.01363225321326
28236,27.481676917343638
28237,27.525206797174338
28238,38.74634615441087
28239,29.02373815688017
28240,32.79315935019259
28241,27.25124708230801
28242,32.02475131352685
28243,28.830064392126403
28244,29.179818752546264
28245,36.359284506206755
28246,31.30517726210947
28247,30.869226390513678
28248,37.92218553271028
28249,29.039295937394638
28250,28.86760077714665
28251,26.50368962062952
28252,35.6467110759036
28253,30.88192303602398
28254,27.3718833976082
28255,33.559137279309674
28256,34.482936886229645
28257,31.90005499681469
28258,28.582983201657555
28259,32.27682745708528
28260,34.11823776642985
28261,29.657105846531113
28262,27.937490612110242
28263,28.727533768979097
28264,31.812860474619132
28265,32.709688967036634
28266,27.839059345472013
28267,34.13446910383744
28268,34.57184274325033
28269,39.2318416408652
28270,28.44918431462797
28271,35.268987318258375
28272,33.005031070118996
28273,30.914897588165587
28274,34.46768752218599
28275,34.06086377617394
28276,34.105537553003224
28277,33.39138030753964
28278,33.79615094161252
28279,26.68156054851715
28280,33.31182352616239
28281,30.508256343978505
28282,34.2087422642738
28283,35.53360554453064
28284,31.39045100899361
28285,28.43590359656677
28286,30.57131467687263
28287,30.841531816224173
28288,26.762213802219904
28289,32.15778543461557
28290,45.44783973933931
28291,41.625774408430054
28292,33.77708102347436
28293,33.63127107419454
28294,30.381502106859944
28295,26.373072721279556
28296,34.15204929242852
28297,30.99730611801635
28298,23.367686458039884
28299,34.35107880419478
28300,34.80531762565365
28301,35.79845363690443
28302,71.33155880947398
28303,33.454509959907725
28304,29.983275834719667
28305,29.308043579925947
28306,29.599345241384498
28307,38.19687557777546
28308,35.92736191988915
28309,31.873310407789944
28310,38.33881450136438
28311,35.62934162420196
28312,35.675436086477156
28313,32.41433542742176
28314,37.32771366233638
28315,36.33713224917974
28316,27.109134314220046
28317,34.6686051554157
28318,36.903007856712996
28319,34.57302072411732
28320,27.016045797062716
28321,37.23726028472056
28322,34.14863962209305
28323,40.80677398863397
28324,38.45756146648769
28325,36.17469921113451
28326,32.02593841863624
28327,36.1246936057963
28328,36.350612868798635
28329,31.30351039313523
28330,32.450517392892245
28331,32.84337014354162
28332,33.656668452941766
28333,32.12354483820299
28334,33.46451581867628
28335,32.435127853852734
28336,34.37300913815886
28337,38.092951416043455
28338,33.96626577159433
28339,31.268829566101733
28340,37.69394976299455
28341,32.89821648079194
28342,38.80121247007991
28343,35.13953608653029
28344,33.253053350248734
28345,44.793299610907326
28346,33.949440738056445
28347,32.322278512027275
28348,31.51321846747886
28349,31.888598863862686
28350,33.70212963115352
28351,34.51872683687797
28352,34.29548008055753
28353,30.83830157895413
28354,32.64667405683867
28355,31.751458491897534
28356,42.96143947282247
28357,31.290247633619728
28358,35.72555357941071
28359,32.52901005759819
28360,31.12343745588801
28361,36.46321542549897
28362,40.03258544045626
28363,35.087607310515764
28364,38.336038186605556
28365,32.40933134877506
28366,36.39152218537887
28367,37.03785394219333
28368,36.818113520760654
28369,32.425420940001494
28370,32.034045566766736
28371,39.290304334658884
28372,34.34066591189722
28373,33.25616680035299
28374,39.683107441160956
28375,32.593278080932244
28376,41.429632127405604
28377,40.11839098184336
28378,33.92997767356961
28379,32.035378454544414
28380,34.70929528786103
28381,32.76046642780876
28382,35.28587478007307
28383,31.198178208877568
28384,26.849136225000773
28385,38.22703128543702
28386,30.945900534752074
28387,32.089082453800806
28388,29.918710924245246
28389,33.491373831401354
28390,29.603879305872756
28391,33.90576809714732
28392,37.00676653852526
28393,29.79340918839644
28394,28.762677599804366
28395,30.30033624760068
28396,27.856645433994824
28397,29.07396387585543
28398,28.957153122096656
28399,34.88678971411456
28400,34.611220159692884
28401,32.75132600170517
28402,32.09500880017273
28403,31.753129805007813
28404,26.17672198424799
28405,30.164704193578284
28406,33.68912297086243
28407,39.46572086793003
28408,30.104643742167934
28409,39.43201048614964
28410,33.22043696588538
28411,33.543674873289916
28412,27.341092497733214
28413,27.389929199461083
28414,26.93134175242658
28415,36.21312860052078
28416,27.335959041212934
28417,38.463679644757974
28418,27.22677636541933
28419,32.835761369671964
28420,36.9280196746237
28421,24.076674564691857
28422,34.18355453781428
28423,25.046232643599698
28424,27.301874369588514
28425,27.641238209199173
28426,33.0449378992825
28427,22.722406494517212
28428,28.972982078926194
28429,35.66108703326346
28430,30.02279513149872
28431,28.773716455245463
28432,27.92426155745785
28433,32.581176468098455
28434,30.83853500721203
28435,36.486376275245114
28436,36.555384433959915
28437,32.59102309603458
28438,34.61139153452253
28439,32.183151770595686
28440,36.39084060358193
28441,35.34965526729329
28442,31.192051514135528
28443,34.40677375246034
28444,25.79396667091878
28445,38.980437703095625
28446,33.86310484835233
28447,32.7227590718083
28448,33.579289346029135
28449,34.693347279603316
28450,34.339437912335484
28451,36.160522951611846
28452,32.86891079572215
28453,34.096042596370694
28454,31.30746029116379
28455,35.07808677109172
28456,34.10610631607721
28457,34.6568710263679
28458,30.313868607475825
28459,33.27016841796198
28460,31.89431515846655
28461,33.72765046137407
28462,32.815239571662254
28463,32.43612913354439
28464,32.8194410007075
28465,32.55745197219166
28466,30.402777463110084
28467,32.56304855857759
28468,33.901931372599655
28469,26.895001077147228
28470,33.52216316354792
28471,28.66812380162355
28472,31.969803715330958
28473,34.054062559004485
28474,24.39486159654203
28475,28.456824144771915
28476,22.640976500981253
28477,24.047117567588305
28478,36.703714544671676
28479,24.50638101333197
28480,33.53829835691789
28481,30.558926034917196
28482,31.584544931439734
28483,22.637897313456005
28484,26.4457924069292
28485,25.484279573815982
28486,25.586760585599958
28487,34.66000428907461
28488,25.53667007732426
28489,31.100939731645866
28490,25.440003241852995
28491,28.02063044609199
28492,24.667387076418972
28493,27.15769824524578
28494,29.898042837860533
28495,32.89916195268287
28496,38.776271277625646
28497,37.50145661602572
28498,10.046320889963189
28499,37.15078581613152
28500,37.12051656073706
28501,38.0907220314416
28502,34.88361043055722
28503,22.825757575217924
28504,34.525712940965484
28505,31.515073956625866
28506,31.03587873780369
28507,25.23422953320828
28508,32.39011801611593
28509,23.766855025607498
28510,54.43377829866361
28511,31.65413106147552
28512,27.38522181596544
28513,29.32944483115573
28514,35.02518665623088
28515,25.171284034122873
28516,29.774272979979596
28517,27.153996328871695
28518,26.525647882575743
28519,23.760652575104995
28520,23.940048512659313
28521,27.988242497335833
28522,21.292912295303676
28523,29.87386773150867
28524,38.007933120813256
28525,26.735931184781563
28526,34.80007950133145
28527,27.5194376938715
28528,51.053077138676805
28529,27.66384101269259
28530,23.3808335715071
28531,29.18997295936283
28532,37.358713101888945
28533,26.902847059263454
28534,33.17045890192327
28535,25.834153156203758
28536,29.933263421579472
28537,25.309524170514873
28538,28.751485309253198
28539,30.95834028286481
28540,32.58332632942787
28541,29.74795953754796
28542,28.369833760308143
28543,28.83946148020549
28544,34.11854681871797
28545,30.521465345693212
28546,27.27835905897881
28547,28.60863805952883
28548,22.454517958128474
28549,25.655376015495246
28550,9.654809521648678
28551,25.037682822810897
28552,27.84644195218719
28553,26.82815947321645
28554,24.440188178406817
28555,25.63798447774114
28556,32.09883885295283
28557,31.78520906719032
28558,28.582432210853707
28559,29.655366349687156
28560,29.92743689357979
28561,32.74167232699801
28562,34.951501449007246
28563,26.783062868680762
28564,28.64762251638396
28565,30.13355310278014
28566,25.64301051395942
28567,24.98573897433216
28568,27.267072028429624
28569,36.30895395310673
28570,40.10624336948973
28571,35.10804330858889
28572,68.3332386538465
28573,34.170180328479596
28574,34.07488279450178
28575,43.16930334711602
28576,45.1630289021559
28577,49.63224816963169
28578,75.92899739628135
28579,32.44178784382152
28580,43.89532476826657
28581,46.217556968314916
28582,42.074425275594216
28583,33.26260484752414
28584,49.650642150846046
28585,37.47334419194052
28586,32.74911816370091
28587,31.99707807878562
28588,33.0102190728554
28589,49.71481955597508
28590,42.828638301594204
28591,38.85411279817925
28592,39.698986300947986
28593,29.021863858708542
28594,33.8861359569833
28595,53.38949903274092
28596,45.903773532250995
28597,31.3480947169892
28598,31.081450789737072
28599,34.05097048628568
28600,32.30934498407356
28601,37.29983232707588
28602,48.96079489269666
28603,33.6312092804891
28604,34.52254416838634
28605,33.629333785610754
28606,32.79003254351149
28607,44.80853419617407
28608,34.649086261572215
28609,37.43792711919783
28610,38.50606181216918
28611,44.999726051641204
28612,39.58938193769238
28613,48.067607885179974
28614,31.522428911224505
28615,32.52192596261388
28616,35.562546696797305
28617,37.25995543744812
28618,36.9573147445866
28619,40.51848021426424
28620,83.14633329027502
28621,39.971321479204285
28622,35.00731806479591
28623,31.777206365870423
28624,60.41732590455786
28625,30.534204014625676
28626,56.108920238317445
28627,24.568063295010848
28628,68.10846134252984
28629,37.81408095458781
28630,38.86488241043623
28631,31.524393983137184
28632,33.64214364435816
28633,33.56986397718076
28634,26.299934969799683
28635,46.05494254295025
28636,36.23381161783626
28637,43.85605374422402
28638,32.30590843269285
28639,28.231792537173376
28640,34.84815228100202
28641,26.7007432751133
28642,36.73098540371251
28643,27.400103967769613
28644,38.32834373258847
28645,33.22307169345446
28646,38.82759678946888
28647,28.832213407336393
28648,34.83512692412384
28649,75.81161578000591
28650,61.823742471152876
28651,63.70370728348352
28652,72.79597839296007
28653,34.99955315232498
28654,32.93475207752854
28655,37.329888661252454
28656,36.52407246232092
28657,31.71325832027649
28658,53.47103317632556
28659,63.44927810233253
28660,63.2746648257175
28661,34.20209321415334
28662,64.14302701889956
28663,33.368134539801126
28664,23.247996120086682
28665,36.3697632970781
28666,29.28535994004319
28667,30.55235196041563
28668,32.22990463643453
28669,47.358024019516655
28670,36.850865951355104
28671,26.88037859380316
28672,45.30988545039366
28673,32.99583276084305
28674,46.81196555002836
28675,31.670260463948953
28676,40.54829884503217
28677,32.85682137241675
28678,54.1859217820132
28679,37.732617904248094
28680,45.333337119954884
28681,30.038579739362106
28682,29.50806858960446
28683,30.740765349819856
28684,51.68451771867925
28685,33.46973786398609
28686,31.090031954810225
28687,33.39945293823097
28688,36.449148350754555
28689,36.899445361502714
28690,33.63006890656203
28691,32.92506900870824
28692,35.532695784238406
28693,32.53763361517949
28694,33.150163056007635
28695,31.623125939268217
28696,39.51704554454407
28697,35.27204642655568
28698,35.584081806858784
28699,34.636786962672716
28700,33.423903712737776
28701,32.44423966409872
28702,40.29867391723258
28703,31.09040823912458
28704,31.04435013077818
28705,34.89226651296413
28706,35.786116422027874
28707,33.14627863293773
28708,36.080334023771485
28709,32.842858904821945
28710,38.79501650727145
28711,31.86706935166784
28712,45.173943497240884
28713,39.45717122301972
28714,57.67249453522348
28715,33.91854593425509
28716,36.70362975822737
28717,34.84962464498762
28718,23.730395775880563
28719,21.99847637642037
28720,29.513931324397817
28721,32.557500124386614
28722,25.651522528952015
28723,42.55897629485317
28724,33.92320269277092
28725,39.31237084170855
28726,25.78217142409318
28727,29.667634152596946
28728,25.967743506035145
28729,36.39511845938337
28730,23.91714597562665
28731,24.414902366743476
28732,28.268222787905742
28733,28.428341788399962
28734,26.358971192642326
28735,30.76085899853147
28736,31.252588449101577
28737,28.654732619512497
28738,27.071601865281895
28739,21.494943281413033
28740,21.314217744871637
28741,25.044759763262622
28742,24.369164750657735
28743,25.52076504650371
28744,26.879663453430428
28745,25.200184075739894
28746,30.25510888864258
28747,28.589292236554517
28748,38.1333402433823
28749,27.16302659043394
28750,29.51769505331083
28751,28.67272187395322
28752,33.58043021029997
28753,27.039846552546862
28754,28.123228601956416
28755,26.58648547069814
28756,34.108436933529966
28757,33.135984415013205
28758,28.162255956002884
28759,29.70864845127365
28760,28.747744437924098
28761,29.724063736491047
28762,25.856016047980585
28763,26.172956560383053
28764,28.845131039413825
28765,25.192531641729307
28766,26.98338198690656
28767,31.46802299714321
28768,27.397762156048987
28769,25.007525596637574
28770,27.38462689796535
28771,29.204234728918426
28772,24.035012889407668
28773,27.654846999929052
28774,28.29726122179564
28775,29.84163668787039
28776,30.060091025934643
28777,32.71343149423955
28778,31.220026557970684
28779,33.045109575495275
28780,24.8397867639177
28781,27.43891047787427
28782,26.427669533733976
28783,25.13413788998047
28784,28.747553631865753
28785,25.29014089340204
28786,28.412030940538358
28787,28.663957279644368
28788,37.37148558452413
28789,28.78834654804005
28790,27.679491190216012
28791,24.684861468673688
28792,25.188193525458985
28793,26.7401732203051
28794,36.190840000888194
28795,26.089535064273193
28796,31.897517966998468
28797,33.5957094660347
28798,26.334497223316067
28799,26.89398433590506
28800,35.12729836540323
28801,27.340219970269455
28802,42.32327020166925
28803,47.16515541160023
28804,79.1807373738693
28805,85.81098513240353
28806,51.60034619696676
28807,42.977054426529314
28808,44.797621848376906
28809,67.12008065310536
28810,45.84058623461109
28811,34.130510145946445
28812,64.52552782215665
28813,81.50850440661831
28814,35.835983737694306
28815,66.48726163629149
28816,50.92817063037206
28817,58.97921798907146
28818,45.229371294305224
28819,47.82099553794314
28820,33.591092737063015
28821,40.025561550369105
28822,41.168556258637885
28823,37.058355700555545
28824,40.962765081938024
28825,52.73887761143572
28826,38.09263377281494
28827,57.93907707471584
28828,61.32419152817905
28829,30.635410477626262
28830,36.84650740921597
28831,42.010384084774444
28832,30.368587791870084
28833,52.31652512046123
28834,54.69567534591071
28835,39.547662464352015
28836,29.797966039334355
28837,45.810782916456624
28838,67.2526307106989
28839,55.18943762009667
28840,68.33674356584508
28841,42.982543570813334
28842,49.51779410764127
28843,66.662784989728
28844,32.94709224788196
28845,35.626739649552874
28846,83.22476909655585
28847,47.95364070603867
28848,51.272774629255174
28849,57.41050049861628
28850,35.0685253412401
28851,36.16738261497223
28852,54.713457022712795
28853,53.233470575023055
28854,69.76862439768065
28855,36.42018901720436
28856,29.894300061059496
28857,32.00623657040813
28858,61.24535385725815
28859,34.6695233652696
28860,56.10156458487924
28861,36.842392620677636
28862,37.80598655833659
28863,52.59139372265232
28864,33.0161377561141
28865,32.90989927344268
28866,33.95908794451889
28867,32.06612566480522
28868,33.32871116652275
28869,32.891305781788894
28870,39.01521306466773
28871,30.28078684635155
28872,33.89411466893642
28873,30.27763907255662
28874,31.066077357257626
28875,32.82864485649867
28876,34.88498478418489
28877,38.22361175893531
28878,32.10808145413157
28879,31.730844453854218
28880,32.0581582849615
28881,42.50193639673028
28882,35.35666478811305
28883,33.014230662064655
28884,38.575687162544945
28885,31.023213743849066
28886,30.891893354493345
28887,35.50583483116086
28888,32.63811140004754
28889,48.086933230806096
28890,38.59772185167812
28891,32.25396310978916
28892,32.65875315769269
28893,34.14285665700817
28894,32.828089267531
28895,32.76163070517549
28896,38.890588969263135
28897,34.23806713203794
28898,38.949515733706455
28899,32.329756866853224
28900,33.126572147591055
28901,39.17111489172361
28902,30.559515695930553
28903,34.62483877222308
28904,32.584052934079786
28905,38.66991779083033
28906,40.752436004130395
28907,66.33331493086435
28908,34.38697639631758
28909,38.922779164430644
28910,38.26809638303919
28911,34.210368893038115
28912,43.611474932214854
28913,32.19715648211442
28914,32.15493490920869
28915,29.99854930551122
28916,36.406021369517106
28917,36.970619835263186
28918,37.30172041217559
28919,34.41439273164651
28920,32.697570169760205
28921,38.18579947396383
28922,49.29544655293417
28923,35.23319957488898
28924,36.51450132834537
28925,36.34668630549494
28926,35.44777237814645
28927,36.45446581075356
28928,35.584166400259306
28929,31.92843552068456
28930,31.72825975891926
28931,34.68949349652069
28932,37.39921785109647
28933,35.81779705125785
28934,33.91515945956614
28935,32.45413875865924
28936,32.56956964333307
28937,42.88793898726477
28938,30.235931187418476
28939,34.32854394698578
28940,33.04367489390879
28941,36.15776735491559
28942,31.31628272334171
28943,30.48884184168134
28944,32.02781396436577
28945,39.91578934243054
28946,38.89123285124916
28947,31.03172087873497
28948,32.479884068353336
28949,32.72763113600018
28950,33.62054820244825
28951,30.87043782473802
28952,34.915237138667656
28953,33.93531175384708
28954,35.61185462093179
28955,31.34092288836933
28956,31.614899472812365
28957,32.44785207606993
28958,35.38012225236687
28959,33.59987557369612
28960,39.57080739903059
28961,46.73955863979304
28962,32.596449163634176
28963,29.27691839758445
28964,61.071364523395054
28965,29.302487467154112
28966,44.948712739615274
28967,26.825593248756444
28968,54.7691089997905
28969,60.1597561393582
28970,2.748668069437778
28971,46.54705376199891
28972,20.790996639232656
28973,34.17158241823945
28974,27.105262479733913
28975,56.51039068787964
28976,48.201754459355676
28977,61.320154524691354
28978,44.42952638168321
28979,38.53418470462209
28980,53.04218317587243
28981,58.29031951127255
28982,29.425723429764002
28983,29.433463367364897
28984,29.485798559917683
28985,30.89357185374654
28986,33.23829059425504
28987,31.90520706755106
28988,36.34062415091996
28989,32.319742531609506
28990,36.50172277529128
28991,32.83084445132406
28992,34.22367511285685
28993,31.57990939373077
28994,33.385015581661776
28995,33.04822277075802
28996,29.217093316801087
28997,37.74058721040027
28998,30.111088262384254
28999,32.6768750816341
29000,33.38987974842088
29001,31.80198459821517
29002,30.66778256646913
29003,39.987890575491235
29004,31.089656816556413
29005,31.054146575783903
29006,32.957321908106465
29007,32.95254178275637
29008,32.638926785321935
29009,30.174072524272432
29010,32.54251636064592
29011,33.20858686347855
29012,31.765963318204342
29013,29.831113125399643
29014,31.45802939265197
29015,34.98770046680255
29016,31.160770679422274
29017,32.050979402663195
29018,31.674851479360566
29019,30.664248036851262
29020,34.99956888271859
29021,31.66371012429869
29022,45.50753320312456
29023,31.769783443891313
29024,32.66479122357726
29025,34.81626147905408
29026,47.993353344202625
29027,33.32526848170317
29028,30.861969752075254
29029,37.767211806985806
29030,31.656971698002838
29031,38.57612020964242
29032,30.091438205668794
29033,25.774936725190713
29034,33.7715882680048
29035,31.79438293386435
29036,35.527038924714525
29037,35.78738144342693
29038,27.675558627148195
29039,31.59985080936849
29040,32.357888657231946
29041,27.786863296167812
29042,28.470201336061404
29043,31.917602508885334
29044,28.832929095862596
29045,30.853276360133165
29046,25.05284473072136
29047,32.94532772170175
29048,27.908406897448867
29049,29.20701477073705
29050,25.27411214339799
29051,34.30848109131778
29052,36.61479386622551
29053,29.214802497501825
29054,22.264096694826662
29055,29.296264199444153
29056,36.989051245386044
29057,29.553454602921406
29058,29.562592486584048
29059,26.785339175067392
29060,24.11107324149597
29061,35.75805633887615
29062,35.63474267057751
29063,22.85054351487489
29064,35.4689376753276
29065,24.837229948192398
29066,33.035368038665055
29067,27.67474084632137
29068,26.438417781448432
29069,22.939326562302938
29070,23.946954630153883
29071,23.048642617245775
29072,23.234351210377373
29073,23.995698787978878
29074,35.47514339497619
29075,16.093785121579327
29076,10.714795544002664
29077,23.585955035381406
29078,26.456111006325383
29079,23.269942014948228
29080,23.10074234747111
29081,33.06377460407213
29082,22.078348141390858
29083,24.512562563391924
29084,22.828314275046825
29085,27.622137085967932
29086,21.793341482771222
29087,22.896346874039892
29088,24.208210594563
29089,24.335474136257847
29090,26.145656542631386
29091,24.95162834922004
29092,26.366511986059376
29093,38.098142797862664
29094,25.56664854554567
29095,32.32603155202113
29096,27.15894217657363
29097,31.43206319006029
29098,26.099173496469632
29099,22.642084846619493
29100,22.877494601912673
29101,24.09012227448005
29102,33.7484482233898
29103,21.370889678102824
29104,22.4797391563186
29105,23.464147412698182
29106,32.22721257912788
29107,29.41606564419044
29108,20.94773206646349
29109,30.18430866518902
29110,21.90750639987994
29111,30.046595505177986
29112,31.078620424436764
29113,33.95547378034291
29114,35.83810996139504
29115,23.63553098827248
29116,26.416584357516758
29117,25.006692196396767
29118,32.781903729396184
29119,21.256182098735795
29120,23.943036367306437
29121,23.126496340975006
29122,21.48641651698341
29123,23.53050798798061
29124,33.915343393365426
29125,23.94908482115932
29126,35.90860665866047
29127,33.59890156285716
29128,39.70879638226022
29129,31.706743875242683
29130,36.60529900703627
29131,34.8582525317052
29132,44.76770695003099
29133,36.65482830986739
29134,47.19397657926245
29135,34.46880290662833
29136,37.94122130901777
29137,34.803867790362105
29138,49.873769068904515
29139,35.46395122528619
29140,35.293289701594226
29141,40.45785219793448
29142,35.50464133141681
29143,60.10656051806197
29144,80.23135591591745
29145,46.91495820552246
29146,34.206189567462864
29147,36.666355630296465
29148,43.56977849368402
29149,40.08793790658382
29150,34.277646466617846
29151,53.160243478184505
29152,36.44728577776737
29153,35.847626858229916
29154,46.569119114285634
29155,36.868332227442444
29156,36.13768904157365
29157,36.336411204513354
29158,33.77911173158887
29159,38.866194601885915
29160,39.15915297229611
29161,35.861737353500146
29162,35.01232769414363
29163,33.714855307850044
29164,60.67780031177506
29165,50.54056465111964
29166,43.10546872057477
29167,36.25992619172045
29168,43.568358877892194
29169,35.97537189969945
29170,36.22962413587826
29171,38.40025086260934
29172,38.92380507950367
29173,30.694941188362595
29174,31.886743650883698
29175,32.22228863273007
29176,35.19452604922238
29177,31.605649290671764
29178,33.42059647550404
29179,51.81536626823612
29180,38.81325188246067
29181,33.15849072530662
29182,61.80988084277499
29183,37.42175718252286
29184,30.849756389453876
29185,39.68211379472826
29186,34.96527680555952
29187,33.34641282089526
29188,31.53105289821957
29189,30.873502261914183
29190,33.71804292244578
29191,37.13736955227816
29192,36.300295790163766
29193,36.72261056767866
29194,36.168492358349795
29195,36.63861599013786
29196,28.2925064166332
29197,27.38023953665473
29198,68.73048050579298
29199,27.53865618044932
29200,28.895098407464033
29201,12.177465457833142
29202,28.295076653098445
29203,20.557943078381275
29204,27.56546244838356
29205,27.947747319281547
29206,26.929741982203637
29207,24.71254097531317
29208,31.982865152227685
29209,32.70025038014673
29210,13.822279106622167
29211,34.72429057402909
29212,28.832150428080507
29213,29.187952070779417
29214,23.982366749187378
29215,35.29708709050499
29216,34.6755759620498
29217,24.403018520095745
29218,25.390666174308013
29219,27.45528008614049
29220,27.56002249526114
29221,35.15896847911241
29222,38.036215242160104
29223,37.31921563567111
29224,34.71125772317885
29225,32.78113133736773
29226,32.050737237466784
29227,27.79393253034028
29228,32.962208849524224
29229,32.63440014483388
29230,41.48515921453235
29231,31.014601247775207
29232,32.647703306295135
29233,31.04512365036156
29234,32.72408986185036
29235,36.9758241601727
29236,35.25806356549288
29237,35.24904230943984
29238,19.601650727385934
29239,52.522768763123416
29240,28.76825052197493
29241,30.11968474186672
29242,33.45580494932099
29243,30.69050459010433
29244,23.669264510298333
29245,33.374137980987776
29246,33.82552261241309
29247,33.120783041695844
29248,33.28554463783497
29249,37.064677881284645
29250,28.287036942473264
29251,28.38812847716697
29252,15.715688004808612
29253,29.152124603219054
29254,30.63355352950067
29255,34.84641378378367
29256,32.13789172271276
29257,34.271885271445385
29258,34.190511043561926
29259,31.33437104258752
29260,31.52748588779765
29261,36.19766170193416
29262,33.66012175007983
29263,32.21632989732699
29264,35.13580916145201
29265,46.77856754708497
29266,35.07948945161048
29267,31.110285190203843
29268,36.69077889449807
29269,32.64306556037224
29270,37.511840331737126
29271,34.167333997972996
29272,35.54946098537531
29273,32.924777689183806
29274,51.77507876370899
29275,37.353718486070655
29276,33.73397309899272
29277,33.755838701299886
29278,43.77919867888335
29279,44.88682634729461
29280,34.38787425441382
29281,34.355724791177956
29282,31.749629828788585
29283,37.06149115877357
29284,35.54613307521289
29285,37.372393508985425
29286,36.42177676547351
29287,35.74012835889794
29288,45.52785077259329
29289,45.12217460800855
29290,34.615881958477324
29291,50.17605742458966
29292,32.696053569485564
29293,25.164078851013524
29294,30.899068487351702
29295,58.80326320083146
29296,25.49448654640673
29297,45.72446563486587
29298,35.10017625411779
29299,28.076361293173424
29300,32.25475966343627
29301,28.292092661282947
29302,78.78358814669816
29303,37.82958478015886
29304,38.16320395329189
29305,48.155228469657324
29306,38.77279262074477
29307,62.87742476984448
29308,64.43209839615584
29309,24.364556526599525
29310,57.22959195482631
29311,28.648070109619606
29312,63.86604132403488
29313,60.59992139528642
29314,32.37023107861565
29315,32.2470055828316
29316,25.971487353932172
29317,29.351622826132388
29318,15.965229461369857
29319,16.368148449344325
29320,27.648303737131055
29321,25.185970769870924
29322,28.552911175091392
29323,31.666133393422058
29324,22.861550188976437
29325,26.00927958161896
29326,26.90605679240018
29327,43.758436428839644
29328,32.1877159772032
29329,57.21292186379839
29330,30.119572336588778
29331,27.875863707223175
29332,29.58452771896647
29333,31.44310914521058
29334,65.08252863885453
29335,34.195268885569256
29336,51.86577207296164
29337,24.241738834346947
29338,27.120142861826448
29339,28.529963082244915
29340,14.503711212505786
29341,34.68931042420895
29342,31.22301358528841
29343,26.72242320218622
29344,29.780030539990808
29345,41.10912565787868
29346,35.957768996386434
29347,34.494561797533436
29348,35.13993005661275
29349,32.26164577654941
29350,38.24124138019133
29351,29.128554918336715
29352,38.4422973308123
29353,27.608539470738375
29354,34.18173936911922
29355,31.612761165507905
29356,37.223822505055914
29357,28.62261387534579
29358,31.876682405760416
29359,29.428800303578694
29360,26.309527519788414
29361,28.430196602222868
29362,35.57307173179394
29363,27.704688333643972
29364,28.254864487227874
29365,29.00721490415107
29366,40.97085311408116
29367,27.121441949786544
29368,36.64449551842264
29369,25.058422582376952
29370,26.27239160729908
29371,30.498558715704892
29372,36.43594649730886
29373,37.25560734751429
29374,38.74936396545962
29375,26.049982487934937
29376,26.598725560675135
29377,29.08729457932624
29378,28.8409836314279
29379,31.093980318033513
29380,31.703885724066605
29381,28.142675544894285
29382,26.491622054360292
29383,26.135390462731994
29384,25.087535362967206
29385,27.979798297758506
29386,29.356348471538663
29387,26.956487780132576
29388,24.64807767815375
29389,30.349928010313803
29390,31.374656627562434
29391,24.774210217975497
29392,24.90536843839169
29393,35.698313158240815
29394,25.992764340632785
29395,29.127239151253292
29396,18.297077172007857
29397,26.07483935162931
29398,26.940830854472306
29399,34.60396690576899
29400,35.00227936872268
29401,30.34233295631874
29402,28.87354105716396
29403,24.805720794221386
29404,28.22489745281634
29405,24.430821577428873
29406,21.437536972969976
29407,27.910450131736667
29408,24.30247635540053
29409,28.981428811973416
29410,29.762297399380287
29411,23.14373705646115
29412,27.34983866886273
29413,23.463676639804145
29414,26.76766307160234
29415,26.307769558350557
29416,26.763693160686064
29417,41.30142125550207
29418,32.90545867177925
29419,50.24349213045511
29420,32.58348970151713
29421,38.977595982051774
29422,37.95668517864154
29423,38.61614692183405
29424,47.26492623394657
29425,46.81313431399932
29426,40.71770224690917
29427,31.433939409417196
29428,35.044294548495
29429,35.863343818758004
29430,31.202635785924212
29431,38.41747882457365
29432,33.11081513445458
29433,36.152827249129196
29434,39.50660422928852
29435,33.38991501350404
29436,40.52934451121882
29437,32.363384570392
29438,33.38193488509631
29439,40.07521321414781
29440,38.42325769148081
29441,34.08227604163479
29442,40.13442623989668
29443,38.443529451769976
29444,40.97980803831612
29445,33.83117859722132
29446,57.854232002237474
29447,32.65676544676052
29448,34.16948684537615
29449,31.690522279930082
29450,42.808409928765606
29451,32.19265289562992
29452,32.0346033346866
29453,36.74454935633248
29454,36.66302585785409
29455,31.477269311582546
29456,30.768511710389106
29457,34.7226431722031
29458,35.21431498212792
29459,31.62234190052074
29460,39.24269635978115
29461,37.21956470187251
29462,43.48184144984449
29463,35.44904964629621
29464,33.909678637862605
29465,36.49204385182343
29466,39.91751445176148
29467,41.139539100381775
29468,33.14669611883533
29469,34.47700973292472
29470,37.468467562660145
29471,34.344421931934875
29472,33.19514034792052
29473,39.7883206343592
29474,42.48860909505377
29475,51.7568762985502
29476,32.256859957430116
29477,31.853115478851763
29478,40.076797441234895
29479,40.854667096873165
29480,36.695899906056944
29481,35.59649748077754
29482,32.7045871700491
29483,37.708111796686936
29484,46.51374373478495
29485,40.01267273198308
29486,34.19126756659232
29487,34.53020615752431
29488,52.59740075287754
29489,48.9550237279102
29490,33.44437908707528
29491,33.76268893336578
29492,39.660949970273826
29493,31.8521702764822
29494,33.91605132327513
29495,46.05847355701071
29496,35.50943836742973
29497,43.1406547339053
29498,63.11006211439121
29499,31.532553762248437
29500,33.5032349523969
29501,33.96674410114253
29502,39.15613658185319
29503,31.98256520501397
29504,29.109046699104606
29505,34.144854003477825
29506,31.093389700788517
29507,28.995802332905058
29508,70.97219445663173
29509,70.2817599747194
29510,27.323681074324792
29511,32.6859079519023
29512,31.48348166994519
29513,28.8474719734895
29514,27.49712800967593
29515,72.33358572634226
29516,31.237467631647657
29517,29.527280972494
29518,33.19893951571064
29519,35.50430711446471
29520,24.66686649591846
29521,12.300824568454834
29522,38.857887556454656
29523,36.49386135223117
29524,53.83143627477407
29525,38.122580147137114
29526,30.64904574632098
29527,30.132029589451225
29528,29.71629812605003
29529,24.75315707659035
29530,27.89992801967411
29531,34.37427401455947
29532,26.995087844256787
29533,36.52235023538952
29534,37.32842326194902
29535,38.9313550180452
29536,65.45402993019123
29537,29.30229483024411
29538,29.83085690278611
29539,30.721284307168684
29540,31.56264804555346
29541,31.7773819435657
29542,59.23540383881099
29543,36.79599091111766
29544,28.026213120254425
29545,32.643852398016506
29546,35.52783717792227
29547,40.781028585482325
29548,38.60207684036816
29549,36.30840816358454
29550,26.990399136521148
29551,29.269077417199668
29552,76.25295565867188
29553,27.662130759038206
29554,29.777312561314744
29555,31.219698564387386
29556,27.86367245487345
29557,33.029496290940074
29558,24.447279138404472
29559,29.755465933410633
29560,31.032780346301365
29561,33.674190167184264
29562,29.74257513535981
29563,34.13669035508622
29564,31.24134479766343
29565,29.26560105875822
29566,30.13545738458664
29567,54.99607478018529
29568,30.29904557602485
29569,29.456980516425222
29570,24.871508761047867
29571,29.77273232402327
29572,31.648778673155324
29573,26.718298340881343
29574,28.492570451064683
29575,27.56478213044566
29576,28.327510271042105
29577,26.4016077885198
29578,36.82905447119625
29579,27.327548756396652
29580,27.004158537371637
29581,53.61304551195656
29582,31.118718845637996
29583,25.767147323455223
29584,30.042509577394767
29585,26.401654899513364
29586,32.64457981249277
29587,16.698309563022043
29588,28.727832258333816
29589,28.739896512243362
29590,26.78972242585363
29591,26.196723778781593
29592,27.899283683559773
29593,36.58242871493544
29594,31.052689688588714
29595,31.584689345356168
29596,26.268505824299357
29597,21.92464212680036
29598,36.69819739691876
29599,38.002877310475924
29600,31.187640475369452
29601,28.53449876848471
29602,29.395751928640237
29603,17.464447439936603
29604,38.91208603208011
29605,36.32796997139935
29606,47.36954060363928
29607,67.12008065310536
29608,59.15535892887712
29609,60.56993276717103
29610,56.11165503404845
29611,64.79512572470739
29612,34.891759383992245
29613,79.1807373738693
29614,49.12269207634151
29615,37.80826983510882
29616,34.06399095646986
29617,34.68142280734322
29618,39.77134869989717
29619,43.511972023103
29620,72.23660632600512
29621,34.23091498775714
29622,60.620931989017755
29623,55.903499501967126
29624,31.046795803614582
29625,53.1396102968917
29626,34.998868867958244
29627,45.82370427440876
29628,48.023758557195286
29629,63.42543642056638
29630,43.75343561469247
29631,66.33331493086435
29632,58.97470467305869
29633,45.64725712397086
29634,36.05174286341693
29635,66.48726163629149
29636,38.08401464554877
29637,35.05149608720512
29638,36.95823713090309
29639,64.94636657096054
29640,46.25530777379789
29641,65.71819209614296
29642,83.22476909655585
29643,35.82309594135435
29644,42.175221434834384
29645,78.63418637802869
29646,42.25774382938596
29647,50.93115398047062
29648,37.83029589424104
29649,83.14633329027502
29650,53.09692899524566
29651,71.90873359183031
29652,60.10656051806197
29653,36.25728405883482
29654,61.90057855051979
29655,34.89442554970983
29656,39.20222036755338
29657,32.68559149927812
29658,39.26459239974816
29659,33.423495573581626
29660,42.02102747703633
29661,33.35888217509326
29662,33.51197036819155
29663,36.12128302155119
29664,35.00879242657758
29665,54.18542512442639
29666,63.2746648257175
29667,51.827852154654856
29668,49.795761864972185
29669,50.45171370924812
29670,54.107044852255626
29671,50.76807186174153
29672,39.934116818263334
29673,40.19005270613004
29674,63.52683475299108
29675,51.8836672605074
29676,63.483087678224
29677,61.24535385725815
29678,64.5891597229446
29679,52.99908771079919
29680,63.29942023162806
29681,60.277370987987005
29682,55.73254587847426
29683,61.80988084277499
29684,64.03276027737822
29685,64.23694660999848
29686,38.781785233498404
29687,59.93526088072332
29688,55.5400541153761
29689,53.62180371244427
29690,50.5866449120748
29691,51.059990361710355
29692,52.494347499977
29693,64.22140410810411
29694,50.45195750038809
29695,16.278488485213362
29696,39.51241143914433
29697,50.33637945972695
29698,54.94974015223127
29699,47.366861031046
29700,38.883060492418174
29701,62.90443647856705
29702,47.30979568806382
29703,37.366947583129985
29704,59.26979343494014
29705,43.06868798966178
29706,45.512037319437404
29707,39.849788185493786
29708,42.80482566567266
29709,45.634848234652004
29710,45.412057353503826
29711,46.54417565616483
29712,40.74849358927639
29713,38.88949434328547
29714,54.977010853194564
29715,47.571523079547
29716,51.830328646009434
29717,38.486859919755574
29718,40.22763779131515
29719,44.70767965617176
29720,47.630503978882224
29721,39.38613498750723
29722,35.915090721131754
29723,49.47683344484923
29724,44.211478091857195
29725,49.56800186398771
29726,36.726495370210465
29727,37.17355224161125
29728,38.72808631517277
29729,36.00867150330033
29730,43.073564587971724
29731,36.92823794145682
29732,37.79373861280642
29733,40.73810522910839
29734,43.591964299502
29735,42.788845354713125
29736,38.82510974774082
29737,34.74813390645657
29738,40.92643760240468
29739,45.61090718498951
29740,40.460800968581644
29741,47.260816283119034
29742,41.77311997691339
29743,45.53823300993887
29744,45.11572524819159
29745,37.55528939485052
29746,37.97900865244407
29747,42.31301495816765
29748,34.844493565022
29749,39.332266469775504
29750,46.083266636320474
29751,39.17898589138793
29752,40.79325713497291
29753,29.56972614097179
29754,23.973809107851313
29755,46.341555097839944
29756,39.48499651752196
29757,35.83269799986852
29758,47.63140439498195
29759,41.30986271977916
29760,44.88988163048638
29761,40.01610788995481
29762,44.97809229678842
29763,46.884183420240014
29764,38.36526856205726
29765,25.53076963309789
29766,36.413141315967344
29767,31.381119134181834
29768,29.720990979335898
29769,26.287117666083137
29770,35.16824273455429
29771,26.55982861540504
29772,30.296467246012824
29773,29.037260191518055
29774,34.43865532063145
29775,78.66729235561378
29776,38.306859069290965
29777,35.940013871429784
29778,43.59735852541052
29779,36.84929256971245
29780,71.89372477533539
29781,35.03281734691297
29782,31.314038214460236
29783,34.83463909385006
29784,40.55458815360265
29785,69.37917669639775
29786,46.05676122943302
29787,24.83739864336117
29788,49.594174266454566
29789,36.78937104746634
29790,53.16956328229964
29791,44.26082748923864
29792,38.32613628502204
29793,36.65076743686359
29794,52.84808674162978
29795,66.79115341556644
29796,49.116434714320036
29797,39.71171543423745
29798,76.77732852466403
29799,37.92908627487082
29800,37.94442515879117
29801,30.27683022031046
29802,33.34597340079818
29803,44.05506311447349
29804,58.83593854047147
29805,33.68912297086243
29806,46.66310721428355
29807,51.635404831734945
29808,33.38102774300736
29809,32.41453368614275
29810,34.33425242114574
29811,38.722018360232745
29812,35.99927843618048
29813,48.84570737588508
29814,39.137882167459665
29815,50.45640749675456
29816,60.04869697266062
29817,33.74725547057826
29818,33.110221167358446
29819,56.37900572013115
29820,36.69090099724935
29821,43.48479534206566
29822,32.53161120732289
29823,54.30297451352478
29824,65.53664553369957
29825,45.40607745623919
29826,38.53382693147217
29827,27.705353549065993
29828,26.366708018320438
29829,48.0031522035819
29830,35.7037069895242
29831,63.39848828037997
29832,32.05278555640443
29833,33.4025322889563
29834,39.55603714529705
29835,39.1452122548532
29836,47.38849506968884
29837,32.57235359340007
29838,39.46376305449503
29839,38.143437595242936
29840,35.312813037504924
29841,32.3442813951436
29842,35.97848330067472
29843,34.81593349690295
29844,38.703380568760174
29845,30.33352616379416
29846,43.37646238045199
29847,39.6400825175095
29848,38.74655114420971
29849,35.87149505559385
29850,36.439263479133636
29851,33.3317327386396
29852,28.793984429994456
29853,38.67134525327913
29854,34.888666950331256
29855,30.532241433457965
29856,40.092849489624136
29857,34.65848118193381
29858,33.28477706111921
29859,32.38076903248221
29860,30.537760826990596
29861,28.914595060215678
29862,34.03348516551888
29863,29.21839170068316
29864,19.803936028878244
29865,30.658142804447653
29866,33.10747373200463
29867,33.63241335253417
29868,29.53298687778168
29869,29.878360215584575
29870,34.80433213809105
29871,26.484476214796967
29872,36.395255195620315
29873,36.47293493429772
29874,33.367989968995154
29875,29.99224515068273
29876,38.61162667938643
29877,40.38211809948827
29878,27.66847364876691
29879,37.71673485788967
29880,39.03857832807283
29881,31.464513406304963
29882,35.16776779162834
29883,28.92083656690633
29884,23.982366749187378
29885,37.81692464101847
29886,27.537365641332553
29887,37.307302485752
29888,26.021412169580227
29889,28.33998092703895
29890,37.90732921603726
29891,31.79331975368608
29892,35.67944591547702
29893,40.649691743969804
29894,37.42320836390064
29895,31.175866239152697
29896,40.02946622213383
29897,23.48875479699987
29898,35.0461682461765
29899,24.283408930466077
29900,27.035475691814483
29901,34.233887930372404
29902,31.405243198286758
29903,32.73493708697635
29904,34.93588984210026
29905,37.340087455767424
29906,34.100069157321364
29907,40.01583833013942
29908,39.00777337197075
29909,24.134826786407675
29910,32.77421053646216
29911,32.866520711824656
29912,35.5031941656949
29913,39.28835189348203
29914,29.336048219339443
29915,36.934544895386615
29916,34.211626835341185
29917,36.61597241155896
29918,24.471963518521974
29919,39.266419639474535
29920,37.52807532170227
29921,39.141041181506694
29922,35.75031606402102
29923,39.189078673998324
29924,31.684952698845425
29925,23.61290530687154
29926,37.05326039324448
29927,23.04271526422271
29928,38.4744442616932
29929,38.38146461002808
29930,34.29705130937833
29931,38.68096491918056
29932,40.27597692925921
29933,38.001400368495325
29934,29.975260834077165
29935,30.799700603364457
29936,37.26421978272538
29937,32.26906857840092
29938,32.95745432147982
29939,36.62951104676153
29940,40.11171513908645
29941,72.45309619761035
29942,34.88822056974712
29943,54.862701339270416
29944,34.292300005028245
29945,47.4014445412798
29946,33.693899019917474
29947,59.93819438985246
29948,32.61663000655506
29949,36.56176997800102
29950,68.33674356584508
29951,32.67131014215176
29952,49.891409361903364
29953,32.05402066135358
29954,33.02914846655762
29955,36.000269252741354
29956,50.45214701432344
29957,80.23135591591745
29958,32.03975206481808
29959,40.85672077675338
29960,48.086933230806096
29961,35.8123822461383
29962,53.0505619232699
29963,29.79305022519695
29964,45.18082184423881
29965,35.17763471410401
29966,30.6633887546416
29967,38.36378182435341
29968,37.30866681671316
29969,34.45123290726888
29970,34.78948975532498
29971,39.23617135346687
29972,31.035064110665946
29973,26.408405940404908
29974,45.89129918058493
29975,34.66275073604023
29976,76.15862585613348
29977,31.685967053193405
29978,43.314748611466676
29979,31.274840575608906
29980,60.41732590455786
29981,34.5716078878166
29982,35.83062237717946
29983,34.387501208430564
29984,41.41102040429868
29985,57.06343801907088
29986,36.6000613628887
29987,38.46055232586496
29988,63.1571203331407
29989,50.97482962412018
29990,55.607587811989525
29991,35.38657460791535
29992,37.27728482355388
29993,47.2712309700914
29994,34.31159498959787
29995,62.39963132798371
29996,37.751170835143604
29997,29.35857178430253
29998,32.67647836749431
29999,44.5401990162844
30000,63.7321891674569
30001,66.27772317377328
30002,32.97007216088445
30003,49.15819780018733
30004,34.579830949678204
30005,35.186775005458735
30006,24.84372692108605
30007,65.45645745779451
30008,31.88105996699461
30009,43.59517755467038
30010,28.756815700109986
30011,47.863639010127145
30012,67.27701856744802
30013,59.06814280259414
30014,36.52698578791553
30015,23.586039628738263
30016,36.49475721463076
30017,33.22790458962137
30018,28.712007486622877
30019,38.15666721253958
30020,56.95604589789561
30021,39.59587750646993
30022,55.26436501248663
30023,29.837309613557796
30024,39.449546505756736
30025,45.24477680930022
30026,34.21244156308179
30027,39.1999118059507
30028,56.653229312520544
30029,39.31867238493326
30030,41.86151620140104
30031,33.065877500645136
30032,30.38430819410837
30033,54.72655632670248
30034,62.0605316717377
30035,32.152678057387
30036,29.175798686908724
30037,32.83372870118978
30038,39.722757302952154
30039,37.864110780766964
30040,36.201466148422654
30041,73.04816327292649
30042,52.28416139953419
30043,38.21955232776363
30044,40.925636988208964
30045,42.907345939649296
30046,38.4203803436472
30047,36.57267023496314
30048,38.4376559631907
30049,35.52936899613136
30050,48.574762951128235
30051,56.61560675899987
30052,42.330567475576764
30053,37.87688084296346
30054,51.89931077331738
30055,41.038291931995225
30056,36.24667178874513
30057,68.67082373500917
30058,53.21797999312357
30059,31.76428881005798
30060,46.36832120322361
30061,33.26699437663718
30062,70.96148630554319
30063,59.210355647119535
30064,28.04722214363788
30065,32.45179842573115
30066,37.291548614924075
30067,32.92595134213056
30068,34.21208560313352
30069,14.14529145571141
30070,37.42160645100795
30071,38.16794001265039
30072,68.27066214651164
30073,61.512440352834325
30074,31.9617799835549
30075,64.11208208515633
30076,45.2726916659927
30077,37.08975940043036
30078,31.14615005782987
30079,34.180498778397
30080,29.6305305549559
30081,34.12105618401954
30082,35.27061400920361
30083,35.13601645539566
30084,31.80617630575796
30085,58.18433956945324
30086,34.03819415926457
30087,30.483110304706795
30088,22.408727719191223
30089,31.48530384284962
30090,47.640201440532614
30091,40.88714635757618
30092,60.46532812971561
30093,28.610530952762876
30094,32.62895961281881
30095,62.93723409717055
30096,37.9689061416755
30097,35.98308270607142
30098,38.39163919632926
30099,26.388913371092936
30100,32.632064730449514
30101,27.24294221810771
30102,34.34292783411561
30103,24.15202516353619
30104,36.702326844304196
30105,35.79619185459138
30106,34.0789420865191
30107,31.160106903175986
30108,15.358880200198767
30109,38.37081955397045
30110,35.86578484693721
30111,33.845204478546215
30112,36.81716653066761
30113,32.55493128728241
30114,39.30177773981496
30115,19.18486235896989
30116,37.210925537678456
30117,41.148638338223996
30118,30.667034032268404
30119,35.705325110249056
30120,42.22035496501939
30121,34.30499590593238
30122,32.98557089269853
30123,34.43966821716862
30124,34.074519795761404
30125,32.59333490841607
30126,27.026188988574834
30127,33.78116096758661
30128,38.96550575324624
30129,22.956118412828157
30130,35.70992493500199
30131,36.79630805628475
30132,28.95469861698413
30133,36.892053006617296
30134,39.49732946096711
30135,38.12914966524171
30136,29.75083082517598
30137,32.20647767418382
30138,34.41820884707047
30139,32.12882545618229
30140,44.65604920258988
30141,27.07358341520001
30142,34.46721084366644
30143,32.8417651062852
30144,34.325124251598574
30145,33.01028470552745
30146,29.904209130950516
30147,36.408748348524796
30148,22.248261455849047
30149,35.23327643592126
30150,39.180483590889075
30151,29.822659702242817
30152,29.983765765362268
30153,29.005197961643344
30154,39.15749457004413
30155,29.37023886571536
30156,31.54803494663406
30157,42.29539662757218
30158,39.3556926037358
30159,35.436063387581086
30160,30.14128994601323
30161,7.599201634996571
30162,18.896068672340732
30163,32.30659563564699
30164,43.03714972011151
30165,32.80892444772855
30166,31.173469521894148
30167,46.85150313162694
30168,39.58270264899742
30169,40.807622593702014
30170,38.45657967404539
30171,40.73555096618521
30172,34.91210354968426
30173,29.34080870058773
30174,37.05534919960979
30175,42.39712835387338
30176,33.181162936787956
30177,44.168072492652364
30178,35.14211686517846
30179,45.17410398115101
30180,9.221418135898533
30181,39.336598087827134
30182,38.4726154912663
30183,32.78780830702794
30184,43.96426722200076
30185,27.946060837765895
30186,36.3105099382193
30187,37.27258022723965
30188,30.751195828107303
30189,41.651670611192934
30190,13.897664214732757
30191,42.67966959792631
30192,43.677802526171966
30193,24.910649495836935
30194,43.57070323302228
30195,43.29174679496321
30196,62.947277883923654
30197,88.65216573399273
30198,84.86681810174564
30199,86.11560534918137
30200,23.593409561214127
30201,88.53705823036283
30202,79.90300705579016
30203,88.99675866467534
30204,87.82114754061843
30205,33.04011295822576
30206,85.67423961730505
30207,90.11611278990988
30208,28.150279341121173
30209,86.86515959075577
30210,89.14720127751582
30211,23.812764576537404
30212,83.37014274630117
30213,28.955665324818487
30214,77.99964993236007
30215,84.65029330350414
30216,84.56134224758976
30217,23.293835293790583
30218,86.70279545764976
30219,79.24713614596563
30220,25.447311597077647
30221,86.5387267199347
30222,56.23451129695286
30223,86.40109358655918
30224,23.012253762815828
30225,78.9655559787412
30226,85.49743744666095
30227,55.92028116613128
30228,25.233389961219146
30229,84.96191272633483
30230,31.920525845045564
30231,84.80630845220945
30232,77.94784733484424
30233,23.344751745794156
30234,77.63188264960745
30235,71.93395761042261
30236,26.849461035541893
30237,85.81098513240353
30238,46.520792102047835
30239,72.75878233235403
30240,25.801215842092535
30241,80.91874452159583
30242,85.03719452624252
30243,21.16182948926403
30244,86.54388978756889
30245,82.72972746278371
30246,23.15699248845614
30247,85.39555129933063
30248,86.43621457314792
30249,33.745087295084154
30250,85.01239101690511
30251,31.810660173585262
30252,75.06367103671951
30253,85.37597048027577
30254,35.81825958714378
30255,85.47247177530534
30256,82.30825984322759
30257,25.50527620175175
30258,79.86041935413222
30259,83.99472202431751
30260,19.69693149551728
30261,83.12625865088738
30262,81.08320557072686
30263,29.634987754030707
30264,76.43643348201927
30265,84.25494514688567
30266,25.66053762813908
30267,70.8642650803505
30268,85.11276424587221
30269,27.014004089452346
30270,82.83269858936417
30271,19.482420245584343
30272,25.2598221797811
30273,76.54202011290009
30274,71.8699690408609
30275,25.890476778599616
30276,63.96790200931459
30277,53.01324423147772
30278,24.853471728187245
30279,54.16790631465574
30280,31.154566873821768
30281,63.65485949833047
30282,80.66890625752174
30283,30.909753268065646
30284,63.07071769302693
30285,64.6666747997359
30286,27.316109574885246
30287,73.35170970738533
30288,78.411877564618
30289,26.00335885520313
30290,66.92976148188946
30291,65.33789650343908
30292,69.33411304307656
30293,34.57755104083129
30294,39.23519202084728
30295,49.482085478628136
30296,39.73049783122715
30297,72.79597839296007
30298,62.16258984527233
30299,48.35227810617308
30300,72.90042777263277
30301,44.25067302307812
30302,48.04924182295602
30303,42.21881148947889
30304,65.00875518672784
30305,48.00056558833526
30306,37.985228337932504
30307,80.88276537078177
30308,77.91104531346487
30309,41.791188987586956
30310,69.86941888414164
30311,40.32520817480583
30312,36.30451258212319
30313,79.88824152870482
30314,42.19455399891263
30315,35.17149984383899
30316,35.493203622445755
30317,38.53447469051259
30318,45.4325685938281
30319,35.685452292668366
30320,44.852533758226365
30321,54.22652807282518
30322,80.62811373838593
30323,58.979996113590374
30324,37.84174436192088
30325,37.35462648993908
30326,38.610358937164214
30327,34.24227040875382
30328,37.16958551618391
30329,45.11451708902111
30330,46.55805687191846
30331,52.3706724904294
30332,38.923768903776896
30333,40.84291651800982
30334,39.73924096948284
30335,30.98333428676862
30336,57.21237869653972
30337,84.71246594682057
30338,50.309443112603105
30339,38.46425797737925
30340,38.05079538421982
30341,37.293871765852195
30342,37.389186330264984
30343,38.961362523521274
30344,50.94384074245048
30345,40.38888070180636
30346,38.01735008856753
30347,38.8134240529525
30348,40.06149576504979
30349,54.66107751247338
30350,39.060139686710066
30351,51.45709126902387
30352,38.17990143106723
30353,37.25610429871608
30354,39.38910263774651
30355,39.56919296052711
30356,43.20938290180777
30357,40.89771723179879
30358,38.30368756898604
30359,38.73373498760838
30360,37.7988776192622
30361,43.60082411719818
30362,38.977641767586896
30363,69.4889988246945
30364,75.77796903276028
30365,39.06153193101233
30366,59.84370064731858
30367,39.74918063746125
30368,47.92224941745862
30369,77.92281425796001
30370,39.335724778582154
30371,74.66478035624276
30372,38.28856621914141
30373,38.89046015043554
30374,36.28218948481918
30375,42.327328219961686
30376,35.02510696167304
30377,33.5111763970471
30378,80.27723982502981
30379,38.806062627850714
30380,40.33645627277093
30381,35.09316390342252
30382,36.12681873118755
30383,42.325013643765175
30384,38.16730098691461
30385,44.67876292219318
30386,78.50499743468077
30387,83.04949173552848
30388,86.92453564415115
30389,66.07811051299105
30390,33.13100237038644
30391,36.710916190554336
30392,77.02694204308717
30393,59.08101894752986
30394,67.2874785813397
30395,82.94453493031523
30396,77.34184804953587
30397,38.3424776517754
30398,68.78181482978299
30399,79.99800143082753
30400,55.533000641743484
30401,38.95211684852029
30402,65.08012059167919
30403,43.44789302593244
30404,29.31414440542996
30405,35.714231826106065
30406,75.59881378214537
30407,75.09542339457964
30408,52.8294280056709
30409,62.187554742017106
30410,40.463518149506086
30411,36.76768876103805
30412,63.793300339461155
30413,51.92973338947238
30414,72.09079725626667
30415,27.514262677205995
30416,51.53178137729392
30417,66.06419425349543
30418,75.13277592659377
30419,62.72262977168919
30420,27.800286625253218
30421,50.91945429673019
30422,51.6463353073301
30423,86.54433656055357
30424,68.91213688595276
30425,40.515565294100256
30426,54.32934512866251
30427,68.73048050579298
30428,84.41320463459154
30429,39.20112336577801
30430,33.70425266461353
30431,33.845409319539435
30432,62.77824265501517
30433,28.869017322323696
30434,32.250206295326876
30435,56.50201753522661
30436,62.61996606365032
30437,59.52810502510289
30438,70.15085825763339
30439,70.4367779032293
30440,55.63915317106551
30441,46.80376707044481
30442,61.703868737689895
30443,37.146695068748635
30444,70.8405868281624
30445,35.90420916931971
30446,66.07413595735854
30447,69.23670487754458
30448,69.81127158809493
30449,70.82666376753691
30450,76.5465729574538
30451,68.62799810879254
30452,65.34265185493717
30453,62.823887857149934
30454,68.89058895144431
30455,31.027747574508954
30456,65.51962359362167
30457,48.573235213385196
30458,62.99021048464445
30459,59.07473378869307
30460,62.00510348826062
30461,73.1003979946952
30462,39.358867301176716
30463,63.1039192747814
30464,71.86288283190544
30465,38.12080402465312
30466,63.372064005079416
30467,69.0873843488006
30468,74.18852469477899
30469,34.427909806428666
30470,61.47729018880176
30471,45.87487455689049
30472,30.829947884106186
30473,38.79973878764289
30474,48.02124502912316
30475,29.86646226813072
30476,29.116903847909313
30477,35.43364691272698
30478,38.0326750054167
30479,43.94782036752327
30480,31.204034771153427
30481,29.042317674342257
30482,28.61096556030896
30483,44.60391674092387
30484,63.425491810312955
30485,30.63055287912877
30486,56.152042513632956
30487,36.62622497508604
30488,30.430132234211698
30489,32.96456615502339
30490,30.357544842680316
30491,29.79085120258731
30492,31.54608698047276
30493,30.683053677747836
30494,35.75541968791175
30495,41.74127505175323
30496,30.049512346489394
30497,35.14257845810362
30498,37.52612779840871
30499,42.86980805030897
30500,35.193744054892896
30501,54.70186026578858
30502,32.59185111052521
30503,30.513907486762957
30504,39.37889218036532
30505,44.73498168642583
30506,38.07040686400918
30507,53.08673947662595
30508,37.245856919287945
30509,47.262137082414256
30510,36.8930509614681
30511,36.383128134455426
30512,35.971556601643506
30513,36.16678637089573
30514,42.350723815493076
30515,38.23897042027903
30516,37.14457425158852
30517,39.5156442314926
30518,36.71326595635474
30519,35.69242207342975
30520,35.948147812283196
30521,60.558778275022256
30522,52.80271236500323
30523,40.410198030334236
30524,39.62243672780648
30525,39.28696405264592
30526,37.225404514378944
30527,29.644617841155153
30528,35.86619649047221
30529,36.944948810401264
30530,75.30485660738293
30531,50.447930681434286
30532,38.63822649083839
30533,50.319326165058946
30534,39.07150831270103
30535,40.26810684489753
30536,39.816806137784276
30537,41.22950632668115
30538,38.81809159854653
30539,63.432399360199064
30540,41.08142961021574
30541,49.728050626909635
30542,43.320624078439124
30543,36.915113545474426
30544,41.31053890403084
30545,36.800731906185625
30546,47.46868147650722
30547,48.26185896747123
30548,33.360015908102184
30549,40.0525284833864
30550,36.64555864932478
30551,36.42390659256844
30552,34.830340279152665
30553,37.90151383347852
30554,36.19125748646672
30555,39.42237634590631
30556,46.708816165515294
30557,34.76181230357429
30558,34.48476086530825
30559,36.22883730204302
30560,41.65049513539982
30561,38.566576084447924
30562,39.906999316732886
30563,34.96849554108642
30564,35.994956399399996
30565,44.004844492129244
30566,34.25303912292796
30567,34.137966097218644
30568,33.5686031459853
30569,35.472452334622254
30570,31.786561331672925
30571,48.82465844226451
30572,58.86182515136638
30573,41.17469346784352
30574,45.13454329519737
30575,35.13702428396871
30576,33.19671704748264
30577,45.97598062994127
30578,44.60515921510224
30579,35.455932484236506
30580,33.571932611277866
30581,45.34606416680458
30582,33.856930420649086
30583,37.72216803977056
30584,46.67299314275621
30585,44.28874009816236
30586,42.959111595636955
30587,30.89655432534084
30588,44.79373335966119
30589,30.10292978105474
30590,43.82712642854779
30591,64.89655364458217
30592,32.26739505026495
30593,32.22473405873353
30594,32.20985982089449
30595,34.47921604262308
30596,40.0523761065573
30597,32.73550968109468
30598,31.424768776610915
30599,44.14347613264939
30600,32.52386663489924
30601,32.15616135420647
30602,34.00392095088774
30603,33.14317798576417
30604,34.499678472585366
30605,35.13090045580898
30606,46.81377080087412
30607,34.01373065158239
30608,35.571369851827086
30609,44.10543332612658
30610,33.81615838829161
30611,69.94928383161829
30612,32.244649666693
30613,34.63546459561915
30614,35.98854672545237
30615,32.679532981768084
30616,31.91152740152579
30617,42.19954130484521
30618,46.68185124159722
30619,29.542077250616334
30620,60.86059387585365
30621,51.80800356110243
30622,66.27835308234565
30623,52.96158130351881
30624,60.772890730224724
30625,51.22741891585031
30626,59.79946367081331
30627,45.96013135172354
30628,73.18946761699031
30629,80.31006504071132
30630,51.331541882153196
30631,37.40106342408679
30632,62.69200348531836
30633,56.11596071697858
30634,50.452169435117746
30635,48.52661927901466
30636,35.66814152618635
30637,72.8985607594726
30638,69.35838732709274
30639,65.09913920034906
30640,43.80534228076911
30641,62.171112151638944
30642,39.43912192576259
30643,44.60943052949968
30644,56.88473350242518
30645,36.83868536984915
30646,63.86604132403488
30647,20.402652528282612
30648,71.13984807879491
30649,56.17234589332523
30650,55.88175236225746
30651,36.044767547865945
30652,40.16852447403769
30653,44.37923863641982
30654,56.121170083397224
30655,53.28070802448767
30656,70.21379756502225
30657,70.96595743469172
30658,34.28336996278442
30659,74.6767855193627
30660,35.897917187984085
30661,64.16084107170543
30662,64.65881462281324
30663,38.37245024383632
30664,43.94659363113846
30665,61.31631597435479
30666,44.35040644054916
30667,53.352425322286145
30668,62.32737031418814
30669,60.75033279067049
30670,54.60821135847177
30671,38.13222649023455
30672,71.24222322349209
30673,70.55949651949739
30674,61.19067996377938
30675,60.766871102676156
30676,64.94480943850031
30677,57.88091022484798
30678,65.08252863885453
30679,66.73793423577229
30680,76.5898372636547
30681,71.99480911942456
30682,73.92988400747926
30683,53.766371857825526
30684,54.031714777878385
30685,57.206058930202175
30686,53.19653870769107
30687,67.25234324168078
30688,53.43103526392671
30689,37.137098542202594
30690,57.953663575872724
30691,61.455922904851064
30692,33.70790671776184
30693,59.18171957554873
30694,45.003248028396676
30695,52.61651611346911
30696,64.89373276751756
30697,42.74006712561472
30698,36.31438430141089
30699,56.014888702797826
30700,64.16022697327924
30701,35.72264078248636
30702,37.90748604409064
30703,36.404090710080595
30704,45.490603648236835
30705,42.23035806770826
30706,41.06459921604402
30707,51.864972553160044
30708,53.086803941293056
30709,67.21785933138393
30710,43.75909976716559
30711,46.23836501911935
30712,46.10697768951065
30713,57.71260437384576
30714,45.53784794698333
30715,57.715297194025545
30716,12.177465457833142
30717,35.818531331980616
30718,33.711485732295884
30719,20.76667770625481
30720,35.952036647908756
30721,33.592579524397
30722,36.814859206997056
30723,60.96762214888708
30724,48.56971714811945
30725,36.129341737209494
30726,31.294011930854946
30727,31.949767454636287
30728,50.775298437038494
30729,56.3756666633015
30730,64.02409479011975
30731,32.61868588984857
30732,40.464688746024365
30733,32.54044278089589
30734,47.04009886147651
30735,36.51323782414216
30736,64.52647595457894
30737,53.54618494579709
30738,43.646954411153445
30739,32.5335389754923
30740,38.352104018338096
30741,34.95673900611839
30742,43.38297863187489
30743,33.45421480256446
30744,63.39382567742401
30745,56.55015420011994
30746,46.464047004841866
30747,35.49376167650346
30748,47.64802925919301
30749,51.060273752768104
30750,32.22412885434464
30751,45.3512367199321
30752,30.610114545787123
30753,34.69303334380661
30754,31.452926139764685
30755,31.593315999610894
30756,33.46705349036151
30757,34.781530424168636
30758,48.16850387290202
30759,44.34711297590709
30760,14.229344443361933
30761,48.586083055465394
30762,30.17624196436627
30763,35.59125888553594
30764,34.02514125342379
30765,39.611025714292616
30766,38.376636987939214
30767,44.41542846578762
30768,48.58926866495545
30769,34.94024000342822
30770,33.685531103705905
30771,32.578616757847556
30772,46.19137447890367
30773,31.02590220412634
30774,38.22438333235224
30775,31.85228467040694
30776,46.77685525129729
30777,69.91681041194191
30778,35.827670601165075
30779,54.440893741331685
30780,37.54530750199436
30781,25.93492238562743
30782,52.508749501127106
30783,41.515821568980925
30784,53.04000405381018
30785,30.422580237521917
30786,51.078832313264535
30787,44.17127587165075
30788,48.725417369444465
30789,35.24162516750317
30790,53.86775479785848
30791,54.25924663866908
30792,52.669716425605934
30793,38.528390982419886
30794,71.29686551024476
30795,36.343558792865
30796,42.6669187115754
30797,35.29110757984619
30798,31.66953993892479
30799,38.00136562891405
30800,24.242965270601896
30801,38.23470530127255
30802,39.37873170403739
30803,39.481395587541265
30804,31.23179093815213
30805,20.72438622246653
30806,27.556185032711756
30807,34.60897301902539
30808,27.163811422953852
30809,35.2012455187757
30810,30.42384874603033
30811,38.13844588176341
30812,31.350034828867848
30813,34.112201383745024
30814,33.80988781389351
30815,31.21736377135072
30816,32.63433346360575
30817,38.827683972410114
30818,27.5313884271029
30819,27.46339967654369
30820,24.786428566887963
30821,32.280095016895935
30822,32.678657979425246
30823,36.56548184906061
30824,36.49679597896184
30825,32.54805369293788
30826,59.892815658165
30827,36.00704730989336
30828,36.03386311762895
30829,32.73459778157109
30830,34.737791319724344
30831,30.606943853254588
30832,27.804112428014516
30833,34.834947851096736
30834,32.09220498380362
30835,39.17139869727942
30836,32.94739854987202
30837,37.1359443302392
30838,31.405090287041773
30839,31.04983812844206
30840,32.21963096834704
30841,36.0787557261937
30842,33.06439461945081
30843,34.62342517755847
30844,70.8082888548284
30845,43.31459692071264
30846,33.71639228301155
30847,82.06466917581683
30848,34.38278630333469
30849,38.985602677914194
30850,45.05157913804366
30851,42.04022325443887
30852,12.380645689661497
30853,33.04658295010395
30854,38.25467100765102
30855,51.12369084931993
30856,68.48169904529493
30857,39.00696426286271
30858,50.392878266270124
30859,30.811760612332282
30860,9.49966009058134
30861,14.503711212505786
30862,64.82782933476913
30863,55.60629294144968
30864,36.799958647488516
30865,68.98912230961567
30866,58.69214758153233
30867,38.473344068644614
30868,52.41826318567732
30869,52.410426738412305
30870,71.77610706601378
30871,63.478294883256915
30872,62.910318774856904
30873,68.14722053522934
30874,55.738544647982984
30875,62.02921436654369
30876,58.88367468276231
30877,49.77146263833031
30878,20.392479613937283
30879,28.244243408295944
30880,32.318061558102876
30881,33.19463126281054
30882,33.658783440090666
30883,21.419127184216475
30884,38.15401066916338
30885,29.955302552615592
30886,30.98021307186062
30887,55.73688758098382
30888,33.40916262183562
30889,61.082273834510694
30890,35.53368976670259
30891,35.61705447583078
30892,27.691039727429892
30893,31.536487077443393
30894,26.35902304257144
30895,30.427632338747713
30896,27.222183656953206
30897,31.036384408758625
30898,38.13029067123384
30899,39.196953867839255
30900,35.596330110104844
30901,32.877519157324485
30902,54.807055426276484
30903,44.99738241555934
30904,31.53616918370624
30905,32.56252075576132
30906,34.92651711093159
30907,41.8849232401283
30908,39.562829963760116
30909,29.61491770664962
30910,22.980713590502415
30911,72.68362723837117
30912,31.515907131399572
30913,62.39063942692763
30914,23.63244864413218
30915,33.142492956916136
30916,71.51722383630393
30917,28.52659672615188
30918,26.261569998853897
30919,19.689754780484627
30920,31.101011899147178
30921,8.627584968185475
30922,28.0841201263121
30923,24.090040744356955
30924,30.882459742688425
30925,59.5757888384718
30926,29.457219349600706
30927,68.67459046920483
30928,36.09058655447885
30929,66.12310001946683
30930,73.81143691871794
30931,39.77877899297428
30932,25.251984399667748
30933,30.527082327860327
30934,28.109586090182905
30935,51.12275748204532
30936,39.18985505691141
30937,56.47606957444341
30938,34.39048058933137
30939,58.98048119031418
30940,7.586337303045625
30941,11.403790179281335
30942,51.01829603352419
30943,15.182642814228656
30944,11.862325009548835
30945,29.109925384505374
30946,30.81553663750604
30947,11.620078525687864
30948,31.241151219137134
30949,32.06958569378655
30950,52.67435502369406
30951,41.278675004539416
30952,32.854941795131914
30953,11.219397594069193
30954,33.813567890328926
30955,11.775790692703566
30956,56.29853015998004
30957,20.845886385259135
30958,13.605959716558894
30959,9.999463394556223
30960,37.011910563737906
30961,33.98729531034616
30962,36.051712440767766
30963,34.699632678831584
30964,56.75355103490073
30965,41.5812861723553
30966,48.75930045973889
30967,48.81088400968944
30968,52.37733555879027
30969,51.254431981881744
30970,51.77512237850541
30971,50.50371826539412
30972,66.67374303015858
30973,33.13321253651498
30974,55.16260916313962
30975,72.14551629917538
30976,57.69275967890976
30977,34.07187757410827
30978,46.77103680648858
30979,37.19141489324219
30980,64.03929467899735
30981,30.243898262222558
30982,39.47212614377779
30983,39.128930791812095
30984,55.73378902863931
30985,34.0827275919765
30986,39.731644154966396
30987,6.297413087986215
30988,60.10369759241966
30989,13.212284387103628
30990,36.376259839848
30991,13.003766582469233
30992,11.299031047664394
30993,32.166708659871254
30994,32.6965481018649
30995,32.09796683259152
30996,12.383427366738445
30997,38.91237374640789
30998,45.94214828378617
30999,61.32845543836695
31000,37.466483943406445
31001,26.72577471377669
31002,22.79257565012163
31003,29.33134484804954
31004,39.77759591202099
31005,30.595747727813556
31006,26.345588336352666
31007,40.816780849805426
31008,64.24765439187338
31009,39.586909349951874
31010,35.5959618948195
31011,57.85783388649927
31012,31.23999810889487
31013,37.42047240079217
31014,12.68152993996168
31015,26.813489587424915
31016,29.37616446499993
31017,29.733924249626387
31018,60.68694363220351
31019,30.24543263031276
31020,76.43469202940297
31021,32.45865057334336
31022,34.79064416572262
31023,45.81674395373032
31024,29.688910718689183
31025,28.790883026062573
31026,28.129554071825737
31027,35.00286993187881
31028,24.03981656737027
31029,36.64161666354624
31030,56.85681678578737
31031,23.999335606989558
31032,31.915463241339836
31033,28.58032741147257
31034,11.6387966121151
31035,26.491995084359207
31036,23.4179052203102
31037,28.569910790304096
31038,25.58393309887033
31039,23.791073623542832
31040,20.918825071007504
31041,25.115452232106083
31042,28.8784915847866
31043,22.171986317229198
31044,49.96312021373519
31045,25.710973807638208
31046,30.2539306563433
31047,24.50821038283642
31048,38.28621268734946
31049,9.654809521648678
31050,25.289748792897836
31051,22.19268680595958
31052,24.78232956847674
31053,29.169533016546286
31054,25.613879857925088
31055,24.859525113840473
31056,23.957442149478165
31057,23.746929144347888
31058,25.081766358653482
31059,27.778032567166758
31060,22.85950943756075
31061,25.765459074802695
31062,21.682987912998822
31063,26.979924357820575
31064,32.57576584603975
31065,28.077729501405845
31066,24.791791626418597
31067,22.758736960394543
31068,23.053531283423847
31069,20.42283953147016
31070,25.549813738359617
31071,25.220947787063082
31072,27.375525360101282
31073,21.733810849287263
31074,24.573653460249364
31075,22.50749374653617
31076,21.421358266558926
31077,27.829872031237954
31078,35.47366598695785
31079,25.94576089855863
31080,27.229656004783305
31081,26.499871610208945
31082,29.73932748088912
31083,29.884455832721855
31084,26.369398586519782
31085,31.83779380601703
31086,23.03132529793527
31087,24.068859899515473
31088,26.379957504353673
31089,26.50844782892585
31090,23.31951828946436
31091,29.40895013558199
31092,25.37385275864064
31093,25.86186811032051
31094,33.210017823964975
31095,24.73942867708322
31096,24.37864487355431
31097,26.050379445691192
31098,25.88676989312596
31099,33.93409119047305
31100,27.740106506340684
31101,31.98858875972121
31102,27.818345379110877
31103,36.0011757995996
31104,31.215321381072588
31105,23.913161747928985
31106,27.992849573771945
31107,30.875230177371645
31108,34.12006039253949
31109,36.134259954251384
31110,28.613883281888793
31111,27.094006113986932
31112,23.981300403850877
31113,21.13407980711772
31114,29.898862990230853
31115,33.21908785233318
31116,47.326309760395226
31117,27.164648955572925
31118,25.44639076962746
31119,37.769434707518116
31120,29.938973167765937
31121,13.381105986008883
31122,24.62712682686745
31123,26.273277527488844
31124,23.962804739421003
31125,22.021854727612112
31126,24.824030689762804
31127,34.15269999614515
31128,28.95645912322422
31129,23.20521132634789
31130,26.253920132862344
31131,27.550251305824588
31132,29.732040513088137
31133,21.823246457509526
31134,28.775940272399477
31135,27.29242229971619
31136,30.081053690070082
31137,61.07344369627177
31138,24.399911222901597
31139,27.113872685630238
31140,21.973512665629826
31141,22.880796026626115
31142,29.68943235399534
31143,27.452176771433596
31144,29.54743687292671
31145,28.035950968333143
31146,24.983230588214088
31147,28.50820266279595
31148,23.865231737962507
31149,27.159703509991118
31150,19.881368349170298
31151,25.601256778058087
31152,19.900951215381763
31153,23.750679173735644
31154,27.633075772765782
31155,25.36759530848886
31156,23.79768384675241
31157,28.037551050559035
31158,25.50372881051432
31159,22.379112411057694
31160,22.478325330179057
31161,33.237775404706134
31162,28.749039117664704
31163,26.92997247824393
31164,26.425356041382468
31165,25.985852925319787
31166,24.87265533027099
31167,25.429842304197873
31168,20.52985957133843
31169,25.101768286915174
31170,30.963269258325028
31171,23.910261728536046
31172,22.521560468972513
31173,24.939754054246336
31174,18.85597179442706
31175,21.667956211998757
31176,23.615699070862387
31177,22.11294673047104
31178,25.77058826047787
31179,29.512029993369964
31180,33.23821033753066
31181,24.808484142570933
31182,22.81135391490372
31183,20.643769923933295
31184,22.241656654611358
31185,29.38922104503932
31186,24.362876232510274
31187,24.398650545874194
31188,25.409796520860777
31189,27.686188788204174
31190,29.777054343869253
31191,28.817774201262324
31192,27.034610337737593
31193,56.490981104494516
31194,25.539730271552163
31195,29.3227387235702
31196,24.17445509133593
31197,25.157024898004874
31198,25.628478999249086
31199,21.46731241478985
31200,26.15442432324748
31201,20.59484893988792
31202,26.607902529775398
31203,27.110929933948544
31204,25.863740109890372
31205,21.74179540922562
31206,32.611102669433954
31207,23.61290840658459
31208,24.296234682463012
31209,24.838123694866955
31210,28.448049997412085
31211,25.187313695177167
31212,20.44752072301532
31213,21.86331443244893
31214,21.97134290813862
31215,22.362706262614832
31216,26.50161271643738
31217,18.9854680892856
31218,26.664392879684858
31219,27.422845775949153
31220,44.41376918561909
31221,37.394387862945884
31222,41.52646683072279
31223,32.558601219887386
31224,35.33400068480734
31225,33.509125319899276
31226,29.339317939050954
31227,38.139104578367245
31228,35.34129442312868
31229,30.74630748446106
31230,32.708566597064596
31231,35.14661672173969
31232,27.471238156517643
31233,36.22406132442316
31234,40.962765081938024
31235,41.94463138489919
31236,30.54031202227397
31237,30.015847176317877
31238,31.449416991393306
31239,42.315494839591615
31240,39.83741657209431
31241,35.5223699621074
31242,31.45191934192434
31243,31.104645244885614
31244,26.397365953393457
31245,33.171122702389816
31246,33.604546025102465
31247,36.11299288277855
31248,31.530499437178886
31249,46.3584259350794
31250,32.07081637948184
31251,33.459999342580936
31252,31.911891712105255
31253,29.172479645153278
31254,31.078157012604308
31255,45.56980940945541
31256,29.82730881287033
31257,31.42842922757379
31258,39.51932517189136
31259,48.957052921539855
31260,31.547660548271164
31261,36.60689681885946
31262,41.50135617168283
31263,29.552347729531864
31264,46.23426871472759
31265,31.62480190947312
31266,57.41050049861628
31267,35.41073785201875
31268,35.83481260916017
31269,34.87850257731881
31270,34.183437622565364
31271,39.83595962662108
31272,29.76166944190265
31273,32.49632842569688
31274,28.74819639478841
31275,29.853522377864596
31276,28.15727375292028
31277,28.841565959093842
31278,29.632146701017458
31279,26.572500625355687
31280,33.73642901814736
31281,39.287878997641236
31282,45.46214819814495
31283,31.21795196135183
31284,39.023179877995524
31285,32.71031174920767
31286,48.92599507286345
31287,39.77417244626373
31288,46.81986031218119
31289,30.080004472929232
31290,29.176662183954345
31291,31.299403227720546
31292,33.39034968514018
31293,44.84275633359844
31294,52.56327850440337
31295,40.75115714052931
31296,33.01379558683747
31297,30.63998295429803
31298,31.94034846350189
31299,31.360646947723566
31300,31.894775860312674
31301,31.75764191351225
31302,32.07185736963661
31303,31.34919412340462
31304,34.85671353304132
31305,31.21962973651433
31306,35.670080851194065
31307,26.207066101108932
31308,28.304688773918112
31309,53.655734446247955
31310,28.93870591636058
31311,25.991826999881187
31312,36.39196802309553
31313,40.7039152741233
31314,37.7222216307325
31315,28.4305996930867
31316,46.50333556646729
31317,27.801736513891246
31318,31.331751251545853
31319,36.98359214726988
31320,48.13318213598629
31321,35.20191940604166
31322,36.350523588871724
31323,33.66580927210192
31324,32.63625683944509
31325,34.00390786311323
31326,34.64291620519296
31327,31.76067760678771
31328,28.473612504666903
31329,42.288433961302026
31330,41.34973419529538
31331,30.180489310440407
31332,34.60826456553917
31333,31.73954768894094
31334,31.14589079253832
31335,27.772913720954904
31336,39.99311638368368
31337,71.33155880947398
31338,29.614259645352018
31339,32.59391749531085
31340,33.740921661203906
31341,37.499225051883265
31342,31.991551615402045
31343,59.06747667002634
31344,35.28505604179872
31345,44.6432638724753
31346,72.49845350575731
31347,40.12579175334925
31348,32.047751980185055
31349,34.325425271673616
31350,35.53702945662426
31351,59.34884193369853
31352,57.715297194025545
31353,34.55860526389052
31354,22.872462857916535
31355,30.266970859992938
31356,22.832726344850304
31357,44.69513566673394
31358,70.97219445663173
31359,29.220802686762372
31360,30.26013001298144
31361,33.92179866310944
31362,35.589234963313736
31363,32.55189132719867
31364,13.282177145226493
31365,32.2341873292448
31366,33.45193890528682
31367,31.5429878742533
31368,32.44358965432252
31369,32.9636135297445
31370,45.43623047790342
31371,32.052536390758675
31372,31.78913060608107
31373,34.28917807416101
31374,30.835479707240353
31375,29.03250291854558
31376,30.72732131425487
31377,43.378969391211676
31378,42.92556377329665
31379,29.153591269355715
31380,33.216348284174224
31381,36.982969385514735
31382,34.581471363832215
31383,35.27528609028266
31384,35.98223896399357
31385,31.665704518639625
31386,47.91245831549303
31387,37.893886395747785
31388,68.98912230961567
31389,30.183398422148553
31390,81.10519807807275
31391,35.38915158314347
31392,33.09570685276867
31393,33.97785948134182
31394,34.41999284095282
31395,26.72577471377669
31396,42.48890238031973
31397,56.58631428968315
31398,31.615582905353705
31399,30.095907987907125
31400,33.21056705204467
31401,35.11753917245019
31402,33.042401873459006
31403,31.386021065969686
31404,64.82782933476913
31405,46.75555581350318
31406,18.918620477990284
31407,31.545760202888506
31408,56.47606957444341
31409,30.483982959434314
31410,33.728369772540894
31411,38.54476209894394
31412,37.135683371621276
31413,39.858279401607334
31414,27.73891160470443
31415,35.74688992254736
31416,44.53615975390283
31417,38.50128946404762
31418,27.352725247760333
31419,25.555332561466287
31420,26.134696037224938
31421,27.547134522561638
31422,22.70092393194236
31423,25.415763247689796
31424,26.403188802506374
31425,22.306754628325137
31426,27.207271054069427
31427,27.674431480398027
31428,30.98142405301836
31429,24.745632075475694
31430,39.21900101765522
31431,28.1939346429383
31432,32.201715475937014
31433,34.593456729488686
31434,22.455679745607824
31435,26.104797746618146
31436,26.32418435300552
31437,26.323963673299904
31438,30.845525393677363
31439,25.382989874108166
31440,30.34832354485931
31441,37.1620996840691
31442,23.229091022493275
31443,37.34480026591877
31444,26.703123348671056
31445,31.430942920659618
31446,22.700893083903605
31447,35.98200414292608
31448,37.23901735672669
31449,30.625961014154935
31450,27.944127167988714
31451,27.0129949260845
31452,30.579538427736036
31453,33.99644405431901
31454,28.062446800588898
31455,25.771096396491444
31456,28.94456834524752
31457,30.851317624833626
31458,26.5351569357689
31459,28.37879473654967
31460,25.882586914321156
31461,23.41846202858383
31462,21.34290927370604
31463,37.43016430338411
31464,33.23257798951234
31465,31.146611977229227
31466,38.915979970579066
31467,26.550988015509883
31468,27.473190431225174
31469,29.02254399574365
31470,25.187851250902323
31471,29.783508938404747
31472,23.420409217308602
31473,28.608679492921528
31474,24.97953337129051
31475,38.87156791672672
31476,30.203511124787813
31477,32.374501078044055
31478,29.392623734639812
31479,26.352366487975942
31480,33.176564402392614
31481,34.642605007042185
31482,38.59792399109994
31483,28.721061106060187
31484,25.730993695860164
31485,26.026428181819057
31486,28.080316168200394
31487,33.086553183461035
31488,37.40267648128337
31489,30.340280113578643
31490,24.996311091985714
31491,26.643114013324865
31492,26.64933611341226
31493,24.000310329556374
31494,19.35786945232532
31495,25.08900780576455
31496,27.07870521868267
31497,33.90145336864592
31498,26.671752195674888
31499,27.030665737490008
31500,25.70373663251054
31501,34.86004094332274
31502,23.731288246578867
31503,28.25444556596636
31504,38.335571248274185
31505,27.4955361560254
31506,27.031450793442385
31507,27.599541836345825
31508,23.000165715656763
31509,27.259177842698794
31510,28.074973564832572
31511,36.32462109794332
31512,27.47019581214725
31513,29.531320131474686
31514,28.22157491679137
31515,27.93876038899829
31516,50.64933053918634
31517,55.91779665958134
31518,47.24093466225833
31519,43.31206654088832
31520,47.99789480658777
31521,55.239392912229825
31522,51.54018848485927
31523,52.252887314517885
31524,32.59992221410398
31525,43.474765276387565
31526,68.3332386538465
31527,38.092802606454164
31528,49.63224816963169
31529,75.81161578000591
31530,39.23526352551183
31531,44.351992421764805
31532,39.686942876018314
31533,31.035363606959994
31534,42.87662301733556
31535,38.62433771753445
31536,28.843532813794273
31537,35.210444429239054
31538,38.16834088663991
31539,44.31365903031616
31540,32.1873182255154
31541,35.611120697696215
31542,32.95451263792656
31543,43.77458668342219
31544,36.691179211272264
31545,38.246878458820035
31546,44.02170944908139
31547,58.390895474678445
31548,33.86518315113711
31549,36.58338947767686
31550,28.973408947283076
31551,38.51026951028736
31552,24.55957350499416
31553,37.861345888324394
31554,38.97841799450143
31555,39.22530885910004
31556,45.67947630621529
31557,34.04017966396021
31558,41.2927076189017
31559,31.272498537282658
31560,35.53292046112745
31561,46.39360359912635
31562,29.530565953127468
31563,46.19381625480997
31564,33.211874721287465
31565,39.2315916107821
31566,40.34099630068666
31567,38.2996506911509
31568,28.089154978077065
31569,41.522135165167064
31570,40.670583676583504
31571,36.89471252628707
31572,27.668700232937596
31573,35.09314360046864
31574,28.621368135263207
31575,36.720012618228616
31576,33.54880800998804
31577,32.95104619315533
31578,29.73638814408426
31579,26.41266332826279
31580,52.386912192493945
31581,38.18052435689331
31582,31.70161549121757
31583,32.34138316303113
31584,42.54953983449351
31585,10.794669921129147
31586,29.84286686196388
31587,26.427669533733976
31588,26.555038957878605
31589,26.11740386474281
31590,28.069008073744026
31591,30.88700672124399
31592,29.264760582182095
31593,28.219306242082933
31594,32.95127777103933
31595,30.268616503809586
31596,25.50797525968778
31597,37.87153633430755
31598,24.167454087833097
31599,24.390695464735842
31600,26.51861283918426
31601,37.200366760912765
31602,34.48284390707651
31603,30.285989518630757
31604,29.476302735952316
31605,25.281892036741695
31606,32.88971048531274
31607,32.179726305990165
31608,25.097368479418012
31609,35.35348545966819
31610,27.444351058285324
31611,29.042843148339372
31612,25.22301122923402
31613,29.721766060292722
31614,27.654975160425085
31615,24.58906787876515
31616,33.854293336223776
31617,21.969985869007555
31618,21.536977588664026
31619,22.075305785864227
31620,28.18776892499646
31621,24.372008709301976
31622,25.150553822529947
31623,22.248145134510878
31624,23.657583383958876
31625,28.484459506122732
31626,32.50590181653582
31627,24.976959123390845
31628,23.35946022413259
31629,27.353065156919204
31630,25.88696235994207
31631,26.16216980030065
31632,28.447469603687157
31633,24.564508175559183
31634,24.819026299140074
31635,31.000045366257325
31636,24.187451594908666
31637,19.33186177343377
31638,24.041102764858326
31639,13.35784048935613
31640,22.889052669032036
31641,25.080090654490448
31642,23.93447750386665
31643,24.97987722240323
31644,21.84553815434113
31645,31.398974318237038
31646,20.130128836116068
31647,23.44138713566643
31648,24.4511838153321
31649,26.205848823865548
31650,31.319544711812366
31651,25.705102466697312
31652,26.574916137513185
31653,26.425695663659884
31654,25.749955074199125
31655,24.918253147830995
31656,23.14981062951799
31657,33.0895586531625
31658,32.16928527961722
31659,24.393997532653827
31660,20.296200028599113
31661,25.563682066580892
31662,25.380800810493593
31663,29.495162262552167
31664,31.885954943018064
31665,27.156310117616005
31666,33.16939930769914
31667,27.10252901014486
31668,26.10239137443827
31669,20.816570219418452
31670,26.807096466932517
31671,22.618438000072818
31672,31.07699854965327
31673,22.039160773505127
31674,28.171425667400865
31675,31.09473890600296
31676,25.104491553951885
31677,22.774448654267164
31678,33.84630567884047
31679,29.471060504814925
31680,25.32072137503984
31681,22.43855732321148
31682,27.17917635482273
31683,28.84281555804756
31684,25.5880073431866
31685,26.47844304175801
31686,25.251393140830178
31687,28.354352149974535
31688,23.801657713837084
31689,23.427318326923245
31690,29.492560202960664
31691,32.34119607157185
31692,24.5326804304302
31693,28.08350634320455
31694,27.74543001435372
31695,29.050106959167184
31696,26.57326909885279
31697,27.17507304688441
31698,20.583913876452257
31699,31.046738412956127
31700,27.514786203720444
31701,27.934747342039923
31702,23.90843932764371
31703,28.770294037512517
31704,32.344974503739394
31705,23.98700322048157
31706,27.311266042990038
31707,21.73749577456169
31708,27.27871963327608
31709,24.756017158697617
31710,27.35243594923612
31711,32.61446762394157
31712,30.00707183739857
31713,27.707530891033983
31714,28.521996351246955
31715,27.3019031459913
31716,35.51448358324847
31717,17.50967631862741
31718,33.76149503129554
31719,34.62288710408084
31720,24.758514971828102
31721,25.115523720266324
31722,32.87090994413831
31723,48.00322952683846
31724,43.440690338123524
31725,31.528158068222652
31726,25.50858863910293
31727,37.410081004172966
31728,24.570399967998373
31729,24.18438509982364
31730,29.80523257637609
31731,22.555237162195656
31732,25.364165849786826
31733,33.916273497778754
31734,35.42767019568482
31735,58.0428430886505
31736,33.93134409963809
31737,34.616189143807986
31738,30.138712860365402
31739,42.55897629485317
31740,22.452171468955157
31741,28.944644551771745
31742,26.994407167850426
31743,26.464538326182605
31744,26.517210979238218
31745,41.09545952449104
31746,32.41789926622703
31747,46.6237819108024
31748,34.26907557411159
31749,23.411506814772178
31750,33.28524544888115
31751,37.77388443167564
31752,32.423606722567456
31753,28.7192557033466
31754,25.90455494092943
31755,34.35489635092378
31756,37.531288717158844
31757,27.573711510429046
31758,29.041528110465322
31759,34.126927073996654
31760,26.008419539086955
31761,38.407519415084586
31762,33.39354147160541
31763,29.003211414942253
31764,31.735192239788734
31765,25.133511071671368
31766,27.318853492460708
31767,29.375533149527627
31768,26.79067545638838
31769,40.82793821541409
31770,37.28339767103026
31771,33.3961811521524
31772,26.54774461217244
31773,29.724310623028245
31774,35.27075501374343
31775,22.27333494747869
31776,33.52664014020218
31777,27.045615491043154
31778,24.26255066906327
31779,24.153447725032738
31780,25.363239013985794
31781,33.23042207518961
31782,35.57337670845286
31783,25.047699260821418
31784,26.02003242708378
31785,38.794993058806035
31786,33.77017155589447
31787,68.73048050579298
31788,33.3042549978453
31789,31.006381601381054
31790,61.04307958955877
31791,52.18042029409608
31792,49.41000845491772
31793,49.255976765761126
31794,52.19603193381486
31795,22.591951451376918
31796,33.33582283717589
31797,33.23242527648852
31798,28.806242379036956
31799,44.88987192220978
31800,37.38929821761493
31801,24.817276214010402
31802,45.72446563486587
31803,45.597614877434836
31804,45.09015562527691
31805,50.33580187403535
31806,23.855764330835388
31807,25.02644154872621
31808,38.685102192052916
31809,27.502521053204493
31810,31.68542705184326
31811,29.31281838808772
31812,33.06532707483464
31813,38.264756516711095
31814,26.178022343121608
31815,31.777914751101367
31816,33.58671491412884
31817,40.206566904146456
31818,37.818119642920244
31819,22.037834611828277
31820,32.30568680326858
31821,32.80170622267344
31822,28.872352152860042
31823,28.998568768709205
31824,24.434964366859386
31825,27.738518818792354
31826,21.16651921695379
31827,27.87265819444133
31828,25.665453758124325
31829,21.742305300709234
31830,29.852488498401296
31831,38.35395031476407
31832,38.120752602623575
31833,32.33253371223221
31834,23.370575413698628
31835,32.758400364590116
31836,32.206832224992105
31837,38.37564085675013
31838,23.957126831144432
31839,58.69214758153233
31840,58.300530512965054
31841,31.691267643080035
31842,34.93838053062066
31843,24.198555616501466
31844,31.871427176900635
31845,32.24074126488565
31846,36.656108945378016
31847,32.86338739108926
31848,26.286304876438397
31849,29.233625198044127
31850,48.42755250375779
31851,51.509063287316955
31852,29.339443048633594
31853,20.858848090049232
31854,22.18527928222217
31855,36.081299153795214
31856,33.45749427651803
31857,51.076757212525195
31858,35.225289612486215
31859,28.535539157511185
31860,39.461529625980866
31861,23.491029547324572
31862,24.961073916842405
31863,31.87019497984363
31864,28.33486517357863
31865,30.57686070558658
31866,21.232612211430936
31867,22.712403171971896
31868,26.681390523881063
31869,25.10018059776509
31870,24.798506600829473
31871,25.654547161343498
31872,25.04886831242852
31873,25.383774273174435
31874,37.048333049726544
31875,32.19591046874082
31876,37.30618937936655
31877,36.53678936879407
31878,24.0246976592193
31879,26.45364288259063
31880,21.684597558018492
31881,26.054076260373563
31882,25.953646669390906
31883,23.67337232526098
31884,29.940644713861687
31885,21.587406184122898
31886,26.41685150340358
31887,24.62758776841579
31888,23.54009887108651
31889,28.72295315768889
31890,22.122664624181755
31891,25.051538010029528
31892,27.99296292891292
31893,32.34081257378791
31894,26.557651704066377
31895,27.891541566287973
31896,23.16891370391515
31897,25.124766830557064
31898,25.182175400899812
31899,26.904691777590088
31900,28.857157269532365
31901,31.114291231440617
31902,27.497526105264196
31903,27.50955611004896
31904,29.289518272442674
31905,31.523987065697373
31906,29.835419954791547
31907,23.709180564053124
31908,25.897527796534888
31909,28.44266955729508
31910,20.880525687310463
31911,23.369254303099197
31912,24.658913158291544
31913,26.24437445616734
31914,22.939528613367898
31915,24.07317269486286
31916,25.39911311713978
31917,27.132759267301193
31918,28.717375146150033
31919,24.5892236044777
31920,23.892486937985414
31921,27.684122864604614
31922,25.815316987643598
31923,23.5178139971181
31924,28.885286939786095
31925,24.63782140367557
31926,28.75424256149203
31927,29.530126491711215
31928,29.030371904036176
31929,21.65013105093581
31930,24.690951801243955
31931,23.194391585322276
31932,26.793450985141863
31933,26.17730053181627
31934,26.901549369309553
31935,26.52867448269957
31936,23.727731634395994
31937,30.78373526156027
31938,24.91279703479948
31939,24.131628115782053
31940,23.185566415559347
31941,21.924296615549633
31942,24.021717775866037
31943,29.229821582937955
31944,27.36665121758693
31945,37.31595090210761
31946,30.185297893335385
31947,27.34657434519865
31948,27.67230821173202
31949,21.375194282988204
31950,24.79429681608623
31951,23.430185099960998
31952,31.196565434999588
31953,23.321335948595983
31954,25.33727299134924
31955,28.895490217864218
31956,22.9389325646306
31957,37.329675289331085
31958,38.06749637698454
31959,33.898912235922324
31960,33.07796193746929
31961,30.009376641501152
31962,31.149574318885907
31963,29.1895979069603
31964,35.52617621721646
31965,27.014494145711733
31966,30.834101501951363
31967,57.38336103599292
31968,38.38180271881003
31969,33.418548919109206
31970,27.684423835347392
31971,33.06409255276844
31972,36.51922046084598
31973,29.422850821537708
31974,28.30370567427492
31975,34.97636926038296
31976,35.94019016171517
31977,27.65317300083019
31978,24.975089820840598
31979,29.889160475465104
31980,31.04121257395292
31981,27.41020398331197
31982,39.3783138090895
31983,46.165647095720516
31984,29.40841119697144
31985,28.40994986438008
31986,29.262378086772046
31987,30.921031914830447
31988,30.605491251928328
31989,31.499315515482678
31990,28.81134480353275
31991,30.30934244327973
31992,26.1110908115804
31993,29.75044622960041
31994,33.572079303072385
31995,30.14326649926441
31996,30.754735298384748
31997,27.82822711854024
31998,29.203356381023866
31999,29.772800225150316
32000,27.907639213812363
32001,25.738343808622307
32002,27.3514105968884
32003,32.44640999961646
32004,32.55728474650649
32005,24.67531421918336
32006,29.285024572308675
32007,31.44351587684857
32008,33.42655342849773
32009,28.225718862447565
32010,32.17702746816029
32011,35.10659191678787
32012,27.41340426394537
32013,31.00427734706472
32014,30.519313828543243
32015,30.649801010820823
32016,29.091636925362724
32017,29.67122211408049
32018,29.471046747376818
32019,31.276485504602793
32020,32.271341038180545
32021,28.42000793864645
32022,31.994663186706052
32023,28.954071469555164
32024,34.43076566094268
32025,31.93020436451533
32026,32.83542625064589
32027,33.89898041524278
32028,30.79495679806801
32029,31.81728690473713
32030,36.38207060779353
32031,34.248269554494904
32032,31.526228292090945
32033,34.201585363441936
32034,29.104314755793837
32035,28.32187084819435
32036,27.030320614094023
32037,27.580734745206385
32038,31.916118920453517
32039,28.278899577070657
32040,34.410695447526784
32041,28.894769584374796
32042,24.813201800106427
32043,35.689928604298785
32044,30.84698356595321
32045,31.682135555920677
32046,32.96303674023272
32047,27.883126839381983
32048,33.751354879631236
32049,31.22929980240139
32050,34.166668385027144
32051,29.479942260906615
32052,28.745374984044208
32053,32.90749323264774
32054,34.63338923247078
32055,37.19193777557271
32056,32.09333597442095
32057,28.0697117805515
32058,31.532708472518465
32059,31.250654780821254
32060,26.38311473406503
32061,30.9739352129526
32062,32.999271209218534
32063,51.88116981435965
32064,65.00875518672784
32065,32.16858174153296
32066,34.1544631233616
32067,32.650195097735015
32068,61.90057855051979
32069,32.759162316167966
32070,30.479481343930036
32071,40.45604752799571
32072,35.45835506010496
32073,65.6287586735557
32074,37.125832748291565
32075,50.015088749551886
32076,35.91091201137109
32077,43.87014996371062
32078,47.19849824380763
32079,32.58470159420674
32080,50.269000520649456
32081,49.7311927926672
32082,37.27463097541127
32083,47.9914856959802
32084,39.48554006918237
32085,33.75274316984782
32086,38.01448308457382
32087,38.792224226325395
32088,39.14155255844336
32089,45.25928775458478
32090,32.672328159853635
32091,37.12733602010473
32092,49.4456638926107
32093,35.13600028904086
32094,37.594521297928004
32095,36.027061855981515
32096,38.732797126017154
32097,35.16076813385745
32098,41.755094139810325
32099,33.579092025305414
32100,45.91944074168007
32101,40.58451084599292
32102,46.44522873786013
32103,32.67071843943926
32104,31.935310469028696
32105,32.38307577546319
32106,39.19529124275518
32107,35.373926815425
32108,46.73112888944109
32109,45.69087046678718
32110,44.738188543910375
32111,35.070109690475164
32112,37.17030293038159
32113,32.519088504120965
32114,42.003744022152354
32115,41.10390569572819
32116,56.37900572013115
32117,40.67067125825077
32118,60.04869697266062
32119,38.6131308351311
32120,34.86107738156772
32121,37.437599959419806
32122,35.77269405728285
32123,27.23474504232516
32124,41.82090444706302
32125,33.40803084916365
32126,42.601810381594156
32127,34.47963877195454
32128,31.955855757130934
32129,65.53664553369957
32130,33.72404044401217
32131,33.539680201213876
32132,28.159322537985208
32133,35.713923615542576
32134,40.53521344085759
32135,47.43991213391033
32136,43.62845091412987
32137,38.08804337002871
32138,27.26091933942753
32139,30.59588554929088
32140,36.48195495940248
32141,33.14266469598402
32142,34.91808559826112
32143,46.21051569165985
32144,29.790995011163233
32145,44.78736596244519
32146,43.23243440471262
32147,27.920569610899744
32148,35.85172591367017
32149,29.05722910839005
32150,37.718623844142336
32151,55.89376194398554
32152,42.93107210843917
32153,28.610939615904798
32154,30.202001140130847
32155,30.944848594529393
32156,36.00737391851454
32157,40.56441921824561
32158,30.868202187214052
32159,35.102861074801645
32160,33.45827726534782
32161,18.72987005686014
32162,34.325819864619476
32163,22.668841291599666
32164,33.97587548386108
32165,21.177909865658354
32166,36.34897890008139
32167,36.21728171206423
32168,29.98483175920411
32169,35.63779007218526
32170,32.33219433764214
32171,29.60961407883471
32172,27.125744311959334
32173,27.016045797062716
32174,28.096076648219807
32175,35.656353664891306
32176,36.36119692309227
32177,28.1927426368126
32178,25.27539351603257
32179,29.972996195480036
32180,43.3932757236235
32181,38.27248505207792
32182,35.940145352525235
32183,34.05430704704836
32184,32.81434317382493
32185,30.411972047544623
32186,38.316816604326554
32187,31.53830530004083
32188,34.6686051554157
32189,32.58772554020177
32190,36.91872302267523
32191,38.44669325910827
32192,33.558389980423094
32193,37.62696768848733
32194,28.850917108294908
32195,43.37767382212988
32196,37.34161795859125
32197,28.117210241497617
32198,38.21146733743232
32199,36.19320519079782
32200,31.489299525412033
32201,34.75807327104365
32202,37.23541425290885
32203,37.13195328592855
32204,29.534821425315812
32205,38.00026663495206
32206,36.45751428275204
32207,57.93907707471584
32208,33.014230662064655
32209,35.626569737727074
32210,40.2182199353335
32211,37.019496691008364
32212,32.08429135756263
32213,34.444924703675944
32214,34.57005676464249
32215,35.61998521496075
32216,49.97372904311147
32217,33.12362559484184
32218,36.17097488201526
32219,35.36521610778396
32220,39.89418872048872
32221,39.207107079923745
32222,39.0531349916515
32223,32.017970977448904
32224,34.6819424642173
32225,29.26840925156786
32226,37.268545158137066
32227,30.92872863782122
32228,31.317872171393464
32229,34.18624724601628
32230,17.26915310805693
32231,29.326976233551296
32232,28.37392924918048
32233,21.421571947108998
32234,30.453913337123755
32235,27.50484158276456
32236,37.25007252609637
32237,28.635717452524077
32238,17.211459036397304
32239,33.55432679504515
32240,30.571160001531876
32241,29.938056545896245
32242,33.03304644299026
32243,28.843833336558152
32244,30.433931377894634
32245,35.15686427833629
32246,33.3855926357611
32247,23.662216964830915
32248,16.779651627325087
32249,38.9270819600231
32250,33.26416907959682
32251,34.541880097400075
32252,31.314451356869426
32253,37.090469340014096
32254,29.7808322491897
32255,30.56435089434577
32256,30.175758657928114
32257,49.85738900583948
32258,37.624617746618455
32259,14.903097804033637
32260,27.00421282809211
32261,27.986442318001057
32262,32.53882666996222
32263,36.698736708666694
32264,36.9652464801043
32265,29.44096139506635
32266,27.199115201160293
32267,29.10574094022365
32268,29.80628621041767
32269,33.417208701705135
32270,30.364701036135802
32271,10.353510266695052
32272,36.63194253969424
32273,40.95334004164082
32274,17.73511356075709
32275,36.40695609325989
32276,29.81188237195508
32277,28.176731963260266
32278,31.674371086452577
32279,20.308442196551795
32280,29.255041164585563
32281,31.37017345170177
32282,33.57479550756963
32283,37.230584549586176
32284,25.333496438394906
32285,30.997807462022326
32286,35.10972004469182
32287,10.046320889963189
32288,34.76631877868587
32289,38.32069362009131
32290,32.67323360482904
32291,30.07442199770095
32292,31.198848742949036
32293,65.45402993019123
32294,39.52911775797872
32295,36.02464131818072
32296,30.82508600358804
32297,34.07104680230013
32298,23.973474871364616
32299,26.00064150794736
32300,29.128748895555802
32301,37.241067007161284
32302,47.18697520808558
32303,36.46844338104197
32304,28.541093822793727
32305,39.1588770039855
32306,20.382882579700375
32307,32.87813895269758
32308,32.71761140164005
32309,35.57521893695931
32310,31.05466877339782
32311,9.299767085096946
32312,29.72141704534033
32313,25.564697420797234
32314,30.771010506295994
32315,62.910318774856904
32316,33.26864544800604
32317,35.970307146204185
32318,30.311122976306265
32319,15.849412998494252
32320,28.192413097039246
32321,30.767425054963155
32322,36.44814381533366
32323,28.465077168859978
32324,37.80969710030234
32325,28.586149650202216
32326,24.034221066563546
32327,23.11863833324206
32328,31.544756747829705
32329,25.375571510179487
32330,20.893882851964676
32331,27.21858494674566
32332,26.943354237286986
32333,25.277132990121796
32334,28.826900099143206
32335,25.55558510915252
32336,25.212459501870786
32337,23.00498657984799
32338,25.082701281036623
32339,20.075155829717612
32340,26.72220702019703
32341,26.718597253384257
32342,29.454882449818268
32343,35.138923765319454
32344,23.738437772681547
32345,25.072547578959558
32346,34.01951561050543
32347,25.48578259511706
32348,30.577728818376784
32349,26.021406349947572
32350,26.62380129800289
32351,25.360353849188296
32352,27.55536933038007
32353,31.61475379456503
32354,26.97767480618134
32355,26.35893769189285
32356,22.454072191665816
32357,26.944744467555058
32358,24.89808144211584
32359,31.523748389413157
32360,27.503461474115213
32361,24.228465158273917
32362,31.18130430017716
32363,26.1579458557504
32364,25.800999287071296
32365,26.642201993564925
32366,20.854250485720968
32367,24.84242217080019
32368,27.36774592378811
32369,24.816895172196464
32370,24.724626953607117
32371,32.736139710499494
32372,32.85159823243179
32373,21.34072351153523
32374,25.58239427553769
32375,25.52734308427736
32376,24.3111551160592
32377,38.022020152240344
32378,27.716986443054136
32379,27.08800606863514
32380,34.04764043111853
32381,24.263269752986165
32382,33.761821719170975
32383,34.16543720490419
32384,24.16922334903602
32385,29.04987309085857
32386,32.6952767273481
32387,34.74545351089764
32388,36.477488513768186
32389,27.200337559782724
32390,28.0947111767951
32391,25.256634505686403
32392,27.999565578748747
32393,25.129703251358467
32394,31.650588726149376
32395,29.172080789644724
32396,23.34795459160824
32397,24.960750516136596
32398,35.57243752764951
32399,21.91141280434633
32400,26.841064631070534
32401,34.602809672634244
32402,24.599516776941556
32403,23.67908456665867
32404,36.49867838859957
32405,30.19094732367331
32406,22.911965574348176
32407,21.441171456652295
32408,19.975950987056148
32409,73.26288266416711
32410,38.40029028419102
32411,52.39205295006739
32412,35.984825128034615
32413,50.46507634768067
32414,47.07066862943137
32415,64.28448774290396
32416,59.76746627578646
32417,46.00349530881794
32418,47.29533679342382
32419,38.54871318305093
32420,39.087390769816835
32421,52.07618497606208
32422,41.110582543306656
32423,71.41567982883717
32424,75.92899739628135
32425,34.38619834572531
32426,29.128976329878025
32427,37.18798916820832
32428,40.43632306753111
32429,32.34236140938369
32430,47.80830817915912
32431,38.83107956927334
32432,51.87681167434971
32433,29.149807268267214
32434,31.69733202305559
32435,46.152395459864294
32436,38.57901561888574
32437,33.98381133513174
32438,44.85059161131668
32439,50.21256709296946
32440,48.57393531525912
32441,45.98291928778827
32442,47.79724631950924
32443,57.854232002237474
32444,37.24754495554972
32445,35.396268541879486
32446,32.708383694673195
32447,34.46339277171356
32448,38.33102712425395
32449,46.685187546862004
32450,39.70552444453947
32451,45.21298075585929
32452,38.012507138165155
32453,48.375278366570114
32454,52.525677122116
32455,46.73363511610929
32456,37.97965676341111
32457,46.09858730795741
32458,37.60016260856997
32459,52.68589758283374
32460,57.067264378406996
32461,77.15100572488005
32462,34.38373647405366
32463,38.748317829518996
32464,33.54456158823947
32465,48.609278188547826
32466,37.60801847749798
32467,40.67011454049534
32468,31.912883778640946
32469,40.53068267645802
32470,52.043243963924965
32471,36.02842630398088
32472,42.39002527908959
32473,44.54440607059974
32474,38.20659071906837
32475,49.728038435917654
32476,34.07223752615465
32477,44.27787785689613
32478,47.07052158656051
32479,29.842868757983506
32480,32.27409255686772
32481,41.660243953502416
32482,44.27407556725742
32483,28.898517598947564
32484,28.29758056739148
32485,60.19990583781291
32486,30.144086751445737
32487,60.645179090829316
32488,57.134235388013884
32489,38.776951593549526
32490,32.03965191850643
32491,34.21160091148898
32492,36.752669437219
32493,35.44416418293245
32494,35.36997108119738
32495,29.441862571371132
32496,33.89352677778472
32497,32.18403035541065
32498,31.113721837537508
32499,31.145734866239604
32500,33.18106282263929
32501,43.09598608970774
32502,31.502533625286574
32503,61.23481546681737
32504,53.00654054513901
32505,41.857615341338416
32506,30.773011611877227
32507,55.02408261227266
32508,37.79511403985372
32509,37.75642688580589
32510,35.18715614792341
32511,39.79380163768693
32512,31.450032498042606
32513,46.08132542278401
32514,33.24099606751496
32515,39.14371799690867
32516,45.9505116753924
32517,35.32689944654593
32518,49.88787606216257
32519,47.90122605112817
32520,61.16985867873952
32521,36.61615218722177
32522,56.69360238570497
32523,31.643525729002025
32524,31.981676670280283
32525,39.9222612697293
32526,48.258787754413675
32527,37.48277477975274
32528,35.36179852302276
32529,60.73294111302812
32530,78.78358814669816
32531,34.476411459249725
32532,27.886359842679667
32533,22.86451307580307
32534,36.228804742839145
32535,39.488361215303314
32536,46.67170800169236
32537,32.30776670001598
32538,36.44127618672945
32539,36.33351682233431
32540,33.369025911839294
32541,43.73728073577516
32542,40.26129191878851
32543,26.071221275526757
32544,44.78492281075605
32545,64.40783563080907
32546,33.43451492738457
32547,34.43567457456527
32548,37.893758651019176
32549,44.30244440742917
32550,35.81627617599143
32551,38.222013179131444
32552,29.457317365379534
32553,43.214008368551504
32554,33.324761768009175
32555,32.04835220385777
32556,40.011437258590405
32557,26.475341809744652
32558,37.89341023627343
32559,36.463071791283504
32560,29.685886043758703
32561,34.49879112529371
32562,47.30061550538412
32563,40.28489838175258
32564,31.43551224528228
32565,36.597154752920915
32566,34.00112190132792
32567,46.52524930252135
32568,40.83684220059087
32569,34.87965205092863
32570,51.74341453794111
32571,27.848743440747267
32572,42.59906849741726
32573,31.494686909464964
32574,38.61253653865962
32575,38.06759151360983
32576,44.050112858112584
32577,38.505829455676505
32578,38.31503376316912
32579,50.92576572868679
32580,33.30471440901787
32581,34.08754059995568
32582,25.207693209353824
32583,26.536880238378696
32584,27.368910438396842
32585,24.197994274370256
32586,25.213773617963582
32587,19.566324610859198
32588,26.00818926633499
32589,23.041946889285658
32590,20.503946659676515
32591,24.308829499966254
32592,24.869349875853334
32593,23.76762256970308
32594,27.73095939407909
32595,20.783124033943242
32596,23.971821415855477
32597,22.969078061040566
32598,28.315524269437773
32599,25.382113351074675
32600,26.607654944314486
32601,25.57410942377582
32602,29.375295719694453
32603,26.955702525791256
32604,22.03516037570101
32605,19.544535457452966
32606,19.9564715695535
32607,24.90370150299685
32608,23.378423936747296
32609,23.32297754071536
32610,25.244437930844086
32611,23.60431625180367
32612,26.036867730401596
32613,23.526557713475356
32614,22.515077984453132
32615,22.72445524861463
32616,21.667443152239695
32617,27.078702330526113
32618,23.371335185136616
32619,28.14027395224528
32620,24.88397847177289
32621,20.53941797820617
32622,20.652057090932836
32623,24.02542479864931
32624,20.667795438227255
32625,23.458047957297538
32626,19.698577905117983
32627,22.93834014047374
32628,26.03871714780759
32629,21.740439777368703
32630,24.427642668826696
32631,21.668689478450304
32632,26.55091556996739
32633,34.680408464249176
32634,27.561452213711174
32635,25.112060542918076
32636,23.51982903801425
32637,22.379834094510983
32638,26.133629462484677
32639,20.606845085688374
32640,21.419035733189475
32641,23.970398411540675
32642,26.100197233770064
32643,23.43260777750274
32644,20.64168906909654
32645,21.539650009456395
32646,26.97834364353012
32647,21.585826457319182
32648,20.774090799856893
32649,23.758815101315395
32650,24.465820684877972
32651,19.436719996164467
32652,27.06702087362656
32653,29.88589110532513
32654,25.4597458423891
32655,23.970266373786732
32656,25.031856346403234
32657,20.038886563777478
32658,22.778684159383698
32659,27.149080165106472
32660,24.757310292447993
32661,24.434358457657954
32662,24.608267354861255
32663,25.73244319319781
32664,23.526032916671884
32665,24.25836340625934
32666,29.126342034826592
32667,21.737219013484193
32668,22.847924570728136
32669,21.788391648410123
32670,26.584471621248426
32671,23.807058571976096
32672,25.773650276125093
32673,21.573715878633248
32674,35.95850830063546
32675,32.23081453966311
32676,36.509711336384335
32677,32.054442022130594
32678,34.53229466465839
32679,28.271963097410005
32680,31.751557991754453
32681,30.822706536032015
32682,33.894786101513866
32683,47.508396454732726
32684,33.94790667540511
32685,30.632124743369115
32686,33.44779752809979
32687,38.53381952617926
32688,34.96210745977632
32689,31.789693635567563
32690,34.97257096148582
32691,28.613321863250505
32692,45.998739947338215
32693,35.05028266570245
32694,32.83161720485348
32695,32.434384703433096
32696,37.261053839712304
32697,39.60210483898355
32698,31.95539667294391
32699,34.90339917639331
32700,39.46694608059436
32701,38.879226867664585
32702,31.5132941287943
32703,30.872098867937478
32704,34.68980319322154
32705,32.77131338711144
32706,32.62955221379272
32707,48.2999865453437
32708,46.79558420611169
32709,34.334192233821234
32710,34.80664937034013
32711,37.35617842072083
32712,46.80347745813605
32713,42.90517639884866
32714,38.69281040514656
32715,41.61603714991572
32716,33.26198246854342
32717,38.13340566310733
32718,36.22999793373966
32719,40.414298885445675
32720,30.940473275835846
32721,32.02635687888053
32722,46.76914885789521
32723,34.84112672009483
32724,30.727907940699186
32725,34.793234937073166
32726,32.510888623658694
32727,34.886541651460554
32728,31.377413887121662
32729,32.51322295855762
32730,31.304197814898927
32731,24.709138553623887
32732,32.48278447065883
32733,38.27159136112602
32734,49.06717668607691
32735,35.88749306433311
32736,33.00677266930486
32737,31.385797147249377
32738,39.40569694009808
32739,31.13566572650909
32740,28.493558838535588
32741,37.64498513875089
32742,33.06661674530833
32743,45.60451724739423
32744,37.28133791504316
32745,35.70546057216116
32746,39.60295921927604
32747,38.181678945933406
32748,33.44543860204704
32749,36.22250773501919
32750,44.000090201388645
32751,32.343445360723166
32752,30.958359656812238
32753,41.55505234926171
32754,38.39588499696763
32755,34.93351235592046
32756,32.526504254811876
32757,32.985710057269074
32758,59.01954246331129
32759,61.21423011492336
32760,36.02806298731116
32761,29.910279942959562
32762,25.778479899361205
32763,24.857329045296467
32764,34.32278941188705
32765,35.244904236103295
32766,28.748415361587117
32767,52.946517276089686
32768,30.921171476837554
32769,32.310230097097
32770,35.62509225713774
32771,33.14094873621055
32772,32.681723047765594
32773,54.89489300243323
32774,34.83052116275698
32775,32.03789210643862
32776,32.96775854502923
32777,33.7491640773412
32778,38.78049214603051
32779,30.00074071092312
32780,13.706227568988298
32781,32.56031611249191
32782,29.392634607490375
32783,42.22035496501939
32784,25.980424538133292
32785,36.10672981814008
32786,38.05668298074651
32787,39.39781159773917
32788,35.590333402032805
32789,30.322245582061594
32790,41.60773991403483
32791,31.462212512075336
32792,27.43061269242652
32793,39.16125549285125
32794,33.037705585242655
32795,26.75645150686925
32796,30.076802907219747
32797,23.850991634119264
32798,64.43209839615584
32799,31.614656502012952
32800,25.99436137291671
32801,23.928809505773994
32802,56.461680972827004
32803,27.083005956645962
32804,17.494788148975157
32805,25.548358596108145
32806,33.952860274324856
32807,25.936780918189797
32808,48.544498515544724
32809,30.05799457456445
32810,25.11038291481472
32811,30.234848476599705
32812,31.026007703312192
32813,34.53297042005254
32814,27.84987323594296
32815,31.158210510833282
32816,22.963092985661365
32817,30.89425513554163
32818,30.774492804496262
32819,23.951544019412427
32820,35.8632515610417
32821,29.071872101415448
32822,35.471261622972015
32823,28.255411274377042
32824,17.108542661443153
32825,29.414800470647624
32826,35.61323713015411
32827,29.11756546139757
32828,29.644732244905672
32829,27.43688937204953
32830,31.102041566765923
32831,24.386831844921492
32832,22.23153891605783
