ID,track_popularity
26266,26.107257444026203
26267,28.49240027328295
26268,27.683629583674755
26269,25.4914681492816
26270,38.32092528916037
26271,37.39741651887709
26272,37.25389127687839
26273,39.47766357233
26274,39.62774321590498
26275,31.4801234534852
26276,31.286390595503114
26277,32.94856492406398
26278,35.92050418929384
26279,32.48235268742499
26280,26.81600409102226
26281,25.05493210304149
26282,27.366519108352172
26283,28.28095219148779
26284,26.324455658865528
26285,26.2474616624653
26286,25.619878263893355
26287,27.25865840224303
26288,24.325184020496383
26289,24.40140983787188
26290,26.043922837396757
26291,25.05144038330088
26292,26.11355326845613
26293,27.401444599088126
26294,28.695330340554467
26295,25.90134542553442
26296,21.827606716655424
26297,24.99777786604289
26298,26.44485975918362
26299,33.12853336402425
26300,29.083436185492083
26301,28.56554139677034
26302,26.211636274833737
26303,28.905459071945856
26304,30.633736022609412
26305,27.675070514306537
26306,30.473898683959213
26307,26.09365539366095
26308,24.04881813068911
26309,31.667333928680975
26310,25.81844531883537
26311,31.082982752525346
26312,27.466425038556324
26313,26.767182928375195
26314,31.120928312936506
26315,28.753609662255386
26316,29.248171099110444
26317,27.43561037438029
26318,5.3199081749787425
26319,28.617185580370744
26320,23.275350941392844
26321,26.199457510852767
26322,25.41191618970066
26323,23.42479220959953
26324,28.76219516398477
26325,26.16374696988361
26326,26.38209209679259
26327,27.73587547802298
26328,24.912479959877857
26329,23.513960211616524
26330,23.03596709563725
26331,23.11497412622984
26332,16.082154343523676
26333,19.48020283286876
26334,21.71102241314235
26335,29.55151811157829
26336,32.94166244722362
26337,29.285893098979997
26338,29.90220457731197
26339,24.349980421243146
26340,27.80012087110406
26341,26.59705611213456
26342,19.704213603471064
26343,22.77284849081093
26344,16.26458274324276
26345,17.962596066393456
26346,20.897984205498048
26347,18.89283480676403
26348,17.852634446391797
26349,22.76431128380341
26350,28.994001105391597
26351,28.852418926544782
26352,25.99246618502969
26353,18.141998967412857
26354,16.964518463296997
26355,27.64331835668938
26356,23.814884526202864
26357,26.23244302257935
26358,26.934464310626318
26359,29.24903353251603
26360,18.713535657915266
26361,24.360642247454617
26362,29.00589147058824
26363,37.273961390213344
26364,35.95380640026388
26365,39.61554252333044
26366,46.742110386931984
26367,56.88406969479919
26368,28.98264433549152
26369,28.642661682303014
26370,45.49937759244986
26371,41.30704182959932
26372,25.67178911586815
26373,31.576570562034846
26374,31.290346944923094
26375,36.49896907055816
26376,31.662709592724575
26377,42.46821519724534
26378,31.05986601350046
26379,39.544492777051175
26380,7.756179519055648
26381,34.51582814950303
26382,23.66172839164973
26383,15.53480439732228
26384,47.78117782002926
26385,20.381620247232533
26386,26.49730378481949
26387,29.21400839857666
26388,29.94075348248947
26389,38.89950552818603
26390,28.421324294681916
26391,44.21434969052413
26392,18.126308734437032
26393,20.311928314734526
26394,16.674615405204133
26395,33.66496862101232
26396,27.685162876755
26397,31.479642650163434
26398,29.994865392233663
26399,30.119778982692992
26400,19.14118674296624
26401,14.50961345094711
26402,20.370944779527417
26403,19.110172456100887
26404,47.97478753135456
26405,46.79045843612371
26406,48.73700427541794
26407,6.822888817070837
26408,23.174682762848025
26409,26.348401715731963
26410,27.274685120879568
26411,26.69582937172072
26412,36.13399595309835
26413,23.39168447252265
26414,40.08772410511239
26415,17.89061324248076
26416,28.146540296041337
26417,31.02443798737292
26418,30.203267888064822
26419,56.83144688140107
26420,49.72595743628221
26421,26.785145367091967
26422,28.25511308197994
26423,30.13515584361602
26424,19.20467303300612
26425,26.07774683656488
26426,24.945873287063375
26427,27.302778875628174
26428,27.67776862319054
26429,36.99678839745345
26430,57.25835670109429
26431,51.79975180244284
26432,29.87376850071073
26433,24.72123948395944
26434,28.55901652140988
26435,29.72824960319859
26436,28.4326368272319
26437,27.5872664226602
26438,41.132107556844666
26439,18.971530758087116
26440,16.227708763852466
26441,28.488101665686298
26442,30.70391553364678
26443,29.824107416915176
26444,31.02256674496568
26445,57.04698578992086
26446,50.47616316151257
26447,17.37197800145913
26448,28.68798416660341
26449,49.321862796561
26450,57.15289145163092
26451,24.54267991568097
26452,24.409624502979558
26453,24.26602574332698
26454,26.50344740474499
26455,26.325165172461
26456,24.54540477665451
26457,25.65115676883188
26458,22.38056741718386
26459,21.06980695524712
26460,26.357020313175727
26461,25.04818062350145
26462,22.29273168740117
26463,18.925693389102577
26464,20.35894284439874
26465,22.60839246094784
26466,23.53370878679297
26467,23.93500827353455
26468,23.87602508798536
26469,25.190686890521977
26470,24.195821140933813
26471,27.533257482359733
26472,24.22731470872032
26473,25.33913982120427
26474,19.745990964164008
26475,22.51774887566847
26476,25.3372415919448
26477,24.176721050790626
26478,25.390730315021028
26479,24.70224179037112
26480,24.097878378417537
26481,28.72790614459942
26482,22.65835193675967
26483,26.54932288737162
26484,24.08904085852193
26485,27.508144606812603
26486,21.96910572184688
26487,26.80707116499558
26488,24.764581354836096
26489,25.73926849458376
26490,24.358315019797047
26491,25.181593269604644
26492,21.675482211316687
26493,23.549918771299104
26494,21.74790333390305
26495,26.22445213495196
26496,23.12911447368
26497,24.796076580713656
26498,26.075117385906225
26499,25.277647170720996
26500,23.79132315784284
26501,26.95859747897784
26502,25.484684454109114
26503,24.157755393073444
26504,22.613055661026465
26505,22.8032738165483
26506,24.16676929333904
26507,7.721614888333637
26508,22.325882197602283
26509,24.67244140986516
26510,26.87373168263204
26511,21.650708850129515
26512,28.6193165305586
26513,7.436743329098569
26514,23.471901787559144
26515,21.720625255036012
26516,23.513025880970407
26517,24.887747138406706
26518,26.07143093771455
26519,20.05707997073485
26520,24.319225019986447
26521,24.80502646653441
26522,25.361953944077158
26523,23.1127426125388
26524,21.633894970473165
26525,24.418343091002946
26526,28.400248087387453
26527,24.100499282149315
26528,27.10114402154924
26529,30.06372196962507
26530,24.91565322729051
26531,19.835036841588607
26532,26.720440795402325
26533,21.64066215303647
26534,21.693066574613848
26535,20.51734896779733
26536,23.80566728316721
26537,26.524569728981493
26538,24.55212856518534
26539,24.794953788637685
26540,23.19348613941632
26541,27.03274589789426
26542,25.32819136101077
26543,25.087577922451583
26544,25.819525360810385
26545,27.97719152838348
26546,25.758011746157543
26547,25.12222542734078
26548,24.439278796727336
26549,22.72746481322305
26550,22.50645368303766
26551,30.48815604950527
26552,24.838200599796988
26553,28.804566748458324
26554,23.10716558084827
26555,22.3739510448351
26556,64.80261008767435
26557,25.113035438726644
26558,10.715057529447066
26559,23.886484548607417
26560,21.82508520293082
26561,24.85618103498028
26562,21.282846543328613
26563,23.561128183562275
26564,26.91956093572706
26565,23.702960137600154
26566,20.35847397306884
26567,20.708635576832275
26568,29.33489736999163
26569,29.146879672845095
26570,19.51219048380538
26571,36.02172089397257
26572,4.651085066119919
26573,9.157929567136089
26574,25.55689010323205
26575,12.686898337687907
26576,21.19057779208607
26577,23.218858859333224
26578,16.033258432520334
26579,26.41416085099108
26580,31.242029517706392
26581,28.14291802910142
26582,22.20033741842408
26583,27.13116677092836
26584,24.08556769345053
26585,28.584162608183885
26586,26.949764574425675
26587,37.02384290093448
26588,24.526199416385293
26589,23.697464513752937
26590,12.451962581638844
26591,24.36906259297305
26592,25.565144861549957
26593,41.623004395060974
26594,20.264736360987097
26595,69.96850688608144
26596,44.09878885177894
26597,23.14184159352354
26598,44.74780943798084
26599,27.9969642880706
26600,51.51651617493638
26601,71.46097738716553
26602,31.457006791941588
26603,25.492602226402088
26604,20.11712768856084
26605,20.945298527723168
26606,37.77576593572476
26607,38.476896761038994
26608,31.115576962558684
26609,24.497160023668503
26610,30.52462933289746
26611,50.92263833315269
26612,25.034805077126865
26613,43.53677048894948
26614,57.934806533814175
26615,49.091576734983335
26616,27.02643770677812
26617,51.84743127502184
26618,49.482788569442704
26619,32.41749457339161
26620,32.53189507743299
26621,31.178246673083727
26622,21.98991080621239
26623,23.65338440296409
26624,30.514034096786105
26625,23.822956528213904
26626,46.79559467984749
26627,20.60152799445763
26628,23.205126131217938
26629,19.252917355035123
26630,39.4833466195309
26631,33.510717843055694
26632,23.488193878554327
26633,24.153013835754543
26634,22.99316598767029
26635,29.518973061606033
26636,17.290000028008222
26637,21.15963005188439
26638,16.17446110899051
26639,30.543320176121988
26640,34.23313616525292
26641,21.382434609501743
26642,20.07915939084158
26643,37.4051540320138
26644,22.34734008087213
26645,23.74385076875917
26646,25.597256904619908
26647,32.6150302280341
26648,27.47185083658345
26649,21.554503332232496
26650,49.46106426497915
26651,22.99165531053346
26652,30.54974939512266
26653,34.384233653139006
26654,28.674182718228536
26655,20.090738483757445
26656,21.01433110338124
26657,26.96147886101636
26658,39.49297634734224
26659,25.08725539585209
26660,32.47241463219611
26661,22.419769324649614
26662,17.170491185646952
26663,28.849902906595872
26664,26.113813985631964
26665,16.63422619564833
26666,24.271370701977528
26667,31.21262817004964
26668,27.15832364841837
26669,25.733815663985087
26670,21.273396099194496
26671,11.738068950965916
26672,26.224603049155743
26673,30.346248949553164
26674,14.637170232225053
26675,22.323997901982324
26676,38.35579582372406
26677,36.76022398036616
26678,26.3928931311338
26679,25.17786175044681
26680,24.236248596952496
26681,26.82064128320681
26682,23.85503774117336
26683,23.048205653729465
26684,15.403766685454919
26685,25.873638786878715
26686,22.78730304001036
26687,44.74168788377639
26688,26.445042681358576
26689,33.449557592055086
26690,28.89076842422654
26691,27.78280988078822
26692,23.26676679004457
26693,27.52603922104533
26694,26.193476516640956
26695,10.21464691574378
26696,33.202049459526286
26697,41.03321889108827
26698,24.910125904893277
26699,24.691832659744865
26700,24.12527550085176
26701,44.85468775417738
26702,29.675475272647425
26703,33.54117964641771
26704,25.796806886669938
26705,28.30186312116939
26706,51.46527315154197
26707,29.635343894440688
26708,31.78816805191233
26709,35.14168273684757
26710,22.121861034939087
26711,27.15337827972499
26712,27.359974942926897
26713,14.82203189816061
26714,23.199812761835904
26715,54.66119209781726
26716,32.798208863813024
26717,30.1887887964047
26718,30.526496630846218
26719,28.9377355483516
26720,30.991241100253625
26721,27.169866860667785
26722,22.25806403536851
26723,27.236033935826654
26724,25.720529351661288
26725,29.37791805338859
26726,30.9423500136649
26727,25.87445548677643
26728,32.102951293795975
26729,30.545930518482557
26730,28.481750909278546
26731,28.10988364862964
26732,45.35110693147168
26733,23.496888546544284
26734,25.684611208023476
26735,35.62804443331284
26736,28.263819779564884
26737,27.17090034236152
26738,32.8057378446109
26739,25.71029572801649
26740,29.297357467464245
26741,30.49387237949057
26742,28.161774916309277
26743,22.433689808829527
26744,23.295702811559234
26745,33.32342482109076
26746,22.77411591246926
26747,23.918576959628997
26748,26.773824115480316
26749,41.59761180953641
26750,26.77710458490481
26751,34.62991994109476
26752,34.55257405902128
26753,41.26836379924766
26754,34.952871936864845
26755,25.043146083168377
26756,34.67112398417233
26757,25.3948868820197
26758,19.927571063034776
26759,27.702973933376494
26760,26.392017007677254
26761,32.79200988048214
26762,31.816384953298943
26763,27.979552330680537
26764,39.91441355673663
26765,33.81619333916215
26766,25.94660041687709
26767,26.073301201105892
26768,25.094435099687285
26769,32.274092799354584
26770,30.791615842322066
26771,53.61975150597272
26772,34.92503579367735
26773,44.11851368406396
26774,26.231745365567438
26775,22.967525787028205
26776,50.74133613997034
26777,23.51925585121332
26778,41.14895165405031
26779,32.328123896855175
26780,24.32959014097561
26781,23.7789730182126
26782,54.96936733195266
26783,24.555250570941123
26784,27.803448113051637
26785,27.19117367641285
26786,22.092551680919915
26787,24.782125938432703
26788,27.02183524895005
26789,28.828789971832705
26790,20.18845990637621
26791,21.096646357418862
26792,34.96535100759561
26793,23.13778325870436
26794,30.753914230552397
26795,29.519771735369588
26796,35.78309359001236
26797,27.48580863527821
26798,32.383578020377634
26799,33.09035789905817
26800,32.250968366206344
26801,32.41427929185582
26802,24.47940771490832
26803,25.93227938786194
26804,34.208692147372666
26805,45.61158987519605
26806,31.326551272562533
26807,37.858737737177286
26808,32.00365656491607
26809,24.023225029100004
26810,31.360360687290786
26811,31.314082294099798
26812,42.28276538519324
26813,32.528833702412136
26814,34.80980834899355
26815,45.57974631085878
26816,31.20456656453578
26817,59.83823008764683
26818,31.426245360022143
26819,28.432360955701327
26820,25.81798274182267
26821,21.294605323093148
26822,30.648266720794673
26823,28.653727615565327
26824,54.99703055870075
26825,24.01691047269715
26826,24.45840819371013
26827,56.17661218901561
26828,32.8588959391756
26829,32.22857321644336
26830,25.719572048263917
26831,46.95222873067135
26832,27.545602335947407
26833,31.736011038574695
26834,29.42306618653516
26835,25.68194190718209
26836,31.834065229032873
26837,61.02409479011975
26838,42.98622958468626
26839,19.829871814432185
26840,26.022905434853868
26841,36.59380829598249
26842,36.10896202980231
26843,30.480319405868784
26844,29.008378699219982
26845,22.75616352935493
26846,30.66783402354907
26847,21.66634933928496
26848,32.07958559623522
26849,33.87079125509785
26850,33.86174000862309
26851,22.822389578697383
26852,35.199334858250296
26853,52.9185119344828
26854,62.00875518672784
26855,39.40052759668232
26856,42.7901084069613
26857,54.92608756162897
26858,31.22040573696956
26859,51.27292336419319
26860,40.11973287666243
26861,30.171342461271962
26862,44.891795072836
26863,27.21196192415285
26864,27.618127173256077
26865,30.0491488004811
26866,30.305045412584427
26867,44.98609609966593
26868,46.158542050830114
26869,35.08401464554877
26870,33.14370820454561
26871,42.40961913428049
26872,55.24545685937013
26873,24.24072531933849
26874,31.52421050396412
26875,32.367588532245286
26876,32.428192643299234
26877,40.27354772227792
26878,60.483087678224
26879,27.650189360688724
26880,47.92909178092111
26881,34.23615438182824
26882,40.20549184243229
26883,32.00949309222616
26884,42.95940072689091
26885,31.65997931698878
26886,29.625804915475612
26887,43.78820663996482
26888,53.191571194424434
26889,32.44790495541216
26890,37.9871149124588
26891,44.2712309700914
26892,51.94793783794976
26893,27.010635840056647
26894,29.978539789958155
26895,57.10656051806197
26896,31.979142613105203
26897,47.56655055651234
26898,34.25243643451849
26899,48.63790213254322
26900,36.45502100054507
26901,32.963886595642855
26902,53.10294801906528
26903,31.082415766399457
26904,29.247749194687593
26905,34.89317056876936
26906,45.595411049526696
26907,34.73065102267022
26908,35.71636550866703
26909,32.17181449137758
26910,33.938917968162166
26911,40.04095265920205
26912,32.625956133795746
26913,33.948903879624986
26914,48.039274092039896
26915,29.981275849183426
26916,32.36832448503154
26917,63.63428267487437
26918,33.18463343977399
26919,33.48576747067842
26920,30.92488381778218
26921,43.283291399308126
26922,26.674268299754345
26923,44.47918279244587
26924,29.804247480973537
26925,31.628528401233062
26926,41.562116911848285
26927,30.0566917056928
26928,32.32444315530674
26929,30.32714415750732
26930,29.98156899880542
26931,27.99125885506916
26932,32.87029059758421
26933,37.27342491667753
26934,31.682575404103083
26935,30.071745243665447
26936,43.91225199743624
26937,46.45050198226905
26938,31.55516330639373
26939,26.592712519068613
26940,31.553116563210203
26941,32.97749423768093
26942,25.19331172306538
26943,31.942177897503335
26944,35.167220270905375
26945,40.31405389706839
26946,42.87365573402496
26947,29.27163730643921
26948,30.185640166409975
26949,28.182072754005816
26950,36.139427168555166
26951,28.29559141619278
26952,28.90253470147609
26953,31.78515457388756
26954,40.16373320677604
26955,30.676974330492655
26956,32.05126662765577
26957,28.89093670240521
26958,44.154310004687545
26959,24.858964156835352
26960,36.11565785646447
26961,28.217840025499964
26962,31.412051085389237
26963,29.008893038643244
26964,32.15903229839776
26965,30.699804291653095
26966,29.445344907316645
26967,32.0582767818949
26968,29.901404836167167
26969,32.85249618002878
26970,29.367449868859914
26971,27.80558476160377
26972,32.957253108892935
26973,48.93947541841134
26974,43.000895302642334
26975,27.73484474518663
26976,28.40873552141104
26977,30.570039277179127
26978,50.99220729660505
26979,29.69745043744286
26980,28.51718867950738
26981,27.328268382246563
26982,32.25309733987924
26983,33.797291237337454
26984,29.78805377318796
26985,33.96571261540105
26986,31.789757832485627
26987,30.421664174838064
26988,31.257993102483304
26989,27.53089648128127
26990,34.903043889362905
26991,31.062101073949066
26992,35.379200927747895
26993,28.953548914044045
26994,26.31319098373556
26995,29.65944911827605
26996,32.9050675119565
26997,31.072628015013954
26998,32.81719457843513
26999,29.636826663857185
27000,32.64141119027301
27001,28.725003114870677
27002,32.2692106313553
27003,30.528519368869752
27004,29.825929526877182
27005,30.37930163427407
27006,29.27212429208953
27007,24.028385419204923
27008,29.820725923577086
27009,27.412260150548992
27010,26.20409095111214
27011,31.230732348212683
27012,35.77988286393933
27013,28.327930806188604
27014,27.87004440897846
27015,30.41995013757618
27016,26.28416709803633
27017,33.86820236031717
27018,28.844513110583183
27019,32.76782922252047
27020,29.51172707315935
27021,28.692515442224455
27022,29.732525613220375
27023,28.562432819613907
27024,37.96276508193802
27025,25.406689633573023
27026,25.65217445031556
27027,29.232680608611098
27028,29.997355703218112
27029,27.36077833030421
27030,29.68079050408369
27031,25.65463109409529
27032,20.06120248427037
27033,50.653032067905855
27034,30.721210656286956
27035,34.93120641592012
27036,28.74011385694436
27037,32.248692717732666
27038,29.223599840005782
27039,37.22842035052621
27040,31.07980962000088
27041,29.815702880970896
27042,29.580892416738187
27043,22.265798244077235
27044,29.026566715924567
27045,29.520980370036384
27046,33.18481609217611
27047,33.14877600983139
27048,35.35948859146743
27049,28.68149150120553
27050,34.24059891175813
27051,23.354981416986067
27052,30.957801981067277
27053,48.78268934696391
27054,22.86639735969889
27055,27.10617295347073
27056,33.395073515419966
27057,30.59835604487609
27058,20.365404444367744
27059,39.408224132512
27060,28.974781809807457
27061,28.61031712758748
27062,27.660909403833205
27063,31.347565368626398
27064,34.1540527201856
27065,31.57167709997116
27066,22.55456304949633
27067,30.118456416018653
27068,32.98218542844728
27069,29.829089002330747
27070,30.552851851169443
27071,24.743363441984314
27072,32.98050832098222
27073,33.2052866463085
27074,32.14404591680951
27075,29.12973695889096
27076,26.28588965891825
27077,27.959967767139776
27078,30.27073298120913
27079,32.784849302726435
27080,27.552374898519457
27081,39.52578336688473
27082,28.144119781007305
27083,35.88796071996779
27084,28.759550824210766
27085,31.32317679004185
27086,30.874332472286845
27087,32.691648196336494
27088,31.347906853613296
27089,23.90687162752617
27090,27.55760310478939
27091,29.233929997731643
27092,28.276520846695263
27093,30.795383614394368
27094,31.794576784116472
27095,30.83220082560741
27096,29.20259676700318
27097,23.664463456684143
27098,30.92425832318856
27099,35.112421810825474
27100,32.221833162724444
27101,30.582461116581392
27102,29.038776690360066
27103,25.880768960430505
27104,29.083899634136998
27105,29.452120559273723
27106,28.01743349129975
27107,33.46348710883635
27108,30.933876858758737
27109,26.834648550939303
27110,35.8178082234353
27111,30.462543369431778
27112,33.52711674730801
27113,27.62100884165447
27114,30.444632069876057
27115,28.91681892313901
27116,28.34679699140197
27117,26.919647801330868
27118,31.233227193492027
27119,27.96952955385901
27120,30.779076854418854
27121,35.94652484258256
27122,30.477558881504947
27123,23.676072741692305
27124,25.335120341204327
27125,23.33517844197048
27126,28.014795968178845
27127,28.48870718007689
27128,33.03840479237476
27129,27.181326798055945
27130,30.401290406428025
27131,33.59614177218371
27132,27.577743293669688
27133,24.924224284686783
27134,32.644577569441786
27135,32.039232307766845
27136,26.61360949794525
27137,29.01821657356212
27138,23.47624301579887
27139,30.11934557747881
27140,30.046851874535314
27141,28.934003009588142
27142,24.334986596169784
27143,34.185339004940005
27144,33.18004465868
27145,24.18922923127485
27146,23.040307290289974
27147,29.616872524375403
27148,19.412372013964
27149,33.50951143232725
27150,26.298220883021035
27151,23.99284709512799
27152,24.910227896491534
27153,25.22826862916401
27154,27.32390654364237
27155,34.1832040699027
27156,29.423752197383486
27157,31.93840302890782
27158,26.466338225058152
27159,31.79687694141341
27160,28.024862453467463
27161,25.619422305376958
27162,30.579090852088626
27163,29.566098325442233
27164,29.600365973680574
27165,26.05879861935971
27166,33.53974428974616
27167,25.93777571287336
27168,26.460077200249888
27169,28.736496774538317
27170,31.903698793089404
27171,29.590494317993375
27172,22.496408764148253
27173,27.17318411395168
27174,31.187818593909363
27175,26.293193705091117
27176,80.14633329027502
27177,22.659494962713698
27178,25.37542156669426
27179,28.756118233196272
27180,26.871787723128325
27181,27.500965596683454
27182,27.43503455279095
27183,24.807294522823216
27184,27.433822251426843
27185,32.771141535140735
27186,25.9869629765702
27187,32.48048652720536
27188,30.42639243857834
27189,28.595737335613496
27190,26.019016194466207
27191,34.1814907031678
27192,31.86335007497756
27193,21.55235232704256
27194,51.30667534636691
27195,27.521394471564232
27196,30.619637806618407
27197,19.51452621643051
27198,34.63216952617065
27199,35.07524208967559
27200,27.35155562995763
27201,21.739853466329304
27202,24.81828318279662
27203,26.895053078331877
27204,25.353861206737417
27205,27.8210005691339
27206,24.57031278832198
27207,28.2731416186396
27208,28.12768312898272
27209,25.7097046105624
27210,26.77426441767797
27211,29.471595311086837
27212,27.06378327989735
27213,25.721573764417723
27214,24.79964127323406
27215,26.7427742748271
27216,44.43128655044461
27217,60.39848828037997
27218,30.7481876367629
27219,56.93819438985246
27220,46.75787505177513
27221,29.61290753655735
27222,33.584065900354936
27223,65.33674356584508
27224,51.862701339270416
27225,29.757974903583964
27226,46.89140936190336
27227,29.058556296803765
27228,30.081265261286568
27229,33.00951771939463
27230,47.45881153968454
27231,77.23135591591745
27232,29.037366927796853
27233,45.086933230806096
27234,32.790917676589046
27235,50.11899456701527
27236,26.695590673080616
27237,42.20178994969666
27238,27.669125439752573
27239,35.34972942903706
27240,34.33561136885003
27241,31.430685255484427
27242,36.22161370864165
27243,40.89936801368484
27244,28.026754171042985
27245,23.412075588189296
27246,42.80711101620938
27247,31.68027825481048
27248,73.15862585613348
27249,28.6948327550967
27250,40.33818938479512
27251,28.28059996006019
27252,57.41732590455786
27253,31.56033941020462
27254,32.823114630907696
27255,31.3923210672069
27256,45.8321598433827
27257,38.40828560856768
27258,54.06343801907088
27259,33.558871768764384
27260,35.39125274959429
27261,60.1571203331407
27262,52.607587811989525
27263,35.98875337644765
27264,32.37762758986399
27265,34.27775245988719
27266,31.31159498959787
27267,59.39963132798371
27268,34.737416264518544
27269,63.48726163629149
27270,34.71954094975889
27271,26.35857178430253
27272,32.92804794397654
27273,31.237649366744435
27274,31.00943035490178
27275,31.044851517937232
27276,31.71361700487693
27277,20.94146581342048
27278,21.724999524729217
27279,31.13109868698114
27280,22.42183096519548
27281,33.16320627781073
27282,26.20624466377926
27283,25.756720265967875
27284,33.03860000274811
27285,29.493761655141526
27286,28.633428651459685
27287,30.181102183277005
27288,23.388928681601183
27289,39.16015186275948
27290,30.657882515291
27291,28.695932602613485
27292,30.99491213490888
27293,34.05520412369159
27294,30.802944621380107
27295,27.202085153473103
27296,23.670336650816164
27297,28.230820652169587
27298,31.673962388549207
27299,32.71254852126085
27300,23.021412169580227
27301,31.601292660843733
27302,28.1982386248952
27303,32.20602455037211
27304,25.470876471169888
27305,24.180514896226622
27306,33.66508231799325
27307,31.03479231180824
27308,36.724401633875935
27309,26.336048219339443
27310,30.968726286865426
27311,46.92985632604755
27312,34.96316440688644
27313,39.01011791360369
27314,24.46339967654369
27315,29.589789344861074
27316,33.11911740808404
27317,25.265839938745245
27318,31.22243594707617
27319,35.46809236035495
27320,36.22961615921104
27321,31.50518771912038
27322,32.60670953083451
27323,33.130582997183
27324,33.07486394017864
27325,31.401669471281707
27326,33.80561724608319
27327,32.84536518303773
27328,34.313123929927706
27329,33.88787529347954
27330,30.826709329925045
27331,34.47761759617863
27332,32.24388656352574
27333,35.310583997501226
27334,29.923281231002868
27335,29.444968530427097
27336,26.805623303671467
27337,29.532848318391764
27338,28.6364552892906
27339,23.273076423826076
27340,26.501351243917725
27341,27.744816523231105
27342,28.253509843991864
27343,29.603798873921292
27344,33.25008528081548
27345,22.340154179572675
27346,29.963218927209176
27347,22.610329863728808
27348,24.05665702744541
27349,30.681144751513564
27350,35.95464048815734
27351,31.710544572677357
27352,23.775939600447984
27353,26.033245686766577
27354,27.075221308271125
27355,23.76126108983698
27356,45.28974925518418
27357,33.2805330530371
27358,31.867719266353127
27359,29.95855719053933
27360,22.12252784123808
27361,32.786963029354204
27362,29.047014328884416
27363,27.63047134061941
27364,31.18019018634503
27365,30.391873116850853
27366,28.3638402464574
27367,26.491303974390323
27368,24.778069613029743
27369,28.33523326898892
27370,32.6834453866688
27371,30.733483937104694
27372,26.416269073035554
27373,25.46513536202212
27374,30.764903835752847
27375,23.12972463793589
27376,28.767086745272653
27377,25.348115549136867
27378,27.22406636432912
27379,23.720347624545635
27380,25.339244793182413
27381,33.25018188188856
27382,26.119306479945525
27383,27.011620147271543
27384,34.27483018464999
27385,33.883816377347024
27386,32.66596883426235
27387,23.85366571664421
27388,28.39292825106597
27389,34.30785723246456
27390,32.57774420901443
27391,33.217718672939945
27392,25.165223091898813
27393,29.352515020605345
27394,26.48626084449006
27395,34.87615640214648
27396,31.007010534292228
27397,30.529216933141953
27398,23.37879960638345
27399,21.71651680553211
27400,25.65735091924552
27401,25.72975877852093
27402,22.98811446366437
27403,32.163180679958465
27404,23.94396350723044
27405,24.39577054888234
27406,27.68255826848405
27407,34.71197689918254
27408,30.668843900639963
27409,23.21939663878561
27410,24.61510237307738
27411,30.425479343444074
27412,34.429883729077375
27413,29.397643409460493
27414,33.14136436242295
27415,28.205877520850667
27416,29.538343774852038
27417,29.656231849656272
27418,29.323118147408856
27419,42.80916492756693
27420,28.585627751801884
27421,30.321682340382843
27422,26.50406500750072
27423,32.00692867468014
27424,29.81432944098413
27425,32.73991452586784
27426,30.848832078999045
27427,31.556926779526478
27428,27.043550210478795
27429,30.11930878619021
27430,22.640447670154327
27431,28.95145013392398
27432,31.30032032319162
27433,28.841463067787277
27434,26.842449270674663
27435,30.65458957805683
27436,32.31368535683791
27437,30.45920092558825
27438,26.970822128036584
27439,32.217329515263266
27440,27.62493183638948
27441,29.032731148052655
27442,30.348714470673023
27443,33.01547215743347
27444,26.468467828809526
27445,28.696898118495767
27446,23.93109873447723
27447,26.517945645473883
27448,30.81284588153713
27449,26.670932574226462
27450,23.51224966639157
27451,24.96582653719328
27452,27.391807812708407
27453,21.484975711993982
27454,34.42547901192474
27455,23.322321053532125
27456,27.89998589796085
27457,29.305940530896827
27458,27.46178394647004
27459,24.8516211163618
27460,23.954231778433385
27461,24.2732944048156
27462,28.00019724719465
27463,26.661339052164823
27464,27.9242215272765
27465,27.924526532312
27466,23.31431307702539
27467,22.423566051764634
27468,27.09225798277771
27469,33.53743405160439
27470,21.88198772761753
27471,26.426104794665743
27472,20.53533591824502
27473,22.87099454849897
27474,26.889890640551773
27475,25.95647110417003
27476,24.363237673630447
27477,19.091612636485667
27478,29.595974142133862
27479,54.134235388013884
27480,29.166270161606967
27481,41.68908117068221
27482,27.80002610388206
27483,30.228344757681192
27484,30.706678805717303
27485,31.889485885278845
27486,28.959622809068904
27487,28.39300529476091
27488,30.206803263055633
27489,32.90609779596856
27490,30.81534522647783
27491,32.2737350701717
27492,28.63963637129372
27493,32.36797748185683
27494,32.97934062715202
27495,30.28308856780675
27496,28.22579108199992
27497,31.264694315201297
27498,30.28602918518593
27499,29.68849473377498
27500,28.04365279733216
27501,31.546710489617475
27502,33.9297630235482
27503,32.748058038270926
27504,26.117646048098383
27505,30.292413139164182
27506,27.23100431172437
27507,30.62201054463602
27508,25.99499190895485
27509,32.45639774884443
27510,31.335622207724306
27511,28.33264568512439
27512,34.85720954197779
27513,27.60740421474865
27514,29.471010348310763
27515,29.600790902327795
27516,28.45746540827689
27517,26.953330162404058
27518,30.12076850851932
27519,26.13389348151986
27520,28.01296418795708
27521,28.5732431102299
27522,30.704861343369735
27523,30.444158668436607
27524,29.115318583770012
27525,28.43371765373477
27526,27.22434893301079
27527,49.93321434918519
27528,34.68575469055826
27529,42.38794969439305
27530,32.06226382850986
27531,41.611611709457975
27532,31.245781347577264
27533,30.96921564763931
27534,28.988664768687027
27535,36.17492419747625
27536,30.52006639960129
27537,28.27650296989925
27538,29.17699956623028
27539,31.72246716593849
27540,30.196027733990157
27541,29.86824536379175
27542,26.920367673224728
27543,30.38027378203345
27544,31.15264634149962
27545,33.91175307579505
27546,31.953260175388962
27547,34.56100503989047
27548,60.27177321497853
27549,39.488432911867626
27550,33.94695998908064
27551,34.33692786647789
27552,53.19416320718111
27553,31.96491300883565
27554,30.30346199640382
27555,37.88953056716647
27556,54.18232731481813
27557,51.29583492822288
27558,58.32419152817905
27559,47.34641407946781
27560,63.662784989727996
27561,29.671859280430752
27562,51.52144317546024
27563,50.24785982031145
27564,33.20373981372568
27565,40.29020029071611
27566,58.184934229773056
27567,33.09376850219105
27568,36.93804132290143
27569,26.421848684776407
27570,29.91316352097217
27571,66.37917669639775
27572,49.100511045508405
27573,60.70370728348352
27574,33.4210541101716
27575,36.88483344647327
27576,35.351375512317965
27577,52.73524587985032
27578,59.16258984527233
27579,33.94514349764673
27580,63.6946589277681
27581,62.00873468507224
27582,42.21942951134957
27583,35.069185436791976
27584,33.608368709100034
27585,68.4044429929679
27586,61.407835630809075
27587,37.21799414127555
27588,53.36229216064648
27589,29.38575964550955
27590,47.83420432403863
27591,30.27825432979411
27592,56.72235887128921
27593,65.3332386538465
27594,30.356333251615915
27595,47.39732921525996
27596,37.39802985055108
27597,70.26288266416711
27598,46.53448902119393
27599,32.398167913942984
27600,44.38148052413849
27601,52.89376194398554
27602,42.640593869589246
27603,59.45099139189998
27604,39.47292796604991
27605,35.907151942927406
27606,72.81161578000591
27607,32.46581517230649
27608,34.00660001878361
27609,31.438507574623827
27610,32.3971824549758
27611,41.550560836273
27612,28.405042970308184
27613,50.78368917118018
27614,44.960605245111786
27615,29.331692261459487
27616,34.48567301894834
27617,31.202764075350423
27618,48.94912330189775
27619,32.27582628679141
27620,44.5697795903797
27621,29.47246333739846
27622,47.04489099372967
27623,43.75352780090012
27624,45.241281830254906
27625,55.390895474678445
27626,41.78636233936391
27627,40.87461920144907
27628,50.79667207906806
27629,41.543099101423785
27630,36.19312483353514
27631,33.67327538775434
27632,55.86182515136638
27633,38.45200034200803
27634,38.60687890931601
27635,32.968172627872924
27636,51.12411657522896
27637,37.1626208250778
27638,38.80874953261422
27639,30.81814900717623
27640,30.382267282239646
27641,63.48181274965354
27642,29.016604201906695
27643,37.671013802845344
27644,44.33348727396051
27645,29.258394984070797
27646,30.15103442669688
27647,36.05526557321371
27648,26.49029767014817
27649,41.441689846488735
27650,19.19685845810444
27651,29.616458344081643
27652,22.178336255968187
27653,31.22282816523588
27654,31.815480289025267
27655,32.495195057181455
27656,31.80003940479616
27657,31.611374038451345
27658,31.86117756425977
27659,22.79267355568604
27660,25.290614809390306
27661,23.984746517834367
27662,31.759070603547947
27663,31.31747797819346
27664,23.493712967384997
27665,26.810965426083083
27666,28.34981027620124
27667,22.425346705733865
27668,21.51385813200074
27669,34.17151956478026
27670,31.086849018096203
27671,34.53728172239331
27672,24.25818642260708
27673,20.0519059296924
27674,20.53041248104145
27675,26.653827888330568
27676,21.516027458504425
27677,31.60404810594516
27678,20.109640955954852
27679,23.09322212206719
27680,31.15591625492842
27681,22.43295604434992
27682,46.78001901236567
27683,32.378045413755984
27684,23.70043500601796
27685,27.30140314601759
27686,25.905125438305927
27687,36.43514209545993
27688,28.543994253910466
27689,33.25444627428632
27690,25.451653879463617
27691,28.54760622300688
27692,21.019205828083727
27693,29.091956273990633
27694,7.046320889963187
27695,24.669063975702795
27696,38.1948024593348
27697,23.94871880474452
27698,25.496056969160502
27699,62.08252863885453
27700,21.21521058464749
27701,22.3259558203721
27702,31.73310720442054
27703,26.2598204693431
27704,24.287446284724208
27705,22.94681025503048
27706,24.078792891538157
27707,24.38511634723436
27708,5.700063679829691
27709,23.203023312280752
27710,23.0428933332193
27711,33.10027497990958
27712,37.533718212073545
27713,32.72810572511755
27714,37.69558050736461
27715,25.414213115094395
27716,23.66223022253347
27717,22.88782798666213
27718,24.31656788299801
27719,29.893668982615857
27720,24.43873108028865
27721,65.73048050579298
27722,22.95296581394293
27723,24.83600512137532
27724,31.58854388473344
27725,31.579482867779177
27726,28.08822585896229
27727,25.56670900995256
27728,21.56823155702554
27729,43.38082953750734
27730,26.98980488140405
27731,25.6959137090041
27732,37.01492736188676
27733,32.52572039405739
27734,24.97297318394453
27735,25.45413056790566
27736,30.918360305198867
27737,25.46783041417412
27738,29.28609878904131
27739,26.33054949525604
27740,25.585609238299625
27741,25.841239481808604
27742,24.725028881530196
27743,27.046342195743893
27744,27.52634137660891
27745,34.50897675925797
27746,30.889358228464246
27747,23.557180378378607
27748,38.202179605919184
27749,33.3949564150169
27750,32.03777902190468
27751,52.43164333185215
27752,56.21101237503043
27753,47.90121944679209
27754,35.088445109395074
27755,52.269578747109534
27756,48.72706048838457
27757,33.88670451444869
27758,44.74321043717136
27759,40.473983254562256
27760,43.82749009388679
27761,32.18893182910765
27762,36.24710164487191
27763,21.636741454085
27764,40.182731492809474
27765,41.27422971924944
27766,31.886106892849533
27767,43.68185124159722
27768,38.48915951539628
27769,35.00900603148904
27770,37.25236998633602
27771,35.77068171836226
27772,32.79281884780512
27773,44.3556969534194
27774,44.68186779348792
27775,35.3054897637571
27776,28.106953550124
27777,41.60943052949968
27778,39.44100989619125
27779,43.780367328604434
27780,7.794669921129149
27781,44.20272652483124
27782,34.00638769352248
27783,28.50140971726136
27784,29.992647922896573
27785,31.12456300702329
27786,29.003848578959442
27787,26.53393128636408
27788,34.85690051644526
27789,39.889098675068766
27790,31.45059219020458
27791,46.84367210376616
27792,34.21553983956519
27793,39.49937042517573
27794,27.19942373181253
27795,29.189443660286713
27796,28.90679467711834
27797,41.66423371355978
27798,34.34925050035383
27799,38.13763088424512
27800,35.16560609090891
27801,49.43191939324191
27802,25.17045769808033
27803,24.775099997576078
27804,39.3708062200889
27805,30.221693132761104
27806,35.30351087000919
27807,33.70735244928129
27808,29.743085577943532
27809,28.9446475536614
27810,28.8446742746984
27811,30.670147453441253
27812,30.21174735653539
27813,29.494634748757328
27814,28.126853112059404
27815,27.57798282558107
27816,28.67308431629535
27817,26.867174643134533
27818,28.5364122303384
27819,24.288446314331008
27820,28.108251424464445
27821,29.073350829123264
27822,32.431961022297855
27823,30.311180973827803
27824,29.08449929550337
27825,26.34104420842904
27826,30.63503798307864
27827,29.674891216465745
27828,29.71984748432051
27829,30.20454343828677
27830,33.10470719169511
27831,31.324427183997138
27832,30.185400604838286
27833,31.00917084547602
27834,42.80605102448624
27835,32.49769978228782
27836,30.092097914250253
27837,33.23287594211693
27838,30.12050356966609
27839,31.819606053383588
27840,30.497250488622157
27841,27.26278217316904
27842,28.22364242512889
27843,31.608960390837815
27844,30.63006890656203
27845,28.07383195085443
27846,30.5453541920454
27847,28.915582273998705
27848,32.17679932612972
27849,40.60634832709983
27850,34.32396618502935
27851,29.28739335139212
27852,27.739170095881796
27853,42.08240354218086
27854,28.46317080622398
27855,33.708292577742064
27856,31.908961097240628
27857,32.484555638189654
27858,32.62083265716101
27859,33.41185716678845
27860,34.5938415855021
27861,30.58805306981619
27862,27.244510921185626
27863,34.59776227383285
27864,25.325900164826848
27865,28.097594064664666
27866,28.779939119229976
27867,75.66729235561378
27868,40.61819185466181
27869,41.60466552062195
27870,39.01371775125556
27871,28.66454333878848
27872,31.86240195579512
27873,34.49022046898598
27874,35.920171905755744
27875,38.012013143594224
27876,21.413203012394263
27877,28.90339204506549
27878,20.841796146351477
27879,36.18250895564321
27880,30.603877159091915
27881,29.515154904654032
27882,36.11241554976484
27883,22.881340414647624
27884,19.017767286311223
27885,19.594310777237453
27886,29.141267958799453
27887,23.334430284639268
27888,25.41102933297784
27889,22.78253368424244
27890,26.804105095037645
27891,27.7394571231466
27892,20.3810290739095
27893,32.62186971610296
27894,27.455833886960985
27895,28.555997376350167
27896,21.994730158933148
27897,24.588093723630102
27898,24.397608097778093
27899,21.892377278770528
27900,32.623012936765114
27901,25.221690550827848
27902,22.25640867911574
27903,30.916155607661437
27904,25.65981810536836
27905,18.56903553053621
27906,24.84303112148251
27907,23.367063256353905
27908,20.987446424648752
27909,25.976400431436
27910,26.698551403285293
27911,28.1817981776499
27912,19.971175861536675
27913,21.757308827653866
27914,24.418509375026375
27915,22.322039197594524
27916,24.97230681136596
27917,28.82419827609376
27918,17.708178845937294
27919,24.18316694000437
27920,27.75713782686661
27921,29.68995532728249
27922,21.0314736119111
27923,22.00049373956192
27924,25.67228255373396
27925,18.350349802505992
27926,19.42763874038232
27927,18.558942545766502
27928,23.65693619833569
27929,18.729488016431645
27930,18.13147770485257
27931,28.31405616460797
27932,24.200174859034547
27933,21.7804487806995
27934,28.760605927402583
27935,25.289528052001288
27936,22.3982945590506
27937,26.08844502270369
27938,24.445895409932472
27939,22.377631959692565
27940,48.69995236300809
27941,21.706831913313422
27942,18.02477601627432
27943,21.54788495085396
27944,23.01384917373444
27945,19.748309449624436
27946,28.121952830493058
27947,20.76494438088312
27948,23.871747899946588
27949,28.63386243252762
27950,27.23080526601385
27951,30.794432871113294
27952,40.3022231680546
27953,22.949059197991684
27954,26.737773254338865
27955,28.23988391364089
27956,17.768958850348625
27957,20.540565959020185
27958,20.521400846835636
27959,34.1402966948307
27960,31.243392176170012
27961,19.13736352073654
27962,26.688910718689183
27963,25.796150731649067
27964,25.118209012914125
27965,21.037149159507283
27966,33.638422725397525
27967,53.85681678578737
27968,20.99432151854248
27969,28.855918612849543
27970,25.55351024959113
27971,8.6387966121151
27972,23.49674665670348
27973,20.412905717813107
27974,25.5749102928012
27975,22.5953250674134
27976,20.857972453894288
27977,17.918825071007504
27978,22.10131749500199
27979,25.935474404432423
27980,19.120125858192523
27981,46.96111701243627
27982,22.68350883056499
27983,27.249992238640655
27984,21.48698909871652
27985,35.26708236361559
27986,6.654809521648678
27987,22.338037777024397
27988,19.159546702525176
27989,21.83026383259236
27990,26.11827669483087
27991,22.613879857925088
27992,21.85752191254156
27993,20.936220865358266
27994,20.7242354799241
27995,22.137623199914906
27996,24.78003576846568
27997,19.82313250056116
27998,22.737646620756777
27999,18.682291950632507
28000,23.934750337417288
28001,29.588489256044454
28002,25.076387592581288
28003,21.802774427377983
28004,19.787723273612343
28005,20.09221798593271
28006,17.42283953147016
28007,22.613456571293938
28008,22.23021464845445
28009,24.43332431249532
28010,18.761455087633863
28011,21.620379919154527
28012,19.474909478812048
28013,18.36834888057269
28014,24.808688771856584
28015,32.54935205853794
28016,22.948954836707344
28017,24.207947136680374
28018,23.382881369720877
28019,26.638459722033662
28020,26.85223007298411
28021,23.369398586519782
28022,28.903425090078358
28023,20.023990293524268
28024,21.07508402083965
28025,23.6286754855504
28026,23.586014639872456
28027,20.30923780429984
28028,26.395137414212893
28029,22.298440016076476
28030,22.89113283074118
28031,30.24010981814147
28032,21.317005450183174
28033,23.02152902733384
28034,22.841671563846404
28035,24.71338216416126
28036,28.96016453281594
28037,24.73698016477657
28038,32.99420424274678
28039,28.18294981983153
28040,20.987842896061068
28041,24.98790946093295
28042,27.874450188812983
28043,31.176884112267466
28044,33.11840321735744
28045,25.647197033431933
28046,24.060346205362677
28047,20.95633952394525
28048,18.134327737270542
28049,26.90070902204256
28050,30.231290321677413
28051,44.326309760395226
28052,24.166652156871844
28053,22.469817229316323
28054,34.80362258628628
28055,26.93106709107656
28056,10.325562971786855
28057,21.65017217141367
28058,31.779154134475895
28059,49.072373014000725
28060,33.86662957069664
28061,33.38024878155179
28062,41.900274297775006
28063,26.86727034154404
28064,31.6994145864779
28065,33.654694685659216
28066,33.06832099280626
28067,30.615851299491034
28068,32.55369867953437
28069,30.614073847478288
28070,34.39882401067149
28071,30.63173378061827
28072,29.33466440375699
28073,48.8530925019975
28074,30.39583734977667
28075,29.633428871144417
28076,33.71571141772056
28077,30.629052395801203
28078,28.91746919736345
28079,29.435182329205837
28080,40.56945124613088
28081,44.19248769673965
28082,29.726006375871968
28083,36.222121114528754
28084,36.29652305871317
28085,34.65179539069612
28086,35.162224675319074
28087,36.49480758188736
28088,35.60372128053728
28089,34.21499986339196
28090,63.12732189931924
28091,47.14544831747685
28092,27.321164507532444
28093,33.18497281902082
28094,30.36403892748381
28095,39.48664752196591
28096,33.43328998610514
28097,34.24649965258386
28098,44.66245244405445
28099,40.29685539384764
28100,33.44529640659413
28101,32.51067444796879
28102,39.16760722021629
28103,25.59314699431967
28104,27.599776044875075
28105,29.00297022058077
28106,26.862959785555017
28107,26.028227101556052
28108,23.863821794043872
28109,28.30679757301385
28110,23.499297876549843
28111,33.308904840118565
28112,25.00816754418037
28113,25.99405726189245
28114,27.75446867535578
28115,26.93490982869388
28116,24.342361818478256
28117,26.694431006030158
28118,26.496635387121017
28119,23.29025447563061
28120,27.12741955390468
28121,26.021153764667837
28122,28.43330092681066
28123,25.01150283550268
28124,28.08423654539933
28125,26.198706218503016
28126,26.81585520146055
28127,26.94435996252485
28128,24.278458094509222
28129,24.89106312656201
28130,24.350064699896127
28131,25.79209238282071
28132,26.68584024964328
28133,26.27277552404864
28134,23.903409324707138
28135,26.120378992545223
28136,26.658730720184604
28137,25.344071045862623
28138,26.844796219875796
28139,23.12762898053779
28140,25.52496550250721
28141,30.849312947909993
28142,28.76012872820858
28143,26.82207229219577
28144,25.08801281323494
28145,25.05270218934575
28146,26.37439051905966
28147,26.742455371405985
28148,25.76193478039721
28149,28.604925163413597
28150,26.457614383853095
28151,27.827363134394684
28152,28.9296280198718
28153,26.684112514678844
28154,30.865000862629763
28155,25.91677787819491
28156,27.516867882606604
28157,26.39157726892953
28158,26.688206320975365
28159,25.428650240890704
28160,25.491157073150404
28161,23.89710415489171
28162,26.73653457053852
28163,26.25099743880246
28164,26.759339100348956
28165,31.349337785689862
28166,29.426866472581274
28167,25.17108789871057
28168,24.784489999486507
28169,29.419458322054886
28170,28.771460970089823
28171,31.78746980111395
28172,29.52712112064664
28173,29.908184192485145
28174,30.176657445488765
28175,29.854431835801705
28176,30.58597377926049
28177,29.21646458906445
28178,29.63112418617007
28179,30.194104134228304
28180,26.6262246826848
28181,31.488515411712577
28182,32.31461158913359
28183,26.93517227306437
28184,29.5405505613098
28185,29.130400385682826
28186,27.25786875544828
28187,27.993743692443037
28188,27.81038812110157
28189,29.456068579467058
28190,33.2340611283802
28191,31.163199421755024
28192,27.31572707661979
28193,29.447243175032504
28194,29.041990826496594
28195,28.73873393281064
28196,28.326453000133142
28197,31.821440516863127
28198,30.598643125078624
28199,30.076293108585872
28200,30.24030880388341
28201,30.54266411967992
28202,32.15654990956367
28203,29.57897179249958
28204,24.091686617615988
28205,29.432264878718854
28206,28.72082351753057
28207,20.98319149318938
28208,40.71792992385209
28209,53.35801185980719
28210,28.41399422291221
28211,29.210297066023692
28212,39.50451893744806
28213,35.184551604109465
28214,27.15598326098045
28215,25.12322248001082
28216,25.61921527061003
28217,31.712402178092475
28218,25.97448579675596
28219,27.974639381334978
28220,23.21705383151456
28221,25.23489859947812
28222,68.33155880947398
28223,23.862290681956093
28224,33.690710236600815
28225,25.840655884674145
28226,27.209550114100363
28227,29.32833050390952
28228,33.04794083486248
28229,28.8226288759593
28230,29.906877974842168
28231,21.899975692050763
28232,20.97907211296753
28233,31.146534683714968
28234,25.38159393139443
28235,69.01363225321326
28236,24.48167691734364
28237,24.525206797174334
28238,35.74634615441087
28239,26.02373815688017
28240,29.79315935019259
28241,24.25124708230801
28242,29.02475131352685
28243,25.830064392126403
28244,26.179818752546264
28245,33.35928450620676
28246,28.30517726210947
28247,27.86922639051368
28248,34.92218553271028
28249,26.03929593739464
28250,25.86760077714665
28251,23.50368962062952
28252,32.6467110759036
28253,27.88192303602398
28254,24.3718833976082
28255,30.559137279309674
28256,31.482936886229645
28257,28.90005499681469
28258,25.582983201657555
28259,29.276827457085282
28260,31.11823776642985
28261,26.657105846531117
28262,24.93749061211024
28263,25.727533768979097
28264,28.81286047461913
28265,29.709688967036634
28266,24.839059345472013
28267,31.13446910383744
28268,31.57184274325033
28269,36.2318416408652
28270,25.44918431462797
28271,32.268987318258375
28272,30.005031070119003
28273,27.914897588165587
28274,31.46768752218599
28275,31.06086377617394
28276,31.105537553003224
28277,30.39138030753964
28278,30.796150941612517
28279,23.68156054851715
28280,30.311823526162392
28281,27.508256343978505
28282,31.208742264273802
28283,32.53360554453064
28284,28.39045100899361
28285,25.43590359656677
28286,27.57131467687263
28287,27.841531816224173
28288,23.762213802219904
28289,29.15778543461557
28290,42.44783973933931
28291,38.62577440843005
28292,30.77708102347436
28293,30.631271074194537
28294,27.381502106859944
28295,23.37307272127956
28296,31.152049292428522
28297,27.99730611801635
28298,20.367686458039884
28299,31.351078804194778
28300,31.80531762565365
28301,32.79845363690443
28302,68.33155880947398
28303,30.454509959907725
28304,26.983275834719667
28305,26.308043579925947
28306,26.599345241384498
28307,35.19687557777546
28308,32.92736191988915
28309,28.873310407789944
28310,35.33881450136438
28311,32.62934162420196
28312,32.67543608647716
28313,29.41433542742176
28314,34.32771366233638
28315,33.33713224917974
28316,24.109134314220046
28317,31.668605155415698
28318,33.903007856713
28319,31.57302072411732
28320,24.01604579706272
28321,34.23726028472056
28322,31.14863962209305
28323,37.80677398863397
28324,35.45756146648769
28325,33.17469921113451
28326,29.025938418636237
28327,33.1246936057963
28328,33.35061286879864
28329,28.30351039313523
28330,29.450517392892245
28331,29.84337014354162
28332,30.656668452941766
28333,29.12354483820299
28334,30.464515818676283
28335,29.435127853852734
28336,31.373009138158857
28337,35.092951416043455
28338,30.96626577159433
28339,28.268829566101733
28340,34.69394976299455
28341,29.898216480791937
28342,35.80121247007991
28343,32.13953608653029
28344,30.253053350248734
28345,41.793299610907326
28346,30.949440738056445
28347,29.322278512027275
28348,28.51321846747886
28349,28.888598863862686
28350,30.702129631153518
28351,31.518726836877967
28352,31.29548008055753
28353,27.83830157895413
28354,29.64667405683867
28355,28.751458491897534
28356,39.96143947282247
28357,28.290247633619728
28358,32.72555357941071
28359,29.529010057598192
28360,28.12343745588801
28361,33.46321542549897
28362,37.03258544045626
28363,32.087607310515764
28364,35.33603818660556
28365,29.409331348775062
28366,33.39152218537887
28367,34.03785394219333
28368,33.818113520760654
28369,29.425420940001494
28370,29.034045566766736
28371,36.29030433465888
28372,31.34066591189722
28373,30.256166800352993
28374,36.68310744116096
28375,29.593278080932244
28376,38.4296321274056
28377,37.11839098184336
28378,30.92997767356961
28379,29.035378454544414
28380,31.709295287861032
28381,29.76046642780876
28382,32.28587478007307
28383,28.198178208877568
28384,23.849136225000773
28385,35.22703128543702
28386,27.945900534752077
28387,29.089082453800806
28388,26.918710924245246
28389,30.491373831401354
28390,26.60387930587276
28391,30.905768097147323
28392,34.00676653852526
28393,26.79340918839644
28394,25.762677599804366
28395,27.30033624760068
28396,24.856645433994824
28397,26.07396387585543
28398,25.957153122096656
28399,31.886789714114563
28400,31.611220159692884
28401,29.751326001705173
28402,29.095008800172728
28403,28.753129805007813
28404,23.17672198424799
28405,27.164704193578284
28406,30.689122970862428
28407,36.46572086793003
28408,27.104643742167934
28409,36.43201048614964
28410,30.220436965885384
28411,30.543674873289923
28412,24.34109249773321
28413,24.389929199461083
28414,23.93134175242658
28415,33.21312860052078
28416,24.33595904121293
28417,35.46367964475797
28418,24.22677636541933
28419,29.835761369671964
28420,33.9280196746237
28421,21.076674564691857
28422,31.18355453781428
28423,22.046232643599694
28424,24.301874369588518
28425,24.641238209199173
28426,30.044937899282502
28427,19.72240649451721
28428,25.972982078926197
28429,32.66108703326346
28430,27.02279513149872
28431,25.773716455245463
28432,24.92426155745785
28433,29.581176468098455
28434,27.83853500721203
28435,33.48637627524512
28436,33.55538443395992
28437,29.591023096034583
28438,31.611391534522532
28439,29.183151770595686
28440,33.39084060358193
28441,32.34965526729329
28442,28.192051514135528
28443,31.40677375246034
28444,22.79396667091878
28445,35.980437703095625
28446,30.86310484835233
28447,29.722759071808298
28448,30.579289346029135
28449,31.693347279603323
28450,31.339437912335484
28451,33.160522951611846
28452,29.86891079572215
28453,31.096042596370694
28454,28.30746029116379
28455,32.07808677109172
28456,31.10610631607721
28457,31.656871026367902
28458,27.313868607475825
28459,30.270168417961983
28460,28.89431515846655
28461,30.72765046137407
28462,29.815239571662254
28463,29.43612913354439
28464,29.8194410007075
28465,29.557451972191657
28466,27.402777463110084
28467,29.56304855857759
28468,30.901931372599655
28469,23.895001077147228
28470,30.522163163547923
28471,25.66812380162355
28472,28.96980371533096
28473,31.054062559004485
28474,21.39486159654203
28475,25.456824144771915
28476,19.640976500981253
28477,21.047117567588305
28478,33.70371454467168
28479,21.50638101333197
28480,30.538298356917892
28481,27.5589260349172
28482,28.584544931439734
28483,19.637897313456005
28484,23.4457924069292
28485,22.484279573815986
28486,22.58676058559996
28487,31.660004289074607
28488,22.53667007732426
28489,28.100939731645862
28490,22.440003241852995
28491,25.02063044609199
28492,21.66738707641897
28493,24.15769824524578
28494,26.898042837860533
28495,29.899161952682867
28496,35.776271277625646
28497,34.50145661602572
28498,7.046320889963187
28499,34.15078581613152
28500,34.12051656073706
28501,35.0907220314416
28502,31.88361043055722
28503,19.825757575217924
28504,31.525712940965484
28505,28.515073956625866
28506,28.03587873780369
28507,22.23422953320828
28508,29.390118016115927
28509,20.766855025607494
28510,51.43377829866361
28511,28.65413106147552
28512,24.38522181596544
28513,26.32944483115573
28514,32.02518665623088
28515,22.171284034122877
28516,26.7742729799796
28517,24.153996328871692
28518,23.525647882575743
28519,20.760652575104995
28520,20.940048512659317
28521,24.988242497335836
28522,18.29291229530368
28523,26.87386773150867
28524,35.007933120813256
28525,23.735931184781563
28526,31.800079501331453
28527,24.5194376938715
28528,48.053077138676805
28529,24.66384101269259
28530,20.3808335715071
28531,26.18997295936283
28532,34.35871310188895
28533,23.90284705926345
28534,30.17045890192327
28535,22.83415315620376
28536,26.933263421579472
28537,22.309524170514877
28538,25.7514853092532
28539,27.95834028286481
28540,29.58332632942787
28541,26.74795953754796
28542,25.369833760308143
28543,25.83946148020549
28544,31.118546818717967
28545,27.52146534569321
28546,24.27835905897881
28547,25.60863805952883
28548,19.454517958128477
28549,22.655376015495246
28550,6.654809521648678
28551,22.037682822810897
28552,24.84644195218719
28553,23.82815947321645
28554,21.440188178406817
28555,22.63798447774114
28556,29.09883885295283
28557,28.78520906719032
28558,25.582432210853707
28559,26.65536634968716
28560,26.92743689357979
28561,29.741672326998007
28562,31.951501449007246
28563,23.78306286868076
28564,25.64762251638396
28565,27.13355310278014
28566,22.64301051395942
28567,21.98573897433216
28568,24.267072028429624
28569,33.30895395310673
28570,37.10624336948973
28571,32.10804330858889
28572,65.3332386538465
28573,31.170180328479603
28574,31.074882794501782
28575,40.16930334711602
28576,42.1630289021559
28577,46.63224816963169
28578,72.92899739628135
28579,29.441787843821523
28580,40.89532476826657
28581,43.21755696831492
28582,39.074425275594216
28583,30.262604847524138
28584,46.650642150846046
28585,34.47334419194052
28586,29.749118163700913
28587,28.99707807878562
28588,30.0102190728554
28589,46.71481955597508
28590,39.82863830159421
28591,35.85411279817925
28592,36.69898630094799
28593,26.021863858708542
28594,30.886135956983303
28595,50.38949903274092
28596,42.903773532251
28597,28.3480947169892
28598,28.081450789737072
28599,31.050970486285678
28600,29.30934498407356
28601,34.29983232707588
28602,45.96079489269666
28603,30.631209280489102
28604,31.52254416838634
28605,30.629333785610754
28606,29.790032543511487
28607,41.80853419617407
28608,31.649086261572215
28609,34.43792711919783
28610,35.50606181216918
28611,41.9997260516412
28612,36.58938193769238
28613,45.06760788517997
28614,28.522428911224505
28615,29.521925962613878
28616,32.562546696797305
28617,34.25995543744812
28618,33.9573147445866
28619,37.51848021426424
28620,80.14633329027502
28621,36.971321479204285
28622,32.00731806479591
28623,28.777206365870423
28624,57.41732590455786
28625,27.53420401462568
28626,53.108920238317445
28627,21.568063295010848
28628,65.10846134252984
28629,34.81408095458781
28630,35.86488241043623
28631,28.524393983137184
28632,30.642143644358157
28633,30.56986397718076
28634,23.299934969799683
28635,43.05494254295025
28636,33.23381161783626
28637,40.85605374422402
28638,29.305908432692853
28639,25.231792537173376
28640,31.848152281002022
28641,23.7007432751133
28642,33.73098540371251
28643,24.400103967769613
28644,35.32834373258847
28645,30.223071693454457
28646,35.82759678946888
28647,25.832213407336397
28648,31.83512692412384
28649,72.81161578000591
28650,58.82374247115288
28651,60.70370728348352
28652,69.79597839296007
28653,31.999553152324978
28654,29.934752077528543
28655,34.32988866125245
28656,33.52407246232092
28657,28.71325832027649
28658,50.47103317632556
28659,60.44927810233253
28660,60.2746648257175
28661,31.202093214153336
28662,61.14302701889956
28663,30.368134539801126
28664,20.24799612008668
28665,33.3697632970781
28666,26.28535994004319
28667,27.55235196041563
28668,29.229904636434533
28669,44.358024019516655
28670,33.850865951355104
28671,23.88037859380316
28672,42.30988545039366
28673,29.99583276084305
28674,43.81196555002836
28675,28.670260463948956
28676,37.54829884503217
28677,29.856821372416753
28678,51.1859217820132
28679,34.732617904248094
28680,42.33333711995488
28681,27.038579739362103
28682,26.50806858960446
28683,27.740765349819856
28684,48.68451771867925
28685,30.46973786398609
28686,28.090031954810225
28687,30.399452938230972
28688,33.44914835075456
28689,33.89944536150272
28690,30.63006890656203
28691,29.925069008708242
28692,32.532695784238406
28693,29.537633615179487
28694,30.150163056007635
28695,28.623125939268217
28696,36.51704554454407
28697,32.27204642655568
28698,32.584081806858784
28699,31.636786962672723
28700,30.423903712737776
28701,29.444239664098717
28702,37.29867391723258
28703,28.09040823912458
28704,28.04435013077818
28705,31.892266512964127
28706,32.786116422027874
28707,30.14627863293773
28708,33.080334023771485
28709,29.842858904821945
28710,35.79501650727145
28711,28.86706935166784
28712,42.17394349724088
28713,36.45717122301972
28714,54.67249453522348
28715,30.918545934255093
28716,33.70362975822737
28717,31.84962464498762
28718,20.730395775880563
28719,18.99847637642037
28720,26.513931324397817
28721,29.557500124386614
28722,22.65152252895201
28723,39.55897629485317
28724,30.92320269277092
28725,36.31237084170855
28726,22.78217142409318
28727,26.667634152596943
28728,22.967743506035145
28729,33.39511845938337
28730,20.91714597562665
28731,21.41490236674348
28732,25.268222787905746
28733,25.42834178839996
28734,23.35897119264233
28735,27.76085899853147
28736,28.252588449101577
28737,25.654732619512497
28738,24.07160186528189
28739,18.494943281413036
28740,18.31421774487164
28741,22.044759763262626
28742,21.36916475065773
28743,22.52076504650371
28744,23.879663453430428
28745,22.20018407573989
28746,27.25510888864258
28747,25.58929223655452
28748,35.1333402433823
28749,24.16302659043394
28750,26.51769505331083
28751,25.67272187395322
28752,30.580430210299973
28753,24.039846552546862
28754,25.123228601956416
28755,23.58648547069814
28756,31.108436933529966
28757,30.135984415013205
28758,25.162255956002884
28759,26.70864845127365
28760,25.747744437924094
28761,26.724063736491047
28762,22.856016047980585
28763,23.172956560383053
28764,25.845131039413825
28765,22.192531641729307
28766,23.98338198690656
28767,28.46802299714321
28768,24.397762156048987
28769,22.00752559663757
28770,24.38462689796535
28771,26.204234728918426
28772,21.035012889407668
28773,24.65484699992905
28774,25.29726122179564
28775,26.84163668787039
28776,27.060091025934643
28777,29.71343149423955
28778,28.220026557970684
28779,30.045109575495275
28780,21.8397867639177
28781,24.43891047787427
28782,23.427669533733976
28783,22.13413788998047
28784,25.747553631865756
28785,22.29014089340204
28786,25.41203094053836
28787,25.663957279644368
28788,34.37148558452413
28789,25.78834654804005
28790,24.67949119021601
28791,21.684861468673688
28792,22.188193525458985
28793,23.7401732203051
28794,33.190840000888194
28795,23.089535064273196
28796,28.897517966998468
28797,30.595709466034698
28798,23.334497223316067
28799,23.89398433590506
28800,32.12729836540323
28801,24.34021997026945
28802,39.32327020166925
28803,44.16515541160023
28804,76.1807373738693
28805,82.81098513240353
28806,48.60034619696676
28807,39.977054426529314
28808,41.797621848376906
28809,64.12008065310536
28810,42.84058623461109
28811,31.130510145946445
28812,61.52552782215665
28813,78.50850440661831
28814,32.835983737694306
28815,63.48726163629149
28816,47.92817063037206
28817,55.97921798907146
28818,42.22937129430522
28819,44.82099553794314
28820,30.591092737063015
28821,37.02556155036911
28822,38.168556258637885
28823,34.058355700555545
28824,37.96276508193802
28825,49.73887761143572
28826,35.09263377281494
28827,54.93907707471584
28828,58.32419152817905
28829,27.635410477626262
28830,33.84650740921597
28831,39.01038408477445
28832,27.368587791870084
28833,49.31652512046123
28834,51.69567534591071
28835,36.547662464352015
28836,26.797966039334355
28837,42.810782916456624
28838,64.2526307106989
28839,52.18943762009667
28840,65.33674356584508
28841,39.98254357081333
28842,46.51779410764127
28843,63.662784989727996
28844,29.94709224788196
28845,32.626739649552874
28846,80.22476909655585
28847,44.95364070603867
28848,48.27277462925517
28849,54.41050049861628
28850,32.0685253412401
28851,33.16738261497223
28852,51.7134570227128
28853,50.233470575023055
28854,66.76862439768065
28855,33.42018901720436
28856,26.894300061059496
28857,29.006236570408127
28858,58.24535385725815
28859,31.669523365269598
28860,53.10156458487924
28861,33.84239262067764
28862,34.80598655833659
28863,49.59139372265232
28864,30.016137756114098
28865,29.909899273442683
28866,30.959087944518892
28867,29.06612566480522
28868,30.32871116652275
28869,29.891305781788894
28870,36.01521306466773
28871,27.28078684635155
28872,30.894114668936417
28873,27.27763907255662
28874,28.066077357257623
28875,29.82864485649867
28876,31.884984784184887
28877,35.22361175893531
28878,29.10808145413157
28879,28.730844453854218
28880,29.0581582849615
28881,39.50193639673028
28882,32.35666478811305
28883,30.014230662064655
28884,35.57568716254495
28885,28.023213743849062
28886,27.891893354493345
28887,32.50583483116086
28888,29.638111400047542
28889,45.086933230806096
28890,35.59772185167812
28891,29.25396310978916
28892,29.658753157692693
28893,31.142856657008167
28894,29.828089267531
28895,29.76163070517549
28896,35.890588969263135
28897,31.23806713203794
28898,35.949515733706455
28899,29.329756866853224
28900,30.126572147591055
28901,36.17111489172361
28902,27.559515695930557
28903,31.62483877222308
28904,29.584052934079786
28905,35.66991779083033
28906,37.7524360041304
28907,63.33331493086435
28908,31.38697639631758
28909,35.92277916443064
28910,35.26809638303919
28911,31.210368893038115
28912,40.61147493221485
28913,29.197156482114423
28914,29.15493490920869
28915,26.99854930551122
28916,33.40602136951711
28917,33.97061983526319
28918,34.30172041217559
28919,31.414392731646508
28920,29.697570169760205
28921,35.18579947396383
28922,46.29544655293417
28923,32.23319957488898
28924,33.51450132834537
28925,33.34668630549494
28926,32.44777237814645
28927,33.45446581075356
28928,32.584166400259306
28929,28.92843552068456
28930,28.72825975891926
28931,31.68949349652069
28932,34.39921785109647
28933,32.81779705125785
28934,30.91515945956614
28935,29.45413875865924
28936,29.569569643333068
28937,39.88793898726477
28938,27.23593118741848
28939,31.328543946985782
28940,30.043674893908793
28941,33.15776735491559
28942,28.31628272334171
28943,27.48884184168134
28944,29.02781396436577
28945,36.91578934243054
28946,35.89123285124916
28947,28.03172087873497
28948,29.479884068353336
28949,29.727631136000177
28950,30.620548202448248
28951,27.87043782473802
28952,31.915237138667656
28953,30.93531175384708
28954,32.61185462093179
28955,28.34092288836933
28956,28.614899472812365
28957,29.44785207606993
28958,32.38012225236687
28959,30.599875573696117
28960,36.57080739903059
28961,43.73955863979304
28962,29.596449163634176
28963,26.27691839758445
28964,58.071364523395054
28965,26.302487467154112
28966,41.94871273961528
28967,23.825593248756444
28968,51.7691089997905
28969,57.1597561393582
28970,0.0
28971,43.54705376199891
28972,17.790996639232656
28973,31.171582418239453
28974,24.105262479733916
28975,53.51039068787964
28976,45.20175445935568
28977,58.32015452469136
28978,41.42952638168321
28979,35.53418470462209
28980,50.04218317587243
28981,55.29031951127255
28982,26.425723429764
28983,26.433463367364897
28984,26.485798559917683
28985,27.89357185374654
28986,30.23829059425504
28987,28.90520706755106
28988,33.34062415091996
28989,29.319742531609506
28990,33.50172277529128
28991,29.83084445132406
28992,31.223675112856853
28993,28.57990939373077
28994,30.385015581661776
28995,30.048222770758017
28996,26.217093316801087
28997,34.74058721040027
28998,27.111088262384254
28999,29.6768750816341
29000,30.38987974842088
29001,28.80198459821517
29002,27.66778256646913
29003,36.98789057549124
29004,28.089656816556413
29005,28.054146575783903
29006,29.957321908106465
29007,29.95254178275637
29008,29.638926785321935
29009,27.174072524272432
29010,29.54251636064592
29011,30.20858686347855
29012,28.765963318204346
29013,26.831113125399643
29014,28.45802939265197
29015,31.98770046680255
29016,28.160770679422274
29017,29.050979402663195
29018,28.67485147936057
29019,27.664248036851266
29020,31.99956888271859
29021,28.66371012429869
29022,42.50753320312456
29023,28.769783443891317
29024,29.66479122357726
29025,31.816261479054077
29026,44.99335334420263
29027,30.32526848170317
29028,27.86196975207525
29029,34.767211806985806
29030,28.65697169800284
29031,35.57612020964242
29032,27.091438205668798
29033,22.774936725190717
29034,30.7715882680048
29035,28.79438293386435
29036,32.527038924714525
29037,32.78738144342693
29038,24.675558627148195
29039,28.59985080936849
29040,29.357888657231946
29041,24.78686329616781
29042,25.470201336061404
29043,28.91760250888533
29044,25.8329290958626
29045,27.853276360133165
29046,22.05284473072136
29047,29.94532772170175
29048,24.908406897448867
29049,26.20701477073705
29050,22.27411214339799
29051,31.30848109131778
29052,33.61479386622551
29053,26.214802497501825
29054,19.264096694826662
29055,26.296264199444156
29056,33.98905124538605
29057,26.55345460292141
29058,26.562592486584048
29059,23.785339175067392
29060,21.11107324149597
29061,32.75805633887615
29062,32.63474267057751
29063,19.85054351487489
29064,32.4689376753276
29065,21.8372299481924
29066,30.035368038665055
29067,24.67474084632137
29068,23.438417781448432
29069,19.939326562302934
29070,20.946954630153883
29071,20.048642617245772
29072,20.234351210377373
29073,20.99569878797888
29074,32.47514339497619
29075,13.093785121579327
29076,7.714795544002664
29077,20.585955035381406
29078,23.456111006325383
29079,20.269942014948228
29080,20.10074234747111
29081,30.06377460407213
29082,19.078348141390855
29083,21.512562563391924
29084,19.828314275046825
29085,24.62213708596793
29086,18.793341482771226
29087,19.89634687403989
29088,21.208210594563
29089,21.335474136257847
29090,23.145656542631382
29091,21.95162834922004
29092,23.366511986059376
29093,35.09814279786266
29094,22.56664854554567
29095,29.326031552021128
29096,24.15894217657363
29097,28.43206319006029
29098,23.099173496469632
29099,19.642084846619493
29100,19.877494601912677
29101,21.09012227448005
29102,30.7484482233898
29103,18.370889678102824
29104,19.4797391563186
29105,20.464147412698185
29106,29.22721257912788
29107,26.41606564419044
29108,17.94773206646349
29109,27.18430866518902
29110,18.90750639987994
29111,27.046595505177983
29112,28.078620424436764
29113,30.955473780342913
29114,32.83810996139504
29115,20.63553098827248
29116,23.41658435751676
29117,22.006692196396767
29118,29.781903729396184
29119,18.256182098735795
29120,20.94303636730644
29121,20.12649634097501
29122,18.48641651698341
29123,20.53050798798061
29124,30.915343393365426
29125,20.94908482115932
29126,32.90860665866047
29127,30.598901562857158
29128,36.70879638226022
29129,28.706743875242683
29130,33.60529900703627
29131,31.858252531705197
29132,41.76770695003099
29133,33.65482830986739
29134,44.19397657926245
29135,31.468802906628333
29136,34.94122130901777
29137,31.803867790362105
29138,46.87376906890452
29139,32.46395122528619
29140,32.293289701594226
29141,37.45785219793448
29142,32.50464133141681
29143,57.10656051806197
29144,77.23135591591745
29145,43.91495820552246
29146,31.206189567462864
29147,33.66635563029647
29148,40.56977849368402
29149,37.08793790658382
29150,31.277646466617846
29151,50.160243478184505
29152,33.44728577776737
29153,32.84762685822992
29154,43.569119114285634
29155,33.86833222744245
29156,33.13768904157365
29157,33.33641120451336
29158,30.77911173158887
29159,35.86619460188592
29160,36.15915297229611
29161,32.861737353500146
29162,32.01232769414363
29163,30.714855307850044
29164,57.67780031177506
29165,47.54056465111964
29166,40.10546872057477
29167,33.25992619172045
29168,40.568358877892194
29169,32.97537189969945
29170,33.22962413587826
29171,35.40025086260934
29172,35.92380507950367
29173,27.694941188362595
29174,28.886743650883695
29175,29.22228863273007
29176,32.19452604922238
29177,28.605649290671764
29178,30.42059647550404
29179,48.81536626823612
29180,35.81325188246067
29181,30.15849072530662
29182,58.80988084277499
29183,34.42175718252286
29184,27.84975638945388
29185,36.68211379472826
29186,31.96527680555952
29187,30.34641282089526
29188,28.53105289821957
29189,27.873502261914183
29190,30.718042922445782
29191,34.13736955227816
29192,33.300295790163766
29193,33.72261056767866
29194,33.1684923583498
29195,33.63861599013786
29196,25.2925064166332
29197,24.38023953665473
29198,65.73048050579298
29199,24.53865618044932
29200,25.895098407464037
29201,9.177465457833142
29202,25.295076653098445
29203,17.557943078381275
29204,24.56546244838356
29205,24.947747319281547
29206,23.92974198220364
29207,21.71254097531317
29208,28.982865152227685
29209,29.700250380146727
29210,10.822279106622169
29211,31.72429057402909
29212,25.832150428080507
29213,26.187952070779417
29214,20.982366749187378
29215,32.29708709050499
29216,31.6755759620498
29217,21.403018520095745
29218,22.390666174308013
29219,24.45528008614049
29220,24.56002249526114
29221,32.15896847911241
29222,35.0362152421601
29223,34.31921563567111
29224,31.711257723178853
29225,29.781131337367732
29226,29.050737237466784
29227,24.79393253034028
29228,29.962208849524224
29229,29.634400144833883
29230,38.48515921453235
29231,28.014601247775207
29232,29.647703306295135
29233,28.04512365036156
29234,29.72408986185036
29235,33.9758241601727
29236,32.25806356549288
29237,32.24904230943984
29238,16.60165072738593
29239,49.522768763123416
29240,25.76825052197493
29241,27.11968474186672
29242,30.455804949320992
29243,27.69050459010433
29244,20.669264510298333
29245,30.374137980987776
29246,30.82552261241309
29247,30.120783041695844
29248,30.285544637834967
29249,34.064677881284645
29250,25.287036942473264
29251,25.38812847716697
29252,12.715688004808612
29253,26.15212460321905
29254,27.63355352950067
29255,31.846413783783667
29256,29.13789172271276
29257,31.271885271445385
29258,31.190511043561926
29259,28.33437104258752
29260,28.52748588779765
29261,33.19766170193416
29262,30.66012175007983
29263,29.216329897326993
29264,32.13580916145201
29265,43.77856754708497
29266,32.07948945161048
29267,28.110285190203843
29268,33.69077889449807
29269,29.643065560372243
29270,34.511840331737126
29271,31.167333997973003
29272,32.54946098537531
29273,29.924777689183806
29274,48.77507876370899
29275,34.353718486070655
29276,30.73397309899272
29277,30.755838701299886
29278,40.77919867888335
29279,41.88682634729461
29280,31.387874254413823
29281,31.355724791177963
29282,28.749629828788585
29283,34.06149115877357
29284,32.54613307521289
29285,34.37239350898543
29286,33.42177676547351
29287,32.74012835889794
29288,42.52785077259329
29289,42.12217460800855
29290,31.615881958477324
29291,47.17605742458966
29292,29.696053569485564
29293,22.164078851013524
29294,27.899068487351705
29295,55.80326320083146
29296,22.49448654640673
29297,42.72446563486587
29298,32.10017625411779
29299,25.076361293173424
29300,29.254759663436268
29301,25.292092661282947
29302,75.78358814669816
29303,34.82958478015886
29304,35.16320395329189
29305,45.15522846965733
29306,35.77279262074477
29307,59.87742476984448
29308,61.43209839615584
29309,21.364556526599525
29310,54.22959195482631
29311,25.648070109619606
29312,60.86604132403488
29313,57.59992139528642
29314,29.370231078615653
29315,29.247005582831598
29316,22.97148735393217
29317,26.351622826132388
29318,12.965229461369857
29319,13.368148449344325
29320,24.64830373713105
29321,22.185970769870924
29322,25.552911175091392
29323,28.666133393422054
29324,19.86155018897644
29325,23.00927958161896
29326,23.90605679240018
29327,40.75843642883965
29328,29.187715977203197
29329,54.21292186379839
29330,27.119572336588774
29331,24.87586370722317
29332,26.58452771896647
29333,28.44310914521058
29334,62.08252863885453
29335,31.195268885569256
29336,48.86577207296164
29337,21.241738834346947
29338,24.120142861826448
29339,25.529963082244915
29340,11.503711212505786
29341,31.689310424208948
29342,28.22301358528841
29343,23.72242320218622
29344,26.780030539990808
29345,38.10912565787868
29346,32.957768996386434
29347,31.494561797533443
29348,32.13993005661275
29349,29.261645776549408
29350,35.24124138019133
29351,26.128554918336715
29352,35.4422973308123
29353,24.60853947073837
29354,31.18173936911922
29355,28.612761165507905
29356,34.22382250505592
29357,25.62261387534579
29358,28.876682405760416
29359,26.428800303578694
29360,23.30952751978841
29361,25.430196602222868
29362,32.57307173179394
29363,24.70468833364397
29364,25.254864487227877
29365,26.00721490415107
29366,37.97085311408116
29367,24.121441949786544
29368,33.64449551842264
29369,22.058422582376952
29370,23.27239160729908
29371,27.49855871570489
29372,33.43594649730886
29373,34.25560734751429
29374,35.74936396545962
29375,23.049982487934937
29376,23.59872556067513
29377,26.08729457932624
29378,25.8409836314279
29379,28.093980318033516
29380,28.703885724066605
29381,25.142675544894285
29382,23.49162205436029
29383,23.135390462731998
29384,22.08753536296721
29385,24.979798297758503
29386,26.356348471538663
29387,23.956487780132576
29388,21.64807767815375
29389,27.349928010313803
29390,28.374656627562437
29391,21.774210217975497
29392,21.90536843839169
29393,32.698313158240815
29394,22.992764340632785
29395,26.12723915125329
29396,15.297077172007857
29397,23.07483935162931
29398,23.940830854472303
29399,31.603966905768992
29400,32.00227936872268
29401,27.34233295631874
29402,25.87354105716396
29403,21.805720794221383
29404,25.22489745281634
29405,21.430821577428876
29406,18.437536972969976
29407,24.910450131736667
29408,21.30247635540053
29409,25.981428811973416
29410,26.762297399380287
29411,20.14373705646115
29412,24.34983866886273
29413,20.463676639804145
29414,23.76766307160234
29415,23.30776955835056
29416,23.763693160686064
29417,38.30142125550207
29418,29.90545867177925
29419,47.24349213045511
29420,29.58348970151713
29421,35.977595982051774
29422,34.95668517864154
29423,35.61614692183405
29424,44.26492623394657
29425,43.81313431399932
29426,37.71770224690917
29427,28.4339394094172
29428,32.044294548495
29429,32.863343818758004
29430,28.20263578592421
29431,35.41747882457365
29432,30.110815134454583
29433,33.1528272491292
29434,36.50660422928852
29435,30.389915013504037
29436,37.52934451121882
29437,29.363384570392
29438,30.381934885096307
29439,37.07521321414781
29440,35.42325769148081
29441,31.082276041634792
29442,37.13442623989668
29443,35.443529451769976
29444,37.97980803831612
29445,30.831178597221317
29446,54.854232002237474
29447,29.656765446760517
29448,31.16948684537615
29449,28.69052227993008
29450,39.808409928765606
29451,29.19265289562992
29452,29.0346033346866
29453,33.74454935633248
29454,33.66302585785409
29455,28.477269311582543
29456,27.768511710389102
29457,31.7226431722031
29458,32.21431498212792
29459,28.62234190052074
29460,36.24269635978115
29461,34.21956470187251
29462,40.48184144984449
29463,32.44904964629621
29464,30.909678637862605
29465,33.49204385182343
29466,36.91751445176148
29467,38.139539100381775
29468,30.14669611883533
29469,31.47700973292472
29470,34.46846756266015
29471,31.344421931934875
29472,30.19514034792052
29473,36.7883206343592
29474,39.48860909505377
29475,48.7568762985502
29476,29.256859957430123
29477,28.853115478851763
29478,37.076797441234895
29479,37.854667096873165
29480,33.695899906056944
29481,32.59649748077754
29482,29.704587170049102
29483,34.708111796686936
29484,43.51374373478495
29485,37.01267273198308
29486,31.191267566592323
29487,31.53020615752431
29488,49.59740075287754
29489,45.9550237279102
29490,30.444379087075284
29491,30.76268893336578
29492,36.66094997027383
29493,28.8521702764822
29494,30.916051323275127
29495,43.05847355701071
29496,32.50943836742973
29497,40.1406547339053
29498,60.11006211439121
29499,28.53255376224844
29500,30.5032349523969
29501,30.96674410114253
29502,36.15613658185319
29503,28.98256520501397
29504,26.109046699104606
29505,31.144854003477825
29506,28.09338970078852
29507,25.995802332905058
29508,67.97219445663173
29509,67.2817599747194
29510,24.323681074324792
29511,29.6859079519023
29512,28.48348166994519
29513,25.8474719734895
29514,24.49712800967593
29515,69.33358572634226
29516,28.237467631647657
29517,26.527280972494
29518,30.19893951571064
29519,32.50430711446471
29520,21.66686649591846
29521,9.300824568454834
29522,35.857887556454656
29523,33.49386135223117
29524,50.83143627477407
29525,35.12258014713712
29526,27.64904574632098
29527,27.132029589451225
29528,26.71629812605003
29529,21.75315707659035
29530,24.89992801967411
29531,31.374274014559468
29532,23.995087844256787
29533,33.52235023538952
29534,34.32842326194902
29535,35.9313550180452
29536,62.454029930191226
29537,26.30229483024411
29538,26.83085690278611
29539,27.721284307168684
29540,28.56264804555346
29541,28.7773819435657
29542,56.23540383881099
29543,33.79599091111766
29544,25.026213120254425
29545,29.643852398016506
29546,32.52783717792227
29547,37.781028585482325
29548,35.60207684036816
29549,33.30840816358454
29550,23.990399136521148
29551,26.269077417199668
29552,73.25295565867188
29553,24.66213075903821
29554,26.777312561314744
29555,28.219698564387382
29556,24.86367245487345
29557,30.029496290940074
29558,21.447279138404472
29559,26.755465933410637
29560,28.032780346301365
29561,30.674190167184264
29562,26.74257513535981
29563,31.136690355086223
29564,28.24134479766343
29565,26.26560105875822
29566,27.13545738458664
29567,51.99607478018529
29568,27.29904557602485
29569,26.456980516425222
29570,21.871508761047867
29571,26.77273232402327
29572,28.648778673155324
29573,23.718298340881343
29574,25.492570451064683
29575,24.56478213044566
29576,25.327510271042105
29577,23.4016077885198
29578,33.82905447119625
29579,24.32754875639665
29580,24.00415853737164
29581,50.61304551195656
29582,28.118718845638
29583,22.767147323455223
29584,27.042509577394767
29585,23.401654899513364
29586,29.644579812492772
29587,13.698309563022043
29588,25.727832258333816
29589,25.73989651224336
29590,23.78972242585363
29591,23.196723778781596
29592,24.899283683559773
29593,33.58242871493544
29594,28.052689688588718
29595,28.584689345356168
29596,23.26850582429936
29597,18.92464212680036
29598,33.69819739691876
29599,35.00287731047592
29600,28.18764047536945
29601,25.53449876848471
29602,26.39575192864024
29603,14.464447439936603
29604,35.91208603208011
29605,33.32796997139935
29606,44.36954060363928
29607,64.12008065310536
29608,56.15535892887712
29609,57.56993276717103
29610,53.11165503404845
29611,61.79512572470739
29612,31.891759383992245
29613,76.1807373738693
29614,46.12269207634151
29615,34.80826983510882
29616,31.06399095646986
29617,31.681422807343218
29618,36.77134869989717
29619,40.511972023103
29620,69.23660632600512
29621,31.23091498775714
29622,57.62093198901776
29623,52.903499501967126
29624,28.046795803614582
29625,50.1396102968917
29626,31.998868867958244
29627,42.82370427440876
29628,45.023758557195286
29629,60.42543642056638
29630,40.75343561469247
29631,63.33331493086435
29632,55.97470467305869
29633,42.64725712397086
29634,33.05174286341693
29635,63.48726163629149
29636,35.08401464554877
29637,32.05149608720512
29638,33.95823713090309
29639,61.946366570960535
29640,43.25530777379789
29641,62.71819209614296
29642,80.22476909655585
29643,32.82309594135435
29644,39.175221434834384
29645,75.63418637802869
29646,39.25774382938596
29647,47.93115398047062
29648,34.83029589424104
29649,80.14633329027502
29650,50.09692899524566
29651,68.90873359183031
29652,57.10656051806197
29653,33.25728405883482
29654,58.90057855051979
29655,31.89442554970983
29656,36.20222036755338
29657,29.685591499278118
29658,36.26459239974816
29659,30.423495573581626
29660,39.02102747703633
29661,30.358882175093257
29662,30.511970368191548
29663,33.12128302155119
29664,32.00879242657758
29665,51.18542512442639
29666,60.2746648257175
29667,48.827852154654856
29668,46.795761864972185
29669,47.45171370924812
29670,51.107044852255626
29671,47.76807186174153
29672,36.93411681826333
29673,37.19005270613004
29674,60.52683475299108
29675,48.8836672605074
29676,60.483087678224
29677,58.24535385725815
29678,61.5891597229446
29679,49.99908771079919
29680,60.29942023162806
29681,57.277370987987005
29682,52.73254587847426
29683,58.80988084277499
29684,61.032760277378216
29685,61.23694660999848
29686,35.7817852334984
29687,56.93526088072332
29688,52.5400541153761
29689,50.62180371244427
29690,47.5866449120748
29691,48.05999036171036
29692,49.494347499977
29693,61.22140410810411
29694,47.45195750038809
29695,13.278488485213362
29696,36.51241143914433
29697,47.33637945972695
29698,51.94974015223127
29699,44.366861031046
29700,35.883060492418174
29701,59.90443647856705
29702,44.30979568806382
29703,34.36694758312999
29704,56.26979343494014
29705,40.06868798966178
29706,42.51203731943741
29707,36.849788185493786
29708,39.80482566567266
29709,42.634848234652
29710,42.41205735350383
29711,43.54417565616483
29712,37.74849358927639
29713,35.88949434328547
29714,51.97701085319456
29715,44.571523079547
29716,48.83032864600944
29717,35.48685991975557
29718,37.22763779131515
29719,41.70767965617176
29720,44.630503978882224
29721,36.38613498750723
29722,32.915090721131754
29723,46.47683344484923
29724,41.2114780918572
29725,46.56800186398771
29726,33.72649537021047
29727,34.17355224161125
29728,35.72808631517277
29729,33.00867150330033
29730,40.07356458797173
29731,33.92823794145682
29732,34.79373861280642
29733,37.73810522910839
29734,40.591964299502
29735,39.788845354713125
29736,35.82510974774082
29737,31.748133906456573
29738,37.92643760240468
29739,42.61090718498951
29740,37.46080096858165
29741,44.26081628311904
29742,38.77311997691339
29743,42.53823300993887
29744,42.11572524819159
29745,34.55528939485052
29746,34.97900865244407
29747,39.31301495816765
29748,31.844493565022
29749,36.332266469775504
29750,43.08326663632048
29751,36.17898589138793
29752,37.79325713497291
29753,26.56972614097179
29754,20.973809107851316
29755,43.34155509783994
29756,36.48499651752196
29757,32.83269799986852
29758,44.63140439498195
29759,38.30986271977916
29760,41.88988163048638
29761,37.01610788995481
29762,41.97809229678842
29763,43.884183420240014
29764,35.36526856205726
29765,22.53076963309789
29766,33.413141315967344
29767,28.381119134181837
29768,26.720990979335895
29769,23.287117666083137
29770,32.16824273455429
29771,23.55982861540504
29772,27.296467246012824
29773,26.03726019151805
29774,31.438655320631447
29775,75.66729235561378
29776,35.306859069290965
29777,32.940013871429784
29778,40.59735852541052
29779,33.84929256971245
29780,68.89372477533539
29781,32.03281734691297
29782,28.31403821446024
29783,31.834639093850058
29784,37.55458815360265
29785,66.37917669639775
29786,43.05676122943302
29787,21.83739864336117
29788,46.594174266454566
29789,33.78937104746634
29790,50.16956328229964
29791,41.26082748923864
29792,35.32613628502204
29793,33.65076743686359
29794,49.84808674162978
29795,63.79115341556644
29796,46.11643471432004
29797,36.71171543423745
29798,73.77732852466403
29799,34.92908627487082
29800,34.94442515879117
29801,27.27683022031046
29802,30.34597340079818
29803,41.05506311447349
29804,55.83593854047147
29805,30.689122970862428
29806,43.66310721428355
29807,48.63540483173495
29808,30.38102774300736
29809,29.414533686142747
29810,31.33425242114574
29811,35.722018360232745
29812,32.99927843618048
29813,45.84570737588508
29814,36.13788216745967
29815,47.45640749675456
29816,57.04869697266062
29817,30.74725547057826
29818,30.110221167358446
29819,53.37900572013115
29820,33.69090099724935
29821,40.48479534206566
29822,29.53161120732289
29823,51.30297451352478
29824,62.53664553369957
29825,42.40607745623919
29826,35.53382693147217
29827,24.705353549065997
29828,23.36670801832044
29829,45.0031522035819
29830,32.7037069895242
29831,60.39848828037997
29832,29.05278555640443
29833,30.4025322889563
29834,36.55603714529705
29835,36.1452122548532
29836,44.38849506968884
29837,29.572353593400067
29838,36.46376305449503
29839,35.143437595242936
29840,32.312813037504924
29841,29.344281395143597
29842,32.97848330067472
29843,31.81593349690295
29844,35.703380568760174
29845,27.33352616379416
29846,40.37646238045199
29847,36.6400825175095
29848,35.74655114420971
29849,32.87149505559385
29850,33.43926347913364
29851,30.3317327386396
29852,25.793984429994456
29853,35.67134525327913
29854,31.888666950331256
29855,27.532241433457965
29856,37.092849489624136
29857,31.65848118193381
29858,30.284777061119208
29859,29.380769032482213
29860,27.5377608269906
29861,25.91459506021568
29862,31.033485165518883
29863,26.21839170068316
29864,16.803936028878244
29865,27.658142804447653
29866,30.107473732004628
29867,30.632413352534172
29868,26.53298687778168
29869,26.87836021558457
29870,31.80433213809105
29871,23.484476214796967
29872,33.39525519562032
29873,33.47293493429772
29874,30.367989968995154
29875,26.99224515068273
29876,35.61162667938643
29877,37.38211809948827
29878,24.66847364876691
29879,34.71673485788967
29880,36.03857832807283
29881,28.464513406304963
29882,32.16776779162834
29883,25.92083656690633
29884,20.982366749187378
29885,34.81692464101847
29886,24.537365641332556
29887,34.307302485752
29888,23.021412169580227
29889,25.33998092703895
29890,34.90732921603726
29891,28.79331975368608
29892,32.67944591547702
29893,37.64969174396981
29894,34.42320836390064
29895,28.175866239152697
29896,37.02946622213383
29897,20.48875479699987
29898,32.0461682461765
29899,21.28340893046608
29900,24.035475691814483
29901,31.233887930372404
29902,28.40524319828676
29903,29.734937086976352
29904,31.93588984210026
29905,34.340087455767424
29906,31.100069157321364
29907,37.01583833013942
29908,36.00777337197075
29909,21.134826786407675
29910,29.774210536462157
29911,29.866520711824656
29912,32.5031941656949
29913,36.28835189348203
29914,26.336048219339443
29915,33.934544895386615
29916,31.211626835341185
29917,33.61597241155896
29918,21.47196351852197
29919,36.266419639474535
29920,34.52807532170227
29921,36.14104118150669
29922,32.75031606402102
29923,36.18907867399832
29924,28.684952698845425
29925,20.61290530687154
29926,34.05326039324448
29927,20.04271526422271
29928,35.4744442616932
29929,35.38146461002808
29930,31.297051309378332
29931,35.68096491918056
29932,37.27597692925921
29933,35.001400368495325
29934,26.975260834077165
29935,27.799700603364457
29936,34.26421978272538
29937,29.26906857840092
29938,29.957454321479823
29939,33.62951104676153
29940,37.11171513908645
29941,69.45309619761035
29942,31.88822056974712
29943,51.862701339270416
29944,31.292300005028245
29945,44.4014445412798
29946,30.693899019917474
29947,56.93819438985246
29948,29.616630006555063
29949,33.56176997800102
29950,65.33674356584508
29951,29.67131014215176
29952,46.89140936190336
29953,29.054020661353583
29954,30.029148466557622
29955,33.000269252741354
29956,47.45214701432344
29957,77.23135591591745
29958,29.03975206481808
29959,37.85672077675338
29960,45.086933230806096
29961,32.8123822461383
29962,50.0505619232699
29963,26.79305022519695
29964,42.18082184423881
29965,32.17763471410401
29966,27.6633887546416
29967,35.36378182435341
29968,34.30866681671316
29969,31.45123290726888
29970,31.78948975532498
29971,36.23617135346687
29972,28.035064110665942
29973,23.408405940404908
29974,42.89129918058493
29975,31.66275073604023
29976,73.15862585613348
29977,28.685967053193405
29978,40.31474861146668
29979,28.274840575608906
29980,57.41732590455786
29981,31.571607887816597
29982,32.83062237717946
29983,31.387501208430564
29984,38.41102040429868
29985,54.06343801907088
29986,33.6000613628887
29987,35.46055232586496
29988,60.1571203331407
29989,47.97482962412018
29990,52.607587811989525
29991,32.38657460791535
29992,34.27728482355388
29993,44.2712309700914
29994,31.31159498959787
29995,59.39963132798371
29996,34.7511708351436
29997,26.35857178430253
29998,29.676478367494312
29999,41.5401990162844
30000,60.7321891674569
30001,63.27772317377328
30002,29.97007216088445
30003,46.15819780018733
30004,31.579830949678204
30005,32.186775005458735
30006,21.84372692108605
30007,62.456457457794514
30008,28.88105996699461
30009,40.59517755467038
30010,25.756815700109986
30011,44.863639010127145
30012,64.27701856744802
30013,56.06814280259414
30014,33.52698578791553
30015,20.586039628738263
30016,33.49475721463076
30017,30.227904589621367
30018,25.71200748662288
30019,35.15666721253958
30020,53.95604589789561
30021,36.59587750646993
30022,52.26436501248663
30023,26.8373096135578
30024,36.449546505756736
30025,42.24477680930022
30026,31.21244156308179
30027,36.1999118059507
30028,53.653229312520544
30029,36.31867238493326
30030,38.86151620140104
30031,30.065877500645136
30032,27.38430819410837
30033,51.72655632670248
30034,59.0605316717377
30035,29.152678057387
30036,26.175798686908724
30037,29.833728701189777
30038,36.72275730295216
30039,34.86411078076696
30040,33.201466148422654
30041,70.04816327292649
30042,49.28416139953419
30043,35.21955232776363
30044,37.92563698820896
30045,39.907345939649296
30046,35.4203803436472
30047,33.57267023496314
30048,35.4376559631907
30049,32.52936899613136
30050,45.57476295112824
30051,53.61560675899987
30052,39.33056747557677
30053,34.87688084296346
30054,48.89931077331738
30055,38.038291931995225
30056,33.24667178874513
30057,65.67082373500917
30058,50.21797999312357
30059,28.76428881005798
30060,43.36832120322361
30061,30.26699437663718
30062,67.96148630554319
30063,56.210355647119535
30064,25.04722214363788
30065,29.45179842573115
30066,34.29154861492408
30067,29.92595134213056
30068,31.212085603133517
30069,11.14529145571141
30070,34.42160645100795
30071,35.16794001265039
30072,65.27066214651164
30073,58.512440352834325
30074,28.9617799835549
30075,61.11208208515633
30076,42.2726916659927
30077,34.08975940043036
30078,28.14615005782987
30079,31.180498778397002
30080,26.6305305549559
30081,31.121056184019537
30082,32.27061400920361
30083,32.13601645539566
30084,28.80617630575796
30085,55.18433956945324
30086,31.03819415926457
30087,27.483110304706795
30088,19.408727719191223
30089,28.48530384284962
30090,44.64020144053261
30091,37.88714635757618
30092,57.46532812971561
30093,25.61053095276288
30094,29.62895961281881
30095,59.93723409717055
30096,34.9689061416755
30097,32.98308270607142
30098,35.39163919632926
30099,23.388913371092936
30100,29.632064730449514
30101,24.24294221810771
30102,31.342927834115613
30103,21.15202516353619
30104,33.7023268443042
30105,32.79619185459138
30106,31.0789420865191
30107,28.160106903175983
30108,12.358880200198769
30109,35.37081955397045
30110,32.86578484693721
30111,30.845204478546215
30112,33.81716653066761
30113,29.554931287282407
30114,36.30177773981496
30115,16.18486235896989
30116,34.210925537678456
30117,38.148638338224
30118,27.667034032268404
30119,32.705325110249056
30120,39.22035496501939
30121,31.30499590593238
30122,29.985570892698533
30123,31.439668217168617
30124,31.074519795761404
30125,29.593334908416068
30126,24.026188988574837
30127,30.781160967586608
30128,35.96550575324624
30129,19.95611841282816
30130,32.70992493500199
30131,33.79630805628475
30132,25.95469861698413
30133,33.892053006617296
30134,36.49732946096711
30135,35.12914966524171
30136,26.75083082517598
30137,29.206477674183823
30138,31.418208847070467
30139,29.12882545618229
30140,41.65604920258988
30141,24.07358341520001
30142,31.467210843666443
30143,29.8417651062852
30144,31.325124251598574
30145,30.010284705527447
30146,26.90420913095052
30147,33.4087483485248
30148,19.248261455849047
30149,32.23327643592126
30150,36.18048359088908
30151,26.822659702242817
30152,26.983765765362268
30153,26.005197961643344
30154,36.15749457004413
30155,26.37023886571536
30156,28.54803494663406
30157,39.29539662757218
30158,36.3556926037358
30159,32.436063387581086
30160,27.14128994601323
30161,4.599201634996571
30162,15.896068672340729
30163,29.306595635646993
30164,40.03714972011151
30165,29.80892444772855
30166,28.173469521894148
30167,43.85150313162694
30168,36.58270264899742
30169,37.807622593702014
30170,35.45657967404539
30171,37.73555096618521
30172,31.91210354968426
30173,26.34080870058773
30174,34.05534919960979
30175,39.39712835387338
30176,30.181162936787963
30177,41.16807249265237
30178,32.14211686517846
30179,42.17410398115101
30180,6.221418135898531
30181,36.336598087827134
30182,35.4726154912663
30183,29.787808307027937
30184,40.96426722200076
30185,24.94606083776589
30186,33.3105099382193
30187,34.27258022723965
30188,27.751195828107303
30189,38.65167061119293
30190,10.897664214732757
30191,39.67966959792631
30192,40.677802526171966
30193,21.910649495836932
30194,40.57070323302228
30195,40.29174679496321
30196,59.94727788392365
30197,85.65216573399273
30198,81.86681810174564
30199,83.11560534918137
30200,20.593409561214127
30201,85.53705823036283
30202,76.90300705579016
30203,85.99675866467534
30204,84.82114754061843
30205,30.040112958225762
30206,82.67423961730505
30207,87.11611278990988
30208,25.150279341121173
30209,83.86515959075577
30210,86.14720127751582
30211,20.812764576537404
30212,80.37014274630117
30213,25.955665324818487
30214,74.99964993236007
30215,81.65029330350414
30216,81.56134224758976
30217,20.293835293790583
30218,83.70279545764976
30219,76.24713614596563
30220,22.447311597077647
30221,83.5387267199347
30222,53.23451129695286
30223,83.40109358655918
30224,20.012253762815828
30225,75.9655559787412
30226,82.49743744666095
30227,52.92028116613128
30228,22.233389961219142
30229,81.96191272633483
30230,28.920525845045564
30231,81.80630845220945
30232,74.94784733484424
30233,20.34475174579416
30234,74.63188264960745
30235,68.93395761042261
30236,23.849461035541893
30237,82.81098513240353
30238,43.52079210204784
30239,69.75878233235403
30240,22.80121584209253
30241,77.91874452159583
30242,82.03719452624252
30243,18.16182948926403
30244,83.54388978756889
30245,79.72972746278371
30246,20.15699248845614
30247,82.39555129933063
30248,83.43621457314792
30249,30.745087295084154
30250,82.01239101690511
30251,28.810660173585266
30252,72.06367103671951
30253,82.37597048027577
30254,32.81825958714378
30255,82.47247177530534
30256,79.30825984322759
30257,22.50527620175175
30258,76.86041935413222
30259,80.99472202431751
30260,16.69693149551728
30261,80.12625865088738
30262,78.08320557072686
30263,26.634987754030707
30264,73.43643348201927
30265,81.25494514688567
30266,22.66053762813908
30267,67.8642650803505
30268,82.11276424587221
30269,24.014004089452342
30270,79.83269858936417
30271,16.482420245584343
30272,22.2598221797811
30273,73.54202011290009
30274,68.8699690408609
30275,22.890476778599616
30276,60.96790200931459
30277,50.01324423147772
30278,21.853471728187245
30279,51.16790631465574
30280,28.154566873821768
30281,60.65485949833047
30282,77.66890625752174
30283,27.909753268065646
30284,60.07071769302693
30285,61.6666747997359
30286,24.31610957488525
30287,70.35170970738533
30288,75.411877564618
30289,23.00335885520313
30290,63.92976148188946
30291,62.33789650343908
30292,66.33411304307656
30293,31.57755104083129
30294,36.23519202084728
30295,46.482085478628136
30296,36.73049783122715
30297,69.79597839296007
30298,59.16258984527233
30299,45.35227810617308
30300,69.90042777263277
30301,41.25067302307812
30302,45.04924182295602
30303,39.21881148947889
30304,62.00875518672784
30305,45.00056558833526
30306,34.9852283379325
30307,77.88276537078177
30308,74.91104531346487
30309,38.79118898758696
30310,66.86941888414164
30311,37.32520817480583
30312,33.30451258212319
30313,76.88824152870482
30314,39.19455399891263
30315,32.17149984383899
30316,32.493203622445755
30317,35.53447469051259
30318,42.4325685938281
30319,32.685452292668366
30320,41.852533758226365
30321,51.22652807282518
30322,77.62811373838593
30323,55.97999611359037
30324,34.84174436192088
30325,34.35462648993908
30326,35.61035893716421
30327,31.242270408753818
30328,34.16958551618391
30329,42.11451708902111
30330,43.55805687191846
30331,49.3706724904294
30332,35.923768903776896
30333,37.84291651800982
30334,36.73924096948284
30335,27.98333428676862
30336,54.21237869653972
30337,81.71246594682057
30338,47.30944311260311
30339,35.46425797737925
30340,35.05079538421982
30341,34.2938717658522
30342,34.38918633026498
30343,35.96136252352128
30344,47.94384074245048
30345,37.38888070180636
30346,35.01735008856753
30347,35.8134240529525
30348,37.06149576504979
30349,51.66107751247338
30350,36.06013968671007
30351,48.45709126902387
30352,35.17990143106723
30353,34.25610429871608
30354,36.38910263774651
30355,36.56919296052711
30356,40.20938290180777
30357,37.89771723179879
30358,35.30368756898604
30359,35.73373498760838
30360,34.7988776192622
30361,40.60082411719818
30362,35.977641767586896
30363,66.4889988246945
30364,72.77796903276028
30365,36.06153193101233
30366,56.84370064731858
30367,36.74918063746125
30368,44.92224941745862
30369,74.92281425796001
30370,36.33572477858216
30371,71.66478035624276
30372,35.28856621914141
30373,35.89046015043554
30374,33.28218948481918
30375,39.327328219961686
30376,32.02510696167304
30377,30.5111763970471
30378,77.27723982502981
30379,35.80606262785072
30380,37.33645627277093
30381,32.09316390342252
30382,33.12681873118755
30383,39.325013643765175
30384,35.16730098691461
30385,41.67876292219318
30386,75.50499743468077
30387,80.04949173552848
30388,83.92453564415115
30389,63.078110512991046
30390,30.13100237038644
30391,33.710916190554336
30392,74.02694204308717
30393,56.08101894752986
30394,64.2874785813397
30395,79.94453493031523
30396,74.34184804953587
30397,35.3424776517754
30398,65.78181482978299
30399,76.99800143082753
30400,52.533000641743484
30401,35.95211684852029
30402,62.08012059167919
30403,40.44789302593244
30404,26.31414440542996
30405,32.714231826106065
30406,72.59881378214537
30407,72.09542339457964
30408,49.8294280056709
30409,59.18755474201711
30410,37.463518149506086
30411,33.76768876103805
30412,60.79330033946116
30413,48.92973338947238
30414,69.09079725626667
30415,24.514262677205995
30416,48.53178137729392
30417,63.06419425349543
30418,72.13277592659377
30419,59.72262977168919
30420,24.800286625253214
30421,47.91945429673019
30422,48.6463353073301
30423,83.54433656055357
30424,65.91213688595276
30425,37.515565294100256
30426,51.32934512866251
30427,65.73048050579298
30428,81.41320463459154
30429,36.20112336577801
30430,30.704252664613527
30431,30.845409319539435
30432,59.77824265501517
30433,25.869017322323696
30434,29.250206295326883
30435,53.50201753522661
30436,59.61996606365032
30437,56.52810502510289
30438,67.15085825763339
30439,67.4367779032293
30440,52.63915317106551
30441,43.80376707044481
30442,58.703868737689895
30443,34.14669506874864
30444,67.8405868281624
30445,32.90420916931971
30446,63.074135957358536
30447,66.23670487754458
30448,66.81127158809493
30449,67.82666376753691
30450,73.5465729574538
30451,65.62799810879254
30452,62.34265185493717
30453,59.823887857149934
30454,65.89058895144431
30455,28.027747574508957
30456,62.519623593621674
30457,45.5732352133852
30458,59.99021048464445
30459,56.07473378869307
30460,59.00510348826062
30461,70.1003979946952
30462,36.35886730117672
30463,60.1039192747814
30464,68.86288283190544
30465,35.12080402465312
30466,60.372064005079416
30467,66.0873843488006
30468,71.18852469477899
30469,31.427909806428666
30470,58.47729018880176
30471,42.87487455689049
30472,27.829947884106183
30473,35.79973878764289
30474,45.02124502912316
30475,26.86646226813072
30476,26.116903847909317
30477,32.43364691272698
30478,35.0326750054167
30479,40.94782036752327
30480,28.204034771153427
30481,26.042317674342257
30482,25.61096556030896
30483,41.60391674092387
30484,60.42549181031296
30485,27.63055287912877
30486,53.15204251363296
30487,33.62622497508604
30488,27.430132234211698
30489,29.96456615502339
30490,27.35754484268032
30491,26.79085120258731
30492,28.54608698047276
30493,27.68305367774784
30494,32.75541968791175
30495,38.74127505175323
30496,27.049512346489397
30497,32.14257845810362
30498,34.52612779840871
30499,39.86980805030897
30500,32.193744054892896
30501,51.70186026578858
30502,29.591851110525212
30503,27.51390748676296
30504,36.37889218036532
30505,41.73498168642583
30506,35.07040686400918
30507,50.08673947662595
30508,34.245856919287945
30509,44.262137082414256
30510,33.8930509614681
30511,33.38312813445543
30512,32.971556601643506
30513,33.16678637089573
30514,39.35072381549308
30515,35.23897042027903
30516,34.14457425158852
30517,36.5156442314926
30518,33.71326595635474
30519,32.69242207342975
30520,32.9481478122832
30521,57.558778275022256
30522,49.80271236500323
30523,37.41019803033424
30524,36.62243672780648
30525,36.28696405264592
30526,34.225404514378944
30527,26.644617841155156
30528,32.86619649047221
30529,33.944948810401264
30530,72.30485660738293
30531,47.447930681434286
30532,35.63822649083839
30533,47.31932616505895
30534,36.07150831270103
30535,37.26810684489753
30536,36.81680613778428
30537,38.22950632668115
30538,35.81809159854653
30539,60.43239936019906
30540,38.08142961021574
30541,46.72805062690964
30542,40.32062407843912
30543,33.915113545474426
30544,38.31053890403084
30545,33.800731906185625
30546,44.46868147650722
30547,45.26185896747123
30548,30.360015908102184
30549,37.0525284833864
30550,33.64555864932478
30551,33.42390659256844
30552,31.830340279152665
30553,34.90151383347852
30554,33.19125748646672
30555,36.42237634590631
30556,43.708816165515294
30557,31.76181230357429
30558,31.484760865308253
30559,33.22883730204302
30560,38.65049513539982
30561,35.56657608444792
30562,36.906999316732886
30563,31.96849554108642
30564,32.9949563994
30565,41.00484449212925
30566,31.25303912292796
30567,31.137966097218644
30568,30.5686031459853
30569,32.472452334622254
30570,28.786561331672925
30571,45.82465844226451
30572,55.86182515136638
30573,38.17469346784352
30574,42.13454329519737
30575,32.13702428396871
30576,30.196717047482643
30577,42.97598062994127
30578,41.60515921510224
30579,32.455932484236506
30580,30.571932611277866
30581,42.34606416680458
30582,30.856930420649086
30583,34.72216803977056
30584,43.67299314275621
30585,41.28874009816236
30586,39.95911159563696
30587,27.89655432534084
30588,41.79373335966119
30589,27.10292978105474
30590,40.82712642854779
30591,61.89655364458217
30592,29.267395050264952
30593,29.22473405873353
30594,29.209859820894494
30595,31.47921604262308
30596,37.0523761065573
30597,29.735509681094683
30598,28.424768776610915
30599,41.14347613264939
30600,29.523866634899242
30601,29.156161354206468
30602,31.00392095088774
30603,30.14317798576417
30604,31.499678472585366
30605,32.13090045580898
30606,43.81377080087412
30607,31.013730651582392
30608,32.571369851827086
30609,41.10543332612658
30610,30.816158388291612
30611,66.94928383161829
30612,29.244649666693
30613,31.635464595619148
30614,32.98854672545237
30615,29.679532981768084
30616,28.91152740152579
30617,39.19954130484521
30618,43.68185124159722
30619,26.54207725061633
30620,57.86059387585365
30621,48.80800356110243
30622,63.278353082345646
30623,49.96158130351881
30624,57.77289073022472
30625,48.22741891585031
30626,56.79946367081331
30627,42.96013135172354
30628,70.18946761699031
30629,77.31006504071132
30630,48.3315418821532
30631,34.40106342408679
30632,59.69200348531836
30633,53.11596071697858
30634,47.45216943511775
30635,45.52661927901466
30636,32.66814152618635
30637,69.8985607594726
30638,66.35838732709274
30639,62.09913920034906
30640,40.80534228076911
30641,59.171112151638944
30642,36.43912192576259
30643,41.60943052949968
30644,53.88473350242518
30645,33.83868536984915
30646,60.86604132403488
30647,17.40265252828261
30648,68.13984807879491
30649,53.17234589332523
30650,52.88175236225746
30651,33.044767547865945
30652,37.16852447403769
30653,41.37923863641982
30654,53.12117008339722
30655,50.28070802448767
30656,67.21379756502225
30657,67.96595743469172
30658,31.28336996278442
30659,71.6767855193627
30660,32.897917187984085
30661,61.160841071705434
30662,61.65881462281324
30663,35.37245024383632
30664,40.94659363113846
30665,58.31631597435479
30666,41.35040644054916
30667,50.35242532228615
30668,59.32737031418814
30669,57.75033279067049
30670,51.60821135847177
30671,35.13222649023455
30672,68.24222322349209
30673,67.55949651949739
30674,58.19067996377938
30675,57.76687110267616
30676,61.944809438500315
30677,54.88091022484798
30678,62.08252863885453
30679,63.737934235772286
30680,73.5898372636547
30681,68.99480911942456
30682,70.92988400747926
30683,50.766371857825526
30684,51.03171477787839
30685,54.206058930202175
30686,50.19653870769107
30687,64.25234324168078
30688,50.43103526392671
30689,34.137098542202594
30690,54.95366357587272
30691,58.45592290485106
30692,30.707906717761837
30693,56.18171957554873
30694,42.00324802839668
30695,49.61651611346911
30696,61.89373276751756
30697,39.74006712561472
30698,33.31438430141089
30699,53.01488870279783
30700,61.16022697327924
30701,32.72264078248636
30702,34.90748604409064
30703,33.4040907100806
30704,42.49060364823684
30705,39.23035806770826
30706,38.06459921604402
30707,48.86497255316005
30708,50.086803941293056
30709,64.21785933138393
30710,40.75909976716559
30711,43.23836501911935
30712,43.10697768951065
30713,54.71260437384576
30714,42.53784794698333
30715,54.715297194025545
30716,9.177465457833142
30717,32.818531331980616
30718,30.711485732295884
30719,17.76667770625481
30720,32.95203664790876
30721,30.592579524397003
30722,33.814859206997056
30723,57.96762214888708
30724,45.56971714811945
30725,33.12934173720949
30726,28.294011930854943
30727,28.949767454636287
30728,47.775298437038494
30729,53.3756666633015
30730,61.02409479011975
30731,29.61868588984857
30732,37.464688746024365
30733,29.540442780895887
30734,44.04009886147651
30735,33.51323782414216
30736,61.52647595457894
30737,50.54618494579709
30738,40.646954411153445
30739,29.5335389754923
30740,35.352104018338096
30741,31.95673900611839
30742,40.38297863187489
30743,30.454214802564458
30744,60.39382567742401
30745,53.55015420011994
30746,43.464047004841866
30747,32.49376167650346
30748,44.64802925919301
30749,48.0602737527681
30750,29.22412885434464
30751,42.3512367199321
30752,27.610114545787123
30753,31.69303334380661
30754,28.452926139764685
30755,28.59331599961089
30756,30.467053490361508
30757,31.781530424168643
30758,45.16850387290202
30759,41.34711297590709
30760,11.229344443361931
30761,45.586083055465394
30762,27.17624196436627
30763,32.59125888553594
30764,31.02514125342379
30765,36.611025714292616
30766,35.376636987939214
30767,41.41542846578762
30768,45.58926866495545
30769,31.940240003428222
30770,30.685531103705905
30771,29.578616757847563
30772,43.19137447890367
30773,28.02590220412634
30774,35.22438333235224
30775,28.85228467040694
30776,43.77685525129729
30777,66.91681041194191
30778,32.827670601165075
30779,51.440893741331685
30780,34.54530750199436
30781,22.93492238562743
30782,49.50874950112711
30783,38.515821568980925
30784,50.04000405381018
30785,27.42258023752192
30786,48.078832313264535
30787,41.17127587165075
30788,45.72541736944447
30789,32.24162516750317
30790,50.86775479785848
30791,51.25924663866908
30792,49.669716425605934
30793,35.528390982419886
30794,68.29686551024476
30795,33.343558792865
30796,39.6669187115754
30797,32.29110757984619
30798,28.66953993892479
30799,35.00136562891405
30800,21.242965270601896
30801,35.23470530127255
30802,36.37873170403739
30803,36.48139558754127
30804,28.23179093815213
30805,17.72438622246653
30806,24.55618503271176
30807,31.60897301902539
30808,24.16381142295385
30809,32.2012455187757
30810,27.42384874603033
30811,35.13844588176341
30812,28.350034828867848
30813,31.112201383745024
30814,30.80988781389351
30815,28.21736377135072
30816,29.63433346360575
30817,35.827683972410114
30818,24.5313884271029
30819,24.46339967654369
30820,21.786428566887963
30821,29.280095016895935
30822,29.678657979425246
30823,33.56548184906061
30824,33.49679597896184
30825,29.548053692937877
30826,56.892815658165
30827,33.00704730989336
30828,33.03386311762895
30829,29.73459778157109
30830,31.737791319724344
30831,27.606943853254588
30832,24.80411242801452
30833,31.834947851096736
30834,29.09220498380362
30835,36.17139869727942
30836,29.94739854987202
30837,34.1359443302392
30838,28.405090287041773
30839,28.04983812844206
30840,29.21963096834704
30841,33.0787557261937
30842,30.06439461945081
30843,31.623425177558467
30844,67.8082888548284
30845,40.31459692071264
30846,30.71639228301155
30847,79.06466917581683
30848,31.38278630333469
30849,35.985602677914194
30850,42.05157913804366
30851,39.04022325443887
30852,9.380645689661495
30853,30.046582950103947
30854,35.25467100765102
30855,48.12369084931993
30856,65.48169904529493
30857,36.00696426286271
30858,47.39287826627013
30859,27.81176061233228
30860,6.49966009058134
30861,11.503711212505786
30862,61.827829334769135
30863,52.60629294144968
30864,33.79995864748852
30865,65.98912230961567
30866,55.69214758153233
30867,35.47334406864461
30868,49.41826318567732
30869,49.41042673841231
30870,68.77610706601378
30871,60.47829488325692
30872,59.9103187748569
30873,65.14722053522934
30874,52.73854464798298
30875,59.02921436654369
30876,55.88367468276231
30877,46.77146263833031
30878,17.392479613937283
30879,25.244243408295944
30880,29.318061558102883
30881,30.19463126281054
30882,30.658783440090666
30883,18.419127184216475
30884,35.15401066916338
30885,26.955302552615592
30886,27.98021307186062
30887,52.73688758098382
30888,30.40916262183562
30889,58.08227383451069
30890,32.53368976670259
30891,32.61705447583078
30892,24.69103972742989
30893,28.536487077443397
30894,23.35902304257144
30895,27.427632338747717
30896,24.22218365695321
30897,28.036384408758625
30898,35.13029067123384
30899,36.196953867839255
30900,32.596330110104844
30901,29.877519157324485
30902,51.80705542627648
30903,41.99738241555934
30904,28.53616918370624
30905,29.56252075576132
30906,31.92651711093159
30907,38.8849232401283
30908,36.56282996376012
30909,26.61491770664962
30910,19.98071359050241
30911,69.68362723837117
30912,28.51590713139957
30913,59.39063942692763
30914,20.63244864413218
30915,30.142492956916136
30916,68.51722383630393
30917,25.52659672615188
30918,23.261569998853897
30919,16.689754780484627
30920,28.101011899147174
30921,5.6275849681854755
30922,25.0841201263121
30923,21.090040744356955
30924,27.882459742688425
30925,56.5757888384718
30926,26.457219349600702
30927,65.67459046920483
30928,33.09058655447885
30929,63.12310001946683
30930,70.81143691871794
30931,36.77877899297428
30932,22.251984399667748
30933,27.527082327860327
30934,25.109586090182905
30935,48.12275748204532
30936,36.18985505691141
30937,53.47606957444341
30938,31.390480589331368
30939,55.98048119031418
30940,4.586337303045625
30941,8.403790179281335
30942,48.01829603352419
30943,12.182642814228656
30944,8.862325009548837
30945,26.10992538450537
30946,27.81553663750604
30947,8.620078525687864
30948,28.241151219137134
30949,29.06958569378655
30950,49.67435502369406
30951,38.278675004539416
30952,29.854941795131914
30953,8.219397594069193
30954,30.813567890328926
30955,8.775790692703566
30956,53.29853015998004
30957,17.84588638525913
30958,10.605959716558894
30959,6.999463394556225
30960,34.01191056373791
30961,30.987295310346163
30962,33.051712440767766
30963,31.699632678831584
30964,53.75355103490073
30965,38.5812861723553
30966,45.75930045973889
30967,45.81088400968944
30968,49.37733555879027
30969,48.254431981881744
30970,48.77512237850541
30971,47.50371826539412
30972,63.673743030158576
30973,30.133212536514982
30974,52.16260916313962
30975,69.14551629917538
30976,54.69275967890976
30977,31.07187757410827
30978,43.77103680648858
30979,34.19141489324219
30980,61.03929467899735
30981,27.24389826222256
30982,36.47212614377779
30983,36.128930791812095
30984,52.73378902863931
30985,31.0827275919765
30986,36.7316441549664
30987,3.2974130879862154
30988,57.10369759241966
30989,10.212284387103628
30990,33.376259839848
30991,10.003766582469233
30992,8.299031047664394
30993,29.166708659871254
30994,29.6965481018649
30995,29.097966832591517
30996,9.383427366738443
30997,35.91237374640789
30998,42.94214828378617
30999,58.32845543836695
31000,34.466483943406445
31001,23.72577471377669
31002,19.79257565012163
31003,26.33134484804954
31004,36.77759591202099
31005,27.59574772781356
31006,23.345588336352662
31007,37.81678084980543
31008,61.24765439187338
31009,36.586909349951874
31010,32.5959618948195
31011,54.85783388649927
31012,28.23999810889487
31013,34.42047240079217
31014,9.68152993996168
31015,23.813489587424915
31016,26.37616446499993
31017,26.733924249626387
31018,57.68694363220351
31019,27.24543263031276
31020,73.43469202940297
31021,29.458650573343363
31022,31.790644165722618
31023,42.81674395373032
31024,26.688910718689183
31025,25.790883026062573
31026,25.129554071825737
31027,32.00286993187881
31028,21.03981656737027
31029,33.64161666354624
31030,53.85681678578737
31031,20.99933560698956
31032,28.91546324133984
31033,25.58032741147257
31034,8.6387966121151
31035,23.491995084359207
31036,20.4179052203102
31037,25.569910790304096
31038,22.58393309887033
31039,20.791073623542832
31040,17.918825071007504
31041,22.115452232106083
31042,25.8784915847866
31043,19.1719863172292
31044,46.96312021373519
31045,22.710973807638208
31046,27.2539306563433
31047,21.50821038283642
31048,35.28621268734946
31049,6.654809521648678
31050,22.28974879289784
31051,19.19268680595958
31052,21.78232956847674
31053,26.16953301654629
31054,22.613879857925088
31055,21.859525113840476
31056,20.957442149478165
31057,20.746929144347888
31058,22.08176635865348
31059,24.77803256716676
31060,19.85950943756075
31061,22.765459074802692
31062,18.682987912998826
31063,23.979924357820572
31064,29.57576584603975
31065,25.077729501405845
31066,21.7917916264186
31067,19.758736960394543
31068,20.053531283423847
31069,17.42283953147016
31070,22.549813738359617
31071,22.22094778706308
31072,24.37552536010128
31073,18.733810849287263
31074,21.573653460249364
31075,19.50749374653617
31076,18.42135826655893
31077,24.829872031237954
31078,32.47366598695785
31079,22.94576089855863
31080,24.229656004783305
31081,23.499871610208945
31082,26.73932748088912
31083,26.88445583272185
31084,23.369398586519782
31085,28.83779380601703
31086,20.03132529793527
31087,21.068859899515477
31088,23.379957504353676
31089,23.50844782892585
31090,20.31951828946436
31091,26.40895013558199
31092,22.37385275864064
31093,22.86186811032051
31094,30.210017823964975
31095,21.73942867708322
31096,21.37864487355431
31097,23.050379445691192
31098,22.88676989312596
31099,30.934091190473048
31100,24.740106506340684
31101,28.98858875972121
31102,24.81834537911088
31103,33.0011757995996
31104,28.215321381072588
31105,20.913161747928985
31106,24.992849573771945
31107,27.875230177371645
31108,31.120060392539493
31109,33.13425995425138
31110,25.613883281888796
31111,24.09400611398693
31112,20.98130040385088
31113,18.13407980711772
31114,26.898862990230853
31115,30.219087852333182
31116,44.326309760395226
31117,24.164648955572925
31118,22.44639076962746
31119,34.76943470751812
31120,26.938973167765937
31121,10.381105986008883
31122,21.62712682686745
31123,23.273277527488844
31124,20.962804739421003
31125,19.021854727612112
31126,21.824030689762804
31127,31.152699996145152
31128,25.95645912322422
31129,20.20521132634789
31130,23.253920132862344
31131,24.550251305824588
31132,26.732040513088137
31133,18.823246457509526
31134,25.77594027239948
31135,24.29242229971619
31136,27.08105369007008
31137,58.07344369627177
31138,21.3999112229016
31139,24.11387268563024
31140,18.973512665629823
31141,19.880796026626115
31142,26.68943235399534
31143,24.4521767714336
31144,26.54743687292671
31145,25.035950968333143
31146,21.983230588214088
31147,25.50820266279595
31148,20.865231737962507
31149,24.15970350999112
31150,16.881368349170295
31151,22.601256778058087
31152,16.900951215381763
31153,20.750679173735644
31154,24.633075772765785
31155,22.36759530848886
31156,20.79768384675241
31157,25.037551050559035
31158,22.50372881051432
31159,19.37911241105769
31160,19.478325330179057
31161,30.237775404706134
31162,25.749039117664704
31163,23.92997247824393
31164,23.425356041382468
31165,22.985852925319787
31166,21.87265533027099
31167,22.429842304197877
31168,17.52985957133843
31169,22.10176828691517
31170,27.963269258325028
31171,20.91026172853605
31172,19.521560468972517
31173,21.939754054246336
31174,15.85597179442706
31175,18.66795621199876
31176,20.615699070862387
31177,19.11294673047104
31178,22.77058826047787
31179,26.512029993369964
31180,30.23821033753066
31181,21.808484142570933
31182,19.81135391490372
31183,17.64376992393329
31184,19.24165665461136
31185,26.38922104503932
31186,21.362876232510278
31187,21.398650545874197
31188,22.409796520860777
31189,24.686188788204174
31190,26.777054343869253
31191,25.817774201262324
31192,24.034610337737597
31193,53.49098110449452
31194,22.539730271552163
31195,26.3227387235702
31196,21.17445509133593
31197,22.157024898004877
31198,22.628478999249086
31199,18.46731241478985
31200,23.15442432324748
31201,17.59484893988792
31202,23.6079025297754
31203,24.110929933948544
31204,22.86374010989037
31205,18.74179540922562
31206,29.611102669433954
31207,20.61290840658459
31208,21.29623468246301
31209,21.838123694866955
31210,25.448049997412085
31211,22.187313695177167
31212,17.44752072301532
31213,18.86331443244893
31214,18.97134290813862
31215,19.362706262614832
31216,23.50161271643738
31217,15.9854680892856
31218,23.664392879684858
31219,24.422845775949156
31220,41.41376918561909
31221,34.39438786294589
31222,38.52646683072279
31223,29.558601219887386
31224,32.33400068480734
31225,30.509125319899283
31226,26.339317939050957
31227,35.139104578367245
31228,32.34129442312868
31229,27.74630748446106
31230,29.708566597064603
31231,32.14661672173969
31232,24.471238156517643
31233,33.22406132442316
31234,37.96276508193802
31235,38.94463138489919
31236,27.54031202227397
31237,27.01584717631788
31238,28.449416991393303
31239,39.315494839591615
31240,36.83741657209431
31241,32.5223699621074
31242,28.45191934192434
31243,28.104645244885614
31244,23.397365953393457
31245,30.171122702389816
31246,30.604546025102465
31247,33.11299288277855
31248,28.53049943717889
31249,43.3584259350794
31250,29.07081637948184
31251,30.459999342580936
31252,28.911891712105252
31253,26.17247964515328
31254,28.078157012604308
31255,42.56980940945541
31256,26.82730881287033
31257,28.42842922757379
31258,36.51932517189136
31259,45.957052921539855
31260,28.547660548271164
31261,33.60689681885946
31262,38.50135617168283
31263,26.552347729531864
31264,43.23426871472759
31265,28.62480190947312
31266,54.41050049861628
31267,32.41073785201875
31268,32.83481260916017
31269,31.878502577318812
31270,31.183437622565364
31271,36.83595962662108
31272,26.76166944190265
31273,29.49632842569688
31274,25.74819639478841
31275,26.8535223778646
31276,25.15727375292028
31277,25.84156595909384
31278,26.632146701017454
31279,23.572500625355687
31280,30.736429018147362
31281,36.28787899764124
31282,42.46214819814495
31283,28.21795196135183
31284,36.02317987799552
31285,29.71031174920767
31286,45.92599507286345
31287,36.77417244626373
31288,43.81986031218119
31289,27.080004472929232
31290,26.176662183954345
31291,28.299403227720543
31292,30.39034968514018
31293,41.84275633359844
31294,49.56327850440337
31295,37.75115714052931
31296,30.013795586837468
31297,27.63998295429803
31298,28.94034846350189
31299,28.360646947723566
31300,28.894775860312677
31301,28.75764191351225
31302,29.07185736963661
31303,28.34919412340462
31304,31.856713533041322
31305,28.21962973651433
31306,32.670080851194065
31307,23.20706610110893
31308,25.304688773918112
31309,50.65573444624796
31310,25.93870591636058
31311,22.991826999881187
31312,33.39196802309553
31313,37.7039152741233
31314,34.7222216307325
31315,25.4305996930867
31316,43.50333556646729
31317,24.80173651389125
31318,28.331751251545853
31319,33.98359214726988
31320,45.13318213598629
31321,32.20191940604166
31322,33.35052358887173
31323,30.665809272101917
31324,29.63625683944509
31325,31.003907863113227
31326,31.64291620519296
31327,28.76067760678771
31328,25.473612504666903
31329,39.288433961302026
31330,38.34973419529538
31331,27.180489310440407
31332,31.608264565539173
31333,28.73954768894094
31334,28.14589079253832
31335,24.772913720954904
31336,36.99311638368368
31337,68.33155880947398
31338,26.614259645352018
31339,29.593917495310848
31340,30.740921661203906
31341,34.49922505188327
31342,28.991551615402045
31343,56.06747667002634
31344,32.28505604179872
31345,41.6432638724753
31346,69.49845350575731
31347,37.12579175334925
31348,29.047751980185055
31349,31.325425271673616
31350,32.53702945662426
31351,56.34884193369853
31352,54.715297194025545
31353,31.55860526389052
31354,19.87246285791653
31355,27.266970859992934
31356,19.832726344850304
31357,41.69513566673394
31358,67.97219445663173
31359,26.22080268676237
31360,27.26013001298144
31361,30.921798663109442
31362,32.589234963313736
31363,29.551891327198668
31364,10.282177145226491
31365,29.234187329244797
31366,30.451938905286823
31367,28.5429878742533
31368,29.443589654322523
31369,29.9636135297445
31370,42.43623047790342
31371,29.052536390758675
31372,28.78913060608107
31373,31.289178074161008
31374,27.835479707240356
31375,26.03250291854558
31376,27.72732131425487
31377,40.37896939121168
31378,39.92556377329665
31379,26.153591269355715
31380,30.216348284174224
31381,33.982969385514735
31382,31.581471363832215
31383,32.27528609028266
31384,32.98223896399357
31385,28.665704518639625
31386,44.91245831549303
31387,34.893886395747785
31388,65.98912230961567
31389,27.183398422148557
31390,78.10519807807275
31391,32.38915158314347
31392,30.09570685276867
31393,30.977859481341817
31394,31.419992840952823
31395,23.72577471377669
31396,39.48890238031973
31397,53.58631428968315
31398,28.615582905353705
31399,27.095907987907125
31400,30.210567052044667
31401,32.11753917245019
31402,30.042401873459006
31403,28.38602106596969
31404,61.827829334769135
31405,43.75555581350318
31406,15.918620477990284
31407,28.545760202888506
31408,53.47606957444341
31409,27.483982959434314
31410,30.728369772540894
31411,35.54476209894394
31412,34.13568337162128
31413,36.85827940160733
31414,24.73891160470443
31415,32.74688992254736
31416,41.53615975390283
31417,35.50128946404762
31418,24.352725247760333
31419,22.555332561466287
31420,23.134696037224938
31421,24.54713452256164
31422,19.70092393194236
31423,22.4157632476898
31424,23.40318880250637
31425,19.306754628325137
31426,24.207271054069427
31427,24.674431480398027
31428,27.98142405301836
31429,21.745632075475694
31430,36.21900101765522
31431,25.1939346429383
31432,29.201715475937014
31433,31.593456729488686
31434,19.455679745607824
31435,23.104797746618143
31436,23.32418435300552
31437,23.323963673299904
31438,27.845525393677363
31439,22.38298987410817
31440,27.34832354485931
31441,34.1620996840691
31442,20.229091022493275
31443,34.34480026591877
31444,23.703123348671056
31445,28.430942920659614
31446,19.700893083903605
31447,32.98200414292608
31448,34.23901735672669
31449,27.62596101415493
31450,24.944127167988714
31451,24.0129949260845
31452,27.57953842773604
31453,30.996444054319007
31454,25.062446800588894
31455,22.771096396491444
31456,25.94456834524752
31457,27.851317624833623
31458,23.5351569357689
31459,25.37879473654967
31460,22.88258691432116
31461,20.41846202858383
31462,18.34290927370604
31463,34.43016430338411
31464,30.232577989512343
31465,28.146611977229227
31466,35.915979970579066
31467,23.550988015509883
31468,24.473190431225174
31469,26.02254399574365
31470,22.187851250902323
31471,26.783508938404747
31472,20.4204092173086
31473,25.608679492921528
31474,21.97953337129051
31475,35.87156791672672
31476,27.203511124787813
31477,29.374501078044055
31478,26.39262373463981
31479,23.352366487975942
31480,30.176564402392614
31481,31.642605007042185
31482,35.59792399109994
31483,25.721061106060187
31484,22.730993695860164
31485,23.026428181819057
31486,25.080316168200397
31487,30.086553183461035
31488,34.40267648128337
31489,27.340280113578643
31490,21.996311091985717
31491,23.643114013324865
31492,23.64933611341226
31493,21.00031032955637
31494,16.35786945232532
31495,22.08900780576455
31496,24.07870521868267
31497,30.901453368645917
31498,23.671752195674888
31499,24.030665737490008
31500,22.70373663251054
31501,31.860040943322737
31502,20.731288246578867
31503,25.25444556596636
31504,35.335571248274185
31505,24.4955361560254
31506,24.031450793442385
31507,24.599541836345825
31508,20.000165715656763
31509,24.259177842698797
31510,25.07497356483257
31511,33.32462109794332
31512,24.47019581214725
31513,26.531320131474686
31514,25.22157491679137
31515,24.93876038899829
31516,47.64933053918634
31517,52.91779665958134
31518,44.24093466225833
31519,40.31206654088832
31520,44.99789480658777
31521,52.23939291222983
31522,48.54018848485927
31523,49.252887314517885
31524,29.599922214103977
31525,40.474765276387565
31526,65.3332386538465
31527,35.09280260645416
31528,46.63224816963169
31529,72.81161578000591
31530,36.23526352551183
31531,41.351992421764805
31532,36.68694287601832
31533,28.035363606959997
31534,39.87662301733556
31535,35.62433771753445
31536,25.843532813794276
31537,32.210444429239054
31538,35.16834088663991
31539,41.31365903031616
31540,29.187318225515398
31541,32.611120697696215
31542,29.954512637926562
31543,40.77458668342219
31544,33.69117921127226
31545,35.24687845882004
31546,41.02170944908139
31547,55.390895474678445
31548,30.86518315113711
31549,33.58338947767686
31550,25.97340894728308
31551,35.51026951028736
31552,21.55957350499416
31553,34.8613458883244
31554,35.97841799450143
31555,36.22530885910004
31556,42.67947630621529
31557,31.04017966396021
31558,38.2927076189017
31559,28.272498537282654
31560,32.53292046112745
31561,43.39360359912635
31562,26.530565953127468
31563,43.19381625480997
31564,30.211874721287465
31565,36.2315916107821
31566,37.34099630068666
31567,35.2996506911509
31568,25.089154978077065
31569,38.52213516516706
31570,37.670583676583504
31571,33.89471252628707
31572,24.6687002329376
31573,32.09314360046864
31574,25.621368135263207
31575,33.720012618228616
31576,30.548808009988043
31577,29.951046193155328
31578,26.73638814408426
31579,23.41266332826279
31580,49.386912192493945
31581,35.18052435689331
31582,28.70161549121757
31583,29.341383163031132
31584,39.54953983449351
31585,7.794669921129149
31586,26.84286686196388
31587,23.427669533733976
31588,23.555038957878605
31589,23.11740386474281
31590,25.069008073744023
31591,27.88700672124399
31592,26.26476058218209
31593,25.219306242082933
31594,29.95127777103933
31595,27.268616503809582
31596,22.50797525968778
31597,34.87153633430755
31598,21.167454087833097
31599,21.39069546473584
31600,23.51861283918426
31601,34.200366760912765
31602,31.482843907076507
31603,27.28598951863076
31604,26.47630273595232
31605,22.28189203674169
31606,29.88971048531274
31607,29.179726305990165
31608,22.09736847941801
31609,32.35348545966819
31610,24.444351058285324
31611,26.04284314833937
31612,22.22301122923402
31613,26.72176606029272
31614,24.654975160425085
31615,21.58906787876515
31616,30.854293336223776
31617,18.969985869007555
31618,18.536977588664023
31619,19.075305785864227
31620,25.18776892499646
31621,21.372008709301976
31622,22.150553822529947
31623,19.24814513451088
31624,20.65758338395888
31625,25.48445950612273
31626,29.50590181653582
31627,21.976959123390845
31628,20.35946022413259
31629,24.353065156919204
31630,22.88696235994207
31631,23.16216980030065
31632,25.44746960368716
31633,21.564508175559183
31634,21.819026299140077
31635,28.000045366257325
31636,21.187451594908666
31637,16.33186177343377
31638,21.041102764858326
31639,10.35784048935613
31640,19.88905266903204
31641,22.080090654490448
31642,20.93447750386665
31643,21.97987722240323
31644,18.84553815434113
31645,28.39897431823704
31646,17.130128836116068
31647,20.44138713566643
31648,21.4511838153321
31649,23.205848823865548
31650,28.31954471181237
31651,22.705102466697312
31652,23.574916137513185
31653,23.425695663659884
31654,22.749955074199125
31655,21.918253147830995
31656,20.14981062951799
31657,30.0895586531625
31658,29.16928527961722
31659,21.393997532653827
31660,17.296200028599117
31661,22.56368206658089
31662,22.380800810493596
31663,26.495162262552167
31664,28.885954943018064
31665,24.156310117616005
31666,30.169399307699138
31667,24.10252901014486
31668,23.10239137443827
31669,17.81657021941845
31670,23.80709646693252
31671,19.618438000072818
31672,28.07699854965327
31673,19.039160773505127
31674,25.171425667400865
31675,28.09473890600296
31676,22.104491553951885
31677,19.774448654267164
31678,30.846305678840473
31679,26.471060504814925
31680,22.32072137503984
31681,19.43855732321148
31682,24.17917635482273
31683,25.84281555804756
31684,22.5880073431866
31685,23.47844304175801
31686,22.251393140830174
31687,25.35435214997453
31688,20.801657713837084
31689,20.427318326923245
31690,26.492560202960664
31691,29.34119607157185
31692,21.5326804304302
31693,25.08350634320455
31694,24.74543001435372
31695,26.050106959167184
31696,23.57326909885279
31697,24.17507304688441
31698,17.583913876452257
31699,28.046738412956127
31700,24.514786203720444
31701,24.934747342039923
31702,20.90843932764371
31703,25.77029403751252
31704,29.344974503739394
31705,20.98700322048157
31706,24.31126604299004
31707,18.73749577456169
31708,24.27871963327608
31709,21.756017158697617
31710,24.35243594923612
31711,29.61446762394157
31712,27.00707183739857
31713,24.707530891033983
31714,25.521996351246955
31715,24.3019031459913
31716,32.51448358324847
31717,14.50967631862741
31718,30.76149503129554
31719,31.62288710408084
31720,21.758514971828102
31721,22.115523720266324
31722,29.87090994413831
31723,45.00322952683846
31724,40.44069033812352
31725,28.52815806822265
31726,22.50858863910293
31727,34.410081004172966
31728,21.570399967998373
31729,21.18438509982364
31730,26.80523257637609
31731,19.555237162195656
31732,22.364165849786826
31733,30.916273497778754
31734,32.42767019568482
31735,55.0428430886505
31736,30.93134409963809
31737,31.616189143807986
31738,27.1387128603654
31739,39.55897629485317
31740,19.45217146895516
31741,25.944644551771745
31742,23.994407167850422
31743,23.464538326182605
31744,23.517210979238214
31745,38.09545952449104
31746,29.41789926622703
31747,43.6237819108024
31748,31.26907557411159
31749,20.411506814772174
31750,30.28524544888115
31751,34.77388443167564
31752,29.423606722567456
31753,25.7192557033466
31754,22.90455494092943
31755,31.35489635092378
31756,34.53128871715885
31757,24.57371151042905
31758,26.04152811046532
31759,31.126927073996654
31760,23.008419539086955
31761,35.407519415084586
31762,30.39354147160541
31763,26.003211414942253
31764,28.73519223978873
31765,22.133511071671368
31766,24.318853492460708
31767,26.375533149527627
31768,23.79067545638838
31769,37.82793821541409
31770,34.28339767103026
31771,30.3961811521524
31772,23.54774461217244
31773,26.724310623028245
31774,32.27075501374343
31775,19.27333494747869
31776,30.526640140202183
31777,24.045615491043154
31778,21.26255066906327
31779,21.153447725032738
31780,22.363239013985797
31781,30.230422075189608
31782,32.57337670845286
31783,22.047699260821418
31784,23.02003242708378
31785,35.79499305880604
31786,30.77017155589447
31787,65.73048050579298
31788,30.304254997845298
31789,28.00638160138105
31790,58.04307958955877
31791,49.18042029409608
31792,46.41000845491772
31793,46.255976765761126
31794,49.19603193381486
31795,19.59195145137692
31796,30.33582283717589
31797,30.23242527648852
31798,25.80624237903696
31799,41.88987192220978
31800,34.38929821761493
31801,21.8172762140104
31802,42.72446563486587
31803,42.59761487743484
31804,42.09015562527691
31805,47.33580187403535
31806,20.855764330835388
31807,22.02644154872621
31808,35.68510219205292
31809,24.502521053204493
31810,28.68542705184326
31811,26.31281838808772
31812,30.06532707483464
31813,35.264756516711095
31814,23.178022343121608
31815,28.777914751101367
31816,30.58671491412884
31817,37.206566904146456
31818,34.81811964292024
31819,19.03783461182828
31820,29.30568680326858
31821,29.801706222673438
31822,25.87235215286004
31823,25.998568768709205
31824,21.434964366859383
31825,24.738518818792357
31826,18.16651921695379
31827,24.87265819444133
31828,22.665453758124325
31829,18.742305300709237
31830,26.852488498401296
31831,35.35395031476407
31832,35.120752602623575
31833,29.332533712232213
31834,20.370575413698628
31835,29.758400364590123
31836,29.206832224992105
31837,35.37564085675013
31838,20.957126831144432
31839,55.69214758153233
31840,55.300530512965054
31841,28.691267643080035
31842,31.938380530620663
31843,21.198555616501466
31844,28.871427176900635
31845,29.24074126488565
31846,33.656108945378016
31847,29.86338739108926
31848,23.2863048764384
31849,26.233625198044127
31850,45.42755250375779
31851,48.50906328731696
31852,26.339443048633598
31853,17.858848090049232
31854,19.18527928222217
31855,33.081299153795214
31856,30.457494276518027
31857,48.0767572125252
31858,32.225289612486215
31859,25.535539157511185
31860,36.46152962598087
31861,20.49102954732457
31862,21.961073916842405
31863,28.87019497984363
31864,25.33486517357863
31865,27.57686070558658
31866,18.232612211430936
31867,19.712403171971896
31868,23.681390523881063
31869,22.10018059776509
31870,21.798506600829477
31871,22.654547161343498
31872,22.04886831242852
31873,22.383774273174435
31874,34.048333049726544
31875,29.19591046874082
31876,34.30618937936655
31877,33.53678936879407
31878,21.0246976592193
31879,23.45364288259063
31880,18.68459755801849
31881,23.054076260373563
31882,22.953646669390903
31883,20.67337232526098
31884,26.940644713861687
31885,18.587406184122894
31886,23.41685150340358
31887,21.62758776841579
31888,20.54009887108651
31889,25.72295315768889
31890,19.122664624181755
31891,22.051538010029528
31892,24.99296292891292
31893,29.340812573787908
31894,23.557651704066377
31895,24.891541566287973
31896,20.16891370391515
31897,22.124766830557064
31898,22.18217540089981
31899,23.904691777590088
31900,25.857157269532365
31901,28.114291231440617
31902,24.4975261052642
31903,24.50955611004896
31904,26.289518272442677
31905,28.523987065697373
31906,26.835419954791547
31907,20.709180564053124
31908,22.897527796534888
31909,25.44266955729508
31910,17.880525687310463
31911,20.3692543030992
31912,21.658913158291544
31913,23.24437445616734
31914,19.939528613367894
31915,21.07317269486286
31916,22.39911311713978
31917,24.132759267301196
31918,25.717375146150037
31919,21.5892236044777
31920,20.892486937985414
31921,24.68412286460461
31922,22.8153169876436
31923,20.5178139971181
31924,25.88528693978609
31925,21.63782140367557
31926,25.75424256149203
31927,26.53012649171121
31928,26.030371904036176
31929,18.65013105093581
31930,21.690951801243955
31931,20.19439158532228
31932,23.793450985141863
31933,23.17730053181627
31934,23.901549369309556
31935,23.52867448269957
31936,20.727731634395997
31937,27.78373526156027
31938,21.91279703479948
31939,21.131628115782053
31940,20.185566415559347
31941,18.924296615549636
31942,21.02171777586604
31943,26.229821582937955
31944,24.36665121758693
31945,34.31595090210761
31946,27.185297893335385
31947,24.34657434519865
31948,24.67230821173202
31949,18.375194282988204
31950,21.79429681608623
31951,20.430185099961
31952,28.196565434999588
31953,20.321335948595983
31954,22.33727299134924
31955,25.895490217864214
31956,19.9389325646306
31957,34.329675289331085
31958,35.06749637698454
31959,30.898912235922324
31960,30.07796193746929
31961,27.009376641501152
31962,28.149574318885907
31963,26.1895979069603
31964,32.52617621721646
31965,24.014494145711733
31966,27.834101501951363
31967,54.38336103599292
31968,35.38180271881003
31969,30.418548919109206
31970,24.684423835347392
31971,30.064092552768443
31972,33.51922046084598
31973,26.422850821537708
31974,25.30370567427492
31975,31.97636926038296
31976,32.94019016171517
31977,24.65317300083019
31978,21.9750898208406
31979,26.889160475465104
31980,28.04121257395292
31981,24.41020398331197
31982,36.3783138090895
31983,43.16564709572052
31984,26.40841119697144
31985,25.40994986438008
31986,26.26237808677205
31987,27.921031914830447
31988,27.605491251928328
31989,28.49931551548268
31990,25.81134480353275
31991,27.30934244327973
31992,23.1110908115804
31993,26.75044622960041
31994,30.572079303072385
31995,27.14326649926441
31996,27.754735298384748
31997,24.82822711854024
31998,26.203356381023863
31999,26.77280022515032
32000,24.907639213812363
32001,22.738343808622307
32002,24.3514105968884
32003,29.446409999616463
32004,29.55728474650649
32005,21.67531421918336
32006,26.285024572308675
32007,28.44351587684857
32008,30.426553428497733
32009,25.225718862447565
32010,29.17702746816029
32011,32.10659191678787
32012,24.41340426394537
32013,28.00427734706472
32014,27.519313828543243
32015,27.649801010820823
32016,26.091636925362724
32017,26.67122211408049
32018,26.471046747376818
32019,28.276485504602796
32020,29.271341038180545
32021,25.42000793864645
32022,28.99466318670605
32023,25.954071469555164
32024,31.430765660942683
32025,28.93020436451533
32026,29.835426250645888
32027,30.898980415242782
32028,27.79495679806801
32029,28.81728690473713
32030,33.38207060779353
32031,31.248269554494904
32032,28.526228292090945
32033,31.201585363441936
32034,26.10431475579384
32035,25.32187084819435
32036,24.030320614094023
32037,24.580734745206385
32038,28.91611892045352
32039,25.278899577070657
32040,31.410695447526784
32041,25.8947695843748
32042,21.813201800106427
32043,32.689928604298785
32044,27.84698356595321
32045,28.68213555592068
32046,29.963036740232717
32047,24.883126839381983
32048,30.751354879631243
32049,28.22929980240139
32050,31.166668385027144
32051,26.47994226090661
32052,25.745374984044208
32053,29.907493232647738
32054,31.633389232470783
32055,34.19193777557271
32056,29.093335974420953
32057,25.0697117805515
32058,28.532708472518465
32059,28.25065478082125
32060,23.38311473406503
32061,27.9739352129526
32062,29.999271209218534
32063,48.88116981435965
32064,62.00875518672784
32065,29.16858174153296
32066,31.1544631233616
32067,29.650195097735015
32068,58.90057855051979
32069,29.759162316167966
32070,27.47948134393004
32071,37.45604752799571
32072,32.45835506010496
32073,62.628758673555694
32074,34.125832748291565
32075,47.015088749551886
32076,32.91091201137109
32077,40.87014996371062
32078,44.19849824380763
32079,29.58470159420674
32080,47.269000520649456
32081,46.7311927926672
32082,34.27463097541127
32083,44.9914856959802
32084,36.48554006918237
32085,30.752743169847818
32086,35.01448308457382
32087,35.7922242263254
32088,36.14155255844336
32089,42.25928775458478
32090,29.672328159853635
32091,34.12733602010473
32092,46.4456638926107
32093,32.13600028904086
32094,34.594521297928
32095,33.027061855981515
32096,35.732797126017154
32097,32.16076813385745
32098,38.755094139810325
32099,30.579092025305414
32100,42.91944074168007
32101,37.58451084599292
32102,43.44522873786013
32103,29.670718439439263
32104,28.935310469028696
32105,29.38307577546319
32106,36.19529124275518
32107,32.373926815425
32108,43.73112888944109
32109,42.69087046678718
32110,41.738188543910375
32111,32.070109690475164
32112,34.17030293038159
32113,29.519088504120965
32114,39.003744022152354
32115,38.10390569572819
32116,53.37900572013115
32117,37.67067125825077
32118,57.04869697266062
32119,35.6131308351311
32120,31.861077381567718
32121,34.437599959419806
32122,32.77269405728285
32123,24.23474504232516
32124,38.82090444706302
32125,30.40803084916365
32126,39.60181038159416
32127,31.47963877195454
32128,28.955855757130934
32129,62.53664553369957
32130,30.724040444012168
32131,30.539680201213883
32132,25.159322537985208
32133,32.713923615542576
32134,37.53521344085759
32135,44.43991213391033
32136,40.62845091412987
32137,35.08804337002871
32138,24.26091933942753
32139,27.59588554929088
32140,33.48195495940248
32141,30.142664695984017
32142,31.918085598261122
32143,43.21051569165985
32144,26.790995011163236
32145,41.78736596244519
32146,40.23243440471262
32147,24.920569610899744
32148,32.85172591367017
32149,26.05722910839005
32150,34.718623844142336
32151,52.89376194398554
32152,39.93107210843917
32153,25.6109396159048
32154,27.202001140130847
32155,27.944848594529397
32156,33.00737391851454
32157,37.56441921824561
32158,27.86820218721405
32159,32.102861074801645
32160,30.458277265347817
32161,15.72987005686014
32162,31.325819864619483
32163,19.668841291599666
32164,30.97587548386108
32165,18.177909865658357
32166,33.34897890008139
32167,33.21728171206423
32168,26.98483175920411
32169,32.63779007218526
32170,29.332194337642143
32171,26.60961407883471
32172,24.12574431195933
32173,24.01604579706272
32174,25.096076648219807
32175,32.656353664891306
32176,33.36119692309227
32177,25.1927426368126
32178,22.27539351603257
32179,26.97299619548004
32180,40.3932757236235
32181,35.27248505207792
32182,32.940145352525235
32183,31.05430704704836
32184,29.81434317382493
32185,27.411972047544623
32186,35.31681660432656
32187,28.53830530004083
32188,31.668605155415698
32189,29.587725540201767
32190,33.91872302267523
32191,35.44669325910827
32192,30.558389980423094
32193,34.62696768848733
32194,25.850917108294908
32195,40.37767382212988
32196,34.34161795859125
32197,25.117210241497617
32198,35.21146733743232
32199,33.19320519079782
32200,28.489299525412036
32201,31.75807327104365
32202,34.23541425290885
32203,34.13195328592855
32204,26.53482142531581
32205,35.00026663495206
32206,33.45751428275204
32207,54.93907707471584
32208,30.014230662064655
32209,32.626569737727074
32210,37.2182199353335
32211,34.01949669100837
32212,29.084291357562627
32213,31.444924703675944
32214,31.570056764642487
32215,32.61998521496075
32216,46.97372904311147
32217,30.12362559484184
32218,33.17097488201526
32219,32.36521610778396
32220,36.89418872048872
32221,36.20710707992375
32222,36.0531349916515
32223,29.017970977448904
32224,31.6819424642173
32225,26.26840925156786
32226,34.268545158137066
32227,27.92872863782122
32228,28.317872171393464
32229,31.18624724601628
32230,14.26915310805693
32231,26.326976233551296
32232,25.37392924918048
32233,18.421571947109
32234,27.453913337123755
32235,24.50484158276456
32236,34.25007252609637
32237,25.63571745252408
32238,14.211459036397304
32239,30.55432679504515
32240,27.57116000153188
32241,26.938056545896245
32242,30.033046442990262
32243,25.843833336558152
32244,27.433931377894638
32245,32.15686427833629
32246,30.3855926357611
32247,20.662216964830915
32248,13.779651627325087
32249,35.9270819600231
32250,30.26416907959682
32251,31.541880097400075
32252,28.314451356869423
32253,34.090469340014096
32254,26.7808322491897
32255,27.56435089434577
32256,27.175758657928117
32257,46.85738900583948
32258,34.624617746618455
32259,11.903097804033637
32260,24.00421282809211
32261,24.986442318001057
32262,29.53882666996222
32263,33.69873670866669
32264,33.9652464801043
32265,26.44096139506635
32266,24.199115201160293
32267,26.10574094022365
32268,26.80628621041767
32269,30.417208701705135
32270,27.3647010361358
32271,7.353510266695052
32272,33.63194253969424
32273,37.95334004164082
32274,14.735113560757089
32275,33.40695609325989
32276,26.81188237195508
32277,25.176731963260263
32278,28.674371086452577
32279,17.308442196551795
32280,26.255041164585563
32281,28.37017345170177
32282,30.574795507569632
32283,34.230584549586176
32284,22.333496438394903
32285,27.99780746202233
32286,32.10972004469182
32287,7.046320889963187
32288,31.76631877868587
32289,35.32069362009131
32290,29.673233604829043
32291,27.07442199770095
32292,28.19884874294904
32293,62.454029930191226
32294,36.52911775797872
32295,33.02464131818072
32296,27.82508600358804
32297,31.07104680230013
32298,20.973474871364616
32299,23.00064150794736
32300,26.1287488955558
32301,34.24106700716128
32302,44.18697520808558
32303,33.46844338104197
32304,25.541093822793727
32305,36.1588770039855
32306,17.38288257970037
32307,29.878138952697583
32308,29.71761140164005
32309,32.57521893695931
32310,28.05466877339782
32311,6.299767085096946
32312,26.72141704534033
32313,22.564697420797238
32314,27.771010506295998
32315,59.9103187748569
32316,30.26864544800604
32317,32.970307146204185
32318,27.311122976306265
32319,12.849412998494252
32320,25.19241309703925
32321,27.767425054963155
32322,33.44814381533366
32323,25.465077168859978
32324,34.80969710030234
32325,25.586149650202216
32326,21.034221066563543
32327,20.11863833324206
32328,28.544756747829705
32329,22.375571510179487
32330,17.89388285196468
32331,24.21858494674566
32332,23.943354237286982
32333,22.2771329901218
32334,25.82690009914321
32335,22.55558510915252
32336,22.212459501870786
32337,20.00498657984799
32338,22.082701281036623
32339,17.07515582971761
32340,23.72220702019703
32341,23.718597253384257
32342,26.454882449818268
32343,32.138923765319454
32344,20.738437772681547
32345,22.07254757895956
32346,31.01951561050543
32347,22.48578259511706
32348,27.577728818376784
32349,23.02140634994757
32350,23.62380129800289
32351,22.360353849188296
32352,24.55536933038007
32353,28.61475379456503
32354,23.97767480618134
32355,23.35893769189285
32356,19.454072191665816
32357,23.944744467555054
32358,21.89808144211584
32359,28.52374838941316
32360,24.503461474115213
32361,21.22846515827392
32362,28.18130430017716
32363,23.1579458557504
32364,22.800999287071296
32365,23.642201993564925
32366,17.854250485720968
32367,21.84242217080019
32368,24.36774592378811
32369,21.816895172196464
32370,21.72462695360712
32371,29.736139710499494
32372,29.85159823243179
32373,18.34072351153523
32374,22.58239427553769
32375,22.52734308427736
32376,21.3111551160592
32377,35.02202015224034
32378,24.716986443054136
32379,24.08800606863514
32380,31.04764043111853
32381,21.263269752986165
32382,30.761821719170975
32383,31.165437204904187
32384,21.16922334903602
32385,26.04987309085857
32386,29.6952767273481
32387,31.74545351089764
32388,33.477488513768186
32389,24.200337559782724
32390,25.0947111767951
32391,22.256634505686403
32392,24.999565578748747
32393,22.129703251358467
32394,28.650588726149376
32395,26.172080789644724
32396,20.34795459160824
32397,21.9607505161366
32398,32.57243752764951
32399,18.91141280434633
32400,23.84106463107053
32401,31.602809672634244
32402,21.59951677694156
32403,20.67908456665867
32404,33.49867838859957
32405,27.19094732367331
32406,19.911965574348176
32407,18.44117145665229
32408,16.975950987056148
32409,70.26288266416711
32410,35.40029028419102
32411,49.39205295006739
32412,32.984825128034615
32413,47.46507634768067
32414,44.07066862943137
32415,61.28448774290396
32416,56.76746627578646
32417,43.00349530881794
32418,44.29533679342382
32419,35.54871318305093
32420,36.08739076981684
32421,49.07618497606208
32422,38.110582543306656
32423,68.41567982883717
32424,72.92899739628135
32425,31.38619834572531
32426,26.128976329878025
32427,34.18798916820832
32428,37.43632306753111
32429,29.34236140938369
32430,44.80830817915912
32431,35.83107956927334
32432,48.87681167434971
32433,26.14980726826721
32434,28.69733202305559
32435,43.15239545986429
32436,35.57901561888574
32437,30.98381133513174
32438,41.85059161131668
32439,47.21256709296946
32440,45.57393531525912
32441,42.98291928778827
32442,44.79724631950924
32443,54.854232002237474
32444,34.24754495554972
32445,32.396268541879486
32446,29.708383694673195
32447,31.463392771713558
32448,35.33102712425395
32449,43.685187546862
32450,36.70552444453947
32451,42.21298075585929
32452,35.01250713816516
32453,45.375278366570114
32454,49.525677122116
32455,43.73363511610929
32456,34.97965676341111
32457,43.09858730795741
32458,34.60016260856997
32459,49.68589758283374
32460,54.067264378407
32461,74.15100572488005
32462,31.383736474053663
32463,35.748317829519
32464,30.544561588239468
32465,45.60927818854783
32466,34.60801847749798
32467,37.67011454049534
32468,28.912883778640943
32469,37.53068267645802
32470,49.043243963924965
32471,33.02842630398088
32472,39.39002527908959
32473,41.54440607059974
32474,35.20659071906837
32475,46.72803843591765
32476,31.07223752615465
32477,41.27787785689613
32478,44.07052158656051
32479,26.842868757983503
32480,29.27409255686772
32481,38.660243953502416
32482,41.27407556725742
32483,25.898517598947564
32484,25.29758056739148
32485,57.19990583781291
32486,27.144086751445737
32487,57.64517909082932
32488,54.134235388013884
32489,35.776951593549526
32490,29.03965191850643
32491,31.21160091148898
32492,33.752669437219
32493,32.44416418293245
32494,32.36997108119738
32495,26.44186257137113
32496,30.89352677778472
32497,29.18403035541065
32498,28.113721837537508
32499,28.145734866239604
32500,30.18106282263929
32501,40.09598608970774
32502,28.50253362528657
32503,58.23481546681737
32504,50.00654054513901
32505,38.857615341338416
32506,27.773011611877227
32507,52.02408261227266
32508,34.79511403985372
32509,34.75642688580589
32510,32.18715614792341
32511,36.79380163768693
32512,28.450032498042606
32513,43.08132542278401
32514,30.240996067514963
32515,36.14371799690867
32516,42.9505116753924
32517,32.32689944654593
32518,46.88787606216257
32519,44.90122605112817
32520,58.16985867873952
32521,33.61615218722177
32522,53.69360238570497
32523,28.643525729002025
32524,28.981676670280283
32525,36.9222612697293
32526,45.25878775441368
32527,34.48277477975274
32528,32.36179852302276
32529,57.73294111302812
32530,75.78358814669816
32531,31.476411459249725
32532,24.886359842679667
32533,19.86451307580307
32534,33.228804742839145
32535,36.488361215303314
32536,43.67170800169236
32537,29.307766700015982
32538,33.44127618672945
32539,33.33351682233431
32540,30.369025911839294
32541,40.73728073577516
32542,37.26129191878851
32543,23.07122127552676
32544,41.78492281075605
32545,61.407835630809075
32546,30.43451492738457
32547,31.43567457456527
32548,34.893758651019176
32549,41.30244440742917
32550,32.81627617599143
32551,35.22201317913144
32552,26.45731736537953
32553,40.214008368551504
32554,30.324761768009175
32555,29.048352203857768
32556,37.011437258590405
32557,23.47534180974465
32558,34.89341023627343
32559,33.463071791283504
32560,26.685886043758703
32561,31.498791125293707
32562,44.30061550538412
32563,37.28489838175258
32564,28.43551224528228
32565,33.59715475292092
32566,31.00112190132792
32567,43.52524930252135
32568,37.83684220059087
32569,31.879652050928627
32570,48.74341453794111
32571,24.848743440747267
32572,39.59906849741726
32573,28.494686909464964
32574,35.61253653865962
32575,35.06759151360983
32576,41.05011285811258
32577,35.505829455676505
32578,35.31503376316912
32579,47.92576572868679
32580,30.30471440901787
32581,31.08754059995568
32582,22.207693209353824
32583,23.536880238378696
32584,24.36891043839684
32585,21.197994274370256
32586,22.213773617963582
32587,16.5663246108592
32588,23.00818926633499
32589,20.041946889285654
32590,17.503946659676515
32591,21.30882949996625
32592,21.86934987585333
32593,20.76762256970308
32594,24.73095939407909
32595,17.78312403394324
32596,20.97182141585548
32597,19.96907806104057
32598,25.315524269437773
32599,22.382113351074675
32600,23.607654944314486
32601,22.57410942377582
32602,26.375295719694453
32603,23.955702525791256
32604,19.03516037570101
32605,16.54453545745297
32606,16.9564715695535
32607,21.90370150299685
32608,20.378423936747296
32609,20.32297754071536
32610,22.24443793084409
32611,20.60431625180367
32612,23.0368677304016
32613,20.52655771347536
32614,19.51507798445313
32615,19.72445524861463
32616,18.66744315223969
32617,24.078702330526117
32618,20.371335185136616
32619,25.14027395224528
32620,21.88397847177289
32621,17.53941797820617
32622,17.65205709093284
32623,21.02542479864931
32624,17.66779543822725
32625,20.458047957297534
32626,16.698577905117983
32627,19.93834014047374
32628,23.03871714780759
32629,18.740439777368703
32630,21.427642668826696
32631,18.668689478450304
32632,23.55091556996739
32633,31.680408464249176
32634,24.56145221371117
32635,22.11206054291808
32636,20.51982903801425
32637,19.379834094510983
32638,23.13362946248468
32639,17.606845085688374
32640,18.419035733189475
32641,20.970398411540675
32642,23.100197233770064
32643,20.43260777750274
32644,17.64168906909654
32645,18.539650009456395
32646,23.97834364353012
32647,18.585826457319182
32648,17.774090799856893
32649,20.758815101315395
32650,21.46582068487797
32651,16.436719996164467
32652,24.06702087362656
32653,26.88589110532513
32654,22.4597458423891
32655,20.97026637378673
32656,22.031856346403234
32657,17.03888656377748
32658,19.778684159383698
32659,24.149080165106472
32660,21.757310292447997
32661,21.434358457657957
32662,21.60826735486125
32663,22.73244319319781
32664,20.526032916671884
32665,21.25836340625934
32666,26.126342034826592
32667,18.737219013484196
32668,19.847924570728136
32669,18.788391648410123
32670,23.584471621248422
32671,20.807058571976096
32672,22.773650276125093
32673,18.573715878633248
32674,32.95850830063546
32675,29.230814539663108
32676,33.509711336384335
32677,29.054442022130594
32678,31.532294664658387
32679,25.271963097410005
32680,28.751557991754453
32681,27.822706536032012
32682,30.894786101513866
32683,44.508396454732726
32684,30.947906675405108
32685,27.632124743369115
32686,30.44779752809979
32687,35.53381952617926
32688,31.96210745977632
32689,28.789693635567563
32690,31.972570961485822
32691,25.613321863250505
32692,42.998739947338215
32693,32.05028266570245
32694,29.83161720485348
32695,29.434384703433096
32696,34.261053839712304
32697,36.60210483898355
32698,28.95539667294391
32699,31.903399176393307
32700,36.46694608059436
32701,35.879226867664585
32702,28.5132941287943
32703,27.87209886793748
32704,31.689803193221543
32705,29.77131338711144
32706,29.62955221379272
32707,45.2999865453437
32708,43.79558420611169
32709,31.334192233821234
32710,31.806649370340132
32711,34.35617842072083
32712,43.80347745813605
32713,39.90517639884866
32714,35.69281040514656
32715,38.61603714991572
32716,30.261982468543422
32717,35.13340566310733
32718,33.22999793373966
32719,37.41429888544568
32720,27.94047327583585
32721,29.026356878880527
32722,43.76914885789521
32723,31.841126720094827
32724,27.727907940699183
32725,31.793234937073166
32726,29.510888623658694
32727,31.886541651460554
32728,28.377413887121666
32729,29.51322295855762
32730,28.304197814898927
32731,21.709138553623887
32732,29.482784470658828
32733,35.27159136112602
32734,46.06717668607691
32735,32.88749306433311
32736,30.00677266930486
32737,28.385797147249377
32738,36.40569694009808
32739,28.13566572650909
32740,25.493558838535588
32741,34.64498513875089
32742,30.06661674530833
32743,42.60451724739423
32744,34.28133791504316
32745,32.70546057216116
32746,36.60295921927604
32747,35.181678945933406
32748,30.44543860204704
32749,33.22250773501919
32750,41.000090201388645
32751,29.343445360723166
32752,27.95835965681224
32753,38.55505234926171
32754,35.39588499696763
32755,31.933512355920463
32756,29.526504254811883
32757,29.985710057269074
32758,56.01954246331129
32759,58.21423011492336
32760,33.02806298731116
32761,26.91027994295956
32762,22.778479899361205
32763,21.857329045296467
32764,31.32278941188705
32765,32.244904236103295
32766,25.74841536158712
32767,49.946517276089686
32768,27.921171476837557
32769,29.310230097096998
32770,32.62509225713774
32771,30.140948736210547
32772,29.681723047765594
32773,51.89489300243323
32774,31.83052116275698
32775,29.03789210643862
32776,29.967758545029227
32777,30.7491640773412
32778,35.78049214603051
32779,27.00074071092312
32780,10.706227568988298
32781,29.56031611249191
32782,26.392634607490372
32783,39.22035496501939
32784,22.98042453813329
32785,33.10672981814008
32786,35.05668298074651
32787,36.39781159773917
32788,32.590333402032805
32789,27.322245582061598
32790,38.60773991403483
32791,28.462212512075336
32792,24.43061269242652
32793,36.16125549285125
32794,30.037705585242655
32795,23.75645150686925
32796,27.076802907219747
32797,20.850991634119264
32798,61.43209839615584
32799,28.614656502012952
32800,22.99436137291671
32801,20.928809505773994
32802,53.46168097282701
32803,24.08300595664596
32804,14.494788148975157
32805,22.548358596108145
32806,30.952860274324856
32807,22.9367809181898
32808,45.54449851554472
32809,27.05799457456445
32810,22.11038291481472
32811,27.234848476599705
32812,28.026007703312192
32813,31.532970420052543
32814,24.84987323594296
32815,28.15821051083328
32816,19.963092985661365
32817,27.89425513554163
32818,27.774492804496266
32819,20.951544019412427
32820,32.8632515610417
32821,26.071872101415448
32822,32.471261622972015
32823,25.25541127437704
32824,14.108542661443153
32825,26.414800470647624
32826,32.61323713015411
32827,26.11756546139757
32828,26.644732244905672
32829,24.43688937204953
32830,28.102041566765923
32831,21.38683184492149
32832,19.23153891605783
