ID,track_popularity
26266,39.80236220930871
26267,41.353288001923474
26268,40.556595748583746
26269,34.10520600956757
26270,47.043200701786816
26271,45.61951513571502
26272,43.22254930829969
26273,44.17644895639732
26274,46.254182842477874
26275,41.85665818084051
26276,40.11321301525129
26277,40.56190992548353
26278,45.74688065753682
26279,44.21818297202856
26280,37.07818459430818
26281,37.44408669394974
26282,37.50270508710037
26283,36.53726337215394
26284,36.248232118679844
26285,32.72062286450524
26286,33.74855088641811
26287,38.58070696457568
26288,32.710823257191095
26289,31.416257858861695
26290,32.223276393449055
26291,31.803373155158937
26292,37.06228890533086
26293,37.920060628883185
26294,38.21405987722432
26295,37.64159017445321
26296,31.446427099397937
26297,37.173690283189444
26298,38.20845082218027
26299,41.513097082753404
26300,36.63293260886237
26301,39.897742449296274
26302,35.06789978519295
26303,37.65160496374404
26304,40.137604371793365
26305,39.48663041855105
26306,40.46595439972337
26307,38.23491401453066
26308,36.61425122830005
26309,41.85768799583152
26310,35.66490199143628
26311,37.45539467499297
26312,36.711211093458274
26313,37.20234098905969
26314,39.26959714323357
26315,38.278851051813234
26316,38.79931935008816
26317,36.43005588938472
26318,2.756342163678471
26319,38.3379692773047
26320,36.754925792450805
26321,34.71048243144066
26322,34.533855071860906
26323,35.31551091519249
26324,35.73184203741371
26325,38.31078620786558
26326,38.78857777576532
26327,37.03009258951981
26328,34.49815098335431
26329,34.74180901587385
26330,34.9532858685469
26331,37.91992759598457
26332,20.965972673355697
26333,28.34858308084803
26334,33.63785233147705
26335,38.747583634859225
26336,44.66169241150446
26337,39.35619127470725
26338,41.118053921500334
26339,35.580610184366996
26340,40.811474731438175
26341,37.812391175232634
26342,30.83489031939968
26343,26.105154006617177
26344,18.164716359373806
26345,22.558276286133005
26346,28.39723111776043
26347,25.673068458504805
26348,24.247141409268238
26349,32.35192468405054
26350,40.274217040488324
26351,41.09363962094053
26352,34.81520933202265
26353,27.522381019841752
26354,26.52702550963377
26355,41.23201829091221
26356,36.04455585468219
26357,36.732371321391916
26358,37.80636875880614
26359,38.157450091795475
26360,34.98139290224155
26361,37.068662370713334
26362,38.47059014831823
26363,36.7460681755274
26364,40.502586607269976
26365,42.82192181602215
26366,45.317845552633194
26367,56.235650420706065
26368,33.5401940203633
26369,36.20489301933944
26370,42.42723401226227
26371,49.62071046467705
26372,28.260112062994327
26373,43.976736058012165
26374,42.060314459036526
26375,40.24265829593521
26376,35.93031292578868
26377,44.31507516029852
26378,34.0588638337029
26379,34.723085642926684
26380,3.56453066202558
26381,36.45937647605905
26382,28.07330213768426
26383,24.77685664587194
26384,45.567714892352804
26385,26.549521819342047
26386,31.00660878832096
26387,34.016048610422445
26388,34.692825175441214
26389,44.14192861957751
26390,33.1705593923629
26391,43.5073996683033
26392,23.924755023546197
26393,25.177194922114072
26394,29.827578591696188
26395,37.541596233667
26396,34.82304833848831
26397,35.953560073330934
26398,33.81108573142369
26399,33.622232964201885
26400,31.581408112777716
26401,27.635639916673114
26402,31.942926239502746
26403,22.963939795674587
26404,44.11350221153967
26405,42.09396228141059
26406,43.51046863689657
26407,3.411828910175613
26408,27.49967089618161
26409,30.715169277959035
26410,31.682942107423408
26411,32.86385348052926
26412,43.271335389320065
26413,29.28030077164599
26414,42.3173731598446
26415,28.556826971171905
26416,32.952522122785126
26417,35.301226389071815
26418,33.20142224882387
26419,55.20393975604904
26420,50.82312312537791
26421,31.49597838637257
26422,34.78359443936303
26423,35.60580880549526
26424,25.591105817315885
26425,31.9784548283562
26426,30.127917295699106
26427,31.513182623955352
26428,32.68017638281797
26429,39.198336585814396
26430,59.11824236093004
26431,44.22047678349949
26432,34.43509978597675
26433,40.63242560184871
26434,29.929258217166947
26435,32.02974417825845
26436,33.37496782496097
26437,32.987705501211714
26438,34.75647141742643
26439,33.36399749141341
26440,28.075775736665683
26441,33.67066157624687
26442,33.48144449912637
26443,34.543173659879436
26444,33.3566193830066
26445,55.42963341430436
26446,50.65071864605945
26447,21.814168127304594
26448,35.240931629300135
26449,48.44299439818459
26450,54.506246365909576
26451,28.55438663418569
26452,28.12900295748662
26453,28.656186313963744
26454,31.036231552130644
26455,32.035007913271286
26456,28.389111643956007
26457,30.838247611280195
26458,27.070391122104944
26459,25.739268611482903
26460,30.803046007750503
26461,28.940523817222143
26462,26.30150466947497
26463,23.599336906607682
26464,25.178686437337312
26465,26.613972169641645
26466,27.789331265444456
26467,29.98359113136813
26468,26.93197290685835
26469,29.350761349677498
26470,27.04467070450763
26471,33.04901741039454
26472,27.448452120855247
26473,29.759950172563418
26474,23.720867013117573
26475,25.892474756509273
26476,30.31122604264045
26477,29.126140330781066
26478,29.811763308868414
26479,29.60847108013865
26480,28.66226510968338
26481,32.56002764016928
26482,26.27324681061414
26483,30.948409403006305
26484,28.817568238267594
26485,31.905011519431483
26486,28.318289417013457
26487,32.091099174592784
26488,29.997248108515272
26489,30.814746415174007
26490,27.445327033053704
26491,30.211535709694843
26492,26.935173871173678
26493,27.9235901589593
26494,25.421030177937762
26495,30.525068186001732
26496,27.446355405746697
26497,29.07788099192766
26498,29.64644643942585
26499,29.828426109981656
26500,27.824229673922993
26501,31.309346028083024
26502,30.48249278414516
26503,28.163050980902934
26504,27.05399045372629
26505,27.54227524593531
26506,28.480068708602335
26507,3.447211445244271
26508,28.939345081009257
26509,28.681087575582477
26510,32.34200498355921
26511,25.323723721261754
26512,34.07183413374757
26513,4.971881017732859
26514,27.773978896466858
26515,26.92036556779673
26516,26.10039530275983
26517,29.78228899284425
26518,30.800309221393558
26519,23.70622589552567
26520,28.241028832243682
26521,28.8820782076504
26522,30.61866005004377
26523,28.265781347937903
26524,25.508795618694066
26525,26.923027610386825
26526,32.02238110867539
26527,27.829059140525075
26528,31.624725712821448
26529,35.48194532385706
26530,29.85976980051135
26531,23.59570486273172
26532,31.17153659285517
26533,26.847042663988447
26534,25.235605826774563
26535,25.166993210876896
26536,27.593823384016297
26537,30.733103208341735
26538,31.032136149970242
26539,30.503584379755722
26540,28.87569901181473
26541,31.801062918359257
26542,30.11840153098752
26543,30.643111000656265
26544,31.38766380459268
26545,32.02351467359782
26546,30.88319960716602
26547,29.708832185200023
26548,28.915482706556638
26549,27.80399692777845
26550,28.59052844557943
26551,34.60232948500226
26552,34.78915296540927
26553,32.2686508469951
26554,28.54901392088223
26555,28.131738913354717
26556,70.81460811606564
26557,29.921634810818844
26558,10.777469291161005
26559,29.03482384086461
26560,26.717077002459202
26561,35.25086660370359
26562,29.188232958582333
26563,31.285439124703498
26564,30.947049082507267
26565,28.68289464980606
26566,25.116784157791884
26567,26.81632954612764
26568,36.54953583052708
26569,31.362658539758797
26570,27.779465960743565
26571,34.04768959435395
26572,4.008494578089698
26573,19.000873355028965
26574,30.036053612436632
26575,22.67724388327092
26576,27.89404431758949
26577,31.271876427359782
26578,23.992603409370204
26579,31.263193710351594
26580,37.93885405478842
26581,31.767724539089805
26582,29.49287559356379
26583,29.82196724460969
26584,30.463189981565307
26585,33.361710087473085
26586,31.47717421253399
26587,35.46225502166456
26588,30.419960492195028
26589,27.497768065494796
26590,7.143579461284792
26591,29.060865385146638
26592,26.072430632882334
26593,44.50624747608263
26594,24.979466407858077
26595,72.83994659076336
26596,47.22175770426614
26597,25.63124643812032
26598,49.646301736536465
26599,34.9093966659195
26600,49.41686269993805
26601,76.71608462912121
26602,35.634522061849594
26603,28.01964369024838
26604,26.491722440589072
26605,26.84978601307307
26606,42.1454498451681
26607,38.807922926521414
26608,37.44699863389896
26609,30.739333252077326
26610,34.753180315404535
26611,40.270595813346446
26612,29.529102672050662
26613,43.59186397338256
26614,60.44575634766782
26615,42.25576905700268
26616,32.30339249406664
26617,55.12651607222192
26618,52.06465487517329
26619,38.41829094023588
26620,39.1869918469106
26621,37.48949341002737
26622,27.808704681112385
26623,28.879329045729843
26624,40.810609927645146
26625,30.21482472006248
26626,43.05229080710906
26627,27.28823788223188
26628,27.79626101672365
26629,29.489423138033118
26630,38.210782633834256
26631,40.036007874851535
26632,31.076720421381133
26633,32.55725810608759
26634,36.9895824123518
26635,32.62104603763605
26636,30.722545770477073
26637,30.13766108258286
26638,27.734040709150587
26639,34.60166170520283
26640,32.517803939620855
26641,27.842309598670482
26642,28.057305808548712
26643,43.125241213830556
26644,27.560684725834086
26645,30.612561641112556
26646,33.51885333513353
26647,39.41985054148057
26648,28.402104308589887
26649,26.563964333523195
26650,47.65917406929857
26651,28.170985579031765
26652,37.91470264368569
26653,32.627273499689096
26654,32.569921739941506
26655,31.441556095902747
26656,25.471928415562147
26657,34.026609051431805
26658,47.71419927119939
26659,31.798911087083656
26660,37.24454986032908
26661,27.251618309331743
26662,25.7264833122584
26663,42.18484508005217
26664,29.264267876451605
26665,25.1132877299001
26666,30.94727876279056
26667,34.63324575246952
26668,31.839664782790667
26669,29.57969430807917
26670,27.703061056731844
26671,26.42150351055975
26672,31.55613777081468
26673,41.12827064344411
26674,34.53030122158806
26675,25.80075800731696
26676,42.92274581545403
26677,41.32889837012435
26678,31.9080981635044
26679,28.49274750845961
26680,26.927544936169454
26681,31.04443603523434
26682,28.518175126507114
26683,27.309686595237668
26684,24.658202398758462
26685,30.610855261124836
26686,28.212896777564886
26687,53.07420097835243
26688,29.915095490920905
26689,38.730534654795164
26690,33.21403826452429
26691,33.93209535899421
26692,28.14975554853685
26693,32.72545888709101
26694,28.937896456436498
26695,11.543643321503577
26696,36.40639734873449
26697,39.6145423009053
26698,30.86554596544107
26699,30.284704808143687
26700,29.787314912646004
26701,37.59038086013193
26702,36.44463216168808
26703,39.1297519813229
26704,32.21699603578615
26705,33.10078703124633
26706,65.5722233353283
26707,33.476174234726614
26708,31.00910275462501
26709,39.08236097902052
26710,27.042195302555704
26711,31.145998680874918
26712,33.28933932631304
26713,24.28595012404372
26714,28.268561436391863
26715,55.12568430646518
26716,39.696187786863334
26717,36.023882185568965
26718,36.18809380633153
26719,33.210927744192404
26720,36.218474881465276
26721,32.57829289669944
26722,25.952177475966565
26723,33.63731792999462
26724,32.716366087447106
26725,40.1872145755396
26726,38.60479382185275
26727,32.044691088777974
26728,40.52873243111445
26729,33.68822300543755
26730,32.36227214469356
26731,32.36113982443389
26732,43.09924479537537
26733,27.705250867322363
26734,31.71452002472104
26735,39.506248611516554
26736,32.29590411113372
26737,30.757421310716648
26738,38.116149130543036
26739,31.481092293139227
26740,39.25078451181221
26741,34.03645880151922
26742,29.12743011595751
26743,28.129135155458542
26744,30.248294894608875
26745,32.63772724189824
26746,27.515091111370722
26747,26.617510349051575
26748,29.82143994552521
26749,44.04464335709821
26750,32.683943297729975
26751,39.404666484014
26752,38.35280525406121
26753,37.748415081705076
26754,36.100724206745525
26755,29.061890681121227
26756,39.0128618815491
26757,29.857470533823005
26758,25.369814264408845
26759,35.415706264973
26760,29.729240830244688
26761,36.19527674168141
26762,37.31266325159821
26763,33.84761112308962
26764,39.79001384011065
26765,39.653722291076235
26766,31.78267415854307
26767,31.591941940520854
26768,31.3417265411409
26769,38.89083544755981
26770,39.49231126559087
26771,63.378797762262806
26772,37.23205701602268
26773,38.422547588784006
26774,34.12836342607482
26775,25.862647931273102
26776,51.115805651229266
26777,27.957420548996577
26778,40.85027241161021
26779,37.23114796655979
26780,27.33582601690223
26781,26.374447748834445
26782,60.57040750626054
26783,30.334464098616806
26784,31.96182541289757
26785,30.51840556907092
26786,26.394361269290318
26787,28.65917275021863
26788,30.791564998700515
26789,38.14326522438048
26790,22.269759543981177
26791,21.40800787200414
26792,35.41862102879297
26793,25.406776632031036
26794,33.07626894831087
26795,30.81050517851321
26796,34.833194694481044
26797,29.284928389683902
26798,35.244691713973765
26799,34.962469477894324
26800,31.32544376760604
26801,33.59032667560068
26802,24.81044951033282
26803,28.89602826758076
26804,36.65035694152007
26805,49.022480772308995
26806,33.471530043558694
26807,40.38897412734042
26808,35.037016235839914
26809,26.340752134466157
26810,36.462710424620106
26811,34.28244772017297
26812,44.34693643010989
26813,34.8518726781912
26814,36.52691279295466
26815,48.60676712972332
26816,34.53874848608332
26817,65.72897215802979
26818,31.431312306027927
26819,31.27157826751772
26820,24.901305101437064
26821,17.74487915400907
26822,35.254338320602926
26823,30.98221563557639
26824,59.816274006733835
26825,27.187286043222862
26826,26.141300016251577
26827,59.58221317997442
26828,30.277804844238055
26829,33.44271300123506
26830,27.670941016130733
26831,52.08106731861221
26832,29.086456305752794
26833,33.635860222550264
26834,34.06994303898621
26835,26.166136034797326
26836,34.27203781618836
26837,59.190358200003445
26838,41.29537311641244
26839,19.377009622858047
26840,25.66024055254465
26841,35.562990736243385
26842,37.42537240496303
26843,32.2384919777493
26844,31.286612774645036
26845,22.31294683535761
26846,32.70922666719198
26847,23.32222961738334
26848,34.16011172688391
26849,37.58135531216232
26850,37.21339170372678
26851,23.439393164293826
26852,32.989593306752
26853,57.83239587520344
26854,69.25638838504015
26855,38.99765866480598
26856,38.011924348621775
26857,53.95863580981526
26858,33.418769280287194
26859,45.40674128874341
26860,38.94077083949185
26861,28.516205521352113
26862,45.31362558762157
26863,28.888678601070808
26864,28.687139347326557
26865,32.57649295499417
26866,29.430375834268816
26867,44.39340707630885
26868,47.3992235767583
26869,38.93999475087165
26870,34.9787933425606
26871,38.40010874202787
26872,50.29565807222757
26873,24.44858215816751
26874,30.828958867077635
26875,34.30221967995633
26876,33.765331019318346
26877,41.41434358856326
26878,61.04374795352758
26879,27.328466167526205
26880,50.36290226514585
26881,38.22878250765683
26882,37.74701929283922
26883,31.93831227753548
26884,46.09200619445247
26885,31.958396878936764
26886,29.58017507176966
26887,43.861570960739805
26888,52.55328573454293
26889,35.3979092597064
26890,32.83503702957833
26891,46.19757185309967
26892,59.93361195856445
26893,27.693348636265608
26894,32.95724882533751
26895,62.3369030250448
26896,33.07307373071538
26897,47.650427449008816
26898,34.8443050152475
26899,50.860576505244595
26900,38.11066362706218
26901,34.95603222890322
26902,62.585826640286385
26903,33.542461846001736
26904,31.53349111908419
26905,36.856418942664504
26906,41.49002981833358
26907,36.59561079058339
26908,38.70938339471713
26909,36.144446989956585
26910,35.05936653959853
26911,40.29973032504131
26912,35.06233182658035
26913,36.09120798893416
26914,53.30681635014213
26915,29.96441084102503
26916,34.9229755110968
26917,65.28688975362373
26918,34.853953684804836
26919,35.06140802467719
26920,34.940353178749405
26921,44.727723273034954
26922,28.05421740907466
26923,47.382905615235536
26924,31.4370366182686
26925,35.66165410489091
26926,41.67272794073462
26927,34.383499633298996
26928,35.25726357249393
26929,33.53584068650058
26930,32.85224442988576
26931,29.863289488964508
26932,33.182340362245924
26933,39.3871653097166
26934,34.88044291667648
26935,32.718135222606826
26936,40.637399686540476
26937,49.006898311903555
26938,33.970375884309476
26939,30.514313903328787
26940,34.11214405181566
26941,35.51838135344971
26942,32.71909239836094
26943,34.734772900857706
26944,38.96912803895999
26945,41.508317666059064
26946,45.26921547797048
26947,32.75750268537425
26948,33.65870024370927
26949,30.08735387552454
26950,39.714924267095924
26951,29.17392947538593
26952,30.811647169965724
26953,35.55319594909884
26954,38.86238416276758
26955,33.518693409187485
26956,35.979970782964415
26957,28.255611305630556
26958,44.099332347519145
26959,23.89223289002214
26960,38.07101268743202
26961,31.673033035496335
26962,31.46683201844356
26963,30.54123834607891
26964,34.2270657617673
26965,33.21162411148535
26966,31.25193406971199
26967,34.92986975392269
26968,29.229650381568348
26969,36.16453801239233
26970,32.071585976996275
26971,31.090662691888475
26972,36.43125186609826
26973,42.140642044780556
26974,42.78554362158544
26975,27.957597554818555
26976,32.25988509661856
26977,31.483979936286747
26978,43.89049052360136
26979,30.476024122233703
26980,30.732206343459954
26981,30.71690214377469
26982,35.15655806464702
26983,37.70708966022484
26984,32.847527535154015
26985,35.245087612706655
26986,35.78339157435299
26987,33.69021618238363
26988,33.604926285022124
26989,27.902931849920467
26990,37.880870217161444
26991,35.12366032277329
26992,39.54001397941434
26993,31.656426283881466
26994,25.25848738368422
26995,31.184960109700064
26996,35.0955296058265
26997,33.734474686301084
26998,35.276558838953186
26999,33.163896500014175
27000,34.90746845320669
27001,30.40474166734673
27002,35.87482546169244
27003,31.834946807637458
27004,32.848663353643786
27005,33.11572802731289
27006,30.822119592218975
27007,23.3383529352309
27008,33.743813646482096
27009,27.570892642889348
27010,30.275942709575386
27011,32.67715872843986
27012,37.64017621056851
27013,29.312074635879487
27014,30.880643693268993
27015,33.83258413595335
27016,27.342283488040067
27017,31.996259781329243
27018,32.27589469014205
27019,33.969717998331085
27020,31.640307986557804
27021,31.297690771440784
27022,33.29494104910006
27023,31.564668449217194
27024,46.29972606863573
27025,25.679686954337576
27026,25.772094045621657
27027,31.332325296806676
27028,30.897149067476562
27029,32.165719780145245
27030,32.435923206255765
27031,26.10209841989359
27032,23.639172369376006
27033,46.53357577770911
27034,33.529665641954274
27035,35.06803715761808
27036,31.79455953440393
27037,35.4896470861104
27038,32.827749515366804
27039,43.11666844794697
27040,36.79168767746535
27041,30.890547754711942
27042,33.438989861499934
27043,23.33274412858822
27044,31.0536593279639
27045,32.28000887206621
27046,35.146511147611896
27047,33.31018609823461
27048,40.29696537545622
27049,31.044852513139716
27050,37.92505686985391
27051,23.605595021603477
27052,34.15324994415106
27053,43.85620368132713
27054,23.681342213866174
27055,30.961376171287903
27056,37.387890551539115
27057,33.77444396186235
27058,23.388170696331898
27059,37.60293473154641
27060,33.047708396234626
27061,30.723825535780307
27062,35.370700363027986
27063,34.723714517604165
27064,37.56094744954665
27065,36.58591388900818
27066,23.17709532012575
27067,32.16846784989664
27068,36.743376807228834
27069,32.39074811493893
27070,32.96089235624366
27071,26.08643786633039
27072,35.743871714046676
27073,35.83794015141784
27074,34.71134443197222
27075,31.650014176891034
27076,33.83491950443091
27077,32.17371142398238
27078,30.389152637566383
27079,35.10612328156142
27080,31.129326491176776
27081,37.57857737444198
27082,31.31754693740826
27083,37.76222875312233
27084,32.126020198521864
27085,32.33087208045502
27086,35.05707391171526
27087,35.42598705967043
27088,33.50586798857015
27089,23.544553383969426
27090,29.16587061899277
27091,30.821887136643866
27092,30.519589758828715
27093,34.49447236043851
27094,36.14261591390826
27095,35.32958485636535
27096,31.53736296550409
27097,26.232983216032356
27098,34.13966208918458
27099,37.86487450271584
27100,36.017848229781436
27101,32.69455585753131
27102,34.75018625116968
27103,30.359617513209887
27104,31.927121358999123
27105,33.20389022049382
27106,30.489141921698067
27107,35.640993931972766
27108,32.87918973624672
27109,26.747369161356765
27110,35.280458145464245
27111,33.54171296912494
27112,37.08922472645291
27113,30.282000171128544
27114,33.55438387193131
27115,34.09037400419918
27116,29.097072159182886
27117,26.90436480182569
27118,35.8163976331802
27119,29.34202169454376
27120,33.80403378239678
27121,37.87840599868238
27122,31.19302854142427
27123,22.734738662912523
27124,27.586880166227978
27125,24.358969102924313
27126,29.040350821370204
27127,31.367601932326103
27128,36.845189371853195
27129,27.88591003387323
27130,32.904545998462304
27131,35.0398532758796
27132,29.359890825301292
27133,26.572823705158633
27134,34.536152246580514
27135,35.01813636164019
27136,31.466035888786976
27137,31.004320666709525
27138,25.015140733534373
27139,29.582245376618133
27140,32.065847802958054
27141,32.089588262216736
27142,26.13038048646383
27143,36.87588976621051
27144,35.39666667715089
27145,25.492626941902074
27146,22.588258926257907
27147,32.05372104379638
27148,17.88622168005852
27149,35.320640850568225
27150,28.52067057673938
27151,23.90234354421122
27152,24.271064656073598
27153,29.97359131248883
27154,28.202435512495125
27155,36.1649930836684
27156,31.335165461497603
27157,34.11290575103628
27158,28.12016511307688
27159,31.844446349475845
27160,29.935082974240203
27161,26.060292493527744
27162,32.39820645419074
27163,30.61242322884701
27164,32.562716523481605
27165,26.609659207910568
27166,34.61519060784758
27167,27.392742411616368
27168,28.686269174048938
27169,32.01967317303657
27170,33.566115013778074
27171,32.443737894278506
27172,22.66364782834337
27173,28.548712886631343
27174,32.26872515460305
27175,27.992146132125722
27176,83.42967890960514
27177,22.71735953868275
27178,27.89131005661477
27179,30.591351701623715
27180,28.252332496804385
27181,31.406054186766884
27182,29.708432368099015
27183,25.60034405655641
27184,28.94404421594608
27185,33.33347189027739
27186,27.635693549202276
27187,34.50721578727257
27188,32.918141762019516
27189,31.771026430605257
27190,27.275781446539064
27191,37.13315532044267
27192,34.09902406669818
27193,23.343592406142093
27194,55.34335237403976
27195,28.17356895411814
27196,32.50096016561568
27197,21.754550453783096
27198,35.75270011976028
27199,36.20276524821899
27200,30.362383313458373
27201,19.452485586972383
27202,26.824171470404366
27203,28.944468353907588
27204,27.17088265680249
27205,31.22726925959695
27206,25.210279973319572
27207,30.982363382713924
27208,28.53179826874883
27209,27.681809941571846
27210,28.593618478199257
27211,31.687924280319084
27212,27.51711793203112
27213,27.36869019893938
27214,25.850320049986713
27215,27.980869171342825
27216,46.38327790426171
27217,61.67337676626814
27218,33.25342502208849
27219,58.183292003890784
27220,49.1889830477647
27221,29.825689889861653
27222,34.42340696673385
27223,76.10212327139715
27224,49.55674035679991
27225,32.68805113223675
27226,51.31247600792888
27227,32.7892088112029
27228,32.72101702861878
27229,36.10901945177106
27230,50.679482388747076
27231,79.16300987287582
27232,31.07755828701126
27233,54.646702387474306
27234,34.63623078794113
27235,52.168971381561946
27236,25.55435096927684
27237,49.04629845233347
27238,29.974851316957075
27239,37.3770987580527
27240,32.071686850248504
27241,32.96594007479
27242,38.032161184720024
27243,42.37320959735451
27244,28.585436063605336
27245,25.046051782517402
27246,44.76905362074395
27247,31.779564884886867
27248,76.37245537148965
27249,30.042772402235222
27250,40.67542401640794
27251,31.581114699246392
27252,61.59602044542166
27253,34.09343003004551
27254,33.35969673643093
27255,35.15721081206142
27256,48.787257269947844
27257,47.941459106267054
27258,55.73303375379139
27259,36.61946256646908
27260,38.153000108424024
27261,66.24909787487005
27262,57.213046103676064
27263,36.72310967375239
27264,36.34168048545019
27265,36.13695449471794
27266,35.01259585061473
27267,70.4370279867732
27268,36.83388368734799
27269,71.66927807535043
27270,36.86000138846494
27271,26.411688300651278
27272,35.624668950417565
27273,34.24993333898633
27274,34.34126113495379
27275,36.83857554029327
27276,34.45708842170372
27277,19.406546354414374
27278,25.09948068604904
27279,33.49443326386907
27280,25.33408441152185
27281,35.65689070807005
27282,28.28388509498817
27283,22.91435114166387
27284,35.557716873516
27285,32.11929427654571
27286,31.586693871164005
27287,33.697484209369485
27288,31.220444537123065
27289,38.959963578727816
27290,33.78685674603615
27291,33.86312638314023
27292,34.561081718142354
27293,36.55779087789114
27294,34.114635664781005
27295,33.9102680548546
27296,24.208981081314178
27297,30.978486117489876
27298,33.10703047786344
27299,34.02964888872113
27300,33.025294469865074
27301,35.53255277082767
27302,30.181734852056152
27303,35.523490475347856
27304,30.133745981615274
27305,27.035636694150867
27306,37.16881665641009
27307,35.09122734852724
27308,40.12201852701142
27309,31.74478132630366
27310,34.8035221046168
27311,47.78623894682961
27312,38.13700232302929
27313,38.80916448201667
27314,29.813702563364362
27315,33.107284386186386
27316,36.02772085019637
27317,26.14744312653363
27318,34.1876831552414
27319,36.78658896646826
27320,38.96900327037338
27321,34.803430240439894
27322,35.12495110476834
27323,36.58670565959366
27324,36.584241199564644
27325,32.41381237124197
27326,36.15429096825085
27327,34.11768980093133
27328,37.12046125002655
27329,36.29536179435789
27330,32.73725396954681
27331,36.69043535858988
27332,36.22606247649089
27333,38.75184495649752
27334,32.24563692663507
27335,34.32282979837916
27336,28.827306199303607
27337,33.673770895696315
27338,30.536150328706185
27339,27.439150164555443
27340,27.164778328192767
27341,30.250902843349127
27342,32.28857668716135
27343,32.033869986874166
27344,35.612272255975206
27345,22.60200364473366
27346,33.43294498943741
27347,23.37022382788036
27348,22.898461110099745
27349,34.384412185981446
27350,38.799145209425234
27351,35.980676787875886
27352,23.102952378309254
27353,25.531390992267305
27354,29.882959888858064
27355,27.084402905816564
27356,46.76158027758895
27357,36.26028796053027
27358,35.005250480293206
27359,33.64504306442951
27360,24.216191179005087
27361,35.835223674912676
27362,32.71258400424503
27363,29.548086709879286
27364,35.74107958874715
27365,32.53824573275803
27366,31.994194058647825
27367,28.258018282498515
27368,28.462468155640522
27369,31.618629504405497
27370,35.35686574336642
27371,34.62839345999982
27372,26.82312643443372
27373,26.32351961974974
27374,34.78260018839426
27375,24.680967916469534
27376,31.186943334015318
27377,28.937729819328673
27378,29.343690622009408
27379,25.16498253072241
27380,27.932006912991675
27381,35.9416599969775
27382,26.140651188384027
27383,29.305022914219187
27384,36.693159914383074
27385,35.244638588701086
27386,33.58100159982438
27387,26.464307165506106
27388,32.78215603902718
27389,37.41396033916798
27390,36.21015806164982
27391,36.18267689340091
27392,26.64666323275414
27393,31.930463981723868
27394,29.75315424596334
27395,38.32998708416187
27396,33.81513405771135
27397,31.731771943120513
27398,26.044277768075553
27399,23.517902251129822
27400,26.23033470265421
27401,28.108770782503708
27402,25.402908833201074
27403,33.69768250598056
27404,23.159442616849745
27405,25.334182096048806
27406,28.03598724288834
27407,37.692554714192475
27408,32.505968941316894
27409,26.249694621155818
27410,28.85989606321199
27411,31.075493457923834
27412,37.09406109352174
27413,31.437171611509214
27414,35.8089721517335
27415,31.75837563663127
27416,34.23653359609227
27417,33.43449856596992
27418,33.16753396239529
27419,42.4987169972958
27420,32.3209898461761
27421,29.694065276415152
27422,27.52206320012248
27423,35.66636102545341
27424,33.393457155061526
27425,36.63223260543259
27426,34.030246560449434
27427,35.40106462013394
27428,30.257406130086622
27429,31.475903740692715
27430,24.00229033494317
27431,31.45729372706429
27432,32.71364260684439
27433,31.15440692531445
27434,30.650308475177763
27435,32.68018106734144
27436,36.638505363818894
27437,33.9086816987269
27438,30.018805556702723
27439,31.94466666955489
27440,28.88868647148159
27441,32.21104984265696
27442,32.76970652436236
27443,36.658914497374525
27444,29.691331256856888
27445,30.736932763635934
27446,28.69552076152545
27447,30.163289091686355
27448,33.25797993615088
27449,27.143523806504497
27450,24.609875232811525
27451,28.841703365675976
27452,31.6674586186213
27453,21.86117346992837
27454,36.03304676330099
27455,26.604906914405312
27456,29.904864244870843
27457,30.72229148264381
27458,29.95019552970375
27459,28.554691908708058
27460,26.288731062957424
27461,25.609476037056304
27462,28.517773398571197
27463,27.463223590769005
27464,29.903118985253958
27465,30.17104414351377
27466,25.07400331799022
27467,25.145273844796574
27468,29.533147634997512
27469,36.831811876577326
27470,23.059593343665192
27471,29.663026620705068
27472,22.587502926698377
27473,23.58564508250051
27474,29.499846504758935
27475,26.213303610859864
27476,25.763500821751293
27477,19.53216397587236
27478,31.60131410443419
27479,51.78219316040441
27480,32.252671236708935
27481,42.108178464715316
27482,30.054431480826707
27483,34.12775897494736
27484,30.94263305664969
27485,33.93454037656799
27486,29.967027739736608
27487,31.163000545211638
27488,32.097175491891655
27489,33.42424053517894
27490,33.08127958394504
27491,36.319642382915056
27492,31.285579035253555
27493,34.22655778319274
27494,35.38543047905059
27495,30.768705017409385
27496,31.430519214039656
27497,32.371590055731474
27498,34.44149802365673
27499,31.457620021581665
27500,25.867096101628533
27501,34.577138238824354
27502,37.65509155253051
27503,35.03482241580665
27504,26.545803541085203
27505,31.207255207016985
27506,27.5397358156031
27507,33.01392530230052
27508,26.607162894669415
27509,35.67532498465255
27510,33.44828597175781
27511,33.607390694585916
27512,37.574589002898826
27513,29.296465822456476
27514,32.62174339068605
27515,30.99614427409907
27516,29.280194650560944
27517,27.086342756448538
27518,33.43254308756772
27519,26.25778173556224
27520,32.3086398083918
27521,26.92765706497237
27522,33.78921770283691
27523,33.37773533959429
27524,30.414388620078242
27525,29.785755743216725
27526,27.774504566983403
27527,40.91045145471655
27528,37.569327739432985
27529,44.740748165440216
27530,34.39313859242729
27531,43.03847600582503
27532,33.580798527656675
27533,32.27673225931341
27534,27.885748295565747
27535,37.82663252185085
27536,31.72130385488076
27537,28.878667883337023
27538,31.150594398639768
27539,33.8853983347853
27540,32.885256857627546
27541,33.62176584497669
27542,29.157588615040584
27543,31.996046784140944
27544,31.17970881025957
27545,36.27125179238045
27546,34.30411760476874
27547,37.85251732110784
27548,62.76676515063041
27549,40.374036194135776
27550,35.40410322924414
27551,37.374981378238594
27552,49.16500689446312
27553,33.43978600052361
27554,33.82938236019965
27555,38.914140153620195
27556,49.65515295604466
27557,48.93982769642842
27558,65.3180066012336
27559,52.141561756743826
27560,64.04378321776733
27561,37.83233142732886
27562,48.84995685653979
27563,51.61315867989289
27564,37.1593703942029
27565,45.437880286014746
27566,53.31103065157478
27567,34.70993289869598
27568,39.00529724336461
27569,30.852448274080658
27570,37.151960604859966
27571,65.64417110817647
27572,50.778244146509294
27573,60.73400072374848
27574,36.23806217687809
27575,38.654547244159225
27576,38.60547130460853
27577,64.90543560695265
27578,61.69474242400757
27579,35.87380787990641
27580,61.465404293968405
27581,66.76146070341173
27582,46.258642896403366
27583,37.17041416886576
27584,38.02650214193496
27585,71.95686681088739
27586,61.57761090829394
27587,39.48884489018306
27588,53.801670483692554
27589,28.91494648353683
27590,50.13382636357264
27591,34.19369167542536
27592,57.829598437108565
27593,63.35084486047133
27594,33.12072669216554
27595,53.336643735249645
27596,41.59604250142827
27597,67.3386417785467
27598,49.056575951565925
27599,32.581386461131615
27600,47.537219677139355
27601,58.3563674229089
27602,40.638064020197504
27603,63.501576059347705
27604,38.185150194548626
27605,36.78027516759444
27606,71.93552559129145
27607,32.70524216980107
27608,35.626694172465925
27609,32.3224850194015
27610,33.274662005294786
27611,42.28470059335628
27612,29.695991763308648
27613,47.395539234385566
27614,48.24516440840321
27615,32.28090313668899
27616,34.294630702689155
27617,31.750180926923477
27618,51.76614001138536
27619,34.12589079868325
27620,47.84600442197114
27621,29.875748277470812
27622,48.856010668391534
27623,45.334879314043995
27624,56.31197945436987
27625,55.8118732783915
27626,41.47431164783055
27627,39.461678837230515
27628,62.05230938060814
27629,41.47399593244324
27630,37.095566055880774
27631,39.20323206646637
27632,59.25231771699054
27633,39.44980252580339
27634,41.25873386734585
27635,35.60803504884822
27636,50.068903180273146
27637,37.865062135266825
27638,41.86926945945969
27639,33.129377238089184
27640,32.192103011653515
27641,62.71297833296532
27642,29.24115686132214
27643,39.588488668111665
27644,47.59693459511029
27645,29.973304765346914
27646,30.695224787484445
27647,37.486927293201724
27648,29.198945962351804
27649,43.42378538337121
27650,20.569945366908897
27651,27.05773259123944
27652,22.451569522867313
27653,30.53779301997097
27654,31.66099907577409
27655,38.77136374830671
27656,31.881212974601333
27657,32.07461141981578
27658,32.9178835436208
27659,22.005422813740466
27660,27.31243396392196
27661,25.77351687369061
27662,29.87100104859864
27663,29.910064672882406
27664,24.10503959614583
27665,27.10343081111442
27666,28.066164814046644
27667,22.136272765996303
27668,22.832614192132336
27669,37.8409169812553
27670,30.311687583633535
27671,42.08684287364886
27672,25.915793868412457
27673,21.987366895124087
27674,21.734494924765794
27675,25.56922383454652
27676,23.777599584449575
27677,38.7194126675935
27678,20.624610624166955
27679,23.07227892693329
27680,40.563188921274914
27681,24.029507971937214
27682,40.95497159885908
27683,36.39454101823349
27684,27.5615978655037
27685,29.373378195980443
27686,26.40485569724288
27687,41.37589415698087
27688,29.930007362072743
27689,33.96221210024911
27690,29.838475409874288
27691,28.91041312536565
27692,35.304549727176514
27693,31.40524973761435
27694,3.421328185804107
27695,26.1001998614407
27696,42.03830314464175
27697,25.693288338770184
27698,25.654169787610392
27699,69.70870532112635
27700,22.07307766863206
27701,22.184138100668342
27702,34.303613400653504
27703,27.790910467203666
27704,25.924358096972927
27705,25.722863734802274
27706,25.825928017221855
27707,26.16181348533598
27708,2.741671978864795
27709,23.51337932989685
27710,24.553939560246924
27711,35.29156618561702
27712,41.57529408169104
27713,35.07897366460146
27714,41.72093456861005
27715,26.8072851941935
27716,25.695611688434354
27717,22.880764056954202
27718,26.742290542817347
27719,34.78915077444668
27720,25.829746973572508
27721,69.144139222
27722,22.052958878455073
27723,25.3120615198767
27724,31.616085425275788
27725,37.31320140610807
27726,27.778061940948174
27727,25.283035270549618
27728,21.815545883170678
27729,43.95484956669776
27730,27.313470859836112
27731,27.33507015118532
27732,39.29127378979628
27733,34.41301352262319
27734,26.742485943915874
27735,25.39540480284154
27736,33.6908877680749
27737,28.168870938007917
27738,25.864129023031847
27739,26.908193536123605
27740,25.56581630792621
27741,26.231664711981757
27742,24.884758875006554
27743,27.590112810629744
27744,27.68974595125887
27745,34.3811031486373
27746,30.604634267969868
27747,22.798446706379792
27748,39.44472340553402
27749,30.490463003835988
27750,33.63207806809866
27751,55.33632715714087
27752,56.951241083799346
27753,39.891493086732254
27754,34.81763095200951
27755,55.49220883866177
27756,50.9683053039218
27757,37.02956477702986
27758,47.123734830149616
27759,40.8980082048718
27760,47.26994306074389
27761,34.594384299364144
27762,37.223022525865616
27763,22.13738929594206
27764,41.607965415917995
27765,40.132910788248026
27766,36.61888305166803
27767,47.16171274866859
27768,41.37864381740227
27769,40.26040856519608
27770,39.59271764827145
27771,39.50476561438309
27772,34.22753932905633
27773,46.064966537905434
27774,46.49519729661422
27775,36.69113718020595
27776,29.895874996488654
27777,46.713702157873016
27778,37.536937289941605
27779,46.04609595836397
27780,3.395438924332887
27781,45.87394857576375
27782,36.68398913651738
27783,30.968711243073244
27784,33.45194446796869
27785,30.594401984154096
27786,28.990696528568797
27787,25.761130962308588
27788,37.494821645194214
27789,45.787578352251145
27790,33.41813690739867
27791,51.820561518802215
27792,36.3370841000597
27793,41.553063573915544
27794,26.437420530051288
27795,33.161887084443606
27796,30.46819750169463
27797,43.28730301277053
27798,31.9206843757114
27799,38.57469691718685
27800,36.21166652818222
27801,41.69932769571686
27802,26.09963099931374
27803,26.53872331323442
27804,44.11980247795873
27805,34.47464484417594
27806,37.913896098840105
27807,37.51422382321199
27808,31.30347766841156
27809,29.169976821760336
27810,31.79014901980485
27811,33.69082719789029
27812,30.993517351329
27813,30.24530759974988
27814,29.482732455047756
27815,29.360367226950636
27816,29.078797844561947
27817,29.280250184749306
27818,29.977669667457842
27819,21.63642970709057
27820,30.01969870216204
27821,30.347692448914636
27822,34.63721411529913
27823,31.717351746064693
27824,30.969855166310605
27825,27.617519070046242
27826,30.851865763978907
27827,30.35609505610494
27828,31.179600770907026
27829,30.924092487994493
27830,36.00585873262992
27831,33.058344345195145
27832,31.36431201928395
27833,32.069019160121265
27834,42.474298805430145
27835,34.342339784690786
27836,32.38981420122928
27837,34.737997513681954
27838,33.5852238453448
27839,34.45241966411782
27840,29.89965082749368
27841,27.57006189852978
27842,29.893791854024215
27843,35.090530028407315
27844,32.23625479816501
27845,27.144980150662395
27846,34.79799837964527
27847,31.45165071810571
27848,34.75393549536662
27849,41.40959817748447
27850,35.98058453715056
27851,30.34907537738262
27852,28.341498629973263
27853,40.92112930072179
27854,29.820367778415324
27855,36.322134905324866
27856,34.11591660712969
27857,33.33988941127852
27858,34.69075640066764
27859,35.59791505014336
27860,37.59401055468262
27861,34.783563705822615
27862,26.31486592367682
27863,38.12216259323523
27864,24.429969815410807
27865,31.31081555535718
27866,30.341448199586516
27867,79.85654845514429
27868,38.77856377857823
27869,39.3764082489803
27870,34.206681758076854
27871,31.177632694850963
27872,30.07713163984846
27873,38.4355556742663
27874,32.7690021142341
27875,38.49800457466354
27876,21.78881507335774
27877,31.314817549302475
27878,20.67906290679226
27879,38.2613709912486
27880,36.86261792120132
27881,32.77603583554039
27882,37.32657886724154
27883,23.156811994824018
27884,19.83323053371664
27885,19.219028813783716
27886,21.0054559237875
27887,24.566950625234625
27888,27.97035115351528
27889,23.027595710632824
27890,28.52010177779368
27891,29.678733309932166
27892,22.89854979819075
27893,35.5779447334821
27894,28.88776297657009
27895,31.259077861738312
27896,22.540845524270082
27897,23.975083731308366
27898,23.54282695519735
27899,23.180680816664996
27900,35.312538401832285
27901,23.57817984247333
27902,22.54666685928174
27903,28.464850783290544
27904,23.51762914281342
27905,18.378836889514385
27906,24.842948361969988
27907,23.5664653144024
27908,20.79252822598184
27909,26.13427425334215
27910,28.190287262268487
27911,31.21318207092406
27912,20.620508127042747
27913,23.008567549090067
27914,26.217410363082134
27915,22.6969169456407
27916,22.558492110106283
27917,31.11141783787827
27918,19.04141874610084
27919,24.27187692000908
27920,27.710101896308778
27921,33.50837617371732
27922,20.636874439122742
27923,21.892046678133728
27924,28.35033781348674
27925,19.45501670064182
27926,21.602407130507203
27927,22.443507468073264
27928,24.012218355156556
27929,19.565144757158784
27930,19.34538137273086
27931,30.007925844789344
27932,26.992501298549996
27933,22.968394714634005
27934,31.75178302768624
27935,27.091355882775247
27936,22.935848780285063
27937,27.12174952527204
27938,27.367773903158195
27939,23.85149434843412
27940,53.5326268543473
27941,23.418548207422106
27942,17.840187978438706
27943,21.89459407643151
27944,23.349040561104747
27945,22.939285655444134
27946,29.608984284749624
27947,21.429437979256523
27948,23.597961522659478
27949,27.60804050512634
27950,31.06364530183371
27951,32.98109518129063
27952,39.764267229559145
27953,23.36676549394882
27954,27.44461959463513
27955,27.112509090676543
27956,18.291359652986294
27957,19.910525078516542
27958,20.025330282645072
27959,36.58854155195539
27960,32.731701620306
27961,21.723663823501756
27962,30.129453919830233
27963,27.01106012271193
27964,27.442943507241782
27965,18.86717530354978
27966,35.79990015861721
27967,60.94436035449327
27968,25.994633982434657
27969,27.70002080024576
27970,25.974932630541787
27971,3.935124158473539
27972,22.41407669483849
27973,22.013721935822684
27974,26.90201902215577
27975,23.88150460914002
27976,21.504317131265847
27977,8.906823865783076
27978,23.273607047596336
27979,28.62372039053144
27980,19.50603992889613
27981,37.48574890150149
27982,21.843663660181903
27983,30.77368330238681
27984,23.09440146441786
27985,36.43749685241293
27986,3.0417140740707156
27987,23.66960994319119
27988,19.614781814769092
27989,22.96227450456459
27990,26.16044610323778
27991,26.009804501207242
27992,22.869579269799566
27993,21.719511394532887
27994,20.535215745671543
27995,22.329002265759613
27996,26.36136560004494
27997,21.519893041788166
27998,24.58885643699194
27999,20.164693027948427
28000,27.06125256257414
28001,32.75214852481071
28002,26.012254963369713
28003,22.395568928184495
28004,22.91128084142704
28005,21.28505236173156
28006,16.06354140781386
28007,23.033749612527473
28008,22.01365605239807
28009,24.074698783747337
28010,20.644967678601514
28011,23.223137960962962
28012,21.416330887850744
28013,19.739999283545526
28014,25.969188712738433
28015,34.58179255388056
28016,22.720485414913156
28017,24.92627476544927
28018,24.198890754115613
28019,26.794125451431704
28020,27.833122617806776
28021,24.514213489473185
28022,30.58409978846817
28023,20.83011505205049
28024,21.25741922397437
28025,23.93939148770958
28026,22.801738007878765
28027,21.528473779920528
28028,27.30734276280974
28029,23.200640376455503
28030,24.180615898502825
28031,29.75875446266574
28032,21.354236357769
28033,22.661600874890535
28034,24.629321556704134
28035,25.886527175773992
28036,27.157240301192317
28037,26.803373630102854
28038,31.62788153106996
28039,33.41835847809946
28040,20.93654046252018
28041,23.91191076287117
28042,28.965600518164422
28043,32.763886177192276
28044,34.52552877947817
28045,27.34301251167509
28046,25.613103090610753
28047,19.604112092560772
28048,19.266489513254545
28049,27.435761043542286
28050,31.118919547941704
28051,36.26544788756596
28052,25.79011828018049
28053,25.626853342945306
28054,37.78590071091182
28055,25.82729337325052
28056,18.694121985593004
28057,21.604512768901426
28058,34.279598668095566
28059,59.41310832106394
28060,36.22791431305808
28061,34.67876265559858
28062,42.91139099207987
28063,30.12059993583551
28064,34.57291715209592
28065,35.6873080345215
28066,34.46594057765104
28067,37.94534814232294
28068,34.67769590450666
28069,32.73991715981621
28070,36.65762545839655
28071,31.886767979738345
28072,30.92777169897216
28073,54.17921477888589
28074,33.55832661129246
28075,29.79041892216447
28076,38.790762572143024
28077,32.5900073801738
28078,31.378164734643278
28079,32.780748802916825
28080,41.90056680596801
28081,47.0703673494625
28082,32.5441927575328
28083,37.8228913317821
28084,39.29571393139754
28085,36.17197230399493
28086,38.620825960230704
28087,38.95444966881498
28088,36.443393020913376
28089,37.141061267171374
28090,65.64377740023566
28091,50.827723396281854
28092,29.69295758009705
28093,34.25554313593687
28094,32.92169355734215
28095,40.92285059627633
28096,35.98052883335557
28097,36.479106936182454
28098,48.86905816810935
28099,43.93013059897844
28100,35.50607902655652
28101,34.21545562931738
28102,34.77386666611212
28103,29.44676826779734
28104,30.886741746617822
28105,31.359313610632462
28106,29.836259074705744
28107,27.98022367262863
28108,25.511943434189877
28109,30.32908595058407
28110,25.49451903229832
28111,35.82075256540514
28112,26.820723071159843
28113,23.65438884168961
28114,31.361779933768524
28115,29.205302404705584
28116,26.62190493633134
28117,27.66699948383978
28118,27.816914399507986
28119,21.356659361023674
28120,29.36883372445313
28121,25.37961890417578
28122,28.648826656795652
28123,25.409142961451245
28124,30.440202653637527
28125,26.814817079627158
28126,27.43444715716856
28127,29.347378699007276
28128,24.720281204207573
28129,24.230282509801278
28130,23.978708511069108
28131,26.11869566061977
28132,25.894468482246793
28133,28.99058343631085
28134,26.631678146791476
28135,25.140918107492933
28136,28.3337245879512
28137,26.055411056268987
28138,28.0913140454847
28139,22.84382776659167
28140,26.28518819178928
28141,34.1238632854574
28142,28.990531450550954
28143,26.221677692042924
28144,27.652071008285226
28145,24.28402835993262
28146,25.90355315635972
28147,26.255320532446206
28148,26.944709122158496
28149,31.001195739778353
28150,26.386710764605684
28151,29.09576485773958
28152,33.05418666502169
28153,25.900576455071736
28154,32.63522934350746
28155,26.03492183404304
28156,30.158691908372454
28157,27.5726497179272
28158,25.529089447087568
28159,25.34074929572802
28160,24.793365003556847
28161,21.67114040290711
28162,26.835275955197165
28163,26.527297978414957
28164,28.64901811175472
28165,32.14364213785969
28166,30.733639621640855
28167,23.74870893726002
28168,22.607116175493196
28169,30.787321981241163
28170,33.27671825857003
28171,34.21838852778514
28172,31.460946897667633
28173,33.18694452657003
28174,32.044770836382625
28175,32.38028495438164
28176,33.17542733230029
28177,29.535144522066513
28178,32.634426694357884
28179,33.39740654499108
28180,29.243266969142514
28181,33.891141296734375
28182,34.41334981209714
28183,28.87355239228869
28184,33.05266545866668
28185,32.11330990951027
28186,30.915771803342437
28187,29.947125902648395
28188,28.792688594066334
28189,32.38452950499017
28190,36.1468315745593
28191,34.91181153291838
28192,29.807076181229213
28193,31.2588040139973
28194,31.329407565140244
28195,32.62555151110653
28196,30.83902826764553
28197,34.434458356668806
28198,33.303161325123
28199,33.60187071509708
28200,32.35450250024169
28201,31.868457557348687
28202,33.567659885735054
28203,32.252247570828146
28204,25.300712237975937
28205,30.476499746246716
28206,29.710375052938943
28207,24.599726959376788
28208,41.8187800444139
28209,56.05754158926291
28210,30.080774922527453
28211,30.00441543011302
28212,36.90508978012306
28213,30.865820934986345
28214,26.84438040505257
28215,24.173586673930032
28216,25.90328450878738
28217,32.47787330852218
28218,25.65594960233161
28219,27.595338826983813
28220,22.492877877003508
28221,25.32740621717814
28222,67.05998354620273
28223,24.721194017715607
28224,31.128923747484833
28225,25.21830713700023
28226,26.60740338472693
28227,28.971828626119866
28228,36.99874147980195
28229,29.72317522263198
28230,31.201682495941814
28231,20.55969512619702
28232,21.640328782893317
28233,32.735075804517805
28234,26.654616622512545
28235,74.6554394588895
28236,24.377354684199638
28237,26.259084394119455
28238,36.16384886117149
28239,25.64071035840407
28240,30.61454977496801
28241,25.43716216445932
28242,25.223233185410336
28243,26.02231696321691
28244,26.13315040093969
28245,30.284897774163717
28246,31.960227952489102
28247,28.488610868132916
28248,30.30143398094716
28249,26.17711581663019
28250,25.431184887402228
28251,22.754192649511495
28252,33.63119016182347
28253,29.13376576972461
28254,24.540367495324855
28255,31.385622558723256
28256,30.2809672171724
28257,30.37258358541775
28258,24.591756813944748
28259,30.169256509753787
28260,31.881787334186733
28261,27.809959537047366
28262,25.785561676147147
28263,28.372961206568142
28264,29.522809759166265
28265,31.104233065625166
28266,27.71521368645843
28267,31.0277813875497
28268,35.18478076446233
28269,32.52450239123795
28270,24.19812208656091
28271,27.977228079357033
28272,31.75433139918792
28273,27.046195555903335
28274,32.30426036341361
28275,28.457621851810018
28276,33.42802454784994
28277,30.295867769311595
28278,32.483568975766296
28279,25.51766930584255
28280,30.50746346405557
28281,29.03761748222992
28282,33.74888436333289
28283,33.37925918969022
28284,30.960533910147504
28285,29.805236345496006
28286,30.20608930010585
28287,27.806123317134272
28288,27.391653151615458
28289,30.360285505520125
28290,42.12008786175326
28291,32.90884173827427
28292,31.65474685930736
28293,31.76691981665452
28294,27.434079244141685
28295,27.097314776353862
28296,33.81563882605138
28297,29.30793156175952
28298,25.23250284524247
28299,34.08989344492159
28300,33.45196399831024
28301,35.60420048526987
28302,67.05998354620273
28303,29.909320593973085
28304,27.618281660158985
28305,26.395695661123746
28306,29.272731356237383
28307,39.237148332978364
28308,32.82789601164233
28309,31.363084161892065
28310,37.0349647087913
28311,33.469195254860765
28312,34.475630485879854
28313,32.12620991189395
28314,35.99858690510506
28315,35.34073452026681
28316,24.5466292798544
28317,34.18535586186319
28318,35.77555636717901
28319,33.036853688664934
28320,29.20949536392736
28321,37.411234305685646
28322,32.65901635341808
28323,40.86148519595699
28324,36.87645995079514
28325,33.63448849529156
28326,31.28830263304716
28327,36.037831310425375
28328,36.71798979510397
28329,30.923922372233335
28330,32.50946949434767
28331,32.057404273085375
28332,33.11366017082016
28333,31.62903258290124
28334,33.842184802665095
28335,32.007257029789415
28336,33.534532146486114
28337,37.49770292387039
28338,33.61610373986692
28339,31.196277620646867
28340,36.27738623773258
28341,33.58790768715629
28342,38.03503947165103
28343,34.47563681526024
28344,32.258278643711876
28345,41.4075065822521
28346,33.586269279988485
28347,32.42917367979659
28348,31.871535095908058
28349,31.397404860985986
28350,32.78787711957325
28351,34.086639874269764
28352,31.055431012543128
28353,30.419445275049593
28354,31.86222101189645
28355,30.660815694559115
28356,40.83302945837153
28357,30.95713788934356
28358,34.265511944854985
28359,32.53800885824586
28360,30.354757291093772
28361,35.25280672132094
28362,38.17269942679377
28363,34.357419407889445
28364,37.38624873864633
28365,32.431363047688905
28366,35.09514247844592
28367,36.85670496869322
28368,36.339933598280936
28369,31.95495487532449
28370,31.38857420076191
28371,37.88633734044735
28372,33.580609775383586
28373,32.85120698620588
28374,38.91334415257992
28375,31.715856088369588
28376,39.99936391446799
28377,40.214227075861444
28378,32.722030297978634
28379,31.789295631221933
28380,33.90555285713627
28381,32.396795229247765
28382,32.600980451103744
28383,29.646704696361063
28384,29.715909565518224
28385,37.30138740963326
28386,29.05821554128775
28387,29.582096506964277
28388,27.519323298395403
28389,31.3244960425371
28390,27.512558185203098
28391,31.315646914578767
28392,36.64722297552498
28393,28.121242517360628
28394,27.575298340915488
28395,29.61245552839366
28396,23.949229927520125
28397,23.88759915493086
28398,27.931427838471002
28399,31.821499105027605
28400,30.830596263156252
28401,33.03397962306276
28402,33.06883693507481
28403,30.321828943220265
28404,23.31200279951357
28405,28.870065047806424
28406,31.605443485195437
28407,38.891746177057236
28408,28.548621336913023
28409,37.62361764250131
28410,30.224880081551664
28411,33.04461986770211
28412,26.26170292725468
28413,24.515704254304588
28414,24.66371360106103
28415,34.86655992946535
28416,27.84926675497074
28417,37.778882453594264
28418,23.1639670913146
28419,32.25505197286351
28420,36.56121160231594
28421,22.7977193402099
28422,32.69215218900674
28423,23.238551183164947
28424,26.15581147971534
28425,25.32197657051034
28426,30.428516033455207
28427,22.295780571624835
28428,27.84865455711012
28429,34.46089087576284
28430,27.4370351396882
28431,27.14041989824056
28432,25.908377492694527
28433,32.40071066111779
28434,31.900419269536805
28435,36.41348577628132
28436,34.9853625347293
28437,32.88519400758102
28438,33.848826400822794
28439,31.797692694895776
28440,36.81213630586411
28441,34.5056197094353
28442,30.25410483656339
28443,33.6091200946
28444,17.542641063325746
28445,37.838150895737726
28446,32.648122656342665
28447,31.61233696983588
28448,31.82941745892073
28449,33.707798834223766
28450,33.046376972538425
28451,34.68613387533935
28452,32.817627920627245
28453,34.83189463820074
28454,30.691683852521617
28455,34.327714112329076
28456,33.659746501443344
28457,32.90347575217339
28458,30.44599919422359
28459,32.22528553015016
28460,30.773092542282384
28461,32.15858827985808
28462,33.18144027298412
28463,31.473535745921787
28464,32.14868790892715
28465,31.916204817146884
28466,30.890267406395616
28467,31.90553743456399
28468,34.08366259779475
28469,24.7578973722348
28470,30.98361198157007
28471,28.317459520812243
28472,28.698520634013114
28473,29.20877154833977
28474,21.641134181376334
28475,26.806005235866387
28476,20.71922948617917
28477,20.752862774181274
28478,34.98405290939919
28479,24.006387043654904
28480,31.468538298692977
28481,26.464417336382155
28482,25.908863693709048
28483,20.98848270363177
28484,24.296425706147375
28485,22.574943499757154
28486,22.57967064615201
28487,33.36909499423284
28488,22.425608395206506
28489,29.518032472047526
28490,22.2181313385875
28491,25.561477522468632
28492,23.718650032180786
28493,23.870043987318326
28494,26.34326163671451
28495,33.642052171981774
28496,38.98000890870184
28497,41.91802727033744
28498,3.421328185804107
28499,37.87823357785837
28500,37.69757830747475
28501,39.58135614050329
28502,32.84170397967322
28503,19.75216397302402
28504,30.127904930893813
28505,26.77078190862896
28506,27.663795263532975
28507,22.44003850971965
28508,28.01501172282218
28509,20.61029923025031
28510,57.047236125819026
28511,28.8545712402184
28512,24.622519204868414
28513,27.792833716541672
28514,31.964550586132226
28515,21.440814679835718
28516,29.172868723881244
28517,24.10396116215307
28518,21.65384147129928
28519,20.076652953178726
28520,22.081216708527677
28521,26.426229496769253
28522,30.322992312173643
28523,30.01545109965516
28524,38.82483950439058
28525,26.162472084798143
28526,33.61869604593395
28527,25.10336468176967
28528,40.46995363613843
28529,24.454562792861893
28530,22.251348489097623
28531,24.862629807600356
28532,34.36875946681627
28533,22.920369070779607
28534,32.06852591200895
28535,25.542841851933556
28536,27.156862197028726
28537,21.9975101928811
28538,26.078678724944574
28539,28.05501166034322
28540,29.334866029259054
28541,27.73204862994509
28542,25.66092924785995
28543,25.749983982952724
28544,29.654735992701564
28545,30.863308734579768
28546,26.741521520012874
28547,25.65656752717652
28548,20.032766934358733
28549,21.761136322865738
28550,3.0417140740707156
28551,21.704934526813773
28552,28.277150099841695
28553,25.42246482978419
28554,23.76308756447411
28555,23.880377747985108
28556,29.964396728262688
28557,26.8146157750131
28558,26.91367796440691
28559,26.515536126799997
28560,29.915114875398167
28561,28.924930106189052
28562,34.000270542939454
28563,25.110917471900684
28564,24.758709450596374
28565,26.65759989699654
28566,24.59727898267804
28567,21.73697335438277
28568,26.140857036326036
28569,36.62965244149908
28570,37.26954831310635
28571,33.980757438491025
28572,63.35084486047133
28573,33.19569784990589
28574,32.587914828904076
28575,41.072755405909824
28576,41.29137542067643
28577,49.14444195649803
28578,71.66857419530821
28579,31.873041283758383
28580,38.71741049067508
28581,43.263408330208875
28582,40.42957162144927
28583,32.645049686169386
28584,49.814768836455244
28585,37.284361204589246
28586,33.54671356223659
28587,31.14912184696121
28588,31.03084201279073
28589,49.919852399720696
28590,44.802136204214634
28591,38.89589956570889
28592,37.642789426444374
28593,26.260025036124652
28594,32.343096474497784
28595,52.513214964345906
28596,44.58974731045573
28597,30.723920228971014
28598,30.20483813162602
28599,33.90944943803248
28600,30.783362600738606
28601,35.588356188432364
28602,48.704195653656065
28603,33.36371294147504
28604,34.06807727115259
28605,32.56984444812103
28606,30.06389219867623
28607,45.1632190714045
28608,34.54964194188557
28609,36.34321896254191
28610,39.64749941147402
28611,45.057806747380965
28612,39.10425012265482
28613,43.811402990997415
28614,30.870892493043023
28615,32.94435787359352
28616,34.40379533685578
28617,36.05686789374212
28618,35.81482201829706
28619,41.05304831689627
28620,83.42967890960514
28621,39.38386007334175
28622,35.093274321001694
28623,31.327099480775978
28624,61.59602044542166
28625,32.13437635509379
28626,62.612701626921144
28627,25.89958785065989
28628,70.22571306024054
28629,37.15345709285809
28630,39.32064292735633
28631,29.73031872576147
28632,31.6312204724238
28633,28.19500691100191
28634,23.745321930710407
28635,44.07379225327095
28636,36.53950302616769
28637,36.12599240363815
28638,30.0502590437358
28639,29.560010785674017
28640,33.46864285214036
28641,23.337472830174796
28642,33.04725950831234
28643,25.26740486545524
28644,38.604629033108225
28645,34.010254176008516
28646,33.54128071169268
28647,25.20613194074174
28648,30.878925599068495
28649,71.93552559129145
28650,59.33768071101257
28651,60.73400072374848
28652,75.28483475590713
28653,34.363179702151406
28654,31.500512415378154
28655,37.10119029319434
28656,31.014093671409796
28657,31.280280967925748
28658,49.904554576950844
28659,60.34270797382113
28660,62.990284911464016
28661,30.675546624484447
28662,64.01649838970185
28663,33.48158684508634
28664,19.022558627275338
28665,33.995158581905685
28666,26.757520121386
28667,28.099420463856486
28668,31.764005286441968
28669,48.74267375962678
28670,35.62249495312784
28671,23.503772372426234
28672,45.21821337760744
28673,28.03250149830587
28674,43.8059085667886
28675,29.220547247270694
28676,39.70114280723033
28677,32.61838691056104
28678,45.05261376029405
28679,36.15049361228341
28680,37.94825255923908
28681,29.961668415384214
28682,28.43804921357223
28683,30.195115085573306
28684,53.41445051334004
28685,29.775844016631368
28686,29.57770514619361
28687,32.294543942510394
28688,35.24548903840984
28689,35.38848376164763
28690,32.23625479816501
28691,31.841569729106283
28692,33.32191392436296
28693,31.466655684381873
28694,31.498609092380313
28695,28.46327980079443
28696,38.10236509918765
28697,33.865474441209635
28698,33.93805869035396
28699,35.24855237495665
28700,31.03843654001625
28701,32.441374378836656
28702,39.19498582190815
28703,29.318730526841044
28704,29.17272066843491
28705,33.16865887826957
28706,35.04047707739829
28707,33.08778481353272
28708,34.75420687026022
28709,29.08969520309393
28710,37.00814143089207
28711,31.667655186101154
28712,45.25003818728803
28713,37.14442846681968
28714,54.35963637479925
28715,33.87995982298269
28716,34.925282388244405
28717,32.24407978386647
28718,22.117926405123672
28719,17.725752900713996
28720,27.49775410507511
28721,32.08958840903311
28722,22.507603982227334
28723,47.80052326182743
28724,32.01856575756816
28725,38.531135105674124
28726,24.811042810581196
28727,25.63135202374525
28728,22.507625154789096
28729,34.94488790664866
28730,22.315859459942534
28731,23.74847462039584
28732,27.211669867241426
28733,28.409413942246342
28734,22.56628091020827
28735,28.171477087159815
28736,27.875014749654813
28737,26.672026300102694
28738,26.290881894793824
28739,19.63787398401433
28740,18.632301939048382
28741,23.200680604080475
28742,20.69129803258377
28743,23.15784968358035
28744,25.66294931378587
28745,21.983335237565942
28746,27.02269484678971
28747,27.43510861867012
28748,36.066470214312496
28749,23.834185073686946
28750,25.664144166608438
28751,26.360100003598482
28752,31.02296457010792
28753,23.87715427771603
28754,26.387345166704417
28755,26.289237458897205
28756,30.430698849685264
28757,31.323359311380525
28758,24.582916920731662
28759,28.662378058885764
28760,25.65667747927016
28761,27.46288834579847
28762,23.5459255638322
28763,23.530430459195763
28764,24.963171245937612
28765,21.675672146266763
28766,23.50476442022864
28767,29.37804733718257
28768,22.86903172968599
28769,22.18398492499658
28770,26.580855086841694
28771,26.798100791849436
28772,22.31860896349575
28773,24.91166349577589
28774,25.18954097616758
28775,26.913562627483397
28776,28.595662966498814
28777,31.043060509301768
28778,30.141943440012838
28779,29.842296668838745
28780,20.65491101435721
28781,25.851808366229463
28782,25.130474238844997
28783,22.32096008420754
28784,26.126543755859696
28785,22.58760289112664
28786,26.134051246944267
28787,26.42390063316278
28788,34.27181087439773
28789,27.196157753317294
28790,26.982194842117217
28791,22.67562382937638
28792,20.78461425280649
28793,24.631433419712486
28794,37.78079469999639
28795,22.699998820831244
28796,27.5230128918669
28797,27.785456834771534
28798,22.424887613510037
28799,22.65837737022773
28800,36.80906894675854
28801,24.62851572130413
28802,41.55368974211814
28803,53.04418771051736
28804,78.23703901425806
28805,86.59960735424315
28806,44.69279566796108
28807,50.64373859893462
28808,49.16919607685814
28809,64.00037051144206
28810,39.83116108220198
28811,29.048786545173627
28812,58.95448015248182
28813,79.4943752387042
28814,36.106470551519024
28815,71.66927807535043
28816,51.84967233761023
28817,54.98930658548585
28818,46.58204223509077
28819,49.79307548289871
28820,32.803108935326684
28821,40.19963779227374
28822,40.5529613405795
28823,42.419474479600005
28824,46.29972606863573
28825,51.21941138294541
28826,37.49660377822238
28827,52.68741265867237
28828,65.3180066012336
28829,30.73550127364474
28830,34.968923196877434
28831,34.19168025891183
28832,28.487512544200612
28833,50.04952805181875
28834,53.42050440393029
28835,37.862331829128124
28836,27.182082246039677
28837,38.10495964135078
28838,61.85839639531177
28839,59.07031595369929
28840,76.10212327139715
28841,36.11671310806696
28842,51.57735964094255
28843,64.04378321776733
28844,36.28128739334127
28845,36.04188881898003
28846,80.91679108550795
28847,45.52460482972103
28848,50.51032592919377
28849,58.10443536847501
28850,34.63111509481665
28851,36.88292842762483
28852,53.41574365212429
28853,51.55944538678129
28854,60.66082074479097
28855,35.88546501659086
28856,28.28149355077784
28857,32.565706873960586
28858,59.598779257307854
28859,33.69293721303553
28860,51.0996733860648
28861,36.516113599726665
28862,37.18805519850422
28863,45.64937722262691
28864,33.06021134086661
28865,28.976293580491067
28866,33.82923594962401
28867,30.325788218036806
28868,31.974680707148686
28869,31.951558794365077
28870,38.28038965557885
28871,30.57491346455986
28872,34.47496479784324
28873,31.256061527991456
28874,32.20392462653637
28875,33.02614345640678
28876,32.95667094641297
28877,37.35380443175749
28878,31.94811289644221
28879,32.09420757957032
28880,30.13028365526847
28881,39.59458911681794
28882,32.88487823235718
28883,30.68567138260269
28884,37.6800598791345
28885,29.374859747184384
28886,30.197744146872914
28887,34.60544613083023
28888,31.701398066857074
28889,54.646702387474306
28890,38.761173462495165
28891,32.04150368056438
28892,32.471640022171904
28893,33.185777836324306
28894,30.504483142682325
28895,32.75942977312052
28896,38.75530266938926
28897,33.8110640229153
28898,38.605238280423684
28899,32.871612458850464
28900,32.6579769108692
28901,37.48177038540121
28902,29.976500925058563
28903,33.965132822568535
28904,33.9221376984793
28905,37.87106784125213
28906,40.12702228252398
28907,68.95225101401357
28908,35.32288916605357
28909,38.65034518780547
28910,36.849340147498765
28911,35.47445374837554
28912,41.28605475858463
28913,32.537350356426444
28914,32.96380759152492
28915,28.70403145418101
28916,35.81772517149705
28917,37.62795921384638
28918,37.22783506186006
28919,33.71928685202166
28920,32.59614281592038
28921,37.884279412450795
28922,51.317939639763
28923,34.40182580271009
28924,36.738685781785854
28925,35.783486533179826
28926,37.34682015601119
28927,35.81164606028512
28928,33.59760480232937
28929,31.54473144483272
28930,32.38501329684097
28931,33.06824547112057
28932,36.00865492345599
28933,35.13342757000176
28934,32.22813949225113
28935,32.66927061344007
28936,32.76975509935622
28937,40.18212079681
28938,30.95148338250961
28939,34.56208617876873
28940,30.870852422117874
28941,35.54563851360946
28942,31.150346825034816
28943,31.285812143062444
28944,30.80266517978397
28945,39.94993400731574
28946,39.306994156439984
28947,32.01884496104735
28948,32.56325885827347
28949,32.44954721510504
28950,33.89270615821913
28951,29.513537129632457
28952,34.733796612593025
28953,33.63498997546431
28954,34.9611450932316
28955,30.65004032338982
28956,30.76067406755699
28957,32.581800523641505
28958,34.59536384707203
28959,33.29786703088356
28960,39.07157719602074
28961,49.34413313789534
28962,31.98946037582145
28963,25.90618723843591
28964,68.5502189571579
28965,30.949588647562802
28966,42.65091494712594
28967,29.179429205755476
28968,51.10647848998174
28969,60.0124018469573
28970,0.6156877810854392
28971,46.43681828468401
28972,28.572091913198143
28973,31.489773013129508
28974,24.983139018271082
28975,54.7579135444599
28976,41.7590375037005
28977,60.90056049039244
28978,51.325110599835924
28979,39.0884672674917
28980,54.892191083442476
28981,63.307145733182715
28982,26.774162243819703
28983,26.056302440865707
28984,28.545652984006164
28985,28.578089808804577
28986,32.31474856090131
28987,31.377203778348473
28988,34.57368212580962
28989,32.31397159747453
28990,35.92135188682501
28991,33.021789886279976
28992,34.06336054271995
28993,30.274751766700977
28994,32.24013614274607
28995,30.86993339844583
28996,30.17515617690859
28997,36.324310610816056
28998,28.756060731354072
28999,31.216869816030815
29000,32.61800112531882
29001,29.59362498529711
29002,29.660680965884254
29003,37.69425860121021
29004,30.249230197432652
29005,31.349709740593433
29006,31.25685578392325
29007,30.887892944882644
29008,31.379106052337892
29009,28.019120638864255
29010,32.02889725033248
29011,32.14593905583835
29012,30.515175714735555
29013,27.84286500484378
29014,29.197260632961843
29015,32.71196834603013
29016,28.55949220178141
29017,31.427465105221327
29018,30.08238811786464
29019,29.734654086083676
29020,33.60755509620212
29021,30.78942215140811
29022,43.1511773645077
29023,29.156635388241085
29024,31.337222412631952
29025,30.59327964500865
29026,50.18950816194153
29027,33.017912211018626
29028,28.40219315190177
29029,35.65245018337964
29030,31.066376468251192
29031,41.094564700526746
29032,26.76502609779849
29033,23.85625009844981
29034,31.729990097290063
29035,29.732937987668038
29036,34.73431793011144
29037,32.02745554841083
29038,24.168934631068506
29039,27.703147729124172
29040,37.73387529913219
29041,25.15244799718107
29042,27.438937387747774
29043,28.33801045545352
29044,25.7986318581767
29045,25.76173556579233
29046,23.466642736058702
29047,35.55178662929
29048,23.97471895547904
29049,26.732356655538602
29050,21.130077929303578
29051,29.615379064704747
29052,34.604891566723644
29053,26.997400348062886
29054,18.309606943144836
29055,25.25885598069356
29056,35.821902794717005
29057,30.176362073315914
29058,24.483118033923805
29059,22.766741488007284
29060,21.830182602548263
29061,34.54264330330269
29062,33.557812974678214
29063,19.797374103558493
29064,31.976146914339857
29065,22.280850844769475
29066,30.68031349100002
29067,23.497695672958287
29068,25.04825351926585
29069,21.191286083445032
29070,22.05944316708385
29071,18.891504131178486
29072,19.711876892849027
29073,22.4697763781485
29074,34.0068211261066
29075,6.419676403288802
29076,3.4255237418748514
29077,20.048161101199522
29078,25.718732383211563
29079,19.608396683732263
29080,19.792843364667217
29081,28.851709242575627
29082,18.43459032435578
29083,20.80861535772056
29084,21.45621019232468
29085,23.991395967611325
29086,19.92737274678387
29087,19.798854846024902
29088,20.75610261552026
29089,23.070338038655386
29090,23.189363189501933
29091,21.6598041561055
29092,23.707059695777218
29093,37.518451719124705
29094,22.62847185396867
29095,29.560914510775348
29096,27.406166754308316
29097,31.834497373976703
29098,23.23001061083007
29099,19.337740481698653
29100,19.868313546856292
29101,22.626199648080956
29102,32.317098281552425
29103,18.58300454369986
29104,18.551457619968932
29105,19.948846315303765
29106,28.636726981084685
29107,28.706231999689248
29108,17.97310025560366
29109,27.822380173851286
29110,21.792381870931923
29111,27.04975581615709
29112,28.644646039264956
29113,30.65877569429444
29114,32.962662763270444
29115,22.324397835179333
29116,24.073882833076585
29117,22.749810949245877
29118,32.839639690049864
29119,17.64784785698328
29120,22.548649159199748
29121,20.166422173569593
29122,17.218123095889776
29123,17.814693019968303
29124,36.38684098767823
29125,19.57009247634977
29126,34.48531579371661
29127,30.3808913636231
29128,35.934007905906434
29129,28.236180571314254
29130,34.64920709717932
29131,33.04808985178614
29132,41.34930824690447
29133,35.80819849548342
29134,45.85985022616183
29135,32.1979185207131
29136,35.729964299509916
29137,32.97391666892484
29138,51.07856458213701
29139,34.23501238898996
29140,33.6632909291817
29141,39.35358649064179
29142,34.654294154870996
29143,62.3369030250448
29144,79.16300987287582
29145,46.31940750401183
29146,31.523249854924792
29147,35.51315171198862
29148,38.41399090447677
29149,39.430818773614895
29150,33.991200732912
29151,56.45267601392821
29152,34.640945778740544
29153,35.452346643095254
29154,44.56797714130253
29155,34.89993328477874
29156,34.56251897707277
29157,34.997361510892915
29158,32.38076277940693
29159,38.56832083345411
29160,37.49890466725585
29161,33.63049662898832
29162,33.21404494315662
29163,31.162403238978314
29164,59.536406748398846
29165,50.875324447206594
29166,38.05875356315336
29167,34.9958620300463
29168,39.77057754472621
29169,34.35132401208023
29170,33.684322995700626
29171,36.30667492718746
29172,36.33100347771124
29173,31.146666229760065
29174,30.47940167417511
29175,31.745974922924702
29176,33.467827454489765
29177,29.755178767350824
29178,32.25443114320467
29179,53.88798819999138
29180,37.48714961345235
29181,31.21465791534701
29182,61.15324957469383
29183,34.91696259745251
29184,29.650121276785182
29185,38.262728895954154
29186,32.30188540256177
29187,31.534560102723702
29188,30.54111657570561
29189,28.230711629998773
29190,32.17487001257793
29191,36.259391005684535
29192,33.95771142502162
29193,34.77549808402464
29194,33.31044928993494
29195,34.15231356930409
29196,24.958213672672866
29197,22.09667553147262
29198,69.144139222
29199,23.917462723529205
29200,22.470804113743604
29201,13.672868992954573
29202,22.36452076356334
29203,25.206122660524017
29204,27.92156289923676
29205,26.977326274838425
29206,25.747063150185763
29207,22.091360506998292
29208,28.640972707303074
29209,30.547335012257655
29210,10.575729371373848
29211,34.561771622910825
29212,31.973792352401265
29213,28.595534898460095
29214,25.718284616402464
29215,32.64793611841479
29216,33.86326202007762
29217,21.95687839496167
29218,28.2271481855553
29219,27.41195495783346
29220,27.96545179420697
29221,34.61967585358986
29222,37.913671861248595
29223,38.04992405820673
29224,35.88633586234174
29225,33.26537138899914
29226,35.98572911130443
29227,27.521633504960946
29228,31.094782401755758
29229,31.43990575020232
29230,41.64165992008775
29231,33.7311662096172
29232,31.586625087025702
29233,31.981313146869923
29234,33.03269702212018
29235,37.156182894376386
29236,34.98118925540189
29237,33.71315223866888
29238,16.739771124634693
29239,49.80579670488161
29240,33.93842106625904
29241,28.876074924132688
29242,30.8597600359138
29243,30.241819869997833
29244,30.336931418721477
29245,32.10142344240238
29246,34.244864469586545
29247,32.577807294615674
29248,33.370332773702216
29249,36.77565267350644
29250,26.84779822815712
29251,25.583499460801
29252,10.945816449958981
29253,26.13696226318371
29254,26.99861324875799
29255,32.508876924682994
29256,29.424768599851767
29257,32.69348725693524
29258,34.01355368034939
29259,27.926313641344233
29260,30.099936846745162
29261,37.678785795757875
29262,32.03191321925421
29263,30.305525562288217
29264,33.43131589863478
29265,40.451057502828355
29266,34.1343782699099
29267,29.420018121139076
29268,35.23006254903486
29269,32.2504704003353
29270,36.6495600756751
29271,32.550292992387746
29272,35.30080091511654
29273,32.728229655278454
29274,51.76580264426971
29275,37.92409142391914
29276,33.189459602122675
29277,33.40215667064889
29278,44.75210841991601
29279,42.85087521491808
29280,33.04826241848712
29281,33.196637327380444
29282,29.8815470974451
29283,39.62783941551364
29284,37.697043123553044
29285,39.17986413564771
29286,39.13334478873543
29287,37.16183132309831
29288,45.58395865891103
29289,42.86080167790283
29290,30.69828344351162
29291,41.398348042108424
29292,33.733760272312324
29293,22.21370349670152
29294,28.206520560831812
29295,59.695458597030765
29296,25.877842452909128
29297,52.82076163213806
29298,31.90959432078867
29299,26.073799306503055
29300,29.356542713927094
29301,24.76398737381158
29302,72.36105226408753
29303,38.34235474622706
29304,39.42977594129772
29305,46.19179039973974
29306,37.74230853898895
29307,64.37489662913094
29308,61.163852213402166
29309,22.195953216393317
29310,53.99711157935594
29311,25.67664704993394
29312,68.50221038560024
29313,61.0135352759325
29314,31.337570050413884
29315,29.798459932060474
29316,23.6010039708787
29317,27.82865046923748
29318,17.047498576659503
29319,19.03194918268423
29320,33.4570453591028
29321,29.348607879622925
29322,25.49298259818831
29323,29.100360065289017
29324,21.39123964973292
29325,23.157211892834905
29326,25.695635875623758
29327,48.65356434309258
29328,29.685546599801974
29329,54.64083333487294
29330,29.271107364280653
29331,26.989802415286288
29332,27.567430227382594
29333,28.239952931641298
29334,69.70870532112635
29335,36.23881645744052
29336,47.35734776568575
29337,23.548269540555342
29338,23.733615285387184
29339,25.005864820274645
29340,13.422293035986726
29341,32.12042641773859
29342,27.173290109813355
29343,24.331950609429928
29344,26.6720851149061
29345,42.89339764782619
29346,34.57140965374562
29347,31.276041414498238
29348,34.18759412622076
29349,31.004014795158476
29350,35.15810183523451
29351,29.900045940001934
29352,36.78208491186506
29353,28.379630522889983
29354,34.08238847927545
29355,29.68580412327195
29356,35.594267960686366
29357,26.555153594592845
29358,29.522400931156085
29359,27.30180680986116
29360,25.965063514951574
29361,25.733892471867556
29362,35.37191396273262
29363,26.314805062452177
29364,27.19615006490402
29365,26.734156866459355
29366,40.57323674578003
29367,26.096725771586737
29368,37.5160331582811
29369,23.151769332003525
29370,26.703323387205074
29371,27.300181919244746
29372,33.54698002169859
29373,34.39181328842108
29374,38.44044198091851
29375,24.852244033686745
29376,27.32093277643259
29377,24.966350648983358
29378,27.17678873080412
29379,31.7393276418115
29380,32.521783366867034
29381,25.86819656147337
29382,26.487430278710445
29383,25.920181453528055
29384,24.570168296468943
29385,25.19658520952312
29386,26.069506353543716
29387,26.335815092711293
29388,23.681803705181576
29389,28.625673790806697
29390,27.400987540897333
29391,23.696736230932686
29392,24.014929792519503
29393,39.21120754222993
29394,24.84665466297635
29395,27.57602381675758
29396,25.28628864433081
29397,26.44648137076246
29398,25.17841529183377
29399,36.567239280663316
29400,36.29627721157184
29401,29.12946261963866
29402,28.36321145610303
29403,25.27304964987573
29404,26.605903083943968
29405,23.679445378015885
29406,18.00162455661978
29407,26.312449096672513
29408,23.28194991323743
29409,27.159518880769504
29410,26.370700536933732
29411,19.99473826711455
29412,27.911725079394834
29413,21.546997176895044
29414,26.648575206293746
29415,26.468393881191698
29416,25.628959197340162
29417,40.730159415651066
29418,32.529889559654656
29419,49.66155459911201
29420,32.241882299233765
29421,39.36239505566603
29422,36.846969014977574
29423,37.82039298247673
29424,45.44009400475821
29425,45.81405336852758
29426,40.32365033092823
29427,31.01111753494592
29428,34.08971578518064
29429,34.26820885122588
29430,29.29524557190607
29431,36.977410491628945
29432,32.44835799565332
29433,35.77178165310535
29434,39.0160316330784
29435,31.34643021360298
29436,41.31215997305644
29437,31.998134671671412
29438,31.12909457226659
29439,40.48429133838915
29440,37.39502177356634
29441,33.422023735766714
29442,39.63129221688443
29443,36.70888327184524
29444,40.645812550430946
29445,32.975072921666914
29446,56.87169219870732
29447,33.3674118946111
29448,33.692497258898385
29449,30.33224853176379
29450,39.84110495773287
29451,31.25038688459491
29452,31.156902195838423
29453,36.59723894711553
29454,36.87293970365789
29455,30.87929612369928
29456,28.49747755623565
29457,33.05967876476969
29458,33.97075908627984
29459,31.811960021874835
29460,38.13562688952958
29461,35.44664475439561
29462,43.17241308046591
29463,34.012608291551985
29464,33.12352078521119
29465,37.216264710008005
29466,38.76918779745694
29467,41.91495472231683
29468,32.31218677643264
29469,33.43636929053268
29470,36.74634148221621
29471,33.452388933782174
29472,32.91614894772884
29473,39.769481851102846
29474,40.555310318280625
29475,52.09663316724165
29476,31.6106598351834
29477,31.65362856657869
29478,42.584567792575264
29479,39.40581563268135
29480,35.32111897016631
29481,33.77430471223106
29482,32.80718164758413
29483,37.38287599927158
29484,42.71226173111613
29485,40.744199185675654
29486,32.35726818839525
29487,33.65478316620578
29488,49.25519787559078
29489,45.53738812240769
29490,32.49677293159086
29491,32.83203301842022
29492,39.20791693165176
29493,30.08083636223286
29494,32.332800773448966
29495,44.9813520717365
29496,32.41094335105239
29497,39.78453805575433
29498,59.63971506522776
29499,30.025802310164874
29500,33.61817081727207
29501,34.340740878169484
29502,37.40947187540069
29503,31.007804233127153
29504,29.57224116541947
29505,34.06253750986767
29506,31.498205021294726
29507,33.24504868302834
29508,67.54824476562109
29509,70.23412928061312
29510,24.70520791208765
29511,29.375086929904292
29512,29.113230729080414
29513,28.30249267485739
29514,25.858778852848353
29515,71.7025240489884
29516,27.352423059973585
29517,26.525680131779755
29518,31.241467464051347
29519,32.5703617054614
29520,23.464293642016194
29521,4.269427302564639
29522,36.4942701104951
29523,40.09785639681221
29524,49.7715399284639
29525,40.38217156517688
29526,27.368181781744475
29527,28.281147250820897
29528,26.31012510071378
29529,22.910075433498527
29530,25.75719554710568
29531,31.465805952192618
29532,23.797110458897937
29533,36.69759260599708
29534,33.75742129795642
29535,38.19678863659613
29536,64.79589497676062
29537,28.65391195967952
29538,30.331870014887514
29539,27.770040362746066
29540,28.80723078703377
29541,29.729938759087666
29542,57.130626870299416
29543,32.79427469661067
29544,27.114855808509216
29545,30.951655865281463
29546,36.98833457922343
29547,40.33345375635012
29548,40.762994868129596
29549,42.08629121443914
29550,26.24947384226822
29551,28.48059838781417
29552,74.40396630908907
29553,24.998903437119964
29554,28.350242166646904
29555,29.119698508867344
29556,28.252794964600174
29557,31.697645462422408
29558,25.66329949768247
29559,29.91737672050089
29560,28.54961377560523
29561,31.56484124103544
29562,26.78656953104447
29563,30.382930031089174
29564,32.17523905123939
29565,26.79018647988353
29566,31.19282766802784
29567,52.743298225162334
29568,32.03041630112475
29569,25.638828648599855
29570,23.610674064906426
29571,28.933877467282947
29572,30.00773480497364
29573,27.636304819745824
29574,26.34221420500155
29575,27.0799416381656
29576,26.791744885639336
29577,25.452934519743494
29578,34.767525083726994
29579,25.053965592269822
29580,25.635047969684628
29581,47.969536746990045
29582,31.500683495003514
29583,25.74307033266013
29584,28.341657458739157
29585,23.837045193206322
29586,33.42798302363355
29587,13.094103293658568
29588,29.39167158491735
29589,26.629975454147313
29590,24.968353638718426
29591,20.22972245471765
29592,26.5123269401998
29593,39.21710030058246
29594,26.762316719683117
29595,29.562763910848084
29596,24.25920048778089
29597,19.6027800138214
29598,35.74857512844113
29599,34.76736204100359
29600,40.13039684184521
29601,28.68813546030177
29602,29.16438069273265
29603,15.425947566518866
29604,41.616504376650894
29605,33.53706157641769
29606,45.6033519883578
29607,64.00037051144206
29608,62.767846117202744
29609,60.63563808273946
29610,62.62500820771063
29611,64.15455457695084
29612,34.64994895707986
29613,78.23703901425806
29614,52.42367119815069
29615,35.68972215138103
29616,29.776862543966296
29617,32.054892585531746
29618,35.93217814030859
29619,39.322116923914706
29620,70.68664444504388
29621,35.921176637014106
29622,60.07945143087749
29623,57.764839928882914
29624,30.176708481658803
29625,53.08452611388602
29626,33.447968561286295
29627,40.00972609178155
29628,47.84310638627768
29629,66.45272359395
29630,41.748402521600184
29631,68.95225101401357
29632,52.408392175366906
29633,49.2821095118043
29634,33.7007217549293
29635,71.66927807535043
29636,38.93999475087165
29637,34.48573770531611
29638,37.24999120547584
29639,69.72433063528717
29640,45.68615056350038
29641,64.04960021232704
29642,80.91679108550795
29643,35.74235564289141
29644,34.80813063189357
29645,75.72873878140717
29646,38.35513171197239
29647,51.86309741305373
29648,36.67234076804494
29649,83.42967890960514
29650,56.4616995434359
29651,72.10771507919398
29652,62.3369030250448
29653,35.26326697363107
29654,65.9253208681772
29655,32.99521883390467
29656,38.6106368826032
29657,32.61493308562275
29658,38.13524810220055
29659,32.22955212582648
29660,39.5787527451955
29661,29.67264126555856
29662,31.15442495624793
29663,35.6247663050835
29664,34.716764708458015
29665,45.05930034627902
29666,62.990284911464016
29667,51.78997978328857
29668,49.208766319371506
29669,50.5573665684159
29670,52.341724854365346
29671,50.78857924349363
29672,40.836193823795284
29673,39.77904737735221
29674,60.710715690912735
29675,54.24243588178567
29676,61.04374795352758
29677,59.598779257307854
29678,61.63622384408781
29679,52.47457282256137
29680,61.08566224940083
29681,53.62517708127305
29682,64.89328560076035
29683,61.15324957469383
29684,60.90370863579018
29685,60.943877822425414
29686,37.13667650879646
29687,63.53027104996666
29688,48.699736144482074
29689,48.76825026339218
29690,53.628019629777185
29691,51.1087853067807
29692,53.27046082767112
29693,62.63851898550429
29694,51.61788023947501
29695,6.969284515316792
29696,37.92359077667149
29697,51.95174072451018
29698,55.353791725101516
29699,44.90693586931043
29700,38.09724566389448
29701,60.17920226478003
29702,46.44775913538099
29703,32.57270770581915
29704,54.13429988827618
29705,38.4289709802606
29706,42.03728228285498
29707,38.2611563069718
29708,44.39325897655094
29709,40.76721832472043
29710,43.83443749174266
29711,45.64406306145364
29712,40.30515952246013
29713,38.841701529053076
29714,52.22598418622078
29715,46.319561882962546
29716,52.537765075054885
29717,36.16432259519001
29718,38.04368464838074
29719,42.214608428809164
29720,47.11791728112925
29721,36.318647394239576
29722,33.68312024159131
29723,46.90920143282218
29724,41.882684605663854
29725,49.650446651295006
29726,40.853352681862376
29727,38.240599593398386
29728,39.23759354449126
29729,35.77693936510603
29730,38.038446422922625
29731,36.71311333706879
29732,41.300962156891636
29733,40.231369831614984
29734,37.70423736746226
29735,44.673028843352
29736,36.25169805147152
29737,35.60196601112904
29738,41.101479926461565
29739,42.03743576033365
29740,36.668884166093136
29741,47.46572801932849
29742,41.70893645880593
29743,43.180311277188274
29744,45.604723851120475
29745,36.72749431679804
29746,38.688822315182314
29747,36.77370849030064
29748,31.6997746743798
29749,40.166841841152866
29750,44.167881158981686
29751,36.59929960278744
29752,37.79285466802362
29753,27.343021986279666
29754,39.06979254339883
29755,46.386290451679855
29756,38.434461170186616
29757,36.979101594513736
29758,48.588576736427434
29759,43.52227032115653
29760,43.5362128226963
29761,38.626741871922235
29762,40.09045676842422
29763,47.38690451556839
29764,36.585217026304214
29765,24.318422817389436
29766,35.121783509373344
29767,28.645996888965314
29768,27.23003079438237
29769,23.98890644749083
29770,35.75160759159819
29771,25.9644345874227
29772,28.633780605946665
29773,27.452774375694062
29774,33.78033783792954
29775,79.85654845514429
29776,37.93091743494161
29777,34.560016166868614
29778,41.433103584628356
29779,35.89258077294765
29780,69.27766165787565
29781,32.94301416934524
29782,32.48059229655175
29783,31.868194868766672
29784,38.86010866983241
29785,65.64417110817647
29786,45.19765170428692
29787,20.0062833880319
29788,43.5541297756118
29789,35.19917009270957
29790,54.37604287243392
29791,39.24703177181651
29792,37.34169018152048
29793,35.678798406666296
29794,51.857221347452246
29795,58.923208715017196
29796,49.96945546546176
29797,38.52126857433334
29798,79.10697684773189
29799,37.41611397973514
29800,36.8611233712615
29801,28.039655386872017
29802,32.523019245791815
29803,42.84315807163055
29804,55.624096102886675
29805,31.605443485195437
29806,49.19713041277761
29807,53.13518296129399
29808,34.28781078654144
29809,33.20876578887661
29810,30.898904367036728
29811,36.348673621456356
29812,35.14349834985769
29813,48.861847477853296
29814,37.13605065278098
29815,49.958680656259546
29816,60.53049562988157
29817,33.88020437831459
29818,33.42329540765818
29819,54.21005567696353
29820,34.63800615025375
29821,41.81193620839759
29822,33.0609286870512
29823,50.02137483897249
29824,63.55029086029222
29825,43.01182530541475
29826,38.1736187413012
29827,24.714444456287858
29828,26.56430359461622
29829,50.20181163702483
29830,35.17784057205884
29831,61.67337676626814
29832,30.409674663806243
29833,33.80417371302202
29834,37.262059528567384
29835,38.17686404106459
29836,48.68119637398143
29837,31.621695894474783
29838,38.467081639362235
29839,37.31273054545545
29840,36.32052096793429
29841,33.91309310892783
29842,34.983646010972265
29843,34.45100871141
29844,37.78945639453995
29845,30.209627099075114
29846,41.42673582187993
29847,39.173893183385644
29848,38.22791812670492
29849,35.772174907295636
29850,35.93047144004527
29851,33.28582669844672
29852,27.603387560199693
29853,37.631851905310675
29854,34.3285108997917
29855,31.05746492346704
29856,39.45327457680928
29857,33.03736504809416
29858,34.30090772761238
29859,31.22806089597328
29860,28.089877049780892
29861,28.693770594349157
29862,33.8773100093195
29863,27.371582814354735
29864,17.293519623515323
29865,28.301602264787093
29866,29.51272479909828
29867,34.65810881000493
29868,29.518140040313828
29869,34.024107870625436
29870,33.542055542797414
29871,22.716316764329175
29872,37.00825206399671
29873,37.97380967887095
29874,33.53801875388814
29875,27.149101230600262
29876,35.95381005718744
29877,39.22559294888737
29878,25.440028081449462
29879,36.23974751733612
29880,37.30608291711612
29881,30.771440214163864
29882,34.59080154991288
29883,34.47849569803749
29884,25.718284616402464
29885,38.5376816208491
29886,26.875055353044324
29887,35.40628448028928
29888,33.025294469865074
29889,26.634958057204223
29890,36.02828123937133
29891,31.232670186008555
29892,32.454291709896324
29893,40.68055393708352
29894,38.97483749642095
29895,30.081059116214874
29896,38.90938824020564
29897,32.250036664687826
29898,35.04692446683167
29899,29.198685615086518
29900,27.831956996840887
29901,32.96944084915343
29902,31.14612678713469
29903,35.2479779680139
29904,34.73873350939345
29905,37.43961602782474
29906,35.47314160087218
29907,38.60607363353775
29908,37.64614357945404
29909,20.36670090145808
29910,32.58433433825697
29911,34.942558023915524
29912,33.61343127964723
29913,37.16378178790818
29914,31.74478132630366
29915,40.76475670453346
29916,35.4166548234051
29917,36.66939580002685
29918,22.619883331977494
29919,40.282439647788976
29920,36.77953057704341
29921,40.21429953163921
29922,35.16645970354877
29923,38.267007451690475
29924,31.75293423718687
29925,28.034747238160776
29926,36.623561292090784
29927,25.829135316334636
29928,36.79864095831101
29929,38.61802536269061
29930,34.73080431306515
29931,39.48433456712211
29932,39.619063616485924
29933,38.481021419849654
29934,30.945107602256627
29935,30.09750597425169
29936,38.597172883003566
29937,30.406351158697973
29938,31.120895367224303
29939,36.28258272274907
29940,39.06112908023021
29941,64.57019395858231
29942,34.51814000917484
29943,49.55674035679991
29944,31.912090892031912
29945,46.24898886302006
29946,33.00912624628408
29947,58.183292003890784
29948,29.842441004851327
29949,34.323075316141214
29950,76.10212327139715
29951,32.298059705791864
29952,51.31247600792888
29953,32.768798451677085
29954,32.48649145233853
29955,36.06740135183131
29956,50.649492024622106
29957,79.16300987287582
29958,31.088291403606817
29959,40.37989780543281
29960,54.646702387474306
29961,34.73282135091277
29962,51.86102448470781
29963,25.992918953800338
29964,48.95194197777315
29965,36.17063799222551
29966,29.94903623395769
29967,37.44033453697624
29968,31.950436365632626
29969,33.05840450782004
29970,33.87651444792653
29971,38.09767058643356
29972,28.622830791908655
29973,25.02953836748766
29974,45.14790036043388
29975,31.700691050420758
29976,76.37245537148965
29977,30.00287674367036
29978,40.56994053642991
29979,31.555197469215603
29980,61.59602044542166
29981,34.14413817929942
29982,33.39348159465389
29983,35.135521447567896
29984,47.95376568705655
29985,55.73303375379139
29986,36.80481574002852
29987,38.464848201642035
29988,66.24909787487005
29989,53.01681624450343
29990,57.213046103676064
29991,36.3819420666813
29992,36.13485013121802
29993,46.19757185309967
29994,35.01259585061473
29995,70.4370279867732
29996,37.002335872696165
29997,26.411688300651278
29998,29.85026366388447
29999,43.26345038844566
30000,66.57547891978288
30001,68.69192102683816
30002,34.84606008669433
30003,50.45662096977655
30004,37.79323480686915
30005,34.99166066788414
30006,18.281196141581763
30007,61.864254238272196
30008,37.91166527431548
30009,40.33154877672856
30010,35.84988678024252
30011,53.01256758158115
30012,62.16500388014466
30013,51.7341436886629
30014,35.533796848004236
30015,19.75214261073664
30016,36.21497573308931
30017,33.086810826913855
30018,28.912360971204144
30019,38.682258363801665
30020,51.00086540815984
30021,39.26165481554341
30022,51.00252304848179
30023,30.543147517828643
30024,40.145884842085025
30025,39.7116188450727
30026,34.086632379669226
30027,38.6656774146582
30028,60.09951248442159
30029,38.30910491959543
30030,48.369106742553974
30031,36.249483586142645
30032,34.04199920028844
30033,48.77385156153894
30034,59.175894325485004
30035,36.49110179651574
30036,32.049345653315726
30037,38.02171309693997
30038,42.0240975918458
30039,38.26686901017437
30040,36.797239503209695
30041,73.24515878052138
30042,53.76349251290996
30043,40.45439355944572
30044,46.0040916836948
30045,39.615877164429435
30046,38.05491527052346
30047,36.1105484788126
30048,37.618355524025546
30049,34.85428149992771
30050,48.8567596140038
30051,51.40465521134705
30052,47.415535102548276
30053,37.65417449296819
30054,48.20908982112333
30055,38.01706902433375
30056,35.510898165561606
30057,71.49759135484985
30058,44.15392276350206
30059,35.89158943740446
30060,47.262224521653025
30061,31.806426700320188
30062,69.24802316750917
30063,61.72689589981843
30064,29.263479146410624
30065,30.1034106354067
30066,37.080722532257454
30067,32.00448732166741
30068,34.37708956421304
30069,12.37648149936498
30070,37.017781074627116
30071,39.66731124527584
30072,63.12953126267513
30073,60.14128894025622
30074,26.861863522440444
30075,67.05307646824994
30076,46.84535925389517
30077,44.13857662311643
30078,30.38296641928941
30079,31.18111046614031
30080,27.975115484462822
30081,31.054575830874516
30082,34.7229880027469
30083,39.10101428213538
30084,32.737042070246034
30085,60.87094585611653
30086,33.14212410594641
30087,27.369493332083078
30088,39.39843626772706
30089,29.61616359084558
30090,57.19857678070063
30091,41.415774311739085
30092,63.52382269687797
30093,28.4134868008722
30094,32.705595172556144
30095,65.99718486994627
30096,41.44087312557418
30097,37.40004491162958
30098,36.901120269359524
30099,23.714504265080638
30100,31.63447917731066
30101,28.670335617231352
30102,34.42800532582608
30103,32.18685741548194
30104,37.093646513547796
30105,37.517990095050905
30106,41.18342945706547
30107,27.135277175606277
30108,11.572112189904527
30109,38.090610944040534
30110,37.02189737964448
30111,30.598396265584395
30112,32.99009004638677
30113,28.986974906098073
30114,42.87128651189847
30115,31.177726557223803
30116,33.26204667551459
30117,46.94267129554197
30118,31.09777792538391
30119,33.76762759133838
30120,49.56868342439401
30121,39.870716452362515
30122,36.24954615691542
30123,38.31644861142412
30124,40.076573757888276
30125,32.98842743735938
30126,26.354089952102886
30127,31.73811425928266
30128,40.175290924826925
30129,31.35617819656098
30130,39.53521674446938
30131,36.78241493696876
30132,29.296205527865204
30133,36.36248430377546
30134,40.104812985101105
30135,36.0684226224257
30136,29.2516173763424
30137,37.29996731847881
30138,28.987936377836014
30139,32.008084123905775
30140,44.90576046103733
30141,28.504700337802788
30142,35.26149986668211
30143,34.877273982513046
30144,32.90323024569841
30145,29.311130911359015
30146,38.158121040902685
30147,35.92232883761823
30148,28.117749310504315
30149,30.530706086346907
30150,37.66511261551516
30151,28.815097417265058
30152,30.31399662253969
30153,24.991228265808285
30154,33.63333916740238
30155,29.146581327525478
30156,31.682127954890756
30157,38.79471594136668
30158,44.48603230504812
30159,30.60113036366492
30160,27.78390380944341
30161,2.383799500280496
30162,7.463418690511666
30163,36.464524775828735
30164,47.77850192231011
30165,35.8914633687072
30166,25.179473405395264
30167,51.3898602854021
30168,40.58349600803466
30169,40.1383033069387
30170,38.84703806691967
30171,39.942537991593994
30172,31.96777733511344
30173,27.81732528560888
30174,39.15365625585877
30175,44.47889032263456
30176,29.892031545206866
30177,41.99572696837297
30178,39.445831424191525
30179,44.450720137805945
30180,2.678293824913875
30181,38.37844341173026
30182,47.681824402731976
30183,34.36684987261305
30184,41.211635441571346
30185,26.958501817198137
30186,32.47443798073478
30187,40.534015243445715
30188,29.16054109163686
30189,43.64437469552839
30190,4.767390529296445
30191,44.71446959219019
30192,37.43783570426099
30193,24.50040796429308
30194,46.417969443486356
30195,34.722233545658824
30196,68.12654293223542
30197,90.01923974795591
30198,85.16257177699633
30199,87.02026665685332
30200,23.56721746257701
30201,90.0343131135308
30202,86.90727880485227
30203,89.99662327052258
30204,89.16985825621703
30205,38.18800728012424
30206,88.0354358105501
30207,90.45245462238282
30208,35.59213220630561
30209,89.08048670756006
30210,89.55216049311059
30211,23.053145357608194
30212,81.69606455381489
30213,22.461457169557477
30214,77.4890595839798
30215,87.0536706816822
30216,82.2434785234126
30217,19.955504522570813
30218,86.44825914861659
30219,79.42628562897596
30220,20.579360877997033
30221,86.45455661269118
30222,50.920565572903804
30223,87.28584275897367
30224,19.12888340446279
30225,79.3908608740247
30226,86.30746556773813
30227,50.93533369250911
30228,17.57082080123894
30229,85.47280252897214
30230,37.61847074610017
30231,85.9431717444563
30232,80.79421326457069
30233,20.849134715803
30234,77.5645960961291
30235,73.94318180916869
30236,20.49590862554649
30237,86.59960735424315
30238,45.556719336634316
30239,76.40510984630112
30240,22.190544799590604
30241,82.84809048927578
30242,83.37632433879179
30243,12.426229005906723
30244,86.45941009218411
30245,78.73293545668461
30246,15.777024856783925
30247,84.93116466363557
30248,85.45935790463264
30249,33.737285814995076
30250,84.03017160837999
30251,32.815478996731535
30252,77.42329292570783
30253,85.6407021866471
30254,38.039768170830634
30255,84.56738261614885
30256,84.10554101610973
30257,21.943705896250645
30258,81.54867906424543
30259,83.68445596846416
30260,15.018459239301077
30261,81.71071650676441
30262,80.5329393194638
30263,33.386756878332385
30264,76.84105501535483
30265,83.90897364194058
30266,28.925299023221736
30267,78.77085570470535
30268,82.86867272687965
30269,15.865364495845272
30270,83.1349364623226
30271,12.317296768918375
30272,22.120170194992713
30273,69.53477081943501
30274,67.81092134676469
30275,22.913163992373498
30276,61.00856465481269
30277,63.43598642896069
30278,21.282729939614303
30279,56.25611843823809
30280,36.55269554735877
30281,59.80322827568576
30282,77.47194169584121
30283,35.3935729864707
30284,62.54402333092738
30285,61.78715934657766
30286,24.26511040015548
30287,73.06829030252099
30288,80.52667271061256
30289,24.153272411898186
30290,68.1240898820734
30291,63.67897790994967
30292,70.55452932801913
30293,38.557486344378994
30294,38.38028254077026
30295,47.06434654791633
30296,37.60304996522928
30297,75.28483475590713
30298,61.69474242400757
30299,45.81330009966541
30300,70.86679259489736
30301,43.287177133654055
30302,46.57159709086826
30303,38.826953960237546
30304,69.25638838504015
30305,46.24637817478308
30306,35.942785311085764
30307,77.60302366536838
30308,73.7617052622144
30309,34.345903270366804
30310,71.38465207235515
30311,39.46024771589425
30312,36.25799383981458
30313,79.39786174965857
30314,38.964092286788365
30315,31.16607623778778
30316,34.3052227718578
30317,38.45856634322635
30318,43.16041480817165
30319,36.322571099039955
30320,42.243788010088565
30321,55.48326700370815
30322,80.3448191191822
30323,56.25597212803186
30324,35.60560574376906
30325,37.227093552841396
30326,36.68167091496529
30327,31.520371388789
30328,37.233643057371175
30329,42.65119094621676
30330,42.398392002640634
30331,52.352308276087385
30332,39.046760577275464
30333,40.30698603806747
30334,39.22031260758182
30335,32.041100334510844
30336,50.929372445987184
30337,83.94838388159722
30338,51.018971826956296
30339,35.021254398753136
30340,38.24113407751198
30341,35.6156502050243
30342,36.334605682038706
30343,38.09749256639582
30344,49.18184158356057
30345,39.66771917677811
30346,37.69172656955343
30347,38.41073893225671
30348,39.358938585128264
30349,59.1775008418422
30350,40.331381523476196
30351,50.096262149778156
30352,36.787086150542606
30353,36.217659480285064
30354,38.21094716238758
30355,37.339559055902384
30356,40.363158534062485
30357,39.491969201552315
30358,37.970648426376584
30359,36.75917107995187
30360,35.98215614006686
30361,41.571872039291364
30362,37.821330403032675
30363,70.02220222431089
30364,69.99331168513437
30365,38.55846337766073
30366,58.46239154663955
30367,37.76958044567852
30368,48.33984433087116
30369,77.96308423173761
30370,39.52274027044479
30371,69.31629689143615
30372,37.59108112998469
30373,36.98924476732219
30374,32.637324989881016
30375,39.46026894323403
30376,34.889531070309815
30377,33.65674686195655
30378,79.97992970703018
30379,38.069429730975195
30380,40.512073107467586
30381,18.736027620881096
30382,36.07458549211911
30383,33.84018891573358
30384,36.17039529413249
30385,41.71100323037096
30386,78.9827605613754
30387,83.6876001274041
30388,86.06250827837759
30389,69.10807658847892
30390,38.89899173663784
30391,35.979175887491394
30392,68.59045630602259
30393,51.05138342600672
30394,67.5795103193116
30395,80.18860871472151
30396,73.45102591004124
30397,35.864353913689186
30398,69.40525515215973
30399,75.91965610225562
30400,51.62974052963736
30401,37.497955481628736
30402,65.90798461737594
30403,44.74718739878024
30404,25.671978549055137
30405,32.09927319955916
30406,76.73187586284335
30407,73.65169077418436
30408,54.456274128897164
30409,69.09032624104402
30410,44.42509980948502
30411,35.72286924280917
30412,63.08268514846617
30413,44.12949051780782
30414,74.21771351464324
30415,24.950181073354486
30416,67.00478634677557
30417,69.27333923018838
30418,72.64978304194672
30419,66.88028340416489
30420,32.049221661108234
30421,40.69075385345877
30422,49.85660962865841
30423,86.11017978227356
30424,73.80470716088148
30425,40.31789888011192
30426,44.322491645095454
30427,69.144139222
30428,83.1210711377
30429,38.368737181389506
30430,31.462998076775527
30431,32.29843306234891
30432,65.3804152471052
30433,26.54217693156065
30434,28.912905465665688
30435,54.29874434785871
30436,65.79341348196986
30437,58.64687669642236
30438,68.26666311133329
30439,70.43310718470921
30440,50.31338250511103
30441,58.70861086786382
30442,63.97576958778912
30443,35.43219912842328
30444,69.53233266881008
30445,42.015252031789565
30446,71.3189395910339
30447,70.93284553205706
30448,70.10972177981935
30449,69.9423772022995
30450,76.71608462912121
30451,71.58601946393345
30452,61.31994800287171
30453,68.2333069619861
30454,69.4690138856383
30455,29.748226068672643
30456,71.628154122213
30457,55.59193780794395
30458,68.45400391342547
30459,65.38654529472547
30460,66.92628446689898
30461,74.45517869217049
30462,38.62342269940886
30463,67.61039809359363
30464,72.52619915562607
30465,37.21256465640174
30466,69.60873831846057
30467,69.12745878870912
30468,74.87977103669382
30469,35.61704837818638
30470,65.60854509179109
30471,41.06567301631502
30472,29.16700011538581
30473,39.07344020628422
30474,51.3446747823286
30475,26.58345553212724
30476,25.921325037896594
30477,33.614399051920856
30478,34.02103742357674
30479,39.74535964165003
30480,28.34103167957086
30481,26.49189375706461
30482,26.66373687218836
30483,41.84682706772753
30484,57.3422267817422
30485,28.224661460529436
30486,48.394930236453526
30487,36.081718079465034
30488,27.48368705965013
30489,30.469188493248083
30490,28.08136084837388
30491,27.73624116970612
30492,30.15266827452195
30493,26.97948932960382
30494,32.15774860637755
30495,40.40352362651079
30496,27.474863213551394
30497,34.75536652577904
30498,30.510137304945488
30499,39.328789636568914
30500,34.59603984267229
30501,45.98505070646884
30502,32.147948753097964
30503,27.774160633212464
30504,40.17489543506169
30505,41.510105136526136
30506,34.141179143534586
30507,44.17995444131832
30508,34.08757097818798
30509,39.105779717560026
30510,36.19145968926402
30511,36.4769394283157
30512,38.55824697285427
30513,36.18066184526812
30514,39.88335266642753
30515,38.22105840259195
30516,36.64040702630101
30517,40.58978451737383
30518,33.42929566767329
30519,36.14498628918808
30520,35.02431683560745
30521,55.845966735452734
30522,51.313489455148925
30523,41.077567970081944
30524,38.470642068646
30525,38.63434150489303
30526,37.58143311579819
30527,30.321119734551097
30528,38.25792627848833
30529,37.249643644545756
30530,75.3728075605733
30531,51.63424517015645
30532,38.47336087799194
30533,50.82760226608223
30534,38.467053759978214
30535,39.32236865438148
30536,39.46364223533213
30537,40.862611173293644
30538,39.10504223405188
30539,60.922465396788986
30540,40.89339429002651
30541,46.32172088180849
30542,40.94077622377985
30543,37.23600066446378
30544,39.34980032737934
30545,35.39867129714152
30546,42.01596547162638
30547,42.995328033386
30548,31.639998887256112
30549,39.48805146433152
30550,36.7799668005751
30551,34.17010700396968
30552,31.979665788841256
30553,36.75400326944602
30554,34.54908776298265
30555,35.963157852989625
30556,40.09071420839158
30557,33.834826280830626
30558,31.967882248588836
30559,34.47055486979271
30560,39.398780510122734
30561,35.837327978755035
30562,38.87557222615368
30563,34.653281457394556
30564,34.576485827106154
30565,41.26112786396523
30566,31.32626967005949
30567,33.93674324973212
30568,32.236657471428174
30569,33.223968426331744
30570,28.27605975100891
30571,46.071229512201434
30572,59.25231771699054
30573,41.70348606645661
30574,42.878589913185365
30575,31.954276257092005
30576,30.55491468898491
30577,43.688061749051585
30578,44.506534051234105
30579,33.571313483931576
30580,29.8560358886839
30581,41.87351882145082
30582,30.70120181349202
30583,40.14809910036467
30584,43.212915245446226
30585,39.62931033746027
30586,36.50990118553502
30587,29.689198522669834
30588,38.42878562286678
30589,26.14690069686718
30590,38.717064201980406
30591,65.20635155378098
30592,31.695284618868108
30593,30.454030691418982
30594,29.17274588657679
30595,32.86096312503233
30596,37.066917568837425
30597,30.567973770139403
30598,29.43924749256793
30599,40.40649752007138
30600,30.08149361605647
30601,32.510219306872315
30602,34.145425061567515
30603,30.19268000881413
30604,34.236260917879704
30605,31.96809695064514
30606,44.95855562200628
30607,31.417270339258593
30608,34.843086683297535
30609,37.56383736867728
30610,29.848094051623647
30611,63.78140949445819
30612,30.431934740129037
30613,32.11411156936395
30614,34.6744828254503
30615,29.788031483022205
30616,28.510611012537424
30617,41.28775260774324
30618,47.16171274866859
30619,26.81334140401326
30620,63.00979743518478
30621,42.348076739004476
30622,65.46432709863208
30623,41.171562528854
30624,65.75957875468656
30625,42.899499720179946
30626,66.26706492785769
30627,54.321407265805675
30628,72.2490605766318
30629,78.5595737989182
30630,56.993103659618214
30631,36.55039798228931
30632,62.547997160744416
30633,52.463260093592254
30634,37.70148376267869
30635,33.97063595403511
30636,38.30896417195689
30637,70.42029188452666
30638,68.67916126010641
30639,66.9395872413909
30640,40.633861338393736
30641,63.343845454663445
30642,39.979287477330196
30643,46.713702157873016
30644,48.863670803446496
30645,37.11697525199731
30646,68.50221038560024
30647,22.860400473392314
30648,74.3358348635755
30649,51.63460964097749
30650,58.386140113454616
30651,36.58948124186265
30652,40.18805701826229
30653,43.971064558287985
30654,53.17546925292689
30655,45.32848501107199
30656,68.93239054436762
30657,68.86022093456262
30658,38.12722631916906
30659,75.11846357300772
30660,35.73188650736377
30661,67.52930298092076
30662,67.0415659508797
30663,33.71130617709362
30664,41.24380431204104
30665,66.32505991308177
30666,40.180473491229584
30667,45.6637841669263
30668,65.65998025887617
30669,60.3809395064706
30670,47.15900772343764
30671,37.69740961555402
30672,72.8215122590658
30673,72.22828567614098
30674,62.051614389022255
30675,59.773451855461296
30676,60.929913095463434
30677,65.40389888035988
30678,69.70870532112635
30679,70.862725541065
30680,75.07330753922608
30681,70.45972661726242
30682,73.12639076339737
30683,45.83740038271813
30684,57.62355275700814
30685,45.14349666347705
30686,43.81977130535685
30687,67.18059692376707
30688,42.981377961044714
30689,37.917515110562775
30690,64.15523342626084
30691,64.38912989618534
30692,34.64303533884911
30693,62.667407773740315
30694,31.009558505644144
30695,53.888557067453746
30696,61.842362122347964
30697,41.52657029937731
30698,38.74902139136963
30699,48.18432912283069
30700,67.74462266110251
30701,38.23397732316528
30702,39.530524608517
30703,37.77684446299609
30704,38.199145539589104
30705,45.08893198065459
30706,43.40300181930702
30707,43.06452569591688
30708,42.97485413444251
30709,65.95597942461862
30710,39.83366831116275
30711,36.47014768051361
30712,39.995826829611275
30713,54.91544947800918
30714,43.96876950535701
30715,57.03471529204565
30716,13.672868992954573
30717,38.552084366497795
30718,35.452473869685036
30719,23.647221423396644
30720,33.82399502176129
30721,30.671918073710454
30722,35.53080541047041
30723,57.40881436050705
30724,51.31111389946831
30725,45.78305455570546
30726,29.576668529788975
30727,29.0781106810105
30728,59.76461807589818
30729,55.03999014215084
30730,59.190358200003445
30731,29.04474743697268
30732,37.66575000544704
30733,30.75800479358916
30734,39.916023577496986
30735,33.20099099787582
30736,65.2285264970204
30737,42.36463818374
30738,37.77763644785787
30739,30.911577873451428
30740,38.52219681907219
30741,33.08309545070831
30742,41.977097348422305
30743,30.61378212095109
30744,64.53379073552492
30745,47.59927331845201
30746,43.26513419152539
30747,32.89174672364806
30748,42.135963824292155
30749,56.15078929582661
30750,28.834396499176574
30751,40.87244700830266
30752,27.837852309654238
30753,33.50836601016108
30754,29.32044718262705
30755,28.17335672340672
30756,30.23337912558904
30757,32.2713536972928
30758,46.251529714340855
30759,38.45026982681554
30760,7.804265792369527
30761,45.29431441059252
30762,28.4690372827693
30763,33.22071347446257
30764,31.58718092679602
30765,35.78961712724616
30766,34.82176287626499
30767,37.977690711599976
30768,47.29447236098153
30769,33.191100869562646
30770,34.18641847438534
30771,35.57091004546526
30772,44.16779900162453
30773,27.86179699564431
30774,34.51940509961702
30775,30.2523499957313
30776,47.07874021874691
30777,66.92513099768595
30778,35.911339184755015
30779,51.77106731017141
30780,37.64391395873223
30781,11.048592662911853
30782,40.27863173980057
30783,40.393490813292395
30784,50.76873510737458
30785,28.110686110636486
30786,48.662149261956436
30787,39.712497137764785
30788,46.384024630529346
30789,31.359853416706905
30790,53.266700992331856
30791,53.31033245831543
30792,50.50790586468905
30793,38.51851664408616
30794,69.43180018478289
30795,36.006788039582005
30796,37.795630514792954
30797,35.170611610608546
30798,28.061207730003733
30799,37.352669470643924
30800,29.213897128446433
30801,38.88489333875835
30802,38.125329449644255
30803,39.27891525111416
30804,33.38394363975192
30805,17.86923204604596
30806,28.118124490944588
30807,34.28220734295366
30808,26.904810622588247
30809,35.721678644684154
30810,28.65754122779108
30811,37.3889071779289
30812,30.70781787464217
30813,34.313042893320514
30814,33.84224544459755
30815,32.337757393308536
30816,32.672465774428474
30817,36.38029910932785
30818,27.41126744160646
30819,29.813702563364362
30820,28.42836862877995
30821,32.85134726815846
30822,32.07579447919799
30823,35.00582043251666
30824,35.51728490760386
30825,31.743595136588013
30826,65.96547609246224
30827,34.63245691224639
30828,36.68347117553126
30829,35.04141533664816
30830,34.46268705876892
30831,31.03049950330942
30832,27.020639827482487
30833,33.70092010983737
30834,32.15227972130277
30835,37.82634184212496
30836,33.564309860993646
30837,33.97032046052661
30838,27.84157650104957
30839,28.92860697297614
30840,29.77766978497612
30841,36.6916855988675
30842,31.152579970985087
30843,33.85289322910489
30844,74.07307948887636
30845,39.80710709246986
30846,37.05445123576456
30847,80.52861865264845
30848,33.961598565036
30849,37.595436711796815
30850,43.03409516359457
30851,39.57802194236963
30852,4.0977727201401555
30853,31.83879911168951
30854,46.49856366170437
30855,43.008082048253904
30856,68.37969996781149
30857,38.2803331705681
30858,42.87867265665007
30859,27.67069420353883
30860,3.68068684860779
30861,13.422293035986726
30862,68.38787301557994
30863,52.72755637707353
30864,30.9261964105728
30865,67.32789079124306
30866,55.33335199653281
30867,44.144264773017824
30868,41.027940112145245
30869,41.718464470586795
30870,69.20416680691162
30871,65.5123011877217
30872,63.540056744166336
30873,63.57368565051095
30874,45.330636856293594
30875,62.592035624441294
30876,57.884208609179396
30877,40.59719398101328
30878,14.5542090559596
30879,35.190922045066415
30880,28.35178862610536
30881,29.97401766656312
30882,28.16597963067226
30883,24.54867591041194
30884,35.573381472882446
30885,28.579393203213385
30886,28.208471820235673
30887,56.63243626196395
30888,29.63718282663288
30889,62.50748181532289
30890,34.4345214928941
30891,32.66000123843203
30892,25.168368165726626
30893,31.1999807151341
30894,25.86205952512131
30895,26.3196278795565
30896,26.087139959377552
30897,26.2959067631851
30898,35.69327867687945
30899,37.16321319811806
30900,33.579149610682315
30901,31.086443190483628
30902,57.29171812443822
30903,45.56832076189166
30904,29.1272191151154
30905,32.996510687064635
30906,33.12396911392755
30907,38.286657929654694
30908,36.29495618532505
30909,27.525266603405324
30910,26.710371455581647
30911,68.97327546376788
30912,30.278919292394296
30913,60.00909665242873
30914,27.3965992124753
30915,30.65678817347111
30916,72.75021345168064
30917,25.810332079817975
30918,24.424801765288024
30919,29.460292710739104
30920,30.68212178535788
30921,4.105564018575702
30922,25.521804117700142
30923,22.123705663879516
30924,31.072953535030027
30925,64.21084922293748
30926,29.454235783001206
30927,69.15388645212836
30928,36.22538048833741
30929,68.28949771116942
30930,73.6448213866299
30931,38.14638946280323
30932,24.122465819310268
30933,28.400803802498643
30934,26.36818476144582
30935,41.760528863530126
30936,33.43435944384389
30937,52.23496439525433
30938,38.59712861400267
30939,59.47881686296094
30940,2.6876323262738957
30941,6.050339409496674
30942,38.740835781147844
30943,14.497103010445631
30944,6.620215136280497
30945,27.525501197489632
30946,27.788968649453047
30947,4.73178937529396
30948,27.847613549517952
30949,30.36112142955042
30950,50.771723714973355
30951,41.41907164762269
30952,30.276285772179342
30953,7.639785694347876
30954,31.90296006192951
30955,5.915755385280891
30956,53.59972624666665
30957,26.35613438347414
30958,9.066249870847876
30959,4.010181553356703
30960,32.80620541081188
30961,28.786912369743266
30962,32.81450311255904
30963,32.166876563540455
30964,64.43954080101896
30965,37.45009190419337
30966,30.51677109601733
30967,33.04600117166583
30968,36.511509625985035
30969,35.753812672675046
30970,35.83971639819871
30971,34.1586685218864
30972,62.52715626602446
30973,32.91400367356094
30974,44.34907750952507
30975,66.62145378384477
30976,57.243271048885404
30977,32.751844689242674
30978,51.865435053009634
30979,34.51346669080218
30980,62.7644852879621
30981,28.072970939434345
30982,39.222928590660814
30983,40.15923306891068
30984,54.03294263429971
30985,32.24410021132097
30986,38.17545491362905
30987,2.850078229574693
30988,60.77021536039264
30989,9.385675373723576
30990,33.743059495171764
30991,11.801657876319206
30992,6.298738498375009
30993,29.992021922357047
30994,33.0779508063744
30995,29.104974418762588
30996,4.20774492806283
30997,35.949106951876104
30998,46.12142072883603
30999,54.75305543115013
31000,40.67688842582446
31001,35.465558071245525
31002,30.661457610771556
31003,27.811190820014943
31004,38.42476088836266
31005,27.797340093911814
31006,24.789737227860932
31007,39.306589709544035
31008,59.966081827083656
31009,39.54119815956996
31010,35.23528925036647
31011,55.626175726408576
31012,29.64101358555309
31013,39.60360546023993
31014,4.540665006860545
31015,33.67126820999041
31016,25.718073588346204
31017,27.328040340786544
31018,65.84295836937329
31019,27.777108566784232
31020,77.02443331771443
31021,32.59340514800774
31022,35.38929703028087
31023,45.06030153241076
31024,30.129453919830233
31025,26.987355447572728
31026,27.493996272344027
31027,32.329503827414015
31028,18.879178638933215
31029,35.81427288028644
31030,60.94436035449327
31031,26.017197380446532
31032,27.96797162845209
31033,26.095609859008253
31034,3.935124158473539
31035,22.39269461928926
31036,22.03621969705962
31037,26.879521260918835
31038,23.830240750696188
31039,21.20327239468431
31040,8.906823865783076
31041,23.337213364564768
31042,28.367297702125217
31043,19.73941199456116
31044,37.494763307346616
31045,21.967256057011372
31046,30.7914061820487
31047,23.18989724295741
31048,36.52358330921534
31049,3.0417140740707156
31050,23.452309514621668
31051,19.76391228022389
31052,22.7465703160443
31053,26.391099550957172
31054,26.009804501207242
31055,22.878593675644698
31056,21.815007173072445
31057,20.63733723557858
31058,22.077646480083246
31059,26.352351194199805
31060,21.683589258286318
31061,24.714012480198562
31062,20.167824858596834
31063,27.264535654388936
31064,32.69489317978955
31065,26.01829355308022
31066,22.346146323867256
31067,22.78084243194693
31068,21.110962200441666
31069,16.06354140781386
31070,22.747356864323045
31071,21.97195517613696
31072,23.81460349797419
31073,20.52056860604181
31074,23.01286889588975
31075,21.562960092609305
31076,19.978541520483603
31077,26.064513379954615
31078,34.24120523177014
31079,22.70611269324393
31080,25.023964671912445
31081,24.725346836311942
31082,27.248030366281284
31083,27.978138536626645
31084,24.514213489473185
31085,30.288759010192212
31086,20.863122571899993
31087,21.22941067801555
31088,22.820160572324312
31089,22.452687358619038
31090,21.574735963160876
31091,27.369500008970668
31092,23.539997717994254
31093,24.048924656609802
31094,29.62334048887152
31095,24.54482964892756
31096,21.63161376293909
31097,22.791427757498653
31098,24.83226403846215
31099,29.927620875919033
31100,26.006786715581406
31101,27.285149322266015
31102,27.16951709460722
31103,31.659253536907656
31104,33.564030503684215
31105,20.600475295925797
31106,23.934141270646677
31107,28.96911046667843
31108,32.508179438416356
31109,34.59688409550093
31110,27.19310062973097
31111,25.764572679419906
31112,19.716436052136068
31113,19.26537382756683
31114,27.427453900389594
31115,31.064008435892653
31116,36.26544788756596
31117,25.78110387433536
31118,25.52143427434542
31119,37.63205525645511
31120,25.862870718352738
31121,18.94406554959212
31122,21.50080871844345
31123,24.396925812482195
31124,21.566163168571517
31125,21.321852881120655
31126,22.990773813058425
31127,36.32555540173134
31128,28.572794979918072
31129,19.9805803115746
31130,24.60554861611209
31131,26.01598287621303
31132,31.161487820734948
31133,21.989778760426155
31134,27.74257496555761
31135,25.74836555184615
31136,30.7529657698684
31137,63.65452159730366
31138,21.720469645960016
31139,24.26304913764678
31140,19.302635567329
31141,20.070657152241186
31142,29.550750313567963
31143,25.755908855693143
31144,29.142238595611357
31145,28.73700997750662
31146,21.053078964603635
31147,29.290651058254607
31148,24.84001322912119
31149,23.69267349931631
31150,17.745816740157466
31151,27.74028313599323
31152,17.603573341055913
31153,23.22275137671579
31154,25.169705494460356
31155,24.242310902935348
31156,22.598445400626588
31157,29.644801258040335
31158,26.58175360129306
31159,17.031380734127737
31160,20.826890772026353
31161,30.137254491490207
31162,30.181367024231772
31163,25.165030749740758
31164,25.829555381816828
31165,23.008375879546737
31166,26.26655052030133
31167,24.052559733308165
31168,19.61074872453037
31169,23.28412441651719
31170,29.07657814868883
31171,24.67645268354315
31172,19.031889865807454
31173,25.428537907705426
31174,15.7657607639071
31175,20.061039381679834
31176,21.853138514204268
31177,19.957441592118016
31178,24.21749901241065
31179,27.57553285186648
31180,28.239661722847906
31181,22.59695093949374
31182,22.667082319379094
31183,18.99101222968573
31184,21.17262131496292
31185,30.854494005981657
31186,23.509528845941066
31187,21.4529116185991
31188,24.007782192569284
31189,24.737445074938837
31190,27.566020281228788
31191,25.33872487442356
31192,25.958577616906286
31193,49.892997062561044
31194,21.868851740371344
31195,24.91275356880491
31196,24.067021061981833
31197,24.091195152789588
31198,24.60037741330313
31199,19.348380371709894
31200,27.63314433249718
31201,19.13461043470501
31202,25.47545594498085
31203,24.379274735738427
31204,25.108802972176125
31205,19.052088044018554
31206,30.420833956795235
31207,23.196133477749903
31208,23.50007190622034
31209,21.492050891522567
31210,28.182793305457537
31211,21.673442310262054
31212,18.564143850566126
31213,21.055757718627895
31214,19.93895532087195
31215,20.08461813790877
31216,26.223293433643985
31217,16.761067852013504
31218,24.391306762309103
31219,25.0645857360546
31220,43.86551080313517
31221,35.46600169833141
31222,41.969565846744615
31223,30.472397710404476
31224,34.29081525152645
31225,36.68835186456519
31226,30.203540223872455
31227,34.92261625349909
31228,36.11752994940243
31229,30.225264333084088
31230,32.29893410087465
31231,34.54178798460573
31232,25.016187551078893
31233,34.19257404207986
31234,46.29972606863573
31235,33.796103611734225
31236,29.183922128833366
31237,30.512614344651265
31238,31.843908419264267
31239,40.76689189413385
31240,39.529118437320946
31241,34.97715115243547
31242,30.848132818774854
31243,30.35814761785318
31244,26.175283493696462
31245,32.88307484947727
31246,33.67002625293027
31247,36.09351001483944
31248,31.83842679481165
31249,41.801020563549905
31250,31.631399304403168
31251,32.80865248260051
31252,31.629396468308407
31253,27.512014246398607
31254,31.50520126797766
31255,45.27217663070067
31256,29.89106359807437
31257,30.991346143199948
31258,38.85298523986026
31259,49.65358054574894
31260,30.223964675029094
31261,35.3995304850205
31262,42.061462629985854
31263,29.160074471326084
31264,43.46690546512863
31265,30.482288571867386
31266,58.10443536847501
31267,33.415433249997506
31268,34.57862640139593
31269,33.98201710370952
31270,32.33957151460788
31271,41.99190501325137
31272,28.250171973491202
31273,31.22705158040568
31274,28.573738071683792
31275,30.25176038524524
31276,27.54846924546807
31277,28.606915392644332
31278,28.709121840736497
31279,26.45265246022081
31280,31.76757752040758
31281,38.58441767386271
31282,42.91774938122755
31283,31.762967693854108
31284,39.51788276740068
31285,31.572569395625706
31286,48.603950461087905
31287,40.638793794564045
31288,43.7996715328256
31289,29.373179641250587
31290,29.48630154638829
31291,29.595494505223023
31292,31.372771089373213
31293,41.41932638653757
31294,43.64739690669892
31295,42.09372293406478
31296,31.753734392467102
31297,29.210977553156184
31298,32.33149374796044
31299,31.27224997448512
31300,31.2674927446406
31301,31.274334229757883
31302,31.438020798459092
31303,30.779531269087762
31304,30.026686755237
31305,30.917640073214745
31306,35.06146372448303
31307,23.50970925708802
31308,25.786286550817305
31309,51.7472065453812
31310,26.295463268605715
31311,22.494010146227584
31312,34.75299026468149
31313,39.93767460211946
31314,40.72981319167634
31315,24.820748457257206
31316,47.54574021855536
31317,25.655929862928698
31318,31.868020305148548
31319,35.72292206372839
31320,46.6764047800219
31321,33.18878501372575
31322,34.02648298595496
31323,30.980935826491404
31324,31.096255531802996
31325,30.10893075845621
31326,31.42847241614472
31327,30.0563512013264
31328,26.495884006157375
31329,43.2066873748654
31330,40.14863632134138
31331,28.40300558928206
31332,31.991348348724845
31333,28.766791623150628
31334,28.376974018763722
31335,25.207454630936045
31336,39.22509649777069
31337,67.05998354620273
31338,27.190861138042468
31339,32.479324735468055
31340,31.66495227310145
31341,37.321534410781695
31342,30.907276639567968
31343,57.667624948765926
31344,33.455608842288
31345,40.217806159812184
31346,72.39695131109134
31347,36.77445703373421
31348,29.85973602574211
31349,31.610857459101773
31350,35.225643497412484
31351,52.565485911333624
31352,57.03471529204565
31353,30.32962263769297
31354,27.00807423316334
31355,27.106834081832115
31356,26.169573685279623
31357,44.30689223441613
31358,67.54824476562109
31359,25.43663475687413
31360,30.323361953539028
31361,30.771215203313247
31362,36.30135676843548
31363,33.11458325432823
31364,4.392137047490452
31365,28.504257623174812
31366,30.71023588045273
31367,29.50774065537957
31368,29.861012214762482
31369,30.499576668016193
31370,40.86292245199584
31371,28.80025129697628
31372,30.082879315709405
31373,34.2123538972859
31374,28.009587649907804
31375,29.474166857247234
31376,28.548109915792377
31377,39.88848423538383
31378,42.03904884565924
31379,26.90576410805177
31380,29.52259017187159
31381,35.26061691412323
31382,32.178805570803696
31383,44.52393392469184
31384,33.76710141065803
31385,29.8914761667394
31386,39.196736046228494
31387,36.617658779508744
31388,67.32789079124306
31389,28.05787097822617
31390,78.16337052126235
31391,35.419664272996
31392,29.64797292331849
31393,31.587629146182373
31394,32.42777156907583
31395,35.465558071245525
31396,39.029685802637175
31397,59.40479656882199
31398,27.21578914177609
31399,28.876572659276135
31400,30.839858208892576
31401,32.2983801744327
31402,29.54311918087801
31403,29.630445006968397
31404,68.38787301557994
31405,46.86617546719418
31406,12.546538312268787
31407,29.25020000204376
31408,52.23496439525433
31409,27.84007446760339
31410,31.418777789347082
31411,35.126310200628836
31412,32.449165546413425
31413,36.672495828403406
31414,25.33190503451773
31415,35.198735348148425
31416,40.66083042601745
31417,35.468363235646706
31418,24.72525837235048
31419,25.329581223700625
31420,24.409656854320907
31421,25.689072674991746
31422,21.827247714813524
31423,23.42487069822837
31424,26.066258764354792
31425,20.860181276157757
31426,26.513290856103644
31427,25.733693365838636
31428,27.5209018349727
31429,24.750990162462948
31430,37.046591704089
31431,28.021010239436762
31432,29.183724242671325
31433,30.894106838539663
31434,20.947588076485165
31435,24.367040545329075
31436,25.22840682089157
31437,25.49688578723447
31438,26.23377726839015
31439,25.624027452593786
31440,30.116658887545157
31441,36.93846840091847
31442,22.87742672642517
31443,38.19356079273315
31444,24.820988673497634
31445,27.64250830977138
31446,21.739718763924973
31447,39.23656558626813
31448,35.44595801260878
31449,28.392833316734297
31450,26.589943584781
31451,26.198999133509176
31452,26.93701098797353
31453,34.6382329964541
31454,26.867274535604054
31455,25.624794749288668
31456,26.977037287223094
31457,28.41959333822181
31458,27.87165540855545
31459,26.584973178801203
31460,23.912060982074244
31461,21.384077185918386
31462,19.881448093617603
31463,32.048209576797404
31464,30.157093174206206
31465,28.445342864572247
31466,35.85286648975421
31467,24.99478961070583
31468,24.049464894212
31469,25.412777037558477
31470,23.878823363566838
31471,27.384033833812243
31472,22.507700282075614
31473,27.288855364230955
31474,24.030305094397757
31475,40.1694030042153
31476,28.353538519369867
31477,30.69849366991837
31478,28.74153068264308
31479,24.29452298198713
31480,29.98644597460363
31481,33.01216184589565
31482,39.826904443401034
31483,25.25716614572067
31484,25.64842324500478
31485,24.985246300941085
31486,27.619962499697436
31487,30.032216931074068
31488,34.798629990523175
31489,27.80171260790165
31490,24.228649274947582
31491,25.35447750437936
31492,23.384412148148854
31493,22.513794415110958
31494,16.903053248302463
31495,23.68682561998853
31496,25.236781695133267
31497,29.409839842374765
31498,26.70370211904253
31499,24.652799039728748
31500,24.486121644443024
31501,32.55561595595935
31502,22.71755438659633
31503,23.827404049492046
31504,37.6049256538424
31505,24.539073981326155
31506,26.65442462422051
31507,25.836982964931344
31508,21.626913703025032
31509,25.527259539100463
31510,24.18885807820709
31511,34.48573570344342
31512,25.903778274562605
31513,27.64741479637766
31514,30.06528136445627
31515,26.8776271865949
31516,50.43089756614768
31517,57.82917713814688
31518,46.06123846785091
31519,44.349879098316926
31520,50.407215296825896
31521,55.35637258170312
31522,52.933328789235944
31523,51.107734688623594
31524,30.853539149976193
31525,40.9015273030857
31526,63.35084486047133
31527,34.83723968877541
31528,49.14444195649803
31529,71.93552559129145
31530,37.16975098874527
31531,41.81260494867575
31532,29.758592511722306
31533,28.615561847371385
31534,45.73143789245172
31535,36.10139852603294
31536,24.77376550255224
31537,32.15608220382846
31538,36.22397310897172
31539,40.31034268804824
31540,32.02522386737288
31541,32.07565036515962
31542,31.53483631618586
31543,39.25918761466403
31544,36.059210140511425
31545,32.19578992765705
31546,39.740034004351756
31547,55.8118732783915
31548,32.891315787349725
31549,38.97371942061917
31550,26.23690447820986
31551,38.32372496972253
31552,21.790133525033262
31553,33.802589537927346
31554,38.99733825469373
31555,37.51186257673719
31556,42.50409688529691
31557,31.491951859864578
31558,39.195703843407244
31559,35.391202542234794
31560,34.44541382443849
31561,44.01233284398332
31562,25.745986962743874
31563,43.92947964233525
31564,34.43046199254455
31565,44.35310111413558
31566,39.99153606284935
31567,36.66486135347805
31568,24.83971911079861
31569,41.13716703557007
31570,41.608448830095085
31571,38.451794498285516
31572,26.894877058281402
31573,32.956280840648596
31574,26.278112024320365
31575,29.935807751948744
31576,30.825809621175978
31577,30.66112079967375
31578,26.459249440031115
31579,21.489680490572624
31580,41.49679529235097
31581,37.64190089381966
31582,27.031614665315512
31583,30.404136424131917
31584,41.77882591584549
31585,3.395438924332887
31586,28.454307249064193
31587,25.130474238844997
31588,22.242272120542182
31589,24.858233629974293
31590,24.629925659284023
31591,28.443058944447724
31592,27.813140974979174
31593,26.768437663096858
31594,30.511303700491133
31595,28.01101790176578
31596,25.42243099688596
31597,35.07897366460146
31598,21.905418890163492
31599,22.710958882904542
31600,24.912919511029642
31601,36.26880524612377
31602,35.33184865202739
31603,28.166271815850614
31604,27.85051774551532
31605,21.985851074331503
31606,32.28891690322076
31607,29.64521868074032
31608,24.572251382081365
31609,31.413880411886304
31610,25.876290978079215
31611,26.89363186412845
31612,22.255892734890697
31613,27.287942952577033
31614,26.036800192691032
31615,22.091369188899826
31616,34.5418684772206
31617,22.76526556753882
31618,21.374503862182298
31619,19.923595302892192
31620,28.593776518181112
31621,23.8033984484691
31622,25.882109022472367
31623,19.598357331876688
31624,23.945638952504467
31625,28.457038655899755
31626,31.224800714717574
31627,25.823542527532656
31628,23.59877494548711
31629,28.899167373010847
31630,27.200491708763884
31631,27.64366675883058
31632,29.90920235092964
31633,22.099185915143153
31634,23.640554026925336
31635,31.397372912364077
31636,25.341279582547685
31637,17.3390952775054
31638,25.365633391591317
31639,18.00311371311489
31640,22.519492832396864
31641,24.553197133659488
31642,21.91956800627034
31643,24.22133809929741
31644,21.597595334882467
31645,27.308573161734564
31646,19.477301886182126
31647,21.963733134126137
31648,23.238103748617895
31649,27.875042644244616
31650,30.45100671621043
31651,24.24235037300707
31652,25.003858959566724
31653,27.526575923569922
31654,34.28568349845694
31655,25.72103690276642
31656,21.034568619415516
31657,32.971883021132726
31658,30.38345077634655
31659,21.578692419268897
31660,19.81389228009905
31661,23.857333450781724
31662,23.285700210733808
31663,26.509816965232254
31664,31.07273001450038
31665,25.272061095136312
31666,33.81580647188553
31667,27.490908967323566
31668,26.69164763730031
31669,19.121839878938154
31670,28.2608204630495
31671,21.15669123424948
31672,29.07671098542466
31673,21.99505908254261
31674,27.83865151580914
31675,29.49653361508816
31676,23.99939062538169
31677,23.435524348776728
31678,32.529149510880806
31679,29.79834318859425
31680,25.82116960133598
31681,20.774562467311988
31682,28.83920718067119
31683,27.50871210193677
31684,24.972646596838022
31685,24.230868225474904
31686,24.849860674921302
31687,27.20547673771786
31688,25.735876030877776
31689,28.311664741924105
31690,29.6982005529114
31691,31.882923409176055
31692,22.420121069666433
31693,26.47095653181871
31694,27.36052470426182
31695,28.311950308891753
31696,26.787831343900475
31697,25.214991189195402
31698,19.647221940010965
31699,31.285677352002615
31700,28.187298359318717
31701,24.57244279565265
31702,23.832439738554385
31703,26.522880920840365
31704,30.05104213518979
31705,21.941787692492394
31706,29.459890905919575
31707,19.998834200622902
31708,26.154208633789167
31709,24.733293852769712
31710,24.885851429564894
31711,31.908538203621692
31712,32.582340957383366
31713,24.724242495143805
31714,26.863070255529735
31715,25.355558256450525
31716,32.66359576205679
31717,23.065222071560715
31718,30.643576257382517
31719,31.67569691079897
31720,21.132821889273742
31721,23.419914181380477
31722,30.611550422733227
31723,51.26962018313952
31724,42.98723307772159
31725,28.462102705234816
31726,24.704594039896563
31727,36.39355272065986
31728,22.255323709280443
31729,22.84683405530668
31730,26.23869877206283
31731,19.711767918635616
31732,23.633943972785353
31733,32.09699599579315
31734,33.82317502426164
31735,57.267741170741516
31736,28.641942702748
31737,29.556906162889682
31738,30.91562724766944
31739,47.80052326182743
31740,19.117658618633357
31741,27.72113568491512
31742,25.37087909411087
31743,23.32143578549093
31744,22.147671671893836
31745,42.015536188895176
31746,32.89394541179148
31747,43.334005101547454
31748,32.499086464559
31749,21.608235951420994
31750,33.50254045430603
31751,36.07188103438801
31752,32.26913435646097
31753,24.83121854995403
31754,24.27306108423085
31755,30.143528755872183
31756,36.522438003880524
31757,27.296958646538293
31758,26.89194209222328
31759,34.0842520082129
31760,26.21304233464569
31761,36.78895835876793
31762,34.34412256523271
31763,26.433649930222145
31764,28.94541605277707
31765,22.001926996937208
31766,25.321952783587935
31767,28.568620587976344
31768,24.019709265550382
31769,42.09009139630275
31770,37.14538272670605
31771,32.01927536090673
31772,22.292292607642764
31773,32.542604998634374
31774,34.10524478014345
31775,21.158696908392145
31776,33.86463594531892
31777,21.771707060848122
31778,22.95677901417415
31779,22.303152367011357
31780,23.533124241653777
31781,34.42652872214071
31782,33.08163390679885
31783,24.135444942143323
31784,27.12333319088691
31785,37.92760231699631
31786,35.716560075878704
31787,69.144139222
31788,30.876560229286632
31789,27.64939072072889
31790,60.31314269564835
31791,43.759736827992555
31792,40.0616528389843
31793,40.84528094283296
31794,44.157509435836445
31795,23.727082311026727
31796,31.940803427018942
31797,34.435543127985845
31798,29.619004268914644
31799,37.33630036997198
31800,38.05674891754388
31801,28.10037358797193
31802,52.82076163213806
31803,30.4566095971107
31804,30.308381173227943
31805,47.75336859952555
31806,24.000225415556752
31807,23.094431431488648
31808,35.97148816697597
31809,26.860434344641362
31810,28.132699738136836
31811,27.220895184116564
31812,32.73525503970535
31813,34.37488544004223
31814,25.390710373127558
31815,29.510859736555492
31816,29.68004632448314
31817,41.535130334857094
31818,37.68168618185668
31819,32.45268005014274
31820,29.499022689214648
31821,29.69390414843057
31822,26.2677012966763
31823,25.288264122148867
31824,23.572367782658603
31825,26.38942012891128
31826,16.809558740821736
31827,25.166078675606823
31828,22.90408736835586
31829,20.90145803907022
31830,29.13011089872962
31831,35.79726741241555
31832,37.669510058679045
31833,30.472134327600624
31834,22.06097489177875
31835,33.961320038605315
31836,29.211083806393933
31837,33.786842568936194
31838,22.41022097480713
31839,55.33335199653281
31840,55.81818150695308
31841,29.450939151829196
31842,33.17851586135412
31843,22.86026553879345
31844,29.98288611133547
31845,32.99428496872097
31846,39.257570430204716
31847,32.35429774897527
31848,24.681222651976704
31849,27.506401770882356
31850,38.4139515373453
31851,48.69768160366222
31852,26.50479809308692
31853,19.663972618093826
31854,20.492973780485002
31855,34.0952634816005
31856,33.02836337079643
31857,52.19062356401866
31858,33.36571037267657
31859,26.21582371795801
31860,39.31486022126481
31861,21.85071330652833
31862,24.21903626594063
31863,29.977341224578957
31864,26.312375096852243
31865,31.75360004984081
31866,19.083052821235174
31867,19.332042515927
31868,25.945393062786064
31869,22.765965634128055
31870,23.28652442768389
31871,24.129613988981898
31872,24.065287483756457
31873,24.08305803572278
31874,35.87441515895884
31875,30.429767976184863
31876,36.63012895816175
31877,36.02407204601612
31878,22.49831513634712
31879,25.60377382641002
31880,21.888473467635983
31881,25.211318806240715
31882,24.9544208805438
31883,22.93761363281756
31884,27.18206861517135
31885,18.99903127749609
31886,24.86926412239297
31887,24.13329666103131
31888,22.01112749008265
31889,27.235474279033575
31890,20.12026055066596
31891,24.168790355808873
31892,25.877100358850463
31893,29.687456245372534
31894,23.61104441183815
31895,25.660425722056505
31896,20.931079607278406
31897,24.53869766603851
31898,22.189706324109086
31899,25.057222266549125
31900,25.673278898674546
31901,27.621491978958325
31902,25.84059831476379
31903,25.427479643090436
31904,27.701360472924154
31905,29.409404859642503
31906,29.174381893840454
31907,22.677945915687573
31908,24.734652414280617
31909,29.007987140588803
31910,19.31043269420656
31911,21.356004753851895
31912,23.23124508623649
31913,26.607510956157626
31914,21.674285619118468
31915,20.92374644580312
31916,24.093984167614252
31917,22.825415783920135
31918,24.905733164040726
31919,25.227320613611322
31920,22.387500542050915
31921,25.99477695976106
31922,23.884390802904562
31923,22.75725911898204
31924,25.876997248072918
31925,24.084201035435164
31926,28.22972117533096
31927,27.098948287064754
31928,26.271186839255467
31929,21.381741973716355
31930,23.97031406337559
31931,22.56383904680372
31932,24.31120758364357
31933,25.746106957126337
31934,25.86570817592212
31935,24.643510709093892
31936,22.77899999270709
31937,31.38614730411927
31938,22.828208637166966
31939,22.64488587243013
31940,21.031542026596618
31941,21.47836397147907
31942,21.63529736431454
31943,27.351642156569312
31944,26.966621591699052
31945,34.2615067343576
31946,29.223363113813587
31947,23.94044851693912
31948,26.13796733162416
31949,20.527885966696445
31950,24.472019934308697
31951,24.236281259278403
31952,28.38871758406572
31953,19.843518386069263
31954,21.791213151840466
31955,28.128454919909785
31956,22.574101597943507
31957,33.24628846590471
31958,35.01983918244808
31959,30.43545009078972
31960,31.416864366559377
31961,26.810587016348176
31962,29.425027605647955
31963,26.080192153895595
31964,36.42351365425838
31965,25.300206369378053
31966,28.979937748162417
31967,52.08391251304194
31968,37.85944201510441
31969,33.8287650932945
31970,25.494101951737328
31971,30.491306957840273
31972,36.769743810042094
31973,30.580924977884738
31974,25.12966283159223
31975,33.38473891752865
31976,35.84857704992055
31977,27.02765879957827
31978,25.474915711322677
31979,27.272581255301663
31980,30.450151559884304
31981,24.81714488473022
31982,38.090402240694495
31983,48.15264928398787
31984,27.636471594117136
31985,25.811057685918076
31986,27.510711540200415
31987,30.07256269451608
31988,28.987971872542044
31989,30.973663275509224
31990,26.12295521981721
31991,27.830501303624125
31992,26.848491357084686
31993,27.527689634723593
31994,29.417168160471427
31995,28.310904027528522
31996,27.708181559509214
31997,22.462471634923027
31998,27.13172430024352
31999,26.57671459119795
32000,25.96801083768118
32001,25.189718765778377
32002,24.397005197973492
32003,30.093367586864566
32004,29.593644915278002
32005,22.789847422371246
32006,29.515753810024556
32007,27.926496875322826
32008,28.664691962815393
32009,26.449208702218932
32010,28.59663503708108
32011,31.17233055336999
32012,25.903108402852276
32013,31.765781116510986
32014,27.51992765586249
32015,28.32257599623562
32016,26.067773664992373
32017,27.041273200643978
32018,26.973151648717682
32019,29.05904339468924
32020,30.156118095887532
32021,26.812450254043895
32022,28.06141693357475
32023,28.534879758382253
32024,31.769280416736013
32025,28.83579410875271
32026,32.05376359412165
32027,31.922789117578375
32028,29.875214176204523
32029,27.702673771391225
32030,34.815014892282804
32031,32.083710573687895
32032,27.269775398907715
32033,34.02035125051063
32034,29.58612250076831
32035,26.088862008796667
32036,25.83007461858425
32037,24.944302105571417
32038,32.061647983315645
32039,29.30616274327461
32040,34.58429726284511
32041,25.39130827547822
32042,22.363833719396055
32043,36.29912420125017
32044,30.58433751111487
32045,30.38151108172429
32046,30.521239977473044
32047,25.425349953913823
32048,32.05130393802232
32049,30.470621299027645
32050,32.32104875155539
32051,26.067184179764304
32052,26.21934059469533
32053,29.54117061010034
32054,34.384932509909305
32055,35.13712454288019
32056,31.27854654465617
32057,25.074744872754383
32058,29.97133057263552
32059,31.061786419864724
32060,23.41869325848746
32061,29.715756731683136
32062,28.047974515995595
32063,49.52316554375255
32064,69.25638838504015
32065,31.269870409020513
32066,32.27733347066712
32067,30.929573488933897
32068,65.9253208681772
32069,30.282908275836228
32070,27.771502689671326
32071,39.14405568535385
32072,34.6518190102326
32073,67.46877848816558
32074,35.05814078778613
32075,47.23852355647751
32076,33.92818709144909
32077,42.17984717999773
32078,46.937471717315276
32079,30.694074311292525
32080,49.007294213809985
32081,48.1391613188287
32082,31.78300788554254
32083,47.704470585859475
32084,37.96059046006003
32085,32.84193749049583
32086,36.36811660312075
32087,37.90680263501589
32088,37.655320295058026
32089,49.088559095340955
32090,31.95748329786995
32091,35.50400491522751
32092,48.22866442716226
32093,33.44765156159277
32094,35.871237512479816
32095,34.64154941923466
32096,36.97927073191574
32097,33.95827964146282
32098,35.991390075849225
32099,31.914036832905904
32100,44.564952689244684
32101,38.4809539759096
32102,42.574549217619385
32103,34.88984736497096
32104,30.68003753395706
32105,31.730538578518455
32106,36.44495309559221
32107,34.2448856102008
32108,45.50785384321064
32109,45.28657354463023
32110,44.85498685658465
32111,33.591320672639256
32112,36.79957968094731
32113,32.712569574148965
32114,44.573718172567034
32115,40.024509927969035
32116,54.21005567696353
32117,40.36497678396921
32118,60.53049562988157
32119,30.87016442179916
32120,32.32742272162541
32121,34.36954895789856
32122,35.265681131506916
32123,22.70669640984962
32124,34.14877409990067
32125,30.474837370670713
32126,41.736868252336926
32127,34.253901955572644
32128,28.6339122118259
32129,63.55029086029222
32130,31.54476437354753
32131,34.321680334083126
32132,24.227428408742213
32133,30.05423132017821
32134,41.37566695653414
32135,46.524044923272534
32136,41.30249385425348
32137,32.036298586188614
32138,24.785083885715792
32139,30.066363054418325
32140,36.953016430166855
32141,30.341922495532238
32142,33.923037618330696
32143,47.93452236764672
32144,28.058605076830617
32145,42.79140688547957
32146,35.048076142959715
32147,25.06357297540714
32148,32.69637730424114
32149,25.91802537313208
32150,36.278922834477555
32151,58.3563674229089
32152,42.17965542800363
32153,25.58248652741971
32154,26.33596705668276
32155,29.335967417829195
32156,33.83959045721466
32157,37.57541266776457
32158,27.679326264344255
32159,32.221122469465406
32160,29.926273468453502
32161,13.858882395841826
32162,30.50736428563755
32163,24.03702531699921
32164,32.428837088206976
32165,21.71802249554212
32166,36.710636935876394
32167,36.50152903730563
32168,27.625283320338944
32169,33.50721327078563
32170,29.42292797323278
32171,26.62497067403693
32172,24.62137426968119
32173,29.20949536392736
32174,24.847373559712157
32175,34.38975958874352
32176,34.44004076224988
32177,27.72159394645184
32178,22.532558064953868
32179,26.61511475752855
32180,40.72928513732557
32181,38.714807066568945
32182,32.885421458504716
32183,31.256022226443974
32184,32.26671586141435
32185,28.803036261172863
32186,36.93597417212108
32187,33.0834894556851
32188,34.18535586186319
32189,33.520281129973405
32190,35.846274614009076
32191,38.029576019095046
32192,32.03713654782839
32193,37.04720235591928
32194,24.70896846942129
32195,45.12693505246729
32196,36.061156238251975
32197,29.876686713921828
32198,39.302811251434264
32199,35.54292405738964
32200,26.48006602665054
32201,33.57569727440779
32202,37.402927162532954
32203,37.32259112511284
32204,27.550816720539906
32205,40.15642147625569
32206,35.79699160890923
32207,52.68741265867237
32208,30.68567138260269
32209,34.41083193175605
32210,39.45095878224749
32211,38.428814623311496
32212,32.25947095062599
32213,34.82306071705403
32214,33.023515871028195
32215,35.63190826047379
32216,46.933572820826434
32217,30.336670763527
32218,33.617729014254934
32219,35.723475390679965
32220,38.78139196249644
32221,39.39619694295118
32222,39.38130075818378
32223,31.252449147704144
32224,33.79207561667408
32225,30.53353928318854
32226,38.061559538389105
32227,30.93980328836263
32228,28.305949017925464
32229,34.593663244103965
32230,22.16430630328504
32231,26.2396861753561
32232,25.103121608073444
32233,33.39345100187358
32234,28.13562130492979
32235,23.52828658240837
32236,34.61698071809184
32237,26.787160288587845
32238,22.5030348437777
32239,34.97803425775824
32240,29.62523971259699
32241,27.62402491496632
32242,32.577842043670884
32243,30.816607914545006
32244,26.668796381339185
32245,34.778815907192765
32246,31.04273800800862
32247,22.545966468010782
32248,21.957619460734506
32249,39.399655964556395
32250,30.025448803045904
32251,30.58510051645995
32252,27.482456569071708
32253,32.397684101351444
32254,26.64974281867835
32255,33.29792120855184
32256,27.87337235297081
32257,57.36645546929486
32258,42.14302307241096
32259,21.721402256324573
32260,24.377964242932464
32261,25.75265166283073
32262,30.039312091949853
32263,37.43096863526539
32264,38.54435901731758
32265,28.066599856990237
32266,25.44056094285956
32267,26.59685803568796
32268,26.414281923698844
32269,36.46929729183121
32270,27.96133667672185
32271,4.244679286600932
32272,36.39091652390521
32273,40.36421192833842
32274,24.30580196109875
32275,36.19551680791207
32276,27.462860359895053
32277,24.991575351850546
32278,29.832055204865224
32279,24.45799716439752
32280,26.77850640031473
32281,28.7448320671334
32282,30.35007444544862
32283,34.76618889079447
32284,23.59128784140356
32285,29.116025242338807
32286,33.26076742712453
32287,3.421328185804107
32288,30.1708623042908
32289,37.383776417933944
32290,29.995100361850547
32291,27.978555763285048
32292,28.499820193401696
32293,64.79589497676062
32294,41.717290497778436
32295,32.919156444277476
32296,27.9718666591519
32297,30.07251150492865
32298,10.446026943188242
32299,24.724549219730118
32300,25.75092771195707
32301,34.64050073504686
32302,44.399331421377326
32303,42.04869576489249
32304,26.858335138183996
32305,43.418043758580616
32306,31.321007898825922
32307,29.105795555436455
32308,29.707686087043665
32309,35.05663795825572
32310,26.974928041213783
32311,2.97081795559658
32312,26.97144001525888
32313,23.268859681379826
32314,28.06769090539148
32315,63.540056744166336
32316,30.212000589220125
32317,33.930481513744944
32318,26.813397180479203
32319,21.269952130200863
32320,26.021812105304733
32321,28.435688298983713
32322,30.994219896710586
32323,26.341076809529334
32324,37.078648685068764
32325,25.50743034596334
32326,21.59196591158835
32327,20.504769191093953
32328,29.431985025581298
32329,22.37939538712125
32330,16.429689924160023
32331,27.4290891614127
32332,24.96791780744492
32333,22.908368130887677
32334,26.195658794771425
32335,22.648486274311203
32336,22.798511153217607
32337,20.069994839476074
32338,19.516555021625564
32339,18.212191878804536
32340,23.42116640085787
32341,23.599420446887994
32342,28.257621425161588
32343,33.48744804164987
32344,21.197146521824127
32345,22.092677890249483
32346,29.92146053455621
32347,23.26578428477021
32348,26.985860437660154
32349,22.487580388174116
32350,25.801244274876773
32351,22.525926029916313
32352,24.783365569210087
32353,26.911753076088097
32354,24.183908633214553
32355,24.42156871722139
32356,21.045916605293897
32357,25.86717608978522
32358,19.967645862498024
32359,25.364090979887155
32360,26.226923953467466
32361,23.393606997651812
32362,28.120949672671646
32363,23.941209337590145
32364,22.623551432036322
32365,24.77634884358154
32366,16.541217336390666
32367,21.46869683401941
32368,24.511921978108887
32369,22.32256689383443
32370,21.21703841201755
32371,29.428746844186556
32372,31.692947397826124
32373,19.20728112763299
32374,23.267316288806615
32375,22.56087002549436
32376,23.685422737515026
32377,38.888231145812455
32378,24.611192146062034
32379,24.223626669121625
32380,32.56159405489158
32381,21.63741774360068
32382,35.220673763884946
32383,33.851554032915885
32384,19.490829770887387
32385,28.062993388577137
32386,28.716149907764482
32387,29.913786790631168
32388,34.59909195899348
32389,26.331276268957232
32390,26.526932561395476
32391,24.39580312106771
32392,26.11616398484073
32393,23.165767202159124
32394,28.135801770187463
32395,26.077858836799106
32396,21.010384279447162
32397,21.91900292859666
32398,36.40737284996969
32399,17.51727265774215
32400,26.75231630990323
32401,32.002730096273616
32402,22.343506614729296
32403,19.71379281072485
32404,35.47132342433557
32405,26.9947939577017
32406,19.088365453276378
32407,18.022709842102948
32408,15.406455273241129
32409,67.3386417785467
32410,35.717613663608155
32411,50.7975729263831
32412,20.13728485622965
32413,46.13363290383522
32414,45.98035700635522
32415,56.71486890402666
32416,54.54823026647839
32417,46.031922003255836
32418,40.418485919423105
32419,35.53349212226942
32420,36.12897365921926
32421,53.55710647548301
32422,39.663558394060416
32423,70.05031250105739
32424,71.66857419530821
32425,31.989062652413104
32426,25.441567211741337
32427,34.3359828673605
32428,35.86742395424652
32429,27.564847647130797
32430,45.40018974047502
32431,35.1346269024969
32432,51.785568085686684
32433,32.24104844577821
32434,28.409051085996595
32435,38.1352452168721
32436,34.75552656938619
32437,32.38011873184148
32438,41.14113322535252
32439,50.97673444638561
32440,46.45225680487741
32441,38.60002353620974
32442,45.534684795479
32443,56.87169219870732
32444,34.794991769682625
32445,31.356741539394378
32446,29.67683412989531
32447,31.370655086749768
32448,35.57832882092356
32449,40.894739371699735
32450,37.0798840575917
32451,41.64755584445459
32452,35.41078870307905
32453,47.89985434439584
32454,50.420372951047256
32455,43.119819482471954
32456,36.79120320326558
32457,43.11029718558911
32458,34.27604556033796
32459,50.33137934342674
32460,53.679070107683174
32461,76.25613072348139
32462,38.69159392794176
32463,34.91788689235281
32464,31.860183465789895
32465,44.3707257656819
32466,34.46986207617314
32467,35.71092270854639
32468,31.500313724747002
32469,37.065174888646425
32470,48.65746301818405
32471,35.93419768615047
32472,32.96093887364873
32473,38.76380198642556
32474,36.00683388543773
32475,47.51519897066261
32476,31.49375391599164
32477,38.3716459957168
32478,44.210309816216615
32479,24.44812464615973
32480,27.87718139016023
32481,34.42654929155289
32482,37.998488757569206
32483,23.83043885518191
32484,23.31677850115029
32485,53.96623786317656
32486,22.63794508311063
32487,50.64906343338355
32488,51.78219316040441
32489,36.678589646280955
32490,25.232539616932463
32491,29.64110067497062
32492,33.25496497939013
32493,32.64338324769611
32494,31.836455231921665
32495,25.26440422747067
32496,28.203856146642433
32497,26.373031731774706
32498,24.48699357777176
32499,28.37934473825489
32500,32.71940752627741
32501,32.462205054306835
32502,26.92396680534288
32503,63.41140678607641
32504,56.06239777745035
32505,45.46802143304224
32506,29.54372441625995
32507,60.1909241027973
32508,36.23263691301636
32509,36.89811319425151
32510,34.24171320253067
32511,37.76932924294533
32512,28.69111306122328
32513,44.59944157686094
32514,32.37657390260101
32515,36.04566069154239
32516,35.98580115607355
32517,34.233819708166486
32518,48.87324154833263
32519,43.96734952615544
32520,61.135979080359874
32521,34.936797031405355
32522,50.09876417165139
32523,30.029370136429904
32524,29.942242550547387
32525,38.68603848400832
32526,40.15343343136346
32527,36.627338245558846
32528,33.28828801752196
32529,62.62792058149024
32530,72.36105226408753
32531,30.881989868990317
32532,25.550029937431773
32533,19.785450298955755
32534,34.64676573815554
32535,32.956269664181754
32536,45.71979697594573
32537,29.20726182653862
32538,38.85865199494416
32539,34.89367227926902
32540,31.219522485858455
32541,38.557607522461694
32542,38.97887537804447
32543,24.09054316280494
32544,40.44568339431774
32545,61.57761090829394
32546,30.802771618029546
32547,32.33505234297038
32548,35.418368619422886
32549,41.59111050798472
32550,29.650519121009943
32551,38.16474666577305
32552,28.417441156636038
32553,46.57334499027184
32554,31.261110340789198
32555,30.662088010968624
32556,38.772915934357414
32557,22.939217861004742
32558,36.91084569860786
32559,34.72006613404606
32560,26.65870827223396
32561,31.490077820824805
32562,46.06280559154636
32563,40.41326273635446
32564,26.06836276693649
32565,36.84112718467786
32566,32.41806540930966
32567,47.08818429662721
32568,32.975714475071115
32569,32.35551917226827
32570,52.240567774348435
32571,32.533930916671444
32572,39.04222223890311
32573,28.098145056488548
32574,39.909862245207805
32575,35.448825166179226
32576,41.10206470235841
32577,36.382437731753065
32578,35.513442892827186
32579,50.080177640170476
32580,34.06634012854485
32581,33.26326575944527
32582,20.89988641765867
32583,22.436110138334595
32584,26.656603205832404
32585,22.23733935009002
32586,21.8669569788173
32587,16.347621650740365
32588,25.704132664252043
32589,18.645960555558563
32590,18.683419879123797
32591,21.240953340028287
32592,21.76078000769126
32593,20.58556944020095
32594,26.844795546982283
32595,17.897194665688026
32596,19.99077400219693
32597,20.307809734257233
32598,25.09171212089952
32599,22.20531590145895
32600,23.92482359853468
32601,23.551612628917326
32602,26.863264756353207
32603,25.23319614015041
32604,18.390944479828736
32605,18.178311333412598
32606,17.57694707100804
32607,21.830883913175658
32608,21.841878040476175
32609,19.621942530114815
32610,21.810216671460623
32611,20.623860735933803
32612,26.246432610358514
32613,20.087807540469232
32614,21.63704388129719
32615,21.250075251167083
32616,19.690909327918785
32617,25.58730188540612
32618,21.515340009939457
32619,25.45276632885094
32620,23.46127642161193
32621,19.476365963733585
32622,18.464520940119492
32623,21.491056805142243
32624,19.15010269231547
32625,20.021913755566928
32626,15.804920482291683
32627,18.951960980120262
32628,24.29985560158811
32629,17.422205491761346
32630,23.093823614150633
32631,19.695384484169175
32632,24.419296567287066
32633,26.972267686089467
32634,22.660672921898474
32635,22.732932197888573
32636,20.27096273061371
32637,20.80679227475497
32638,23.902028225823585
32639,17.927829037388577
32640,19.056271399283702
32641,20.990549092584455
32642,25.22164238872061
32643,22.05399665609065
32644,17.830915650474253
32645,19.319503815680523
32646,23.698744567107696
32647,19.15715296270738
32648,17.550137739229747
32649,19.662010030688997
32650,24.761619405542007
32651,17.64589454053035
32652,24.248090633149253
32653,30.516434857660776
32654,26.42012770662012
32655,20.539586610502262
32656,22.453486783039704
32657,17.123850984834245
32658,19.643403061866017
32659,23.06668601759291
32660,25.04279522749499
32661,21.803320238498287
32662,22.450448768231226
32663,23.053451731955846
32664,21.990957958208117
32665,21.032527867399978
32666,28.93702431637211
32667,19.672230968632658
32668,19.065675745404715
32669,19.949380601035664
32670,23.204153282987914
32671,21.484649825076733
32672,22.60093196142298
32673,19.307805864851566
32674,32.54272949366673
32675,30.37070645280074
32676,34.12663952940386
32677,31.82656665117554
32678,30.83036478636795
32679,26.303940484096167
32680,29.85435098998488
32681,30.274121111542392
32682,32.82566700638657
32683,44.503325135115865
32684,31.877533823387253
32685,29.48881511727819
32686,32.594574639173736
32687,38.12630640998291
32688,33.7559024945085
32689,27.910843279794264
32690,34.288929049430685
32691,27.915460069077014
32692,44.627605350339365
32693,33.00883291898448
32694,31.381151652776467
32695,32.30389915159979
32696,36.45745042194194
32697,40.77483717858335
32698,30.8362046578685
32699,33.81302958535323
32700,37.91021456319843
32701,37.11002578829537
32702,30.752558001808254
32703,30.6496325428648
32704,35.23558446697533
32705,31.79009872993444
32706,31.556944921420158
32707,48.14680187731892
32708,44.313247567419744
32709,34.5204454030815
32710,32.309989643369605
32711,35.51160763722554
32712,45.56493107041759
32713,40.575946874674706
32714,37.56255046237644
32715,40.68020031540577
32716,32.728042952741205
32717,37.37128413860518
32718,35.332556377341234
32719,39.703849797681016
32720,29.94118623143326
32721,36.68726970198311
32722,45.4614356999004
32723,34.25135262245617
32724,28.256909985189385
32725,36.034085046023954
32726,32.44617431327798
32727,33.85047522937906
32728,30.26903822681082
32729,31.345489479681454
32730,31.237055903179847
32731,24.727053261419247
32732,31.753696291356164
32733,35.78873918228121
32734,49.56391815995617
32735,34.24135240712979
32736,32.540347512613636
32737,27.300141117217116
32738,35.67278407346573
32739,26.852002382431344
32740,24.51083625286675
32741,38.106827300836045
32742,31.845436138316682
32743,46.06653888898286
32744,35.73891646935074
32745,35.14500846363035
32746,38.17832970903396
32747,38.165506203459145
32748,31.98923097144477
32749,35.25186214144877
32750,47.090635149235425
32751,32.6450557280727
32752,30.449663545152347
32753,41.66776768796017
32754,36.788854718783995
32755,37.45477326766667
32756,31.000763722846102
32757,34.80107311279127
32758,62.580469599498414
32759,59.84491288692757
32760,34.72380656867778
32761,30.383189032448247
32762,22.7578558400069
32763,20.676544650469555
32764,36.50028588844667
32765,30.583031187166057
32766,29.91786019556569
32767,44.0700658919802
32768,25.416867759203413
32769,28.13777959610907
32770,32.06880143328803
32771,28.068999583178
32772,29.501390199598994
32773,45.93631303661583
32774,31.025069659621323
32775,28.53389519949583
32776,30.291688964513227
32777,30.72387566716324
32778,39.26885740809234
32779,28.780437714660312
32780,26.58898575754179
32781,30.055920469016243
32782,24.87762096433167
32783,49.56868342439401
32784,23.411964213012745
32785,30.345892728266115
32786,41.62885605218567
32787,40.4469014757599
32788,38.00217199049899
32789,26.59158284388273
32790,36.36423414116101
32791,28.505510879396937
32792,27.210666947774577
32793,37.125668741867045
32794,29.794968872808184
32795,23.343818079888905
32796,26.53634274633177
32797,22.127418176635
32798,61.163852213402166
32799,27.25950267849262
32800,23.75725666372584
32801,21.70643784880791
32802,45.93683263660914
32803,27.332408929471804
32804,7.204932951951754
32805,24.665515456612333
32806,29.488041945069444
32807,26.503374555923834
32808,46.613053141592026
32809,27.94729240481451
32810,23.47315821388564
32811,28.00433405951671
32812,30.52944355957944
32813,30.130440905432348
32814,25.812864286141068
32815,27.370323225012555
32816,22.86171275039302
32817,28.16828107993494
32818,27.63200034052045
32819,22.494034918083713
32820,31.396751030131128
32821,27.420279285218257
32822,35.23705420818479
32823,27.677601700646612
32824,28.425167802576908
32825,26.16109473243258
32826,35.76114669895986
32827,26.00792418732377
32828,26.59253348385934
32829,26.48093139039386
32830,28.08089618226265
32831,22.807488311034508
32832,23.105010563957396
