ID,inventada_menos10
26266,22.65
26267,24.549999999999997
26268,22.700000000000003
26269,21.87
26270,19.295
26271,18.17
26272,14.649999999999999
26273,39.0
26274,27.380000000000003
26275,18.3
26276,18.765
26277,30.534999999999997
26278,26.42
26279,18.89
26280,23.496000000000002
26281,21.85
26282,23.590000000000003
26283,32.43
26284,27.810000000000002
26285,27.520000000000003
26286,26.610999999999997
26287,29.82
26288,27.409999999999997
26289,24.08
26290,23.4
26291,29.14
26292,25.33
26293,26.619999999999997
26294,28.490000000000002
26295,25.88433333333333
26296,19.84
26297,25.15
26298,26.423333333333332
26299,28.75333333333333
26300,38.15
26301,29.256666666666668
26302,20.51
26303,33.925
26304,29.020000000000003
26305,26.393333333333338
26306,33.32
26307,31.295
26308,21.33
26309,40.83
26310,18.27
26311,34.73
26312,25.645000000000003
26313,19.9
26314,35.065
26315,32.51
26316,30.380000000000003
26317,21.01
26318,0.0
26319,27.662
26320,20.456666666666663
26321,21.255
26322,21.47
26323,16.815
26324,31.095
26325,26.854999999999997
26326,10.329999999999998
26327,17.056666666666665
26328,26.54333333333333
26329,24.538333333333327
26330,22.421666666666667
26331,0.0
26332,22.9
26333,30.0
26334,18.81
26335,24.45833333333333
26336,33.145
26337,27.46
26338,26.06666666666667
26339,22.619999999999997
26340,32.82333333333333
26341,28.409999999999997
26342,27.28
26343,25.0
26344,16.0
26345,22.0
26346,30.25
26347,27.0
26348,37.21
26349,37.05333333333333
26350,31.509999999999998
26351,34.44
26352,32.55
26353,30.0
26354,22.660666666666664
26355,22.490000000000002
26356,24.578333333333333
26357,23.685000000000002
26358,21.41
26359,28.53
26360,19.78
26361,26.29
26362,27.145000000000003
26363,32.595
26364,35.17
26365,34.98333333333333
26366,31.398333333333333
26367,38.44
26368,29.541666666666657
26369,34.14333333333334
26370,27.450000000000003
26371,40.32
26372,35.2
26373,30.645000000000003
26374,30.145000000000003
26375,25.090000000000003
26376,26.884999999999998
26377,37.751000000000005
26378,27.733333333333327
26379,30.195
26380,25.034999999999997
26381,29.759999999999998
26382,25.115000000000002
26383,24.659999999999997
26384,28.35
26385,25.953333333333333
26386,37.665
26387,32.8475
26388,35.415
26389,42.0
26390,28.189999999999998
26391,27.64
26392,25.45666666666667
26393,23.235
26394,30.35
26395,33.94
26396,29.733333333333327
26397,41.02
26398,33.00666666666667
26399,39.31
26400,34.33
26401,24.563333333333333
26402,31.630000000000003
26403,20.73
26404,24.369999999999997
26405,23.090000000000003
26406,31.770000000000003
26407,0.0
26408,18.01
26409,28.916666666666657
26410,29.83
26411,34.16333333333333
26412,29.17
26413,25.36333333333333
26414,41.71
26415,26.854999999999997
26416,33.8
26417,40.723333333333336
26418,34.62
26419,36.96
26420,57.0
26421,34.96
26422,32.745
26423,29.520000000000003
26424,28.255000000000003
26425,24.21
26426,37.92
26427,28.41666666666667
26428,37.88
26429,31.883333333333333
26430,56.0
26431,33.0475
26432,38.68333333333333
26433,32.825
26434,37.375
26435,34.2
26436,28.79
26437,32.14
26438,39.4
26439,37.0
26440,0.0
26441,26.759999999999998
26442,38.30583333333334
26443,40.30666666666666
26444,40.07
26445,36.41133333333334
26446,45.45
26447,18.09
26448,33.51
26449,42.0
26450,34.71
26451,26.369999999999997
26452,26.488999999999997
26453,29.659
26454,29.840000000000003
26455,29.515
26456,27.75
26457,28.564999999999998
26458,24.04
26459,23.474000000000004
26460,36.58
26461,30.22
26462,11.91
26463,18.015
26464,23.534999999999997
26465,15.809999999999999
26466,29.715000000000003
26467,22.085
26468,24.299999999999997
26469,23.17666666666667
26470,26.808333333333337
26471,32.68
26472,21.076666666666664
26473,29.769
26474,17.815
26475,17.30333333333333
26476,28.159999999999997
26477,22.43
26478,29.39
26479,22.696666666666665
26480,26.61
26481,37.865
26482,17.34
26483,28.15
26484,24.35666666666667
26485,28.205
26486,27.314999999999998
26487,42.035
26488,31.705
26489,32.66333333333333
26490,25.18
26491,25.630000000000003
26492,18.56
26493,29.61166666666667
26494,27.515
26495,30.979999999999997
26496,26.104999999999997
26497,27.151666666666657
26498,28.561666666666667
26499,20.933333333333334
26500,26.83
26501,34.53
26502,29.47
26503,30.32266666666667
26504,22.435000000000002
26505,18.95
26506,26.240000000000002
26507,0.0
26508,25.715000000000003
26509,27.78666666666667
26510,30.93
26511,18.97
26512,31.85833333333334
26513,25.220000000000006
26514,22.060000000000002
26515,18.76
26516,27.43
26517,29.955000000000005
26518,25.4
26519,22.229999999999997
26520,23.340000000000003
26521,28.189999999999998
26522,24.57
26523,19.75733333333333
26524,27.82
26525,26.933333333333337
26526,34.05
26527,28.248333333333335
26528,32.72166666666667
26529,30.17
26530,27.68
26531,18.63
26532,32.0
26533,26.96
26534,25.28333333333333
26535,25.125
26536,19.75
26537,26.769
26538,25.54
26539,25.435000000000002
26540,21.01
26541,28.82
26542,24.11
26543,27.51166666666667
26544,30.415
26545,24.130000000000003
26546,23.42
26547,29.453333333333333
26548,24.465000000000003
26549,24.111666666666665
26550,29.101666666666667
26551,36.24
26552,21.68
26553,34.06333333333333
26554,17.94
26555,23.14
26556,69.0
26557,27.630000000000003
26558,6.0
26559,33.26
26560,25.880000000000003
26561,28.723333333333336
26562,27.0
26563,0.0
26564,29.21666666666667
26565,33.22
26566,24.185000000000002
26567,25.42
26568,30.953000000000003
26569,26.744999999999997
26570,48.0
26571,26.28333333333333
26572,0.0
26573,11.649999999999999
26574,22.560000000000002
26575,21.29
26576,30.576666666666668
26577,31.560000000000002
26578,20.48
26579,24.31666666666667
26580,28.659999999999997
26581,29.92
26582,14.135000000000002
26583,4.75
26584,21.15333333333333
26585,30.25
26586,33.33
26587,26.05166666666667
26588,32.64333333333334
26589,17.39
26590,0.0
26591,26.683333333333337
26592,28.876666666666672
26593,55.0
26594,22.333333333333336
26595,70.0
26596,35.83
26597,15.149999999999999
26598,39.36
26599,35.0
26600,37.18
26601,75.0
26602,34.06
26603,26.29333333333333
26604,27.57
26605,21.14333333333333
26606,30.869999999999997
26607,28.520000000000003
26608,37.345
26609,26.674999999999997
26610,32.1425
26611,34.82
26612,39.62214285714286
26613,40.63
26614,57.0
26615,28.26333333333333
26616,33.7
26617,53.0
26618,60.0
26619,34.05571428571429
26620,40.13
26621,39.54666666666667
26622,13.75
26623,29.718333333333327
26624,40.0
26625,28.4
26626,24.270000000000003
26627,23.57
26628,18.7
26629,28.46
26630,38.72
26631,18.491
26632,28.450000000000003
26633,17.66666666666665
26634,29.927500000000002
26635,28.75
26636,29.46666666666667
26637,33.51333333333334
26638,25.259999999999998
26639,29.68
26640,24.015
26641,25.493333333333332
26642,29.200000000000003
26643,34.82
26644,23.560000000000002
26645,0.0
26646,35.31
26647,30.159999999999997
26648,14.97666666666667
26649,26.590000000000003
26650,25.28
26651,34.57
26652,30.840000000000003
26653,22.22
26654,33.61333333333333
26655,28.799999999999997
26656,17.95
26657,32.59
26658,47.0
26659,27.861666666666665
26660,35.28
26661,23.39
26662,26.659
26663,48.0
26664,26.240000000000002
26665,26.655
26666,28.261666666666663
26667,16.7
26668,25.770000000000003
26669,29.045
26670,20.966666666666665
26671,26.83833333333333
26672,26.707500000000003
26673,43.47
26674,26.235
26675,29.759999999999998
26676,37.92333333333333
26677,38.005
26678,35.135
26679,22.956666666666663
26680,25.03666666666667
26681,28.84666666666667
26682,30.836666666666673
26683,23.590000000000003
26684,5.823333333333332
26685,34.34
26686,12.204999999999998
26687,52.0
26688,31.740000000000002
26689,38.74
26690,22.200000000000003
26691,34.735
26692,27.54
26693,26.965000000000003
26694,19.36
26695,8.0
26696,39.35
26697,36.86
26698,25.560000000000002
26699,23.25
26700,22.950000000000003
26701,17.07
26702,29.6
26703,39.6975
26704,36.45
26705,25.990000000000002
26706,63.25
26707,33.46
26708,15.219999999999999
26709,29.009999999999998
26710,24.659999999999997
26711,37.335
26712,29.165
26713,28.636666666666663
26714,15.370000000000001
26715,50.0
26716,28.159999999999997
26717,37.2
26718,21.28833333333333
26719,23.119999999999997
26720,26.805
26721,35.41666666666667
26722,24.909999999999997
26723,34.35
26724,32.19
26725,26.9375
26726,30.28
26727,37.64
26728,19.99
26729,33.71833333333334
26730,28.025
26731,37.24
26732,27.200000000000003
26733,29.35
26734,17.75
26735,28.92
26736,32.935
26737,30.475
26738,35.85833333333333
26739,36.67
26740,23.560000000000002
26741,34.25166666666666
26742,27.025
26743,24.119999999999997
26744,24.840000000000003
26745,29.36
26746,24.1
26747,27.520000000000003
26748,28.11
26749,30.064999999999998
26750,27.439999999999998
26751,37.85
26752,34.57333333333334
26753,28.9
26754,40.20416666666666
26755,27.183999999999997
26756,32.12
26757,27.395000000000003
26758,19.97
26759,25.494999999999997
26760,22.85
26761,29.340000000000003
26762,38.4875
26763,31.909999999999997
26764,31.759999999999998
26765,35.52
26766,27.729999999999997
26767,26.365000000000002
26768,22.47
26769,28.863333333333337
26770,27.950000000000003
26771,31.549999999999997
26772,33.94
26773,39.445
26774,26.939999999999998
26775,26.445
26776,47.0
26777,30.39
26778,32.69
26779,32.96571428571429
26780,20.88
26781,29.25
26782,59.0
26783,29.975
26784,31.27666666666667
26785,22.525
26786,22.064999999999998
26787,25.9
26788,27.82
26789,37.0
26790,17.43
26791,24.840000000000003
26792,20.61
26793,15.079999999999998
26794,28.18
26795,31.659999999999997
26796,20.03
26797,29.259999999999998
26798,28.57
26799,36.74
26800,31.560000000000002
26801,30.5075
26802,27.58
26803,22.07
26804,38.055
26805,39.25
26806,31.82
26807,47.91
26808,32.988
26809,24.21
26810,32.927
26811,34.33
26812,31.770000000000003
26813,36.66
26814,35.73
26815,36.4825
26816,33.85
26817,65.0
26818,63.0
26819,27.369999999999997
26820,18.56
26821,19.02
26822,33.15
26823,28.560000000000002
26824,59.0
26825,21.505
26826,24.945
26827,56.0
26828,23.0
26829,36.74
26830,19.18
26831,39.655
26832,27.11
26833,40.65
26834,26.57
26835,23.880000000000003
26836,34.62
26837,54.0
26838,41.64
26839,2.619999999999999
26840,30.560000000000002
26841,33.75
26842,37.473333333333336
26843,27.840000000000003
26844,22.020000000000003
26845,23.634999999999998
26846,32.49
26847,13.600000000000001
26848,31.090000000000003
26849,32.53
26850,37.43
26851,26.924999999999997
26852,32.83
26853,38.055
26854,69.0
26855,43.2
26856,36.325
26857,48.09
26858,33.2
26859,29.770000000000003
26860,36.64
26861,27.689999999999998
26862,36.98
26863,31.799999999999997
26864,31.92
26865,30.795
26866,36.9
26867,37.955
26868,42.08
26869,36.315
26870,43.8225
26871,39.765
26872,41.38
26873,26.130000000000003
26874,30.229999999999997
26875,37.87
26876,37.096
26877,43.9075
26878,57.0
26879,35.3125
26880,45.0
26881,40.07
26882,31.020000000000003
26883,34.41
26884,33.895
26885,24.945
26886,38.31
26887,28.17
26888,48.0
26889,36.66
26890,30.299999999999997
26891,31.57
26892,41.79
26893,29.979999999999997
26894,29.229999999999997
26895,37.23666666666666
26896,36.255
26897,49.0
26898,32.09
26899,48.69016666666666
26900,47.065
26901,36.82
26902,36.875
26903,35.35
26904,27.65
26905,36.35
26906,41.1
26907,31.765
26908,37.5
26909,41.875
26910,28.61
26911,48.0
26912,30.729999999999997
26913,34.905
26914,33.14
26915,32.675
26916,36.615
26917,62.0
26918,37.37
26919,33.07
26920,31.1
26921,36.805
26922,32.02
26923,28.534999999999997
26924,30.33
26925,36.51
26926,29.509999999999998
26927,31.61
26928,31.659999999999997
26929,33.98
26930,27.65
26931,31.119999999999997
26932,32.81
26933,21.51
26934,36.43
26935,28.435000000000002
26936,33.14571428571429
26937,31.604999999999997
26938,34.5
26939,28.97
26940,29.810000000000002
26941,28.130000000000003
26942,24.490000000000002
26943,32.2575
26944,45.67
26945,43.78
26946,30.15
26947,21.77
26948,23.9
26949,27.64571428571429
26950,16.57
26951,31.115000000000002
26952,28.28
26953,32.1
26954,29.54
26955,28.9925
26956,35.275
26957,26.509999999999998
26958,33.74
26959,24.57
26960,37.905
26961,29.814999999999998
26962,28.700000000000003
26963,29.6575
26964,35.25
26965,32.29
26966,30.512500000000003
26967,33.44
26968,34.5575
26969,38.645
26970,29.945
26971,24.299999999999997
26972,30.020000000000003
26973,30.200000000000003
26974,33.33
26975,21.245
26976,27.795
26977,31.15
26978,30.479999999999997
26979,30.270000000000003
26980,28.85
26981,17.99
26982,35.455
26983,41.01
26984,32.505
26985,40.175
26986,27.740000000000002
26987,29.759999999999998
26988,34.515
26989,25.79
26990,36.73
26991,29.96
26992,47.946714285714286
26993,26.64
26994,22.310000000000002
26995,31.095
26996,33.95
26997,27.83
26998,27.689999999999998
26999,28.060000000000002
27000,34.23
27001,25.439999999999998
27002,33.065
27003,35.285
27004,26.82
27005,26.939999999999998
27006,26.735
27007,21.06
27008,26.32
27009,28.57
27010,19.75
27011,31.295
27012,37.7325
27013,28.83
27014,23.060000000000002
27015,30.96
27016,25.18
27017,23.479999999999997
27018,27.2275
27019,29.421999999999997
27020,38.11
27021,29.840000000000003
27022,34.35
27023,32.25
27024,28.68
27025,26.904000000000003
27026,24.22
27027,28.880000000000003
27028,30.83
27029,33.475
27030,34.17
27031,30.270000000000003
27032,10.670000000000002
27033,26.96
27034,33.665
27035,31.47
27036,35.91
27037,35.805
27038,27.340000000000003
27039,28.729999999999997
27040,35.084
27041,32.71
27042,33.86
27043,15.52
27044,31.439999999999998
27045,34.48
27046,39.77
27047,28.5
27048,31.705
27049,32.39
27050,43.79666666666666
27051,22.939999999999998
27052,36.57666666666666
27053,35.53
27054,27.979999999999997
27055,25.46
27056,27.58
27057,33.69
27058,19.725
27059,34.2
27060,32.94666666666666
27061,32.24
27062,35.0
27063,30.700000000000003
27064,33.24333333333333
27065,22.270000000000003
27066,22.520000000000003
27067,34.745
27068,40.49
27069,30.96
27070,35.12
27071,28.17
27072,35.395
27073,34.005
27074,33.48
27075,29.810000000000002
27076,34.17
27077,30.740000000000002
27078,27.799999999999997
27079,30.479999999999997
27080,28.159999999999997
27081,28.450000000000003
27082,32.8
27083,40.29
27084,31.64
27085,34.81
27086,41.13
27087,32.46
27088,37.48
27089,19.81
27090,23.39
27091,32.0
27092,30.619999999999997
27093,36.53
27094,35.95
27095,31.255000000000003
27096,30.6
27097,22.25
27098,34.89
27099,39.405
27100,36.05
27101,33.97
27102,33.49
27103,25.656999999999996
27104,30.534999999999997
27105,38.46
27106,23.009999999999998
27107,32.19166666666666
27108,27.555714285714288
27109,29.97
27110,24.869999999999997
27111,31.240000000000002
27112,33.53
27113,32.29
27114,34.27
27115,20.66
27116,26.295
27117,22.93
27118,34.67
27119,33.252
27120,32.14
27121,38.34
27122,28.32
27123,21.822
27124,22.369999999999997
27125,21.95
27126,30.25
27127,27.380000000000003
27128,30.795
27129,23.96
27130,29.729999999999997
27131,37.23833333333333
27132,31.35
27133,22.009999999999998
27134,34.6175
27135,32.41
27136,26.376666666666672
27137,30.54
27138,20.53
27139,31.034999999999997
27140,31.395000000000003
27141,34.19628571428572
27142,21.012
27143,38.13
27144,38.65
27145,23.630000000000003
27146,17.94
27147,35.394
27148,21.212
27149,36.155
27150,24.445
27151,19.19
27152,26.799999999999997
27153,28.0
27154,27.764000000000003
27155,37.12
27156,30.9095
27157,30.534999999999997
27158,32.052
27159,33.445
27160,23.865000000000002
27161,22.259999999999998
27162,31.619999999999997
27163,32.67
27164,32.26
27165,26.034999999999997
27166,38.22
27167,23.740000000000002
27168,30.15
27169,35.23
27170,42.72914285714285
27171,32.25
27172,13.3
27173,30.462000000000003
27174,32.82
27175,29.53
27176,81.0
27177,24.056999999999995
27178,22.119999999999997
27179,28.28
27180,30.42
27181,26.08
27182,25.35
27183,19.57
27184,28.822000000000003
27185,37.575
27186,24.582
27187,32.3675
27188,32.87
27189,23.567
27190,26.47
27191,40.595
27192,31.71
27193,23.049999999999997
27194,55.0
27195,25.630000000000003
27196,31.270000000000003
27197,9.73
27198,41.94
27199,39.22
27200,25.490000000000002
27201,20.46
27202,21.83
27203,26.29
27204,29.11
27205,27.429714285714283
27206,23.235
27207,32.01
27208,28.810000000000002
27209,21.36
27210,24.380000000000003
27211,27.311999999999998
27212,29.58
27213,20.65
27214,21.93
27215,23.310000000000002
27216,50.0
27217,58.0
27218,28.159999999999997
27219,55.0
27220,36.1
27221,30.801000000000002
27222,40.235
27223,78.0
27224,44.0
27225,33.25
27226,30.689999999999998
27227,29.6
27228,30.795
27229,37.345
27230,40.02
27231,76.0
27232,27.049999999999997
27233,33.47
27234,36.5
27235,36.35
27236,28.509999999999998
27237,55.0
27238,26.36
27239,40.565
27240,29.42
27241,28.39
27242,39.4
27243,34.505
27244,31.130000000000003
27245,17.95
27246,34.06
27247,35.055
27248,72.0
27249,29.700000000000003
27250,46.96857142857143
27251,32.49
27252,60.0
27253,30.990000000000002
27254,32.795
27255,30.96
27256,36.15
27257,33.52
27258,53.0
27259,33.13
27260,41.645
27261,65.0
27262,40.66
27263,39.37
27264,31.175714285714285
27265,41.28
27266,34.93
27267,73.0
27268,37.77833333333333
27269,41.86
27270,40.33666666666666
27271,30.28
27272,37.37
27273,36.23
27274,33.66
27275,27.64866666666667
27276,39.95857142857143
27277,14.96
27278,21.53
27279,25.799999999999997
27280,22.0
27281,31.994999999999997
27282,23.33
27283,32.195
27284,31.626000000000005
27285,31.9
27286,29.47
27287,25.96
27288,31.0
27289,45.105
27290,35.39
27291,36.31
27292,30.520000000000003
27293,31.025
27294,31.32
27295,33.0
27296,18.65
27297,29.83
27298,37.75
27299,31.235999999999997
27300,34.0
27301,30.35
27302,29.229999999999997
27303,34.215
27304,28.0
27305,24.0
27306,41.281666666666666
27307,31.08
27308,46.4775
27309,37.46
27310,30.310000000000002
27311,44.49
27312,38.74
27313,40.76
27314,28.0
27315,35.62
27316,34.67
27317,22.869999999999997
27318,35.51
27319,43.891000000000005
27320,44.035
27321,33.455
27322,30.865000000000002
27323,33.88857142857143
27324,35.32
27325,30.377499999999998
27326,37.7
27327,34.235
27328,40.49
27329,32.87
27330,33.092
27331,39.24
27332,35.69
27333,43.22
27334,21.99
27335,31.707500000000003
27336,23.32
27337,30.045
27338,31.110833333333332
27339,19.5
27340,24.01333333333333
27341,29.659999999999997
27342,27.270000000000003
27343,32.53
27344,35.81
27345,23.273333333333333
27346,26.159999999999997
27347,15.7
27348,21.38
27349,34.89
27350,43.82
27351,31.248000000000005
27352,23.35
27353,30.880000000000003
27354,26.310000000000002
27355,34.59
27356,35.2875
27357,38.37
27358,34.15
27359,32.62
27360,10.440000000000001
27361,42.77
27362,27.5
27363,25.494999999999997
27364,33.5775
27365,27.509999999999998
27366,24.35
27367,30.405
27368,24.613333333333337
27369,28.79
27370,25.688333333333333
27371,31.121666666666663
27372,21.435
27373,25.222499999999997
27374,29.79
27375,30.810000000000002
27376,24.1
27377,21.26
27378,27.21
27379,18.96
27380,16.93
27381,38.505
27382,20.08
27383,28.549999999999997
27384,38.52
27385,41.75
27386,32.945
27387,20.16
27388,26.54
27389,41.27
27390,27.845
27391,39.53
27392,17.37
27393,31.810000000000002
27394,27.345
27395,41.05
27396,34.62
27397,25.53
27398,15.196666666666665
27399,21.33
27400,18.55
27401,29.29
27402,14.79
27403,33.365
27404,27.685000000000002
27405,15.11
27406,27.943333333333328
27407,31.5
27408,22.705
27409,15.815000000000001
27410,21.38
27411,32.63
27412,34.29
27413,24.674999999999997
27414,41.51166666666666
27415,25.235
27416,35.19
27417,25.979999999999997
27418,24.4
27419,35.6375
27420,28.07
27421,32.32
27422,19.975
27423,35.312
27424,32.99
27425,27.845
27426,31.119999999999997
27427,35.28
27428,27.619999999999997
27429,32.91
27430,13.73
27431,32.66607142857143
27432,28.85
27433,26.46
27434,23.0
27435,32.89
27436,34.56
27437,34.885
27438,19.31
27439,40.25
27440,33.255
27441,28.096666666666657
27442,29.450000000000003
27443,34.33166666666666
27444,18.76
27445,31.110833333333332
27446,17.15
27447,24.165
27448,26.009999999999998
27449,25.939999999999998
27450,20.965
27451,25.46
27452,24.07
27453,12.809999999999999
27454,28.57
27455,20.75
27456,24.705
27457,27.284999999999997
27458,29.68
27459,20.94
27460,15.489999999999998
27461,27.78
27462,33.91
27463,25.493333333333332
27464,30.821666666666665
27465,33.342666666666666
27466,20.19
27467,19.66
27468,26.35
27469,45.715
27470,21.93
27471,29.630000000000003
27472,9.64
27473,22.965000000000003
27474,27.578333333333333
27475,26.15
27476,22.82
27477,13.41
27478,31.479999999999997
27479,46.0
27480,26.57
27481,27.3575
27482,21.96
27483,34.345
27484,31.784999999999997
27485,34.985
27486,36.196000000000005
27487,26.479999999999997
27488,33.75
27489,37.54666666666667
27490,31.92
27491,27.07
27492,23.68
27493,28.924999999999997
27494,37.5
27495,39.13
27496,23.310000000000002
27497,31.509999999999998
27498,36.655
27499,32.03
27500,29.11
27501,31.96
27502,34.4
27503,32.63
27504,18.42
27505,35.53
27506,16.99
27507,31.740000000000002
27508,12.454999999999998
27509,38.01
27510,31.409999999999997
27511,27.990000000000002
27512,39.87
27513,22.380000000000003
27514,30.590000000000003
27515,28.155
27516,19.718000000000004
27517,25.305
27518,33.525
27519,16.89
27520,27.950000000000003
27521,29.130000000000003
27522,28.96
27523,32.195
27524,34.15
27525,28.46
27526,22.270000000000003
27527,26.884999999999998
27528,36.044
27529,32.88
27530,33.96
27531,30.08
27532,32.83
27533,32.315
27534,30.54
27535,29.18
27536,29.840000000000003
27537,28.590000000000003
27538,27.67
27539,32.93600000000001
27540,29.46
27541,33.57
27542,25.380000000000003
27543,35.05
27544,34.59
27545,41.495
27546,31.185000000000002
27547,40.176
27548,60.0
27549,36.74
27550,33.22857142857143
27551,38.36
27552,28.33
27553,30.685000000000002
27554,32.73
27555,20.21
27556,43.0
27557,40.0
27558,46.595
27559,37.475
27560,60.0
27561,38.0
27562,39.0
27563,40.6725
27564,35.005
27565,34.72
27566,46.0
27567,35.5
27568,41.74
27569,29.0
27570,37.0
27571,61.0
27572,37.74
27573,56.0
27574,33.89
27575,37.50833333333333
27576,44.99
27577,53.0
27578,59.0
27579,22.4
27580,56.0
27581,65.0
27582,30.926000000000002
27583,37.255
27584,40.965
27585,70.0
27586,57.0
27587,47.495
27588,52.435
27589,37.3775
27590,43.445
27591,33.0
27592,53.0
27593,58.0
27594,29.25
27595,42.401
27596,45.1
27597,61.0
27598,34.99833333333334
27599,33.956
27600,42.465
27601,35.835
27602,42.24
27603,62.0
27604,38.38
27605,27.200000000000003
27606,67.0
27607,34.14
27608,39.77
27609,39.92
27610,31.4
27611,35.805
27612,26.43
27613,40.0
27614,42.935
27615,32.81
27616,36.59
27617,31.341
27618,30.939999999999998
27619,37.065
27620,42.506
27621,34.05
27622,23.475
27623,43.3725
27624,25.795
27625,52.0
27626,43.18
27627,38.5975
27628,25.240000000000002
27629,32.065
27630,26.551000000000002
27631,31.92
27632,56.0
27633,31.83
27634,25.655
27635,25.931666666666665
27636,45.0
27637,20.531
27638,33.94
27639,33.2625
27640,26.880000000000003
27641,58.0
27642,32.35
27643,35.63
27644,33.43
27645,30.729999999999997
27646,32.135
27647,21.65
27648,19.75
27649,34.1725
27650,21.72
27651,16.5
27652,24.14
27653,17.66
27654,21.65
27655,39.545
27656,0.0
27657,28.65
27658,24.96
27659,17.385
27660,25.130000000000003
27661,21.9
27662,11.855
27663,21.12
27664,32.73
27665,26.08166666666667
27666,30.705
27667,14.86
27668,27.759999999999998
27669,26.229999999999997
27670,12.21
27671,54.0
27672,18.335
27673,8.23
27674,22.729999999999997
27675,20.385
27676,36.9
27677,19.93
27678,9.386666666666667
27679,23.36
27680,24.799999999999997
27681,18.33
27682,27.935000000000002
27683,19.54
27684,12.0
27685,40.74833333333333
27686,27.03
27687,47.0
27688,21.34
27689,21.095
27690,24.305
27691,26.689999999999998
27692,24.29
27693,23.5
27694,0.0
27695,23.270000000000003
27696,26.67
27697,25.740000000000002
27698,21.14
27699,70.0
27700,8.855
27701,15.8
27702,23.57
27703,32.62
27704,24.939999999999998
27705,12.420000000000002
27706,22.979999999999997
27707,23.665
27708,0.0
27709,20.13
27710,27.515
27711,21.46
27712,31.82666666666666
27713,25.380000000000003
27714,38.56833333333333
27715,30.855476190476203
27716,28.055
27717,20.78
27718,32.0625
27719,10.629999999999999
27720,29.93
27721,67.0
27722,12.32
27723,20.97
27724,20.916666666666664
27725,19.61
27726,14.120000000000001
27727,19.13
27728,21.77
27729,30.28
27730,22.354999999999997
27731,25.65
27732,27.775
27733,12.57
27734,30.345
27735,19.15
27736,24.590000000000003
27737,23.020000000000003
27738,16.35
27739,19.62
27740,22.145000000000003
27741,22.884999999999998
27742,7.949999999999999
27743,27.055
27744,32.25
27745,23.67
27746,25.92
27747,19.95
27748,32.395
27749,32.6
27750,31.265
27751,51.0
27752,53.0
27753,30.009999999999998
27754,24.759999999999998
27755,39.115
27756,31.075000000000003
27757,40.48
27758,34.84
27759,24.04
27760,38.385
27761,41.38
27762,21.4
27763,16.265
27764,41.38
27765,30.32
27766,36.45666666666666
27767,42.0
27768,34.325
27769,25.61
27770,31.375
27771,26.43
27772,30.645000000000003
27773,29.031666666666666
27774,40.83
27775,18.42
27776,32.25
27777,29.659999999999997
27778,38.58833333333334
27779,36.395
27780,0.0
27781,43.89166666666667
27782,35.83
27783,34.81166666666667
27784,28.4
27785,20.07
27786,23.75
27787,28.365000000000002
27788,41.72
27789,31.63142857142857
27790,38.245
27791,34.395
27792,31.924999999999997
27793,31.82666666666666
27794,26.994999999999997
27795,30.722499999999997
27796,28.424999999999997
27797,27.545
27798,33.67
27799,31.0
27800,21.77
27801,35.87
27802,23.735
27803,27.11
27804,25.020000000000003
27805,24.466
27806,42.32
27807,36.85
27808,28.0
27809,32.05
27810,28.07
27811,28.130000000000003
27812,32.61
27813,29.07
27814,26.090000000000003
27815,25.310000000000002
27816,27.270000000000003
27817,29.03
27818,22.450000000000003
27819,26.380000000000003
27820,26.21
27821,25.14
27822,40.56
27823,36.15
27824,29.439999999999998
27825,29.549999999999997
27826,32.28
27827,35.695
27828,24.630000000000003
27829,29.47
27830,37.7
27831,34.05
27832,29.18
27833,31.509999999999998
27834,35.875
27835,34.685
27836,29.421999999999997
27837,37.91
27838,32.11
27839,33.53333333333334
27840,35.33
27841,30.799999999999997
27842,33.59
27843,36.16
27844,30.409999999999997
27845,32.36
27846,37.32
27847,30.840000000000003
27848,34.16
27849,29.595
27850,36.654
27851,31.955
27852,31.9075
27853,31.33
27854,31.5
27855,40.355
27856,32.76
27857,33.04
27858,35.685
27859,37.68
27860,34.57
27861,30.630000000000003
27862,28.619999999999997
27863,40.105
27864,26.75
27865,25.75
27866,27.939999999999998
27867,63.5
27868,38.30571428571429
27869,25.634999999999998
27870,31.1
27871,27.9
27872,22.96
27873,43.03
27874,30.810000000000002
27875,32.215
27876,12.43
27877,30.68
27878,22.406666666666666
27879,27.737142857142857
27880,20.43
27881,28.64
27882,26.57
27883,24.068333333333328
27884,20.41
27885,18.07
27886,16.36
27887,18.84
27888,29.340000000000003
27889,19.6
27890,23.86
27891,23.119999999999997
27892,2.994999999999999
27893,18.28
27894,20.21
27895,25.490000000000002
27896,17.05
27897,18.87
27898,16.3
27899,20.85
27900,42.21571428571429
27901,16.85
27902,12.04
27903,27.259999999999998
27904,14.809999999999999
27905,4.26
27906,21.89
27907,17.13
27908,22.979999999999997
27909,24.620714285714286
27910,28.85
27911,28.89
27912,15.2
27913,23.380000000000003
27914,17.28
27915,18.52
27916,12.579999999999998
27917,33.1
27918,14.260000000000002
27919,20.61
27920,28.630000000000003
27921,32.45333333333334
27922,5.09
27923,14.260000000000002
27924,29.996000000000002
27925,20.14666666666667
27926,23.560000000000002
27927,16.87
27928,21.75
27929,21.52
27930,19.25
27931,24.369999999999997
27932,23.159999999999997
27933,19.36
27934,28.509999999999998
27935,23.04
27936,19.34
27937,20.26
27938,12.399999999999999
27939,24.07
27940,46.99
27941,18.88
27942,11.18
27943,20.92
27944,15.739999999999998
27945,14.23
27946,34.98
27947,19.68
27948,23.509999999999998
27949,25.659999999999997
27950,21.435
27951,29.473
27952,35.96
27953,22.909999999999997
27954,17.93
27955,27.796999999999997
27956,5.73
27957,17.06
27958,6.059999999999999
27959,40.48
27960,24.560000000000002
27961,16.74
27962,12.129999999999999
27963,27.865000000000002
27964,29.64
27965,11.940000000000001
27966,23.939999999999998
27967,62.0
27968,11.510000000000002
27969,20.48
27970,33.21
27971,0.0
27972,16.78
27973,11.379999999999999
27974,26.75
27975,17.45
27976,7.09
27977,0.0
27978,23.64
27979,9.559999999999999
27980,6.109999999999999
27981,3.9700000000000006
27982,28.502499999999998
27983,20.385
27984,17.54
27985,31.409999999999997
27986,0.0
27987,14.905000000000001
27988,9.969999999999999
27989,22.21
27990,23.515
27991,19.89
27992,17.49
27993,10.45
27994,13.93
27995,25.509999999999998
27996,27.11
27997,9.27
27998,21.995
27999,3.039999999999999
28000,27.076666666666668
28001,43.46
28002,22.814999999999998
28003,15.34
28004,13.774999999999999
28005,18.25
28006,11.41
28007,18.27
28008,11.844999999999999
28009,17.95
28010,14.84
28011,8.276666666666664
28012,3.4000000000000004
28013,15.059999999999999
28014,28.28
28015,11.166
28016,30.57
28017,24.509999999999998
28018,17.8
28019,25.36
28020,23.825000000000003
28021,19.59
28022,17.14
28023,24.159999999999997
28024,24.299999999999997
28025,23.225
28026,24.475
28027,22.645000000000003
28028,10.600000000000001
28029,18.71666666666667
28030,20.2
28031,27.060000000000002
28032,12.579999999999998
28033,19.915
28034,21.82
28035,31.58
28036,20.14
28037,23.869999999999997
28038,24.200000000000003
28039,15.71
28040,12.96
28041,23.72
28042,11.850000000000001
28043,22.490000000000002
28044,21.63
28045,34.09
28046,18.93
28047,15.899999999999999
28048,4.1
28049,30.42
28050,39.09416666666666
28051,25.490000000000002
28052,27.689999999999998
28053,25.93
28054,37.0
28055,21.52
28056,20.89
28057,17.22
28058,32.89
28059,53.06
28060,41.16
28061,36.0
28062,30.14
28063,25.031999999999996
28064,28.229999999999997
28065,38.40833333333334
28066,41.45
28067,43.905
28068,32.61
28069,31.07
28070,38.03
28071,32.225
28072,30.310000000000002
28073,38.95
28074,36.26
28075,34.36
28076,33.525
28077,33.185
28078,30.68
28079,35.0625
28080,45.36
28081,37.18
28082,33.25
28083,39.44
28084,45.4
28085,39.715
28086,41.09
28087,37.94
28088,31.729999999999997
28089,28.63666666666667
28090,62.0
28091,32.26
28092,26.72
28093,31.215000000000003
28094,26.880000000000003
28095,43.99
28096,36.41
28097,44.41
28098,23.22
28099,27.646
28100,37.98
28101,32.98
28102,29.65
28103,27.0
28104,24.071666666666665
28105,25.18
28106,26.61
28107,18.935
28108,14.885000000000002
28109,23.83
28110,26.494999999999997
28111,43.51
28112,19.89
28113,30.92
28114,28.950000000000003
28115,22.83
28116,19.56
28117,28.39
28118,19.7
28119,19.025
28120,18.81
28121,25.016666666666666
28122,25.161
28123,18.45
28124,30.1325
28125,23.295
28126,26.78
28127,24.17
28128,13.34
28129,15.170000000000002
28130,19.0
28131,23.200000000000003
28132,23.965000000000003
28133,18.16
28134,16.94
28135,22.412
28136,19.115
28137,26.770000000000003
28138,30.14
28139,20.29
28140,23.11
28141,32.275
28142,32.095
28143,27.65
28144,13.329999999999998
28145,20.38
28146,23.36
28147,25.15
28148,23.595
28149,26.479999999999997
28150,18.88
28151,26.909999999999997
28152,26.85
28153,29.72
28154,32.71
28155,23.630000000000003
28156,26.35
28157,23.015
28158,25.35
28159,20.19
28160,24.759999999999998
28161,19.54
28162,26.700000000000003
28163,22.880000000000003
28164,27.409999999999997
28165,32.14
28166,23.1
28167,18.66
28168,21.81
28169,36.725
28170,31.275
28171,37.69
28172,30.82
28173,33.91
28174,31.549999999999997
28175,31.450000000000003
28176,32.64
28177,29.060000000000002
28178,29.560000000000002
28179,32.61
28180,24.865000000000002
28181,35.58
28182,38.485
28183,26.93
28184,34.235
28185,27.770000000000003
28186,26.869999999999997
28187,30.595
28188,26.840000000000003
28189,34.765
28190,30.130000000000003
28191,35.17
28192,22.25
28193,32.045
28194,34.465
28195,30.33
28196,26.655
28197,28.384999999999998
28198,29.07
28199,31.1
28200,35.15
28201,33.6
28202,34.85
28203,28.479999999999997
28204,15.93
28205,30.490000000000002
28206,33.63
28207,21.62
28208,29.189999999999998
28209,54.0
28210,32.525
28211,34.61
28212,36.9125
28213,29.619999999999997
28214,25.71
28215,26.369999999999997
28216,23.46
28217,34.26
28218,27.950000000000003
28219,31.83
28220,19.865
28221,25.21
28222,62.0
28223,11.11
28224,28.979999999999997
28225,21.97
28226,32.93
28227,26.619999999999997
28228,28.340000000000003
28229,30.272
28230,28.271
28231,21.06
28232,17.26
28233,32.79
28234,32.56
28235,74.0
28236,8.25
28237,26.57
28238,26.92
28239,29.72833333333333
28240,32.3
28241,19.84
28242,15.32
28243,25.740000000000002
28244,31.026666666666657
28245,29.909999999999997
28246,26.78
28247,31.83
28248,27.840000000000003
28249,26.78
28250,22.409999999999997
28251,22.47
28252,29.53
28253,36.07
28254,21.785
28255,37.37
28256,38.10666666666667
28257,35.785
28258,18.31
28259,35.28
28260,31.689999999999998
28261,26.61
28262,21.51
28263,28.96
28264,31.216
28265,31.009999999999998
28266,29.549999999999997
28267,30.729999999999997
28268,33.65
28269,35.645
28270,22.674999999999997
28271,19.46
28272,33.27
28273,27.655
28274,36.105
28275,33.88
28276,27.490000000000002
28277,30.215000000000003
28278,31.983333333333327
28279,24.1
28280,41.58
28281,28.33
28282,42.53
28283,32.89
28284,34.55
28285,26.259999999999998
28286,31.4
28287,32.93
28288,23.799999999999997
28289,36.78
28290,33.77933333333334
28291,32.01
28292,36.495
28293,32.985
28294,30.909999999999997
28295,15.280000000000001
28296,33.76333333333334
28297,33.895
28298,12.024999999999999
28299,37.26
28300,31.549999999999997
28301,22.979999999999997
28302,62.0
28303,36.9
28304,29.979999999999997
28305,28.58
28306,22.814999999999998
28307,36.315
28308,34.0875
28309,29.395000000000003
28310,36.48
28311,35.885
28312,40.59
28313,29.020000000000003
28314,38.68
28315,37.37
28316,24.86
28317,28.65
28318,32.95
28319,31.125
28320,27.0
28321,42.61
28322,32.315
28323,49.7525
28324,37.44
28325,33.25
28326,31.67
28327,26.195
28328,33.67
28329,27.6
28330,28.96
28331,27.89
28332,30.36
28333,25.03
28334,22.380000000000003
28335,25.405
28336,32.47
28337,41.765
28338,25.46
28339,21.38
28340,35.985
28341,31.060000000000002
28342,40.79333333333334
28343,32.955
28344,30.950000000000003
28345,39.845
28346,29.17
28347,18.0
28348,33.86
28349,30.21
28350,27.805
28351,30.299999999999997
28352,28.14
28353,27.57
28354,29.759999999999998
28355,30.409999999999997
28356,45.76333333333334
28357,28.049999999999997
28358,32.755
28359,31.409999999999997
28360,21.03
28361,34.58
28362,41.5
28363,34.86
28364,37.43
28365,27.299999999999997
28366,29.185000000000002
28367,34.445
28368,37.785714285714285
28369,26.1
28370,37.08
28371,46.85
28372,30.0
28373,28.29
28374,39.76
28375,28.240000000000002
28376,42.67666666666666
28377,42.315
28378,28.46
28379,22.96
28380,31.729999999999997
28381,24.560000000000002
28382,32.72
28383,15.09
28384,30.75
28385,40.185
28386,24.36
28387,28.085
28388,25.42
28389,27.805999999999997
28390,28.740000000000002
28391,34.285714285714285
28392,40.89166666666667
28393,20.09
28394,24.270000000000003
28395,29.009999999999998
28396,17.83
28397,29.950000000000003
28398,23.93
28399,32.49
28400,31.6
28401,29.03
28402,27.714
28403,27.369999999999997
28404,17.835
28405,28.909999999999997
28406,30.740000000000002
28407,20.81
28408,29.85
28409,21.4
28410,28.6
28411,24.520000000000003
28412,11.11
28413,18.475
28414,21.26
28415,39.99
28416,12.454999999999998
28417,38.365
28418,23.705
28419,27.67
28420,32.8
28421,22.14
28422,22.229999999999997
28423,23.6
28424,17.56
28425,17.5
28426,28.1
28427,7.07
28428,18.32
28429,33.93
28430,26.08166666666667
28431,26.08
28432,15.71
28433,29.630000000000003
28434,24.119999999999997
28435,34.19
28436,39.69333333333334
28437,30.21
28438,34.02
28439,22.240000000000002
28440,32.83
28441,31.159999999999997
28442,28.810000000000002
28443,35.79
28444,9.0
28445,39.495
28446,30.65
28447,23.89
28448,30.909999999999997
28449,37.78
28450,29.759999999999998
28451,34.45
28452,28.143333333333338
28453,26.810000000000002
28454,23.79
28455,26.840000000000003
28456,33.15
28457,31.65
28458,19.26
28459,26.299999999999997
28460,27.35
28461,36.09
28462,31.240000000000002
28463,26.58
28464,21.42
28465,28.18
28466,30.54
28467,30.810000000000002
28468,35.3
28469,22.35
28470,23.240000000000002
28471,22.325000000000003
28472,15.75
28473,19.34
28474,21.9
28475,32.89
28476,9.84
28477,18.975
28478,20.425
28479,17.47
28480,18.63
28481,6.870000000000001
28482,19.465
28483,2.3000000000000007
28484,27.064999999999998
28485,17.98
28486,21.835
28487,25.369999999999997
28488,16.64
28489,13.899999999999999
28490,14.48
28491,22.134999999999998
28492,16.08
28493,23.78
28494,27.634999999999998
28495,34.61
28496,29.582500000000003
28497,54.0
28498,0.0
28499,24.57
28500,26.229999999999997
28501,19.36
28502,24.96
28503,10.10666666666667
28504,24.009999999999998
28505,21.96
28506,14.120000000000001
28507,23.229999999999997
28508,12.100000000000001
28509,12.68
28510,55.0
28511,31.229999999999997
28512,32.285
28513,30.18
28514,31.189999999999998
28515,14.86
28516,37.07666666666666
28517,21.55
28518,23.78
28519,21.355
28520,14.98
28521,28.205
28522,23.939999999999998
28523,32.35833333333333
28524,50.0
28525,23.58
28526,22.009999999999998
28527,24.68
28528,30.009999999999998
28529,25.505000000000003
28530,15.86
28531,31.159999999999997
28532,36.755
28533,26.79
28534,24.520000000000003
28535,17.92
28536,33.5
28537,18.27
28538,31.22
28539,25.479999999999997
28540,34.885
28541,32.535
28542,28.335
28543,34.64
28544,17.45
28545,33.28
28546,12.0
28547,13.59
28548,20.97
28549,17.385
28550,0.0
28551,11.844999999999999
28552,17.2
28553,22.847499999999997
28554,21.685
28555,14.440000000000001
28556,13.95
28557,21.82
28558,18.32
28559,26.08166666666667
28560,24.520000000000003
28561,10.715
28562,16.85
28563,24.54
28564,26.689999999999998
28565,32.35
28566,19.615
28567,22.395000000000003
28568,22.47
28569,33.1
28570,39.795
28571,30.520000000000003
28572,58.0
28573,31.96
28574,31.409999999999997
28575,43.78
28576,31.33
28577,34.99833333333334
28578,66.0
28579,29.25
28580,38.775
28581,27.948333333333338
28582,21.06
28583,29.200000000000003
28584,33.95
28585,35.26
28586,26.32
28587,29.725
28588,34.815
28589,34.31
28590,29.43
28591,46.985
28592,33.44
28593,24.695
28594,35.19
28595,37.9625
28596,29.295
28597,30.4
28598,27.08
28599,32.995
28600,32.13
28601,44.51
28602,23.689999999999998
28603,34.36
28604,29.810000000000002
28605,31.92
28606,27.415
28607,36.82
28608,25.665
28609,34.455
28610,43.065
28611,26.17
28612,38.36333333333334
28613,46.845
28614,33.59
28615,30.731666666666662
28616,36.01
28617,41.28
28618,39.105
28619,22.39
28620,81.0
28621,42.37
28622,33.81
28623,35.395
28624,60.0
28625,30.0
28626,36.875
28627,24.0
28628,68.0
28629,37.34
28630,37.315
28631,26.35
28632,28.35
28633,20.0
28634,19.0
28635,33.14
28636,38.54
28637,30.520000000000003
28638,32.16
28639,27.0
28640,33.83
28641,18.0
28642,27.58
28643,27.159999999999997
28644,36.76
28645,34.475
28646,31.97666666666666
28647,26.18
28648,20.88
28649,67.0
28650,51.5
28651,56.0
28652,74.0
28653,33.775
28654,35.695
28655,40.46
28656,33.1
28657,32.32
28658,61.0
28659,56.0
28660,60.0
28661,34.78833333333334
28662,60.0
28663,32.34
28664,12.149999999999999
28665,42.085
28666,26.795
28667,22.61
28668,27.810000000000002
28669,37.13
28670,34.905
28671,26.130000000000003
28672,28.25
28673,27.689999999999998
28674,28.17
28675,32.79
28676,28.729999999999997
28677,29.229999999999997
28678,29.770000000000003
28679,36.35
28680,39.765
28681,26.64
28682,31.909999999999997
28683,27.909999999999997
28684,34.925
28685,35.33
28686,16.12
28687,33.4
28688,19.78
28689,33.22857142857143
28690,30.409999999999997
28691,29.47
28692,27.520000000000003
28693,28.200000000000003
28694,33.17
28695,32.365
28696,44.375
28697,32.55
28698,27.08
28699,25.845
28700,29.32
28701,28.310000000000002
28702,45.005
28703,26.090000000000003
28704,29.770000000000003
28705,30.909999999999997
28706,35.895
28707,32.17
28708,28.634999999999998
28709,32.55
28710,40.555
28711,29.549999999999997
28712,23.479999999999997
28713,41.986
28714,50.0
28715,28.427500000000002
28716,20.175
28717,30.54
28718,16.57
28719,7.190000000000001
28720,36.085
28721,13.8
28722,15.3
28723,46.0
28724,22.229999999999997
28725,20.81
28726,8.739999999999998
28727,20.385
28728,23.36
28729,29.060000000000002
28730,22.14
28731,11.370000000000001
28732,25.130000000000003
28733,29.36
28734,23.57
28735,29.555
28736,31.33
28737,30.18
28738,29.983333333333327
28739,3.039999999999999
28740,9.485
28741,12.625
28742,20.49
28743,24.244999999999997
28744,22.240000000000002
28745,21.09
28746,32.35
28747,36.73
28748,21.77
28749,23.78
28750,22.810000000000002
28751,33.695
28752,23.240000000000002
28753,18.07
28754,23.770000000000003
28755,22.200000000000003
28756,31.67
28757,32.4
28758,18.235
28759,22.439999999999998
28760,28.695
28761,26.159999999999997
28762,20.385
28763,19.29
28764,31.090000000000003
28765,19.37
28766,28.1
28767,30.854999999999997
28768,25.04
28769,20.98
28770,24.83
28771,26.65
28772,15.594999999999999
28773,25.83
28774,34.36600000000001
28775,26.674999999999997
28776,25.229999999999997
28777,35.45
28778,24.951666666666668
28779,29.42
28780,19.14
28781,25.545
28782,14.219999999999999
28783,18.71
28784,29.29
28785,25.195
28786,23.18
28787,24.939999999999998
28788,36.755
28789,29.92
28790,17.881666666666664
28791,15.95
28792,23.310000000000002
28793,20.47
28794,18.93
28795,20.395
28796,8.43
28797,0.0
28798,28.310000000000002
28799,19.79
28800,23.880000000000003
28801,17.16
28802,28.85
28803,27.08
28804,75.0
28805,84.0
28806,45.46
28807,57.0
28808,32.9875
28809,60.0
28810,37.92
28811,24.259999999999998
28812,53.0
28813,75.0
28814,41.84
28815,41.86
28816,37.43
28817,50.0
28818,52.0
28819,37.81
28820,33.83
28821,43.73
28822,47.486
28823,38.52
28824,28.68
28825,43.69
28826,39.218500000000006
28827,47.0
28828,46.595
28829,32.68
28830,33.89
28831,31.1
28832,26.58
28833,52.83
28834,41.295
28835,43.595
28836,27.104999999999997
28837,36.325
28838,56.0
28839,38.33
28840,78.0
28841,36.0
28842,29.83
28843,60.0
28844,35.0
28845,35.48
28846,77.0
28847,41.735
28848,45.87
28849,56.0
28850,32.32
28851,37.04
28852,43.13
28853,40.6725
28854,53.0
28855,29.958333333333336
28856,24.82
28857,31.465000000000003
28858,56.0
28859,33.83
28860,42.0
28861,42.3625
28862,32.81
28863,57.0
28864,42.59
28865,33.03
28866,28.840000000000003
28867,35.935
28868,40.91
28869,26.240000000000002
28870,35.6
28871,23.275
28872,36.1
28873,23.64
28874,28.165
28875,29.54
28876,39.785
28877,38.265
28878,29.340000000000003
28879,23.75
28880,32.83
28881,45.63333333333333
28882,35.41
28883,28.3975
28884,40.55
28885,30.229999999999997
28886,27.64
28887,34.0
28888,25.03
28889,33.47
28890,45.9425
28891,28.799999999999997
28892,27.57
28893,28.689999999999998
28894,26.700000000000003
28895,23.03
28896,43.88
28897,33.775
28898,45.29
28899,31.125
28900,33.64
28901,40.585
28902,28.39
28903,37.95
28904,34.84
28905,34.625
28906,42.405
28907,69.0
28908,34.93
28909,39.95333333333334
28910,41.63
28911,30.200000000000003
28912,47.115
28913,28.25
28914,29.6
28915,25.97
28916,40.58
28917,39.23
28918,46.79
28919,31.119999999999997
28920,30.685000000000002
28921,18.15
28922,41.41
28923,25.92
28924,35.06
28925,30.21
28926,36.101000000000006
28927,34.925
28928,33.651
28929,27.33
28930,30.395000000000003
28931,25.509999999999998
28932,36.82
28933,36.63
28934,22.105714285714285
28935,30.270000000000003
28936,37.28
28937,44.86
28938,26.560000000000002
28939,30.159999999999997
28940,29.740000000000002
28941,37.485
28942,28.6
28943,27.32
28944,26.65
28945,48.3025
28946,44.88
28947,26.119999999999997
28948,27.39
28949,26.340000000000003
28950,34.19
28951,29.71
28952,40.73
28953,31.39
28954,34.31
28955,29.009999999999998
28956,24.490000000000002
28957,28.9
28958,33.44
28959,29.61
28960,39.46
28961,32.66
28962,25.090000000000003
28963,22.54
28964,73.0
28965,28.83
28966,44.41
28967,29.96
28968,49.0
28969,58.0
28970,0.0
28971,44.5
28972,32.0
28973,27.75
28974,14.559999999999999
28975,52.0
28976,56.33333333333326
28977,47.0
28978,55.0
28979,26.215000000000003
28980,55.0
28981,65.0
28982,26.854999999999997
28983,25.08
28984,26.97
28985,25.229999999999997
28986,28.07
28987,27.97
28988,35.86333333333334
28989,18.32
28990,33.315
28991,27.240000000000002
28992,28.71
28993,22.255000000000003
28994,26.770000000000003
28995,29.82
28996,24.509999999999998
28997,37.55
28998,18.91
28999,29.689999999999998
29000,28.5175
29001,27.090000000000003
29002,24.939999999999998
29003,29.96
29004,27.619999999999997
29005,31.939999999999998
29006,31.42
29007,28.665
29008,26.67
29009,23.575000000000003
29010,29.72
29011,25.365000000000002
29012,30.299999999999997
29013,23.560000000000002
29014,25.409999999999997
29015,32.54
29016,23.71
29017,26.435000000000002
29018,29.29
29019,26.325000000000003
29020,33.0
29021,25.729999999999997
29022,22.700000000000003
29023,28.659999999999997
29024,26.85
29025,18.0
29026,30.78
29027,25.86
29028,30.28
29029,36.2
29030,28.08
29031,40.08166666666666
29032,34.32
29033,12.170000000000002
29034,24.17
29035,14.469999999999999
29036,33.765
29037,25.358333333333327
29038,38.38
29039,34.015
29040,34.05
29041,33.08
29042,25.090000000000003
29043,26.740000000000002
29044,24.759999999999998
29045,18.42
29046,18.775
29047,25.9
29048,30.034999999999997
29049,29.14
29050,20.15
29051,36.295
29052,25.97
29053,25.229999999999997
29054,9.386666666666667
29055,28.445
29056,23.130000000000003
29057,12.129999999999999
29058,36.915
29059,15.075
29060,11.07
29061,22.826666666666668
29062,16.02
29063,10.5
29064,36.07
29065,13.36
29066,21.98
29067,34.166
29068,18.0
29069,11.670000000000002
29070,23.89
29071,14.59
29072,16.8
29073,17.15
29074,25.79
29075,0.0
29076,0.0
29077,16.86666666666667
29078,24.811999999999998
29079,26.590000000000003
29080,22.14
29081,20.26
29082,2.6266666666666634
29083,21.665
29084,9.41
29085,26.08
29086,7.07
29087,19.59
29088,18.68
29089,21.23
29090,23.380000000000003
29091,25.67
29092,21.585
29093,33.63
29094,17.6
29095,29.85
29096,20.91666666666667
29097,17.52
29098,24.310000000000002
29099,22.729999999999997
29100,19.07
29101,17.41
29102,22.490000000000002
29103,9.02
29104,10.850000000000001
29105,16.28
29106,8.7
29107,12.440000000000001
29108,17.4
29109,22.255000000000003
29110,14.370000000000001
29111,15.085
29112,21.77
29113,17.66
29114,19.7
29115,14.727142857142859
29116,17.56
29117,12.66
29118,25.64666666666667
29119,12.84
29120,22.446666666666673
29121,14.18
29122,11.100000000000001
29123,26.335
29124,24.186666666666667
29125,9.274999999999999
29126,23.295
29127,34.985
29128,30.72
29129,34.005
29130,38.96
29131,27.509999999999998
29132,45.7975
29133,36.09
29134,31.57
29135,23.045
29136,38.835
29137,36.0
29138,30.689999999999998
29139,34.16
29140,29.604999999999997
29141,28.21
29142,32.385
29143,37.23666666666666
29144,76.0
29145,37.958
29146,30.18
29147,38.40833333333334
29148,38.30571428571429
29149,43.8425
29150,36.83
29151,45.92
29152,32.255
29153,37.07
29154,39.45
29155,31.79
29156,35.47
29157,33.06
29158,34.425
29159,41.48
29160,39.44
29161,29.39
29162,38.49
29163,40.47
29164,41.09
29165,40.02
29166,37.715
29167,32.23
29168,38.065
29169,34.75
29170,33.795
29171,40.51
29172,39.37
29173,26.700000000000003
29174,27.049999999999997
29175,33.605
29176,30.86
29177,28.795
29178,25.520000000000003
29179,38.95
29180,38.9
29181,26.939999999999998
29182,58.0
29183,32.975
29184,26.47
29185,45.625
29186,32.3
29187,28.409999999999997
29188,25.92
29189,25.21
29190,34.72
29191,34.13
29192,33.175
29193,31.384999999999998
29194,29.4
29195,34.105
29196,27.450000000000003
29197,22.46
29198,67.0
29199,17.91
29200,30.020000000000003
29201,12.0
29202,23.53
29203,26.0
29204,26.0
29205,24.0
29206,30.259999999999998
29207,18.0
29208,25.880000000000003
29209,31.634999999999998
29210,6.0
29211,36.92
29212,27.119999999999997
29213,25.0
29214,23.0
29215,39.265
29216,39.29166666666667
29217,17.0
29218,27.0
29219,24.0
29220,25.0
29221,33.5
29222,43.49
29223,38.66
29224,27.0
29225,31.08
29226,35.0
29227,25.240000000000002
29228,21.63
29229,33.29
29230,43.67833333333334
29231,32.0
29232,28.340000000000003
29233,25.28
29234,32.25
29235,26.25
29236,29.915
29237,37.76333333333334
29238,12.0
29239,42.0
29240,34.0
29241,27.740000000000002
29242,28.6875
29243,27.725
29244,27.674999999999997
29245,32.64
29246,31.93
29247,25.770000000000003
29248,24.990000000000002
29249,37.9975
29250,23.0
29251,19.0
29252,5.0
29253,22.85
29254,27.93
29255,27.22
29256,26.61
29257,29.875
29258,25.21
29259,26.799999999999997
29260,23.1
29261,39.16
29262,28.43
29263,25.03
29264,36.23
29265,41.32
29266,28.314999999999998
29267,26.479999999999997
29268,34.995
29269,30.78
29270,43.76
29271,32.3
29272,35.32
29273,24.994999999999997
29274,43.88
29275,34.51
29276,28.159999999999997
29277,36.86
29278,33.065
29279,30.14
29280,31.229999999999997
29281,27.83
29282,26.450000000000003
29283,18.25
29284,6.190000000000001
29285,44.1975
29286,29.54333333333333
29287,21.9
29288,40.475
29289,25.251666666666672
29290,21.661666666666665
29291,23.93
29292,17.24
29293,12.165
29294,31.130000000000003
29295,58.0
29296,18.47
29297,34.37
29298,31.799999999999997
29299,29.79
29300,33.95
29301,18.235
29302,66.0
29303,34.57
29304,26.17
29305,42.05
29306,41.82
29307,64.0
29308,57.0
29309,18.4
29310,50.0
29311,31.5
29312,28.299999999999997
29313,37.635
29314,34.535
29315,12.809999999999999
29316,15.3
29317,26.180999999999997
29318,48.71428571428562
29319,17.0
29320,35.0
29321,33.43
29322,32.87
29323,28.21333333333334
29324,9.59
29325,15.879999999999999
29326,26.090000000000003
29327,51.0
29328,24.416666666666664
29329,33.535
29330,21.305
29331,27.36
29332,26.229999999999997
29333,33.39
29334,70.0
29335,25.494999999999997
29336,43.0
29337,21.525
29338,24.520000000000003
29339,22.265
29340,10.0
29341,30.971666666666657
29342,33.84666666666667
29343,27.049999999999997
29344,23.11
29345,30.54
29346,30.645000000000003
29347,20.74
29348,17.32
29349,24.33
29350,37.885
29351,30.990000000000002
29352,28.479999999999997
29353,18.69
29354,39.73
29355,29.153333333333336
29356,26.253333333333337
29357,32.3625
29358,31.79
29359,26.560000000000002
29360,30.939999999999998
29361,24.02833333333333
29362,30.310000000000002
29363,32.035
29364,28.310000000000002
29365,22.340000000000003
29366,28.79
29367,25.740000000000002
29368,22.585
29369,13.004999999999999
29370,12.420000000000002
29371,34.955
29372,25.759999999999998
29373,24.545
29374,29.595
29375,30.909999999999997
29376,29.255000000000003
29377,11.36
29378,29.15
29379,29.200000000000003
29380,26.520000000000003
29381,28.825000000000003
29382,24.485
29383,15.600000000000001
29384,12.27
29385,21.4
29386,24.78
29387,25.174999999999997
29388,19.92
29389,29.255000000000003
29390,28.54
29391,24.869999999999997
29392,18.27
29393,39.545
29394,27.72
29395,28.545
29396,20.605
29397,17.92
29398,19.43666666666667
29399,21.135
29400,18.65
29401,23.82
29402,31.6
29403,22.82
29404,24.82333333333333
29405,10.899999999999999
29406,23.14
29407,16.73
29408,13.015
29409,23.847499999999997
29410,29.765
29411,4.465
29412,12.454999999999998
29413,13.649999999999999
29414,37.04
29415,21.055
29416,22.866666666666667
29417,38.33
29418,33.27
29419,34.48
29420,31.32
29421,35.87
29422,34.3
29423,36.6275
29424,37.755
29425,27.46
29426,47.27
29427,24.85
29428,32.16
29429,29.369333333333337
29430,27.04
29431,41.825
29432,24.89
29433,35.74
29434,43.580714285714286
29435,19.5
29436,45.9425
29437,31.119999999999997
29438,26.695
29439,41.216
29440,40.5
29441,25.450000000000003
29442,43.2975
29443,35.6
29444,44.362166666666674
29445,26.64
29446,53.0
29447,30.560000000000002
29448,32.32
29449,24.564999999999998
29450,46.15
29451,29.17
29452,25.89
29453,36.995
29454,29.453333333333333
29455,28.369999999999997
29456,22.46
29457,30.555
29458,35.855
29459,26.22
29460,43.76
29461,28.840000000000003
29462,26.240000000000002
29463,30.415999999999997
29464,27.384999999999998
29465,33.46
29466,40.335
29467,45.14583333333334
29468,27.32
29469,26.740000000000002
29470,36.765
29471,29.939999999999998
29472,25.409999999999997
29473,39.571000000000005
29474,28.04
29475,30.520000000000003
29476,30.009999999999998
29477,25.9
29478,25.259999999999998
29479,37.77
29480,37.72
29481,32.83
29482,30.060000000000002
29483,37.21
29484,31.7325
29485,25.28
29486,25.189999999999998
29487,35.76
29488,48.5675
29489,38.07
29490,28.200000000000003
29491,31.027500000000003
29492,38.46333333333334
29493,25.479999999999997
29494,29.055
29495,29.295
29496,43.195
29497,48.605
29498,55.0
29499,22.159999999999997
29500,30.009999999999998
29501,30.6
29502,43.025
29503,26.375
29504,23.04
29505,25.979999999999997
29506,25.08
29507,33.0
29508,63.0
29509,68.0
29510,22.435000000000002
29511,32.07
29512,36.055
29513,27.9
29514,29.689999999999998
29515,69.0
29516,33.84666666666667
29517,32.39
29518,38.5125
29519,30.369999999999997
29520,22.196666666666673
29521,0.0
29522,29.810000000000002
29523,42.295
29524,9.333333333333304
29525,31.994999999999997
29526,31.14
29527,21.505
29528,12.303333333333331
29529,17.94
29530,24.4
29531,19.79
29532,24.985
29533,27.993333333333332
29534,26.47
29535,26.394333333333336
29536,62.0
29537,23.93
29538,33.80666666666666
29539,34.22666666666666
29540,37.795
29541,37.845
29542,54.0
29543,23.604999999999997
29544,29.64
29545,35.325
29546,24.86166666666667
29547,28.79
29548,43.61833333333334
29549,22.840000000000003
29550,17.145
29551,21.536
29552,71.0
29553,25.902142857142856
29554,33.95
29555,32.81
29556,27.056666666666665
29557,19.995
29558,33.63
29559,26.93333333333333
29560,31.185000000000002
29561,38.348333333333336
29562,17.18
29563,17.66
29564,28.891666666666666
29565,33.2925
29566,15.8
29567,49.0
29568,15.93
29569,30.33
29570,25.696666666666665
29571,21.065
29572,21.56
29573,18.11
29574,21.14
29575,25.08
29576,35.4
29577,24.020000000000003
29578,32.44
29579,21.435
29580,27.810000000000002
29581,43.0
29582,31.810000000000002
29583,20.24
29584,23.145000000000003
29585,27.14666666666667
29586,36.16583333333333
29587,8.0
29588,30.10666666666667
29589,27.362499999999997
29590,20.64
29591,13.98
29592,15.920000000000002
29593,24.759999999999998
29594,27.549999999999997
29595,31.28
29596,23.656999999999996
29597,3.75
29598,32.095
29599,37.885
29600,43.0
29601,25.200000000000003
29602,27.506666666666668
29603,12.0
29604,23.759999999999998
29605,43.698
29606,32.42
29607,60.0
29608,37.365
29609,58.0
29610,36.875
29611,61.0
29612,35.69
29613,75.0
29614,37.565
29615,35.52
29616,25.0
29617,24.945
29618,30.72
29619,26.25
29620,67.0
29621,32.39
29622,57.0
29623,38.055
29624,28.08
29625,40.82
29626,34.0
29627,37.97
29628,32.12
29629,65.0
29630,43.93600000000001
29631,69.0
29632,46.0
29633,36.40607142857143
29634,34.605
29635,41.86
29636,36.315
29637,38.425
29638,34.88
29639,61.0
29640,32.76333333333333
29641,61.0
29642,77.0
29643,38.79
29644,29.65
29645,71.0
29646,43.2
29647,37.43
29648,45.35
29649,81.0
29650,45.92
29651,70.0
29652,37.23666666666666
29653,37.015
29654,64.0
29655,36.77
29656,39.83
29657,28.695
29658,40.13
29659,35.425
29660,46.35
29661,36.9
29662,36.91
29663,38.17
29664,33.08
29665,29.770000000000003
29666,60.0
29667,32.51
29668,36.1
29669,46.11
29670,40.695
29671,35.675
29672,38.045
29673,42.35
29674,56.0
29675,38.95
29676,57.0
29677,56.0
29678,57.0
29679,39.1425
29680,57.0
29681,47.0
29682,53.0
29683,58.0
29684,56.0
29685,56.0
29686,40.9075
29687,34.94
29688,41.0
29689,35.51
29690,26.33
29691,31.705714285714286
29692,42.176
29693,59.0
29694,36.47
29695,25.0
29696,33.36
29697,33.01
29698,39.61
29699,41.00833333333334
29700,30.869999999999997
29701,56.0
29702,31.740000000000002
29703,33.43666666666666
29704,28.884999999999998
29705,37.045
29706,33.77933333333334
29707,33.205
29708,27.009999999999998
29709,33.96
29710,35.6
29711,39.105
29712,38.88
29713,29.134999999999998
29714,33.69
29715,36.72
29716,36.405
29717,30.14
29718,36.52
29719,32.065
29720,36.07
29721,25.799999999999997
29722,31.645000000000003
29723,34.465
29724,40.456
29725,40.47166666666667
29726,27.989642857142847
29727,22.251666666666665
29728,30.380000000000003
29729,32.145
29730,32.52
29731,41.455
29732,28.784999999999997
29733,37.011
29734,34.615
29735,28.65
29736,23.090000000000003
29737,36.45666666666666
29738,33.165
29739,33.505
29740,33.74
29741,33.735
29742,33.94
29743,28.409999999999997
29744,37.41
29745,21.521666666666665
29746,18.965
29747,34.28833333333334
29748,33.34
29749,34.835
29750,34.848333333333336
29751,40.75
29752,33.85
29753,22.869999999999997
29754,35.26
29755,37.02
29756,30.814999999999998
29757,27.438333333333333
29758,40.19916666666667
29759,39.30416666666666
29760,34.036
29761,30.35333333333333
29762,34.88
29763,42.11666666666667
29764,43.875
29765,24.57
29766,41.19
29767,27.909999999999997
29768,26.0775
29769,17.83
29770,33.43
29771,26.932499999999997
29772,28.27166666666667
29773,31.58
29774,29.729999999999997
29775,63.5
29776,40.1
29777,29.909999999999997
29778,26.159999999999997
29779,37.23833333333333
29780,65.0
29781,30.020000000000003
29782,23.0
29783,32.0
29784,44.0275
29785,61.0
29786,21.53
29787,14.0
29788,42.39
29789,33.67333333333334
29790,35.855
29791,33.55
29792,37.43
29793,19.78
29794,37.14666666666666
29795,40.5
29796,31.5775
29797,40.056
29798,78.0
29799,37.77833333333333
29800,35.73
29801,24.939999999999998
29802,24.57
29803,34.505
29804,51.0
29805,30.740000000000002
29806,32.365
29807,34.925
29808,29.229999999999997
29809,27.1
29810,31.67
29811,25.560000000000002
29812,32.442
29813,36.15
29814,39.37
29815,44.8625
29816,58.0
29817,34.36
29818,33.07
29819,51.0
29820,31.765
29821,43.195
29822,35.3925
29823,45.0
29824,60.0
29825,31.240000000000002
29826,45.625
29827,16.3
29828,19.47833333333333
29829,30.78
29830,22.979999999999997
29831,58.0
29832,32.79
29833,32.17
29834,33.166
29835,38.036
29836,37.13
29837,28.240000000000002
29838,41.2
29839,33.515
29840,37.445
29841,30.439999999999998
29842,38.2
29843,35.245
29844,39.48
29845,22.53
29846,43.8225
29847,48.23
29848,37.285
29849,33.415
29850,35.1
29851,32.21
29852,27.869999999999997
29853,39.7
29854,35.6
29855,28.659999999999997
29856,46.055
29857,37.75
29858,34.24
29859,31.18
29860,34.45
29861,22.83
29862,30.560000000000002
29863,26.42
29864,31.5
29865,27.619999999999997
29866,33.87
29867,26.310000000000002
29868,26.700000000000003
29869,34.0
29870,33.13
29871,29.9
29872,36.93
29873,39.54
29874,25.284999999999997
29875,30.97
29876,37.29
29877,44.64
29878,29.92
29879,33.59666666666667
29880,36.305
29881,24.994999999999997
29882,36.3275
29883,35.0
29884,23.0
29885,35.665
29886,18.82
29887,31.11
29888,34.0
29889,24.53
29890,41.89666666666666
29891,29.685000000000002
29892,40.26
29893,42.98
29894,43.46
29895,29.229999999999997
29896,47.268
29897,23.380000000000003
29898,30.0
29899,29.28
29900,25.0
29901,28.145000000000003
29902,29.93
29903,32.0
29904,37.44
29905,36.4875
29906,34.195
29907,41.71
29908,41.555
29909,27.54
29910,24.46
29911,33.0
29912,32.96
29913,36.545
29914,37.46
29915,38.0
29916,35.49
29917,31.740000000000002
29918,34.52
29919,41.26
29920,33.725
29921,28.43
29922,34.405
29923,43.43
29924,31.86
29925,25.240000000000002
29926,31.025
29927,24.0
29928,36.77333333333333
29929,36.37
29930,28.4
29931,44.87
29932,42.17
29933,33.05
29934,22.322000000000003
29935,26.9
29936,36.86
29937,22.85
29938,35.93
29939,33.235
29940,43.256
29941,57.0
29942,31.82
29943,44.0
29944,30.286
29945,50.0
29946,28.159999999999997
29947,55.0
29948,30.801000000000002
29949,40.235
29950,78.0
29951,33.25
29952,30.689999999999998
29953,29.6
29954,30.795
29955,37.345
29956,40.02
29957,76.0
29958,27.049999999999997
29959,47.91
29960,33.47
29961,36.5
29962,36.35
29963,28.509999999999998
29964,55.0
29965,41.875
29966,26.36
29967,40.565
29968,29.42
29969,28.39
29970,40.65
29971,39.4
29972,31.130000000000003
29973,17.95
29974,34.06
29975,35.055
29976,72.0
29977,29.700000000000003
29978,46.96857142857143
29979,32.49
29980,60.0
29981,30.990000000000002
29982,32.795
29983,30.96
29984,33.52
29985,53.0
29986,33.13
29987,41.645
29988,65.0
29989,33.14
29990,40.66
29991,31.175714285714285
29992,41.28
29993,31.57
29994,34.93
29995,73.0
29996,40.33666666666666
29997,30.28
29998,33.88
29999,49.645
30000,35.46
30001,42.71999999999999
30002,35.220000000000006
30003,42.085
30004,35.0
30005,35.34
30006,11.0
30007,58.0
30008,36.41666666666667
30009,52.19583333333334
30010,37.0
30011,54.0
30012,56.91
30013,45.0
30014,41.11
30015,14.0
30016,32.465
30017,27.54
30018,26.0
30019,33.77
30020,37.83
30021,42.87
30022,46.0
30023,46.68
30024,39.82
30025,35.0
30026,30.240000000000002
30027,38.915
30028,40.16
30029,44.466
30030,52.07142857142857
30031,35.0
30032,33.0
30033,41.0
30034,55.0
30035,35.42
30036,30.0
30037,30.61
30038,42.255
30039,39.481
30040,30.455
30041,71.0
30042,54.105000000000004
30043,37.0
30044,34.65433333333333
30045,43.59
30046,41.24
30047,36.978
30048,41.78333333333334
30049,36.66
30050,39.25
30051,46.0
30052,68.0
30053,36.01
30054,40.0
30055,27.825000000000003
30056,30.564999999999998
30057,72.0
30058,35.415
30059,35.0
30060,34.57
30061,30.58
30062,66.0
30063,62.0
30064,27.0
30065,30.465000000000003
30066,49.765
30067,62.0
30068,39.57
30069,28.666666666666607
30070,39.455
30071,43.29
30072,58.0
30073,57.0
30074,28.045
30075,69.0
30076,66.0
30077,56.0
30078,31.4
30079,33.935
30080,24.991666666666667
30081,41.56
30082,35.286428571428566
30083,31.39
30084,28.655714285714282
30085,63.0
30086,31.375
30087,28.03
30088,70.0
30089,31.501000000000005
30090,47.3375
30091,44.195
30092,63.0
30093,36.825
30094,31.72
30095,67.0
30096,59.0
30097,68.0
30098,24.991666666666667
30099,31.595
30100,25.261000000000003
30101,19.14
30102,22.049999999999997
30103,34.18
30104,20.27
30105,33.41
30106,23.494999999999997
30107,33.01
30108,7.0
30109,33.515
30110,35.54
30111,40.245
30112,35.03
30113,32.28
30114,22.46
30115,10.29
30116,32.23
30117,29.060000000000002
30118,17.35
30119,20.35666666666667
30120,34.355
30121,14.765
30122,10.04
30123,26.18
30124,25.409999999999997
30125,34.77
30126,24.21
30127,19.4025
30128,23.89
30129,36.51
30130,34.002142857142864
30131,25.409999999999997
30132,18.22
30133,19.17
30134,35.46
30135,27.939999999999998
30136,18.62
30137,22.909999999999997
30138,30.38666666666667
30139,25.705
30140,27.601666666666667
30141,24.22
30142,25.310000000000002
30143,24.5
30144,32.035
30145,28.53
30146,32.56
30147,26.638333333333335
30148,29.60666666666667
30149,30.810000000000002
30150,31.64
30151,25.155
30152,33.43
30153,25.630000000000003
30154,32.2675
30155,29.35
30156,24.863333333333337
30157,33.775
30158,35.26
30159,32.11033333333334
30160,27.86
30161,0.0
30162,0.0
30163,17.671666666666667
30164,27.14
30165,27.61
30166,33.875
30167,34.1875
30168,31.96
30169,33.39166666666666
30170,29.11166666666667
30171,33.21
30172,31.47
30173,25.134999999999998
30174,19.91
30175,32.73
30176,39.25
30177,25.765
30178,38.485
30179,28.134999999999998
30180,0.0
30181,25.305
30182,46.0
30183,36.53166666666666
30184,32.685
30185,19.295
30186,31.034999999999997
30187,23.22
30188,14.785
30189,31.450000000000003
30190,0.0
30191,34.86166666666666
30192,31.310000000000002
30193,51.49
30194,28.185000000000002
30195,31.735
30196,69.0
30197,88.0
30198,83.0
30199,85.0
30200,39.736
30201,88.0
30202,69.0
30203,88.0
30204,87.0
30205,38.0
30206,87.0
30207,88.0
30208,37.0
30209,75.75
30210,87.0
30211,19.0
30212,75.85714285714295
30213,13.0
30214,75.0
30215,86.0
30216,78.0
30217,15.0
30218,84.0
30219,80.0
30220,36.54
30221,84.0
30222,47.0
30223,85.0
30224,13.0
30225,74.19999999999989
30226,84.0
30227,42.0
30228,11.0
30229,83.0
30230,37.0
30231,83.0
30232,72.80000000000011
30233,16.0
30234,76.0
30235,78.60000000000016
30236,15.0
30237,84.0
30238,40.0
30239,80.0
30240,17.0
30241,82.0
30242,80.0
30243,4.0
30244,84.0
30245,76.25
30246,8.0
30247,82.0
30248,82.0
30249,44.0625
30250,81.0
30251,29.0
30252,77.0
30253,83.0
30254,36.12571428571428
30255,81.0
30256,83.0
30257,16.0
30258,80.0
30259,81.0
30260,32.48571428571429
30261,78.0
30262,78.0
30263,32.0
30264,76.60000000000016
30265,81.0
30266,28.0
30267,45.0
30268,79.0
30269,4.0
30270,81.0
30271,4.0
30272,17.0
30273,63.0
30274,63.0
30275,18.0
30276,57.0
30277,68.0
30278,16.0
30279,46.555
30280,37.0
30281,56.0
30282,73.0
30283,35.0
30284,60.0
30285,58.0
30286,19.0
30287,70.0
30288,80.0
30289,20.0
30290,67.0
30291,60.0
30292,69.0
30293,26.423333333333332
30294,40.2
30295,44.23666666666667
30296,43.53
30297,74.0
30298,59.0
30299,38.97666666666667
30300,67.0
30301,46.64
30302,36.535
30303,47.33
30304,69.0
30305,38.93
30306,42.72
30307,73.0
30308,69.0
30309,33.8
30310,69.0
30311,45.625
30312,38.285
30313,75.57142857142853
30314,40.64
30315,28.11
30316,30.055
30317,40.43
30318,50.02
30319,34.015
30320,42.435
30321,63.0
30322,78.0
30323,52.0
30324,35.755
30325,32.325
30326,37.46
30327,30.490000000000002
30328,32.8
30329,50.94
30330,36.36
30331,43.5225
30332,40.91
30333,42.915
30334,43.91
30335,55.0
30336,41.17
30337,81.0
30338,38.865
30339,39.22666666666667
30340,38.41666666666667
30341,33.67
30342,38.91166666666667
30343,37.02
30344,38.23
30345,43.46166666666666
30346,36.725
30347,38.1
30348,46.04
30349,61.0
30350,43.53
30351,40.225
30352,32.15
30353,31.799999999999997
30354,39.28
30355,43.42
30356,42.29
30357,43.83
30358,35.275
30359,37.59
30360,32.42
30361,45.565
30362,33.74
30363,65.5
30364,64.0
30365,50.36
30366,56.0
30367,37.565
30368,36.01
30369,75.0
30370,40.19
30371,62.25
30372,39.47
30373,35.28
30374,34.07
30375,45.195
30376,32.67
30377,29.61
30378,77.0
30379,42.86
30380,48.56333333333333
30381,63.1314285714285
30382,29.115000000000002
30383,31.490000000000002
30384,47.095
30385,58.656666666666666
30386,76.0
30387,81.0
30388,83.0
30389,69.0
30390,75.75
30391,35.5
30392,69.0
30393,41.0
30394,66.0
30395,76.0
30396,69.0
30397,22.78214285714286
30398,67.0
30399,71.0
30400,47.0
30401,45.325
30402,64.0
30403,42.65
30404,24.865000000000002
30405,39.27
30406,70.5
30407,70.0
30408,52.0
30409,73.0
30410,56.5
30411,36.04
30412,40.03666666666667
30413,27.643333333333338
30414,75.0
30415,65.0
30416,72.0
30417,68.0
30418,69.0
30419,67.0
30420,63.0
30421,30.03
30422,39.46666666666666
30423,83.0
30424,76.0
30425,41.5475
30426,30.145000000000003
30427,67.0
30428,76.25
30429,39.965
30430,32.24
30431,37.61
30432,65.0
30433,29.19166666666667
30434,31.490000000000002
30435,51.0
30436,66.0
30437,53.74
30438,65.0
30439,68.0
30440,45.0
30441,63.0
30442,63.0
30443,44.06
30444,66.0
30445,61.0
30446,73.0
30447,70.0
30448,67.0
30449,67.0
30450,75.0
30451,70.0
30452,57.0
30453,35.235
30454,68.0
30455,22.884999999999998
30456,73.0
30457,53.0
30458,28.666666666666607
30459,41.60000000000003
30460,68.0
30461,73.0
30462,49.88333333333333
30463,66.0
30464,51.0
30465,35.026
30466,58.0
30467,33.400000000000034
30468,73.0
30469,36.11
30470,66.0
30471,33.78
30472,33.325
30473,38.395
30474,48.0
30475,27.35
30476,21.995
30477,40.72
30478,35.87666666666667
30479,31.275
30480,22.5
30481,20.38
30482,28.290999999999997
30483,34.93666666666666
30484,50.245
30485,41.215
30486,37.30666666666666
30487,35.39
30488,27.585
30489,35.01
30490,35.7475
30491,33.74333333333333
30492,30.586666666666673
30493,31.54666666666666
30494,28.295
30495,34.95
30496,26.590000000000003
30497,42.74666666666667
30498,34.02
30499,23.33
30500,32.515
30501,43.125
30502,29.79
30503,26.79
30504,47.525
30505,39.57333333333333
30506,32.93
30507,33.015
30508,42.305
30509,37.1
30510,34.63
30511,40.66833333333334
30512,39.505
30513,33.86
30514,44.4225
30515,43.95
30516,35.4925
30517,35.77250000000001
30518,33.06
30519,30.695
30520,34.57
30521,39.94666666666667
30522,43.69
30523,39.425
30524,39.075
30525,39.43
30526,32.64
30527,28.0
30528,33.825
30529,36.0
30530,73.0
30531,38.22
30532,36.1
30533,37.78
30534,43.208
30535,50.201
30536,38.54
30537,44.59
30538,39.415
30539,57.0
30540,36.375
30541,38.49
30542,43.915
30543,45.24964285714285
30544,43.795
30545,40.276
30546,35.79
30547,41.73333333333333
30548,31.616000000000007
30549,38.7
30550,37.71
30551,41.495
30552,31.185000000000002
30553,40.45
30554,42.65
30555,30.113333333333337
30556,43.21
30557,36.58
30558,38.80333333333334
30559,38.09
30560,41.755
30561,42.46
30562,44.03
30563,33.58
30564,36.1975
30565,35.225
30566,29.770000000000003
30567,37.78
30568,34.7
30569,33.715
30570,31.29
30571,39.0
30572,56.0
30573,25.438333333333333
30574,34.275
30575,39.665
30576,31.846666666666657
30577,41.06
30578,40.5225
30579,30.924999999999997
30580,34.038500000000006
30581,38.135
30582,29.738333333333337
30583,26.015
30584,35.425
30585,35.47
30586,34.81
30587,24.770000000000003
30588,31.060000000000002
30589,27.67
30590,36.56
30591,64.0
30592,31.86
30593,26.817500000000003
30594,29.363809523809522
30595,37.905
30596,30.552500000000002
30597,31.86
30598,27.870714285714286
30599,35.18
30600,31.71
30601,31.8675
30602,37.285
30603,36.82200000000001
30604,29.880000000000003
30605,33.4625
30606,35.63333333333334
30607,33.59
30608,32.96
30609,28.653333333333336
30610,35.54
30611,58.0
30612,28.805
30613,33.54
30614,28.67
30615,31.354999999999997
30616,27.945
30617,34.615
30618,42.0
30619,29.306666666666672
30620,62.0
30621,23.9
30622,63.0
30623,33.9
30624,67.0
30625,32.72416666666666
30626,66.0
30627,28.880000000000003
30628,69.0
30629,75.0
30630,29.665
30631,36.65
30632,60.0
30633,48.0
30634,56.260000000000005
30635,45.51
30636,64.0
30637,63.0
30638,66.0
30639,66.0
30640,46.86
30641,62.0
30642,42.565
30643,29.659999999999997
30644,32.26166666666667
30645,45.0475
30646,28.299999999999997
30647,72.0
30648,74.0
30649,32.55166666666667
30650,58.0
30651,36.38166666666667
30652,37.9
30653,67.0
30654,57.5
30655,25.04
30656,60.66666666666676
30657,65.0
30658,26.693333333333335
30659,72.0
30660,28.29
30661,68.0
30662,66.0
30663,32.18
30664,21.47
30665,31.380000000000003
30666,38.00433333333333
30667,29.808333333333337
30668,66.0
30669,58.0
30670,32.8175
30671,42.19
30672,71.0
30673,71.0
30674,22.490000000000002
30675,57.0
30676,56.0
30677,68.0
30678,70.0
30679,73.0
30680,64.75
30681,67.0
30682,71.0
30683,35.40166666666666
30684,57.0
30685,35.29
30686,32.6
30687,65.0
30688,36.675
30689,29.299999999999997
30690,6.0
30691,64.0
30692,14.0
30693,20.66666666666664
30694,7.239999999999998
30695,53.0
30696,41.33333333333332
30697,32.7
30698,34.935
30699,35.64666666666666
30700,68.0
30701,35.97
30702,37.1625
30703,28.616666666666667
30704,27.564999999999998
30705,38.65
30706,29.685000000000002
30707,32.21
30708,25.6075
30709,63.0
30710,35.223333333333336
30711,19.46
30712,30.490000000000002
30713,51.0
30714,54.0
30715,55.0
30716,12.0
30717,27.337142857142858
30718,51.0
30719,27.235
30720,32.8
30721,29.89
30722,35.70333333333333
30723,53.0
30724,42.20585714285714
30725,33.7
30726,34.43214285714285
30727,28.625
30728,37.21
30729,23.0
30730,54.0
30731,35.21
30732,32.83
30733,29.9
30734,27.33
30735,29.895000000000003
30736,64.0
30737,26.08
30738,28.33
30739,27.36
30740,37.255
30741,39.11
30742,37.495
30743,33.21666666666666
30744,63.0
30745,37.99
30746,39.88
30747,36.55
30748,30.64
30749,60.474999999999994
30750,35.44333333333333
30751,45.25
30752,25.075000000000003
30753,32.055
30754,38.6375
30755,31.225
30756,32.44
30757,34.665
30758,42.05
30759,32.02
30760,1.0
30761,43.53266666666666
30762,28.57
30763,35.185
30764,29.83
30765,36.92083333333334
30766,34.76
30767,30.755000000000003
30768,49.0
30769,35.52
30770,40.425
30771,39.17666666666667
30772,37.37
30773,24.729999999999997
30774,25.78714285714286
30775,35.87
30776,56.0
30777,63.0
30778,33.545
30779,48.0
30780,32.0
30781,55.510000000000005
30782,27.424999999999997
30783,38.175
30784,45.345
30785,25.08
30786,48.1
30787,27.556666666666672
30788,36.825
30789,34.87666666666666
30790,40.63
30791,47.42
30792,38.0
30793,41.25
30794,66.0
30795,42.53
30796,28.560000000000002
30797,32.56
30798,24.990000000000002
30799,44.99
30800,40.5
30801,34.606
30802,43.49100000000001
30803,43.301
30804,32.0
30805,13.0
30806,25.0
30807,38.91
30808,20.43
30809,33.66
30810,25.575000000000003
30811,42.865
30812,29.240000000000002
30813,22.369999999999997
30814,29.340000000000003
30815,26.375
30816,35.29
30817,38.037000000000006
30818,17.23
30819,28.0
30820,29.485
30821,33.63
30822,28.979999999999997
30823,35.238
30824,38.98
30825,28.21
30826,32.645
30827,35.66
30828,37.5695
30829,32.0
30830,36.315
30831,22.436666666666667
30832,21.33
30833,27.61
30834,27.875
30835,39.06
30836,27.89
30837,41.4
30838,26.615000000000002
30839,29.299999999999997
30840,33.99833333333333
30841,38.94833333333333
30842,34.035
30843,21.609
30844,73.0
30845,50.49
30846,37.0
30847,77.0
30848,31.439999999999998
30849,37.0
30850,53.45
30851,40.955
30852,23.0
30853,18.08
30854,33.504
30855,36.985
30856,66.0
30857,32.175
30858,36.17
30859,45.0
30860,0.0
30861,10.0
30862,68.0
30863,49.0
30864,60.72
30865,64.0
30866,51.0
30867,56.0
30868,56.72
30869,52.45
30870,65.0
30871,64.0
30872,62.0
30873,59.0
30874,28.126666666666672
30875,31.1
30876,55.0
30877,30.380000000000003
30878,50.0
30879,0.0
30880,28.595
30881,26.625
30882,32.35666666666667
30883,27.634999999999998
30884,33.49
30885,29.68
30886,26.72
30887,55.0
30888,29.35
30889,61.0
30890,39.105
30891,26.880000000000003
30892,26.64
30893,31.681666666666672
30894,23.159999999999997
30895,29.07
30896,24.28
30897,18.465
30898,44.18
30899,31.615000000000002
30900,26.009999999999998
30901,30.765
30902,55.0
30903,30.7125
30904,28.597499999999997
30905,18.92
30906,23.845
30907,33.72
30908,37.11071428571429
30909,28.67
30910,28.505000000000003
30911,62.75
30912,36.0975
30913,62.66666666666676
30914,36.68
30915,32.135
30916,71.0
30917,21.863333333333333
30918,25.369999999999997
30919,26.42
30920,0.0
30921,0.0
30922,35.26666666666666
30923,15.3
30924,33.14
30925,36.5
30926,32.74
30927,67.0
30928,26.229999999999997
30929,67.0
30930,72.0
30931,51.03
30932,25.590000000000003
30933,34.1
30934,29.75
30935,32.87666666666666
30936,28.8975
30937,48.0
30938,33.00333333333334
30939,59.0
30940,39.33333333333333
30941,50.0
30942,27.139333333333333
30943,52.75
30944,25.5
30945,32.39833333333333
30946,29.5
30947,0.0
30948,26.015
30949,26.354999999999997
30950,48.0
30951,38.389
30952,28.275
30953,3.0
30954,13.940000000000001
30955,0.0
30956,51.0
30957,24.89
30958,4.0
30959,9.333333333333304
30960,32.34
30961,21.24
30962,25.17
30963,30.971666666666657
30964,41.60000000000003
30965,35.66333333333334
30966,28.299999999999997
30967,20.35
30968,37.725
30969,28.39
30970,33.88
30971,28.384166666666673
30972,58.0
30973,32.87833333333334
30974,24.560000000000002
30975,61.0
30976,55.0
30977,29.115000000000002
30978,21.69
30979,30.7325
30980,61.0
30981,16.51
30982,30.124000000000002
30983,28.869999999999997
30984,51.0
30985,28.775
30986,18.67
30987,0.0
30988,60.0
30989,4.0
30990,27.573333333333338
30991,8.0
30992,1.0
30993,28.756666666666668
30994,30.273333333333333
30995,25.84166666666667
30996,0.0
30997,31.990000000000002
30998,41.0
30999,48.0
31000,42.08714285714287
31001,41.5
31002,32.0
31003,26.39
31004,24.575000000000003
31005,23.979999999999997
31006,23.515
31007,30.851666666666667
31008,55.0
31009,32.28666666666666
31010,28.08
31011,52.0
31012,29.520000000000003
31013,43.1
31014,0.0
31015,35.0
31016,16.59
31017,22.935000000000002
31018,65.0
31019,35.0
31020,75.0
31021,38.85833333333334
31022,0.0
31023,41.58166666666666
31024,12.129999999999999
31025,27.865000000000002
31026,29.64
31027,0.0
31028,11.940000000000001
31029,23.939999999999998
31030,62.0
31031,11.510000000000002
31032,20.48
31033,33.21
31034,0.0
31035,16.78
31036,11.379999999999999
31037,26.75
31038,17.45
31039,7.09
31040,0.0
31041,23.64
31042,9.559999999999999
31043,6.109999999999999
31044,3.9700000000000006
31045,28.502499999999998
31046,20.385
31047,17.54
31048,31.409999999999997
31049,0.0
31050,14.905000000000001
31051,9.969999999999999
31052,22.21
31053,23.515
31054,19.89
31055,17.49
31056,10.45
31057,13.93
31058,25.509999999999998
31059,27.11
31060,9.27
31061,21.995
31062,3.039999999999999
31063,27.076666666666668
31064,43.46
31065,22.814999999999998
31066,15.34
31067,13.774999999999999
31068,18.25
31069,11.41
31070,18.27
31071,11.844999999999999
31072,17.95
31073,14.84
31074,8.276666666666664
31075,3.4000000000000004
31076,15.059999999999999
31077,28.28
31078,11.166
31079,30.57
31080,24.509999999999998
31081,17.8
31082,25.36
31083,23.825000000000003
31084,19.59
31085,17.14
31086,24.159999999999997
31087,24.299999999999997
31088,23.225
31089,24.475
31090,22.645000000000003
31091,10.600000000000001
31092,18.71666666666667
31093,20.2
31094,27.060000000000002
31095,36.9
31096,12.579999999999998
31097,19.915
31098,21.82
31099,20.07
31100,31.58
31101,20.14
31102,23.869999999999997
31103,24.200000000000003
31104,15.71
31105,12.96
31106,23.72
31107,11.850000000000001
31108,22.490000000000002
31109,21.63
31110,34.09
31111,18.93
31112,15.899999999999999
31113,4.1
31114,30.42
31115,39.09416666666666
31116,25.490000000000002
31117,27.689999999999998
31118,25.93
31119,37.0
31120,21.52
31121,20.89
31122,17.22
31123,19.96
31124,15.77
31125,12.73
31126,19.75
31127,30.749166666666667
31128,22.79
31129,11.315000000000001
31130,12.52
31131,28.281999999999996
31132,26.409999999999997
31133,13.57
31134,22.72
31135,20.41
31136,35.022
31137,21.225
31138,20.59
31139,14.975000000000001
31140,12.43
31141,15.36
31142,23.395000000000003
31143,27.674999999999997
31144,24.15
31145,23.892000000000003
31146,20.825
31147,20.572
31148,10.39
31149,15.21
31150,11.420000000000002
31151,14.695
31152,15.54
31153,18.74
31154,33.28
31155,21.71
31156,21.236666666666668
31157,18.39
31158,15.370000000000001
31159,9.760000000000002
31160,3.24
31161,31.723333333333336
31162,24.060000000000002
31163,28.340000000000003
31164,22.759999999999998
31165,12.7
31166,20.74
31167,17.82
31168,11.649999999999999
31169,15.969999999999999
31170,24.25
31171,21.69
31172,11.504999999999999
31173,21.570000000000004
31174,11.25
31175,17.71
31176,16.175
31177,20.47
31178,19.243333333333336
31179,26.990000000000002
31180,15.45
31181,14.32
31182,11.690000000000001
31183,18.48
31184,10.34
31185,19.845
31186,6.965
31187,13.489999999999998
31188,20.52
31189,19.28
31190,26.68
31191,22.259999999999998
31192,22.270000000000003
31193,26.053333333333327
31194,23.009999999999998
31195,25.57
31196,8.915
31197,19.73
31198,9.149999999999999
31199,14.8
31200,17.13
31201,23.880000000000003
31202,27.25
31203,20.51
31204,24.43
31205,16.31
31206,34.58
31207,17.3
31208,21.54
31209,13.739999999999998
31210,17.71
31211,17.87
31212,14.59
31213,15.75
31214,13.530000000000001
31215,14.52
31216,22.11
31217,13.91
31218,19.7
31219,23.770000000000003
31220,33.375
31221,35.0
31222,28.409999999999997
31223,29.17
31224,36.18
31225,30.365000000000002
31226,22.64
31227,27.909999999999997
31228,39.302
31229,33.33
31230,39.68
31231,34.25
31232,26.67
31233,33.8
31234,28.68
31235,31.1
31236,32.81
31237,30.009999999999998
31238,29.47
31239,29.674999999999997
31240,25.729999999999997
31241,35.42
31242,28.310000000000002
31243,26.259999999999998
31244,20.03
31245,26.840000000000003
31246,31.119999999999997
31247,33.555
31248,27.509999999999998
31249,38.03
31250,28.14
31251,26.799999999999997
31252,32.02
31253,25.659999999999997
31254,29.991999999999997
31255,40.0
31256,26.92
31257,28.869999999999997
31258,25.159999999999997
31259,37.16107142857143
31260,29.33
31261,31.520000000000003
31262,29.689999999999998
31263,34.49
31264,25.18
31265,26.979999999999997
31266,56.0
31267,37.38
31268,26.85
31269,34.99
31270,35.2
31271,27.436666666666667
31272,28.29
31273,30.314999999999998
31274,20.01
31275,24.799999999999997
31276,28.020000000000003
31277,20.385
31278,29.990000000000002
31279,22.28
31280,27.310000000000002
31281,26.435000000000002
31282,32.16
31283,29.625
31284,29.92
31285,39.16
31286,51.0
31287,28.770000000000003
31288,35.49
31289,30.560000000000002
31290,26.590000000000003
31291,25.994999999999997
31292,28.935000000000002
31293,22.22533333333333
31294,31.375
31295,27.79
31296,34.18
31297,27.39
31298,28.939999999999998
31299,34.072
31300,27.509999999999998
31301,28.130000000000003
31302,28.725
31303,25.052
31304,22.96
31305,25.479999999999997
31306,21.655
31307,28.185000000000002
31308,26.354999999999997
31309,48.0
31310,22.08
31311,20.93
31312,27.939999999999998
31313,28.990000000000002
31314,29.345
31315,21.36
31316,56.0
31317,19.19
31318,35.865
31319,46.065
31320,44.575
31321,34.525
31322,45.485
31323,30.665
31324,33.665
31325,33.10333333333333
31326,32.0
31327,35.87
31328,27.17
31329,48.0
31330,38.175
31331,33.757666666666665
31332,37.86
31333,29.915
31334,31.5475
31335,21.33
31336,34.07
31337,62.0
31338,30.387500000000003
31339,30.295
31340,32.06916666666667
31341,37.3075
31342,34.28
31343,55.0
31344,31.225
31345,33.695
31346,70.0
31347,31.0
31348,34.275
31349,36.46
31350,38.63
31351,47.0
31352,55.0
31353,31.902500000000003
31354,26.625
31355,23.205
31356,28.505000000000003
31357,34.71
31358,63.0
31359,16.59
31360,29.143333333333338
31361,27.119999999999997
31362,32.475
31363,30.39
31364,0.0
31365,31.200000000000003
31366,33.16916666666666
31367,36.83666666666666
31368,30.255000000000003
31369,38.715
31370,32.86
31371,35.55
31372,31.03083333333334
31373,36.45
31374,38.32
31375,23.045
31376,36.0575
31377,28.97
31378,39.02
31379,33.15547619047619
31380,38.37
31381,35.6985
31382,32.9525
31383,63.0
31384,28.869999999999997
31385,28.58
31386,31.57
31387,33.34416666666666
31388,64.0
31389,25.424999999999997
31390,74.0
31391,40.61
31392,35.9
31393,34.86
31394,27.619999999999997
31395,41.5
31396,36.87
31397,58.0
31398,41.752142857142864
31399,28.92
31400,34.18333333333334
31401,39.06
31402,28.685000000000002
31403,28.975
31404,68.0
31405,27.14333333333333
31406,7.0
31407,28.42
31408,48.0
31409,28.42
31410,41.0525
31411,33.61666666666667
31412,24.534999999999997
31413,27.575000000000003
31414,26.205
31415,38.65
31416,35.28
31417,33.46666666666666
31418,17.125
31419,21.99
31420,17.96
31421,16.96333333333333
31422,17.82
31423,18.6
31424,19.825
31425,15.129999999999999
31426,22.31809523809524
31427,30.380000000000003
31428,18.79
31429,14.55
31430,40.29547619047619
31431,25.340000000000003
31432,29.409999999999997
31433,24.705
31434,16.26
31435,21.49
31436,28.503333333333337
31437,22.525
31438,16.58
31439,15.190000000000001
31440,14.93
31441,37.82833333333334
31442,13.88333333333333
31443,26.35
31444,28.200000000000003
31445,27.975
31446,21.66
31447,24.090000000000003
31448,21.575
31449,34.93666666666666
31450,31.064999999999998
31451,26.14666666666667
31452,27.725
31453,24.6
31454,36.34
31455,17.29
31456,23.695
31457,32.63
31458,16.46
31459,23.623333333333335
31460,21.87666666666667
31461,11.54
31462,8.809999999999999
31463,36.76
31464,44.1925
31465,28.913333333333327
31466,36.35
31467,13.34
31468,19.0
31469,18.31
31470,15.623333333333331
31471,22.025
31472,14.41
31473,20.09
31474,18.77
31475,34.1
31476,33.0275
31477,36.69
31478,26.109166666666667
31479,23.86
31480,34.185
31481,20.685
31482,33.415
31483,25.64
31484,28.22333333333333
31485,13.77333333333333
31486,25.159999999999997
31487,11.809999999999999
31488,35.4
31489,34.73166666666666
31490,10.899999999999999
31491,22.9
31492,21.33
31493,18.165
31494,12.66
31495,14.55
31496,23.159999999999997
31497,17.31
31498,23.354999999999997
31499,15.213333333333331
31500,12.66
31501,23.619999999999997
31502,14.059999999999999
31503,13.524999999999999
31504,29.86
31505,15.075
31506,18.0
31507,25.244999999999997
31508,14.149999999999999
31509,19.385
31510,20.19
31511,28.03
31512,26.229999999999997
31513,23.534999999999997
31514,20.75
31515,21.77
31516,35.675
31517,38.055
31518,31.57
31519,22.115000000000002
31520,30.78
31521,39.115
31522,34.925
31523,32.685
31524,30.255000000000003
31525,24.04
31526,58.0
31527,24.759999999999998
31528,34.99833333333334
31529,67.0
31530,21.4
31531,35.805
31532,25.060000000000002
31533,26.43
31534,31.63142857142857
31535,27.200000000000003
31536,24.1
31537,33.956
31538,21.77
31539,30.32
31540,32.81
31541,31.365000000000002
31542,27.845
31543,38.5975
31544,20.616666666666664
31545,23.409999999999997
31546,38.995
31547,52.0
31548,28.6
31549,31.92
31550,31.159999999999997
31551,29.939999999999998
31552,16.265
31553,20.16
31554,32.515
31555,26.551000000000002
31556,30.886666666666663
31557,31.341
31558,31.83
31559,30.215000000000003
31560,12.57
31561,30.28
31562,28.365000000000002
31563,33.48
31564,24.466
31565,20.96
31566,31.375
31567,18.42
31568,32.155
31569,25.655
31570,38.56833333333333
31571,27.96
31572,26.197142857142858
31573,24.6
31574,21.76
31575,29.72
31576,36.69833333333334
31577,34.32416666666667
31578,35.07
31579,18.52
31580,35.87
31581,18.15
31582,31.295
31583,25.284999999999997
31584,31.82666666666666
31585,0.0
31586,29.68
31587,14.219999999999999
31588,20.86
31589,19.42
31590,20.76
31591,24.006666666666668
31592,32.62
31593,37.786
31594,37.03
31595,31.72
31596,25.15333333333333
31597,25.380000000000003
31598,17.15
31599,21.85
31600,30.0775
31601,31.924999999999997
31602,25.310000000000002
31603,30.994999999999997
31604,35.5875
31605,15.8
31606,35.6775
31607,30.189999999999998
31608,28.810000000000002
31609,20.27
31610,25.545
31611,30.68
31612,15.059999999999999
31613,28.990000000000002
31614,23.270000000000003
31615,13.71
31616,35.12
31617,18.38
31618,13.95
31619,15.059999999999999
31620,26.450000000000003
31621,22.229999999999997
31622,24.045
31623,20.62
31624,24.479999999999997
31625,24.181999999999995
31626,12.48
31627,27.509999999999998
31628,19.236666666666665
31629,20.625
31630,20.95
31631,23.189999999999998
31632,21.49
31633,14.760000000000002
31634,23.049999999999997
31635,32.215
31636,21.17
31637,16.52
31638,27.020000000000003
31639,18.19
31640,20.8
31641,12.68
31642,27.58
31643,18.86
31644,21.85
31645,21.51
31646,16.875
31647,15.260000000000002
31648,16.57
31649,26.560000000000002
31650,30.961666666666673
31651,12.0
31652,14.14
31653,26.32
31654,36.0
31655,22.700000000000003
31656,16.93
31657,23.763333333333335
31658,29.70666666666667
31659,15.129999999999999
31660,10.120000000000001
31661,17.555
31662,17.72
31663,25.298333333333332
31664,34.72
31665,24.630000000000003
31666,30.528333333333336
31667,26.259999999999998
31668,19.1
31669,11.18
31670,21.36
31671,19.45
31672,29.380000000000003
31673,10.629999999999999
31674,26.57
31675,15.870000000000001
31676,22.07
31677,11.379999999999999
31678,33.09
31679,29.708333333333336
31680,20.45666666666667
31681,21.77
31682,20.345
31683,18.4
31684,23.4
31685,20.72
31686,25.54
31687,22.515
31688,15.739999999999998
31689,28.0
31690,14.04
31691,29.595
31692,15.41
31693,19.59
31694,16.259999999999994
31695,22.915
31696,26.53
31697,19.67
31698,15.530000000000001
31699,30.14
31700,25.39
31701,29.384999999999998
31702,12.21
31703,27.616666666666667
31704,28.700000000000003
31705,13.75
31706,17.62
31707,7.899999999999999
31708,18.675
31709,13.57
31710,18.33
31711,25.42
31712,29.47
31713,16.3
31714,26.445
31715,30.369999999999997
31716,36.37
31717,25.0
31718,6.739999999999998
31719,17.66
31720,12.36
31721,16.31666666666667
31722,29.067500000000003
31723,48.0
31724,26.240000000000002
31725,32.305
31726,22.93
31727,41.28
31728,10.690000000000001
31729,11.495000000000001
31730,32.52
31731,0.5999999999999996
31732,16.99
31733,23.240000000000002
31734,18.29
31735,23.939999999999998
31736,0.0
31737,13.280000000000001
31738,20.385
31739,46.0
31740,7.190000000000001
31741,18.32
31742,20.47
31743,0.0
31744,19.38
31745,50.9725
31746,23.555
31747,31.090000000000003
31748,26.130000000000003
31749,9.386666666666667
31750,25.64666666666667
31751,19.27
31752,31.119999999999997
31753,29.03
31754,24.244999999999997
31755,17.45
31756,37.54
31757,14.219999999999999
31758,24.875
31759,34.705
31760,12.350000000000001
31761,20.18
31762,29.229999999999997
31763,18.87
31764,32.81
31765,20.255
31766,22.215000000000003
31767,26.64
31768,24.64
31769,30.130000000000003
31770,46.79
31771,32.4
31772,21.973333333333336
31773,18.36
31774,33.24
31775,26.685000000000002
31776,15.61
31777,18.85
31778,17.85
31779,18.19
31780,18.46
31781,34.61
31782,22.369999999999997
31783,14.21
31784,22.564999999999998
31785,41.81
31786,51.0
31787,67.0
31788,21.98
31789,34.89
31790,59.0
31791,35.3125
31792,22.020000000000003
31793,23.520000000000003
31794,38.15
31795,13.5
31796,29.875
31797,34.61
31798,26.803333333333335
31799,20.84
31800,27.270000000000003
31801,14.309999999999999
31802,34.37
31803,0.0
31804,24.79
31805,45.0
31806,13.605
31807,18.57
31808,27.145000000000003
31809,23.205
31810,24.990000000000002
31811,23.945
31812,45.94
31813,34.15916666666667
31814,8.739999999999998
31815,29.085
31816,20.26
31817,29.145000000000003
31818,37.0
31819,37.02
31820,9.559999999999999
31821,8.7
31822,30.034999999999997
31823,18.78
31824,15.594999999999999
31825,23.766666666666673
31826,7.809999999999999
31827,24.15
31828,14.86
31829,6.66
31830,3.3200000000000003
31831,29.615000000000002
31832,28.71
31833,28.125
31834,5.73
31835,13.96
31836,37.17
31837,27.3425
31838,9.193333333333332
31839,51.0
31840,52.0
31841,31.29
31842,24.384999999999998
31843,16.17
31844,29.343333333333327
31845,26.93
31846,24.689999999999998
31847,20.1
31848,25.229999999999997
31849,21.665
31850,21.78
31851,45.0
31852,35.47
31853,12.32
31854,6.050000000000001
31855,16.02
31856,21.53142857142857
31857,51.0
31858,34.935
31859,31.57666666666666
31860,24.316666666666663
31861,10.10666666666667
31862,22.196666666666673
31863,29.343333333333327
31864,24.835
31865,17.3
31866,11.120000000000001
31867,13.079999999999998
31868,24.630000000000003
31869,24.65
31870,10.780000000000001
31871,26.314999999999998
31872,13.64
31873,18.32
31874,34.715
31875,19.16
31876,16.66
31877,22.68
31878,16.85166666666667
31879,21.33666666666667
31880,23.950000000000003
31881,22.28
31882,16.61
31883,11.350000000000001
31884,24.165
31885,17.29
31886,17.595
31887,15.780000000000001
31888,18.4
31889,27.354999999999997
31890,11.886666666666667
31891,16.77
31892,22.740000000000002
31893,12.030000000000001
31894,17.89
31895,15.116666666666664
31896,19.87
31897,9.329999999999998
31898,17.71
31899,17.17333333333333
31900,24.03666666666666
31901,31.049999999999997
31902,25.511666666666663
31903,25.735
31904,29.73466666666667
31905,18.15
31906,18.28
31907,18.85666666666667
31908,18.78
31909,27.866666666666667
31910,13.686666666666671
31911,23.29
31912,13.864999999999998
31913,19.598333333333336
31914,5.65
31915,19.085
31916,16.42
31917,19.67
31918,24.775
31919,16.3
31920,13.05
31921,20.695
31922,24.189999999999998
31923,15.149999999999999
31924,26.380000000000003
31925,25.96
31926,32.31
31927,24.806666666666672
31928,18.64
31929,13.7
31930,16.87
31931,10.809999999999999
31932,25.17
31933,24.845
31934,14.350000000000001
31935,15.536666666666665
31936,10.149999999999999
31937,18.47
31938,23.799999999999997
31939,19.47
31940,3.5199999999999996
31941,11.77
31942,9.850000000000001
31943,29.505000000000003
31944,22.905
31945,37.77
31946,34.465
31947,19.86
31948,26.729999999999997
31949,9.66
31950,12.399999999999999
31951,21.79
31952,35.26
31953,21.01333333333333
31954,23.854999999999997
31955,24.200000000000003
31956,3.663333333333334
31957,30.189999999999998
31958,30.828333333333333
31959,16.21333333333333
31960,23.071666666666673
31961,33.32
31962,26.75
31963,28.305
31964,16.99
31965,21.50809523809524
31966,31.267142857142872
31967,46.0
31968,41.04666666666666
31969,28.33
31970,32.127142857142864
31971,35.87
31972,32.82
31973,29.5
31974,26.590000000000003
31975,35.33
31976,36.71
31977,26.259999999999998
31978,12.989999999999998
31979,23.759999999999998
31980,31.71166666666666
31981,20.09
31982,41.493
31983,33.86071428571429
31984,27.04
31985,29.439999999999998
31986,21.52333333333333
31987,25.645000000000003
31988,22.685000000000002
31989,23.68
31990,27.36
31991,28.0
31992,19.89
31993,26.8435
31994,32.79
31995,30.22
31996,28.055
31997,23.695
31998,31.299999999999997
31999,29.119999999999997
32000,22.765
32001,22.07
32002,21.68
32003,36.2975
32004,30.11
32005,20.49
32006,20.115
32007,30.79
32008,29.16833333333333
32009,27.284999999999997
32010,32.84
32011,31.296666666666667
32012,27.32714285714286
32013,32.805
32014,35.41
32015,37.13
32016,29.526666666666657
32017,26.085
32018,20.74
32019,30.965000000000003
32020,31.240000000000002
32021,35.91
32022,32.9075
32023,20.39
32024,31.506
32025,32.07
32026,28.9
32027,33.3715
32028,22.715000000000003
32029,29.453333333333333
32030,31.659999999999997
32031,40.45166666666667
32032,33.04333333333334
32033,36.21333333333334
32034,27.47
32035,18.383333333333336
32036,20.88666666666667
32037,20.72
32038,31.604999999999997
32039,30.54
32040,36.41
32041,24.07
32042,24.775
32043,39.94
32044,26.055
32045,38.08
32046,33.995
32047,20.506
32048,36.511
32049,33.25
32050,34.09
32051,25.92
32052,20.87
32053,31.439999999999998
32054,35.23
32055,35.3
32056,32.775
32057,25.869999999999997
32058,32.5525
32059,26.72
32060,32.55
32061,29.020000000000003
32062,27.689999999999998
32063,39.46666666666666
32064,69.0
32065,28.270000000000003
32066,29.875
32067,26.07
32068,64.0
32069,21.31
32070,22.61
32071,42.405
32072,22.979999999999997
32073,66.0
32074,36.82
32075,40.0
32076,33.845
32077,34.505
32078,37.18
32079,22.15
32080,48.615
32081,47.45
32082,29.42
32083,44.5175
32084,44.375
32085,30.634999999999998
32086,37.43
32087,44.9025
32088,44.145
32089,55.0
32090,31.86
32091,35.435
32092,43.32333333333333
32093,33.18
32094,39.185
32095,35.05
32096,38.26
32097,35.4
32098,32.81
32099,28.545
32100,29.295
32101,37.77
32102,31.7325
32103,33.0
32104,29.945
32105,29.72
32106,35.63
32107,34.59
32108,35.06
32109,40.11
32110,36.82
32111,35.855
32112,41.445
32113,26.32
32114,31.6
32115,38.33
32116,51.0
32117,47.27
32118,58.0
32119,31.805
32120,37.105
32121,32.91
32122,37.885
32123,20.8
32124,43.31
32125,36.5
32126,37.38
32127,35.23
32128,33.95
32129,60.0
32130,38.0
32131,31.46
32132,25.75
32133,24.509999999999998
32134,22.39
32135,29.031666666666666
32136,29.189999999999998
32137,27.0
32138,23.705
32139,23.060000000000002
32140,34.825
32141,32.355
32142,38.11
32143,29.83
32144,29.85
32145,27.3575
32146,37.646
32147,26.240000000000002
32148,37.505
32149,17.98
32150,26.493333333333332
32151,35.835
32152,36.93
32153,28.025
32154,27.770000000000003
32155,20.96
32156,39.2525
32157,27.095
32158,26.04
32159,34.41
32160,36.9
32161,8.0
32162,33.63
32163,22.0
32164,35.31
32165,19.0
32166,33.67
32167,35.79
32168,29.979999999999997
32169,35.885
32170,33.41
32171,29.048000000000002
32172,24.86
32173,27.0
32174,25.700000000000003
32175,40.59
32176,30.067500000000003
32177,25.240000000000002
32178,18.0
32179,33.62
32180,46.65
32181,43.37
32182,34.0875
32183,38.785
32184,28.405
32185,32.93
32186,36.48
32187,31.015
32188,28.65
32189,28.310000000000002
32190,32.95
32191,44.92
32192,29.840000000000003
32193,37.02
32194,29.64
32195,27.755000000000003
32196,38.68
32197,28.0
32198,36.315
32199,36.74
32200,32.535
32201,27.14
32202,42.61
32203,35.41
32204,23.22
32205,42.49
32206,36.36
32207,47.0
32208,28.3975
32209,33.15
32210,38.31833333333333
32211,33.97
32212,30.095
32213,37.84
32214,31.125
32215,40.58
32216,37.76
32217,39.095
32218,33.25
32219,31.53
32220,38.17
32221,41.695
32222,40.78
32223,31.67
32224,33.48
32225,28.0
32226,40.07
32227,23.630000000000003
32228,29.68333333333333
32229,22.729999999999997
32230,24.79
32231,21.68
32232,21.46
32233,26.08
32234,36.345
32235,20.64
32236,34.625
32237,23.549999999999997
32238,27.97
32239,51.0
32240,32.63666666666666
32241,23.200000000000003
32242,39.64
32243,40.49
32244,37.5
32245,30.7025
32246,23.235999999999997
32247,17.655
32248,45.0
32249,29.582500000000003
32250,29.78
32251,34.9
32252,36.1625
32253,38.555
32254,26.14
32255,29.875
32256,31.945
32257,44.81
32258,54.0
32259,22.42
32260,25.21
32261,34.21
32262,35.9
32263,41.22
32264,20.956666666666663
32265,27.581000000000003
32266,27.193333333333335
32267,32.6
32268,33.84
32269,34.37
32270,30.810000000000002
32271,0.0
32272,33.31333333333333
32273,30.994999999999997
32274,23.60666666666667
32275,30.33
32276,33.69
32277,21.696666666666665
32278,35.925
32279,33.425
32280,26.560000000000002
32281,27.185000000000002
32282,38.02
32283,33.47
32284,17.97
32285,34.4
32286,37.505
32287,0.0
32288,36.295
32289,42.805
32290,33.27
32291,39.69
32292,28.494999999999997
32293,62.0
32294,47.0
32295,23.509999999999998
32296,29.865000000000002
32297,31.67
32298,41.7475
32299,21.58
32300,28.525
32301,32.23333333333333
32302,28.21
32303,45.14
32304,32.665
32305,42.99
32306,27.424999999999997
32307,36.56
32308,34.885
32309,38.985
32310,28.6
32311,0.0
32312,28.064999999999998
32313,26.575000000000003
32314,29.555
32315,62.0
32316,33.43
32317,37.17833333333334
32318,31.17333333333334
32319,24.299999999999997
32320,30.49547619047619
32321,30.814999999999998
32322,19.33
32323,29.06666666666667
32324,38.1925
32325,25.490000000000002
32326,16.77
32327,15.77
32328,21.45
32329,15.52
32330,23.14
32331,21.84
32332,12.079999999999998
32333,21.245
32334,27.990000000000002
32335,12.305
32336,21.605
32337,13.649999999999999
32338,18.12
32339,18.31
32340,20.2
32341,15.82
32342,6.510000000000002
32343,26.248333333333335
32344,17.31
32345,15.355
32346,26.09833333333333
32347,28.416666666666657
32348,26.82
32349,22.740000000000002
32350,28.619999999999997
32351,13.030000000000001
32352,23.64
32353,20.42
32354,23.43
32355,29.97166666666667
32356,13.489999999999998
32357,14.690000000000001
32358,26.700000000000003
32359,14.329999999999998
32360,25.51166666666667
32361,8.575
32362,26.799999999999997
32363,11.39
32364,26.75
32365,27.438333333333333
32366,3.3100000000000005
32367,11.885000000000002
32368,25.11
32369,17.86
32370,15.86
32371,16.58
32372,22.759999999999998
32373,12.690000000000001
32374,20.2
32375,22.03
32376,11.49666666666667
32377,50.0
32378,22.520000000000003
32379,19.78
32380,20.3
32381,17.84
32382,17.35
32383,25.759999999999998
32384,14.309999999999999
32385,29.595
32386,10.715
32387,11.855
32388,33.95
32389,20.19
32390,26.299999999999997
32391,16.845
32392,28.1
32393,19.97
32394,12.829999999999998
32395,22.04
32396,21.745
32397,25.509999999999998
32398,24.61
32399,7.190000000000001
32400,21.125
32401,22.915
32402,28.020000000000003
32403,12.96
32404,34.01
32405,15.085
32406,19.52
32407,10.600000000000001
32408,0.5899999999999999
32409,61.0
32410,43.91
32411,35.08
32412,31.159999999999997
32413,48.1
32414,37.94
32415,50.0
32416,49.0
32417,36.22
32418,43.71
32419,44.035
32420,41.77
32421,40.16
32422,38.595
32423,67.0
32424,66.0
32425,34.48
32426,19.01
32427,42.21
32428,43.795
32429,34.36
32430,42.525
32431,42.37
32432,39.31
32433,31.0
32434,37.32
32435,43.2625
32436,43.84
32437,36.61
32438,32.93
32439,36.37666666666667
32440,47.21666666666667
32441,36.81
32442,40.2
32443,53.0
32444,27.545
32445,36.46
32446,32.83
32447,32.21
32448,35.63
32449,35.3
32450,46.29
32451,41.03
32452,40.935
32453,34.86
32454,39.0
32455,37.755
32456,43.85
32457,27.46
32458,35.18
32459,60.0
32460,43.515
32461,73.0
32462,49.415
32463,40.75
32464,22.369999999999997
32465,46.54
32466,35.75
32467,44.2875
32468,30.9
32469,34.59
32470,57.0
32471,32.2175
32472,38.78
32473,26.299999999999997
32474,41.675714285714285
32475,34.48
32476,37.81
32477,34.42
32478,45.395
32479,21.39
32480,33.945
32481,33.635
32482,29.96
32483,29.0
32484,19.28
32485,48.0
32486,26.840000000000003
32487,42.82
32488,46.0
32489,21.78
32490,30.4125
32491,36.185
32492,43.86333333333333
32493,42.0
32494,37.22
32495,28.590000000000003
32496,33.955
32497,31.571000000000005
32498,31.07
32499,33.19
32500,39.98
32501,35.94333333333333
32502,29.409999999999997
32503,63.0
32504,40.59
32505,24.799999999999997
32506,28.08
32507,41.79
32508,33.515
32509,35.69
32510,36.615
32511,37.375
32512,27.549999999999997
32513,32.76333333333333
32514,30.119999999999997
32515,33.166
32516,31.619999999999997
32517,22.979999999999997
32518,30.83
32519,37.955
32520,59.0
32521,31.090000000000003
32522,36.255
32523,29.29
32524,26.6075
32525,34.56
32526,41.1
32527,40.9
32528,34.14
32529,36.492
32530,66.0
32531,24.85
32532,23.770000000000003
32533,10.10666666666667
32534,19.78
32535,23.700000000000003
32536,27.46
32537,28.965000000000003
32538,18.93
32539,37.205
32540,33.45
32541,26.854999999999997
32542,27.939999999999998
32543,22.72
32544,35.26
32545,57.0
32546,30.740000000000002
32547,30.555
32548,20.18
32549,28.68
32550,27.415
32551,0.0
32552,4.1
32553,28.104999999999997
32554,29.746666666666663
32555,30.060000000000002
32556,46.565
32557,17.635
32558,40.27
32559,31.83
32560,23.270000000000003
32561,34.815
32562,29.031666666666666
32563,45.9425
32564,31.295
32565,20.27
32566,30.299999999999997
32567,35.03
32568,31.689999999999998
32569,30.365000000000002
32570,35.14
32571,35.0
32572,31.369999999999997
32573,12.559999999999999
32574,31.235
32575,24.46
32576,16.645
32577,37.56
32578,25.560000000000002
32579,39.215
32580,33.15916666666666
32581,24.689999999999998
32582,26.759999999999998
32583,22.35
32584,25.775
32585,23.590000000000003
32586,17.5
32587,16.37
32588,14.454999999999998
32589,13.68
32590,3.635
32591,6.879999999999999
32592,26.009999999999998
32593,20.29
32594,20.825
32595,19.08
32596,13.969999999999999
32597,18.61
32598,27.189999999999998
32599,18.39
32600,21.422
32601,18.256666666666664
32602,26.71
32603,24.61
32604,17.63
32605,15.879999999999999
32606,14.530000000000001
32607,22.5
32608,20.53
32609,13.91
32610,18.975
32611,19.83
32612,23.46
32613,18.665
32614,16.236666666666665
32615,14.291666666666664
32616,17.35
32617,20.925
32618,21.865
32619,17.26
32620,14.719999999999999
32621,16.03
32622,13.02
32623,7.120000000000001
32624,14.14
32625,19.1
32626,15.68
32627,20.12
32628,20.22
32629,16.56
32630,15.54
32631,13.969999999999999
32632,23.001999999999995
32633,24.564999999999998
32634,24.009999999999998
32635,15.7
32636,14.942
32637,12.14
32638,22.92
32639,15.940000000000001
32640,20.366666666666664
32641,16.64
32642,22.89
32643,18.88
32644,15.379999999999999
32645,19.075
32646,19.68
32647,15.5
32648,20.39
32649,17.05
32650,21.25
32651,7.989999999999998
32652,30.89
32653,26.29
32654,25.909999999999997
32655,15.23
32656,25.42
32657,20.04
32658,17.84
32659,26.136666666666663
32660,11.170000000000002
32661,24.520000000000003
32662,17.68
32663,18.25
32664,16.54
32665,24.33
32666,30.671999999999997
32667,16.45
32668,16.29
32669,19.46
32670,20.4
32671,15.969999999999999
32672,15.57
32673,17.82
32674,24.79
32675,25.03
32676,26.08
32677,24.909999999999997
32678,37.361
32679,22.090000000000003
32680,26.93
32681,24.939999999999998
32682,28.490000000000002
32683,33.67
32684,27.64
32685,26.950000000000003
32686,28.46
32687,41.915
32688,32.18
32689,27.270000000000003
32690,33.485
32691,30.17
32692,21.85
32693,32.54
32694,29.47
32695,24.18
32696,40.445
32697,45.586000000000006
32698,33.74
32699,28.685000000000002
32700,33.39
32701,42.126000000000005
32702,31.18
32703,27.909999999999997
32704,33.38
32705,28.97
32706,27.67
32707,31.270000000000003
32708,30.36
32709,28.71
32710,30.020000000000003
32711,37.15
32712,35.66
32713,46.04
32714,43.67
32715,43.79
32716,27.00571428571429
32717,38.845
32718,28.634999999999998
32719,45.005
32720,25.92
32721,36.0
32722,28.03
32723,34.47
32724,26.21
32725,25.845
32726,26.4
32727,28.729999999999997
32728,24.5
32729,31.979999999999997
32730,23.79
32731,14.456
32732,26.17
32733,15.329999999999998
32734,26.32
32735,34.09
32736,29.18
32737,30.814999999999998
32738,24.14
32739,17.05
32740,21.4
32741,35.87
32742,30.83
32743,26.82
32744,42.356
32745,42.06
32746,42.206
32747,40.125
32748,33.6175
32749,40.4
32750,35.03
32751,28.740000000000002
32752,18.08
32753,44.415
32754,49.41
32755,37.82833333333334
32756,30.744999999999997
32757,35.67
32758,63.0
32759,57.0
32760,55.0
32761,25.83
32762,21.835
32763,14.530000000000001
32764,25.884999999999998
32765,30.810000000000002
32766,31.310000000000002
32767,25.435000000000002
32768,26.924999999999997
32769,26.770000000000003
32770,29.564999999999998
32771,14.415
32772,28.729999999999997
32773,23.295
32774,34.34928571428571
32775,26.590000000000003
32776,40.31333333333333
32777,27.740000000000002
32778,28.5
32779,32.785
32780,17.27666666666667
32781,32.25583333333334
32782,30.43
32783,34.355
32784,22.19833333333333
32785,28.174999999999997
32786,30.585
32787,37.62
32788,27.337142857142858
32789,28.78
32790,33.44
32791,34.699
32792,26.200000000000003
32793,31.615000000000002
32794,31.55333333333334
32795,26.505000000000003
32796,24.125
32797,16.38
32798,57.0
32799,7.699999999999999
32800,25.229999999999997
32801,11.95
32802,39.39
32803,27.976666666666667
32804,37.98
32805,12.010000000000002
32806,34.4325
32807,11.92666666666667
32808,44.0
32809,33.1
32810,13.18
32811,28.424999999999997
32812,22.83
32813,39.85416666666667
32814,30.299999999999997
32815,34.11
32816,13.3
32817,18.7
32818,32.72
32819,22.803333333333335
32820,31.097142857142863
32821,25.415
32822,21.48
32823,17.18
32824,67.0
32825,32.93
32826,28.65714285714286
32827,25.25
32828,28.15
32829,22.939999999999998
32830,34.655
32831,4.77
32832,16.41
