ID,track_popularity
26266,36.22501734170569
26267,35.929434777564936
26268,35.88750915179271
26269,31.301093531322536
26270,47.27724258418288
26271,46.63012627903852
26272,43.346792488866086
26273,45.67378701558417
26274,48.54433052553854
26275,36.140736326075945
26276,37.10870525343587
26277,36.803325204524434
26278,43.93629047787839
26279,42.6126566888422
26280,30.040347340019512
26281,31.070975353250475
26282,30.941119448254923
26283,32.75775763871379
26284,30.671725475874986
26285,28.456209851718523
26286,27.940296186559166
26287,32.244935134029305
26288,28.041139638876757
26289,25.627731973380406
26290,28.505803410012984
26291,29.050232965694484
26292,36.33875021472883
26293,33.74243481676848
26294,36.89391678916028
26295,32.824950896629815
26296,27.707022765549098
26297,32.81527966274899
26298,38.11561799646973
26299,43.33438486935531
26300,38.93542401180566
26301,41.71623396340459
26302,35.01118413009446
26303,38.807379353842926
26304,41.96486526274387
26305,40.36613613515561
26306,40.64984097605834
26307,35.24680543367874
26308,32.496017602108125
26309,38.077794351249544
26310,34.314992764758536
26311,36.73340885977551
26312,33.81404266032414
26313,35.81132819630206
26314,39.04341343454485
26315,37.99498460498866
26316,37.82339570359353
26317,34.65085910221282
26318,0.8269026491035413
26319,34.17308380066331
26320,34.30154514489681
26321,31.34163797591086
26322,32.21210242760315
26323,30.638299986169436
26324,33.51654935917591
26325,34.29815587412478
26326,36.17675261742692
26327,37.16039976091933
26328,34.318994226789016
26329,31.218143092652795
26330,32.8239210941676
26331,43.513259514636225
26332,26.385508234037218
26333,35.193796850463855
26334,30.33647702163079
26335,38.59017583463207
26336,45.825938992278715
26337,37.34720698794831
26338,39.71295367951639
26339,30.356256483056754
26340,36.126523419235134
26341,32.139626462237096
26342,24.607384225404104
26343,31.761360118126884
26344,23.19986387815984
26345,28.63840911810892
26346,35.899073593418635
26347,32.91366813405796
26348,31.14803875190786
26349,40.56205945396778
26350,38.95983335914704
26351,39.24312081227083
26352,34.38301649572509
26353,35.33143042157828
26354,32.76646560375942
26355,38.516703524655085
26356,29.80738910784362
26357,36.387481470988774
26358,36.30651843938117
26359,37.7346070933705
26360,32.84257349672907
26361,32.21321548851502
26362,39.61470932832778
26363,34.04017975932824
26364,40.552113115212094
26365,41.898149162563136
26366,42.746086781972714
26367,57.86756894872085
26368,30.41504697828771
26369,35.00040588019566
26370,39.1222647867159
26371,50.56558462867051
26372,21.741718974451203
26373,47.558066315525615
26374,45.42951023864638
26375,40.48501598790216
26376,35.550022277459256
26377,42.213928055160224
26378,33.65243024165985
26379,31.485262425375858
26380,2.4000891608713957
26381,40.82672108280242
26382,21.34913776944184
26383,30.86539896016668
26384,49.677962728797624
26385,24.37288036408784
26386,31.21779989550016
26387,33.1571096876025
26388,32.869780302813325
26389,47.23066223294043
26390,31.582040404419537
26391,46.18981738024276
26392,22.786181212244138
26393,24.398061603658128
26394,36.535864422872564
26395,37.861482741503735
26396,32.915274970455876
26397,35.504999155942734
26398,31.569420154263554
26399,32.295094143407674
26400,38.354165621786464
26401,34.38811171111825
26402,43.32564619150112
26403,21.903309062826725
26404,38.73631226604913
26405,46.471100747888464
26406,45.88357546319274
26407,2.3744311600577275
26408,24.962430053016977
26409,29.441751236819712
26410,30.353971872316407
26411,30.341309730265394
26412,42.98415140681248
26413,28.27112967539803
26414,40.97343217915574
26415,36.78609045795122
26416,31.381812680670023
26417,35.046836302897724
26418,35.74765448693145
26419,56.98791529813517
26420,42.55176575456836
26421,31.114334407828405
26422,33.730761694254426
26423,38.68596008666896
26424,31.89194018218476
26425,31.79069003362104
26426,29.54056195062134
26427,29.33140732804639
26428,31.00713552560447
26429,38.859343886568766
26430,62.52424309063032
26431,48.15518209824636
26432,33.63420318049451
26433,41.064721078496625
26434,28.1795319529585
26435,32.22792206745202
26436,31.611900355091244
26437,32.55155943898318
26438,28.46950741482828
26439,35.39878292291665
26440,34.44948748496213
26441,34.130767271487834
26442,34.50745987157807
26443,31.43448510341544
26444,34.63819079271195
26445,58.11526446463562
26446,54.172556518245074
26447,20.868529416202946
26448,37.893044245266054
26449,50.10624824924547
26450,58.6742633794059
26451,23.53072423382995
26452,26.23084873659406
26453,28.167922802217216
26454,27.84818510641417
26455,30.140560555461974
26456,26.11042272877419
26457,27.97947230492631
26458,21.6371655685648
26459,24.137291943806495
26460,25.37658204801739
26461,22.514172577891372
26462,19.554611537834532
26463,20.283779966646428
26464,20.20156199662253
26465,24.311208187596208
26466,23.80647288075682
26467,26.61151521265122
26468,25.497644839466247
26469,27.524474746371858
26470,23.64887368266718
26471,31.59610502782059
26472,22.878898136229857
26473,27.15733427963951
26474,20.139084866999593
26475,20.77021015704795
26476,25.641703104131178
26477,25.972285013971288
26478,27.147618813400292
26479,27.932150152273977
26480,24.651130267459582
26481,30.575177082418637
26482,22.088038384955848
26483,29.011783479942373
26484,26.437916583823068
26485,27.933701649124167
26486,22.82531086598273
26487,26.35801960377856
26488,26.904126828984005
26489,27.559740840808413
26490,25.22269106413571
26491,28.577185232368166
26492,24.57475073958068
26493,23.812520261210462
26494,23.11544022558828
26495,28.05708389363314
26496,25.105823637131394
26497,26.782082695738808
26498,28.854406756705238
26499,27.460559130113985
26500,25.778903409943524
26501,29.809869534543587
26502,28.44319385769856
26503,25.516455945489994
26504,21.992681097049104
26505,26.550818668198822
26506,25.53273963261152
26507,4.334862268118393
26508,25.836283887356153
26509,26.04785328935409
26510,30.888224882935262
26511,22.968769174669447
26512,33.13392959852542
26513,7.504790335430401
26514,23.501437449874707
26515,23.37401132674467
26516,23.36947562340107
26517,26.47615344529867
26518,27.634898641910816
26519,20.35565386500419
26520,24.820472912404774
26521,26.345956818449253
26522,27.9042367031158
26523,24.01681559358126
26524,21.880191493410315
26525,26.01835858847824
26526,30.474305764020038
26527,24.64844869840019
26528,29.824310028148133
26529,34.67172034420875
26530,27.055851547885233
26531,20.223280954039225
26532,29.379633021147725
26533,24.75232765945809
26534,23.447952037846413
26535,22.18538326084065
26536,25.157621333091505
26537,29.549713487677998
26538,28.137318377306215
26539,27.490118731048497
26540,24.855530143164987
26541,29.298006140421357
26542,25.766724919904746
26543,27.02069072515247
26544,27.721698623898085
26545,29.52075196236118
26546,26.79091838610816
26547,27.40816384816972
26548,26.07922611023829
26549,25.25229734726655
26550,26.49354616064408
26551,34.884538145929035
26552,34.57892430967857
26553,29.387550298812698
26554,21.315735661303545
26555,19.187433158570325
26556,75.98994073386254
26557,27.850912727596935
26558,13.777141997706861
26559,27.629924165856252
26560,25.286817980636222
26561,34.45573016372813
26562,33.74853124540804
26563,26.601769367533834
26564,28.396318641562274
26565,19.82517681957971
26566,23.007696664075898
26567,25.59447352584322
26568,33.47019440400968
26569,27.404624000674268
26570,19.48208129592966
26571,39.54093034098203
26572,6.069676283860673
26573,26.274182637693336
26574,31.262315380013405
26575,24.87144656840902
26576,31.84823156474983
26577,20.683343254305257
26578,28.759381345160172
26579,29.202539165735125
26580,34.29872243036052
26581,33.61180309184965
26582,27.459423818344803
26583,29.294274086792562
26584,25.374604355537596
26585,32.32206289739933
26586,32.01556271268048
26587,23.200439808797654
26588,26.11861395400074
26589,16.069267028400787
26590,7.030025795279871
26591,28.535798119805882
26592,21.47018807237241
26593,42.74779745954572
26594,24.987939398878474
26595,75.8680305277864
26596,45.679004843263186
26597,25.283808673823444
26598,48.690493620346075
26599,41.63168976742364
26600,48.73351852095322
26601,80.37991647032865
26602,26.40245152940284
26603,23.550851934486133
26604,21.745933229010255
26605,24.153045358588365
26606,41.28288481211612
26607,36.63779422718849
26608,36.586683943638384
26609,28.548004869000245
26610,36.37452588918117
26611,41.18473050521885
26612,25.803917187255927
26613,43.66585429559813
26614,61.39287875202829
26615,42.78476604457371
26616,32.22799249450612
26617,58.79999363163688
26618,55.77750690459912
26619,40.74113634274162
26620,42.315381356668176
26621,37.87139403827616
26622,21.615656648110402
26623,27.864207479264444
26624,36.33328335252588
26625,28.922836311389297
26626,47.8472367012372
26627,24.97945475897167
26628,25.20522767052055
26629,27.953836001767748
26630,36.973265351221166
26631,35.46842446306996
26632,28.159012892242558
26633,32.151913417529194
26634,13.186351052656166
26635,37.99751187373999
26636,33.53598985006975
26637,9.568466555855563
26638,31.0417225471323
26639,37.20263268049335
26640,39.021731849064416
26641,33.794557987386405
26642,8.735627652277902
26643,38.304856257593755
26644,14.756747163674044
26645,31.248146691551632
26646,27.334417445310667
26647,37.05215284282124
26648,31.450907956250067
26649,24.053243758104585
26650,49.17072623099671
26651,23.0690549484758
26652,37.722554328072285
26653,38.30360398688423
26654,30.870612064004785
26655,27.41034981521735
26656,12.890974425133997
26657,36.201822138804076
26658,52.60709962641784
26659,25.816985377574234
26660,33.37342202166492
26661,24.29328083204515
26662,30.995149662483698
26663,39.23860856847174
26664,29.12211399771597
26665,26.18333036507986
26666,30.346470552626045
26667,30.753153881744716
26668,36.23776905929351
26669,27.44907353207782
26670,24.487855164820314
26671,31.09459225868941
26672,29.876766317319507
26673,34.27237163773237
26674,47.140415339532396
26675,24.925258796835788
26676,43.38336179718751
26677,40.2414451885482
26678,31.326307561894986
26679,26.307051579662218
26680,24.192384909573562
26681,27.743835323394954
26682,26.07446045096489
26683,25.69439184707464
26684,30.906056994247056
26685,28.22589395537188
26686,20.19389721986693
26687,52.35897772635883
26688,29.301435103368895
26689,41.34938500164164
26690,33.042388752452496
26691,31.29814245759523
26692,26.313981669865804
26693,33.046253852417315
26694,24.98277394373129
26695,15.459115097046098
26696,37.38697041279457
26697,40.03989533996449
26698,29.367043475789806
26699,29.16364012624105
26700,27.214409397956487
26701,40.06314841653753
26702,35.929210233613915
26703,39.63655885758582
26704,29.414785491487333
26705,31.995226177145238
26706,65.34161957045629
26707,35.79391409634655
26708,29.542896353522398
26709,39.34398189603935
26710,27.237269092688955
26711,30.037398524223377
26712,30.69483385358491
26713,29.84631269464657
26714,27.99015491380805
26715,58.148491902653035
26716,36.8415045091129
26717,35.79510703605989
26718,33.544171636869734
26719,31.52952407328565
26720,37.060393868096426
26721,30.305739888684094
26722,24.28125154666223
26723,33.039494086329874
26724,31.196620967284915
26725,38.41184593161265
26726,36.10898587217061
26727,31.548122082809755
26728,36.213671918774935
26729,32.060433082013375
26730,31.593402919162756
26731,31.60186433766708
26732,45.16824865072904
26733,26.034836716632206
26734,27.33765732528623
26735,39.268063191309466
26736,32.82382548371167
26737,28.794873708810865
26738,37.45984811357255
26739,28.14931036474499
26740,39.68223303152784
26741,37.80901862157626
26742,28.756785425929035
26743,25.984910405706756
26744,28.30422831833716
26745,32.155924917982986
26746,26.654022819856127
26747,26.93999404670657
26748,26.947993783811746
26749,46.13528944513283
26750,25.36517283365621
26751,43.1259091476705
26752,41.962350649543815
26753,33.83863963676109
26754,37.49324964478219
26755,30.06973446444305
26756,43.29189199220145
26757,27.002304889058166
26758,21.865308383143248
26759,35.943231049264064
26760,26.177131064458596
26761,39.600283901615356
26762,38.255591533043614
26763,30.288776128399554
26764,39.14305883136483
26765,39.67760507788461
26766,29.365667901105525
26767,29.956388673514283
26768,29.226913242215268
26769,40.000624271221696
26770,36.815633322264986
26771,66.67248957241054
26772,34.67665453072253
26773,37.762611324374774
26774,29.322989727005357
26775,23.63937384985002
26776,51.795034975415376
26777,24.668526738779217
26778,40.6315734095937
26779,39.20514636604176
26780,26.67522589598662
26781,24.152858261964575
26782,61.202528799631374
26783,28.09020166121389
26784,32.42840127427603
26785,29.06084617155127
26786,26.801886446997
26787,29.718193354438412
26788,27.880319180802005
26789,34.731944395675676
26790,15.570000440507219
26791,15.278063642578772
26792,31.180452473438905
26793,22.09221585080826
26794,35.767836371349325
26795,31.13368321125364
26796,34.548209242979425
26797,31.287435542511304
26798,35.42396844860298
26799,36.71205271724168
26800,35.50754702818294
26801,36.5776631119783
26802,24.47748943706302
26803,31.789103478962183
26804,39.142468832159665
26805,50.0580448271415
26806,36.465267932898705
26807,44.96396949532821
26808,38.09629116567195
26809,25.128794169528604
26810,37.68876944010545
26811,37.16974958361029
26812,42.693063540279866
26813,38.952000363024304
26814,39.76194166953056
26815,47.52276095905565
26816,35.9448009117673
26817,70.60738969636489
26818,23.286918428581856
26819,34.979451058335755
26820,23.195894082568763
26821,11.98318626537923
26822,39.001827143868724
26823,32.5621884133146
26824,63.00063818404323
26825,24.87633001626194
26826,23.926167097266386
26827,62.848377882120715
26828,29.500627800252364
26829,36.76195411997356
26830,26.18909363075452
26831,47.7787190129908
26832,30.435250251631984
26833,35.24146728165877
26834,29.153787920534114
26835,22.94879180047098
26836,37.922404124147086
26837,62.08710251752075
26838,40.751978675266756
26839,14.281184965008695
26840,27.2249100338581
26841,31.068854934773427
26842,40.612798698230804
26843,35.02824539230082
26844,30.349026157797347
26845,18.97078748580695
26846,33.54511735309238
26847,18.00255657864816
26848,36.019374481573195
26849,40.925644249185915
26850,40.185149290987944
26851,21.98390089122323
26852,33.64700688776684
26853,58.45300790963819
26854,75.66065456360353
26855,40.02237844536206
26856,37.96671295554088
26857,56.45693837873788
26858,36.49820653814912
26859,45.29523948083754
26860,40.93158234976701
26861,30.90806280125364
26862,42.73509342083076
26863,31.411280931743796
26864,30.44942258928327
26865,34.95417791724893
26866,31.563791186148663
26867,46.86295389021876
26868,48.687684306189
26869,43.75792811082103
26870,37.766464388082895
26871,39.43361110107119
26872,51.48016425933492
26873,25.88908079337972
26874,34.08644130536972
26875,37.39371590484012
26876,36.06148730895036
26877,44.272549474475916
26878,64.86658065634279
26879,29.191570694001257
26880,56.40802816916912
26881,40.50166636685552
26882,38.143944668262954
26883,35.417387100067636
26884,47.13911506133264
26885,33.6322559155526
26886,31.15823088859402
26887,43.604279448992116
26888,56.05500951315561
26889,37.28907904700144
26890,33.192502076273875
26891,47.47905706841362
26892,57.83297026433772
26893,31.708671136424613
26894,32.397025400760704
26895,68.1208223398809
26896,36.181171393864766
26897,50.517647814770214
26898,37.81503979755087
26899,52.04965079543667
26900,40.20004368619601
26901,38.27495464439363
26902,64.33989033674881
26903,37.33132000779968
26904,33.5291021151042
26905,40.35162778983363
26906,43.66890044256248
26907,37.12183521730392
26908,42.38201925632325
26909,41.49009326847546
26910,39.236096483622156
26911,42.36009438017145
26912,38.72910738991756
26913,39.59832667448006
26914,54.483725440453156
26915,33.613436656818955
26916,38.39656368257482
26917,69.04545416761798
26918,38.184137200800656
26919,37.62430648737748
26920,37.59014266572857
26921,46.701681316075025
26922,28.12753655790241
26923,47.48100901147374
26924,33.41806008491781
26925,37.39504400740795
26926,43.700953104903846
26927,36.295367011200746
26928,37.86891957477761
26929,34.9537772087631
26930,35.870229508097104
26931,32.15738965456361
26932,36.552223509779154
26933,37.362637792711375
26934,37.88763711209939
26935,34.64639284768805
26936,41.61991648986644
26937,53.1659414300714
26938,37.36500096810382
26939,32.480521860023444
26940,36.144538410262406
26941,37.112922547307
26942,36.094857370704894
26943,37.55902457301349
26944,40.80017334712142
26945,42.024378307989885
26946,43.10882849368015
26947,34.401057768095875
26948,37.128875980809305
26949,29.945430335561817
26950,42.96736112888783
26951,28.497105376307488
26952,32.70930081642276
26953,37.125959804064536
26954,37.90216819734886
26955,35.09494917634735
26956,37.966426325492144
26957,30.215112175838343
26958,46.08857063085574
26959,21.629493478784404
26960,40.494987461853874
26961,34.513607492487054
26962,35.91991449287848
26963,31.919971554542606
26964,36.04612775330689
26965,32.18930763674899
26966,32.553691231752516
26967,37.1105047991156
26968,31.15816966372936
26969,37.77295560842509
26970,33.75508748324223
26971,33.693291222493286
26972,38.04151116009711
26973,48.67111269896903
26974,44.21844646822249
26975,25.34573478499614
26976,34.53283996323592
26977,31.828912441345743
26978,50.63514775597316
26979,30.671687695471185
26980,30.86983472213886
26981,32.467998993657844
26982,38.58358838188186
26983,39.93396166989494
26984,35.258867391469934
26985,36.143253078616496
26986,38.56959264291833
26987,35.29750535572731
26988,35.84720388924729
26989,27.544839647677342
26990,39.87188044991605
26991,37.40849594352129
26992,41.25113328358184
26993,33.713255307435915
26994,25.151952882105718
26995,31.92560628073275
26996,37.162627158652626
26997,34.155181825610434
26998,39.303831891130955
26999,35.64418226784984
27000,36.679030795568046
27001,30.512157709254712
27002,36.84749627870175
27003,33.373183418613806
27004,36.178514872964264
27005,33.525895217869305
27006,31.888096417439243
27007,21.959594176465842
27008,35.43387910895168
27009,26.880912883715503
27010,32.25033902002762
27011,36.437787206485794
27012,41.14819365566409
27013,29.86481613135306
27014,30.30944258197707
27015,35.09937385539914
27016,30.320420924375057
27017,30.80606643143362
27018,32.91349135108123
27019,35.55148696873584
27020,34.857878872320654
27021,35.06039048222737
27022,35.6951249236384
27023,33.634449006061836
27024,53.59571081032757
27025,28.036917300931353
27026,25.298688028507854
27027,34.34905767255842
27028,33.84074720797795
27029,31.537828207600604
27030,36.338686951391004
27031,28.792671777423415
27032,21.77981208659911
27033,51.912089833153814
27034,34.60655387048622
27035,38.10042532008031
27036,35.161142730474154
27037,39.64777310131644
27038,35.69212159205689
27039,48.068760674421384
27040,39.51051788880325
27041,32.79565186492775
27042,35.78500386857922
27043,18.852904454554988
27044,35.74628514150738
27045,34.53368152036461
27046,38.59419007235249
27047,35.20016090371216
27048,41.00972800657901
27049,34.072147223408166
27050,42.196483897592245
27051,21.551461828324168
27052,37.5956309260463
27053,48.728997961187254
27054,19.369659380160574
27055,31.133063847415357
27056,41.463317130800235
27057,35.637765944203096
27058,17.540171233160848
27059,40.88603359886817
27060,35.6943396082843
27061,33.53660869463954
27062,41.543365566413904
27063,39.72914998501821
27064,41.44525067911262
27065,33.122354487042884
27066,22.88262023453879
27067,35.13457755092783
27068,41.11421038220057
27069,36.337084504482696
27070,36.13328995199929
27071,24.88507462018101
27072,39.559605434632765
27073,38.53404857530825
27074,37.58413936902639
27075,34.944363168662186
27076,38.70211016523224
27077,33.00795001742972
27078,29.584113887683714
27079,38.88162875920382
27080,32.52875513573797
27081,39.9884486026132
27082,34.25238190836462
27083,41.699076689134266
27084,35.045815012811836
27085,35.87191804075287
27086,37.30756183343037
27087,39.21763135315902
27088,36.09038121806757
27089,22.04953838365022
27090,29.603875767157255
27091,32.21855603295763
27092,32.404343336120284
27093,39.18537833260946
27094,40.71166301853069
27095,37.569288202115274
27096,34.20689111978384
27097,30.824713627389272
27098,38.20695467904921
27099,41.34610897262593
27100,39.622160673876294
27101,36.23630720697946
27102,38.7415710242745
27103,28.720245786138502
27104,32.96358548230384
27105,35.573056212218795
27106,28.965089723956034
27107,39.959033156700315
27108,34.81453532277921
27109,27.505959095944103
27110,33.80470561571954
27111,33.5108895871399
27112,38.23830239646182
27113,32.151184858871964
27114,35.69311543738402
27115,34.03510643926082
27116,30.564021196811034
27117,25.97746921561214
27118,35.932437540590556
27119,32.88857257869484
27120,36.00322165607957
27121,39.78355093205447
27122,30.58312488389622
27123,22.54993892888959
27124,21.911868737328838
27125,21.527901883009527
27126,30.72297746458873
27127,33.15991592031497
27128,37.90971891660008
27129,29.061236215397145
27130,34.68986458293094
27131,37.73294479839056
27132,31.841513369115084
27133,28.42898716066533
27134,36.96324119265356
27135,37.53523118886785
27136,32.581581624943645
27137,31.884441962751517
27138,25.33140779135703
27139,28.960347367935164
27140,34.31263671995166
27141,35.30724031047412
27142,29.105180098795586
27143,39.90278570388749
27144,37.69007496987838
27145,28.433716938229864
27146,17.98627846856572
27147,33.58103208215098
27148,16.024249399624715
27149,35.615016608930134
27150,30.757227273438296
27151,24.839370744028386
27152,23.894326091436096
27153,35.308613488632304
27154,31.602436898790558
27155,40.738115752621866
27156,34.65307462208921
27157,37.37901801621989
27158,31.743992659879964
27159,33.63625701982751
27160,33.94815349465346
27161,27.02832318177986
27162,35.04179436950746
27163,32.481063768878876
27164,35.14872447681415
27165,27.835041669561825
27166,35.977611716556375
27167,29.29013436932601
27168,28.274392363696677
27169,32.23907877876827
27170,34.1887757163084
27171,35.54920656224721
27172,24.66525313138768
27173,33.306745936536416
27174,34.99124473550058
27175,28.997100466198518
27176,88.55315115024523
27177,23.203571196222182
27178,29.326975104329065
27179,31.948953447840864
27180,29.052440381717375
27181,28.530522745783003
27182,32.404316826701645
27183,26.54431212691566
27184,31.394040917993188
27185,36.31136627295974
27186,30.9791330061363
27187,36.26224206890492
27188,36.01108827610187
27189,33.45693654807495
27190,30.226727318674527
27191,39.207498807173224
27192,36.44777818434526
27193,24.48236372386812
27194,58.80287363407034
27195,24.994136496404703
27196,34.55612558669227
27197,14.664823235875605
27198,39.04479493007929
27199,38.34496146257133
27200,31.511701676974972
27201,18.8699867941044
27202,28.695883251103307
27203,29.648875217491423
27204,28.611769283743897
27205,33.381202002798894
27206,25.066763259590978
27207,34.068972445865114
27208,29.20398178537468
27209,30.467050939074795
27210,32.64535096016742
27211,30.809421452224207
27212,26.80203839362541
27213,29.792266896967533
27214,29.834430359349696
27215,27.94629508389317
27216,50.3783921015868
27217,65.7323810599053
27218,37.322529657784465
27219,62.62080753642984
27220,49.627859241884636
27221,30.27927871729002
27222,37.943501396663535
27223,83.00533779425506
27224,51.77264883249417
27225,33.471411669338224
27226,48.62281272898326
27227,35.96167172771036
27228,35.110385616361285
27229,38.450470348331045
27230,49.90628256692802
27231,83.81605541090431
27232,34.985123178806205
27233,63.003476619288946
27234,38.70876681410259
27235,57.80235067081424
27236,26.975905635986962
27237,48.07472878989042
27238,32.528577779427735
27239,40.127323722453056
27240,32.06625824882406
27241,36.13168602882849
27242,40.48194256745984
27243,45.07238775946663
27244,30.811094522919824
27245,20.820163355972298
27246,44.39565067571765
27247,34.18490041060033
27248,81.0864422170091
27249,30.76099793289856
27250,44.29211032393249
27251,35.26684957607088
27252,65.95776012894943
27253,37.90695952226989
27254,35.51204305665366
27255,38.89786165014394
27256,50.261865218817064
27257,47.28735999804481
27258,60.389730499564806
27259,40.138250953760625
27260,40.96051868095451
27261,72.08211486576886
27262,63.68254219689901
27263,38.958969741060805
27264,40.26443070221297
27265,38.003607796663786
27266,38.2237372795251
27267,69.07935483952468
27268,40.646464131092095
27269,79.26130071757905
27270,39.806921744726324
27271,29.841520807538892
27272,38.959965588693834
27273,36.47808820720533
27274,36.947708022363614
27275,40.408347808567356
27276,35.82038516077155
27277,22.90499473417075
27278,21.35994762720324
27279,35.94430429495973
27280,29.570677844497528
27281,36.29057352009874
27282,30.648312112570345
27283,23.589350843491367
27284,38.92345795388132
27285,33.81478091305057
27286,32.56263867449691
27287,36.07598972312359
27288,35.469795872717356
27289,41.76366651612456
27290,34.95131303080855
27291,39.005254275836215
27292,38.13199426347206
27293,40.88430609573956
27294,36.97167847922327
27295,40.11525834358483
27296,25.863849648156837
27297,32.68174049693508
27298,34.13940996529129
27299,36.9240707266008
27300,37.35877106054659
27301,38.31918206938249
27302,32.205428644796584
27303,40.764937773721975
27304,35.44357868905636
27305,31.622537137345418
27306,41.18328835875434
27307,35.01487714340138
27308,42.94662439198625
27309,37.30129471695851
27310,38.96117206360831
27311,49.496315194308806
27312,41.52977735679298
27313,42.53793855553463
27314,34.893797768836876
27315,34.76152913510791
27316,40.815235332302116
27317,23.97067091389214
27318,37.19669821528621
27319,39.74195573381738
27320,41.692217064658436
27321,37.852073843351796
27322,37.20469092407188
27323,39.39449173140551
27324,39.766620729269334
27325,35.96986628297627
27326,38.74290910370412
27327,37.59234065589212
27328,38.79793986138925
27329,40.29765364248442
27330,33.43002247547794
27331,39.48991536331369
27332,39.04481039341701
27333,42.07430076897075
27334,27.544840972398013
27335,31.63743530636538
27336,26.78573988713846
27337,37.335584211612776
27338,28.009786300746132
27339,24.65826598468685
27340,22.620728108631504
27341,26.787157266254994
27342,27.89213965273015
27343,34.45099485943516
27344,38.19264288948787
27345,17.429990656990856
27346,33.05366420720023
27347,16.536138952147834
27348,17.48997038437254
27349,33.77637103749899
27350,39.708148149419785
27351,34.97891450670997
27352,19.1899853040407
27353,22.75430311908364
27354,25.923079753797072
27355,21.388853163188653
27356,46.81802144536124
27357,37.832107875238
27358,37.08769112967975
27359,35.37533437887453
27360,19.17238641216216
27361,37.22028708591862
27362,35.3240455706868
27363,23.718557775177487
27364,40.20099356001085
27365,33.83073100368326
27366,26.82662843605182
27367,22.758537679769457
27368,24.00764429580466
27369,26.55062697899384
27370,30.216074554824548
27371,32.75267808405992
27372,22.64301132709103
27373,21.267294530491426
27374,36.586402801807594
27375,21.76264667303905
27376,31.132533285544525
27377,25.91212160730349
27378,27.639897181776778
27379,21.882778294775818
27380,27.303162385322185
27381,35.3840719660231
27382,23.38567936412578
27383,25.20573552570024
27384,39.734491593798026
27385,37.501739150224815
27386,30.81538326233641
27387,23.49210049198455
27388,31.89783451747826
27389,38.71274736773037
27390,35.160709222467624
27391,35.24290731636929
27392,24.819248848198107
27393,29.251883394231186
27394,26.88141442627291
27395,41.661491021120476
27396,34.65498868793254
27397,26.511065247859605
27398,21.067634087258345
27399,21.168890347741094
27400,22.980404693486612
27401,23.48499200604055
27402,21.246025488124605
27403,37.11541059494202
27404,18.109008391992695
27405,21.871117254438662
27406,24.712477299941565
27407,39.7685718638582
27408,27.09915968819572
27409,23.753033688730305
27410,29.417210056514847
27411,32.40555385647173
27412,40.89566110664582
27413,32.2777502863554
27414,35.60847635788958
27415,31.124486395210276
27416,34.574121919761296
27417,32.750305197009936
27418,32.35511817475156
27419,42.55418734200022
27420,32.46681081809695
27421,31.268668440226957
27422,25.000831111080807
27423,35.66026979163009
27424,33.95036480390656
27425,35.3973410249121
27426,35.3670243058838
27427,35.7806010637762
27428,27.92415524400093
27429,31.53957232058253
27430,25.938128074912683
27431,30.696601491693492
27432,34.04967728351414
27433,30.016031096795786
27434,28.034205618395294
27435,30.477315280522866
27436,37.74099744265405
27437,32.274832309767675
27438,27.55902878199356
27439,30.630238477183767
27440,27.711090274625132
27441,29.608882719218286
27442,31.14901484485958
27443,34.499746622069395
27444,28.776205791775062
27445,28.741907331253955
27446,25.409564761298803
27447,27.566906359245046
27448,30.438357604136563
27449,23.617068547943624
27450,22.29309743177113
27451,27.454990704242974
27452,29.22849519787228
27453,20.02169984121386
27454,33.04210548212767
27455,24.506903575349202
27456,27.364807241836587
27457,29.890598060365086
27458,27.17942273453297
27459,27.878527215786292
27460,24.954581621974036
27461,20.130472017781404
27462,24.768668830900012
27463,23.454354394646245
27464,28.98823235760502
27465,28.4473917376544
27466,21.39185038382257
27467,18.530461994950134
27468,29.484645553868212
27469,36.78888444464318
27470,17.939896331943764
27471,26.33050748029838
27472,22.23875121883593
27473,23.089075258421204
27474,24.930194211155438
27475,23.281964636166535
27476,20.665819403105992
27477,17.044293132129592
27478,33.54235105814227
27479,53.77236261985903
27480,33.623872667147815
27481,41.01400029966156
27482,32.505313821933626
27483,36.389281248428496
27484,31.157097012585666
27485,38.377946093779215
27486,31.043096191751662
27487,32.59806402262291
27488,31.992187673060236
27489,37.35235766546962
27490,35.09324079993053
27491,38.89834340744534
27492,32.3980337350456
27493,38.6764148430836
27494,37.43655813438129
27495,31.79424577482691
27496,33.73193104244158
27497,33.590893201378904
27498,37.91152287179567
27499,33.78969727437764
27500,25.70979045652348
27501,36.56710424553045
27502,39.645866778849054
27503,38.07958341936565
27504,26.936710835725727
27505,33.55739533960626
27506,27.374745007581378
27507,34.021501158300914
27508,25.50235652596394
27509,38.48127700033022
27510,35.767543358357
27511,36.2434674950588
27512,40.81738549433949
27513,28.077587958199715
27514,34.82743574321366
27515,30.673738350225648
27516,30.00063138716621
27517,24.63910160567194
27518,33.85515434244425
27519,24.75323094286495
27520,32.46566524284272
27521,27.397310506288783
27522,32.51962051646417
27523,36.364353588860844
27524,31.07264990912125
27525,29.539547617865637
27526,28.177914827538814
27527,50.93941780142082
27528,40.50195046543855
27529,46.11750290556826
27530,37.53294063903276
27531,42.345802973948715
27532,36.40053409573231
27533,35.97958087206383
27534,30.05185263445863
27535,40.134482465333534
27536,35.619526576168724
27537,31.3422232781352
27538,33.39187311129126
27539,37.34353010856635
27540,36.55036144797597
27541,37.010822763867026
27542,31.56666150043391
27543,35.70635083464458
27544,34.3732740297822
27545,39.64024800836368
27546,38.0242498149847
27547,40.47950871900786
27548,67.42076947990225
27549,43.23462103207508
27550,34.49459484325502
27551,41.420981535442465
27552,51.59247281911891
27553,36.77433175817135
27554,36.710574315848234
27555,41.28174427892923
27556,51.78450224314165
27557,49.00800129292977
27558,72.46016852058405
27559,52.14350886082275
27560,68.13163817433016
27561,44.45195338713569
27562,48.7819816809767
27563,54.159302598584034
27564,41.52555732327531
27565,49.40329785064708
27566,54.969300524725156
27567,38.63060548777237
27568,42.31239762967535
27569,36.406094714306825
27570,43.38518948484723
27571,69.09356051540163
27572,51.59011442526521
27573,64.15676454732719
27574,41.568607343262656
27575,41.42423793409776
27576,43.09130557635296
27577,65.25502837615221
27578,66.531688308581
27579,37.65340438029787
27580,64.42483772991777
27581,72.13921028385525
27582,48.73057635145547
27583,42.04670217879275
27584,41.65114732382189
27585,77.2123789912948
27586,65.11491960987365
27587,43.965007230514075
27588,57.347143298627515
27589,32.207191503369984
27590,50.17063693212562
27591,40.180473631744995
27592,61.158020867936514
27593,65.66971539025224
27594,34.000506488690135
27595,53.91202241521533
27596,43.735942830102886
27597,69.81384567848988
27598,47.88724754655211
27599,33.12336745235979
27600,47.99738785227702
27601,64.16856337413975
27602,40.8609156129892
27603,65.08135312368273
27604,33.187480277245285
27605,36.250522459841214
27606,75.2280963151085
27607,33.860833782090374
27608,36.63100900837594
27609,31.998256750004984
27610,33.28823214757875
27611,43.77694452992988
27612,28.64493657197888
27613,48.32498074128676
27614,47.532967815034155
27615,34.168823418171336
27616,35.4207232952989
27617,30.897141078184074
27618,52.02395865882087
27619,34.688965636078045
27620,48.55664179270799
27621,30.161543126677465
27622,54.26349908055297
27623,45.489063221937855
27624,63.196606027628306
27625,52.43756188423801
27626,38.09631541743506
27627,40.268593931144096
27628,69.42187409513478
27629,40.967368876596055
27630,36.57796525800332
27631,43.047447780536665
27632,61.923342199000736
27633,37.688718771842986
27634,38.34102927525797
27635,31.75730996322764
27636,52.24460725489588
27637,35.94587626370932
27638,41.5628911006769
27639,32.36518075511299
27640,29.708547951009066
27641,58.132552044767436
27642,28.38897627095441
27643,37.60224428362632
27644,43.85843882488863
27645,28.485285050790964
27646,30.107784441686853
27647,33.39761301653933
27648,27.7682636272865
27649,40.70708176841953
27650,17.533291369492876
27651,22.768096821688868
27652,18.78267959629344
27653,23.55314885558581
27654,22.69684322147168
27655,35.33654413637945
27656,24.660517863346122
27657,26.95387794792461
27658,27.920884379324328
27659,19.38803893121267
27660,25.092235969676818
27661,21.41396822685165
27662,25.160585365602085
27663,26.208706084324454
27664,20.61942712791777
27665,21.660887118048823
27666,25.599675061809215
27667,18.375880022840676
27668,21.16409710810564
27669,32.676863178601096
27670,24.861468782066304
27671,39.090176733540254
27672,23.371919905891595
27673,19.264055202440886
27674,15.551894079517975
27675,22.65548981601256
27676,10.395375053004624
27677,34.44305236909126
27678,14.198008406868038
27679,19.694468088954785
27680,37.07896605532332
27681,19.259794596245488
27682,35.237429899169946
27683,32.95793824301615
27684,21.056028390982902
27685,28.800513444800913
27686,23.031204014532086
27687,43.929100810405885
27688,28.094184050945486
27689,31.01571044729222
27690,28.673457573863733
27691,28.504961528584047
27692,40.53052191998943
27693,30.17209247654369
27694,2.375375623350707
27695,24.975538369605598
27696,40.84320307144888
27697,24.183647490188864
27698,24.56988191756222
27699,75.2185408599086
27700,17.721653643780378
27701,19.856763729729586
27702,31.78079601848907
27703,25.407345518246075
27704,23.986249074908393
27705,15.620566901070749
27706,22.433702716343888
27707,21.501822907558257
27708,0.8225015936594385
27709,23.801040504135386
27710,22.92096101032059
27711,36.22813223397729
27712,40.34848621847706
27713,31.789483325314002
27714,39.43700412456774
27715,24.085806674394227
27716,22.17951614325615
27717,22.729535172109912
27718,25.726634920057577
27719,27.616040099181
27720,22.385866829176663
27721,71.3610594523192
27722,20.623923539714365
27723,20.927809156521
27724,27.820884211089528
27725,32.69478299777924
27726,25.053077535639012
27727,22.70484589781736
27728,18.424652976758637
27729,40.00382064533018
27730,18.18550048228971
27731,25.71799641035316
27732,34.390815701593844
27733,30.950810824275017
27734,24.56401600212889
27735,22.695994221679076
27736,31.91730426888506
27737,25.51308209004799
27738,23.390542970192634
27739,24.04091258452339
27740,23.658801136071173
27741,24.562577205652897
27742,21.94432779828843
27743,24.481674729549944
27744,24.728327168362995
27745,28.957763065822675
27746,27.55016037249488
27747,22.912673056327687
27748,37.081358344536646
27749,25.943609071270323
27750,38.238421554105344
27751,59.041622577333285
27752,60.80620600985526
27753,42.35091292836201
27754,26.883410681157898
27755,57.397238327018776
27756,51.356859755231184
27757,40.77870759799578
27758,47.951027664368155
27759,40.01829012502417
27760,46.552816011775256
27761,34.97587068628461
27762,33.23621358739465
27763,20.523648588023757
27764,40.815167127012316
27765,36.14485550648828
27766,31.248620968062546
27767,41.73829862940991
27768,39.19472783764908
27769,38.55636291723692
27770,41.592423808124366
27771,34.06324178915479
27772,30.45496686477314
27773,45.20886228995092
27774,46.93324881551021
27775,33.88311385613081
27776,28.382987465365915
27777,47.37041594202218
27778,35.12524552946678
27779,46.060592045036685
27780,2.3491101677148842
27781,42.23161870809308
27782,39.05480726650551
27783,30.270481718030823
27784,30.355954511337302
27785,24.64347686679033
27786,29.192715756327807
27787,23.344950683608076
27788,39.73885612338124
27789,48.550303742674394
27790,31.020342211860303
27791,51.33633660346253
27792,35.71562394862692
27793,42.69792701819985
27794,26.39115616112597
27795,32.32499856092802
27796,27.723662805356163
27797,40.826561198225164
27798,33.06181257010771
27799,36.222956004100716
27800,29.242958810152984
27801,41.43698397660635
27802,25.123502862758937
27803,21.17627474085354
27804,45.84528280955063
27805,30.291918754157397
27806,41.99715878691451
27807,39.18106285764662
27808,33.49288768674761
27809,31.14589865130693
27810,32.883485841624854
27811,36.21059528912311
27812,32.807612399078536
27813,32.398811828942875
27814,30.81422417304628
27815,31.15482375399963
27816,31.72392289594727
27817,30.695911855850916
27818,32.225250230521326
27819,21.77773898655859
27820,33.699351936044096
27821,29.191283031479117
27822,37.523012952799256
27823,35.18371442436832
27824,32.91312099325522
27825,28.19282886152261
27826,31.850000127002055
27827,34.25458820191144
27828,34.514364067429575
27829,33.31634975023373
27830,39.215186033259286
27831,36.170307966428346
27832,33.89068838766339
27833,36.180875863860464
27834,45.261658271289505
27835,38.60787522685449
27836,35.41478526938083
27837,36.679408089558756
27838,36.34323452938994
27839,38.01401280296764
27840,35.55623077551729
27841,29.326055715003786
27842,31.350395443466244
27843,40.11794847108834
27844,36.678400808579674
27845,28.6105988228863
27846,33.76509308416205
27847,35.079561622041226
27848,38.53673294365497
27849,41.04237577240362
27850,39.70112299193518
27851,33.51159832251633
27852,31.43788458964211
27853,42.34142678192006
27854,33.38771614388813
27855,38.98236568828216
27856,37.303893027488286
27857,32.64924135414173
27858,36.090760756361306
27859,39.1904103561526
27860,36.322402803454835
27861,38.406113915423376
27862,25.64973413176104
27863,40.59745606080843
27864,25.17911813586605
27865,34.171590816128266
27866,26.904620071734318
27867,85.15021823992839
27868,40.599940424351054
27869,39.776142855463675
27870,35.56084322352169
27871,34.32035175156199
27872,29.132282053389552
27873,42.363430134758715
27874,31.248636046580465
27875,36.31035717080333
27876,19.29797814651968
27877,34.56662615199845
27878,19.166287197195643
27879,35.44740038029793
27880,35.660672280446974
27881,30.94682842340643
27882,34.28532518126351
27883,18.587477368956254
27884,17.007193256675922
27885,18.280320639205467
27886,19.17931599361508
27887,22.62349013905427
27888,25.21513072300692
27889,19.943415484766767
27890,25.240324202969816
27891,28.642242295392315
27892,19.362544565520416
27893,33.815837816618014
27894,29.310543004597136
27895,30.887535388399456
27896,20.951326309534775
27897,20.4289380057115
27898,22.15088930899138
27899,19.59176685500152
27900,36.47640877348547
27901,22.90940786353402
27902,22.926203893509644
27903,28.931188435995463
27904,24.572303243265686
27905,15.257619647961207
27906,24.35141172731528
27907,21.012495713252562
27908,22.0526344948332
27909,22.397977919974796
27910,29.350060632457236
27911,29.613565707134605
27912,17.570438371144604
27913,22.109495532412822
27914,26.93992324914073
27915,21.454287220324893
27916,21.17213462288971
27917,29.768916596948337
27918,15.603973631722607
27919,24.32757938196007
27920,27.277226407549602
27921,30.147484297238183
27922,20.861599831645155
27923,22.96945300647039
27924,26.42722953864254
27925,16.772584981173758
27926,16.83109218935875
27927,15.055902626174063
27928,24.87942231568526
27929,15.88549104468297
27930,17.743674944354513
27931,30.58537142519856
27932,27.30682983932728
27933,23.57723369476429
27934,32.58604954687242
27935,24.54329053021965
27936,17.226649991973552
27937,27.059562729819
27938,24.21825387447342
27939,20.921148302548865
27940,57.33381508670023
27941,22.320342548073793
27942,15.696079383231295
27943,19.34608462645088
27944,21.519461167453017
27945,18.34562627102184
27946,28.295888513261385
27947,22.91240105901373
27948,21.9632184832765
27949,28.989729553377668
27950,31.681109205292124
27951,31.87656017055884
27952,39.81145364980239
27953,25.506827088223766
27954,26.946972610568015
27955,28.70421127699609
27956,14.310760923790358
27957,17.71060412688368
27958,20.63096704993927
27959,40.94506077133687
27960,35.31033934713232
27961,19.473656764666988
27962,22.714496121607326
27963,23.783157588194598
27964,22.76411758321121
27965,13.382695528163016
27966,26.847439483666793
27967,64.30937926473547
27968,18.18304760697898
27969,21.603600317419595
27970,19.19895416145241
27971,3.4363019774280352
27972,16.71164536903254
27973,16.594538570702877
27974,22.45063507548261
27975,16.2502137260334
27976,15.895588420857685
27977,2.6720471597349227
27978,16.391188895161495
27979,21.42762477651111
27980,11.732114215078978
27981,39.7858547611073
27982,22.082017196927854
27983,23.65981368840852
27984,18.04460532241417
27985,30.251752798605146
27986,1.6796719673094789
27987,18.059500156149927
27988,12.759380111935627
27989,16.0355942769775
27990,20.808180105493754
27991,21.41771894824779
27992,15.52581804293962
27993,16.229225485678327
27994,12.525044649492495
27995,12.703191551839808
27996,20.585252545257585
27997,16.382543045953405
27998,20.824034582379262
27999,14.55860761257108
28000,25.167508816530876
28001,24.625105120056148
28002,21.19800949701088
28003,16.768338541763008
28004,19.601146106689924
28005,16.60680352017851
28006,10.98021380403581
28007,17.36674173328343
28008,16.04798798913065
28009,21.880552632372765
28010,14.132431219253597
28011,17.220306445532906
28012,12.926577711855607
28013,15.771153899302583
28014,21.143316159915635
28015,26.357971274533163
28016,19.03015851481569
28017,24.053661397957598
28018,22.111973336416217
28019,21.60263539344767
28020,24.756613783808042
28021,10.84822722830307
28022,22.346201323691556
28023,18.39409871720561
28024,15.190012179109358
28025,14.677312596679819
28026,16.960017611077184
28027,14.304538977742322
28028,18.249243387772076
28029,15.712084221266878
28030,20.527791827948214
28031,18.370178438231825
28032,15.19337287270342
28033,18.550140368680633
28034,18.833382020267432
28035,20.34692803942428
28036,21.408915244049126
28037,21.342227200984798
28038,25.27001446159333
28039,23.91894672732971
28040,15.405104780487337
28041,20.90902149703029
28042,19.46478721269819
28043,24.812493328587248
28044,25.425719377040394
28045,21.35220670081043
28046,21.047734969055846
28047,12.13278934971332
28048,12.768960507399878
28049,22.607546591106967
28050,27.949783511170097
28051,30.22750119867193
28052,22.13667426765787
28053,21.633562283592212
28054,31.423092980151544
28055,20.569381843180324
28056,20.191409838089
28057,12.702084869170594
28058,37.75442274055577
28059,60.76857514863747
28060,39.09083264531298
28061,38.80765827603084
28062,43.73691255747438
28063,32.92136196736819
28064,36.458753132201814
28065,40.24921311424728
28066,37.66577983803121
28067,44.11642116044726
28068,36.75014261640468
28069,34.19783351002954
28070,39.33145734641029
28071,35.50139729910423
28072,31.56573756450172
28073,53.84150393302831
28074,37.12862284991301
28075,29.616833209807808
28076,41.29921086151424
28077,35.91880955120236
28078,34.97656527184145
28079,34.89622806559018
28080,46.87497362514464
28081,48.184100712402056
28082,33.3917057166818
28083,40.76505248109878
28084,42.44991262542136
28085,39.07201365556437
28086,42.08580061351722
28087,40.96926079042255
28088,39.188846972051046
28089,41.18476995788225
28090,69.80420304603548
28091,50.12024960990147
28092,31.896374347305173
28093,38.69322104229245
28094,34.94128408942331
28095,44.84635371103999
28096,38.40057475206394
28097,39.016981585798376
28098,47.63135320042985
28099,42.30190654464467
28100,37.67071244561821
28101,37.319797977970566
28102,36.348325692430535
28103,33.98458254932383
28104,29.531508601044308
28105,29.398326781688624
28106,25.926512807629123
28107,26.670928187092834
28108,23.418113357966917
28109,29.600671182989593
28110,24.012476126756283
28111,38.53508840145689
28112,25.950353452847235
28113,26.090749019663534
28114,32.798526942642496
28115,28.172553157345547
28116,26.022256470515458
28117,27.282363618871756
28118,27.172340886639546
28119,20.84580007783091
28120,28.12331201938788
28121,25.517936463877867
28122,29.808516113526323
28123,26.120703404968104
28124,31.976001096896503
28125,27.375396826012896
28126,26.246899027972656
28127,28.426287966673286
28128,25.028338372007767
28129,23.302115409072005
28130,24.210169867664984
28131,25.847747844178215
28132,26.79863683966965
28133,27.832043427113064
28134,25.093675150174565
28135,25.570305752664492
28136,27.706838081171497
28137,27.57983970945817
28138,27.233996346367434
28139,22.641191575107875
28140,27.347355371102932
28141,34.7265486474159
28142,31.421281291135102
28143,27.70041732294189
28144,27.32181641740131
28145,24.780828210652903
28146,25.60309359797762
28147,27.29793878993071
28148,25.20587071702855
28149,33.73880659937193
28150,25.922736686341818
28151,29.724423461483717
28152,33.48094634087113
28153,26.517793014609666
28154,33.303773687336744
28155,26.422232837612768
28156,29.91971453093695
28157,27.57351452161531
28158,27.12553741638198
28159,26.446889247985425
28160,24.996004591268946
28161,21.959893301276907
28162,27.72559631417147
28163,27.796872538844926
28164,31.31020617391497
28165,33.465841431824245
28166,31.225628081010324
28167,22.848839946533374
28168,21.90998568413119
28169,31.399019480800522
28170,36.20575320160026
28171,36.62914846423425
28172,33.44148982433195
28173,36.127086164147386
28174,33.5999869799764
28175,34.40394860740474
28176,34.72887501362739
28177,30.879056825548098
28178,33.117797305661945
28179,34.07944036690412
28180,30.31562655815604
28181,34.7011111701535
28182,35.824692005708876
28183,30.53376822930202
28184,34.72520612236932
28185,32.1852298064055
28186,32.59844954403437
28187,31.285835098408004
28188,30.71585866064942
28189,34.7653939711934
28190,38.4830779829337
28191,36.123672685233366
28192,31.479903140874335
28193,31.940712212622653
28194,32.4854990055927
28195,32.69028725013556
28196,31.371399973809915
28197,34.77558834360708
28198,35.71472905902126
28199,35.54896462581239
28200,34.27038025155046
28201,33.6000169200148
28202,35.52549244512102
28203,35.05398729658479
28204,16.524908241805978
28205,25.971130025111812
28206,30.596727735797412
28207,15.799259134351072
28208,40.09938742189197
28209,45.57182551321994
28210,25.92831385772281
28211,25.411438507721275
28212,33.82235577372391
28213,25.472974584493198
28214,22.95903199233917
28215,17.602989252334616
28216,21.079556521476384
28217,31.05474447237082
28218,17.183856830516557
28219,20.43763710594331
28220,19.375415163336328
28221,19.857952110520408
28222,69.73838437090788
28223,10.31556310840446
28224,28.73255746730644
28225,19.203799781126502
28226,26.489194024178275
28227,28.161480642985175
28228,31.954680497266324
28229,30.1174832709125
28230,31.823067184068293
28231,15.503350279162571
28232,9.10563831239465
28233,28.722494742148633
28234,15.366359304069485
28235,79.47424889972339
28236,12.721054336688795
28237,20.393725337561158
28238,31.103282370651442
28239,14.95263951129649
28240,31.287731982289653
28241,14.209953512833525
28242,19.659833764564056
28243,22.271571623012946
28244,22.09473356686781
28245,26.169959196278302
28246,28.639300129758066
28247,25.539664486671178
28248,29.920128303234065
28249,26.300642115663685
28250,17.463788529170156
28251,14.292027026144474
28252,31.790017050288558
28253,29.845238709946784
28254,15.475322769726269
28255,32.62760117365238
28256,28.136460508030403
28257,30.43510284106948
28258,20.15475633030688
28259,29.664512092137485
28260,31.24711164474715
28261,21.400708849039223
28262,24.579216409138127
28263,28.303299193829208
28264,30.911376632327922
28265,31.000286700684455
28266,29.192037480918604
28267,32.35001001028299
28268,35.82144697349279
28269,30.226995827191153
28270,18.506256212333398
28271,26.07969959160331
28272,31.59226576215626
28273,28.519334047567746
28274,32.73832736961427
28275,26.244760348427953
28276,34.33539156472477
28277,31.377222572201674
28278,32.76463937197789
28279,20.62456744655469
28280,30.789022271399226
28281,30.353398938056685
28282,34.256180206657405
28283,33.34608882092307
28284,31.235470293606966
28285,24.580968749346354
28286,26.221613838637666
28287,27.958752336950425
28288,20.48122656953594
28289,31.480320237452244
28290,42.75046505686876
28291,30.599663271772
28292,32.38430638427039
28293,30.83786750686331
28294,27.821445359691708
28295,19.721140857662057
28296,35.343983082778124
28297,30.85218833724549
28298,21.2049920631503
28299,36.0788495000419
28300,35.793012258254635
28301,39.46412696885511
28302,70.11332941449753
28303,32.40388624200098
28304,31.772471192814933
28305,28.589539630023545
28306,32.29057026260922
28307,44.21461738432944
28308,35.57466754251791
28309,33.53781780699963
28310,39.60672716849817
28311,36.62305445698483
28312,37.63627413405355
28313,34.64624372280559
28314,40.05996097091783
28315,38.54124870983545
28316,24.831924962139972
28317,36.882010568961476
28318,39.25038474227514
28319,35.90792159346586
28320,34.45580987676394
28321,40.27414172812761
28322,36.26002275861849
28323,44.37558406513476
28324,39.980807328940635
28325,38.58743376358866
28326,33.870215683652255
28327,36.453573145431065
28328,40.088089806324405
28329,32.99630117468562
28330,36.397808635754146
28331,33.91251207239628
28332,35.882816544051636
28333,34.59983188989115
28334,35.706581745935566
28335,34.72160619397882
28336,37.87268023029878
28337,41.71703421791005
28338,36.47424678517492
28339,33.70141349821521
28340,40.02106314946425
28341,36.14769395515083
28342,42.59181599139427
28343,37.45607168416504
28344,34.550403449005266
28345,41.91632739572661
28346,36.80164367654807
28347,31.071686544668058
28348,34.06331721626705
28349,33.10315712372356
28350,35.25979007694044
28351,37.025964644184015
28352,33.546461833593696
28353,34.553080401575556
28354,35.20447395579864
28355,32.54928936017322
28356,43.39286084983369
28357,33.97698952375826
28358,38.699500895254225
28359,34.9906785019212
28360,32.41052620106302
28361,39.2597203705158
28362,40.635895263070275
28363,37.651343715669995
28364,40.495984668570294
28365,35.22126908013895
28366,37.595721166889724
28367,40.486401498285204
28368,37.94551680372117
28369,33.42443061997908
28370,31.107905547099023
28371,40.97818670774917
28372,36.12623914040171
28373,34.278381016381616
28374,41.08633741479037
28375,35.570203417787
28376,43.14341568394998
28377,41.6956879980356
28378,34.287588701527284
28379,31.996263596833785
28380,34.54489258113008
28381,32.42846316133561
28382,35.637839978920034
28383,31.26331431513161
28384,35.27178857849304
28385,40.2172068782883
28386,30.739999956339183
28387,30.392676315163847
28388,27.568294807946536
28389,32.757173683206
28390,28.644652725702322
28391,31.97620974600776
28392,36.68784431254831
28393,27.51986376519499
28394,26.794852114429347
28395,31.159981371639205
28396,23.530749365277558
28397,23.200758923832794
28398,27.090057487252373
28399,33.19675590331802
28400,32.19924895525406
28401,32.403305196759014
28402,36.303127844896444
28403,33.16731823646357
28404,20.582230455446954
28405,28.795760212709975
28406,34.24470886481399
28407,32.996295809496445
28408,29.967230945625587
28409,34.40744462007889
28410,29.8256984182488
28411,28.141616789776705
28412,21.00948725830971
28413,23.387633040254617
28414,22.824834835498613
28415,37.89912072729658
28416,12.521026710336784
28417,40.42742072931044
28418,20.216869197599042
28419,35.60964127950365
28420,38.36010797904221
28421,18.470220739730706
28422,21.89682622453999
28423,19.248681169686193
28424,21.060016589110997
28425,25.64565069082004
28426,31.240088411749333
28427,14.234005943390356
28428,10.797273256567177
28429,33.381122490913995
28430,22.807410991427002
28431,22.886552066359226
28432,24.80352170235319
28433,35.70417501356833
28434,35.480724798222546
28435,40.7122801735787
28436,37.74768243673603
28437,36.018413157421264
28438,36.09068130233105
28439,34.758184860691244
28440,39.627001703132535
28441,37.89727536971454
28442,33.14402261510979
28443,35.57642558389254
28444,18.261439312565674
28445,40.56683125504654
28446,34.47983517157968
28447,33.91519424340771
28448,35.09620099402579
28449,37.34880140692392
28450,36.56416933017966
28451,38.40754421896383
28452,33.87500878656563
28453,36.38771739131508
28454,32.69713619607821
28455,37.813408599823894
28456,35.312804047389136
28457,36.51330212028611
28458,33.10618470306411
28459,36.43163634030734
28460,32.283726162178674
28461,35.20508785045334
28462,36.089894000660756
28463,33.46217157415236
28464,33.88523554152792
28465,35.0739054494334
28466,32.13344214562967
28467,34.19252324986634
28468,36.43574745212284
28469,21.565171105882666
28470,26.530419308560234
28471,28.659086973884353
28472,19.01816144091263
28473,26.246105249497063
28474,18.67458562542103
28475,24.294671938436547
28476,13.703155256821393
28477,16.47136015803818
28478,27.69280253204472
28479,19.88048931721786
28480,26.798607688124243
28481,18.050959846408144
28482,24.333413560354188
28483,16.3596895574138
28484,17.197581531724083
28485,14.6206582255878
28486,17.456728807592174
28487,30.707027044999528
28488,16.00607241266339
28489,19.586152719212095
28490,18.429516484124566
28491,23.520554193838763
28492,22.079419768095125
28493,19.30764970038363
28494,25.788184630938566
28495,26.477352524378215
28496,34.99808740724254
28497,38.746294268370434
28498,2.375173933092131
28499,36.04040044468418
28500,31.932170439031204
28501,33.05512346031441
28502,28.036124971416918
28503,12.956784314647516
28504,24.44187281366159
28505,20.90154829410195
28506,24.78723953810342
28507,17.66491396607393
28508,20.008387921719454
28509,17.23359521122503
28510,59.676164030460406
28511,28.145051723163526
28512,22.25877328276397
28513,27.985867760035745
28514,25.541366713788015
28515,17.441736952339788
28516,28.764189373657565
28517,25.074912451950084
28518,17.5786029192566
28519,17.536833474506686
28520,15.296315504490558
28521,26.240595797345417
28522,28.97060183959034
28523,28.306333719004176
28524,36.0626065035939
28525,23.604060922999324
28526,33.860191680165826
28527,24.789654317319
28528,42.81800622291653
28529,27.097168041127873
28530,17.45816613390219
28531,23.074515299067322
28532,33.843197878880595
28533,20.83326464190711
28534,26.03119395186433
28535,23.439566282364215
28536,25.341810877710593
28537,16.593854273199042
28538,22.672440474584228
28539,25.66069775223619
28540,29.994528542493455
28541,24.973861096200004
28542,17.452296103319334
28543,23.51137263177668
28544,26.378939813684404
28545,27.407910506810005
28546,24.030457754436622
28547,25.94828304308962
28548,14.41569059482783
28549,19.24046577468662
28550,1.668487779280967
28551,16.29251220068575
28552,13.351046861141999
28553,21.88753489590296
28554,15.287539820783376
28555,21.227077156994394
28556,24.525283275655106
28557,19.220720174532097
28558,12.681377753433715
28559,21.48110389497475
28560,24.395873363075637
28561,22.521958406661902
28562,27.160592889195698
28563,22.559087865786783
28564,23.401260028197072
28565,24.630525906218477
28566,19.982138673062913
28567,18.923427796406898
28568,23.50448563863518
28569,40.59425731797347
28570,39.85560813481461
28571,35.68415129245472
28572,65.58313945126073
28573,35.426032021654336
28574,34.54544357526522
28575,41.77551542634777
28576,42.54980717274381
28577,47.91634075511677
28578,74.62046390532744
28579,33.021349201369446
28580,38.94032902208209
28581,42.683944552740364
28582,39.537092613974195
28583,33.64586780700457
28584,49.76963601224509
28585,40.13964489416119
28586,35.071508805088605
28587,34.16424908666828
28588,30.006928745182357
28589,50.08019904207645
28590,44.219943483846336
28591,41.67067180439749
28592,32.01576855859456
28593,26.267664164931695
28594,32.930598793177126
28595,53.36865554116282
28596,43.1675320420155
28597,31.017750112122094
28598,33.046722137401346
28599,35.12527334169304
28600,30.986318087729217
28601,38.163427341989134
28602,48.31799725801486
28603,34.803027227104124
28604,35.79013714216066
28605,34.23590423850568
28606,32.99647628114619
28607,45.786175926561604
28608,33.30831615922685
28609,39.1891805419138
28610,41.635829614201015
28611,44.84757678684189
28612,40.68076441650143
28613,43.14823305316909
28614,32.1289147447424
28615,33.5896495612424
28616,37.20201415646827
28617,37.97193670701988
28618,37.413416703163065
28619,38.793242755984544
28620,88.6246132239414
28621,43.29828269802669
28622,36.70533564885466
28623,33.495893583381516
28624,65.95776012894943
28625,37.02657505303523
28626,64.41185859863094
28627,28.876668215197405
28628,73.93249798420307
28629,39.19351450692299
28630,40.34413143479076
28631,28.2317709381772
28632,30.653988223977336
28633,29.325439448984767
28634,27.293498372303297
28635,44.79511677265468
28636,37.240164355157304
28637,36.63952815163216
28638,31.385717341694058
28639,34.59000173877521
28640,33.01999599034833
28641,26.241551880977436
28642,35.04826937001265
28643,19.720809329304736
28644,38.45808890821697
28645,35.90177085037368
28646,32.334378789043804
28647,27.752976965504626
28648,27.268193888636574
28649,75.23360908608038
28650,62.50995691844793
28651,64.12366353920439
28652,80.55400049904604
28653,34.19596569968246
28654,34.717525764802915
28655,39.692355081769676
28656,30.72643822466756
28657,31.413633568477586
28658,50.64392251508999
28659,63.390097694396175
28660,67.5071155981956
28661,31.31754499876672
28662,67.8653396174186
28663,36.10833761709436
28664,16.414068056066803
28665,34.01937739095436
28666,24.65204178691051
28667,31.778417872499197
28668,35.52468574900355
28669,49.777960537418274
28670,39.55314500726634
28671,24.995456812249166
28672,44.359278108052095
28673,30.65940754852095
28674,44.12157158056411
28675,29.233087038587367
28676,41.26937284877319
28677,32.358644064293216
28678,45.6899414911508
28679,40.290839216665255
28680,38.974245595799104
28681,33.918250120332516
28682,28.193428399651523
28683,32.25586903267743
28684,53.01961071930474
28685,35.42639549672642
28686,32.744704716719255
28687,34.56470810772787
28688,39.20675560790727
28689,34.53019938948623
28690,36.678400808579674
28691,35.47774092917031
28692,36.20627025229426
28693,33.89287550336758
28694,34.45868959555236
28695,30.598677845180482
28696,41.30233453182455
28697,36.27706655328245
28698,34.55891130848297
28699,39.15357833282219
28700,31.851097688767304
28701,34.19219492610521
28702,42.900419418424285
28703,30.72011120922825
28704,33.886004307684914
28705,36.35516759104566
28706,37.13713360036305
28707,35.534139415531044
28708,38.7903370624087
28709,30.637076346873016
28710,40.09767912336647
28711,33.945931931492524
28712,46.179926059112695
28713,39.90940033788472
28714,56.54454053843409
28715,34.104431596318975
28716,26.75391190076975
28717,26.904063388923248
28718,15.833859325185841
28719,11.829745940946108
28720,23.226748103348008
28721,22.962337070212
28722,20.293853409351392
28723,23.068387394938302
28724,20.860859161160086
28725,31.03556143753391
28726,18.735927613655097
28727,22.636089259589014
28728,19.20045265936157
28729,35.107389104683314
28730,17.777994035913554
28731,19.116714633950654
28732,25.140490425152123
28733,25.32595311171967
28734,22.406441764972268
28735,26.475400336840007
28736,20.321320492120947
28737,24.554960594015437
28738,24.68778806542427
28739,14.77155928830513
28740,13.575282419530351
28741,19.933936807421464
28742,14.926782330253118
28743,21.16963739089202
28744,22.264186513252426
28745,16.84568175211485
28746,25.347593438194657
28747,25.70284406660934
28748,29.172918052203507
28749,19.82552989768667
28750,24.709997127981012
28751,24.164562086059583
28752,23.848286253966776
28753,22.29345518738492
28754,17.15377294378574
28755,22.055361029448957
28756,30.864004299021268
28757,26.831754187977715
28758,21.428085464145536
28759,27.999961800395305
28760,23.050290460325133
28761,27.904819200649065
28762,22.173911290688853
28763,21.92372799925944
28764,22.552660595734785
28765,16.736687310232483
28766,20.930221382219706
28767,29.25899683724065
28768,20.51927882874559
28769,21.237584133886063
28770,23.903722643950545
28771,24.79759354068121
28772,19.22358089800962
28773,22.736038834028253
28774,22.18969288007032
28775,24.58416138768282
28776,26.53975528268593
28777,30.77799634299587
28778,29.11591830388342
28779,30.5167492317101
28780,19.055305273191436
28781,24.484031491917396
28782,22.48154866503031
28783,16.79265072727349
28784,22.4112696538138
28785,19.944856250810744
28786,24.863532721881192
28787,24.852650582426016
28788,34.31309634934674
28789,27.01049349143606
28790,15.725129111152029
28791,21.450846773009637
28792,16.931801312209085
28793,20.881785105259134
28794,33.217329961802726
28795,20.19623952234779
28796,21.529678262348035
28797,18.837250636504997
28798,21.3857322704843
28799,17.958527406280645
28800,33.14252349702244
28801,24.943293861301015
28802,43.15475256846262
28803,52.77884967763938
28804,82.70421086704788
28805,91.6511109400744
28806,48.28334836527703
28807,60.47629443574201
28808,50.59901378803377
28809,67.39420043540845
28810,40.62984946397663
28811,28.605802948037365
28812,58.8897771612784
28813,83.27297944604905
28814,39.289593822286704
28815,79.26130071757905
28816,48.97056740123169
28817,57.43966164542552
28818,50.39448714607283
28819,50.64774366567349
28820,36.5000932732824
28821,44.11641403360158
28822,42.44900825647025
28823,47.1316226069552
28824,53.59571081032757
28825,52.37507213875588
28826,40.789423295062235
28827,55.45717870450588
28828,72.40411517989784
28829,33.33473708510816
28830,37.99802342560554
28831,35.58489746270958
28832,31.102848074595844
28833,50.84169623043489
28834,55.060660330192334
28835,41.29652393032261
28836,28.465631289837567
28837,37.92696621227304
28838,64.6874276924975
28839,54.24613595241784
28840,83.00533779425506
28841,37.07832219470156
28842,52.752850509196655
28843,68.12552572526499
28844,41.784616522347186
28845,39.140702868636474
28846,85.07254078183342
28847,48.70592819012742
28848,52.4984556062297
28849,63.274508338268696
28850,38.058884345204056
28851,41.55866021563936
28852,60.590458162258955
28853,53.799701244039014
28854,62.18761108565678
28855,40.32801264899298
28856,31.681748067119127
28857,33.32531750320666
28858,63.771296516851905
28859,36.89349345950612
28860,51.548978839248775
28861,36.10475236338308
28862,40.96783833121514
28863,47.95530058673298
28864,33.644170686127765
28865,32.04913125252729
28866,35.868030266749464
28867,31.661419742292253
28868,34.41871458012947
28869,34.952922521447256
28870,40.59086057698984
28871,27.555181142981773
28872,37.56364605177675
28873,34.18269769770522
28874,34.688974243549296
28875,36.7900833587049
28876,36.09505346135431
28877,41.13834440995002
28878,34.16304975189985
28879,35.06412554474302
28880,32.88922476719537
28881,43.21692336967604
28882,35.976048147952135
28883,32.80388908009655
28884,40.557320120111925
28885,34.684561825770594
28886,33.851348889953115
28887,36.829495028966335
28888,34.310949275581805
28889,63.036670988032405
28890,42.31737296986153
28891,35.223755716564476
28892,34.639370839202535
28893,36.18640245140112
28894,33.44181930978486
28895,33.46957210252394
28896,41.57911261207492
28897,36.06615511198038
28898,40.89847133656848
28899,35.00216953675206
28900,36.40204019674805
28901,41.06092347295144
28902,32.9276036584983
28903,38.67678343964843
28904,37.29822135740141
28905,42.366144488119275
28906,42.91692712438789
28907,75.89297099775354
28908,38.30345538754491
28909,42.187965755170104
28910,39.43832575482718
28911,37.72999211318751
28912,44.13637829883868
28913,36.025955533684275
28914,36.63800001607082
28915,29.992768447027935
28916,39.14932378270056
28917,39.8138032673222
28918,38.843651503809795
28919,36.611656023655044
28920,36.37400753434762
28921,34.83274194762251
28922,52.33924907063337
28923,37.40259846615118
28924,39.35560817078784
28925,40.250737385074956
28926,40.65893638127641
28927,36.27799307299071
28928,37.335919878243814
28929,34.37056201739431
28930,34.23180617792519
28931,36.45252095946111
28932,39.51065409653327
28933,38.474735245181066
28934,34.08371575245286
28935,34.90384956638434
28936,36.16746953535446
28937,43.862732467257544
28938,33.3222887227815
28939,37.47512103186621
28940,32.10079025790695
28941,38.78438866634638
28942,33.14855452538097
28943,33.783018978580245
28944,33.49526582989395
28945,42.78220410712524
28946,43.68140755244117
28947,34.096271429242364
28948,34.03367950933495
28949,35.19053880514622
28950,37.37465352652171
28951,32.531997975621394
28952,36.84752261254887
28953,35.86992975543021
28954,37.6929100662264
28955,32.71301718717982
28956,31.929296364614196
28957,34.337158475472236
28958,38.22883543225763
28959,35.743830553611346
28960,42.79198505143677
28961,50.41831205333706
28962,34.62284139804897
28963,23.971791130656893
28964,67.16778621000728
28965,27.79767945701365
28966,36.61606170904061
28967,20.91550457681486
28968,51.46374271802848
28969,61.34367650333576
28970,1.091321859969398
28971,46.44818059900428
28972,36.280575244910764
28973,28.57141421798162
28974,20.787363655327788
28975,56.980395301407
28976,42.282248492006914
28977,63.075072616572605
28978,57.7373024263448
28979,29.35927306971466
28980,58.940786736232965
28981,67.22713094187493
28982,22.55230301617783
28983,28.094536960043968
28984,30.86095522748299
28985,31.15422477674788
28986,33.96999978688186
28987,34.046311583715756
28988,36.886540612300244
28989,35.741917192454046
28990,36.23761159984627
28991,37.21856241552418
28992,36.311783181284014
28993,32.287060275044105
28994,35.46952162006251
28995,34.35143620761342
28996,31.392790389521107
28997,39.978962189450584
28998,31.792059957364486
28999,33.30738354589248
29000,34.98480812947215
29001,32.20138041678399
29002,32.308355369359724
29003,40.50879161855363
29004,33.07536637204437
29005,33.989342207550436
29006,35.102600997045656
29007,34.109497713483115
29008,34.56759259759138
29009,31.67918455373966
29010,33.84218739409821
29011,35.64246498592275
29012,34.466407172207575
29013,29.64480328142092
29014,32.6123722830151
29015,35.499076968346536
29016,31.25434613853926
29017,34.59091478942286
29018,32.97982469929029
29019,32.50524908966562
29020,36.225866495014245
29021,34.64476954089437
29022,42.30856913836201
29023,30.853260545955322
29024,34.70414649886263
29025,35.971686865480685
29026,50.14094758037372
29027,36.615534195715746
29028,31.407838849506696
29029,39.20671844283912
29030,32.882254205440496
29031,39.78520582320358
29032,26.47441071884572
29033,20.397682296358493
29034,26.77989662660653
29035,24.07877645959718
29036,32.89918140856918
29037,30.271416568802188
29038,21.407340023931013
29039,27.823633367883446
29040,34.83405766086347
29041,22.726093320564733
29042,21.909202342647575
29043,26.47081210482837
29044,25.60029504856194
29045,22.936305371968125
29046,19.20540076112241
29047,31.26685293634447
29048,19.06609182685654
29049,24.907317657861885
29050,17.85288587842319
29051,28.197377299579294
29052,27.506943250859113
29053,24.356741190103996
29054,10.980957429459128
29055,21.08422252302954
29056,28.60960477861739
29057,21.69314862209306
29058,19.51732286584361
29059,16.912138179821678
29060,14.083655194943521
29061,26.695492667060485
29062,26.107346629120162
29063,13.39788118625538
29064,29.272086902928535
29065,15.90656624141786
29066,24.26445423406198
29067,20.61450266592929
29068,19.93255984277186
29069,14.866960463175523
29070,15.159038588455434
29071,13.615069044364137
29072,10.5144577538961
29073,14.265450803109143
29074,26.14468543780462
29075,2.949719229274341
29076,3.6684882369470455
29077,14.57314264060727
29078,18.68420803822589
29079,11.567846220857534
29080,13.768933300641411
29081,21.608562734841367
29082,9.601260221691206
29083,12.86025329586414
29084,12.722459279855018
29085,19.46113222736927
29086,10.717001459823205
29087,11.720986378916704
29088,16.162709389238135
29089,18.88490075907802
29090,17.040314762133292
29091,8.52996567930116
29092,17.601038301019514
29093,31.01787210057738
29094,21.328729015130943
29095,26.15768400659657
29096,21.241985070155636
29097,21.77392290035698
29098,15.839929370533994
29099,11.390144628836545
29100,14.999237371759387
29101,18.94697383792546
29102,23.780176797098335
29103,10.258757470706957
29104,11.682215131589253
29105,12.365256336403736
29106,20.826142113448377
29107,22.836447520017394
29108,9.76298960590978
29109,18.114798123249006
29110,15.545365234923338
29111,20.905715090542465
29112,23.963318287935643
29113,24.159039691565184
29114,25.58016675650567
29115,19.879099292640237
29116,17.57036630353125
29117,15.555495758185504
29118,24.293941568096578
29119,9.047243376933059
29120,19.369568152551146
29121,19.197653820249553
29122,11.047812056442943
29123,10.01345674293065
29124,29.81409250309155
29125,14.13761194909808
29126,27.75706895798287
29127,31.947157679570168
29128,37.97348137309245
29129,31.228424947778063
29130,37.793195090519
29131,35.9627030562656
29132,48.54113819980565
29133,39.07889748053691
29134,48.191235491474835
29135,35.4651104214682
29136,39.00580679561312
29137,36.55466133092029
29138,48.51658342659048
29139,38.127926404123635
29140,36.821484169162794
29141,39.74810271636851
29142,37.32447238589713
29143,68.09169995699375
29144,83.8090836570871
29145,46.96953081711281
29146,34.290753170560045
29147,40.01834443743944
29148,41.23174575522492
29149,44.039949198559356
29150,38.17121440991733
29151,57.040474790584554
29152,38.0569628422185
29153,39.026073103700924
29154,46.05372609090929
29155,37.708105072732025
29156,36.81454075277196
29157,38.829600408153745
29158,35.04053280729393
29159,40.994475568518226
29160,40.36307690911323
29161,38.09495380468544
29162,35.756836093932016
29163,33.48974433093251
29164,63.902124096735285
29165,50.081481968619144
29166,41.358255134041556
29167,38.88666901316058
29168,41.59118400838843
29169,38.475778082156395
29170,37.17821602675607
29171,39.60164395032304
29172,39.5429842718075
29173,33.80157200220545
29174,34.91948375032657
29175,33.895405940747054
29176,37.11299681809998
29177,32.25082024294228
29178,34.68559722193887
29179,53.4814983037497
29180,40.790306519690866
29181,34.338393576007064
29182,65.59295755213682
29183,39.052249199370095
29184,33.66231373439697
29185,42.00729463897082
29186,35.466882992210294
29187,34.214701351461414
29188,32.94182203215334
29189,30.57382377416781
29190,34.418717764300375
29191,40.47500701533359
29192,36.70819975404297
29193,38.65175061228885
29194,35.51221782961292
29195,34.01982503918532
29196,24.45274033145384
29197,21.535346541717335
29198,71.42459123463456
29199,19.201359624182
29200,20.630646454624802
29201,18.131417739825007
29202,22.64938581070696
29203,31.009031139605536
29204,33.27531927951029
29205,31.846047278313407
29206,30.74226483219222
29207,25.592658287404888
29208,33.30532213221542
29209,32.30430043997161
29210,14.04129086249694
29211,37.04290957718889
29212,38.11123438313449
29213,32.674409533832566
29214,30.460817417882073
29215,30.87692491759507
29216,31.942417936768397
29217,25.357972791657055
29218,32.489270618451435
29219,31.84957584426775
29220,32.75668621822199
29221,37.99639910077268
29222,41.63891596702284
29223,42.17095852753298
29224,39.13480687620218
29225,36.65221170331658
29226,42.10730187570542
29227,30.836090761079497
29228,35.463505814301634
29229,33.68475252056631
29230,46.104854924883114
29231,39.342380191456414
29232,33.87229459523395
29233,33.28365511020406
29234,37.77881171881715
29235,40.42068047803036
29236,39.199907314732364
29237,37.803994284240396
29238,20.098696068884415
29239,51.05959793558668
29240,40.741420431221854
29241,31.273362643157746
29242,32.538475368649685
29243,32.415752490609265
29244,34.98293916790138
29245,35.69165860516902
29246,38.07269733506034
29247,36.064293001869764
29248,35.95587537806032
29249,40.000455367640555
29250,30.66895849768572
29251,27.676642256571
29252,13.693489311999258
29253,30.54574544475459
29254,29.581116269436695
29255,36.7170750088488
29256,33.782193318045536
29257,37.6958858562361
29258,36.68610992035358
29259,30.21219811637002
29260,33.66357558767629
29261,41.245385341396926
29262,36.06178813447026
29263,33.083930648790876
29264,36.38470505874336
29265,42.32175041099532
29266,38.07623972995549
29267,31.967281760861177
29268,38.35707934305349
29269,33.54979094765842
29270,40.90252377567555
29271,37.13921982150769
29272,39.86512077479358
29273,33.664522456240874
29274,52.563153752060515
29275,41.40650901810925
29276,37.17351691985381
29277,37.11972661841721
29278,45.437572274099075
29279,43.77580050547335
29280,36.22307869518467
29281,35.67746241500208
29282,31.765718170040348
29283,39.27331985293178
29284,32.48913432374696
29285,36.329908135364676
29286,31.32055589461971
29287,31.040621607098903
29288,39.74569839541348
29289,41.987063281417285
29290,26.713274932916818
29291,41.40667403878615
29292,30.221700393513682
29293,16.69918950100822
29294,17.782478420111758
29295,63.27358030758572
29296,26.70459308343235
29297,50.254068769477634
29298,26.081989955065055
29299,25.00388454843835
29300,30.690751175913213
29301,21.258115083877243
29302,74.8147024375574
29303,36.11006252060883
29304,33.85675643842626
29305,45.893067754221164
29306,33.32557898434664
29307,62.379997604330505
29308,64.67634227990942
29309,21.16251683954186
29310,56.100026176988905
29311,19.71478211489622
29312,72.14564718224887
29313,67.6627336148991
29314,23.355764429628394
29315,23.493966111621834
29316,21.77373557365077
29317,26.44958613801567
29318,22.315799731788907
29319,23.954781885812125
29320,40.28483376029772
29321,33.85286484706278
29322,26.70384201480545
29323,26.134211680040316
29324,14.65391669801482
29325,19.911669527895782
29326,25.05034679138189
29327,52.969675189885145
29328,30.868135227607368
29329,51.565227285760926
29330,24.257968311050625
29331,24.148144911245986
29332,24.421771104911652
29333,26.380914080539803
29334,75.27710244781548
29335,33.0677366697989
29336,41.301472157897926
29337,22.75818249146125
29338,17.675545523971145
29339,25.14733101154384
29340,17.308330394165942
29341,34.25034799869675
29342,25.73658463551225
29343,23.377802610843915
29344,24.382011410557034
29345,35.91595771679899
29346,31.302226999837757
29347,28.954572120820835
29348,32.56807977062012
29349,27.788683572080032
29350,33.85799270268482
29351,16.001466811046896
29352,33.567126346216206
29353,11.91467261072967
29354,25.82986978284277
29355,28.51066163577218
29356,34.6415920115313
29357,23.688043635870713
29358,30.26626153359514
29359,27.93200808121557
29360,21.703876005694326
29361,23.16122697295961
29362,31.29655619059578
29363,24.319438544653636
29364,23.551972895555046
29365,23.209699015891175
29366,37.76247197999557
29367,25.12542976887093
29368,34.72150028127217
29369,18.838376970212096
29370,13.17662118117173
29371,26.56154866100671
29372,32.02623172349019
29373,30.667473669012626
29374,40.86285819147044
29375,24.64213741960617
29376,26.600093565151372
29377,18.67447622367528
29378,23.932851587536113
29379,27.534068369920476
29380,29.238887719680363
29381,22.2947621174408
29382,26.11121644808667
29383,22.107493019891784
29384,19.962006155612553
29385,25.40985854735034
29386,24.522303458443787
29387,23.137372818153043
29388,19.271604211738516
29389,26.659172713003436
29390,21.738183158888162
29391,21.14504156779764
29392,22.08421946322051
29393,37.14376522883532
29394,17.973866339091465
29395,22.686833586754048
29396,32.09176138561759
29397,25.415693229649783
29398,21.336374989965428
29399,32.82445445636439
29400,28.768577574878414
29401,26.76133345197824
29402,26.826568025971866
29403,24.94513172377812
29404,23.419552990907125
29405,20.938885723873703
29406,14.197178980639407
29407,25.255935456082526
29408,21.757290164323223
29409,26.791127789054258
29410,22.895083518764487
29411,15.171875721144472
29412,12.630546558349984
29413,15.78924470358627
29414,8.342113634278384
29415,17.05197715692272
29416,19.976341827900505
29417,44.02888998890984
29418,34.32200395004176
29419,50.04508701360837
29420,33.76468886655354
29421,41.101078004396236
29422,39.28912556962363
29423,39.99484411153529
29424,47.904205394213804
29425,47.294756765657446
29426,43.782207808765186
29427,32.5197463147653
29428,36.817126328196814
29429,37.22005607354741
29430,31.362211576217092
29431,39.89875608100389
29432,34.314884037389305
29433,38.44232224884617
29434,40.66756416270111
29435,33.34453679303155
29436,42.62658721613832
29437,33.57484621874544
29438,34.50671769515823
29439,42.67195100738237
29440,39.56491993972369
29441,36.94207892840154
29442,42.52752762571192
29443,38.33771832598483
29444,42.36314338428645
29445,36.06194891531905
29446,60.885464207860835
29447,34.90567509485794
29448,35.605809676998575
29449,32.46072388425014
29450,41.43100966402303
29451,33.67414776952222
29452,32.14799883226526
29453,39.62261472549738
29454,40.037159852850756
29455,30.46892305184184
29456,28.06841876434271
29457,34.34034660433259
29458,35.14375583183538
29459,32.272034876850284
29460,40.226351221554495
29461,37.974150014817766
29462,42.33837969996025
29463,34.365856016434584
29464,35.574636696561015
29465,37.827445422203326
29466,41.4070594162211
29467,43.640261179227835
29468,33.12557759736988
29469,34.61561615219997
29470,39.39489336278481
29471,32.82990942858338
29472,34.151300999158735
29473,40.77356152956753
29474,38.92188418923999
29475,54.927529694204416
29476,32.94931762749085
29477,32.43276515442435
29478,39.7075743020842
29479,39.76847147604705
29480,36.12470587004908
29481,33.155041619651975
29482,34.50999419888804
29483,39.50075919052114
29484,43.00414830287874
29485,40.23267631518047
29486,33.931563066338704
29487,35.60969749664515
29488,50.79365581845219
29489,47.20893936375579
29490,34.99924142599065
29491,33.88282563024944
29492,40.291324710298035
29493,32.27092622943131
29494,35.017615694743135
29495,42.88845794835923
29496,34.010766771397016
29497,40.933379073705375
29498,63.06359908300631
29499,30.947253637714745
29500,35.49100687419446
29501,36.67233183139183
29502,40.449433463269536
29503,33.284219286879676
29504,32.18476183307139
29505,35.632574027269364
29506,33.58459858020725
29507,38.56682240503161
29508,70.95524137653254
29509,75.25396086689112
29510,21.73475883115022
29511,28.04772911156431
29512,26.369382285305768
29513,25.968880065468085
29514,23.23455996289872
29515,73.88757748058916
29516,25.19307788512696
29517,23.14668951420527
29518,29.995630482306588
29519,29.111610526908304
29520,20.948655465586977
29521,3.3011085818750923
29522,37.68359408603499
29523,37.21374286173836
29524,52.65696654727641
29525,36.575897498332644
29526,26.622991510213595
29527,27.03285075053404
29528,21.191807071121296
29529,20.776184409522003
29530,26.306126399811408
29531,26.73118885826903
29532,22.33265494517544
29533,33.721906768802775
29534,34.054000856746526
29535,34.33773927749216
29536,69.03199608482186
29537,26.15174349593453
29538,26.358166373137387
29539,28.81741666751425
29540,27.412065512872218
29541,28.18078891688082
29542,54.001210060553184
29543,31.137040650086227
29544,23.086604136589237
29545,29.15472766431293
29546,32.39682229418759
29547,36.39304563456108
29548,33.65578934854325
29549,39.38353334920591
29550,24.13888322679233
29551,25.29554476888231
29552,78.42115030168301
29553,22.671158607204504
29554,20.48986438696904
29555,26.059650404040447
29556,26.881670708423176
29557,27.37897609670099
29558,26.009802773106955
29559,29.52159301842641
29560,25.923208825669278
29561,31.3379919371217
29562,23.871458302530122
29563,24.77762211212285
29564,31.891127405261237
29565,21.965417821973126
29566,22.32337032858677
29567,52.62105826275254
29568,28.766376974320963
29569,21.740483725039024
29570,19.45257850394485
29571,23.673163028587517
29572,27.52266601189925
29573,25.977800396509828
29574,25.680357224048066
29575,26.935883086764612
29576,24.134380044180084
29577,21.547260970922828
29578,28.800590640694875
29579,23.449083616481968
29580,23.94392135260003
29581,50.98504210353642
29582,31.332917356760305
29583,23.950659780547902
29584,26.794802498090583
29585,22.13011113213006
29586,30.26005813532209
29587,13.212277745476701
29588,27.06460051378841
29589,24.67962216638347
29590,22.360466658804167
29591,15.851792116718771
29592,23.94446984006651
29593,37.98314635208658
29594,25.75834760766658
29595,29.02216133534445
29596,18.991914789289282
29597,13.035610372394359
29598,34.84913548243806
29599,32.90237157805883
29600,31.44187404723394
29601,26.393450665473956
29602,27.703400857022366
29603,17.079932170273672
29604,37.49567950902426
29605,36.34875321272373
29606,47.11444526084718
29607,67.39420043540845
29608,69.90537651834073
29609,62.50104514406722
29610,64.4155505728678
29611,67.95111414445333
29612,35.27833691117399
29613,82.70421086704788
29614,53.78516385579735
29615,39.01148155287962
29616,31.43048469515282
29617,33.510535993241945
29618,37.604638713792326
29619,40.436097707938835
29620,75.01547795500909
29621,40.60841338193754
29622,64.58360475125372
29623,58.46617856909805
29624,34.224788629977205
29625,55.516133868077986
29626,33.60183498647086
29627,40.611130449888776
29628,48.05242248209696
29629,70.80825743036004
29630,45.16376491341494
29631,75.87977228378196
29632,54.090839397540265
29633,50.97636555999617
29634,33.701224593346026
29635,79.26130071757905
29636,43.73724007389718
29637,38.07132682683023
29638,40.117625097948796
29639,76.51342287562035
29640,45.4735029018144
29641,68.41738615645895
29642,85.07254078183342
29643,39.26246339836313
29644,36.35632460800764
29645,79.18859939412513
29646,39.998966586291246
29647,49.00232050218808
29648,40.90458567291685
29649,88.6246132239414
29650,56.69806649921483
29651,77.54686417642188
29652,68.1208223398809
29653,38.278839261625905
29654,71.29023358919031
29655,35.75992710290785
29656,41.38244185919186
29657,33.48671113605432
29658,40.61876027782753
29659,34.51585966988033
29660,42.54742456942362
29661,31.689524304933407
29662,33.393248284970305
29663,39.65224190052499
29664,38.75922625172324
29665,45.95692625341186
29666,67.56438617888558
29667,52.3670496991053
29668,49.76909301975891
29669,52.78189202345946
29670,55.0101950245143
29671,51.08468236275025
29672,41.583244315958446
29673,43.173676104552314
29674,64.09546531971495
29675,53.73509730447029
29676,64.9138726097071
29677,63.80354225937485
29678,64.63375310000251
29679,53.28005987988524
29680,64.44862361911989
29681,55.71820913694597
29682,65.25138337429453
29683,65.63071799521734
29684,64.16274247018626
29685,64.24144501028785
29686,37.98089586848947
29687,69.72964097478828
29688,47.38252734580457
29689,52.211644666860565
29690,50.63228666895748
29691,52.24955484196952
29692,54.35069036160847
29693,66.87248230882703
29694,55.200219576511586
29695,8.378524031256791
29696,40.605937773444396
29697,47.67512045276646
29698,61.218499620978605
29699,43.71907713283521
29700,39.181089531544465
29701,63.34254017675815
29702,44.933275697559225
29703,33.81530735849276
29704,56.31989666529019
29705,37.65358977502029
29706,42.73430190274632
29707,35.92726913391899
29708,40.21420283063855
29709,38.63163698040477
29710,41.734125930917294
29711,44.11504182541068
29712,35.60321685820408
29713,33.79339780732658
29714,50.696677441027084
29715,47.393650311592694
29716,49.5342559088144
29717,35.834473890038865
29718,37.76904903915869
29719,41.42302958003016
29720,38.89496155578292
29721,39.37360622604117
29722,32.73600115892667
29723,45.66047957561948
29724,42.4002915609006
29725,47.50659429153359
29726,36.69343812329331
29727,35.80975634366786
29728,34.117026445877855
29729,36.09954748089217
29730,36.955381169474904
29731,36.137459038087414
29732,42.35446700277699
29733,37.412643133388386
29734,38.57770809776282
29735,42.64052577141168
29736,34.10575976596818
29737,30.449653536665842
29738,41.36258959435183
29739,41.97673244055074
29740,36.273457888383945
29741,40.966986175706886
29742,41.423835328278116
29743,38.52865070739821
29744,41.51729750847671
29745,37.44616290468313
29746,34.723328465225926
29747,35.50048076176121
29748,27.912488335170398
29749,36.52125470031995
29750,39.27909233299227
29751,34.953723166009354
29752,35.85718076350718
29753,26.599025343910053
29754,38.52151785928767
29755,42.70668097878548
29756,34.6259490027376
29757,33.490904843468094
29758,43.668610523696785
29759,38.40811010141623
29760,39.370810913646494
29761,35.5177119824783
29762,38.996472733036825
29763,46.1903903974115
29764,39.32237332191722
29765,23.131213437707775
29766,37.52605148870063
29767,28.834712514176747
29768,22.31202707163643
29769,21.01179218676092
29770,38.08492093661968
29771,23.93084122638229
29772,25.974011275445047
29773,25.189705309490265
29774,37.497311411102245
29775,85.20076190390252
29776,40.100026931045655
29777,38.320050000320556
29778,40.07271364901371
29779,38.33394981511837
29780,73.20789638251264
29781,37.50580441077041
29782,32.212739342176754
29783,32.96987587474883
29784,42.57496803920535
29785,69.09356051540163
29786,43.80332849516945
29787,22.722812321161623
29788,44.97283079653391
29789,38.03794567965848
29790,54.0676075929004
29791,40.749187610919115
29792,40.407788585961725
29793,39.09156109285821
29794,55.719790670635845
29795,61.02008362530296
29796,51.989277841377884
29797,41.12458870650563
29798,85.23314466646806
29799,41.26728587176617
29800,40.19423548378722
29801,25.52175443643539
29802,36.06226982374612
29803,45.50425412905363
29804,58.6202511643229
29805,34.24470886481399
29806,50.15323436849269
29807,53.05851784175455
29808,33.609210622035015
29809,31.06790360757065
29810,29.85913701521368
29811,34.27615125237935
29812,37.99630553138023
29813,50.19847614061811
29814,39.48159146267658
29815,51.486741277985665
29816,65.48012424302776
29817,35.12812271512425
29818,32.39134350524504
29819,58.14265312014949
29820,35.2552366554386
29821,44.260585963058425
29822,34.84908198695906
29823,53.27348297268616
29824,66.64772830502702
29825,41.58536707915621
29826,38.56505868172732
29827,23.428316053428613
29828,22.624782124753306
29829,49.93787548804842
29830,38.847101499302156
29831,65.7819828154003
29832,30.67912128204349
29833,36.30794566161814
29834,39.57463378887715
29835,40.73460227837184
29836,49.62052001681228
29837,35.31087783493583
29838,41.913194751005776
29839,40.76735721270106
29840,40.36587795541237
29841,37.48869276016944
29842,35.516008078783884
29843,35.78356205060484
29844,40.77774920460573
29845,34.427215294182595
29846,44.171240045021314
29847,42.5427243820545
29848,39.71720701123943
29849,39.00195220850856
29850,39.025669942914654
29851,36.73471936527498
29852,23.355559653526736
29853,41.580715474807384
29854,36.811197102395795
29855,32.52822402590454
29856,41.947927284633096
29857,34.01688766673689
29858,37.98866286346856
29859,27.189946817316063
29860,31.01846468768487
29861,33.933484709867805
29862,36.327488737428055
29863,29.466037784165717
29864,20.085145833921068
29865,31.688757127394673
29866,32.54815365034474
29867,37.849279459726674
29868,31.39783088464686
29869,40.93650172016697
29870,36.68305456250774
29871,24.653115294475015
29872,40.553996578437626
29873,40.06789251311775
29874,36.67285995159954
29875,29.494695828016365
29876,39.60253278593903
29877,42.080763768437635
29878,26.540317505345772
29879,38.641984294254314
29880,40.637808611777054
29881,32.83170890016248
29882,36.23166214088135
29883,40.949933862997746
29884,30.460817417882073
29885,40.769189363634354
29886,30.059446971943743
29887,37.46270082155559
29888,37.35877106054659
29889,22.309759625261094
29890,38.85446098663236
29891,33.50169455183752
29892,34.9274628241148
29893,43.63430158720196
29894,42.563874402180616
29895,32.20981880547571
29896,43.480379375578764
29897,33.49186701588779
29898,38.34536419211989
29899,30.52113367894121
29900,32.11794576832008
29901,35.30898711876177
29902,33.80941800886424
29903,39.22896168025857
29904,39.105717604879445
29905,41.50688341329339
29906,37.72532968974297
29907,41.52969271110152
29908,40.51400406733174
29909,23.786571349505326
29910,36.33360430378893
29911,40.41756620713585
29912,36.15326724240695
29913,40.665875190907585
29914,37.30129471695851
29915,45.55509812499365
29916,38.68401927099857
29917,40.08194750775819
29918,26.27523156115365
29919,44.644787784598336
29920,39.72977111721228
29921,42.65968471671345
29922,38.44683940581215
29923,41.950439018207476
29924,34.730281557849494
29925,30.732495875742508
29926,40.913611969398694
29927,30.641682109024693
29928,40.34026795821062
29929,41.15265723924184
29930,36.165939189358525
29931,43.22602143442582
29932,42.147471980760216
29933,42.35223803704644
29934,34.254392742743825
29935,31.20109372306282
29936,44.02077074399874
29937,33.026057508211586
29938,30.707548111796118
29939,40.390632682914415
29940,42.57808437061214
29941,66.17920678527835
29942,38.51767103777174
29943,51.77264883249417
29944,32.66387103572177
29945,50.1490279352442
29946,37.15343935689606
29947,62.62080753642984
29948,30.285140763417623
29949,37.51861840108167
29950,83.00533779425506
29951,33.28133670351316
29952,48.65831996451628
29953,35.99505042383
29954,35.04089309514877
29955,38.46612916338458
29956,49.840482759082605
29957,83.81605541090431
29958,35.021382766817695
29959,44.950186923434345
29960,63.003476619288946
29961,38.69977615452798
29962,57.50184987297657
29963,26.359033801977223
29964,47.863788122293585
29965,41.36065863515286
29966,32.57421552845484
29967,40.236233014385355
29968,31.92757265803106
29969,36.1445703900455
29970,35.240812846696464
29971,40.64516891408293
29972,31.132447814436603
29973,20.835756488466828
29974,44.35693754933613
29975,34.40210059655427
29976,81.0864422170091
29977,30.630457882067944
29978,44.131943263391896
29979,35.26901642538023
29980,65.95776012894943
29981,37.99356177410559
29982,35.258322494722776
29983,38.896807964461615
29984,47.30229355768689
29985,60.389730499564806
29986,39.97781534576937
29987,40.91216323357917
29988,72.08211486576886
29989,54.43793937054386
29990,63.68254219689901
29991,40.28043962861769
29992,37.980390510759605
29993,47.47905706841362
29994,38.2146126293345
29995,69.07935483952468
29996,40.06477264997939
29997,29.843430118874494
29998,27.22277155616937
29999,37.76241372180265
30000,70.86595570151262
30001,67.93426989811954
30002,32.82346841024702
30003,52.29069501024842
30004,42.3586191908332
30005,37.746866307634555
30006,19.82608683270512
30007,66.07694510419
30008,44.7409798368132
30009,43.13744952845038
30010,42.95752549866154
30011,59.350620682619684
30012,65.25984214886252
30013,53.1021091414724
30014,38.288718733937046
30015,22.440846257228102
30016,36.674343680937085
30017,36.90134854600942
30018,33.150037992794864
30019,43.29480066855494
30020,54.82040274367567
30021,43.180017263948486
30022,54.25987978867982
30023,35.045178855364846
30024,42.94629790282592
30025,42.03980912093352
30026,37.36989581195603
30027,41.70854914612316
30028,63.18211335396094
30029,42.31583710019845
30030,52.31921671168503
30031,42.12280366080581
30032,40.06163849710658
30033,49.59949893347186
30034,62.85790263735796
30035,42.86158503722277
30036,37.405395604603285
30037,44.80070651371317
30038,43.83883397652798
30039,41.368026894872436
30040,41.6823515932507
30041,78.24597494694822
30042,56.101059355928605
30043,44.24358708480379
30044,50.19662452873489
30045,43.29806596228257
30046,41.938980392849416
30047,38.355190352748195
30048,42.32564202567365
30049,39.00075944254138
30050,49.935564817026574
30051,54.43525717026296
30052,38.08584152883053
30053,41.36221776916005
30054,48.88831232339051
30055,31.829821839410652
30056,37.35587793724481
30057,76.51861275794664
30058,46.16543257184103
30059,42.07128875704905
30060,47.947070113385145
30061,34.421567577695505
30062,72.49945480129746
30063,65.95593372205619
30064,33.87452311035167
30065,28.206256364530773
30066,31.366571761817323
30067,26.333259104460893
30068,35.613236389233904
30069,15.823819039195822
30070,40.5208821277452
30071,33.41477734665342
30072,64.92353413774336
30073,63.13160104006481
30074,25.919181756011273
30075,70.33317969178927
30076,40.920531774042956
30077,38.127548977356994
30078,32.071082594538794
30079,30.616429681250892
30080,24.388929385624397
30081,31.149178307836607
30082,35.789968916155445
30083,33.19117537716867
30084,32.6174459035314
30085,64.64691680385451
30086,33.51937071555779
30087,28.864533659174278
30088,37.48177109047858
30089,30.776392804285102
30090,54.44049880028237
30091,36.57218053283013
30092,69.13157125659389
30093,25.690783734111577
30094,32.503570053637475
30095,72.78942931488034
30096,36.92857062650917
30097,29.13828032765383
30098,34.77402152848904
30099,19.451966455349684
30100,24.96353015834194
30101,27.246228621453483
30102,31.553219438497152
30103,39.03050033299019
30104,32.015117551990386
30105,31.140359458217006
30106,37.34901868571245
30107,25.29580511060711
30108,14.797097052311198
30109,35.4967809881767
30110,31.593177577430957
30111,26.424367520708177
30112,30.945528958317627
30113,26.56469469885824
30114,31.8414731738498
30115,30.098565248772125
30116,28.3060285361299
30117,41.06320472527814
30118,24.507812391059822
30119,29.193696796476253
30120,52.46876439508111
30121,39.28170805327929
30122,26.799948605864884
30123,28.812999330677705
30124,36.66154901320502
30125,30.689224398882097
30126,25.15035008491755
30127,31.851619023043263
30128,37.752464126949924
30129,9.932229813528984
30130,35.50216729763346
30131,29.956200190815146
30132,24.25011224620374
30133,31.009757171745086
30134,31.57170574285684
30135,34.29027632935262
30136,24.401200991133457
30137,41.11429704061592
30138,21.69039353881721
30139,30.307936327468823
30140,43.371334587880874
30141,26.51709131941538
30142,33.09196342944626
30143,30.462454637313236
30144,35.4635991745827
30145,31.235865282345653
30146,34.458109315057115
30147,33.48292613726365
30148,26.00940176380613
30149,25.58075060149195
30150,32.46849560738937
30151,28.22696237493838
30152,26.207842941227934
30153,23.17812223401477
30154,31.752344190557025
30155,26.719814940847918
30156,28.8131105251791
30157,36.48792864453644
30158,40.19964712964253
30159,32.86752996295682
30160,29.13293534814634
30161,3.6285640866326583
30162,2.2390256071534997
30163,40.49707702343655
30164,41.398467147098195
30165,39.71894866965277
30166,28.38848836544061
30167,44.028187861957754
30168,36.38536243299065
30169,40.54666883069858
30170,35.945819587751814
30171,41.43450318876644
30172,28.062010840452146
30173,25.71453240282861
30174,35.23274358294785
30175,36.35951988325656
30176,29.32155304633975
30177,40.38132679189545
30178,37.14225079478959
30179,39.960911705062664
30180,1.4745027525920276
30181,36.75806297913729
30182,40.96545803840148
30183,25.438578180183633
30184,43.05075148846961
30185,24.624937111822618
30186,31.18296797521804
30187,35.951638929413264
30188,26.823155367435646
30189,39.89674327222823
30190,4.362000776031705
30191,39.07953863014738
30192,36.14344727109077
30193,24.51532998289644
30194,41.654874900500545
30195,34.15120334440105
30196,75.62213066923017
30197,95.43744495312515
30198,90.3118411639019
30199,92.31266145471433
30200,27.05574631567234
30201,95.43661221164032
30202,94.94212793637034
30203,95.47941254330941
30204,94.5048073395889
30205,44.37600509317857
30206,93.91147238714768
30207,95.60700766584674
30208,40.95660238423387
30209,94.94784122390234
30210,94.59793973388608
30211,26.811791827421718
30212,85.77623808623757
30213,22.726262827250984
30214,81.99127451404524
30215,93.17514989913789
30216,86.15075394122627
30217,23.078936059456527
30218,91.6385778141341
30219,85.08008887168688
30220,22.86030402617542
30221,91.6243054598894
30222,54.92480010334991
30223,92.50023428235373
30224,21.730315999793053
30225,84.35843673995934
30226,91.56101665593778
30227,51.461960437491825
30228,19.6944612642696
30229,90.56247174435283
30230,43.324276192343305
30231,90.74101610481212
30232,85.78877803121578
30233,24.1552995887657
30234,83.23000313605954
30235,80.19096085071328
30236,23.4957201928218
30237,91.64443684452202
30238,48.13512287970319
30239,82.7948580797126
30240,25.436834431265353
30241,89.15337191016499
30242,87.88181525848779
30243,13.457566938144344
30244,91.60897772698263
30245,82.08311234660744
30246,17.240792858067593
30247,89.74883709936309
30248,89.88457528776371
30249,35.70257160622196
30250,88.4822297216311
30251,36.9980093087636
30252,84.02344959572585
30253,90.62369263525837
30254,42.63029422735174
30255,88.74228915243184
30256,90.19329960222942
30257,24.6413495622456
30258,87.23743022249684
30259,88.64147695176216
30260,17.70639792603047
30261,85.71357807050765
30262,85.63142726134986
30263,39.2337590299895
30264,82.39397378503978
30265,88.7685228235108
30266,34.69001217595666
30267,86.54096663939896
30268,86.81016511217958
30269,14.491793940602399
30270,88.49446217962242
30271,13.333890217712872
30272,25.41797630251731
30273,71.73306415151386
30274,70.58446696187643
30275,26.32774014473684
30276,61.692532239381634
30277,72.72668498197393
30278,24.46419581578126
30279,63.5208543539928
30280,43.78582359139746
30281,63.58488580067292
30282,81.01708238337287
30283,41.91811185540219
30284,64.40425472960993
30285,63.22727990764999
30286,27.444732168546405
30287,77.80680605146509
30288,87.04710578935777
30289,27.65660953372599
30290,73.2236460794728
30291,67.22828458206462
30292,75.80945980020641
30293,43.789382268603056
30294,39.79971993666516
30295,51.418400203431915
30296,41.16238508069406
30297,80.08544051915077
30298,66.41264327602238
30299,49.28285727736814
30300,74.84755729815109
30301,46.318298146227136
30302,49.301275472033346
30303,43.063374495928386
30304,75.58814645385795
30305,48.03478424396679
30306,39.20834956009678
30307,81.21073966297968
30308,77.04275935077148
30309,35.8402691285529
30310,76.27949483295967
30311,43.23358195909458
30312,38.41572079407579
30313,84.5721327747767
30314,42.42557764194647
30315,34.9542863518581
30316,35.26533594092557
30317,42.10824208714249
30318,45.67306547386464
30319,37.70769671846833
30320,44.92201449986594
30321,56.56569266379353
30322,85.52241496140266
30323,59.93250792593223
30324,38.180217971480104
30325,42.525050541565186
30326,41.00856998358252
30327,32.775746111490534
30328,42.33371825704743
30329,46.78827181687173
30330,45.845900582755625
30331,53.59516475220868
30332,43.292023723443776
30333,43.946312908438216
30334,43.19365392886537
30335,37.43104147682224
30336,53.62688384121651
30337,88.76638387136154
30338,53.26263549635182
30339,38.12624465658908
30340,38.32561081463925
30341,40.0965257203808
30342,39.81102886407318
30343,41.758831343452655
30344,49.96316772198995
30345,43.950015989248925
30346,39.65861333998107
30347,41.547411233167395
30348,44.42077159185269
30349,67.0840368136968
30350,42.56541183015543
30351,51.71461501790892
30352,40.55957607609469
30353,39.22845308222637
30354,40.468231725284916
30355,40.96550828185652
30356,42.05261593626625
30357,42.94293351542679
30358,42.149292761768244
30359,40.69641630317457
30360,39.96402184951891
30361,44.61748807364291
30362,40.635360723198765
30363,75.31211874056135
30364,72.48595612206186
30365,41.72227442710014
30366,62.912988791741334
30367,41.31514040388633
30368,51.99524841848078
30369,82.73039376636656
30370,42.79446502527624
30371,71.52790640251317
30372,42.01282246479081
30373,39.63418563391123
30374,36.175646777587694
30375,42.307990761130704
30376,36.489676292370774
30377,35.11158975261873
30378,84.50813477036598
30379,38.52533402900886
30380,43.17549684899128
30381,14.670359138596748
30382,37.547782592019395
30383,35.18428861274155
30384,38.80288031252065
30385,44.75057981198076
30386,83.47076374401856
30387,88.69165352054445
30388,90.79647331256382
30389,74.5756396258124
30390,45.78355122488821
30391,37.88777442222142
30392,70.19066467552437
30393,50.78473680787938
30394,64.55313214514354
30395,84.14738913089612
30396,76.95249810330836
30397,30.763490808160142
30398,73.64562539564741
30399,79.20169851952407
30400,52.04627111298459
30401,40.17893315893157
30402,71.23088443948703
30403,42.34203251677389
30404,19.52050825738293
30405,36.04126680748861
30406,82.53276170936704
30407,77.77522188314674
30408,59.43415136254062
30409,77.3362623377577
30410,48.23627773355007
30411,38.754093697346676
30412,65.55274366800185
30413,47.00265478828855
30414,81.31189884072502
30415,15.142049998995606
30416,62.705039518890786
30417,70.54754563056729
30418,76.95563554849612
30419,58.42402058727713
30420,33.56762825578693
30421,33.37950801417689
30422,51.96910103902863
30423,90.81529986340841
30424,80.99444071717213
30425,42.25698831528836
30426,46.62260705400892
30427,71.42096488656131
30428,87.8065595156033
30429,41.43110769602515
30430,30.660998025587496
30431,35.23413126119234
30432,69.62131892554069
30433,24.438942597861967
30434,33.118800337083584
30435,56.14170330766719
30436,60.05552767125858
30437,59.821161539796066
30438,71.93349468039172
30439,72.35064144667248
30440,50.93382098940597
30441,66.59563540765885
30442,65.90114184389451
30443,37.535599952005505
30444,73.04879717033283
30445,33.80571275194883
30446,77.25510527784499
30447,73.77905022680304
30448,74.16302386216577
30449,74.1898811016591
30450,80.13148488233563
30451,76.65325896930716
30452,64.19625465758666
30453,66.61463188212058
30454,74.47421710194578
30455,26.63529048773522
30456,76.83066453771902
30457,61.57752084366096
30458,74.13534828884156
30459,71.97509689737332
30460,58.44698233502526
30461,75.05593030959034
30462,42.20099229935883
30463,71.32016107300936
30464,77.88805168461425
30465,40.434482734269714
30466,78.40031782037983
30467,74.06184631496417
30468,79.85966672508674
30469,37.82205884502609
30470,72.4005036975569
30471,39.92485506100337
30472,24.310431859898948
30473,42.444250310974425
30474,53.19304429783023
30475,24.009782958518255
30476,21.71514325427282
30477,33.38294590675114
30478,30.580614945176798
30479,37.43775246360136
30480,20.25636528239155
30481,20.882959930166713
30482,25.07955351224285
30483,38.269693681397165
30484,62.721786111911534
30485,23.364291740520795
30486,52.97326084331162
30487,38.46282429699574
30488,20.847899530412782
30489,27.019930159172333
30490,24.347026190995553
30491,22.040555319859088
30492,27.18314780172266
30493,25.417016335031114
30494,29.235256072876027
30495,36.44756680058903
30496,24.555343996157518
30497,30.562871649357476
30498,27.413216625279503
30499,35.58105879417032
30500,34.78520607185479
30501,47.24334041291942
30502,30.878985678081406
30503,24.436754627193192
30504,40.87150261082083
30505,38.95398948023393
30506,32.15567954726148
30507,45.84175392522459
30508,34.08292446549464
30509,39.31062359224794
30510,36.68628129293718
30511,35.248404621160184
30512,37.46493351971628
30513,34.998002275468394
30514,42.91767874195024
30515,38.64014586372159
30516,35.64640075637069
30517,39.869542631431386
30518,32.47684326354947
30519,35.90633563970583
30520,36.8711382230808
30521,57.501958539419704
30522,53.17454481895934
30523,43.82051679997918
30524,42.1832351603192
30525,43.237038987316616
30526,42.90728169923731
30527,35.64572695977466
30528,40.98827381196221
30529,40.51487056459328
30530,79.68831406932858
30531,55.947784498295015
30532,41.253447333784024
30533,52.92601874859945
30534,42.57953409931454
30535,42.62704916483823
30536,42.690483016585674
30537,44.65088819449946
30538,42.39471279778276
30539,64.11077801972067
30540,43.54596351112125
30541,50.11158257988523
30542,43.210173721729674
30543,39.373681880436564
30544,41.825396004056756
30545,38.99215505786048
30546,44.06039394803273
30547,43.245744290986515
30548,32.81288440533645
30549,41.48388115081351
30550,36.935314685687885
30551,36.12973729740568
30552,33.10714068359219
30553,37.19997862184347
30554,35.3578642231408
30555,38.74461319085923
30556,41.24038437171542
30557,33.986651001794506
30558,32.92163481917499
30559,35.17246012409913
30560,41.45079324969443
30561,36.74216880517282
30562,39.043960724286656
30563,32.44098668682932
30564,34.52301005443497
30565,39.16363510634669
30566,29.882484895198015
30567,31.115782091107796
30568,33.336833255405935
30569,32.29810914490779
30570,26.716762198112377
30571,41.010651410411846
30572,61.923342199000736
30573,44.079988503222225
30574,40.52572388279762
30575,30.726798064599098
30576,28.0717231685749
30577,41.51698638945891
30578,42.633809504652014
30579,33.5441358187325
30580,29.44530244574941
30581,38.483011096638705
30582,29.779517577270617
30583,36.45966194769109
30584,39.652957904698
30585,39.6316515861616
30586,34.61098971250094
30587,30.552620725931384
30588,37.116499235239054
30589,23.895400996983042
30590,35.745172587066946
30591,70.88550596886174
30592,30.967213383305303
30593,31.23050102331768
30594,29.181590793876474
30595,31.39829561771732
30596,36.810713326403196
30597,29.694818335591513
30598,29.555575054504466
30599,39.59367708874661
30600,29.913445322908643
30601,32.34917156363231
30602,33.29194323197403
30603,27.983414675291733
30604,32.06628410179559
30605,31.287528211376404
30606,42.447096155739295
30607,30.417192398053086
30608,33.46531026971581
30609,37.52983552773687
30610,29.765591191706193
30611,66.40186918463984
30612,30.309504458538214
30613,30.35814331141777
30614,34.01793287335448
30615,30.40093178612265
30616,26.31675684693498
30617,39.47191519510513
30618,42.53928105217352
30619,23.76337807290348
30620,64.80829553474913
30621,45.525917334130874
30622,64.53858496609183
30623,40.580089557003625
30624,70.67635002263295
30625,44.532505567450116
30626,71.0062543980278
30627,55.44011434343473
30628,76.29456372343925
30629,82.6343452359867
30630,62.71572585591379
30631,40.131568276628315
30632,66.45702472357688
30633,54.48381083267937
30634,42.73559687269503
30635,37.46195363899921
30636,38.88649123487018
30637,74.41343150682636
30638,73.27937877390374
30639,71.4715859172016
30640,40.125925645318375
30641,66.78542329904143
30642,43.70215106392892
30643,47.86557441024316
30644,49.57977706577556
30645,40.7631260175789
30646,72.14564718224887
30647,27.573334824188663
30648,77.9185937632469
30649,49.60544331827684
30650,50.699829717616666
30651,33.76149623097817
30652,43.730758518583734
30653,45.78881395849238
30654,55.49336234475024
30655,49.234882170942306
30656,71.9454496449524
30657,72.66769941799751
30658,34.24734493043767
30659,79.49035102561257
30660,40.16544717328403
30661,72.96966704522146
30662,64.71454414048473
30663,29.794330221815567
30664,37.832740534662676
30665,71.6984237406005
30666,38.10486463477962
30667,46.49313432147213
30668,71.67502043796395
30669,63.44850979860434
30670,48.68053218719549
30671,41.229300585506024
30672,76.80267466723188
30673,71.33964216162839
30674,65.79686080524948
30675,62.894565350961976
30676,63.67542730103079
30677,72.75445395976702
30678,75.27710244781548
30679,78.63473907368586
30680,79.37350728481982
30681,74.44056572492313
30682,78.22862732229854
30683,41.68711813587975
30684,57.97844956586569
30685,48.404776907004205
30686,47.24671666162996
30687,71.82198357377563
30688,43.73157401319026
30689,41.93049337642374
30690,69.06675918260767
30691,68.58553163683436
30692,32.84983374299426
30693,66.70977729874929
30694,29.163528986317154
30695,49.01525028825555
30696,61.30474939703194
30697,42.56721172913247
30698,36.42836061339703
30699,51.41393046831704
30700,72.45349409088388
30701,34.85132243248416
30702,38.42316985580132
30703,34.80875531858478
30704,40.758015664291314
30705,41.85513364221081
30706,38.549289557905944
30707,44.253792112502396
30708,45.91045358080744
30709,62.38965640599112
30710,38.32341694235206
30711,39.02438225501858
30712,40.453556400189335
30713,57.88141523725425
30714,42.29051222640897
30715,61.62412944887015
30716,18.307433901702055
30717,35.376200329374356
30718,30.89772789358654
30719,27.711417285337667
30720,33.178221846500264
30721,32.70416809441287
30722,35.101732158526424
30723,60.6721287263414
30724,54.36079547487551
30725,54.83575184195452
30726,26.87314554215319
30727,28.109533947066012
30728,68.52621540098043
30729,57.80358763766765
30730,62.11808388931081
30731,30.51595621244489
30732,36.552021673851876
30733,31.90308338713383
30734,39.63150749285554
30735,36.02006025219589
30736,71.0759057338791
30737,38.43206691148789
30738,35.790448311121224
30739,32.30256639729436
30740,38.07882671233553
30741,33.79742433624492
30742,41.52897669831045
30743,30.869969007583308
30744,65.9982602424965
30745,46.25552764009092
30746,45.769180906906215
30747,34.14639032488105
30748,43.722097416112256
30749,50.39263962350057
30750,27.293017830343825
30751,41.59107635528703
30752,26.410464627019216
30753,33.70078107246317
30754,29.135141127217324
30755,28.014781731837402
30756,30.05841508896267
30757,31.107731944193805
30758,45.924052631620015
30759,37.18555038767496
30760,9.824864990241363
30761,45.18914401451812
30762,27.739632564586294
30763,31.57286159624526
30764,33.62933874892137
30765,36.15452815953426
30766,36.399591463395396
30767,39.14823948344048
30768,45.440943867845895
30769,32.72570624819088
30770,34.21371789371065
30771,40.008999631567136
30772,44.45186507142096
30773,27.691580990259414
30774,27.463935345697966
30775,30.286136140988198
30776,45.44603112686086
30777,70.66502778079983
30778,39.0732492919184
30779,54.92177591196413
30780,37.60031809573625
30781,8.490676553638451
30782,37.4007254186286
30783,35.44478714069802
30784,51.68882122429396
30785,26.080514551401347
30786,49.174557953606886
30787,37.0093683058251
30788,47.462331251336025
30789,32.94116350649064
30790,54.73118319951551
30791,53.3326765782878
30792,54.43293090823526
30793,41.03459851455521
30794,73.1340191558624
30795,36.05202368717414
30796,38.35818635764691
30797,38.82223294428713
30798,25.104271706204255
30799,37.57998826230441
30800,35.9411777226042
30801,42.87311168632115
30802,41.033845822924896
30803,41.93360096396521
30804,38.93473635380316
30805,21.06800763908961
30806,32.75212936688675
30807,37.87075061759088
30808,30.622887965511655
30809,39.87551442654026
30810,31.37333608410117
30811,41.54510981192427
30812,33.22907136835294
30813,39.15529793794366
30814,33.644419983447875
30815,36.34844711902255
30816,32.2434958532868
30817,41.26611167755648
30818,30.831616126172086
30819,34.86079913023331
30820,31.60582651777145
30821,35.8058008478376
30822,35.441113599987766
30823,38.56044751569969
30824,40.448941654803704
30825,35.16882756741228
30826,74.00187722636335
30827,37.82008642005373
30828,39.84097794659629
30829,39.65928406718339
30830,38.77652992807326
30831,34.79927938004031
30832,28.16601061814695
30833,38.082396565752774
30834,35.123939842380025
30835,40.11006961635344
30836,37.727458068799336
30837,36.03399909817741
30838,27.528433663168435
30839,29.87547914557669
30840,30.31920956258695
30841,40.331853285994264
30842,33.48693716649986
30843,32.082513875467356
30844,78.33213216661294
30845,42.8156497977192
30846,43.84431805735113
30847,84.94877061656871
30848,33.90171148242207
30849,40.61791178434657
30850,46.20105230456447
30851,37.11175585644045
30852,3.5038289991871068
30853,26.483001748875218
30854,48.876648844176984
30855,43.828553796121604
30856,73.33267821208298
30857,37.45723915571161
30858,44.332384237187924
30859,25.492261274931543
30860,3.1379650233419762
30861,17.308330394165942
30862,73.72855207749951
30863,54.78411922336342
30864,32.361677289311075
30865,68.48994198520951
30866,56.36626102733025
30867,33.427851993079955
30868,42.15086459649312
30869,42.36248747654493
30870,70.37639354699778
30871,68.67997936425546
30872,66.16823874432632
30873,66.60661995135325
30874,48.33199764583833
30875,64.95909022598534
30876,60.25540386548329
30877,39.218554696323096
30878,15.593697817121102
30879,36.72532291045819
30880,29.45016100469872
30881,28.26369933149953
30882,31.649448640527083
30883,28.733772120276946
30884,34.05141081803542
30885,27.27482771465975
30886,25.886373249857428
30887,51.49680297825952
30888,28.84457697308691
30889,59.05490759305748
30890,32.481523892814806
30891,28.36177871022874
30892,21.075640123954187
30893,29.939241302842188
30894,23.413485574830165
30895,22.202255282834372
30896,23.37922528165042
30897,28.576131833705166
30898,32.68561904186781
30899,31.354511426412763
30900,33.888124051748925
30901,29.379065067896708
30902,50.60234211802906
30903,41.57830652464451
30904,29.25408552039203
30905,29.015560459197875
30906,29.46977855300485
30907,36.4220534000899
30908,35.62894990265707
30909,26.563515770534615
30910,30.775382551045247
30911,72.0954323894684
30912,27.992073684894024
30913,56.25258096520019
30914,31.39289606369413
30915,30.063088907700134
30916,78.07494983831305
30917,19.88761320220331
30918,18.295479605705218
30919,39.255254173571764
30920,30.929196989867435
30921,6.641702530172113
30922,24.885015301957253
30923,15.823778843803112
30924,26.917243815824662
30925,68.90447812662177
30926,26.872562616806157
30927,72.11426541705802
30928,30.975158678284213
30929,73.55974558691689
30930,77.44872710592809
30931,37.12849930243681
30932,16.254194685511568
30933,25.238579261183673
30934,19.64099072926877
30935,44.46820925351122
30936,33.14233727456369
30937,54.83143385022878
30938,36.77347702894483
30939,63.92991647769371
30940,6.053102366839215
30941,6.079941672642056
30942,39.35491866066631
30943,17.924815141427523
30944,7.934264172881429
30945,27.835963826068166
30946,29.063388998830263
30947,6.828484354791622
30948,28.68683586421308
30949,29.661407174655245
30950,53.16097751268055
30951,41.44265849193274
30952,30.81660801632522
30953,10.965328341279893
30954,33.581840076174636
30955,7.830583405263051
30956,57.16375218177228
30957,28.908185500205303
30958,12.16051671119638
30959,5.281043083853958
30960,36.32892999946027
30961,28.554938243497332
30962,33.95400219692349
30963,34.35438533084963
30964,70.00150303263425
30965,40.785184192346506
30966,31.90029697575089
30967,33.84105740265816
30968,36.93160401600444
30969,35.4955389172668
30970,36.729820328216405
30971,34.24797575073116
30972,62.64725491096024
30973,34.41495978509484
30974,47.054704156307274
30975,69.26628628149895
30976,54.3554454224639
30977,30.87181887700603
30978,52.636825084237195
30979,33.01612058576886
30980,68.0787067177397
30981,29.580170776039175
30982,36.21611647384732
30983,40.03549602412539
30984,52.154104295937394
30985,30.94786976850328
30986,36.36225593219925
30987,5.570687299999149
30988,65.74565496019636
30989,12.471454306707198
30990,33.1645438577425
30991,16.04312080693268
30992,9.326937499409434
30993,31.47383076570989
30994,32.886063165352326
30995,30.741777912822727
30996,5.305787255985587
30997,36.30798614885538
30998,48.225854828367396
30999,55.544263868057456
31000,38.4184304228632
31001,39.66805966245285
31002,33.02784371012088
31003,29.249302458451474
31004,37.39027423650919
31005,27.454200198847786
31006,24.194167211639897
31007,37.27840805513674
31008,61.9209273482014
31009,37.24426112324245
31010,35.48260686751611
31011,52.4561432445599
31012,29.21395018586837
31013,40.190125041224974
31014,3.1050221371490787
31015,40.488939310154876
31016,27.162718517122762
31017,30.22915800997987
31018,65.57521434581965
31019,28.563945890586936
31020,82.09864829251799
31021,30.30141255138565
31022,32.467005881945425
31023,41.369953521391274
31024,22.716358194657012
31025,23.72502054362889
31026,22.906801545321535
31027,24.213423312683343
31028,13.38527063162515
31029,26.85590604806015
31030,64.30937926473547
31031,18.1991517321703
31032,21.692135928670687
31033,19.316161134971498
31034,3.4363019774280352
31035,16.708658938695983
31036,16.60128789907396
31037,22.450929308354716
31038,16.278750079179552
31039,15.834064294723895
31040,2.6720471597349227
31041,16.358208185521885
31042,21.2294103263203
31043,11.752228651416708
31044,39.79862926801395
31045,22.133793718556845
31046,23.731328357285363
31047,18.024833325980858
31048,30.307054086036885
31049,1.6796719673094789
31050,17.916084692408702
31051,12.836979508000425
31052,15.927565418294371
31053,20.850989911196613
31054,21.41771894824779
31055,15.53366732766728
31056,16.231328819886514
31057,12.518404923655382
31058,12.574860826671436
31059,20.57610930766588
31060,16.399296011986536
31061,20.763106263811043
31062,14.55541040660696
31063,25.19022503966618
31064,24.598882356091732
31065,21.25263348564833
31066,16.69738264699083
31067,19.512147083566763
31068,16.558491691445376
31069,11.039339560027113
31070,17.38458364036002
31071,15.989210915462902
31072,21.834650676075626
31073,14.051720733362831
31074,17.129212713754967
31075,12.979918925933232
31076,15.882059221973751
31077,21.265410405881404
31078,26.19283547198015
31079,19.05685574541462
31080,24.054517133678846
31081,22.21109882810676
31082,21.938672270582817
31083,24.82507013484024
31084,10.84822722830307
31085,21.91032823770057
31086,18.514964720337208
31087,15.150357701216237
31088,13.844558433744723
31089,16.456522822922274
31090,14.361072415557064
31091,18.236862040486287
31092,15.89213484126747
31093,20.432555236702022
31094,18.358564862248695
31095,10.491730408823036
31096,15.267493122936965
31097,18.643290223137054
31098,18.85788222409916
31099,23.89340552139365
31100,20.413621776975795
31101,21.47989297256205
31102,21.767066366547972
31103,25.506658613928387
31104,24.0240583788608
31105,15.237837718039515
31106,20.95281429032344
31107,19.46584019725239
31108,24.563602408251583
31109,25.33985521463583
31110,21.25921542583908
31111,21.06143527140243
31112,12.157948449770693
31113,12.754279813555794
31114,22.60505444816116
31115,27.922058154521444
31116,30.21971849957044
31117,22.133969945904333
31118,21.618161800965993
31119,31.19547655121726
31120,20.639549107571725
31121,20.37776619013279
31122,12.664196347904877
31123,23.816307626120977
31124,21.2087024761302
31125,17.204543777037372
31126,23.987088043452967
31127,37.089456845513624
31128,31.48543810226898
31129,18.819177581083046
31130,24.56950965692034
31131,27.941312868829883
31132,32.78266514864296
31133,19.388968197945964
31134,28.45851072737944
31135,21.972969212954215
31136,30.55889475028473
31137,67.6744435190775
31138,16.51000814518102
31139,25.861918751144078
31140,16.33318705034952
31141,18.16962081707514
31142,32.39447597913073
31143,21.228836050732557
31144,31.178605316730447
31145,31.10098968370844
31146,16.401814497004047
31147,30.80391346275202
31148,20.975729569436822
31149,24.283760308822238
31150,13.019475164129677
31151,28.598940506666054
31152,13.962221796403632
31153,19.302207719161498
31154,21.06272256023747
31155,19.34136819936294
31156,16.386382784850234
31157,28.14683001877203
31158,25.405170148601286
31159,16.16390927434959
31160,15.16506981906975
31161,26.135079848298858
31162,27.397490552768964
31163,19.07244910930442
31164,21.616701927322147
31165,22.204816595912433
31166,24.73259469477649
31167,20.6201390035168
31168,15.940785246910991
31169,22.891765441236718
31170,25.556571703899174
31171,23.041138001306457
31172,14.766484902517169
31173,22.577139577250833
31174,12.187295867522945
31175,15.933069550224944
31176,18.41753024488043
31177,16.126292785209877
31178,23.866035336545117
31179,27.24278109933001
31180,27.845512719693197
31181,17.653280018254474
31182,17.51236389635008
31183,16.431213845705194
31184,16.562489237327725
31185,33.17806420068062
31186,20.370175304304908
31187,21.604940414219858
31188,21.913343717161286
31189,23.549069707648663
31190,27.924427949059215
31191,25.52199854019775
31192,22.90988421468581
31193,55.328835112840224
31194,18.15471171017437
31195,25.582068814605375
31196,19.025219297623536
31197,25.052790284363304
31198,19.64667256534428
31199,17.244247856712388
31200,26.01251626596101
31201,15.945999789684954
31202,21.070186405195887
31203,22.19116019232881
31204,22.617312203994025
31205,17.560854199908498
31206,27.90285911182889
31207,21.3505540675532
31208,21.42845172015133
31209,21.06626987983142
31210,31.67143396458382
31211,19.170615504941512
31212,14.679254516155329
31213,17.2853653374732
31214,13.398431799624255
31215,14.443600439972533
31216,29.317441414379935
31217,11.988467054038628
31218,20.19307601990083
31219,27.449596374215687
31220,46.825158663745206
31221,38.11168519759202
31222,42.90273696228799
31223,33.320267967981685
31224,37.10983071408023
31225,39.24197317999197
31226,33.15052278926075
31227,37.498126511425525
31228,41.713134001334396
31229,33.325368513985254
31230,35.91070530612871
31231,37.941397693689375
31232,28.444937115457883
31233,37.55925739201116
31234,53.50078584171311
31235,35.07980820181186
31236,34.247978744423165
31237,32.79577330612416
31238,34.41101807310777
31239,43.00983691800238
31240,41.16519620891077
31241,37.83748050441482
31242,32.286913052317715
31243,33.33314570109262
31244,30.313410529043416
31245,36.08761694882517
31246,37.199305125429916
31247,39.83482141827372
31248,36.02936941425301
31249,41.953278604336475
31250,35.79734860590975
31251,36.51230916758281
31252,36.53123938377503
31253,32.002445782633416
31254,36.47557032268116
31255,48.34778851009618
31256,32.07540691934395
31257,34.3459238654399
31258,40.929169421812574
31259,50.18915625360408
31260,34.022410330594134
31261,39.33775263422639
31262,44.58983814418435
31263,32.81239717145598
31264,44.241412616403615
31265,33.359607237352606
31266,63.253752317497266
31267,37.14178574125082
31268,38.54591495019321
31269,36.574442772937466
31270,34.26397753540676
31271,43.589748074751135
31272,31.19321073166916
31273,33.807873018997434
31274,32.09283242437894
31275,33.897644804317
31276,30.64088802431774
31277,31.13022954058907
31278,31.782606058126103
31279,28.7138853105216
31280,34.044813148023565
31281,42.12885357393749
31282,45.41816309725258
31283,36.387415152941465
31284,40.658946692913226
31285,35.82012417441236
31286,49.4007718491666
31287,40.90864391181502
31288,44.70651912068154
31289,32.04176358098597
31290,28.626962086939987
31291,31.614191358256726
31292,34.03225728796426
31293,46.6397633211107
31294,39.01431267653968
31295,42.73036538519277
31296,33.20005558973908
31297,33.101120501056656
31298,34.99706959174732
31299,35.79535578185995
31300,30.85194572964376
31301,33.004222461984455
31302,31.997411040013173
31303,32.61846604815045
31304,29.273649147394508
31305,30.062235350138216
31306,34.237267426902854
31307,26.338956902366128
31308,25.140858551111705
31309,50.3836805240438
31310,26.459544037647984
31311,21.342257363839757
31312,36.6955932442851
31313,42.35243909885214
31314,39.181150880235734
31315,24.637491118017895
31316,46.95173229406939
31317,26.844908384746013
31318,35.194955056810535
31319,36.327883954715794
31320,48.40905654433286
31321,33.34291054552075
31322,35.400837005083545
31323,30.766912581269132
31324,29.16742868228847
31325,29.103485190114725
31326,32.49009711249185
31327,29.820572709084516
31328,23.10442021373058
31329,35.63481618661136
31330,34.38272007245598
31331,27.16753457938729
31332,31.28620171512496
31333,29.379432268540477
31334,24.745354358950735
31335,21.526196368077095
31336,43.134589340192804
31337,70.10045225201219
31338,25.43244668206978
31339,30.6162163182533
31340,31.329836792851086
31341,36.52265860895298
31342,32.30118095320346
31343,55.47523738499506
31344,34.06198633036186
31345,39.279114342504734
31346,71.74566693892984
31347,27.52419618064114
31348,29.493477478576388
31349,31.096837602077827
31350,36.71388749899895
31351,49.8009965868097
31352,61.51409845147322
31353,29.63068591146003
31354,29.892920763915782
31355,22.51623635265628
31356,30.6850689854829
31357,42.99095075881588
31358,70.95291681101936
31359,26.715504619170545
31360,28.448607430402763
31361,31.76031241477818
31362,35.90230516664637
31363,32.627157390696816
31364,1.9847249597598862
31365,27.29013665817955
31366,29.26313487098336
31367,27.634017644729333
31368,28.541325055951756
31369,29.187936704467106
31370,39.771620911413216
31371,26.76434905344469
31372,27.839310561761593
31373,34.4626824185532
31374,23.969243252274154
31375,28.06377966437956
31376,28.041124055311954
31377,38.007452911330994
31378,39.92509550127363
31379,22.640337164903833
31380,28.14523108108287
31381,35.13547735961055
31382,31.471481681500485
31383,39.46852322744876
31384,34.422736978402575
31385,30.671895571959517
31386,31.386398855806483
31387,34.204594799105465
31388,67.77901324390716
31389,26.937860250800362
31390,81.84505669096625
31391,33.002323061120165
31392,27.968807320867136
31393,30.838273010753987
31394,30.860648547689735
31395,39.23702474187199
31396,40.1394703852313
31397,63.68093757381853
31398,22.691220775363554
31399,26.076015914304854
31400,28.9660241250298
31401,29.934924118156324
31402,26.09212543551118
31403,30.746194452449704
31404,73.5930557443613
31405,45.51561201899061
31406,13.910680584555704
31407,27.812057231660205
31408,54.69557767325642
31409,26.65976372672479
31410,29.879167245974685
31411,36.33978808955712
31412,29.830666259362697
31413,34.84054513088294
31414,20.094807934764688
31415,34.897178928499535
31416,38.858831215214096
31417,30.80688092372054
31418,21.33862341956523
31419,21.65598468171617
31420,21.38872915972493
31421,22.92765834688451
31422,17.198024589724923
31423,18.11658657073493
31424,22.139550371857897
31425,16.039399897779052
31426,24.315058286745355
31427,21.381996549134982
31428,23.453380230831304
31429,21.842079933558956
31430,34.42741488914368
31431,27.45581992761754
31432,27.684509998272937
31433,24.938629630184522
31434,15.228190506510908
31435,19.827815892605656
31436,22.14471968644438
31437,22.3623390449896
31438,22.364998193916897
31439,18.49813547871313
31440,26.23546013101234
31441,37.05295873593558
31442,18.174491256495305
31443,30.315753381017906
31444,23.101108622935087
31445,23.560508737883726
31446,17.063302450022462
31447,35.67978052372569
31448,30.512051027662018
31449,24.55582495144632
31450,22.5059338890026
31451,23.356086271471323
31452,24.24993217200574
31453,28.739361417298486
31454,22.832868646305656
31455,19.715680932035685
31456,22.249964732054504
31457,26.18094079192693
31458,22.48018375571656
31459,21.20437910466062
31460,19.60149850251481
31461,14.930060363051435
31462,14.824398044837015
31463,28.91165023438211
31464,24.968160475574358
31465,25.206527334151858
31466,33.02570119901827
31467,19.65950651751855
31468,19.913158889373655
31469,19.41210347478082
31470,19.256338396429747
31471,22.97590925189923
31472,16.99369226917896
31473,21.822023162945165
31474,18.205273155550127
31475,32.348367684893084
31476,26.019559106022957
31477,27.45695256096384
31478,23.84467289478845
31479,18.870223323977996
31480,28.54828417026042
31481,26.361532827467517
31482,32.25746194556582
31483,20.116433947313425
31484,23.309683278842794
31485,20.86827969434545
31486,25.984124513708664
31487,25.315420375782736
31488,28.9897078347879
31489,22.31831560583136
31490,19.767211253853404
31491,19.622490069553095
31492,21.229467556603513
31493,16.823982774009608
31494,12.513496254771951
31495,20.079532548924117
31496,21.85888616358233
31497,22.17424418834177
31498,21.985927832750225
31499,17.715954560397577
31500,19.48264770064975
31501,29.078888687025852
31502,17.990150107457744
31503,21.662122368522503
31504,33.600130620316534
31505,20.288731234372207
31506,22.97929634967442
31507,24.162400570636528
31508,17.156662873867287
31509,20.447046494223756
31510,20.58970309490062
31511,31.283703301006163
31512,24.498967568767394
31513,22.08346236692988
31514,28.702211827450583
31515,24.552239704673703
31516,50.85317430731404
31517,58.493946806301885
31518,47.71327543992876
31519,41.948493495793436
31520,48.611884620470285
31521,57.37272816453595
31522,52.52731259786825
31523,51.643972323546976
31524,33.218543726955545
31525,39.96945042648214
31526,65.58313945126073
31527,26.979288955301016
31528,47.91344939992216
31529,75.23360908608038
31530,33.19627067130978
31531,42.99889834076987
31532,27.207261434470624
31533,27.75047376550362
31534,48.54840793072149
31535,35.520900849005436
31536,26.470423052436047
31537,32.65580004649862
31538,29.246650784389836
31539,36.07493224664536
31540,33.86815205154097
31541,32.244930385019366
31542,31.17422480612763
31543,39.96024628799581
31544,34.39986443070612
31545,30.531696775962885
31546,40.512074850246975
31547,51.89654539832834
31548,31.922582976401273
31549,42.478604330159065
31550,23.774574375903203
31551,37.36948033967177
31552,20.28343736637042
31553,32.915034111064955
31554,34.11726101953414
31555,35.74754336610424
31556,38.69123539515508
31557,30.469713712081486
31558,36.80596308337107
31559,36.57046453832363
31560,31.053219801083145
31561,40.022901429394565
31562,23.384777313875116
31563,40.06447260883298
31564,30.181621110112346
31565,37.580504895921095
31566,41.23106735864009
31567,33.87174796036603
31568,23.571003014767637
31569,37.477442321073646
31570,39.36075710278117
31571,30.02497163961997
31572,27.937412342117007
31573,31.037153271454912
31574,23.998070665456403
31575,29.774006954182227
31576,30.01045316329765
31577,21.314081213631177
31578,25.109998527612653
31579,17.908485903420083
31580,41.57085300161279
31581,33.75893892543836
31582,28.376235839246416
31583,30.273529261380986
31584,42.76558492340888
31585,2.3491101677148842
31586,26.426813294435583
31587,22.41355694323918
31588,20.757483256513318
31589,21.57581764599781
31590,24.400372427335547
31591,27.41291999308538
31592,25.54260921344555
31593,25.134185355320835
31594,30.226321887271972
31595,25.403007778539152
31596,21.806228690330073
31597,37.5474519808813
31598,22.062126189722463
31599,20.543551268071703
31600,25.98360987754082
31601,35.65368915147112
31602,33.17289254602652
31603,26.244135222382884
31604,28.884871976786947
31605,19.797401600889284
31606,31.131824593144707
31607,28.998808323643843
31608,14.801913304892373
31609,27.503075345077622
31610,23.356576643335192
31611,23.77235173011904
31612,21.029095230634752
31613,24.924253483628593
31614,24.96982409204498
31615,19.717617974468546
31616,38.841210980758255
31617,18.616973110438213
31618,14.175316343202482
31619,16.5340951770839
31620,28.820497553301003
31621,20.111309819314947
31622,21.872295676718586
31623,17.892360718249737
31624,20.635265834365683
31625,28.325688967399564
31626,26.063191902198916
31627,21.740358877698952
31628,18.915767259130796
31629,27.692801651143185
31630,26.860877258927616
31631,24.59934170963472
31632,24.81544697036402
31633,17.98258502602369
31634,22.06474044485361
31635,31.51651561781369
31636,22.017782029739074
31637,14.413516289106251
31638,25.271691944878036
31639,5.421808960649155
31640,18.546789023099876
31641,17.56762980835232
31642,19.434060519697724
31643,20.63568791886679
31644,16.718214866342457
31645,22.769772665224888
31646,15.37037576543096
31647,20.223834418495375
31648,18.927236033309228
31649,24.935492350175778
31650,32.22980165489126
31651,21.241152206445243
31652,23.272967859115564
31653,25.133363664255583
31654,40.66716119414269
31655,20.89135780804431
31656,17.508825015695848
31657,34.195992794446376
31658,29.739565797800168
31659,18.21020239920461
31660,14.662653890258545
31661,21.57740010280432
31662,20.72993731067639
31663,21.988195581410928
31664,34.00737206504265
31665,21.40644139294616
31666,33.59852208624856
31667,23.254375350124754
31668,23.169585574580214
31669,16.35167615826101
31670,26.172896930316988
31671,18.618543288045743
31672,30.370061024576707
31673,16.799203628579175
31674,27.79626857710582
31675,28.396480628174317
31676,19.915514729916843
31677,18.707578257750942
31678,34.31537502031255
31679,27.510539624057373
31680,19.779049050033855
31681,15.562142434120082
31682,27.884063592246292
31683,30.223454954047504
31684,23.43730998973274
31685,21.00370420539165
31686,21.952577956320077
31687,24.855111166332044
31688,22.622431985317952
31689,33.95935128410687
31690,27.702848020679426
31691,33.0579548082144
31692,17.71331945316143
31693,23.667544142470852
31694,29.248099829872316
31695,27.606043472713818
31696,25.820011594124296
31697,25.9870691173849
31698,15.296778214429068
31699,33.2327707860094
31700,27.978717841587553
31701,23.64725491606312
31702,19.707100735232782
31703,25.352245193807697
31704,26.609618050551425
31705,18.911059994942956
31706,30.759955857933193
31707,17.189300041795843
31708,22.919949550223038
31709,20.58035214070214
31710,21.969405660346865
31711,35.17176927025537
31712,31.02239988303876
31713,23.543982815266354
31714,24.572703871996204
31715,23.67855158583215
31716,36.47819120099663
31717,26.37579146264069
31718,21.108953220114252
31719,26.195706429672796
31720,15.00545236224308
31721,15.095617435402897
31722,33.60185323847796
31723,53.60995716015442
31724,42.33413626862795
31725,28.395589377627353
31726,22.304817515502304
31727,38.63942667859142
31728,19.03339966184249
31729,19.745708897245798
31730,23.39719484350951
31731,14.955493627511544
31732,22.141548833668505
31733,28.288259494581737
31734,27.03126364989484
31735,59.26118434199468
31736,19.292686292686255
31737,24.80711014206119
31738,24.67045561348828
31739,19.901504286610308
31740,13.04520164804194
31741,10.714342218987692
31742,21.983587699107552
31743,10.356002867556345
31744,19.515337705361144
31745,44.0314108327114
31746,30.105999575092227
31747,45.038972605704465
31748,27.902216778644668
31749,15.592578624253788
31750,26.551990033396862
31751,35.2534533350002
31752,33.92194200398659
31753,26.87166470310327
31754,22.63287240934551
31755,27.738002533068276
31756,38.21029728746491
31757,25.39309570699959
31758,24.26065919808137
31759,34.013748940254324
31760,25.136383641901958
31761,33.158403402271404
31762,33.626104155642395
31763,25.399578905729477
31764,29.34487154926332
31765,17.117938262714443
31766,23.557815336053743
31767,27.096791078422527
31768,19.94149200302536
31769,43.24159382343586
31770,38.7260998803933
31771,27.68755102886799
31772,20.019664498648513
31773,29.288633205869942
31774,30.641919944795
31775,19.377695305878703
31776,25.184933483342874
31777,17.929761307143046
31778,17.69183367962671
31779,15.946172619868298
31780,17.826349792526504
31781,29.506275452082683
31782,27.775664839783364
31783,19.219535321672673
31784,21.66149262948475
31785,33.4465156977001
31786,31.08767433176947
31787,71.62736229080745
31788,24.921306363735596
31789,23.86289737301589
31790,50.898841934820965
31791,36.97592010670186
31792,31.629298740532903
31793,32.92359747791057
31794,38.82124541722513
31795,17.9292124869969
31796,28.873213317558708
31797,27.808042846114922
31798,26.800374894372293
31799,38.74591381041391
31800,28.813501229564686
31801,27.829831192984592
31802,50.254068769477634
31803,27.041134060870498
31804,27.24425671883815
31805,50.25652686562248
31806,23.507118659588514
31807,21.479566477470836
31808,30.14470116478138
31809,28.80804419177032
31810,25.32795059654093
31811,25.707093625498693
31812,29.94830705074468
31813,37.47357862130536
31814,19.802785325645907
31815,26.327622676125984
31816,23.49542365298148
31817,36.551080100768466
31818,32.28673304975989
31819,32.556078980374274
31820,25.896479044101028
31821,23.17938507731451
31822,23.00530305288165
31823,21.132722738177584
31824,21.10889937855767
31825,24.942608924650493
31826,11.03228752900894
31827,21.919626726032796
31828,19.547496702538428
31829,14.448077065741494
31830,23.026063281549174
31831,40.45132627234413
31832,33.94297422006258
31833,24.726801402600127
31834,14.792237109360004
31835,27.461475281122866
31836,28.893634409803166
31837,31.326089740688793
31838,17.688364978185817
31839,56.36626102733025
31840,57.01552314143272
31841,28.265481812978692
31842,26.556319913383646
31843,22.507851216510176
31844,26.358693586661055
31845,24.18313657166025
31846,34.58129589293518
31847,27.512694194371242
31848,20.280894832921504
31849,23.679452482729342
31850,38.85198274574586
31851,49.696020391349194
31852,22.25875727213544
31853,15.107215525834672
31854,14.971175910989896
31855,27.71118346773526
31856,31.003441613618456
31857,55.56356934067355
31858,28.309196258581874
31859,22.168176095565002
31860,33.045628513873474
31861,15.220664209411169
31862,22.369102532169165
31863,26.31545511589651
31864,25.47597459395294
31865,24.491333268111184
31866,14.50700133802858
31867,16.46106945816535
31868,21.865432891038033
31869,18.49348177279781
31870,18.94015686903575
31871,17.843464216066693
31872,18.629875169761934
31873,21.729511961966193
31874,34.09983558151366
31875,26.15592029821506
31876,35.310082642273045
31877,33.85599632674424
31878,19.37522736265569
31879,22.837256649670827
31880,17.734420828945076
31881,21.78474619681334
31882,21.544193046363688
31883,19.70526268426788
31884,23.250400712274576
31885,17.69432456284497
31886,21.677514784377667
31887,19.22283862311464
31888,19.13902046429716
31889,22.763708350995103
31890,15.068042681434353
31891,21.923759601432288
31892,22.122701049649812
31893,26.795390896501544
31894,20.21686807105265
31895,21.017126072170036
31896,16.834115147532756
31897,20.578478668508428
31898,16.92195564324633
31899,19.377953399617837
31900,21.185687688896557
31901,22.4890092694043
31902,23.371150257429363
31903,22.14475270112553
31904,23.27315140145148
31905,26.094570149849726
31906,24.96626009075824
31907,18.171744628088973
31908,19.201131573648667
31909,27.516597198857404
31910,14.472718614269622
31911,17.762390261159574
31912,19.66090223415017
31913,22.1314534948747
31914,16.617206422666943
31915,17.20269614455416
31916,19.493382701033234
31917,19.336528998050127
31918,19.233916845378737
31919,18.959290058035485
31920,17.003652979340593
31921,22.094755995211393
31922,18.089309043708347
31923,18.33236770326304
31924,22.650547530588355
31925,21.383987113121602
31926,24.13967276844248
31927,24.4414116578493
31928,21.865488435259774
31929,15.725094569712729
31930,22.308195548264457
31931,18.744615156809907
31932,20.344100740510093
31933,20.71632163207504
31934,20.483876345530824
31935,21.000324218904172
31936,16.910173250277598
31937,22.759697184092225
31938,17.75956534200896
31939,17.002413838999114
31940,16.629133125929414
31941,16.880265048945464
31942,18.2218606176026
31943,21.51558421628553
31944,24.54691999953991
31945,33.65592730967106
31946,23.36369224086458
31947,20.024971869527146
31948,21.087124635968166
31949,17.53444628052408
31950,22.71125821763134
31951,21.196776203416952
31952,25.920357785321066
31953,14.823798851364348
31954,19.005575395219402
31955,23.533930583875303
31956,17.2504578982306
31957,24.87545844958818
31958,29.69122744487852
31959,22.5384669075652
31960,30.631051338596755
31961,23.60652417549044
31962,24.46234242276598
31963,20.677900522919657
31964,27.573070930157158
31965,23.08686576893964
31966,25.639742263093485
31967,54.543537262844225
31968,40.92142677474879
31969,37.309976697497
31970,24.976347816923965
31971,31.394061583723293
31972,40.72262144630369
31973,30.862446936391084
31974,22.40594774244707
31975,35.88091954095084
31976,39.35686044532937
31977,22.74336423655658
31978,23.420331086577356
31979,23.736071263213287
31980,27.18167178657487
31981,26.235637832491168
31982,40.67734760924837
31983,47.540077148090425
31984,24.69958701276659
31985,22.728540245470537
31986,23.113349974104874
31987,25.73526883516763
31988,25.078649101195825
31989,27.800465542232793
31990,25.163368615504815
31991,25.07696775636191
31992,24.61194839202139
31993,25.984572607948568
31994,29.020007990499337
31995,26.2612908468112
31996,22.448028128138453
31997,24.78125819253162
31998,27.648598451899307
31999,25.23514401848924
32000,23.90271135961742
32001,21.83270570769406
32002,22.433007458218867
32003,26.897268200308197
32004,25.75924371183448
32005,21.2512745619457
32006,26.083863721455373
32007,26.78889198557254
32008,23.265245545266254
32009,24.338630932451316
32010,26.847103007716434
32011,30.292476846967354
32012,23.01321742937201
32013,30.59242294774389
32014,25.099912631641942
32015,28.295624971059105
32016,21.9506046312804
32017,25.561030582154068
32018,26.42462148881668
32019,28.77742322997276
32020,29.15408289634565
32021,25.456322354404893
32022,26.525221020443798
32023,25.95047018122327
32024,29.177814459660176
32025,22.791708273472594
32026,31.972769712716378
32027,29.719024069395786
32028,24.19123722774065
32029,26.05445413619865
32030,28.462183350238824
32031,28.557081836412323
32032,29.64223686034439
32033,30.150826266343188
32034,26.799792121382524
32035,25.6502933449611
32036,22.603123289639708
32037,23.414625537225252
32038,29.587440887294335
32039,27.89663430885483
32040,30.843860651679627
32041,24.063575232747787
32042,20.914729231931513
32043,35.34445958657156
32044,31.39861911702887
32045,30.996667166766883
32046,30.093841401393668
32047,22.58658417073528
32048,30.964614701181358
32049,31.37368273474383
32050,30.84154586465537
32051,26.32802728205274
32052,25.385536611361495
32053,26.52362692431398
32054,34.920770276318905
32055,37.18909254179529
32056,33.389150273159096
32057,28.04023744135604
32058,29.383918803779416
32059,32.36615698907258
32060,25.767701971782394
32061,31.71585835667301
32062,30.656771341635185
32063,51.24332346121275
32064,75.65988878303557
32065,34.62165255644476
32066,37.97684274218478
32067,33.900462631666905
32068,71.29452084638595
32069,34.38092857273011
32070,31.26958414738943
32071,43.038837055207516
32072,38.611587819150785
32073,73.00459747586582
32074,38.68970596294283
32075,48.96278044702748
32076,37.38277251508449
32077,44.75251882171868
32078,48.5240485384755
32079,34.70918875660019
32080,51.560476474842346
32081,47.987625484148786
32082,31.79715337835882
32083,50.38449940282583
32084,41.24773334669701
32085,36.57609485584247
32086,39.171998107129404
32087,41.01508934170861
32088,40.60823729580268
32089,48.283922805274315
32090,35.62370319539406
32091,39.060103013895514
32092,48.589721169726545
32093,36.505146925932436
32094,38.4715474900721
32095,37.64236899848465
32096,38.623487520528506
32097,37.784397780670965
32098,37.45904806926503
32099,34.939263725552614
32100,42.60904172789015
32101,39.25979567242218
32102,43.357280256609776
32103,40.39021589617035
32104,33.01602705639971
32105,33.741023735581344
32106,36.09553520806991
32107,37.463644455370414
32108,44.929543122949255
32109,46.65674423999677
32110,46.07830412721114
32111,34.5062225403937
32112,39.9462678320036
32113,34.95859189034607
32114,43.573331875617725
32115,43.320718653006914
32116,58.02864409437054
32117,43.64478438732482
32118,65.44603712874367
32119,33.11810377850642
32120,33.86121271582898
32121,36.02620048925605
32122,34.369724824299546
32123,21.428264917124814
32124,34.104062196850386
32125,30.901109268407417
32126,40.93040759299844
32127,34.46295386515743
32128,29.792241684497867
32129,66.44515182572675
32130,31.960224216482708
32131,34.211992089598105
32132,24.319800056211292
32133,31.5287436800423
32134,39.28613189828946
32135,47.438930279500404
32136,39.34208363703344
32137,31.756580173750642
32138,25.645731685953713
32139,29.188076120135555
32140,36.71237238191591
32141,31.4065331554604
32142,34.88742642554207
32143,46.88858894451498
32144,29.216049480487463
32145,42.418934520640946
32146,35.47933301874827
32147,25.177091001004136
32148,35.697147177455044
32149,24.625372235747417
32150,37.611023169277765
32151,64.13894909542772
32152,40.232492275801015
32153,25.633229169221593
32154,27.944520700121423
32155,29.803697829456738
32156,33.67340812705258
32157,36.235616604087454
32158,30.140945298108097
32159,36.00590539725839
32160,32.408972104345104
32161,16.538939164691463
32162,33.360717618953686
32163,27.611537444944197
32164,34.86610736091252
32165,25.13813068465052
32166,40.12413608101925
32167,38.13571582703726
32168,31.690513692303675
32169,36.68512996605859
32170,30.76723256353978
32171,27.77412251220924
32172,24.924775903200725
32173,34.45580987676394
32174,26.212386179258317
32175,37.133754217042416
32176,39.07927122258798
32177,30.56148857461527
32178,26.238090941459568
32179,29.831164892126694
32180,44.01114092065404
32181,40.4787318939708
32182,35.77487770510479
32183,33.5025135793159
32184,36.489650765391595
32185,31.917098295578626
32186,39.6108319891712
32187,34.7292464576684
32188,36.8750470696638
32189,36.50844182125231
32190,39.2597171675219
32191,40.736816803005894
32192,35.205079615777656
32193,39.60030304595781
32194,27.7166538735924
32195,47.568372246943575
32196,40.27412723211027
32197,34.877214857274055
32198,44.20951355773688
32199,37.1889872621795
32200,29.826772098723044
32201,36.67837557902294
32202,40.271649585181805
32203,41.13781548117249
32204,29.8032322579787
32205,42.950598007272234
32206,39.16595479481782
32207,55.49257212454505
32208,32.79077551806264
32209,37.04420844426634
32210,42.56163678611263
32211,41.97304390603624
32212,32.71525822780042
32213,37.78002246433119
32214,35.87915299333919
32215,38.32404899268701
32216,50.818786186479024
32217,32.08772016334367
32218,38.55820733555295
32219,39.648835823665806
32220,42.573026893588036
32221,43.08892231073058
32222,42.670058321891595
32223,33.79935435622593
32224,36.88279057087705
32225,35.61109872745567
32226,40.891276780682134
32227,31.501637275475396
32228,27.203383157790107
32229,32.99847883589685
32230,24.502744533213164
32231,23.792281905129542
32232,21.63283553136354
32233,32.2238212547177
32234,26.215638182854825
32235,18.88207237523892
32236,35.086569845719964
32237,22.623120207927613
32238,25.221513947182554
32239,30.45982136706857
32240,28.454117381647293
32241,25.771884617874314
32242,31.24965208840237
32243,27.09089057275658
32244,23.418717428144383
32245,32.079978024908904
32246,27.582566751439494
32247,17.625209096635068
32248,24.493173917853674
32249,34.984796386749544
32250,28.039718765138204
32251,27.98285484548004
32252,21.374836945291918
32253,33.60254453876724
32254,16.614654918502115
32255,32.21637261531632
32256,23.252385707720123
32257,63.31769079844818
32258,38.64347529026951
32259,24.645038457506377
32260,20.143481375432014
32261,18.626860680956373
32262,26.979297054336662
32263,34.09965811198501
32264,37.45039255974085
32265,24.58892157218653
32266,24.48629219667052
32267,20.704240545562993
32268,22.490792487890555
32269,35.23312335293791
32270,26.262219187884828
32271,5.873455698986115
32272,34.42143833000407
32273,42.19333974825241
32274,25.4642736572996
32275,33.95310098739817
32276,23.777883415473156
32277,20.123380776145186
32278,25.89526337332949
32279,27.417555712633614
32280,26.896379895882067
32281,26.036716603620583
32282,30.25402672126173
32283,33.58433897542929
32284,21.477782618305298
32285,27.537680852982383
32286,25.8402733980572
32287,2.373943124893001
32288,28.473026140460973
32289,36.5336142606673
32290,30.10479178818688
32291,26.51766677481617
32292,27.33151143371512
32293,69.01854632214975
32294,43.39072442382289
32295,33.085240578375426
32296,25.605399682520797
32297,30.818421076259625
32298,7.742480575622199
32299,21.2261782819214
32300,22.894638635098318
32301,29.380853878579735
32302,43.626372343511036
32303,38.71285346730662
32304,23.460275267753744
32305,37.34610655689172
32306,30.915481080953974
32307,30.707441656977693
32308,30.12011365217259
32309,31.742946948028795
32310,26.660996140328297
32311,3.512115251968899
32312,25.09267952224947
32313,17.047197240501582
32314,26.480529966798166
32315,65.9535151918943
32316,28.40206848663431
32317,34.56831855947674
32318,22.72128985514899
32319,23.622305220734063
32320,21.671187728834983
32321,27.38558602739004
32322,26.58137576285163
32323,25.517846383578153
32324,29.880835894457157
32325,23.448485728332614
32326,16.953432971477913
32327,16.669773541038335
32328,24.20903009594462
32329,18.889520703120624
32330,12.05150906068612
32331,25.635449287925272
32332,20.36887112417111
32333,17.061374239782268
32334,20.143037215090775
32335,15.583056288496849
32336,15.616055517534367
32337,13.637476364936271
32338,15.29262725872747
32339,13.25619867970294
32340,16.989366595923855
32341,19.90831544574563
32342,20.85870621382785
32343,27.073897895425272
32344,15.275329430939301
32345,17.432470891424718
32346,25.404931974579682
32347,20.234893086583927
32348,20.853691778878037
32349,17.683033997445975
32350,22.303304884494043
32351,19.314124340237385
32352,19.25845539061017
32353,20.96966220745734
32354,19.36872387659878
32355,21.191197008125638
32356,14.1698325170758
32357,20.15480193506747
32358,14.228686825240356
32359,19.924147962154166
32360,22.721627385567835
32361,17.02781380665692
32362,26.130236819561425
32363,18.48504961691598
32364,16.647036120033835
32365,18.822832634167767
32366,11.3515785465455
32367,16.057473975569454
32368,21.459141379553667
32369,16.434031951542657
32370,14.850611220515237
32371,24.225672247130372
32372,22.937952332656216
32373,13.9836776984939
32374,20.152577827929182
32375,16.899573339425846
32376,18.39567108196269
32377,36.076913760235335
32378,22.60934806380025
32379,20.272649548359333
32380,28.934810677193624
32381,19.40579835301528
32382,26.90199368601347
32383,29.633446371369153
32384,13.71967181797984
32385,22.4531401614904
32386,22.44975638858535
32387,25.310540096847973
32388,27.843222466900222
32389,23.220265499406977
32390,20.598603101050735
32391,19.41498396825557
32392,21.568699074811732
32393,16.051023454724053
32394,20.88305963366735
32395,13.884240262626205
32396,14.03284539281542
32397,12.642024560870876
32398,26.144763799226514
32399,11.158347723716204
32400,20.78139395111988
32401,23.194244502865132
32402,20.32191364187458
32403,15.268173319116432
32404,26.34487602879007
32405,21.31900772462196
32406,12.866752141110716
32407,14.1759887798911
32408,10.103829140764933
32409,69.78867445090029
32410,35.946864616374995
32411,53.92324678216211
32412,16.889993895044842
32413,47.653897752657144
32414,46.006380113949135
32415,58.91295884572226
32416,56.61754435767421
32417,49.889286047010884
32418,39.83843064416247
32419,35.75660702096677
32420,37.082834913850654
32421,51.18780444010466
32422,37.17881736618848
32423,74.8064205050404
32424,74.60682609934996
32425,34.74056630422119
32426,24.998808402828516
32427,34.22805313212987
32428,37.51800641570456
32429,27.728723332978877
32430,45.16837779749962
32431,34.95971029970402
32432,50.59943522180992
32433,37.56530281406485
32434,27.908366055008834
32435,40.07022948577065
32436,35.11695490590707
32437,33.492574471731025
32438,44.69309110121576
32439,49.62978556292509
32440,47.898536421517434
32441,39.0829952248787
32442,46.330609062369014
32443,60.799282699110606
32444,37.408511227216614
32445,32.839430667340395
32446,31.355364230491006
32447,34.74217746517391
32448,36.869561871758194
32449,42.141557681071845
32450,40.21171232559289
32451,43.75092061915305
32452,37.39446384897464
32453,49.797529864205735
32454,50.942963461021904
32455,46.340803287836025
32456,38.070029548155205
32457,44.012348514628215
32458,35.564768908875514
32459,54.134162097231965
32460,57.71055231577421
32461,80.79587359819301
32462,44.93357430876756
32463,36.74385251638118
32464,32.78636907222283
32465,47.48155611365834
32466,36.45700982774976
32467,38.604286148180805
32468,32.168793994188995
32469,42.18565146116736
32470,50.287091924060114
32471,36.38281560350311
32472,34.54227747646289
32473,38.19363858593637
32474,39.30152114086001
32475,47.55032635470846
32476,32.04604477595064
32477,37.76626607707904
32478,43.72406636418847
32479,24.74481044322429
32480,28.550320252110026
32481,35.89385477448938
32482,39.18030406587807
32483,23.918063290671853
32484,21.22863259431917
32485,52.625352853596496
32486,24.161729465158672
32487,54.95767300209359
32488,53.608861442072985
32489,35.277301630286864
32490,24.79396630671076
32491,30.091757295513204
32492,33.87939333179426
32493,32.53875782652288
32494,32.08554070956308
32495,26.749913491153578
32496,29.059695501450328
32497,27.087759671841958
32498,25.105730996661265
32499,28.083725950875962
32500,32.968727816951365
32501,34.886384396085596
32502,27.85247671193308
32503,68.37031307825231
32504,62.22772676458267
32505,45.11854513465544
32506,32.48441337929751
32507,57.63962580939918
32508,38.79589473207187
32509,39.50128966805204
32510,37.65853373303833
32511,39.468430229923456
32512,31.091081685202063
32513,44.891128943868
32514,34.496455524978096
32515,38.355253066041946
32516,36.41672753793519
32517,37.224044551092184
32518,48.55077307392973
32519,47.14647907546133
32520,66.16094244456856
32521,38.85033993388674
32522,52.4003369635942
32523,30.48308648089128
32524,32.45988963560909
32525,37.713444951438696
32526,42.80857869977817
32527,38.8945348789936
32528,36.774233653761065
32529,66.67739313655008
32530,74.79862286037067
32531,13.762778690413136
32532,10.048572576611049
32533,6.6633107676346315
32534,38.37737965097745
32535,32.15727621246922
32536,39.26044460408889
32537,28.92559467655727
32538,28.91817036829528
32539,38.40156502897827
32540,32.613548243439716
32541,38.520774656006964
32542,36.79463651633394
32543,9.571109460573943
32544,40.560732566950016
32545,65.05125274960244
32546,32.62875668093621
32547,33.066497647384665
32548,28.775223795247513
32549,40.125259477848935
32550,27.1061582141195
32551,33.63138147933369
32552,15.652235278545081
32553,43.56839927517764
32554,30.703842072864802
32555,30.91896531622715
32556,42.43112588741464
32557,11.99829825469637
32558,40.08085145287403
32559,37.51209598341575
32560,9.943408346944977
32561,31.19910446304441
32562,43.7665731573051
32563,41.82638412284592
32564,26.869264802636092
32565,28.283498520360375
32566,35.29884333383601
32567,46.30025347029384
32568,32.65346814680109
32569,36.267574546676826
32570,52.75078290983786
32571,37.151140698142946
32572,39.0461243631332
32573,11.630450549527925
32574,42.878808762247246
32575,31.476211809412373
32576,43.13306129132086
32577,40.08672599982755
32578,31.248103150489058
32579,51.527102382153004
32580,35.42038478741817
32581,36.140400327564166
32582,18.16319622206876
32583,18.427108630016505
32584,26.03332093313427
32585,21.76290412747738
32586,21.300228323146367
32587,5.301379434011318
32588,23.8466320837654
32589,14.762276697719159
32590,7.204088477011021
32591,14.465691913943495
32592,22.674829390337624
32593,15.260744547632097
32594,20.8715261499371
32595,11.582863228069439
32596,17.41714543344422
32597,19.07662805166692
32598,24.286118592748405
32599,21.84944611620802
32600,23.189666242882602
32601,22.579834389762876
32602,25.239186904556476
32603,19.280708877887157
32604,12.42646554480326
32605,10.768393371826537
32606,8.226497371481518
32607,21.133444517956363
32608,13.54566289425156
32609,12.292617803047612
32610,20.033523458695104
32611,18.60355748604627
32612,22.182911641801415
32613,17.395056677714834
32614,14.456661896269475
32615,13.497751310185869
32616,9.201236962816777
32617,22.05487663402049
32618,11.640143090977281
32619,21.80010113060151
32620,13.654717979466062
32621,9.190843137313397
32622,5.927315374330834
32623,12.572662571815798
32624,6.411523882629368
32625,15.253044446365852
32626,10.077900572044022
32627,12.536599859440198
32628,17.002319571748828
32629,8.99325621441474
32630,17.94388393256243
32631,12.777690756318037
32632,24.285504462669486
32633,25.370964784890802
32634,18.25812194846528
32635,11.081735484712883
32636,17.800521680434667
32637,17.651913423307064
32638,22.54281396818225
32639,10.378753012877043
32640,13.929276328770232
32641,17.177428366244552
32642,25.005007863210253
32643,16.610848397856458
32644,10.83472915807532
32645,7.4542982156319075
32646,23.475292782315595
32647,12.864118983338134
32648,8.674915513774828
32649,17.60448550177104
32650,18.289848196696376
32651,5.811952501237276
32652,25.23603329624047
32653,31.7159130108435
32654,21.2233331884805
32655,20.01282249550701
32656,19.685298429361534
32657,9.824758753769125
32658,15.888962855319338
32659,17.35971188578845
32660,17.633263028314367
32661,15.770034058667846
32662,19.759889503952976
32663,22.11979640134524
32664,11.448105241355716
32665,19.236102444167784
32666,28.96417853609026
32667,15.89950440542881
32668,18.048250703551357
32669,14.110934350939988
32670,23.603091507709763
32671,11.045955504686713
32672,17.55743870771407
32673,16.04156320510472
32674,33.823591971911995
32675,33.07105786837808
32676,35.764483595638794
32677,33.851120417616194
32678,33.48329917691405
32679,23.240809569664457
32680,31.012218993741843
32681,33.148391286685495
32682,36.524073354091286
32683,46.8668989046343
32684,35.12003594323961
32685,31.730976914786424
32686,33.786852596339905
32687,41.04878702453189
32688,36.67003765017496
32689,31.044692619696498
32690,35.8059369499986
32691,30.17791714865251
32692,42.67878993487617
32693,35.3829513792577
32694,34.79762465444085
32695,33.88075226756581
32696,40.19161450519069
32697,41.295513369535826
32698,33.20655567661511
32699,37.72173144435406
32700,41.908809115520995
32701,39.69694770303479
32702,32.921585904496645
32703,32.521030095531344
32704,36.83814664792747
32705,36.13186427367843
32706,34.02949936156375
32707,47.03671555390698
32708,44.393336841583725
32709,36.28743164500697
32710,36.81967539893365
32711,38.599076494979684
32712,46.304718347284094
32713,43.69643286437045
32714,41.09760272140334
32715,42.46355706588809
32716,35.03766309077069
32717,40.025975381509674
32718,38.771978379351815
32719,42.86444605409524
32720,31.603492808081
32721,42.947362239121084
32722,43.964457690976346
32723,37.84391038770574
32724,28.76826993270955
32725,40.06552072829148
32726,35.05432029172171
32727,36.44950687410617
32728,31.96593361972691
32729,33.814113439534545
32730,33.30362057901584
32731,20.951062718948958
32732,34.53824326737765
32733,34.492659553310595
32734,52.632767079211845
32735,36.95791361963716
32736,32.08865858086808
32737,27.16462863110555
32738,34.470289458206835
32739,25.823204688367014
32740,24.033730287504937
32741,41.71960965256337
32742,35.34426910880815
32743,48.23511733420888
32744,37.41223432081034
32745,38.18984897330667
32746,40.506136041951535
32747,39.416890904811254
32748,33.337596830881196
32749,37.636440398354246
32750,47.43442947373626
32751,34.14760490680305
32752,32.90521048337174
32753,36.80504205485345
32754,28.879368164659912
32755,40.28403073879405
32756,27.09886417119903
32757,28.976949383730076
32758,54.49417110167002
32759,61.65136217575155
32760,29.70240409563825
32761,27.705302901676667
32762,17.707284082965238
32763,16.50627553045739
32764,31.15638003121579
32765,21.372796430267478
32766,32.18732317482556
32767,38.707457764008566
32768,20.39986596702763
32769,26.09479160272557
32770,26.859868548097683
32771,23.567359122804774
32772,23.8116278687218
32773,44.974267539280284
32774,26.931341494020202
32775,26.917444702933906
32776,26.16875264642819
32777,24.468611228281855
32778,32.71536809044581
32779,25.832518057583126
32780,32.78197485653685
32781,25.8136595073381
32782,20.32700172142202
32783,52.46876439508111
32784,17.150226918141684
32785,28.921723453509916
32786,35.421730009737196
32787,33.167147348258155
32788,31.09481012312945
32789,24.761288895736513
32790,31.711328089428605
32791,26.249294323135704
32792,22.891644136926537
32793,31.02022485447661
32794,25.353885470829095
32795,20.397756625524327
32796,22.424148753669236
32797,15.731104736398752
32798,64.63249220537631
32799,22.87059446416102
32800,19.248560492547746
32801,15.122462951196919
32802,42.033314971292725
32803,23.180412069842447
32804,2.620340134334599
32805,17.478496699655658
32806,25.684081703561112
32807,21.83931249985757
32808,49.38223396432788
32809,24.46968357861285
32810,17.320690519275633
32811,23.705408055797935
32812,30.174654261887
32813,26.80078588664815
32814,22.236859840873915
32815,23.957227303449706
32816,18.528494960768338
32817,20.604217831206725
32818,25.299248689192986
32819,19.11418327455543
32820,26.524506104856336
32821,23.825308505512005
32822,27.613903989104905
32823,22.310523360253235
32824,35.632048934205656
32825,18.465014471885816
32826,28.1192592428501
32827,22.065638363556495
32828,22.44208612054819
32829,22.305038648136385
32830,24.41228010728853
32831,16.701463377955594
32832,16.22322031855965
