ID,track_popularity
26266,28.833311419004232
26267,30.526978900398674
26268,29.746810797868477
26269,28.018768585884146
26270,46.881697398877705
26271,45.94510854403066
26272,46.904439377648615
26273,48.455795825589284
26274,48.12856935195384
26275,36.82970383859033
26276,36.67565349130312
26277,38.512034327047374
26278,41.51064486620943
26279,37.84618966012833
26280,28.526927033564363
26281,25.340051022903634
26282,29.01779502085305
26283,31.571336455424394
26284,28.50871001530055
26285,28.01903894115396
26286,28.059268698395847
26287,29.687005272358597
26288,27.418344563386462
26289,26.30956966016413
26290,28.436335914405547
26291,27.424623729354366
26292,29.304164534123913
26293,30.33516999077012
26294,31.75601889458394
26295,28.047687008252538
26296,25.65631651086992
26297,28.115174218510482
26298,27.270712341110865
26299,36.01848045922049
26300,31.943388553251317
26301,30.73674537947032
26302,28.70940330264702
26303,31.135695950754673
26304,32.66411783185758
26305,28.73348367133798
26306,32.74659057300291
26307,28.237635781806794
26308,26.121462494950848
26309,35.17525529405204
26310,27.862051858518228
26311,34.107554886900935
26312,30.822065692445307
26313,29.25843192231565
26314,33.8957710611728
26315,31.424580891067073
26316,31.893853249247336
26317,31.474639150338056
26318,11.025368654713883
26319,31.638554619019963
26320,27.282064904499308
26321,29.206945694436357
26322,27.693974685176983
26323,24.448958617687822
26324,32.270319241878326
26325,29.258992401314124
26326,27.45016343459389
26327,31.324630948500236
26328,24.076234430637687
26329,20.55867572667969
26330,20.3710914000218
26331,19.18571419434326
26332,12.613890693422793
26333,12.144332323392128
26334,20.922220859160443
26335,30.667101092765648
26336,34.79742268125485
26337,30.832634812509177
26338,31.345298729268976
26339,27.4851398581238
26340,29.473971974573622
26341,28.725429349394275
26342,18.192985403323874
26343,18.17061602646871
26344,13.40886543749522
26345,12.983105144532022
26346,12.338924471041725
26347,10.442273834019222
26348,10.738565637072949
26349,13.15769873620214
26350,29.714861100741388
26351,29.19681784340512
26352,25.59844483885879
26353,8.839524079367006
26354,13.858102038535076
26355,29.812386761774505
26356,27.031339790519112
26357,28.8093558346591
26358,28.78529963398322
26359,32.0323542329084
26360,16.331827068027547
26361,27.441660446616154
26362,30.451552783286914
26363,43.0133532587628
26364,41.32500770530269
26365,40.66776398470617
26366,50.89298508769122
26367,60.89564965985208
26368,31.642549738134207
26369,34.151533122539064
26370,50.67853411050211
26371,45.79966535882957
26372,27.703797767692905
26373,37.37122719420542
26374,37.11843662514716
26375,40.58178484508108
26376,36.25349522667369
26377,45.424223368853234
26378,36.85789159035975
26379,44.141233945976346
26380,14.258122648102319
26381,38.04285491895852
26382,27.682660058333752
26383,13.753705875553816
26384,52.03897698543315
26385,23.262864327908183
26386,29.565850706695386
26387,32.51970697087101
26388,32.61398241462449
26389,49.719204454727986
26390,34.69970941466192
26391,55.60873997545498
26392,18.953846754592146
26393,26.266927721426114
26394,15.769232799102493
26395,40.67098921979115
26396,32.12916785003728
26397,34.95411836421319
26398,33.634331587645796
26399,34.23742849992714
26400,18.324028228021895
26401,12.9659504211895
26402,20.952110199730377
26403,21.088718454134945
26404,53.56414697401825
26405,51.354864115189976
26406,52.35997966798376
26407,13.647315640702452
26408,27.86616414878887
26409,30.135980203563214
26410,31.485366752060514
26411,29.45433620593127
26412,37.97038507603022
26413,27.100150815162436
26414,43.88101593606955
26415,16.540953850496653
26416,31.33965207613568
26417,35.17300700569153
26418,34.951320624788785
26419,60.67347471422785
26420,54.66376737765918
26421,30.901060445814103
26422,32.01198180054273
26423,37.443816917959914
26424,18.397805081740287
26425,30.17437106789778
26426,30.747567824500997
26427,30.851299179155212
26428,32.37846304758566
26429,41.03744399834724
26430,57.22296944372016
26431,59.64856273614738
26432,33.12115988069641
26433,22.322610934135277
26434,32.97772967671728
26435,34.45501974460264
26436,32.23118014524035
26437,32.3439551456388
26438,46.874452261789344
26439,11.205989965653625
26440,14.083348964752055
26441,32.7818821811352
26442,34.564706125523486
26443,35.02709852395359
26444,35.30776337782969
26445,60.791939612782414
26446,50.35287458423782
26447,21.42066434330181
26448,28.731935341744432
26449,56.52197759273836
26450,62.07409028021172
26451,26.6165673014847
26452,29.718792267071834
26453,27.440776997621136
26454,31.519014853168585
26455,29.00417883095004
26456,26.411491429171583
26457,28.24363442048179
26458,26.51632834469075
26459,24.364943122991576
26460,32.033605872156166
26461,28.534340575741084
26462,24.256502039415892
26463,22.667258210642593
26464,23.26252036819264
26465,26.147763784185237
26466,27.99580546371861
26467,27.534804614883242
26468,28.234677536522646
26469,29.862173042558283
26470,29.314838094625202
26471,31.11466571211109
26472,26.986348148798946
26473,30.14156018073021
26474,22.459238770947994
26475,25.635661291645903
26476,27.143765450729283
26477,25.562237824822873
26478,29.377526983968053
26479,27.358710080595557
26480,28.528649475969928
26481,33.72611174099548
26482,26.615620876158843
26483,31.012061588159497
26484,28.339894189023468
26485,32.10637632628126
26486,25.416211948476345
26487,32.00981737364533
26488,29.31634370262116
26489,30.405717713775694
26490,28.02904876889015
26491,28.919897931912125
26492,25.105026695751157
26493,27.64133724472994
26494,25.578152476623856
26495,30.000193252789984
26496,26.218422396819804
26497,28.529858753062598
26498,30.53101118701634
26499,27.319022095840403
26500,27.82462883864971
26501,30.76826367945749
26502,28.501993927126648
26503,28.688405226463672
26504,25.762917443992404
26505,25.66702082585664
26506,26.89137011804314
26507,13.788845780977084
26508,24.819093573208576
26509,27.943076212302714
26510,30.210906263194246
26511,24.46314222482529
26512,33.051778425722766
26513,11.637524070931438
26514,25.412044615655915
26515,24.356049728596258
26516,28.630049878343733
26517,28.256274550312902
26518,30.526608514370807
26519,23.51403176315669
26520,28.668357556900432
26521,26.99965182895182
26522,26.093690773803118
26523,26.43608889544945
26524,25.580740093072016
26525,26.408809852616265
26526,31.985279931170098
26527,28.5945867112488
26528,31.778088383238575
26529,34.66230175346213
26530,28.269474041017297
26531,23.368545026099195
26532,30.88530840828986
26533,25.35762324730392
26534,27.60877450416818
26535,26.158354815207815
26536,27.305459105539654
26537,31.013179785969825
26538,27.486163654542793
26539,27.930609367622573
26540,24.822434073400895
26541,31.460408963867394
26542,27.32519879915612
26543,26.757970485981033
26544,28.083155971183274
26545,31.177223684193578
26546,28.549648438895048
26547,29.004669209327766
26548,29.471901187492563
26549,26.300388004684194
26550,26.49040211219264
26551,35.197791513456295
26552,24.42797149330661
26553,31.720809412072
26554,23.317395548607948
26555,26.20749312253937
26556,65.00843246426257
26557,27.934381527024684
26558,13.859877164644015
26559,26.12353824967292
26560,25.205104522462065
26561,26.95821125053604
26562,22.521966889631983
26563,28.24023345991887
26564,29.02464577067093
26565,29.3698499539326
26566,22.21035028538372
26567,19.90482260396222
26568,36.81490867220957
26569,30.25048079833453
26570,24.06265831211106
26571,40.094785554050304
26572,7.783978312358791
26573,8.154966937175665
26574,26.482026590212207
26575,10.101854320669432
26576,22.665422348973113
26577,25.622036588245557
26578,14.065069976043443
26579,28.154431150211416
26580,35.87713113775846
26581,31.909439273933593
26582,27.873282209581575
26583,31.512776625537825
26584,27.39839081339811
26585,32.35926548736366
26586,30.340944087973817
26587,41.49093952732405
26588,27.69817894279997
26589,26.901569335426508
26590,20.324317845139166
26591,29.038214004315215
26592,26.357446813701394
26593,43.94247712965525
26594,24.179167414080915
26595,70.10978636305346
26596,44.82234070453386
26597,25.037207885370243
26598,50.319446952481485
26599,23.387586663677993
26600,55.74370675256017
26601,70.61433851648485
26602,35.49358073580802
26603,26.35055087364549
26604,24.6212589915625
26605,25.681215478696355
26606,43.051122741946486
26607,46.036980051579356
26608,36.893528049393694
26609,29.400302247877434
26610,35.12129269743357
26611,57.13683570807359
26612,30.692152305576492
26613,46.45957249903029
26614,59.53302539067127
26615,53.00984458802137
26616,29.838751577389033
26617,50.25606428888768
26618,53.67531483412121
26619,37.31993507089979
26620,38.83062502465778
26621,32.64709862490196
26622,25.43829681239214
26623,27.763131696296213
26624,38.82048927979408
26625,27.030404216025836
26626,52.1557650106502
26627,22.631430096984303
26628,27.739543979261477
26629,19.6029478396076
26630,46.86414376048851
26631,37.75349877571468
26632,23.659378445959284
26633,23.774911941157377
26634,25.61419399543799
26635,31.073047848876307
26636,13.289002251866084
26637,19.835142144765577
26638,15.165261959952137
26639,32.556631075755035
26640,40.2891080044084
26641,14.354663688042216
26642,18.045069878640987
26643,43.35467865552237
26644,24.291763516532598
26645,24.135507111304488
26646,25.44600842429299
26647,39.596695605405095
26648,30.35841723435955
26649,23.94047953823862
26650,55.12050219048409
26651,26.21993338525774
26652,34.303001363668706
26653,39.83735412037627
26654,31.173643665717243
26655,22.458589697091675
26656,24.310373706709704
26657,28.98285335926775
26658,38.60679708479758
26659,26.51523123074547
26660,40.47305577777558
26661,24.061494111176657
26662,15.804043996745932
26663,33.15693253462082
26664,29.177948317042762
26665,15.30918795992265
26666,26.147709017116483
26667,35.013444197388864
26668,33.87339799980052
26669,30.601214013691028
26670,24.854108456941074
26671,10.770987002931445
26672,29.591911700053565
26673,32.595357520796036
26674,15.640234418496576
26675,26.20908960710726
26676,42.20496190121897
26677,40.21649188194024
26678,32.031402120554276
26679,29.340944894324856
26680,27.87700959951708
26681,30.80764034767389
26682,26.888986936802837
26683,27.607470843099982
26684,14.557411428751852
26685,29.57453393727009
26686,25.715218268281575
26687,45.04680391340972
26688,32.354904837644696
26689,37.41715962469809
26690,33.98909983121894
26691,29.854468319672804
26692,27.792079762344898
26693,30.989963120765893
26694,31.16848969180559
26695,10.924573286014304
26696,38.49464205592053
26697,45.1500450600398
26698,29.91660953392568
26699,29.125941458881208
26700,28.39148564901938
26701,50.00184232906044
26702,32.25690571959184
26703,37.455749144489246
26704,29.665441594410083
26705,33.22646092348002
26706,50.0388933413132
26707,34.55919254453892
26708,37.47083473390705
26709,40.33186664821845
26710,22.45976018652419
26711,33.24345956454653
26712,31.66077070809051
26713,13.062371768850383
26714,26.659451267395085
26715,59.25273722586073
26716,37.72580071500906
26717,32.838130460914485
26718,34.39175702058915
26719,32.84069522161101
26720,34.93685482200094
26721,31.379882733210138
26722,27.6271012941624
26723,31.032793843375828
26724,31.675154171721566
26725,38.38514510329239
26726,36.79210599212269
26727,31.332024923992293
26728,36.02106575359135
26729,37.174031642467384
26730,33.46175396480675
26731,33.475650699862456
26732,49.793778291224086
26733,29.24439303115677
26734,28.43827998761534
26735,41.15577417217861
26736,33.70159273218198
26737,32.73777422324848
26738,35.83901854505828
26739,28.57406955555941
26740,37.96112852382419
26741,34.02926445621989
26742,30.590195251853586
26743,27.237601416896965
26744,27.381901914322242
26745,39.87585531193029
26746,28.195419957632403
26747,28.76701978131186
26748,32.442895113001676
26749,45.13927050293118
26750,28.691683547448484
26751,38.39179828924613
26752,38.505479274423
26753,50.45218117300413
26754,40.15761626914029
26755,28.35380346834954
26756,37.97680692679384
26757,29.744195594409746
26758,22.104932244654815
26759,32.15755597729604
26760,30.812939966424167
26761,36.61472125850465
26762,35.82728787340203
26763,31.621292856628955
26764,44.37175592795078
26765,37.79431473766065
26766,31.86918640543435
26767,30.99575238785588
26768,28.125045546557118
26769,36.80303188136426
26770,33.869499831392616
26771,44.26519104905124
26772,41.34662474641601
26773,49.413015504444374
26774,29.184090444934398
26775,28.201963404492595
26776,52.21322260491708
26777,27.725981530232787
26778,44.827377612594596
26779,36.80611779852052
26780,28.669613749601254
26781,30.783121103925808
26782,54.03163002504215
26783,27.87178349467837
26784,33.855181163999404
26785,31.448763505701045
26786,25.929930068614034
26787,29.266424317461663
26788,32.477984995524224
26789,30.323060897521913
26790,21.65590223372178
26791,23.05700205015659
26792,36.94012546414965
26793,24.182369648901396
26794,33.074915279187756
26795,32.76325496019959
26796,40.89728327135722
26797,29.913379252182906
26798,35.840798975623485
26799,38.26471053015455
26800,37.053803381271415
26801,33.993051501907686
26802,27.132263025911485
26803,29.202961879194433
26804,38.660232790749646
26805,48.729022017020185
26806,38.63612017423478
26807,41.949148271861134
26808,35.920351977283346
26809,26.091605349497755
26810,33.93830137082066
26811,35.46597465993404
26812,43.695289639357206
26813,35.12024120188953
26814,37.5574006187767
26815,47.08508825717412
26816,35.32242230690251
26817,56.66588863211919
26818,36.47070194053425
26819,31.074006738870622
26820,29.10368647152292
26821,23.70658237504232
26822,33.74808907923391
26823,30.818612259896597
26824,51.01509602693535
26825,20.831529116573964
26826,27.036885052653524
26827,59.07885271989767
26828,37.49361237861456
26829,34.65084975328346
26830,27.41994359935186
26831,46.86678429953371
26832,29.675738569703284
26833,34.05904167636816
26834,28.89070040678807
26835,27.527959416371402
26836,35.77749930478066
26837,63.51143280001378
26838,45.37796802007559
26839,20.22032317441152
26840,30.035793529445726
26841,41.63669311415722
26842,39.856483159287855
26843,31.293365040127597
26844,31.176319397379835
26845,24.688734231509258
26846,33.405232115362566
26847,21.795505287498475
26848,35.45550215215964
26849,38.40880502328141
26850,37.41452924602405
26851,24.885465238042542
26852,40.60273919538181
26853,55.39914957051357
26854,58.77555354016063
26855,43.52167735873341
26856,47.77062812608707
26857,57.584543239261066
26858,33.44868657411381
26859,56.73147727088613
26860,45.210697655591225
26861,33.961426127828474
26862,48.01817366732655
26863,29.39513504463035
26864,31.354047689985187
26865,33.78114828046712
26866,34.82240580202103
26867,48.25780229614512
26868,49.179182545388194
26869,39.583833050263316
26870,37.3159558618409
26871,47.67750645652323
26872,61.11070322699665
26873,27.17547511593102
26874,36.038010749591805
26875,35.7613511648889
26876,35.572343201464825
26877,43.01279850899051
26878,61.924991814110314
26879,31.82519250631799
26880,50.321841143832856
26881,38.467171250601204
26882,44.51571207482028
26883,36.181929192597266
26884,46.69168259040328
26885,35.47932381714196
26886,33.387811902661774
26887,46.29228995500052
26888,54.963142938171735
26889,35.21781115152782
26890,42.23503504499298
26891,47.17537141323461
26892,54.442495597703946
26893,29.239124374905245
26894,33.02805148092131
26895,52.097612100179184
26896,34.71432293009159
26897,52.758029658124684
26898,37.325177657620756
26899,53.01712323273078
26900,40.531121962374975
26901,35.78670825193564
26902,54.87375040087687
26903,34.68104769638965
26904,31.9461871089686
26905,38.57012340531474
26906,50.47912439004058
26907,36.81040005425551
26908,39.28442969186751
26909,33.003472391889055
26910,36.02141347458674
26911,42.64303558412927
26912,37.147170141607226
26913,37.43690287632356
26914,50.55047887632743
26915,33.89958122125109
26916,35.91786916737207
26917,63.8975590144949
26918,37.373954532444216
26919,34.3610693363186
26920,36.16920990220194
26921,46.09324572846309
26922,30.162619169322603
26923,46.99893554097454
26924,32.994771193661315
26925,33.575583833394255
26926,45.13544471770216
26927,33.21311355858607
26928,35.88811833150216
26929,32.88939097754553
26930,32.6472530935356
26931,31.644980204892917
26932,36.64678654486528
26933,40.01758537923438
26934,33.519610307992814
26935,33.26114641227934
26936,45.76691603939359
26937,49.51674032068077
26938,33.582329123096585
26939,28.966233879771274
26940,34.49489988600264
26941,36.80204533490073
26942,22.16190893739323
26943,35.31407616138137
26944,39.55522026396602
26945,42.84980232928714
26946,44.77093978135167
26947,31.67942594312691
26948,32.21285095739795
26949,31.551747670370382
26950,38.824646462648104
26951,30.571560010566074
26952,31.362290685052713
26953,35.0873284832842
26954,43.81983593746487
26955,34.00645878655288
26956,35.80267449588803
26957,32.27699333408542
26958,47.77462656874911
26959,28.27173535076868
26960,40.14599273096087
26961,29.84443233332307
26962,34.80746343461079
26963,31.51074455326345
26964,36.067766043282575
26965,34.63370736748433
26966,31.840267575579404
26967,35.408622614926436
26968,33.00958294764731
26969,35.60474308861925
26970,30.641135096081342
26971,29.041606033969522
26972,37.049800447809126
26973,52.3434923412255
26974,49.2610029346138
26975,29.80305083399722
26976,30.815723753626102
26977,34.47556565331713
26978,55.03985437587379
26979,31.681535485105528
26980,30.73548008537219
26981,28.201668399012135
26982,34.920771999892544
26983,37.82326719206085
26984,31.824704805682472
26985,38.67616535051738
26986,34.091239080076406
26987,32.60757512407051
26988,34.22438000163118
26989,30.24873330985544
26990,41.04411826340363
26991,33.5969482809655
26992,38.55847455396447
26993,31.34226267466765
26994,28.743485650630483
26995,33.37780768173553
26996,37.00185706945372
26997,34.51976464082354
26998,34.4324729700865
26999,31.985835352223695
27000,37.56291951623029
27001,30.554391076052326
27002,35.811218770155946
27003,34.02061917117653
27004,32.36144060818664
27005,33.91169074711214
27006,32.6891259538512
27007,26.70476904073474
27008,30.765808181179047
27009,30.612610962087864
27010,26.367084031189464
27011,33.984661430654505
27012,40.08581093904242
27013,31.63027758227493
27014,29.707531407711016
27015,31.793287113020313
27016,28.204749535169874
27017,36.819542895376834
27018,30.83573103064218
27019,37.039839649235375
27020,33.789158288314184
27021,31.58828690273929
27022,33.254659957564435
27023,32.996618561784864
27024,29.94890427454291
27025,30.627685726005062
27026,29.570164381243956
27027,33.317633310393106
27028,34.30632850314244
27029,28.66628101768655
27030,33.27925597073984
27031,29.138229158134024
27032,21.71663262115157
27033,54.46591383702912
27034,34.94254953688729
27035,40.3100787958997
27036,30.6538240590182
27037,36.592944760418476
27038,34.3249829641855
27039,41.52653402295838
27040,36.07081285961711
27041,33.78692362443998
27042,33.03870911583134
27043,23.378078646976654
27044,31.681338202335304
27045,33.250595838069735
27046,37.04427079060239
27047,36.58638943077074
27048,37.51678249305588
27049,32.223164940353215
27050,38.40168176885657
27051,27.57496055896656
27052,35.27960707688478
27053,51.72098094586764
27054,24.362911415805797
27055,30.65581139146252
27056,38.99356522792564
27057,32.99667990191289
27058,22.49813124848673
27059,42.20425533547862
27060,33.297461163653196
27061,32.09942059065266
27062,25.23280145211195
27063,34.11956790919275
27064,37.09055472041627
27065,35.718852497291316
27066,25.674972507364878
27067,34.55442681353187
27068,36.64018746205435
27069,32.9592701195291
27070,34.37672394440442
27071,26.451870711351674
27072,37.05939110973747
27073,36.97026715080844
27074,37.02962155341981
27075,32.602159232848244
27076,25.271768274575216
27077,30.606719714033147
27078,33.490876879302085
27079,36.75368262361522
27080,28.18759107574281
27081,44.173821226911436
27082,31.74279253006764
27083,39.61490557168084
27084,32.62036532682058
27085,34.82667597096452
27086,35.68208848025769
27087,37.3315128440999
27088,35.07072874311638
27089,27.229249200402208
27090,29.722147960889075
27091,33.20786681708787
27092,32.615591583468316
27093,34.64862760383097
27094,37.374434474316125
27095,34.15333738253602
27096,33.31384749325146
27097,30.354764391210594
27098,35.033314138452916
27099,39.92613730903363
27100,36.50456222180884
27101,34.00411944782027
27102,33.74093288540618
27103,27.448721793627215
27104,32.50611893757142
27105,33.47829061729393
27106,28.701883617618833
27107,37.82646175110286
27108,33.538388968332896
27109,30.58838554959886
27110,39.06835660406744
27111,33.31529276728236
27112,39.087842656669054
27113,32.583107714170225
27114,34.880970479215264
27115,32.0172037331582
27116,31.95614678789287
27117,30.172301325847044
27118,34.26035147310127
27119,31.62073963033346
27120,34.25095665377643
27121,41.121170858507284
27122,33.94410766067485
27123,26.782816972169343
27124,26.854673220373115
27125,25.572887939868195
27126,31.699190475418966
27127,32.24350705973465
27128,37.13752801863939
27129,30.276704685471117
27130,32.946332878212786
27131,38.4154312028329
27132,31.057738296292364
27133,27.61805685250102
27134,36.580988057518574
27135,35.5100999796904
27136,31.87742462543681
27137,32.59796314285083
27138,24.96370687333279
27139,34.051404569685296
27140,33.580279552469555
27141,32.49740563612586
27142,26.973101579461144
27143,38.063522795759994
27144,37.22250958797609
27145,26.11410960552579
27146,27.326948419411025
27147,33.2517011923538
27148,20.989253819832093
27149,37.478803542217285
27150,29.39559100712701
27151,25.44064200388903
27152,28.243240067441683
27153,24.64436524995532
27154,30.935215806147298
27155,39.06052673699697
27156,32.741932761996964
27157,36.757204141631796
27158,29.739104085611288
27159,35.79676907097217
27160,31.783784304248755
27161,28.202255869747276
27162,33.643859265958355
27163,33.18051197957577
27164,34.63439535447233
27165,30.668960707444995
27166,38.71110504278027
27167,27.348656290429076
27168,29.537110092313178
27169,33.53822295303599
27170,35.75023256887792
27171,31.747124847459276
27172,25.271453550367845
27173,30.709795913038377
27174,35.65161142929732
27175,29.507258745634985
27176,79.4687156384206
27177,24.380306833904
27178,27.886604273834067
27179,32.822857569398856
27180,29.6884435046615
27181,29.84082708472293
27182,29.172466337989306
27183,25.81627779358721
27184,31.441766953811126
27185,36.8854181240971
27186,30.04853824007779
27187,36.681074687849765
27188,34.45833686882926
27189,30.949356533088448
27190,27.209034375928404
27191,38.213039288951514
27192,34.83001857631903
27193,23.98017886492229
27194,45.12340949615904
27195,31.822111446586284
27196,34.07142507172539
27197,19.66012659341714
27198,38.773122283870855
27199,38.962512802953384
27200,31.29802295388135
27201,25.145047976277592
27202,27.10489857845704
27203,29.09072376673909
27204,29.165842513571512
27205,31.626091813203487
27206,28.331243628408558
27207,31.323626381864237
27208,30.42902124505884
27209,28.476879719437548
27210,29.390633986067954
27211,32.65479862185386
27212,30.41836222902362
27213,27.97540774406005
27214,27.506452918782365
27215,30.742396655341985
27216,47.198760018459964
27217,61.443507065072566
27218,33.48966144887733
27219,56.48316801556312
27220,50.20936219201979
27221,32.851372032958565
27222,37.50283146557575
27223,59.15849308558856
27224,54.97696142719961
27225,32.9311621802806
27226,48.90085305871907
27227,32.052924578119715
27228,33.78114828046712
27229,36.10210148764223
27230,49.38150865843038
27231,77.40203949150327
27232,29.964307081694457
27233,36.336809549897225
27234,36.2453220175599
27235,53.71113839901108
27236,30.59794069258379
27237,46.95735826501715
27238,29.84956778045374
27239,40.58403274382817
27240,41.685930433856434
27241,33.095029688696
27242,40.85905109106379
27243,44.563109494109646
27244,31.005465269479608
27245,23.79580799155582
27246,45.37963453740585
27247,35.883073970011885
27248,72.23982148595863
27249,31.315384578268606
27250,43.55966357658232
27251,32.77003897814302
27252,55.13408178168664
27253,33.478130117548986
27254,35.42825233512858
27255,35.257549655862086
27256,48.04452523974325
27257,38.19360752516544
27258,52.68213501516557
27259,37.375340003530255
27260,40.6663793525038
27261,58.74639149948017
27262,46.60218441470425
27263,40.28142479287841
27264,35.63087185594511
27265,38.231432013815194
27266,35.185575970961544
27267,51.49811194709283
27268,37.99076548349502
27269,56.42711230140172
27270,38.68636705970491
27271,30.991935762602303
27272,38.59378090573676
27273,34.22066489397359
27274,33.20204980044394
27275,32.66708907430052
27276,35.762369412315536
27277,21.376185417657503
27278,22.31652266569322
27279,34.73367105221944
27280,24.086337646087408
27281,36.12396298696534
27282,28.722263177122898
27283,38.407404566655494
27284,37.10667844236055
27285,33.61190938924245
27286,31.674121108277987
27287,31.825233659976846
27288,20.631778148492266
27289,42.24749438999272
27290,33.64717781476592
27291,28.2025055325609
27292,35.28722990549818
27293,35.58462594932642
27294,33.06592730353116
27295,25.391072219418405
27296,26.670301756949833
27297,30.154188445819322
27298,36.03791483587836
27299,38.839665587311785
27300,18.85117787946028
27301,36.015028930011304
27302,30.553704820626933
27303,36.269448729505335
27304,25.284983926461095
27305,24.892546776603467
27306,36.69522915993473
27307,34.62626183957555
27308,41.6268061048829
27309,25.72912530521463
27310,34.909017763346995
27311,52.00573743771835
27312,40.068957355322766
27313,42.40191772025655
27314,24.00481025345745
27315,32.85257808286201
27316,36.86573683286249
27317,26.566634794142963
27318,33.937149657175354
27319,40.31401986125634
27320,41.961688748198966
27321,34.65068127626494
27322,36.321530938116084
27323,37.046724459948756
27324,37.25637393111025
27325,35.67196262702328
27326,37.85352232370345
27327,36.14895432843099
27328,37.8243568415387
27329,38.570171965576755
27330,35.111023006784556
27331,39.75099768565982
27332,35.73853655696589
27333,38.670065774997774
27334,32.16335699129778
27335,32.129720361811465
27336,29.714634957434093
27337,31.925873303011905
27338,31.58761884288966
27339,21.70427824295667
27340,28.091239619695365
27341,28.591448418138057
27342,30.367889174721668
27343,31.849775519150015
27344,38.07559788253642
27345,22.74428715550549
27346,33.1828691313146
27347,23.590696392027183
27348,24.37850286209384
27349,34.63083225467663
27350,39.457306870160345
27351,36.12897669044627
27352,25.926169020764362
27353,28.51323484157983
27354,30.04717944973487
27355,25.240644776261576
27356,49.43089567620352
27357,37.04583799169048
27358,35.17754607220931
27359,34.27588921946615
27360,23.037448364997
27361,36.79108746678133
27362,33.564644706986094
27363,29.319538979327312
27364,33.37481257422855
27365,34.61774049536498
27366,30.884756234763202
27367,27.889128824956934
27368,25.959139649452815
27369,29.74719340086557
27370,35.06204014623888
27371,33.068788992157714
27372,27.21967360665839
27373,26.892434376154227
27374,34.4496363247805
27375,25.009302254885398
27376,31.529229793619784
27377,27.27814121799218
27378,26.386569849174215
27379,24.699263843899484
27380,27.174678190508693
27381,36.64234732497865
27382,29.216876724034307
27383,29.521385282824383
27384,38.991046118740286
27385,40.04262578222587
27386,34.696848192819
27387,25.80515730055344
27388,30.133818817932216
27389,37.448387754334476
27390,35.7103920873583
27391,35.40154887925685
27392,27.297677746068878
27393,30.232709630506243
27394,26.551315124692756
27395,40.00997190762591
27396,34.29236890442968
27397,32.40915557521475
27398,24.159019816986664
27399,21.851541536401335
27400,27.02492578494857
27401,27.796846149690083
27402,23.41373323522478
27403,34.445250359605396
27404,25.691616834051587
27405,25.0937604847789
27406,28.900358404307624
27407,38.92779012818968
27408,32.82149607452861
27409,20.656613845446305
27410,27.362323817565922
27411,34.76001352139827
27412,39.63464129980941
27413,32.88757176206787
27414,36.40715431822779
27415,31.43238209076094
27416,32.972389083024986
27417,31.747609095420266
27418,32.08607528562835
27419,44.8255503924637
27420,31.423367714023875
27421,32.90891533183093
27422,28.071198621043756
27423,35.653586645065204
27424,33.808117865235246
27425,35.7103920873583
27426,35.797377782367164
27427,32.77758604258322
27428,29.956920817206665
27429,33.39946309663386
27430,23.629096782186956
27431,32.16329205835718
27432,34.81417775651805
27433,31.496707714702083
27434,29.999384655706514
27435,33.23685462644463
27436,34.09525656954684
27437,32.971167474276086
27438,29.70372851177052
27439,35.393499662284064
27440,29.10907971051192
27441,31.261713120941522
27442,32.75289352426962
27443,36.63302084338829
27444,27.396607116021542
27445,31.58761884288966
27446,23.960977926361966
27447,28.173023415817298
27448,33.91984403467953
27449,27.867298650677213
27450,23.90805179168445
27451,26.192227217748332
27452,29.619950328793223
27453,23.315772908092022
27454,36.9780687334982
27455,24.543604318090907
27456,30.766122175188464
27457,30.477522215918334
27458,28.710076099989656
27459,27.131904081191863
27460,25.209396078061452
27461,25.772229771456594
27462,29.248053992304612
27463,27.616753204060345
27464,27.0444447126646
27465,29.72798963300376
27466,24.85286133348491
27467,22.713706631246318
27468,28.913410333660664
27469,36.25235388843012
27470,22.296781468816818
27471,27.26511823050204
27472,19.10976694198167
27473,24.02159173692444
27474,29.295244984731738
27475,27.747627338305186
27476,24.598034372984806
27477,18.9766177834365
27478,32.06753220069828
27479,57.87877264161765
27480,31.809052724382106
27481,42.07755342737548
27482,29.7742274304234
27483,34.83193423654948
27484,33.460383103447796
27485,34.58869893566827
27486,32.171396925250725
27487,29.659569159982347
27488,33.52225933961376
27489,36.43658070461514
27490,34.37332222046002
27491,34.87939576001281
27492,31.018495472998353
27493,35.16801545816009
27494,37.00859042894158
27495,33.53005373181891
27496,29.98512727278569
27497,34.755920543269745
27498,34.25857967618274
27499,32.90993338816452
27500,31.74871391368206
27501,35.290359518319974
27502,37.58615254460354
27503,35.719090444321715
27504,28.833212742645927
27505,33.15676677672396
27506,29.325721685945993
27507,35.01212028274543
27508,28.380296344742327
27509,35.745078482951406
27510,35.133216373132996
27511,31.01577351828451
27512,37.84334149237794
27513,29.527011127816586
27514,32.20680425801393
27515,31.78935102448561
27516,31.623000282057156
27517,29.383789504536217
27518,32.14255174710514
27519,28.39176214007417
27520,30.005572666957228
27521,31.837530481674108
27522,33.61499507719588
27523,34.33202742577687
27524,32.00831358037903
27525,29.4092088759199
27526,30.088263906710843
27527,53.84685007344247
27528,39.585548930684865
27529,46.3128374895284
27530,34.17029021937374
27531,44.322223692310324
27532,34.60228261462161
27533,35.047281318592276
27534,31.970363025700642
27535,40.89062177262023
27536,32.98169669132587
27537,31.351558709083932
27538,33.52892045415475
27539,35.24676597389839
27540,33.76305524234952
27541,33.90435502717453
27542,28.30859998172133
27543,33.86832429485991
27544,34.65185159898255
27545,37.467971163198605
27546,34.27706878304296
27547,39.978970220069456
27548,59.817060602521636
27549,42.34456190271833
27550,38.38462691590339
27551,38.44199432636134
27552,56.410027577852475
27553,35.44291013043157
27554,34.06346726140683
27555,41.57762210346683
27556,58.37061182417865
27557,64.50931078571367
27558,52.022026404934415
27559,49.509211009870015
27560,64.92513287106928
27561,26.079325709315455
27562,67.14982742615918
27563,53.47680651887117
27564,35.13060578412086
27565,42.16701422374221
27566,63.99412260629913
27567,37.23693705105108
27568,40.87096248367737
27569,25.159793096322627
27570,26.357842419439855
27571,68.32668443270583
27572,53.08430125550586
27573,63.68600289499392
27574,34.50187301107701
27575,40.48414579407595
27576,38.362574269370036
27577,53.91083790768266
27578,58.52896969603029
27579,36.782421009015245
27580,66.61161717587363
27581,60.795842813646914
27582,45.43599838844914
27583,36.02612038710363
27584,38.68196600619623
27585,66.57746724354953
27586,64.06044363317577
27587,40.43432306860115
27588,53.95668193477021
27589,30.528991442125218
27590,50.744635819761
27591,26.524766701701466
27592,61.06839374843426
27593,68.1533794418853
27594,33.82752613960486
27595,51.324308113139864
27596,41.339079706796056
27597,75.1045671141868
27598,47.484980614326716
27599,35.76168093243814
27600,46.04550053666139
27601,48.1754696916356
27602,45.3630675268041
27603,56.756304237390815
27604,42.07657770387253
27605,38.71685238622186
27606,75.4921023651658
27607,35.1696277174394
27608,37.24661510392472
27609,34.69241785999275
27610,35.684617439856254
27611,43.936868996159006
27612,30.47917788704568
27613,58.33215693754228
27614,47.46380435590429
27615,31.794439773620404
27616,37.65224683365813
27617,33.49770483160276
27618,58.59883786727109
27619,33.52225660344683
27620,46.85684188264012
27621,31.058691729128242
27622,56.50824074303456
27623,44.59417316730466
27624,36.99791781747947
27625,55.99749311356602
27626,43.96020497773332
27627,43.30521217135528
27628,41.959237522432566
27629,43.0671546433939
27630,39.01580306558248
27631,38.98231392214482
27632,57.75927086796215
27633,41.40626871844775
27634,41.80584120675785
27635,35.533682449737384
27636,54.02561272109258
27637,39.86994077580863
27638,41.33721001560789
27639,33.67747106409356
27640,33.01303439646499
27641,65.60191333186127
27642,31.32273690651388
27643,41.900919604230616
27644,46.15708333477418
27645,32.5272757880209
27646,33.29803478377694
27647,40.598729236958036
27648,29.62250515810061
27649,42.29067424654896
27650,17.884322379647898
27651,30.980149868341
27652,23.70154678219157
27653,35.5090413574414
27654,33.830350463550786
27655,36.39198202697005
27656,35.02155461180516
27657,35.35442911693916
27658,35.223866851425804
27659,23.42854987032468
27660,28.71815903790621
27661,25.679942101959497
27662,34.27690252047647
27663,33.48900409727793
27664,24.50362809645031
27665,28.192221603278092
27666,30.403010593127632
27667,23.291283239894028
27668,21.912992087949217
27669,35.85467533072559
27670,33.356873225352864
27671,39.23215606860705
27672,26.105760540824278
27673,22.27562979189723
27674,20.877474119421876
27675,28.695201184548125
27676,24.046153742119824
27677,36.269453675119436
27678,19.195325960814507
27679,25.13959865944028
27680,30.5380270556387
27681,22.544883740900588
27682,50.50455253884377
27683,34.70177930089755
27684,21.26976013542265
27685,28.5091184520685
27686,27.607248900725644
27687,37.72973596287631
27688,33.629350538745165
27689,36.99069239678686
27690,28.444762744264274
27691,31.220003119699996
27692,17.61368051849798
27693,33.7253096899115
27694,13.685312743216429
27695,26.8238135570952
27696,39.4347411173446
27697,26.093653128412313
27698,27.96402831227931
27699,57.584821284505374
27700,22.74927710459125
27701,23.527695173241717
27702,34.31586705063261
27703,28.426733074200513
27704,26.377830973958353
27705,24.085123963893572
27706,25.556073100310307
27707,25.863853900555696
27708,10.966687915459179
27709,25.717345364591715
27710,23.762012738649826
27711,35.56786196998328
27712,39.22054989144957
27713,35.4421206406319
27714,40.136163317984106
27715,26.19614594622071
27716,25.988370731431296
27717,24.577690321309646
27718,27.505160143073724
27719,29.112275024795046
27720,26.318984038215874
27721,64.32655688800003
27722,25.0616092273659
27723,28.095455434270242
27724,34.20166871864548
27725,34.08577896193689
27726,29.886055453382966
27727,29.17284791696234
27728,23.40796182560853
27729,44.90385454500606
27730,31.607981624603873
27731,28.57035534290472
27732,38.94761339103617
27733,34.62200774748953
27734,26.719536283127226
27735,28.543570208856387
27736,33.41086863701432
27737,26.659837022748505
27738,35.824090502861566
27739,28.86989368223965
27740,27.989411000166697
27741,28.72584431610543
27742,27.87033697806863
27743,28.718027995169223
27744,30.524989190331084
27745,38.485875282192794
27746,36.55118525999161
27747,27.91710210529608
27748,40.77458853328559
27749,39.5318568044263
27750,35.21293779471691
27751,57.0953086285635
27752,57.5549643351974
27753,52.08820244308407
27754,39.4673466878241
27755,55.00121880638122
27756,50.772495489397215
27757,36.96245009095551
27758,48.6874421427755
27759,42.08477876363432
27760,45.934663549698335
27761,35.579584988018674
27762,39.796787037691075
27763,22.387017256248523
27764,43.76060598459728
27765,42.36283227316885
27766,33.210861759320046
27767,51.39685099467436
27768,40.92254601903641
27769,36.88324467634535
27770,39.445253970367745
27771,38.69070919242428
27772,37.72332125238471
27773,44.52322816071921
27774,47.576433493710006
27775,38.10380657821596
27776,31.760577921866002
27777,37.60480863149207
27778,42.92775458364592
27779,47.14986807453729
27780,13.581755697331548
27781,45.82797383161866
27782,37.6125233829015
27783,28.47786994689539
27784,32.79022575183942
27785,34.984403454814704
27786,31.935710584632318
27787,30.379648090313125
27788,38.97124763502053
27789,41.81365575619675
27790,34.534652294261576
27791,47.21470217718337
27792,38.17702092482299
27793,39.22054989144957
27794,29.598255975560214
27795,29.767259307613287
27796,31.680832104436845
27797,42.0790210821611
27798,38.07653326965139
27799,41.60162558068384
27800,39.21296421623933
27801,54.12151946913198
27802,27.762180720450196
27803,25.674377167333013
27804,40.39805516889721
27805,30.10534038442823
27806,40.08030700816537
27807,38.330272895716355
27808,32.3331921405747
27809,32.71472723094815
27810,31.405574360386204
27811,33.71616733937664
27812,34.4029356223555
27813,32.41753242662367
27814,31.459354881265554
27815,30.26449782077316
27816,31.399111623496566
27817,31.28179600364161
27818,31.46070237798395
27819,28.504654562231792
27820,31.760208384996453
27821,32.63669537205461
27822,36.303188608171844
27823,32.64218060572479
27824,31.139826872319148
27825,29.34774344856875
27826,35.126537932715316
27827,32.86301327589348
27828,32.22025134103016
27829,33.01757570958623
27830,37.12926245010726
27831,36.0603033860476
27832,32.977827490513
27833,35.11861655675174
27834,45.87771497055143
27835,36.06829719737431
27836,33.177050336396526
27837,37.92742571831573
27838,33.008746617551466
27839,34.12575403344707
27840,33.64546354942204
27841,30.451428036216427
27842,30.080255869524578
27843,33.27231458624065
27844,33.978838110623144
27845,30.766724058806695
27846,33.74411809371958
27847,33.674392266921934
27848,37.18272594389239
27849,43.33695820539884
27850,38.55027316473341
27851,32.40355241186614
27852,30.050570935890832
27853,46.07371496234116
27854,30.622028817338972
27855,38.414925655455505
27856,35.45951813596821
27857,35.993282075638945
27858,36.209537986915784
27859,37.815537670252766
27860,39.77151765095828
27861,35.00627192927574
27862,30.217620802958976
27863,39.338572115096255
27864,28.726128004599964
27865,31.084375138640297
27866,32.17340831685454
27867,74.1761938205772
27868,44.98087158168116
27869,44.600037387282875
27870,42.8935973198207
27871,32.28887367582555
27872,37.847717222917026
27873,36.98665420822121
27874,41.077134015812504
27875,42.854077102921245
27876,22.836509564085084
27877,29.63434354137629
27878,19.427467116504754
27879,39.77711296209526
27880,35.331782713904154
27881,29.731119578562186
27882,41.73441464722814
27883,23.368076041157188
27884,18.967708045922762
27885,20.49971139359142
27886,35.0357303484502
27887,24.594142834528576
27888,26.28442115545971
27889,24.320925449333195
27890,29.856487249541594
27891,30.399875746809002
27892,19.65174990641966
27893,35.03765278313993
27894,29.634165320725153
27895,32.02283605410573
27896,24.077080763868864
27897,27.13464717089068
27898,27.078785682245723
27899,23.306919374915964
27900,35.661451637756024
27901,29.216952820400934
27902,22.699717427041914
27903,34.78072168647761
27904,28.801217615942214
27905,19.670270516759494
27906,27.446284136311945
27907,25.504818205366185
27908,22.508952726060134
27909,29.10868700594441
27910,28.183712796206635
27911,31.558805530748437
27912,20.784521187127034
27913,21.992528837141457
27914,26.903814139849217
27915,25.197252073271617
27916,27.268167229950564
27917,31.29542357758129
27918,17.220490965435197
27919,26.283423767916375
27920,30.4296564540145
27921,32.44554898053385
27922,23.034110101493116
27923,24.113517779585962
27924,28.5324367578079
27925,18.658812446877196
27926,18.709387722946673
27927,17.81059999018893
27928,24.6103119294589
27929,18.75196700087962
27930,18.37740405157396
27931,30.876225928361677
27932,25.80939882914138
27933,24.189671982927393
27934,30.22874991335381
27935,26.985424864250987
27936,24.29161120922216
27937,28.60909056857909
27938,25.521774520968314
27939,22.060358508687642
27940,43.880507417389204
27941,22.943701383735785
27942,17.559375624753628
27943,22.22370083574489
27944,24.97780774700207
27945,18.466684658108736
27946,32.02019357285321
27947,22.96826447107408
27948,26.662223701935417
27949,31.726802389035406
27950,28.013771434051556
27951,33.41094038407903
27952,42.316440680416996
27953,24.9943515809608
27954,29.501515655008482
27955,31.39037770222724
27956,17.902059968305245
27957,22.00721238640517
27958,21.761601364334815
27959,40.056254232721
27960,33.70967753644582
27961,18.37595813708198
27962,29.71998687721291
27963,27.57600447591473
27964,25.37099457571091
27965,22.68274693064957
27966,35.49806833370025
27967,46.52744141797307
27968,18.587780450610975
27969,30.979128352998416
27970,27.14826574170955
27971,15.740496633894157
27972,25.96859334442062
27973,19.873021971037122
27974,27.3298402939256
27975,23.03865414711292
27976,20.49706506637042
27977,35.627295463132306
27978,22.771261257108783
27979,26.701502123750316
27980,20.114219664581732
27981,50.91416232878492
27982,24.558580212454054
27983,31.727655557020412
27984,21.981255544814164
27985,41.12745237545916
27986,12.166856296282862
27987,22.739372500711042
27988,18.288325615297598
27989,23.504879981449193
27990,26.664909227317054
27991,22.354832499496556
27992,23.46207484075262
27993,21.682763533491688
27994,22.423503061317895
27995,22.83339985541172
27996,25.674377167333013
27997,19.01366824387708
27998,23.492811135438615
27999,17.6533884888313
28000,24.40503451001204
28001,30.947022389853203
28002,27.558520468776514
28003,21.816731207007177
28004,17.58448644336471
28005,19.86986842932482
28006,16.940815034262926
28007,22.831232543227095
28008,22.79404400798493
28009,23.12501720786586
28010,18.449309926248187
28011,21.870042538573944
28012,19.838925598721843
28013,16.34940519241655
28014,26.520135612439113
28015,35.27860469758257
28016,21.392666871666687
28017,25.018484740164403
28018,23.47842007383973
28019,27.934077494771245
28020,26.810035720954716
28021,23.98838781838427
28022,31.179912728501947
28023,18.661791420906724
28024,22.20940402503501
28025,25.80794186211025
28026,25.428451178631406
28027,20.576788800330405
28028,27.636854194784
28029,23.718800412818688
28030,23.40759127778905
28031,32.45167916587606
28032,21.920257648107004
28033,23.1543807501985
28034,24.46544652711333
28035,26.223301823048175
28036,29.806754294430085
28037,25.944290587763344
28038,37.37260450047551
28039,27.543959911577694
28040,21.812096910609792
28041,25.7847189514832
28042,28.31363610419107
28043,35.08534380975623
28044,34.01259248006142
28045,28.029518050526725
28046,24.773256017954502
28047,23.21426997447618
28048,16.5396852832825
28049,29.33396180546068
28050,32.91712027112891
28051,49.04156409129283
28052,27.408943807323155
28053,22.55980495160558
28054,36.76798807734738
28055,28.41807941803672
28056,9.113710136213218
28057,23.84184481968252
28058,36.30308614731228
28059,55.00463248990817
28060,38.085147821479055
28061,36.35431705953057
28062,44.35302842944388
28063,30.454340223522642
28064,34.665239009501555
28065,39.31095546666335
28066,37.82629224623594
28067,29.531392569291768
28068,36.954334952841705
28069,36.00145105836853
28070,39.1560652415524
28071,32.71537567886483
28072,33.249663388306
28073,51.60346969219334
28074,34.075711748045556
28075,32.740281273867545
28076,38.41703675895729
28077,33.828713946798715
28078,29.63434354137629
28079,33.2546345016275
28080,42.466981484435465
28081,46.85884061521483
28082,32.9311621802806
28083,40.846084477286
28084,39.90152019142548
28085,39.1474973603614
28086,39.68736972645994
28087,41.16978619694595
28088,38.910185091152655
28089,37.87076672633015
28090,65.32510960094267
28091,49.590798151135914
28092,30.409826792501235
28093,36.05145998360373
28094,32.77872205743786
28095,42.35628281477207
28096,36.77908287945701
28097,38.35281977721643
28098,45.26364867143978
28099,42.98575389348332
28100,36.909051406371454
28101,36.68004356208099
28102,42.7911818219421
28103,25.537073071189354
28104,31.72470218697957
28105,33.134149666558756
28106,29.433090229485565
28107,29.639239769470635
28108,26.738286192818258
28109,32.11027757036072
28110,24.898148423928376
28111,37.613480031210266
28112,27.015531176540975
28113,30.00806698944541
28114,30.991364798351064
28115,29.27483813352476
28116,26.99343676236797
28117,29.220755180383414
28118,29.215133733112104
28119,25.18846747027738
28120,28.938145043100988
28121,31.19165748261498
28122,32.40859026470119
28123,29.82988732661846
28124,31.769461985951786
28125,30.118406306869232
28126,30.296867842480637
28127,30.500127900651094
28128,27.34374939686991
28129,27.863633520580244
28130,28.20092616008784
28131,27.246917540404475
28132,30.19774349749565
28133,30.017406327032525
28134,27.161701724818087
28135,30.885677796664496
28136,30.018723786211652
28137,29.167080926665477
28138,31.209125124447034
28139,26.236716775531704
28140,27.696575168481637
28141,34.965457490381745
28142,32.80658132769903
28143,29.965457075298417
28144,28.33361519845122
28145,27.970990447239195
28146,29.70796156323614
28147,30.03599438535278
28148,27.897422849609228
28149,33.23946104025396
28150,29.406211462393834
28151,30.626912717127553
28152,32.46314112609539
28153,31.09350880520079
28154,34.551204860880475
28155,29.980065054018105
28156,29.48142925747819
28157,29.32678044446282
28158,30.155833132928514
28159,29.798689469208092
28160,27.974921709045333
28161,27.001257665192554
28162,29.497479694247616
28163,29.445730589433197
28164,30.615063056411287
28165,34.52100293370725
28166,32.75898645849156
28167,28.97298125186564
28168,27.42187689046522
28169,33.16715531714336
28170,31.19741999375271
28171,34.66541143615933
28172,33.12635247902927
28173,34.21848506913414
28174,33.349230746168274
28175,32.314732127785334
28176,33.789393369009964
28177,33.62489224078767
28178,32.43442991615509
28179,34.33784174269259
28180,29.584482635903335
28181,35.05620191874222
28182,37.21856284881048
28183,29.631992439804407
28184,33.38615438930398
28185,31.81471562624224
28186,29.041679236803454
28187,31.64263743751772
28188,29.82434106285166
28189,33.31384983883223
28190,37.57831980387192
28191,34.83531184750693
28192,30.33842347136359
28193,33.1861170420108
28194,33.3672083469657
28195,31.977016565809755
28196,30.662108040698882
28197,36.00479189097971
28198,34.81818735011035
28199,32.716131735024376
28200,33.2454946190125
28201,33.29315899569632
28202,36.601206111654214
28203,31.554701348686237
28204,25.962022315138245
28205,32.98379650187472
28206,33.31710397807907
28207,22.49034500900745
28208,43.008854319690265
28209,50.980166357051644
28210,32.73226914960507
28211,33.0780053678426
28212,42.35252337906414
28213,40.00568786469752
28214,30.895214236917106
28215,28.404120250888063
28216,29.501367821639185
28217,35.80607805004068
28218,29.342769286212757
28219,31.992647574685236
28220,25.36836668904946
28221,28.74330742300235
28222,70.98993418481092
28223,25.994298006983783
28224,39.21527662944621
28225,29.128287211148113
28226,31.692705202010984
28227,32.40141318816043
28228,37.20111239345933
28229,32.654023068720825
28230,33.69347055548869
28231,25.913839139822606
28232,22.618475888539265
28233,34.97008145563851
28234,28.522636186984798
28235,65.37175783555804
28236,27.884926470195616
28237,27.106690758709988
28238,40.05072495777905
28239,27.399265492301936
28240,34.119995659748966
28241,28.42929234194716
28242,35.88955943669422
28243,29.62462379998729
28244,28.555455822590368
28245,38.51781978744218
28246,30.695990871452082
28247,31.284539847366375
28248,40.227837008667585
28249,29.820479439233047
28250,28.636686361496388
28251,26.421910117479577
28252,40.59992953149626
28253,31.81349251916756
28254,26.827444465567517
28255,33.95058804295055
28256,35.31111842357258
28257,33.692744256280946
28258,28.531301722227226
28259,33.5095957460377
28260,35.16167789549476
28261,29.918157245035616
28262,24.810814310052326
28263,30.998458326266054
28264,32.725869987638795
28265,32.699404019668044
28266,28.920094466760006
28267,34.01098374515943
28268,34.640753469309445
28269,41.579962206332866
28270,29.598585074087673
28271,36.527562326834605
28272,34.97937833865243
28273,29.986887601774995
28274,34.189538612869406
28275,34.66993399711762
28276,32.54372601306472
28277,34.03413751485836
28278,34.63176102971649
28279,23.616026850079464
28280,33.56903392785076
28281,31.36808554711005
28282,34.81370112920259
28283,36.53568865546404
28284,32.18674738093213
28285,27.075414736743824
28286,30.091849683719992
28287,31.200023738933915
28288,25.502105323293076
28289,33.1499584026919
28290,42.50455617364466
28291,42.81641015361995
28292,34.18941637470076
28293,35.19951152571651
28294,29.87451254201823
28295,23.335771596982855
28296,34.13783758299608
28297,31.747947907533522
28298,19.94484763103303
28299,34.54033121215163
28300,35.90303834131867
28301,33.77641135198746
28302,70.98993418481092
28303,34.82240580202103
28304,29.239124374905245
28305,29.435024743083602
28306,30.25768519976478
28307,39.583833050263316
28308,36.85807361377561
28309,30.928512668480174
28310,39.80518737287207
28311,35.4586900665715
28312,36.82667262964943
28313,31.44417668996728
28314,38.77131651316614
28315,37.373954532444216
28316,26.91833800522889
28317,36.069328279357926
28318,37.136126178984526
28319,34.564138304168594
28320,24.587981455709443
28321,39.95309219977758
28322,35.047281318592276
28323,41.98181031970286
28324,39.24955618003838
28325,36.27446346501182
28326,30.97310797174029
28327,33.44866462652212
28328,38.20994723171897
28329,29.6135543570201
28330,30.96248661511541
28331,33.26026118744139
28332,32.11012269901996
28333,31.146938131406223
28334,32.497819156178736
28335,31.10979568546918
28336,33.520859401896075
28337,39.91999838305264
28338,33.341441683836315
28339,29.90430392827792
28340,38.02965946598352
28341,32.74378409134523
28342,38.28220174808389
28343,34.43467848903949
28344,33.07497377147263
28345,44.900316014635784
28346,33.368029540208305
28347,28.975014091055925
28348,30.958394779779752
28349,33.67766348682844
28350,32.86725344983947
28351,34.83746018402502
28352,32.55245326389699
28353,29.912257414735997
28354,30.801436172756844
28355,30.90978468531803
28356,42.06836366276896
28357,29.952898193755487
28358,35.35800625421472
28359,32.04954266296627
28360,29.837666476297834
28361,35.96762126815304
28362,40.52153127425698
28363,34.06273306135202
28364,37.644916067067186
28365,31.447248181094068
28366,35.05740261365839
28367,35.973859939536595
28368,36.92770685458658
28369,30.864881343501253
28370,31.428862071451654
28371,39.87158994666979
28372,33.53887327984927
28373,32.715650395794604
28374,40.242574478068185
28375,32.71121167052047
28376,41.86998545320474
28377,41.558019481874474
28378,33.012645420481824
28379,31.539434439772137
28380,34.31842660241213
28381,31.86989958459167
28382,35.23465218023828
28383,30.59282237972974
28384,23.613638262072893
28385,40.04935887283784
28386,30.941186100657085
28387,32.0891428699555
28388,29.320281284364967
28389,31.915735503271577
28390,28.04948435534616
28391,33.492132126961096
28392,36.53420601325816
28393,29.652160558021706
28394,27.378879551489263
28395,27.798154707771403
28396,27.61020982054916
28397,29.773484537832296
28398,27.776960425130284
28399,35.31576736304407
28400,34.214608498531554
28401,29.707369052698915
28402,35.37272148728904
28403,31.14159395312008
28404,23.42118416214029
28405,28.60191408427434
28406,32.92526424687073
28407,39.10498141906154
28408,27.99733962752604
28409,39.796787037691075
28410,32.47017718813059
28411,32.10970818029604
28412,25.994298006983783
28413,25.93253063109705
28414,25.995787802921285
28415,36.708096117329106
28416,25.112648171824105
28417,39.7541778347239
28418,25.544545282633997
28419,31.77908165653018
28420,34.94943611739552
28421,21.8452242850686
28422,32.59373669852619
28423,21.825018919543552
28424,25.58142131285733
28425,24.2609864392259
28426,31.88251083143102
28427,19.308079309682498
28428,27.734197282646434
28429,35.34847096466684
28430,28.192221603278092
28431,26.989024878778203
28432,26.92967103213865
28433,32.176113547776055
28434,30.491757019445146
28435,36.42282011530818
28436,36.57441152524393
28437,31.85159660227314
28438,34.56397084738851
28439,30.244772183709642
28440,36.75971410517358
28441,35.76342248161837
28442,30.51530444251729
28443,35.0357659701209
28444,31.920564253302977
28445,39.94625339030978
28446,33.99227917153067
28447,31.173962879853775
28448,32.17711666715535
28449,34.33382735109653
28450,34.51404272543938
28451,35.44407582565283
28452,32.97645252258895
28453,33.711020182221205
28454,30.701619509666692
28455,36.0656001478283
28456,34.488805927990235
28457,35.72536198675235
28458,28.900515938225027
28459,32.32999901858209
28460,31.621893008793826
28461,34.217195512305786
28462,32.404051490309385
28463,32.63847225944643
28464,32.40573165692791
28465,31.65910319958688
28466,30.21927887360244
28467,31.519049342780697
28468,35.39781095716189
28469,25.78691411675158
28470,34.290634837657805
28471,26.06240429749294
28472,32.45333768965707
28473,34.6377263820661
28474,23.601533248692647
28475,28.288465049966362
28476,19.641806368613004
28477,21.569617516435542
28478,36.24165674949115
28479,20.94223521101302
28480,33.37398228388821
28481,30.56167854548608
28482,31.7200221902185
28483,20.45352206678571
28484,24.80579475536701
28485,24.607114818671185
28486,24.601641581161076
28487,34.195874463004714
28488,24.223630442376873
28489,30.595491498022554
28490,22.836954794941065
28491,27.307355624705096
28492,24.292456646273752
28493,25.746740733718475
28494,27.638831089583164
28495,29.902147242393156
28496,38.21442212423764
28497,39.23215606860705
28498,13.685312743216429
28499,36.756085229413785
28500,35.85467533072559
28501,36.74554682144642
28502,35.223866851425804
28503,19.20786461811538
28504,34.20640019254971
28505,30.983425946392757
28506,29.886055453382966
28507,23.615455329380396
28508,31.19908253911686
28509,23.12397366668808
28510,51.93894450327609
28511,31.061159835175637
28512,26.759217897326252
28513,28.264705147032927
28514,34.36753563025648
28515,23.291283239894028
28516,30.694113618912347
28517,25.99517927255109
28518,25.869763667645394
28519,21.91350747741784
28520,21.583958432897425
28521,27.90327109110239
28522,14.48687800326265
28523,25.632202397320924
28524,37.17825735068088
28525,27.067803580533862
28526,35.429888758056514
28527,26.728214299151574
28528,52.08820244308407
28529,24.024228125959006
28530,19.15129562693452
28531,28.667028328170417
28532,37.643481273582516
28533,24.572060442936625
28534,32.10970818029604
28535,25.11981363771021
28536,29.523918904048557
28537,22.831232543227095
28538,28.528231041084737
28539,28.3020259117257
28540,30.3604437630741
28541,29.11844414118962
28542,28.18810190406093
28543,27.955893933751454
28544,34.09253644520636
28545,29.214525798495337
28546,22.60396381904537
28547,25.058670863359122
28548,19.45971705982498
28549,23.42854987032468
28550,12.166856296282862
28551,22.79404400798493
28552,26.029010421336572
28553,25.859039495821087
28554,22.032678934213923
28555,24.069895355331514
28556,31.31932137774234
28557,31.084259163384743
28558,27.734197282646434
28559,28.192221603278092
28560,31.945284138053033
28561,33.21438811457593
28562,34.72566265046918
28563,25.00104539355892
28564,27.463068281189848
28565,29.760413034244493
28566,23.727675747593167
28567,24.348420694655807
28568,26.734642318319388
28569,37.14368420977585
28570,41.028308085239004
28571,36.50124061737209
28572,68.1533794418853
28573,35.290359518319974
28574,35.133216373132996
28575,42.84980232928714
28576,46.07371496234116
28577,47.484980614326716
28578,77.42429678123285
28579,32.11728136531707
28580,45.32030373312911
28581,46.8871905542204
28582,42.32891113908528
28583,33.244053544401964
28584,50.61650082169966
28585,37.815912344687085
28586,30.765808181179047
28587,32.49993979680558
28588,33.25456629731308
28589,49.427721131861816
28590,45.73853877838135
28591,39.17348421856125
28592,39.62788666468416
28593,27.679886283704505
28594,34.698186463569016
28595,54.04249303839606
28596,43.80425610912019
28597,30.547872938651167
28598,31.75060748164099
28599,34.59514190869243
28600,32.14118015336176
28601,37.72619093188616
28602,47.421338239626216
28603,33.486453972612196
28604,34.49489988600264
28605,34.37332222046002
28606,32.966532458292626
28607,43.833154205556156
28608,35.6819934144348
28609,38.11133299979346
28610,41.326466191489736
28611,45.684622870323494
28612,39.93280328452845
28613,51.87279679056476
28614,30.080255869524578
28615,33.368112761402045
28616,35.69014568931956
28617,38.231432013815194
28618,37.375503864805374
28619,39.65748497946466
28620,79.4687156384206
28621,41.262269160593036
28622,35.475261554620154
28623,32.61624494383803
28624,55.13408178168664
28625,27.28750542037517
28626,54.87375040087687
28627,20.34835140263956
28628,65.65285224096215
28629,37.98675561344344
28630,41.15471758946207
28631,32.392779805859846
28632,34.17753305921595
28633,41.53002764400765
28634,26.73128772284163
28635,46.34511701279347
28636,36.965641577511086
28637,44.525353549423585
28638,32.756115024435786
28639,25.99004314269607
28640,34.98653711268565
28641,28.099891320699186
28642,37.6007133515901
28643,25.795871649170998
28644,37.808113768708
28645,34.613667391369475
28646,40.06911827651707
28647,26.02641843410035
28648,36.17590334399575
28649,75.4921023651658
28650,61.10072284405025
28651,63.68600289499392
28652,67.88933902362851
28653,33.69586478062187
28654,32.86301327589348
28655,38.321455688259064
28656,39.28485005005112
28657,32.35028495742247
28658,62.36821830780336
28659,62.12083189528451
28660,60.711139645856065
28661,34.68009569374782
28662,64.8159935588074
28663,34.59150788510915
28664,21.325306162903715
28665,37.24889232083558
28666,28.309982790920174
28667,30.065043012886136
28668,32.534121351021255
28669,48.63101901619276
28670,37.43690287632356
28671,27.17547511593102
28672,44.12083665848804
28673,33.961426127828474
28674,46.29228995500052
28675,32.0792848482537
28676,41.64631177960493
28677,33.02805148092131
28678,56.73147727088613
28679,38.57012340531474
28680,47.67750645652323
28681,29.803166341290662
28682,29.138831474388155
28683,30.76427186390353
28684,51.50495284879843
28685,33.64546354942204
28686,30.68534437420203
28687,33.76327903175438
28688,35.12983993563024
28689,38.38462691590339
28690,33.978838110623144
28691,32.177971607990756
28692,35.130412844654366
28693,32.04077952826374
28694,33.131498447934604
28695,31.382282649481958
28696,40.54528196606837
28697,36.27914700743057
28698,35.9570406503371
28699,33.910022424147314
28700,34.335509927118
28701,31.059136345550534
28702,41.86228111018616
28703,31.459354881265554
28704,30.733501530646592
28705,34.09714218358525
28706,35.60524183532854
28707,33.37260915944901
28708,36.4434249774383
28709,33.94301202705953
28710,38.91623376372932
28711,32.942553323003295
28712,43.88826528170662
28713,40.58705801113285
28714,56.188545499197
28715,32.92180245755673
28716,36.16495156424127
28717,34.215785949373355
28718,19.765898203025344
28719,20.15749117838111
28720,28.609485282621193
28721,30.86018286997934
28722,25.72558198514939
28723,41.95209304730972
28724,32.59373669852619
28725,39.10498141906154
28726,23.00622102636312
28727,28.695201184548125
28728,25.13959865944028
28729,36.121677875811095
28730,21.8452242850686
28731,21.10476564263006
28732,28.71815903790621
28733,27.243535219025304
28734,25.26379926896808
28735,30.553961163485333
28736,31.536562625835487
28737,27.946931951978215
28738,27.057520140579655
28739,17.6533884888313
28740,20.51049087566388
28741,23.67755069889404
28742,23.406525725884265
28743,25.053585879231676
28744,25.42978399510324
28745,23.96628538832227
28746,29.760413034244493
28747,27.866956293858976
28748,39.21296421623933
28749,25.746740733718475
28750,29.10616886154707
28751,27.927288822799042
28752,34.290634837657805
28753,26.236618103996655
28754,26.203030015908006
28755,25.505760350198727
28756,32.37758218287996
28757,30.857399075527802
28758,28.309798529969683
28759,28.738723217674035
28760,27.783411472467904
28761,27.08100353284277
28762,24.280743114537138
28763,25.58850154493373
28764,29.099985551532434
28765,23.89567754848226
28766,26.400120047680602
28767,32.57497281131356
28768,27.633228303134466
28769,24.35930438153497
28770,26.310365613803548
28771,28.821035794596668
28772,23.904979753680575
28773,26.157959781332046
28774,27.452521732478985
28775,29.65788962752177
28776,26.496414651660473
28777,30.2164483383753
28778,28.466839431914103
28779,30.868227871881217
28780,23.652221413140637
28781,25.77678472712857
28782,25.003265094569755
28783,24.147415799674736
28784,27.997587227538318
28785,24.522431622689265
28786,27.36874750300339
28787,27.665756982899843
28788,37.643481273582516
28789,28.10403069469379
28790,28.675377497441502
28791,24.676142360224347
28792,25.45906203614639
28793,25.451961984448168
28794,36.13524916912936
28795,23.422393812066613
28796,30.46877431581875
28797,34.114651873239254
28798,24.59219086435717
28799,24.647015854328117
28800,33.143234834691384
28801,24.2609864392259
28802,42.52004082446716
28803,44.52376733478063
28804,76.69815605703224
28805,83.14842941697259
28806,53.7007891354351
28807,40.86642509440172
28808,46.735857944690125
28809,64.75148204576821
28810,49.53585987867472
28811,36.3901147871815
28812,65.56792060992728
28813,81.72750095481678
28814,35.82062215425037
28815,56.42711230140172
28816,50.25847329093503
28817,58.7072263419434
28818,48.610387683287016
28819,46.85650078996338
28820,33.40426717838245
28821,40.38387627777153
28822,41.990740634233894
28823,34.96956521405571
28824,29.94890427454291
28825,53.66482267496281
28826,40.29996325952974
28827,58.49965063468949
28828,52.022026404934415
28829,29.45706783810519
28830,37.77798746358355
28831,42.8935973198207
28832,27.413126840194394
28833,55.16409108817237
28834,56.047574682025996
28835,41.38324080790156
28836,29.690777006288336
28837,47.77062812608707
28838,68.18358558124709
28839,54.05916978710302
28840,59.15849308558856
28841,42.87889088803776
28842,49.33658826860278
28843,64.92513287106928
28844,28.875149573365107
28845,34.994675952078225
28846,81.41716434203181
28847,48.76307159711338
28848,52.92293053017319
28849,53.167741473900044
28850,34.131238077201004
28851,37.4011614898977
28852,54.27499087757087
28853,53.47680651887117
28854,72.39328297916387
28855,34.813838589992756
28856,28.665630794682727
28857,32.04810567432932
28858,59.145117029231415
28859,35.23966972668753
28860,67.1486935442592
28861,36.048849238992695
28862,36.625594727723055
28863,55.22329933347541
28864,34.158345894921986
28865,32.542288165119764
28866,34.39707581330674
28867,33.24220729212064
28868,34.940403447912665
28869,33.091782352735514
28870,40.31488980622754
28871,29.80857739815879
28872,35.16064547446298
28873,28.732662303227812
28874,31.04185739620268
28875,32.37209003455512
28876,36.08218196776292
28877,38.996229981193395
28878,33.31567432496719
28879,30.152501343420262
28880,32.59165312026446
28881,42.29998346578282
28882,37.441621347028835
28883,32.989771529331904
28884,39.77340547042947
28885,30.541262944727706
28886,31.224577912860667
28887,37.06577822398144
28888,32.25370898700331
28889,36.336809549897225
28890,40.31687573665847
28891,30.418640519851365
28892,32.47698588688015
28893,34.519544302750674
28894,30.19518230411991
28895,32.853075997737115
28896,40.138389355102774
28897,34.46650324817975
28898,39.94359420209372
28899,32.87864342183387
28900,34.157211326619056
28901,40.8287103949045
28902,28.609244578235554
28903,35.70091728765644
28904,31.81495980552218
28905,37.99064258945868
28906,41.89082681705075
28907,57.55900405605425
28908,35.185575970961544
28909,39.833596878846
28910,40.167605808203845
28911,34.84226396190958
28912,42.235545279196884
28913,32.56904082351828
28914,32.052924578119715
28915,28.688185223229908
28916,36.98501159905389
28917,36.93410690625545
28918,39.33582291820343
28919,33.88488084872813
28920,31.605838345113106
28921,39.00360734613652
28922,48.59812501742504
28923,33.993841897335344
28924,38.200784385295094
28925,34.58151079940028
28926,38.675248049426784
28927,36.610399451165975
28928,38.163105182466985
28929,30.747698757870282
28930,31.514834094195507
28931,34.56652935813338
28932,37.783805508186575
28933,36.42778318109435
28934,35.111126592895786
28935,31.116660154677845
28936,34.077151103734025
28937,42.21965637811286
28938,27.334773452823086
28939,35.030919004284264
28940,33.895887365195996
28941,37.12604473398067
28942,30.721496707776538
28943,29.467371308153538
28944,31.367426479638162
28945,41.433565108737135
28946,39.962951614017065
28947,30.609790758921307
28948,34.0063663029228
28949,32.03351099056739
28950,34.23243353078237
28951,32.73680821583473
28952,35.65634919434777
28953,33.52777150982758
28954,36.94304396362296
28955,30.329228176415768
28956,31.60318955130385
28957,31.08722677393098
28958,35.949942998316274
28959,33.722141937554404
28960,40.64684794205719
28961,46.95059891026459
28962,31.618322470820537
28963,28.226126571075227
28964,43.95087582863157
28965,20.218072761565242
28966,42.16460810445278
28967,24.973026549244356
28968,46.175913959926945
28969,54.799607387829205
28970,2.4627511243417572
28971,51.49727313873602
28972,7.0383676527925765
28973,33.09610620699971
28974,23.22337298492142
28975,51.78165417783961
28976,46.24467334220851
28977,55.35224196156974
28978,29.050442399343694
28979,34.1038690699668
28980,43.31876433376991
28981,46.97858293273086
28982,27.48474299682426
28983,31.08709948629548
28984,28.81483204557759
28985,30.05863706844
28986,32.75367521991458
28987,32.004120092491064
28988,36.657729641335614
28989,32.02749762947214
28990,37.46592108560348
28991,31.754946750789294
28992,33.75209431432685
28993,30.758600613635366
28994,32.94988012248102
28995,33.79774005112408
28996,29.495776404196036
28997,39.30253967623919
28998,28.267602180426636
28999,32.31102254687446
29000,33.50386331684037
29001,32.05685042783774
29002,29.511814911443537
29003,40.571470298241294
29004,29.09102622721992
29005,28.955666338586852
29006,32.31107408529284
29007,31.757294297413083
29008,32.22956665249188
29009,28.69503195920896
29010,32.45395243989422
29011,34.01247102394441
29012,30.747508247925907
29013,28.660094484975268
29014,31.40584214913612
29015,35.51333728420315
29016,30.777717733606345
29017,30.95073557610091
29018,31.278030288490953
29019,29.121862245267366
29020,33.82071223486981
29021,31.388060583017932
29022,44.679669840443154
29023,31.59241716223007
29024,32.83542043795811
29025,32.413700240293544
29026,46.01090732387065
29027,32.15507991465884
29028,30.705480363736235
29029,37.847128729815424
29030,30.979135201067912
29031,38.66211871696186
29032,28.28325504995371
29033,24.78053999747975
29034,33.59677758115857
29035,31.145295889068784
29036,35.35202183643912
29037,36.8336845753795
29038,27.736131779589314
29039,30.085531597462364
29040,33.840888572375135
29041,27.828287157545105
29042,27.169474594407077
29043,32.71814311151217
29044,26.32883083450544
29045,31.705481322007962
29046,24.777570872192527
29047,29.65395132048741
29048,27.59380460371154
29049,29.561064582419817
29050,24.617955231353534
29051,36.50187190761164
29052,36.461097130157206
29053,26.496414651660473
29054,19.195325960814507
29055,28.69935564230189
29056,38.263027367698186
29057,29.71998687721291
29058,28.90159277392077
29059,25.001034608772265
29060,20.655116280851622
29061,34.798947009591444
29062,35.88161945324212
29063,21.022661430349615
29064,35.157630411185686
29065,23.59898918827752
29066,32.709795465365005
29067,27.461288431584435
29068,24.146401450466843
29069,19.9387006877835
29070,22.203312828536884
29071,21.34946914300312
29072,21.20526261256619
29073,21.174458054830527
29074,35.117664065297184
29075,25.67870561315521
29076,13.702094967499406
29077,19.91513303140621
29078,24.608156501949992
29079,23.27975890519778
29080,21.8452242850686
29081,33.66860935900196
29082,19.51659070339933
29083,23.707722339264393
29084,21.866540755029437
29085,26.989024878778203
29086,19.308079309682498
29087,20.518033790965806
29088,22.58727214895161
29089,22.022362613544267
29090,24.38637659032893
29091,24.697302984068433
29092,23.582560673922707
29093,37.758817756891055
29094,23.0862729787411
29095,30.299432477100453
29096,22.62000571186644
29097,29.374264419151203
29098,25.786442079818467
29099,20.877474119421876
29100,20.777352171754952
29101,21.92433862745444
29102,35.08534380975623
29103,19.442820977617473
29104,20.23904904009409
29105,21.926496841944015
29106,31.750265904078567
29107,28.127699782341836
29108,18.635198930845576
29109,29.092252784498527
29110,16.119037491046313
29111,27.937718385231726
29112,30.96348728319851
29113,35.5090413574414
29114,35.53746217446157
29115,20.174716071129286
29116,25.58142131285733
29117,22.841785972936552
29118,30.42713777952413
29119,18.753328648582606
29120,18.134205060447066
29121,20.707518427089322
29122,20.40550831684204
29123,22.56925521823012
29124,31.4538548996357
29125,22.834070203504993
29126,35.16092887686913
29127,34.05418801939182
29128,41.603791320326785
29129,32.996114314779746
29130,36.608986925854964
29131,34.23873713045495
29132,44.323663868386966
29133,35.8677798182108
29134,47.17537141323461
29135,33.05737040456863
29136,39.43868256228118
29137,35.68845495159843
29138,48.90085305871907
29139,37.307556743020044
29140,34.74471702330522
29141,41.7168322467954
29142,36.49395239767374
29143,52.097612100179184
29144,77.40203949150327
29145,49.722466475844755
29146,34.454430954819635
29147,39.31095546666335
29148,44.98087158168116
29149,41.474802554531664
29150,34.29626837033382
29151,52.99584246919541
29152,36.10772834449649
29153,37.444544512683585
29154,46.24312016096775
29155,37.79265156858994
29156,36.50215420753932
29157,38.08379963753628
29158,34.40909711920232
29159,40.501356946282456
29160,40.846084477286
29161,34.895301728944816
29162,36.33326443640378
29163,34.43255801705727
29164,55.89562699359537
29165,49.38150865843038
29166,42.09158465065413
29167,36.61264293629858
29168,43.326041803124326
29169,36.06010090117334
29170,36.28383163041528
29171,38.80614271223258
29172,40.28142479287841
29173,29.763394340633013
29174,29.964307081694457
29175,32.72472350197159
29176,34.66439038032563
29177,30.875750873979214
29178,33.05932855174643
29179,51.60346969219334
29180,40.47467544729945
29181,31.733079745595717
29182,59.362998298775324
29183,36.887806015836176
29184,30.483952151675098
29185,40.68028738323248
29186,35.06566578095949
29187,32.507758169312126
29188,30.297765587730545
29189,29.611664580325368
29190,34.998990713894884
29191,37.204258923177576
29192,37.0977665825528
29193,36.8434593887518
29194,37.20113880115398
29195,37.39738370305524
29196,28.250764774107466
29197,27.39133528082573
29198,64.32655688800003
29199,23.615263250655257
29200,27.11726625370703
29201,7.441475971818289
29202,24.795794070774086
29203,11.574490642096062
29204,22.43625159694704
29205,24.6593050993537
29206,22.738252600743046
29207,23.115442027993158
29208,28.139750846758986
29209,33.29808100098833
29210,13.052917485495392
29211,35.80502750124178
29212,23.64516940960506
29213,28.132139593840385
29214,22.623138465609856
29215,36.82738034061434
29216,34.768971883711096
29217,25.577513579846674
29218,20.6585927422212
29219,26.397819831333834
29220,25.611807176827888
29221,36.022027042623684
29222,38.83797368391018
29223,37.79046840618272
29224,32.74547048139881
29225,31.414794130548657
29226,27.69291644521772
29227,26.22331734609734
29228,31.200592438300923
29229,33.77177877879941
29230,41.76161346345906
29231,27.674664838468814
29232,31.93360736081005
29233,30.09134049950932
29234,31.747124847459276
29235,35.57030617865962
29236,35.061653715960674
29237,35.71360156792017
29238,19.709084498538775
29239,61.97318681952643
29240,22.503684265036146
29241,29.898678396886645
29242,35.31100449798454
29243,30.088228161839254
29244,20.622294295642803
29245,34.88167548556813
29246,33.5905922912995
29247,32.23268580025885
29248,33.3115706970156
29249,37.456431538488296
29250,27.141192912628476
29251,34.08399784320401
29252,17.533265799835924
29253,28.750030205895406
29254,31.230665896224806
29255,33.91501665237433
29256,32.0613202490545
29257,33.463093194854984
29258,33.572105307378166
29259,31.027825984822854
29260,29.74064128680486
29261,39.07405980206592
29262,33.24633965872235
29263,32.25370898700331
29264,35.03283989500498
29265,50.1702126528113
29266,34.555581254123474
29267,31.18844737094578
29268,36.27300032541498
29269,32.68753996976085
29270,37.34386510152093
29271,34.577273966876
29272,34.59338036334692
29273,33.013923210431685
29274,52.772052315905334
29275,38.45366319567966
29276,33.48966144887733
29277,33.31654557172188
29278,45.64655368110043
29279,44.35302842944388
29280,34.38114128463146
29281,34.55766392957882
29282,31.642220402811773
29283,38.579546992382475
29284,35.792799034772344
29285,40.10468212945886
29286,37.25983836397485
29287,37.89506227726202
29288,42.39092424348893
29289,42.48228706285005
29290,34.277131620351156
29291,51.53060716729938
29292,29.224679976433833
29293,22.594483543601132
29294,31.355394517963312
29295,53.53183438812306
29296,21.64120985872819
29297,32.03304652855222
29298,34.36753563025648
29299,27.04366793497819
29300,32.5400863892519
29301,28.309798529969683
29302,80.19420905635013
29303,39.77151765095828
29304,36.184725760603364
29305,49.46194456366917
29306,39.398520133781645
29307,54.24958651652379
29308,62.40540885360868
29309,22.31398220072118
29310,54.73844631742376
29311,27.067448542274434
29312,55.75884154240094
29313,49.804141103729975
29314,32.68946206621601
29315,32.43555307944339
29316,25.72558198514939
29317,28.852895933367044
29318,11.939994306638017
29319,13.877796730736925
29320,17.578181436411203
29321,23.226048861191963
29322,29.403105217190543
29323,30.32731328905311
29324,19.539527898288753
29325,25.15802809736977
29326,25.53038233487343
29327,30.364257372370318
29328,31.160738619760572
29329,54.31333333949176
29330,26.54626966415472
29331,26.911589808673057
29332,27.630920318713677
29333,27.649879858440997
29334,57.584821284505374
29335,35.68919297200279
29336,49.179391062743015
29337,24.14471188049218
29338,24.331704446104375
29339,27.511009797499796
29340,12.439172143946909
29341,37.320095567710275
29342,29.077821453254444
29343,25.76256109647544
29344,27.10767837481599
29345,39.77007682064017
29346,37.72332125238471
29347,35.21614861637944
29348,35.24374824181594
29349,31.75755287401678
29350,39.84269559786347
29351,26.781147300094254
29352,38.10575300460416
29353,25.90570591011363
29354,33.34728600285165
29355,30.949070309576662
29356,38.26521220940094
29357,30.711809798447582
29358,30.765163319525783
29359,28.060826348360493
29360,24.058234539253462
29361,27.049464926007218
29362,34.967521408261376
29363,26.09139635556437
29364,25.84839264298877
29365,24.428100400809498
29366,41.348172720925824
29367,26.093653128412313
29368,36.43590271858969
29369,23.1684674161259
29370,24.085123963893572
29371,27.676608888771582
29372,36.54072379791778
29373,36.719933195633416
29374,37.98174034009084
29375,26.00340841643291
29376,25.626175306335696
29377,28.77693537052545
29378,28.248556237795214
29379,27.295622498359336
29380,27.12736221376371
29381,26.384316194706038
29382,25.641592396424457
29383,24.388600848376953
29384,22.30526369475853
29385,26.77524175699348
29386,27.355759963077183
29387,25.57426130359599
29388,22.296885484873638
29389,29.19226447665234
29390,32.99035656427031
29391,22.73387445462766
29392,24.676649379578983
29393,36.39198202697005
29394,22.835606858615268
29395,28.03908109364589
29396,5.895154577323247
29397,25.11981363771021
29398,26.374228282256425
29399,32.530154096657974
29400,32.265071417177644
29401,29.32217438003925
29402,28.720723245071312
29403,22.708815802790866
29404,25.2229269238301
29405,21.693548413853105
29406,17.316982137669854
29407,25.09859849746975
29408,20.97601206115196
29409,27.94323067645111
29410,26.871010227266133
29411,20.57851849291259
29412,25.112648171824105
29413,21.424271222825016
29414,26.69070080701063
29415,22.299511616593442
29416,23.860232009487774
29417,41.1043621701357
29418,32.49623564532062
29419,50.51649197082469
29420,32.511646557287136
29421,38.98670988978774
29422,37.593166873278115
29423,38.1130214885085
29424,49.363748186546175
29425,45.501718660761625
29426,41.62794022988284
29427,30.542290831178846
29428,33.982379327083976
29429,35.88163701255475
29430,29.74874191672035
29431,39.33464520789384
29432,32.36558549508137
29433,36.73901587099969
29434,40.71658115114998
29435,32.289571715464696
29436,41.584797029269154
29437,31.660176973645648
29438,33.618404009572814
29439,40.16594690731029
29440,39.38207248209284
29441,32.979302459598415
29442,40.906501708175895
29443,39.06171937290215
29444,41.716193040422525
29445,32.88865314729946
29446,57.2367687948293
29447,33.51035707425916
29448,33.87639145402507
29449,30.748680714367765
29450,42.16577799607339
29451,30.767565103039978
29452,31.069298438308138
29453,36.88305050957099
29454,37.116496648483206
29455,30.93523565880713
29456,30.31232963783399
29457,34.606043718712066
29458,35.21026388854101
29459,31.299931448497638
29460,40.49662094692365
29461,34.094886244475504
29462,42.361386928012884
29463,36.04826167586725
29464,31.811991863069075
29465,37.856708169282165
29466,40.4330591252328
29467,41.13106132383718
29468,33.361976438098104
29469,34.42358215897175
29470,37.43043100433578
29471,34.92332164367751
29472,32.67458057225153
29473,38.91693141448662
29474,42.35919208564638
29475,50.24989629947224
29476,32.57765104352377
29477,30.875090527771917
29478,41.27947282793142
29479,41.467397318582
29480,36.864437372939406
29481,35.51663723503097
29482,32.05497656120011
29483,38.57433233926104
29484,47.28464146033053
29485,41.377507240760146
29486,33.35478098957462
29487,33.705406968321704
29488,53.9446947382088
29489,49.77148877704947
29490,33.55587834600209
29491,34.680210320607415
29492,39.93113023583867
29493,31.303421253722277
29494,33.0321362119022
29495,43.80425610912019
29496,36.0253632255511
29497,43.10248288757648
29498,62.30886026091105
29499,31.02268515077499
29500,32.832720976847824
29501,34.27121434055506
29502,39.185712263533745
29503,30.771491340438274
29504,28.702844875150788
29505,30.306911194737765
29506,29.655787494429966
29507,22.730194732113336
29508,69.94297906248434
29509,65.68651712245246
29510,26.710483030138768
29511,31.02141150525449
29512,31.283233104376983
29513,27.54748626119912
29514,26.307330712072805
29515,68.56009619595358
29516,29.077821453254444
29517,28.455772794364762
29518,33.05880267376989
29519,32.945185450054424
29520,21.633442428942693
29521,17.077709210258558
29522,39.865717091965536
29523,38.23883394048016
29524,49.836159713855594
29525,36.36917580924055
29526,30.935906643153047
29527,29.83644255568852
29528,27.78445870886047
29529,23.559774179344714
29530,27.00047774350506
29531,34.75737634777301
29532,26.65703831987092
29533,36.426036852499905
29534,38.39662200236541
29535,38.339931685199986
29536,61.93357990704247
29537,29.191014351803332
29538,28.656320437123107
29539,29.722876510571098
29540,31.573450505136904
29541,31.240818700854533
29542,55.272507481197664
29543,37.01717148467043
29544,25.37099457571091
29545,30.353578583817566
29546,34.3543749395883
29547,41.348172720925824
29548,37.79083458601621
29549,34.20195305192347
29550,26.394783180527938
29551,27.68113344753521
29552,73.36586523635626
29553,27.211691203921987
29554,28.382052913610778
29555,30.416761200806363
29556,27.20249876206441
29557,35.4273103138261
29558,19.20756083237738
29559,26.65045021188297
29560,30.66377868203911
29561,30.991887991714364
29562,27.868940272301586
29563,35.5090413574414
29564,30.523269740073346
29565,27.828312884056643
29566,27.275198347625896
29567,52.723192900649316
29568,27.831363238332912
29569,29.682227385935306
29570,23.085847674193097
29571,26.72300042922607
29572,30.1281936662959
29573,25.248466639075126
29574,25.838049058246593
29575,26.905330490279823
29576,27.744205353786306
29577,25.34017831235813
29578,36.617153639468576
29579,26.515714455181197
29580,26.29839297663397
29581,51.628146987960186
29582,29.496406309814375
29583,25.781041081682716
29584,29.876744680579456
29585,26.058486234774705
29586,31.711458583224605
29587,17.126413174634273
29588,27.177362726163757
29589,27.942476634636606
29590,25.716827282458915
29591,25.616292432353923
29592,26.86045856111633
29593,38.33872212011736
29594,30.888193118259508
29595,31.006928444568416
29596,23.032135281219198
29597,19.050488858676914
29598,37.20567366342405
29599,39.84269559786347
29600,24.69763333865319
29601,27.91219155737747
29602,28.34852011287382
29603,14.453790266075469
29604,37.733022968757275
29605,36.99105040581208
29606,46.77425612675334
29607,64.75148204576821
29608,47.82138446881097
29609,57.29255233095783
29610,54.87375040087687
29611,62.36821830780336
29612,35.03313331009819
29613,76.69815605703224
29614,47.12975891371295
29615,38.35815101160899
29616,32.85745017586519
29617,35.47932381714196
29618,41.603791320326785
29619,43.49076729724179
29620,70.49657778017554
29621,35.73385631081357
29622,58.06780572350996
29623,55.39914957051357
29624,31.97823933689166
29625,60.35367823695893
29626,35.02415582272771
29627,49.623625704307194
29628,48.83499894309905
29629,59.56089437579999
29630,43.152964904095484
29631,57.55900405605425
29632,60.383568701467624
29633,46.28421719408723
29634,36.12253886659076
29635,56.42711230140172
29636,39.583833050263316
29637,34.88290028780073
29638,40.11917983442673
29639,57.64732254114872
29640,46.72355396149925
29641,61.94840084930813
29642,81.41716434203181
29643,37.044899604588146
29644,42.7911818219421
29645,78.66495512562867
29646,43.52167735873341
29647,50.25847329093503
29648,39.074507002415075
29649,79.4687156384206
29650,52.99584246919541
29651,67.18086031677593
29652,52.097612100179184
29653,37.48702490400475
29654,60.451283472708795
29655,34.95261980717313
29656,40.70851047310532
29657,33.32063190541167
29658,41.04559958550862
29659,34.033215645071344
29660,42.08488262159678
29661,34.82240580202103
29662,33.77147697854278
29663,36.48518324091202
29664,34.725779824189054
29665,56.73147727088613
29666,60.711139645856065
29667,51.98411575852356
29668,50.20936219201979
29669,49.45230536492811
29670,55.527337612463334
29671,48.74474364266564
29672,38.4483125877066
29673,39.63924665768383
29674,63.59286276365094
29675,51.60346969219334
29676,61.924991814110314
29677,59.145117029231415
29678,64.29489537635123
29679,53.74142896341568
29680,62.092648997603334
29681,62.250708325092205
29682,53.91083790768266
29683,59.362998298775324
29684,64.36483454316073
29685,64.52551128970165
29686,40.48658337694973
29687,50.87108419986663
29688,60.54894457792828
29689,51.82300105356874
29690,49.487745953873436
29691,50.232186185131404
29692,53.20277238916682
29693,62.304075942017164
29694,49.364368498105435
29695,19.627138061267168
29696,38.380403986750665
29697,48.654706430737896
29698,45.16516690040605
29699,45.73266127295465
29700,36.657731236550866
29701,61.46680905912012
29702,45.366524741003666
29703,33.305189983838844
29704,58.28719955310473
29705,42.14784204014585
29706,42.50455617364466
29707,39.995082436824426
29708,40.29263041670943
29709,43.95628784887395
29710,42.442112360417404
29711,44.37984861562802
29712,39.45957243001519
29713,37.19204987751143
29714,58.39474024724464
29715,45.723743057077066
29716,49.563266283345754
29717,36.18938144224485
29718,39.98114326829923
29719,43.0671546433939
29720,44.6577763809443
29721,37.922411493545056
29722,35.123653910814355
29723,50.070843357833354
29724,44.3039875360047
29725,47.987071668561114
29726,33.62375409948491
29727,36.25472182773734
29728,38.67552926666731
29729,35.19653188890557
29730,42.64366333197046
29731,36.56006870840824
29732,35.03205649914654
29733,41.63617150652017
29734,42.281528546919574
29735,41.29982932694451
29736,41.67002547588159
29737,33.210861759320046
29738,41.17519277611813
29739,43.85632111082066
29740,40.8933625009704
29741,44.688718674398984
29742,41.33721001560789
29743,43.76901692782456
29744,42.301987117467704
29745,38.10190892516608
29746,34.96909651091894
29747,42.62507017971086
29748,34.33584007004387
29749,39.51770869347246
29750,44.683788455793355
29751,39.359414210849366
29752,41.74476743252511
29753,28.332004347260757
29754,16.556534480516476
29755,45.38322743139472
29756,38.44683147131866
29757,33.94902907664037
29758,46.02807888548883
29759,40.26647982324071
29760,43.48646866641898
29761,41.11789006059233
29762,43.725541706893665
29763,44.53848129290119
29764,38.00198312301211
29765,26.227274777354765
29766,36.94501242945093
29767,32.197248433253556
29768,28.93965540496201
29769,24.304987342087653
29770,35.154361046143755
29771,26.61915031432823
29772,29.241628137515086
29773,28.890561824567925
29774,35.19992548912772
29775,74.1761938205772
29776,39.67359347017796
29777,35.27411911679204
29778,43.25632761675163
29779,38.4154312028329
29780,70.86064663150265
29781,33.701440735083196
29782,30.052560646227874
29783,34.96200682003005
29784,41.166406361843514
29785,68.32668443270583
29786,45.2696437541423
29787,26.7751335521276
29788,51.72185089450039
29789,36.905567798038895
29790,53.27181166214507
29791,46.33348541405437
29792,37.644916067067186
29793,35.12983993563024
29794,53.68116627923317
29795,68.4428348600688
29796,48.087345051605965
29797,39.550083760893024
29798,71.17790739092752
29799,37.99076548349502
29800,37.5574006187767
29801,29.335537432443545
29802,31.377543292833863
29803,44.563109494109646
29804,58.2463844115467
29805,32.92526424687073
29806,46.89575257339898
29807,51.50495284879843
29808,33.02805148092131
29809,32.88030421792112
29810,32.37758218287996
29811,39.169963655036696
29812,37.34345020868255
29813,48.04452523974325
29814,40.28142479287841
29815,51.61595095353782
29816,56.871982519526284
29817,33.486453972612196
29818,32.68013828907012
29819,52.59022270785411
29820,37.01929180634246
29821,43.743217467001024
29822,33.251896240486644
29823,53.835499355889965
29824,62.95116344116889
29825,42.49411194573384
29826,38.88718186774583
29827,27.078785682245723
29828,24.20662340512708
29829,46.01090732387065
29830,33.77641135198746
29831,61.443507065072566
29832,32.0792848482537
29833,33.37260915944901
29834,39.06658490029515
29835,39.16947893561741
29836,48.63101901619276
29837,32.71121167052047
29838,40.50665932920727
29839,38.80085310798895
29840,35.905669189102106
29841,32.22229455206268
29842,34.44941854710585
29843,35.70643393120777
29844,40.72522688058248
29845,29.82514017021787
29846,42.49356836737902
29847,40.59882901275069
29848,39.696628104353124
29849,38.16753658837312
29850,37.13525551885302
29851,34.04820741662082
29852,27.46265737330957
29853,40.60079823026229
29854,35.17220144595284
29855,29.597690622586256
29856,40.960556862518246
29857,36.03791483587836
29858,33.47244706580149
29859,31.921339796644496
29860,32.21839520459791
29861,27.519485300178673
29862,34.069475841483964
29863,30.439296956449837
29864,18.924078494061288
29865,30.87443834947606
29866,34.30869116203686
29867,33.36510286679523
29868,29.64089070588139
29869,22.84643148250175
29870,35.61219033581933
29871,31.6152670573167
29872,37.026211964666544
29873,36.04515412894293
29874,33.55568303891336
29875,28.958880770437858
29876,39.195906672012015
29877,41.496456616977106
29878,28.55642051762674
29879,38.61161420641019
29880,39.958621096017666
29881,30.886678579755895
29882,35.461486014223084
29883,21.66398279214997
29884,22.623138465609856
29885,40.55496571737215
29886,26.581090050069868
29887,37.36417075837586
29888,18.85117787946028
29889,27.311003538800463
29890,40.26552620693354
29891,32.141521165565024
29892,38.068197073829054
29893,41.22954404936133
29894,39.47282441219401
29895,30.553704820626933
29896,39.95699864915326
29897,20.268847250899785
29898,38.93769786732669
29899,23.30296714810174
29900,25.077827987363552
29901,33.258523482409586
29902,30.041330881451067
29903,33.74191187205559
29904,35.11516393226939
29905,38.464676751592755
29906,34.31167365684945
29907,41.38947027666322
29908,40.11053759679222
29909,22.21680360583232
29910,32.41161843183381
29911,29.52023209566211
29912,35.763054295580034
29913,40.186837330511665
29914,25.72912530521463
29915,37.80902681813385
29916,37.41661929362041
29917,36.718219707183316
29918,25.229533327909973
29919,39.739787340731795
29920,37.95341035068789
29921,39.53223631887005
29922,36.21292871637593
29923,40.73477017189956
29924,31.386521136650778
29925,22.942469873875183
29926,35.58462594932642
29927,20.066541265338536
29928,40.00302770919685
29929,39.06713795132015
29930,34.19544062227823
29931,39.71599831825342
29932,40.57504914625606
29933,38.83638071060467
29934,29.497069928816614
29935,30.76734532571904
29936,38.532670001296445
29937,30.480644398830044
29938,32.19954884601049
29939,36.36145840439929
29940,40.89985727238201
29941,76.0307758343292
29942,35.977300408152146
29943,54.97696142719961
29944,34.37121448005761
29945,47.198760018459964
29946,33.48966144887733
29947,56.48316801556312
29948,32.851372032958565
29949,37.50283146557575
29950,59.15849308558856
29951,32.9311621802806
29952,48.90085305871907
29953,32.052924578119715
29954,33.78114828046712
29955,36.10210148764223
29956,49.38150865843038
29957,77.40203949150327
29958,29.964307081694457
29959,41.949148271861134
29960,36.336809549897225
29961,36.2453220175599
29962,53.71113839901108
29963,30.59794069258379
29964,46.95735826501715
29965,33.003472391889055
29966,29.84956778045374
29967,40.58403274382817
29968,41.685930433856434
29969,33.095029688696
29970,34.05904167636816
29971,40.85905109106379
29972,31.005465269479608
29973,23.79580799155582
29974,45.37963453740585
29975,35.883073970011885
29976,72.23982148595863
29977,31.315384578268606
29978,43.55966357658232
29979,32.77003897814302
29980,55.13408178168664
29981,33.478130117548986
29982,35.42825233512858
29983,35.257549655862086
29984,38.19360752516544
29985,52.68213501516557
29986,37.375340003530255
29987,40.6663793525038
29988,58.74639149948017
29989,50.55047887632743
29990,46.60218441470425
29991,35.63087185594511
29992,38.231432013815194
29993,47.17537141323461
29994,35.185575970961544
29995,51.49811194709283
29996,38.68636705970491
29997,30.991935762602303
29998,30.75473062500864
29999,42.62341521643414
30000,57.051915679131554
30001,62.51768410735265
30002,29.83387580148937
30003,51.14540422952753
30004,34.92293922747661
30005,35.782626747627084
30006,28.874784566327058
30007,62.20701695308878
30008,26.39666109726192
30009,42.64831790275589
30010,21.149547120970077
30011,38.80027032632459
30012,66.41001552057864
30013,60.68657475465157
30014,37.973981490914724
30015,25.758570442946574
30016,37.11127376399837
30017,34.211638493933016
30018,26.399443884816577
30019,38.824980250886036
30020,57.83770147127449
30021,40.672928819379905
30022,54.76009219392718
30023,26.92259007131458
30024,40.84115592930197
30025,46.6830429876044
30026,35.377458441539446
30027,40.00880013090783
30028,56.50667353988272
30029,40.73319073901736
30030,39.52991279123446
30031,28.747934344570567
30032,25.91799680115375
30033,60.84540624615576
30034,60.453577301940015
30035,26.71440718606297
30036,26.94738261326291
30037,26.836852387759883
30038,41.78733058426208
30039,38.05299365575263
30040,35.71030154937493
30041,68.73063512208552
30042,54.47230834120947
30043,39.56757423778287
30044,38.9082573555543
30045,42.62385912496965
30046,39.49849726903299
30047,37.44799466800647
30048,39.65227807855978
30049,35.12024120188953
30050,48.729022017020185
30051,56.36862084538819
30052,40.71214351395506
30053,37.57104328387785
30054,61.58635928449333
30055,40.392467806546826
30056,36.13491429003756
30057,58.74036541939938
30058,53.934785503070664
30059,27.316357749617836
30060,48.45894373874913
30061,32.2625795815172
30062,67.74209267003668
30063,49.657583599273735
30064,24.80391658564249
30065,30.28020043534103
30066,36.22979996474148
30067,30.96178812734965
30068,37.681274239564765
30069,14.255925997459919
30070,37.65418498352878
30071,40.98159444294409
30072,67.26812505070052
30073,58.315155761024855
30074,29.24187972643187
30075,49.962305872999785
30076,42.449584816866505
30077,39.67793427684126
30078,32.04242699768583
30079,34.67224809316183
30080,26.344768758373917
30081,34.22550899649475
30082,34.73168656804861
30083,35.70645484898933
30084,32.70904618690247
30085,49.23378342446611
30086,34.7400892283074
30087,30.757922547748947
30088,17.691978442283716
30089,32.2456678481683
30090,31.544307122802508
30091,40.9348717682551
30092,53.84529078751187
30093,27.152825430487134
30094,33.17828047785237
30095,51.73873947978507
30096,41.43975562123854
30097,34.34258803332607
30098,38.85617474884034
30099,25.209121435025125
30100,31.712592977454484
30101,22.571116347279073
30102,34.70313977688754
30103,12.497429661927747
30104,36.33211397537992
30105,34.39866455304958
30106,30.372171239313445
30107,28.49136214206542
30108,14.038448759618106
30109,36.87107724267551
30110,34.00965835270767
30111,32.295770615995494
30112,38.94153796709591
30113,30.84668518318722
30114,37.04402461087586
30115,11.746367306609233
30116,37.51680556890485
30117,39.07147292120165
30118,28.330334864363806
30119,35.04237444690741
30120,25.024733697576043
30121,35.37177040899328
30122,33.87413225211781
30123,37.5361133937837
30124,32.6761585813083
30125,29.477132999895474
30126,26.091605349497755
30127,33.32494905480278
30128,38.916296166077466
30129,18.51754178160303
30130,32.44142639055002
30131,35.485088146590556
30132,26.103446813152203
30133,34.93235646761931
30134,39.41955973287272
30135,39.47868026680413
30136,25.642339107837373
30137,29.949869273915226
30138,35.463207719406356
30139,30.09446549428698
30140,42.55410654983693
30141,25.82377506541402
30142,32.25839138696947
30143,28.93259836990157
30144,32.77675618456567
30145,32.32163807061763
30146,29.44199834326708
30147,37.115568531838086
30148,18.950448534542144
30149,36.227331161328976
30150,38.32478989640721
30151,29.15600268768111
30152,26.67134483977233
30153,26.7855926786157
30154,41.45013917899014
30155,25.69014291069034
30156,28.522956828307002
30157,42.276581383517446
30158,36.425831315095266
30159,34.73273903529565
30160,26.518443965837974
30161,9.535198001121984
30162,29.853674762046666
30163,32.60809910331494
30164,41.46401779971315
30165,33.31585347482879
30166,30.354776829405353
30167,44.04570649312163
30168,39.57872324874213
30169,40.49632737538515
30170,39.04499295274806
30171,40.29978121485231
30172,34.24458322376324
30173,25.96809504776582
30174,36.35682574701412
30175,41.30146981176801
30176,32.08493023534815
30177,43.56219397024807
30178,37.03231786933583
30179,43.03862593415212
30180,10.7131752996555
30181,38.47494501763125
30182,39.379896248035166
30183,27.30003578516272
30184,42.36620794449779
30185,26.436832533877833
30186,36.996469129925075
30187,34.88492513884758
30188,27.86001550632023
30189,38.48926958445711
30190,19.06956211718578
30191,41.90328860225865
30192,42.56130248868034
30193,24.1209352973366
30194,41.66283448218498
30195,43.03768156379494
30196,54.25617172894169
30197,84.82695899182366
30198,80.40028710798532
30199,81.83106662741332
30200,23.018869850308032
30201,84.8872524541232
30202,69.37911521940907
30203,84.73649308209028
30204,84.4294330248681
30205,27.502029120496964
30206,79.89174324220038
30207,86.55981848953128
30208,20.118528825222416
30209,81.07194683024022
30210,85.9586419724424
30211,23.962581430432785
30212,81.53425821525957
30213,39.59582867822991
30214,73.70623833591918
30215,78.96468272672885
30216,83.72391409365041
30217,23.572018090283258
30218,82.54303659446632
30219,72.45514251590384
30220,29.067443511988124
30221,82.56822645076471
30222,51.432262291615224
30223,82.89337103589467
30224,26.265533617851162
30225,75.31344349609876
30226,81.97986227095254
30227,66.49133477003645
30228,26.033283204955772
30229,81.64121011588855
30230,28.223882984400674
30231,83.52268697782515
30232,71.92685305828275
30233,24.146538863212
30234,71.0083843845164
30235,65.52272723667474
30236,25.733634502185954
30237,83.14842941697259
30238,50.97687734653728
30239,66.37043938520445
30240,26.512179198362425
30241,74.1423619571031
30242,82.25529735516716
30243,26.454916023626886
30244,82.58764036873646
30245,81.68174182673847
30246,27.8580994271357
30247,82.47465865454231
30248,84.58743161853059
30249,36.69914325998029
30250,81.87068643351998
30251,33.011915986926134
30252,67.4431717028313
30253,82.3128087465884
30254,35.90907268332254
30255,84.01953046459539
30256,76.17216406443887
30257,28.52482358500258
30258,74.94471625698175
30259,80.48782387385663
30260,21.823836957204303
30261,81.59286602705762
30262,76.8817572778552
30263,26.29702751332954
30264,71.1142200614193
30265,81.38589456776234
30266,20.451196092886946
30267,57.83342281882145
30268,83.22469090751864
30269,40.21145798338109
30270,78.28974584929043
30271,26.0191870756735
30272,26.230680779970854
30273,77.88908327774004
30274,70.99368538705873
30275,26.402655969493992
30276,61.78425861925075
30277,38.49394571584276
30278,25.880919758457214
30279,42.77447375295235
30280,23.960782189435083
30281,59.962913102743045
30282,79.63776678336484
30283,25.3242919458828
30284,58.92609332370952
30285,61.898637386310625
30286,28.81044160062192
30287,71.02316121008398
30288,70.8566908424502
30289,25.363089647592737
30290,60.24635952829365
30291,63.465911639798676
30292,63.96811731207653
30293,31.979945377515968
30294,40.79859083042886
30295,50.517945826881494
30296,41.53607884913733
30297,67.88933902362851
30298,58.52896969603029
30299,48.115091255317
30300,71.21717037958942
30301,44.3451315667718
30302,47.73550911798838
30303,42.00418585597737
30304,58.77555354016063
30305,48.86362826556502
30306,39.442645486172715
30307,80.16209466147352
30308,76.79682104885761
30309,43.56030085931495
30310,67.28860828942061
30311,41.91000176100244
30312,36.866723512455415
30313,75.34144699863427
30314,42.21340673566484
30315,35.95423929270427
30316,36.228013736941
30317,39.43456378474086
30318,45.40821981397044
30319,35.90367655076857
30320,45.0029292494234
30321,53.03331685800673
30322,76.12927647672882
30323,57.77388851212742
30324,39.51244416508585
30325,38.45402524907105
30326,39.95066054610273
30327,35.18318955732076
30328,37.75622952851448
30329,44.96042235099519
30330,47.39639487845065
30331,51.63091449324127
30332,39.74394150520432
30333,41.527879209294184
30334,41.170193748228705
30335,26.91440133804339
30336,59.80549717549199
30337,81.5435355263889
30338,51.82382481050044
30339,40.163923212444935
30340,38.71551806596435
30341,38.29547379089625
30342,38.50394239071385
30343,40.53809787161767
30344,51.71192341454423
30345,41.69429962098182
30346,38.711871005643
30347,38.99777479634164
30348,41.35026205127151
30349,42.46000336736881
30350,40.49592466003558
30351,52.59054092772827
30352,39.57162338141082
30353,38.23195971985409
30354,40.758093114537964
30355,40.808193422346115
30356,42.27247585130234
30357,41.994341132949046
30358,39.03658286228076
30359,39.422895279191884
30360,38.71437076588308
30361,42.918099673166026
30362,39.69439494985028
30363,64.83880889724354
30364,76.72324674053749
30365,41.14272208935752
30366,54.59956618655821
30367,41.58712667266837
30368,47.26329515574254
30369,75.60233692695044
30370,40.67105913114086
30371,77.01518756574463
30372,39.17796355998772
30373,39.04110929560552
30374,37.41423752188995
30375,42.37073910704551
30376,33.08696243043123
30377,32.312847796463394
30378,77.66971882812072
30379,39.61069957785802
30380,41.876606556990744
30381,54.69411048352438
30382,36.1691551819297
30383,43.95405598297299
30384,39.41799819643937
30385,44.03629232363208
30386,76.68104224550162
30387,80.50040050961641
30388,84.00003311351038
30389,58.18230635391566
30390,27.345966946551343
30391,37.48015636765056
30392,80.11182522409032
30393,69.95553370402689
30394,61.068041277246365
30395,81.50443485888606
30396,75.55410364016495
30397,39.28407992848223
30398,65.37102060863889
30399,79.42862440902248
30400,54.268962118549425
30401,39.91003613294819
30402,60.38193846950375
30403,42.95808766991493
30404,28.42583120977328
30405,38.215858021628016
30406,67.67750345137341
30407,73.35676309673744
30408,50.575096515588655
30409,46.111304964176085
30410,34.450399237940076
30411,39.004116574339655
30412,58.08074059386469
30413,53.51343239826784
30414,60.620854058572974
30415,22.306968080300344
30416,40.76914538710228
30417,61.84335692075351
30418,72.34913216778689
30419,55.27113361665954
30420,26.962132794472993
30421,53.24178988915809
30422,53.278286630149324
30423,84.19071912909425
30424,55.968828643525896
30425,40.97920946446994
30426,53.725226418477654
30427,64.32655688800003
30428,81.2342845508
30429,40.166592842849454
30430,35.24306317742572
30431,35.10160689204378
30432,55.27166098842082
30433,26.386494899876638
30434,34.528986354591446
30435,52.94497739143483
30436,53.92365392787948
30437,55.33750678568944
30438,66.81665244533315
30439,66.48242873883686
30440,55.00353002044412
30441,28.584443471455273
30442,55.65307835115645
30443,38.8432908509545
30444,68.87933067524031
30445,30.214039501675643
30446,55.02575836413557
30447,62.48138212822826
30448,68.18888711927744
30449,67.51950880919799
30450,70.61433851648485
30451,65.0940778557338
30452,63.02979201148686
30453,54.68322784794444
30454,62.626055542553246
30455,31.21254267186046
30456,56.262616488852004
30457,37.11775123177581
30458,52.566015653701854
30459,46.296181178901854
30460,52.455137867595944
30461,67.57071476868198
30462,39.316419399225694
30463,61.19159237437452
30464,65.85479662250427
30465,40.14998558329867
30466,48.18495327384225
30467,64.25983515483648
30468,69.26908414677527
30469,34.789733279847034
30470,53.18418036716432
30471,44.244851161843584
30472,29.634606588602168
30473,39.831176582917706
30474,52.075330488797285
30475,28.94963452481769
30476,28.457985669902378
30477,35.78262413312849
30478,39.801239404684246
30479,42.75020743474379
30480,29.727525752768713
30481,26.900040647394356
30482,27.74823971603633
30483,42.88198254485305
30484,65.75899537079725
30485,29.520069944402223
30486,57.944252105946404
30487,37.904044048922785
30488,28.53461327593766
30489,33.28031235149601
30490,28.79671419073135
30491,28.475208870817752
30492,31.07944459651239
30493,30.057056168076556
30494,35.328385642436935
30495,41.58039262552453
30496,28.465579293770027
30497,34.209726222912366
30498,39.074396208941415
30499,42.10276260026089
30500,34.561249325300494
30501,56.922335700038815
30502,33.86874859967168
30503,30.153762345384408
30504,39.38574713902918
30505,45.63441176089389
30506,38.77486840064704
30507,54.54505929764821
30508,38.149833499962725
30509,45.77706781120966
30510,37.28417776460326
30511,35.916496271329805
30512,37.517534115246036
30513,35.985599937052186
30514,42.733183041281364
30515,38.28272985401557
30516,36.43651821878128
30517,40.06127363905603
30518,36.520167173987005
30519,34.62634642860398
30520,36.468284107107515
30521,61.35728646186048
30522,53.66482267496281
30523,39.778638808814414
30524,40.84406610285318
30525,40.4468880577023
30526,37.722951524984936
30527,26.03447893820438
30528,38.15056315084691
30529,36.690875517802944
30530,71.2412302422932
30531,49.884819867481255
30532,38.620870728291614
30533,52.44422147669669
30534,39.618192868297754
30535,40.99090294688162
30536,40.60498812794274
30537,41.8771809270726
30538,41.113540181977086
30539,61.439861587155946
30540,41.838111019187146
30541,49.83113976386555
30542,43.02776034257627
30543,37.30637276980363
30544,41.82880716445375
30545,35.478483244519786
30546,47.67999720371389
30547,48.16963658463146
30548,33.37607231273041
30549,40.6400817977508
30550,36.42997205041545
30551,35.43941951696713
30552,34.57951913557558
30553,38.088433760941456
30554,36.76764743818566
30555,39.332072858936876
30556,47.13832471776255
30557,36.4893064765951
30558,32.53257129956346
30559,37.05342121914091
30560,41.83530965197069
30561,39.259877918708504
30562,39.0485629321297
30563,34.69647749405127
30564,36.71834172445782
30565,42.155054458701805
30566,35.58518426342204
30567,33.892800315595316
30568,34.84378416861115
30569,36.71949997646075
30570,31.90761652405333
30571,56.034918048805736
30572,57.75927086796215
30573,40.04324954086338
30574,44.41094385855798
30575,36.30143911670035
30576,34.84785817475877
30577,44.911331911174564
30578,45.49656752550041
30579,36.360109559603735
30580,34.40967948933096
30581,44.04693787106923
30582,34.948475106197556
30583,36.86621703115573
30584,45.177988246204535
30585,43.79860378474119
30586,42.538377128014545
30587,30.860155618210328
30588,44.51440885930231
30589,30.24381032335431
30590,43.412238314696864
30591,57.5754062151239
30592,31.81536346778821
30593,32.83766401737954
30594,31.452803570678043
30595,35.58174973877717
30596,41.209890364504695
30597,32.64740322073536
30598,31.80116057392346
30599,44.1224411470795
30600,33.27500154006401
30601,33.02238738896939
30602,33.846660776427186
30603,31.63775283983042
30604,34.607471246951505
30605,35.49667487597858
30606,44.407691434691486
30607,33.44627919109086
30608,35.46058939888633
30609,44.266525650991355
30610,32.166804900476656
30611,69.87563797783275
30612,32.81347607697706
30613,35.936584171631814
30614,36.539706701807084
30615,32.02395754190978
30616,31.70234415306873
30617,41.39066347557484
30618,51.39685099467436
30619,28.414144496856693
30620,54.78918974073912
30621,51.13846073602537
30622,61.6073083945283
30623,54.95310703950129
30624,50.788315018746246
30625,52.08129017444139
30626,55.818259711430755
30627,32.035629063222714
30628,70.74624230652724
30629,77.98829519567276
30630,39.72241463847285
30631,38.487051573731165
30632,58.94198864297768
30633,54.603040374369016
30634,52.44394499633189
30635,51.91140253478388
30636,30.99610065534084
30637,69.43116753810665
30638,65.46664504042563
30639,58.508348965563556
30640,42.148904462753855
30641,56.12538181865377
30642,40.958586509450704
30643,37.60480863149207
30644,58.37586924557219
30645,37.36857337480995
30646,55.75884154240094
30647,14.19160189356926
30648,64.09333945430201
30649,56.821602942405576
30650,48.29456045381845
30651,33.63264989861257
30652,39.961456721651075
30653,42.02568206536474
30654,54.451877011707566
30655,56.660577539470424
30656,66.47956217747048
30657,69.19088373825046
30658,31.306013892943
30659,73.2238542920309
30660,36.0731183934255
30661,54.86721192368306
30662,58.91626380351882
30663,38.726503141591664
30664,42.56353248825517
30665,53.05023965232708
30666,43.48477011621613
30667,52.66188948114731
30668,53.389921035504706
30669,56.2737580258824
30670,54.60005806839932
30671,39.43290183290595
30672,67.03604903626317
30673,64.66314270456394
30674,53.95645755608901
30675,56.843807421845185
30676,64.46965238185373
30677,46.36559552143949
30678,57.584821284505374
30679,53.200902164260015
30680,73.04323015690434
30681,69.58890646904965
30682,68.25556305358947
30683,54.66329031263807
30684,48.244211028032545
30685,59.59050000846962
30686,53.990499892436894
30687,62.47238769506828
30688,54.23182497226606
30689,38.23084302144135
30690,44.37093370504336
30691,54.306519584741324
30692,30.686617985122716
30693,47.41963109496127
30694,45.71594603020003
30695,45.30422826981497
30696,62.11944848939187
30697,39.44503035268985
30698,37.89293608943537
30699,56.03607937300643
30700,55.72849064441007
30701,35.52580508848147
30702,38.189804992858896
30703,35.50843017250213
30704,45.091593698191446
30705,41.15805073300862
30706,39.7216638385616
30707,53.13780567725893
30708,53.913893402951246
30709,63.5739176984745
30710,43.58579291118337
30711,46.71508774030935
30712,45.69710432784875
30713,55.411797912036704
30714,43.133438900655705
30715,51.88886116818257
30716,7.441475971818289
30717,32.634784963452496
30718,36.599053232003214
30719,16.87414514150667
30720,34.38064694310861
30721,33.376730230913225
30722,37.88993293510482
30723,59.38525744202822
30724,44.790193111185125
30725,18.882218222821855
30726,30.99836013501337
30727,32.4385983671714
30728,38.80847230359271
30729,52.909960568603346
30730,63.51143280001378
30731,33.23227485107064
30732,41.123636818190256
30733,29.288064823382093
30734,46.736959631918545
30735,35.23783753683661
30736,57.664105988081566
30737,55.71167233882788
30738,43.67436609342271
30739,30.479552352544957
30740,38.71570397038676
30741,33.916954903709836
30742,44.69888633943668
30743,33.381026383546015
30744,57.88516294209969
30745,58.700092734698046
30746,44.75196537361738
30747,36.17577662267569
30748,47.81898688320268
30749,48.49975005225598
30750,32.379646731957294
30751,46.01554771887885
30752,29.84959362614648
30753,34.7035750564758
30754,30.652971376966107
30755,30.571766530932372
30756,33.004229248514996
30757,36.17621210215793
30758,49.46194456366917
30759,43.7723711126212
30760,16.96706316947811
30761,47.928070388793785
30762,28.999301592526997
30763,36.712528011501384
30764,32.767194698904234
30765,39.067753444548764
30766,38.66435231566182
30767,43.764700999639345
30768,46.55428040203213
30769,32.89035952581053
30770,33.18634945347696
30771,32.033640181861045
30772,46.946046393929365
30773,32.35373592448775
30774,37.362727387404036
30775,31.602998178495326
30776,45.57164158245259
30777,67.45052399074379
30778,35.20838638199883
30779,51.83426924068564
30780,37.91859999722436
30781,38.944370651647404
30782,54.35396933756278
30783,41.420222770888316
30784,53.78771814227104
30785,30.60867716749086
30786,51.99904299168741
30787,43.99437894188223
30788,51.169756996623875
30789,34.42527924282262
30790,60.25351737305428
30791,60.61464291441111
30792,58.33926829423949
30793,40.794610180690306
30794,68.47720073913156
30795,37.91745416993895
30796,42.587789212076316
30797,34.93870394211703
30798,28.852803896903218
30799,40.06591024787584
30800,18.605588513785733
30801,37.560646722519834
30802,40.10602251423144
30803,40.573937303166346
30804,26.285774559007685
30805,21.226928184183834
30806,26.22249796377836
30807,35.934252053377655
30808,24.904503389422803
30809,35.24316326598036
30810,28.84409754342525
30811,39.06469601705946
30812,31.859061828466814
30813,33.45529337628237
30814,33.47643710021417
30815,31.612994993209085
30816,32.43980659266033
30817,40.24875424114415
30818,26.75364323741566
30819,24.00481025345745
30820,23.14495650947377
30821,32.432045732954506
30822,32.04925611230164
30823,35.376927093761694
30824,35.284559969342396
30825,32.37285186032631
30826,48.61190436984898
30827,37.07970772472317
30828,35.424775388654915
30829,32.915661346592614
30830,33.10141113596819
30831,29.174095752003367
30832,26.845874104195687
30833,35.689356824668785
30834,32.16366803330098
30835,41.36772395578682
30836,32.337846198725146
30837,38.83570288926107
30838,31.368700357063787
30839,32.553940353623844
30840,31.467955845173442
30841,36.374265615285445
30842,32.92874988334038
30843,34.36663341108505
30844,66.04231795550542
30845,43.622044715983854
30846,25.967804943058233
30847,79.86447461059379
30848,34.35192369364103
30849,39.37009203121886
30850,44.66260819851552
30851,42.433532342626236
30852,16.391090880560622
30853,33.237217921873366
30854,38.975556764313254
30855,53.20894123915429
30856,64.26879987124593
30857,38.0485074129733
30858,52.124775018280175
30859,28.104254302898596
30860,14.72274739443116
30861,12.439172143946909
30862,58.30149206231977
30863,52.66022550829413
30864,37.3050485224458
30865,66.06156316497227
30866,57.083407986131256
30867,36.37646460336181
30868,54.05762028595406
30869,54.35833751730725
30870,70.56666722764649
30871,58.79920475088679
30872,56.91022697666534
30873,66.04474260204383
30874,57.18633826711001
30875,56.11814249776518
30876,55.286834436717584
30877,51.39086654031807
30878,25.9668362238384
30879,28.607442396219135
30880,31.262110429102243
30881,31.262340859952154
30882,29.557008970718208
30883,18.28030609559018
30884,39.12695222044221
30885,27.625509928843265
30886,28.31923600176225
30887,50.27974504785582
30888,31.854531326399098
30889,55.77992726129157
30890,35.10515054956533
30891,36.50174048279254
30892,24.538547327181995
30893,28.866725619070067
30894,24.823142068867313
30895,29.47049498692632
30896,22.0423583426875
30897,28.864200682820176
30898,38.4195694879312
30899,41.56241809013641
30900,36.78212261861139
30901,33.28166656717324
30902,52.91687249775287
30903,43.005656581926786
30904,30.973014627968375
30905,34.069492872531214
30906,37.10909017508407
30907,42.870541161523576
30908,41.08788946439988
30909,28.02065007325338
30910,20.091997781691592
30911,72.6431018550715
30912,28.123674614278826
30913,60.786386609714924
30914,21.052054978862575
30915,33.29803478377694
30916,66.75085380672255
30917,27.37937069553133
30918,24.81315766740216
30919,17.229205894506286
30920,29.06672301699232
30921,11.172256074302808
30922,24.345935147211133
30923,19.265148411524947
30924,29.227035353419055
30925,47.59339689174991
30926,27.715025129667907
30927,64.36554580851343
30928,35.3562894045702
30929,60.90799084467767
30930,67.3292855465196
30931,40.46114749643274
30932,22.749138818754638
30933,29.345773679202516
30934,24.79358400613091
30935,50.98698856065798
30936,41.42495632783687
30937,53.68985758101732
30938,35.43082108059198
30939,49.66526745184376
30940,5.500529305095583
30941,12.951357637986696
30942,51.061998559183266
30943,16.738412041782528
30944,15.230860545121988
30945,26.328949759048044
30946,27.634221829407807
30947,13.677157501175842
30948,30.148976666101248
30949,31.656403052849612
30950,47.83689485989342
30951,41.01261594987085
30952,33.15139454547372
30953,10.309142777391504
30954,30.81928329935549
30955,15.413021541123562
30956,50.148904986666594
30957,17.583556599378213
30958,13.014999483391506
30959,13.790726213426812
30960,37.92854540891894
30961,34.45510629537772
30962,35.42103841992885
30963,37.320095567710275
30964,57.50816320407584
30965,44.86604594221391
30966,49.19542645281607
30967,48.493038246082435
30968,52.63848753601828
30969,50.86251464675957
30970,52.10814054420866
30971,50.90405977913044
30972,64.85862506409785
30973,30.663578929357683
30974,55.4777290507687
30975,72.23581513537906
30976,52.72308419554161
30977,33.64716906617788
30978,34.21174021203855
30979,37.34054413294701
30980,56.807941151848404
30981,27.895407625792146
30982,38.93864299904002
30983,38.386932275642735
30984,51.881770537198825
30985,33.69286472540143
30986,38.67635197707881
30987,9.150312918298773
30988,51.830861441570576
30989,14.292701494894306
30990,37.59219115938585
30991,11.956631505276825
30992,10.944953993500036
30993,29.876886801492027
30994,29.502499131159027
30995,31.157770388383646
30996,16.83097971225132
30997,39.77482831767553
30998,50.235682915344114
30999,63.76222172460051
31000,35.22407269645432
31001,16.612232284982092
31002,15.395830443086233
31003,27.10555218686727
31004,38.94074809751544
31005,30.52419282105346
31006,25.06034043922513
31007,40.35783835045647
31008,63.61432730833461
31009,38.41596194701252
31010,36.23588625061745
31011,55.2547029056343
31012,31.03522270213604
31013,40.27909485485094
31014,18.16266002744218
31015,18.435072839961624
31016,29.427233919433192
31017,30.2613945576294
31018,57.12183347749316
31019,29.524751785251354
31020,71.84773327085767
31021,31.971951782599
31022,31.78582517813024
31023,45.27647695287794
31024,29.71998687721291
31025,27.57600447591473
31026,25.37099457571091
31027,35.02155461180516
31028,22.68274693064957
31029,35.49806833370025
31030,46.52744141797307
31031,18.587780450610975
31032,30.979128352998416
31033,27.14826574170955
31034,15.740496633894157
31035,25.96859334442062
31036,19.873021971037122
31037,27.3298402939256
31038,23.03865414711292
31039,20.49706506637042
31040,35.627295463132306
31041,22.771261257108783
31042,26.701502123750316
31043,20.114219664581732
31044,50.91416232878492
31045,24.558580212454054
31046,31.727655557020412
31047,21.981255544814164
31048,41.12745237545916
31049,12.166856296282862
31050,22.739372500711042
31051,18.288325615297598
31052,23.504879981449193
31053,26.664909227317054
31054,22.354832499496556
31055,23.46207484075262
31056,21.682763533491688
31057,22.423503061317895
31058,22.83339985541172
31059,25.674377167333013
31060,19.01366824387708
31061,23.492811135438615
31062,17.6533884888313
31063,24.40503451001204
31064,30.947022389853203
31065,27.558520468776514
31066,21.816731207007177
31067,17.58448644336471
31068,19.86986842932482
31069,16.940815034262926
31070,22.831232543227095
31071,22.79404400798493
31072,23.12501720786586
31073,18.449309926248187
31074,21.870042538573944
31075,19.838925598721843
31076,16.34940519241655
31077,26.520135612439113
31078,35.27860469758257
31079,21.392666871666687
31080,25.018484740164403
31081,23.47842007383973
31082,27.934077494771245
31083,26.810035720954716
31084,23.98838781838427
31085,31.179912728501947
31086,18.661791420906724
31087,22.20940402503501
31088,25.80794186211025
31089,25.428451178631406
31090,20.576788800330405
31091,27.636854194784
31092,23.718800412818688
31093,23.40759127778905
31094,32.45167916587606
31095,24.046153742119824
31096,21.920257648107004
31097,23.1543807501985
31098,24.46544652711333
31099,34.984403454814704
31100,26.223301823048175
31101,29.806754294430085
31102,25.944290587763344
31103,37.37260450047551
31104,27.543959911577694
31105,21.812096910609792
31106,25.7847189514832
31107,28.31363610419107
31108,35.08534380975623
31109,34.01259248006142
31110,28.029518050526725
31111,24.773256017954502
31112,23.21426997447618
31113,16.5396852832825
31114,29.33396180546068
31115,32.91712027112891
31116,49.04156409129283
31117,27.408943807323155
31118,22.55980495160558
31119,36.76798807734738
31120,28.41807941803672
31121,9.113710136213218
31122,23.84184481968252
31123,24.97782609422122
31124,21.754944638315298
31125,17.571481497476213
31126,23.48402807841591
31127,32.06691352577453
31128,27.593112081011903
31129,20.837139305145442
31130,24.29307731739706
31131,26.761654361495346
31132,28.11819301474975
31133,18.230765940698383
31134,28.944092686163657
31135,25.505927980587153
31136,29.510370743704073
31137,51.368086389214646
31138,23.6420426924986
31139,25.72519744767237
31140,18.29447206226415
31141,21.448480937729602
31142,29.630783887863302
31143,26.802153649860145
31144,28.567531492318523
31145,27.894633281375306
31146,23.121295419072503
31147,26.596122361234357
31148,20.61994495696563
31149,25.676362833814167
31150,16.287657222117442
31151,24.083859684118217
31152,16.049751895127926
31153,20.18946348038031
31154,26.3059625365905
31155,23.886253685145082
31156,20.66316456122238
31157,25.378883330994668
31158,23.303133639023144
31159,19.89338021108804
31160,18.580189585848355
31161,30.741193095958593
31162,26.157566044247993
31163,22.24945926553084
31164,23.83200123505567
31165,22.21602070694644
31166,22.581840500674737
31167,19.25851259230628
31168,16.72735750569667
31169,23.990607128636142
31170,28.373282858731685
31171,21.224312936836323
31172,18.982322717895087
31173,20.87001071176145
31174,15.418410176544636
31175,18.016729649125036
31176,19.76951375609207
31177,18.800660813638427
31178,18.769350184517773
31179,29.546642457745435
31180,33.898677909022695
31181,22.625459139565997
31182,19.158604036984155
31183,16.5010953941
31184,17.776057865171328
31185,27.72543826322309
31186,20.609968857402826
31187,22.389996530343172
31188,23.980897738515246
31189,27.26093785122025
31190,29.70513552326586
31191,28.282261448206157
31192,26.573402059606394
31193,56.10086891972054
31194,23.328229448125438
31195,28.650075738127818
31196,19.61389140003039
31197,23.37697682532862
31198,20.933698002776232
31199,18.046519507517864
31200,23.867441709814003
31201,17.537684173203655
31202,25.092435934970645
31203,27.049083930004024
31204,22.25048248831416
31205,18.889835757849074
31206,31.349606848199215
31207,19.463086091675265
31208,20.122804350267728
31209,21.639736791360008
31210,27.34137678083642
31211,25.771706785642856
31212,17.228571864848938
31213,17.857457796320922
31214,17.400608105350752
31215,18.561766159344952
31216,25.583544958154036
31217,14.745815321071667
31218,23.769869073406518
31219,26.459005853763003
31220,44.06457498403616
31221,37.26885600878886
31222,43.20440311279876
31223,33.182886872461395
31224,36.551504499967045
31225,32.81785612520973
31226,29.739639563828717
31227,40.06551253776644
31228,35.04416666818716
31229,31.63945912331576
31230,33.08054495702979
31231,35.363135071780555
31232,28.196485845408915
31233,37.417184050685
31234,29.94890427454291
31235,42.8935973198207
31236,31.276947533437706
31237,30.28501286300174
31238,32.63090351257775
31239,44.02208319430143
31240,41.758036789579755
31241,36.24694482298347
31242,32.622315078299195
31243,30.793506272829504
31244,24.52649837246856
31245,33.026815405033645
31246,33.16695553725315
31247,36.96757205830839
31248,32.77198328382491
31249,46.76144669595273
31250,30.995370900640523
31251,34.113468274611336
31252,32.42819724720766
31253,28.89291344517698
31254,31.53447084202221
31255,49.838706522802696
31256,28.320520549116793
31257,31.75990608149857
31258,40.68507239081518
31259,48.498386484034576
31260,31.108199147257785
31261,35.731517085289084
31262,42.79985977730748
31263,30.204108890850286
31264,45.60518611166895
31265,30.00739351727698
31266,53.167741473900044
31267,36.03734308321871
31268,36.49701811609675
31269,34.52977829454655
31270,36.13225108971071
31271,41.11286967064326
31272,29.311508305107978
31273,32.26953765397422
31274,27.57681421427094
31275,29.69491682520743
31276,26.919147051069345
31277,27.42423061750865
31278,29.301851690110695
31279,23.367182304539313
31280,34.127257837945606
31281,39.53877428116277
31282,46.52334072482007
31283,31.59584785768252
31284,39.65839711786805
31285,34.97546010297193
31286,49.145625857377674
31287,41.53879203270077
31288,47.461341947861335
31289,30.218746322202236
31290,31.075203173130483
31291,30.781854967516544
31292,30.924939785295038
31293,43.293975240193944
31294,55.3131398125738
31295,41.02068767360811
31296,33.89814848175172
31297,30.73148737704802
31298,32.60104785436654
31299,32.290239318646776
31300,32.13578284790371
31301,31.1717202947042
31302,31.40397246392751
31303,29.625553283894618
31304,37.847717222917026
31305,31.586023651965533
31306,36.723222689237176
31307,26.147787039628327
31308,27.88994021820197
31309,51.73882618152479
31310,28.8821644987093
31311,26.01829833361566
31312,37.78294273889143
31313,41.747964982713526
31314,41.642780902918346
31315,28.809277955938754
31316,44.528611236742414
31317,26.6630675802286
31318,30.933651400559228
31319,36.67094017026121
31320,46.839250531565916
31321,36.36302974418175
31322,38.40074130315837
31323,33.64292598089444
31324,34.3828644636929
31325,34.691575681575664
31326,34.96200682003005
31327,31.602998178495326
31328,27.007798791865156
31329,41.77573362152853
31330,41.420222770888316
31331,29.55406691987166
31332,35.0347158294781
31333,31.808252722373382
31334,29.98964581305229
31335,26.844871283731855
31336,40.81494334129494
31337,70.98993418481092
31338,30.53697374358437
31339,32.459059794042254
31340,33.58238288560116
31341,37.85722006980335
31342,33.44837559844325
31343,54.42049979506371
31344,35.50174903253672
31345,43.92588834275494
31346,68.33780524436537
31347,41.22976285116933
31348,32.071421417908994
31349,35.60191006071097
31350,35.817154524548094
31351,58.01194364533448
31352,51.88886116818257
31353,34.769688064983406
31354,20.3092053977897
31355,26.35008863752313
31356,20.091997781691592
31357,43.93745148010344
31358,69.94297906248434
31359,29.427233919433192
31360,30.748941386524393
31361,35.63640733319753
31362,36.10253927845562
31363,32.825436878779904
31364,17.56854818996181
31365,32.05515504212691
31366,33.84354165647882
31367,31.128437186519356
31368,32.59148770971657
31369,33.821509455899616
31370,43.758066090256264
31371,32.07730224459563
31372,31.465048361667606
31373,35.45731752176382
31374,30.556837924872653
31375,26.970855789095822
31376,30.903838972782964
31377,42.729345682307596
31378,44.255207579229015
31379,27.720209688415387
31380,33.34038301195569
31381,37.72438783682099
31382,35.342022010736066
31383,36.18122305314082
31384,36.74675835127464
31385,31.956599865666924
31386,48.85599002628768
31387,39.1034175522594
31388,66.06156316497227
31389,30.563657239673915
31390,79.40348208504938
31391,36.28977100266671
31392,33.66875022501415
31393,35.03651722295458
31394,36.68787783626344
31395,16.612232284982092
31396,42.195866755081646
31397,52.36918627528796
31398,32.002975868388845
31399,30.22391087179067
31400,33.478383525465404
31401,36.126462964215726
31402,33.72110495364373
31403,30.13698508367294
31404,58.30149206231977
31405,44.19597575140667
31406,17.936153249075144
31407,31.811554863135818
31408,53.68985758101732
31409,29.667959821950305
31410,33.96715313326318
31411,38.133958422735944
31412,38.773126143485264
31413,41.06571068032391
31414,25.36013243376834
31415,36.34144877238898
31416,46.27089418955591
31417,39.535270479172084
31418,25.87929645182917
31419,23.221443867283288
31420,22.7437449485373
31421,24.097749599826315
31422,19.315896505085387
31423,21.946045355207474
31424,25.015172149103293
31425,19.069436782826063
31426,23.05609541059274
31427,26.520987511185098
31428,29.389124278606587
31429,21.166390321243064
31430,41.12684957919114
31431,24.63203593577219
31432,30.451279328724468
31433,33.47961765497704
31434,19.033598928328203
31435,23.684990659109268
31436,22.390415587399325
31437,23.57748066136412
31438,29.95588178223511
31439,22.144435231467547
31440,26.958098424098118
31441,36.56909307066665
31442,19.361674743636144
31443,35.250103701339
31444,22.18589850789117
31445,30.71717789546212
31446,18.810098887745884
31447,38.79909454532124
31448,36.83063519957486
31449,30.40727159597654
31450,26.991677180693614
31451,23.82677699080893
31452,30.392119196100225
31453,31.55130575782418
31454,27.33235094235468
31455,22.57765073745212
31456,28.830516737713737
31457,30.430558075139402
31458,21.448075897790357
31459,25.474658769215736
31460,23.736080172438044
31461,19.752512907525094
31462,18.876419718991897
31463,38.67066296101468
31464,33.248684538756066
31465,29.935352502224468
31466,40.72710134675107
31467,23.952608309070996
31468,24.47943960530743
31469,26.79261362023926
31470,22.088839108084496
31471,28.53998355153969
31472,19.202679958766602
31473,27.132452448250035
31474,21.796711730966262
31475,38.00702361950768
31476,28.073502100881683
31477,31.449185031918454
31478,27.375455880665044
31479,23.350069448520678
31480,33.03698726905682
31481,34.106326986364365
31482,37.7535011008366
31483,27.465788105027087
31484,22.14158683499179
31485,22.987760482885378
31486,24.339710162040298
31487,31.575020313526224
31488,39.69655287657624
31489,29.079784603022205
31490,21.654653752752893
31491,24.887427142857348
31492,24.52274407384585
31493,21.60353576265959
31494,14.217185783415943
31495,21.74987230202525
31496,26.06657942095905
31497,35.06731442965249
31498,23.768942468406816
31499,23.759392411093557
31500,22.841785972936552
31501,35.0839332129546
31502,20.856185277513845
31503,27.075687396906886
31504,37.646377738321256
31505,25.001034608772265
31506,24.146401450466843
31507,24.952190985234495
31508,17.887442659584792
31509,24.918576109390244
31510,27.07334460234749
31511,38.160286212069785
31512,25.769107349489282
31513,27.104393811523792
31514,21.985473743109477
31515,26.30292367745244
31516,48.74474364266564
31517,55.39914957051357
31518,47.17537141323461
31519,42.166914089622566
31520,46.01090732387065
31521,55.00121880638122
31522,51.50495284879843
31523,51.96752436415439
31524,32.415427299750554
31525,42.08477876363432
31526,68.1533794418853
31527,39.4673466878241
31528,47.484980614326716
31529,75.4921023651658
31530,39.796787037691075
31531,43.936868996159006
31532,43.77078079054325
31533,30.47917788704568
31534,41.81365575619675
31535,38.71685238622186
31536,24.88886695583402
31537,35.76168093243814
31538,39.21296421623933
31539,42.36283227316885
31540,31.794439773620404
31541,35.13588629096664
31542,33.46006653499873
31543,43.30521217135528
31544,38.30081203172896
31545,39.32854580722841
31546,43.31755366456955
31547,55.99749311356602
31548,29.367387332350603
31549,38.98231392214482
31550,29.552499951891264
31551,40.99627444666442
31552,22.387017256248523
31553,40.33497029363065
31554,36.40109952424315
31555,39.01580306558248
31556,44.34223662999775
31557,33.49770483160276
31558,41.40626871844775
31559,32.856590957792854
31560,34.62200774748953
31561,44.90385454500606
31562,30.379648090313125
31563,44.90769827329502
31564,30.10534038442823
31565,37.265872865286966
31566,39.445253970367745
31567,38.10380657821596
31568,27.856733144726178
31569,41.80584120675785
31570,40.136163317984106
31571,35.82864139181231
31572,25.82344480473433
31573,35.63655065065647
31574,27.744424559071703
31575,38.806078832818336
31576,33.45640964886374
31577,32.77296903314861
31578,29.954756984160063
31579,25.404614579395776
31580,54.12151946913198
31581,39.00360734613652
31582,30.82505880400724
31583,31.726388093797034
31584,39.22054989144957
31585,13.581755697331548
31586,27.625509928843265
31587,25.003265094569755
31588,27.118189086317777
31589,25.216698235456775
31590,25.232750488585143
31591,26.533720017778464
31592,28.426733074200513
31593,26.62463775602697
31594,33.2881641716974
31595,30.516797538876546
31596,24.299139344953957
31597,35.4421206406319
31598,22.438190333315188
31599,24.558329305364005
31600,22.20192004652296
31601,38.17702092482299
31602,32.25839138696947
31603,29.941893818649426
31604,26.755887368627278
31605,23.527695173241717
31606,32.95226208695395
31607,32.65958599756118
31608,21.61147589291882
31609,36.33096852623511
31610,25.77678472712857
31611,26.499443360738667
31612,23.646622724941253
31613,28.53033531599049
31614,26.8238135570952
31615,23.24429101395775
31616,34.92615151856568
31617,18.014375549928335
31618,18.87960198075963
31619,18.843314984422864
31620,26.156880420530044
31621,21.122892952825293
31622,23.389684788639237
31623,19.702228673260624
31624,20.066502041869548
31625,26.85204883092628
31626,31.923407490403036
31627,21.651739617876945
31628,19.86041586174761
31629,25.27565221644148
31630,22.510475974773616
31631,24.63328078055737
31632,26.413010488590068
31633,22.88755245681735
31634,22.356030492056536
31635,29.98706612699028
31636,21.661995747900683
31637,17.291461932544518
31638,19.33816950161345
31639,7.654397967057193
31640,19.109614695296788
31641,19.87037183065763
31642,21.075036807924537
31643,21.568074330995596
31644,17.72615192589568
31645,32.56120013305112
31646,16.997450684417043
31647,21.536550150077066
31648,21.7270790416487
31649,23.96094545146631
31650,30.84398444946757
31651,25.267827108169577
31652,25.95416828134303
31653,23.626325237857063
31654,17.89273399382776
31655,23.785238173673868
31656,21.618937832506315
31657,30.494277294250217
31658,30.433223366975056
31659,21.898462573565265
31660,17.07170968634659
31661,23.252998325077947
31662,24.465005409251127
31663,28.488478250862443
31664,29.812960106652547
31665,26.053551530308468
31666,28.253280806894907
31667,24.41048222435829
31668,24.192997813666473
31669,18.519726308374118
31670,23.64325702514726
31671,20.38709500273108
31672,30.734209700906355
31673,19.96866570470519
31674,26.467648368664847
31675,30.19660693736244
31676,22.314396589861715
31677,19.284731670258893
31678,31.471109708773106
31679,27.936823645182393
31680,19.354336449184043
31681,18.84443106666598
31682,26.250638743735514
31683,28.263444837885416
31684,22.03888182416507
31685,25.82436827511478
31686,23.34385325951255
31687,25.01449881474415
31688,21.04206975531994
31689,17.996658967696412
31690,27.40397182162276
31691,31.74686290539657
31692,19.82317262763972
31693,28.446391966285887
31694,22.8622857970632
31695,29.25824616779994
31696,24.849915327782277
31697,27.1873305879178
31698,17.268363993675766
31699,31.024691748233877
31700,26.595790452852732
31701,29.13114158973083
31702,21.91258599862311
31703,26.41905701358983
31704,27.987188006938588
31705,21.84913701386299
31706,26.949255143716968
31707,19.94465599812964
31708,22.888699518400877
31709,23.42722711456411
31710,25.13656898206452
31711,31.481399847458547
31712,30.608808424384947
31713,27.078785682245723
31714,28.64009837308793
31715,26.233507470236987
31716,35.50099411090591
31717,6.01088828624286
31718,33.238606111508204
31719,35.5090413574414
31720,23.915821451083083
31721,22.723466350651783
31722,31.789635956500277
31723,52.075330488797285
31724,42.361386928012884
31725,31.024094148756248
31726,23.23605018612019
31727,38.231432013815194
31728,22.606493528739776
31729,22.237286179974724
31730,28.522906718196566
31731,19.117121936251706
31732,23.452074177019654
31733,34.290634837657805
31734,35.128985718380775
31735,52.82096468296606
31736,34.114651873239254
31737,34.78775940312226
31738,31.727655557020412
31739,41.95209304730972
31740,20.15749117838111
31741,27.734197282646434
31742,25.451961984448168
31743,25.410459453010105
31744,25.870725523326712
31745,41.998280067565055
31746,31.792234287443627
31747,47.99823550872362
31748,33.41945718203679
31749,19.195325960814507
31750,30.42713777952413
31751,38.12256630077397
31752,31.660176973645648
31753,25.10225106155331
31754,25.053585879231676
31755,34.09253644520636
31756,37.195163461392795
31757,25.86858674770322
31758,28.1850251074479
31759,32.74506308001834
31760,23.5754652574479
31761,36.976619990388286
31762,33.02805148092131
31763,28.679126445558715
31764,30.973147367950098
31765,22.441134265912513
31766,24.415593469656173
31767,28.416126072854567
31768,21.800466724456808
31769,41.627985235033066
31770,39.33582291820343
31771,30.857399075527802
31772,23.840584257761552
31773,27.627099200276916
31774,36.272975448612065
31775,17.630756441284767
31776,31.480701401945666
31777,22.209309272739876
31778,23.93409122938401
31779,22.184046114667705
31780,23.608806027449464
31781,29.902147242393156
31782,34.62046040511682
31783,22.225542259289494
31784,20.444989582635746
31785,39.40092897274275
31786,36.599053232003214
31787,64.32655688800003
31788,32.709795465365005
31789,30.515427101256442
31790,53.00257078259342
31791,53.41631847769696
31792,49.67321948635494
31793,49.62754099395145
31794,52.940598247369564
31795,16.553614943001026
31796,30.301165571831497
31797,29.902147242393156
31798,25.527481624122196
31799,45.66404029164007
31800,37.07671461787075
31801,23.31649132417339
31802,32.03304652855222
31803,45.03189283486793
31804,44.191520223985016
31805,44.7634743981022
31806,17.04191519223021
31807,20.851846553752196
31808,38.36264387402584
31809,26.35008863752313
31810,28.852803896903218
31811,26.26772081964829
31812,35.05017933390038
31813,37.753935181088735
31814,23.00622102636312
31815,30.212138611020805
31816,33.66860935900196
31817,39.44602540143253
31818,36.76798807734738
31819,20.58521720017144
31820,31.852992919925263
31821,31.750265904078567
31822,27.59380460371154
31823,26.79261362023926
31824,23.904979753680575
31825,25.38889076972806
31826,18.39160540052077
31827,25.434974408536206
31828,23.291283239894028
31829,17.79790935028408
31830,28.611789238145832
31831,37.66795158707533
31832,37.74584784341616
31833,36.35379901544327
31834,18.901756533585342
31835,29.926024891291554
31836,30.53790737089595
31837,39.67352469586342
31838,20.924077207481833
31839,57.083407986131256
31840,56.022726027812325
31841,31.72046364498197
31842,35.15013105857317
31843,20.640295322943235
31844,30.23366607419935
31845,34.46670948688354
31846,33.072169005683605
31847,34.25960864081121
31848,24.755860378412134
31849,25.697732815161675
31850,48.344240144079755
31851,48.54072641464887
31852,28.276935805541342
31853,16.748840001790352
31854,18.093478448080248
31855,35.88161945324212
31856,31.020885799805818
31857,44.512494256074625
31858,36.73783737272648
31859,26.62641790487676
31860,37.75897229582545
31861,19.20786461811538
31862,21.633442428942693
31863,30.23366607419935
31864,26.81170048234194
31865,26.5844697253075
31866,17.747828487941902
31867,19.738975214739504
31868,23.323498987475574
31869,20.845430043435172
31870,21.91063440960046
31871,20.96127425707751
31872,23.07877451748228
31873,21.995704389278053
31874,35.974070072290054
31875,30.26794988085954
31876,36.73790207009053
31877,35.11259968786717
31878,20.42282486626983
31879,21.923589735911328
31880,17.847725144563018
31881,22.452583912643078
31882,22.310674353360298
31883,19.13801639010834
31884,27.859045450898222
31885,17.79838021950361
31886,22.613783850336574
31887,19.707137210367325
31888,19.81701681508156
31889,27.419343823519803
31890,18.712257426173995
31891,21.118830512594204
31892,26.34697446362921
31893,31.49576238618043
31894,24.566098689298318
31895,25.968684489469197
31896,18.973498123128465
31897,20.880472120420933
31898,20.997627806792494
31899,22.579205128666338
31900,26.71333398120388
31901,29.47020439162869
31902,24.20419299085725
31903,26.38584523842561
31904,26.762310722463717
31905,29.556856709034157
31906,28.116793682869826
31907,20.46987606189365
31908,23.417919837462893
31909,25.57468604536121
31910,17.31999616024941
31911,20.791105731110502
31912,19.99478891255327
31913,23.325048920046257
31914,18.15255295399771
31915,20.892671617863687
31916,20.695381028498524
31917,23.400328100401776
31918,25.74049312688806
31919,19.92974683037798
31920,19.32303819277146
31921,25.932027921471324
31922,23.60528120289552
31923,19.527190143529413
31924,27.581992124957026
31925,20.272611882014985
31926,25.16643587148685
31927,27.906827827248122
31928,27.09312917480277
31929,17.536049857777737
31930,21.01871851230738
31931,20.14390526393325
31932,25.711962794382373
31933,23.45038775791699
31934,23.839738993104838
31935,23.395152599039214
31936,17.989365886603522
31937,27.04040145365134
31938,23.37281285774972
31939,24.524481010281214
31940,19.380760862472055
31941,18.00431648425913
31942,21.916267573158862
31943,27.01523150982672
31944,22.595699032508634
31945,36.60622643034713
31946,27.672752455509354
31947,24.74357603644384
31948,25.659789985418435
31949,17.641176273528835
31950,19.63268919459764
31951,19.757542899338763
31952,29.683847762818004
31953,21.47941759309532
31954,23.5056628063575
31955,26.211264771823636
31956,17.940099188424835
31957,36.81377379954681
31958,38.50895097897559
31959,32.79387656954738
31960,31.26741159149084
31961,27.495348798702473
31962,29.578825172714893
31963,27.54557723604578
31964,32.64964683834779
31965,23.861588285078035
31966,27.282283138905626
31967,59.085650052167736
31968,40.036971559834726
31969,34.627501078545095
31970,27.09558112247626
31971,33.6997714600852
31972,35.86976951892021
31973,31.035328574363376
31974,27.719930891583836
31975,36.10946589457637
31976,36.76950509329745
31977,26.154930328133133
31978,23.88117706098298
31979,29.499204107089668
31980,29.838228468092645
31981,23.91074797441319
31982,41.06178263325179
31983,46.425627268634024
31984,28.32143884600508
31985,27.732223499544034
31986,28.17807133549597
31987,30.530050663063918
31988,29.9288482632155
31989,30.42039153793864
31990,29.29545773700619
31991,30.19229967706009
31992,25.74857212402723
31993,30.140393297100587
31994,34.12900847861975
31995,31.023842690764496
31996,29.168545686018575
31997,25.894734424793057
31998,27.622381108271668
31999,27.701453145425802
32000,25.853754869176456
32001,25.35727777405612
32002,27.131536927398407
32003,31.70108552896688
32004,33.02445195587046
32005,24.990353435064563
32006,26.11392113720568
32007,31.589828389344454
32008,33.61249223533541
32009,28.954347855026725
32010,31.348342953875346
32011,36.278708954258754
32012,25.47311307229031
32013,31.303320417355515
32014,30.26142632112095
32015,29.439478906191255
32016,26.33344096300631
32017,28.97892517469078
32018,29.794302548764648
32019,30.656313798799076
32020,33.423349761476445
32021,28.83655417582957
32022,32.886247043022536
32023,28.538898986281247
32024,35.34138546937754
32025,32.740468431850886
32026,31.84451684028579
32027,34.5216042988348
32028,30.39893323164511
32029,31.92657880172498
32030,36.2190149833755
32031,34.479688911692726
32032,30.568941048585557
32033,33.75326613147254
32034,27.947733470325915
32035,28.257899144642074
32036,25.860870737364422
32037,28.204876580371597
32038,30.990381335448802
32039,29.058843835391002
32040,33.65801079912251
32041,28.769960070432113
32042,26.47527617845971
32043,35.42052998134627
32044,31.206844062856796
32045,35.276044326897164
32046,32.89554773291013
32047,26.685011225423487
32048,31.472895933945132
32049,30.3356042336397
32050,35.52775485832202
32051,30.21064153497519
32052,28.187669772759513
32053,32.53419729592129
32054,33.657430054832275
32055,37.52271567335202
32056,33.166528549815
32057,25.886714504266557
32058,30.268665668054524
32059,30.24646573892202
32060,31.42477303394984
32061,29.907971951570566
32062,33.961426127828474
32063,53.278286630149324
32064,58.77555354016063
32065,30.91074185911239
32066,33.463093194854984
32067,33.14594803169889
32068,60.451283472708795
32069,30.77273487383009
32070,30.065043012886136
32071,41.89082681705075
32072,33.77641135198746
32073,60.62511395266233
32074,37.783805508186575
32075,57.70409422591004
32076,36.44226571614842
32077,44.563109494109646
32078,46.85884061521483
32079,31.11702725394519
32080,52.21169405038621
32081,50.023975959459676
32082,41.685930433856434
32083,50.07900216774333
32084,40.54528196606837
32085,32.7148440212615
32086,37.644916067067186
32087,40.29055649657029
32088,41.12189196499296
32089,46.95735826501715
32090,31.81454548742561
32091,37.12766689040048
32092,50.370316157742984
32093,34.878145170447944
32094,39.59350058127053
32095,36.68904356518195
32096,39.847856142463485
32097,35.14389651773874
32098,44.47805308534329
32099,32.76169582080679
32100,43.80425610912019
32101,41.467397318582
32102,47.28464146033053
32103,29.30938945988384
32104,30.641135096081342
32105,31.63343419407758
32106,38.69394379908592
32107,35.3424293591751
32108,45.89860121338961
32109,50.15483512051735
32110,43.833154205556156
32111,35.21026388854101
32112,37.267991660137604
32113,30.765808181179047
32114,40.485577559562444
32115,41.1043621701357
32116,52.59022270785411
32117,41.62794022988284
32118,56.871982519526284
32119,40.94672479492112
32120,36.11631234251922
32121,37.69747564412061
32122,35.80965055092383
32123,27.847369941048058
32124,42.31097840822776
32125,33.9790099757487
32126,42.56716023130206
32127,32.6329052890627
32128,32.5400863892519
32129,62.95116344116889
32130,34.22681191041139
32131,32.48180637142815
32132,27.57952481262805
32133,38.40146849381919
32134,39.65748497946466
32135,44.52322816071921
32136,43.008854319690265
32137,40.29404275126721
32138,28.78214707354047
32139,29.707531407711016
32140,34.11196745844904
32141,33.33539338098769
32142,35.69683341135671
32143,44.07032068554246
32144,27.99733962752604
32145,42.07755342737548
32146,45.49621923154821
32147,26.06606223304761
32148,37.03023048746015
32149,28.927170516225175
32150,34.6393679206506
32151,48.1754696916356
32152,43.262707882251
32153,27.761833727974214
32154,28.852421048467733
32155,30.246111136178627
32156,35.28510437159579
32157,41.09627304773791
32158,29.95500103805169
32159,36.181929192597266
32160,34.82240580202103
32161,20.185529583367305
32162,34.30368117276772
32163,18.89810126799684
32164,36.569159238950625
32165,18.622089982168472
32166,38.20994723171897
32167,37.26541497103535
32168,29.239124374905245
32169,35.4586900665715
32170,33.268058053237446
32171,30.10468886780191
32172,26.91833800522889
32173,24.587981455709443
32174,28.23716310261817
32175,36.82667262964943
32176,38.05281856685321
32177,26.209920799845733
32178,24.880232259815475
32179,29.787069181391118
32180,42.37796539956545
32181,40.52547789704409
32182,36.85807361377561
32183,35.587354250037805
32184,32.484760644234306
32185,30.7963355997912
32186,39.80518737287207
32187,31.93415590176322
32188,36.069328279357926
32189,30.691889255389647
32190,37.136126178984526
32191,39.55979605726202
32192,32.98169669132587
32193,38.16763005488389
32194,29.503759985062928
32195,43.344727554048845
32196,38.77131651316614
32197,24.256746855687304
32198,39.583833050263316
32199,38.26471053015455
32200,31.022086187366448
32201,33.54892732608407
32202,39.95309219977758
32203,37.81114857475063
32204,29.380833795662305
32205,40.05938398667364
32206,37.02908092115002
32207,58.49965063468949
32208,32.989771529331904
32209,36.032864175686186
32210,40.30064143765595
32211,37.223810771150234
32212,29.91990996207312
32213,34.66558600293436
32214,34.564138304168594
32215,35.99007798911704
32216,50.84394357224946
32217,41.096683054108
32218,36.27446346501182
32219,36.71166790609275
32220,39.33181649316313
32221,39.74619397997762
32222,40.18270096827309
32223,30.97310797174029
32224,32.5676191041568
32225,26.88415713275416
32226,38.467171250601204
32227,29.15130517259972
32228,31.01904553701916
32229,36.571914475355314
32230,13.945694848026275
32231,25.322116983019786
32232,23.275630280160527
32233,19.44401036273486
32234,29.005095374239502
32235,25.306419843851415
32236,38.211458307963596
32237,23.04018913099351
32238,13.981917418546406
32239,36.599053232003214
32240,26.67400354289002
32241,27.69776387239564
32242,32.80595710468877
32243,29.308344349123118
32244,29.520208430560807
32245,37.69241541159961
32246,33.30378107014309
32247,19.72521790534673
32248,14.17144249834778
32249,38.21442212423764
32250,33.431570995558516
32251,34.21606987423907
32252,30.949163073801344
32253,36.7801308874537
32254,29.59531452962871
32255,28.690189584554503
32256,29.682849109655308
32257,38.21582187717946
32258,39.23215606860705
32259,11.85616002137304
32260,23.427154220385923
32261,27.031920189950092
32262,33.204504296063455
32263,38.51529330508016
32264,37.57719217755689
32265,29.143377481617044
32266,23.10794729014249
32267,28.125225269912548
32268,29.2953031758717
32269,32.03304652855222
32270,30.10903110368551
32271,14.728717146403728
32272,38.986278264916216
32273,41.03382741348198
32274,15.24634211052803
32275,39.316281468142755
32276,30.610865768093696
32277,26.179442641039188
32278,30.1236652136255
32279,17.175531768813318
32280,28.060826348360493
32281,31.797848887585744
32282,34.46584302207728
32283,38.43558227675785
32284,21.134682818590147
32285,30.843035508646665
32286,36.77997344296196
32287,13.685312743216429
32288,36.50187190761164
32289,38.92793715154314
32290,30.611588555631627
32291,29.679982009018566
32292,31.61215032267438
32293,61.93357990704247
32294,37.72973596287631
32295,36.88317149671122
32296,30.78053479739213
32297,32.37758218287996
32298,39.53410777275297
32299,25.19702040166312
32300,28.250761161853028
32301,36.8369319074665
32302,45.068160397184954
32303,38.72441189427269
32304,28.49418027036223
32305,41.71826139282759
32306,18.621586086361777
32307,31.0365862414873
32308,30.3604437630741
32309,38.27504556641661
32310,30.120668771214113
32311,11.88327182238632
32312,29.135406659007458
32313,20.490506879751965
32314,30.553961163485333
32315,56.91022697666534
32316,33.8439773491774
32317,36.4482359149741
32318,29.54519725590471
32319,12.480343450363982
32320,27.602397481505086
32321,31.10923840238405
32322,36.16980641537353
32323,27.016105313497285
32324,36.42291182028751
32325,26.658728409621276
32326,21.363548090738753
32327,17.388524523706607
32328,29.973880537777063
32329,23.27278705996118
32330,17.316982137669854
32331,20.88749724946213
32332,24.112974107564444
32333,23.27839404312195
32334,28.017153087187253
32335,23.966704336679733
32336,23.811737014600602
32337,21.424271222825016
32338,24.552783476273696
32339,16.235096130164052
32340,25.653193055692668
32341,24.690016589671178
32342,28.54098384534192
32343,33.52328070704384
32344,24.441200917602956
32345,22.383123515518385
32346,35.01927920443162
32347,23.118712536543406
32348,28.89134636457588
32349,25.997769720177267
32350,24.669254389770963
32351,23.281687075225662
32352,26.886156964596495
32353,31.000172497599927
32354,25.35184282788306
32355,23.805524943866484
32356,18.414734197793315
32357,22.56196077966196
32358,23.93704944695069
32359,32.10068511260599
32360,27.416868820354395
32361,21.423467153225282
32362,28.77511833063967
32363,21.488515987173212
32364,25.341249025382265
32365,25.12595834439705
32366,20.12827521821148
32367,22.602343900315873
32368,26.034338333188586
32369,23.608806027449464
32370,23.437226737165815
32371,34.28496718688619
32372,31.14866049697038
32373,18.96841366247241
32374,23.40759127778905
32375,24.18547529151641
32376,21.086242038411253
32377,37.17825735068088
32378,27.323373544415034
32379,26.173237987751307
32380,34.151375467571135
32381,20.544869641680897
32382,30.702813056851575
32383,33.398954359824934
32384,23.802554494811282
32385,27.973781898369964
32386,33.21438811457593
32387,34.27690252047647
32388,37.45994436383555
32389,25.448110557699984
32390,27.4285402909373
32391,24.394862391597297
32392,26.73507164667464
32393,23.53755752212875
32394,32.443644348032535
32395,29.784696739447213
32396,21.39529337312673
32397,22.83339985541172
32398,33.13114367279789
32399,20.15749117838111
32400,22.369816353464287
32401,33.150598660220744
32402,24.94141761002483
32403,21.812096910609792
32404,38.41218872812508
32405,27.937718385231726
32406,21.00522099921561
32407,18.001274161590814
32408,17.18433284807563
32409,75.1045671141868
32410,40.43234695677638
32411,52.695434212650376
32412,51.299139424918586
32413,51.99904299168741
32414,48.90580943464741
32415,65.60947561610665
32416,59.942921065913566
32417,43.144481467693936
32418,51.17561003819504
32419,39.513579622937264
32420,39.947961558502215
32421,52.14889905505507
32422,40.99446662800839
32423,67.95125000422959
32424,77.42429678123285
32425,36.21350871327346
32426,28.668984382627542
32427,38.28945514566477
32428,41.82880716445375
32429,33.486453972612196
32430,49.11647699324945
32431,39.85273183744143
32432,51.96929338490341
32433,24.714193783112847
32434,31.48962659234445
32435,48.91716389040815
32436,40.695925611824194
32437,33.696358216063345
32438,45.12759454739644
32439,50.16935340111246
32440,52.08313217111162
32441,48.03926265231389
32442,49.15054854378291
32443,57.2367687948293
32444,36.4372568447488
32445,36.37714448485872
32446,34.166361858914875
32447,33.898725031023574
32448,40.36752837601119
32449,48.040415355481805
32450,41.02589966743104
32451,47.755954990119484
32452,39.591039582128154
32453,48.369137545592224
32454,55.0450973441765
32455,49.363748186546175
32456,39.07182791911734
32457,45.501718660761625
32458,38.69620057202504
32459,53.82877363628243
32460,53.46628043073268
32461,74.77452289392554
32462,29.516375711767054
32463,40.690067869219455
32464,34.29359575477756
32465,52.21384799940177
32466,39.669912803034265
32467,41.92099032431325
32468,33.27921390424612
32469,41.31063972323517
32470,52.62160270019498
32471,33.796804298320005
32472,44.30693666972413
32473,44.426340065804894
32474,39.51156528340539
32475,50.51649197082469
32476,34.8728897995397
32477,43.51361122735022
32478,46.65584057890507
32479,30.392292141706733
32480,33.40186813112855
32481,42.03751078617465
32482,45.21397323788546
32483,29.598589236934146
32484,28.86861712525942
32485,60.61495145270624
32486,31.421972248062687
32487,62.31344926107795
32488,57.87877264161765
32489,39.49651807897199
32490,33.58121476841736
32491,34.82386586772223
32492,37.1434101260121
32493,35.168647047308134
32494,36.56531936173529
32495,29.084464724169017
32496,34.32702838232585
32497,33.179096254631745
32498,31.636311959046324
32499,31.45989451042945
32500,34.21275777671592
32501,44.208353528755715
32502,32.459688915127636
32503,53.395627144305635
32504,51.91515286453269
32505,41.84602549344507
32506,31.97823933689166
32507,54.442495597703946
32508,38.80085310798895
32509,39.345736595263745
32510,35.91786916737207
32511,41.62076017378469
32512,30.56477358932115
32513,46.72355396149925
32514,33.92808452314627
32515,39.06658490029515
32516,47.00309875724521
32517,33.77641135198746
32518,49.223597028100045
32519,48.25780229614512
32520,56.2939163214395
32521,35.050610777177106
32522,58.846286221206924
32523,31.278030288490953
32524,31.782046557893864
32525,39.24557491285997
32526,50.47912439004058
32527,37.836008646825874
32528,34.48057602392437
32529,60.175183306661324
32530,80.19420905635013
32531,34.53355679025984
32532,26.203030015908006
32533,19.20786461811538
32534,35.12983993563024
32535,41.81206075390048
32536,45.501718660761625
32537,32.743179307838076
32538,36.13524916912936
32539,36.932631105441466
32540,34.46041813550003
32541,43.07068910603758
32542,40.34933949518885
32543,24.98933422191087
32544,46.18306697484702
32545,64.06044363317577
32546,32.92526424687073
32547,34.606043718712066
32548,38.455304406187665
32549,42.37228630185258
32550,37.06442427159515
32551,37.544365385695656
32552,28.45368278311588
32553,41.8990754687681
32554,31.7195026185192
32555,32.05497656120011
32556,41.90468476959254
32557,24.785647035046196
32558,39.263611977204775
32559,38.674776829772036
32560,29.170037799226584
32561,33.54182090629067
32562,44.52322816071921
32563,41.584797029269154
32564,30.82505880400724
32565,36.33211397537992
32566,34.83746018402502
32567,45.77138410933431
32568,43.22209041548542
32569,35.19578320055299
32570,52.16035006047349
32571,13.885723666685767
32572,44.062064914871264
32573,30.526854992293785
32574,36.390631191964864
32575,38.97704492749887
32576,43.03084883358358
32577,38.44305015031145
32578,39.169963655036696
32579,51.09253405768721
32580,33.73638230091883
32581,31.541392506237877
32582,25.700227508229645
32583,27.590391052929526
32584,27.194417659754443
32585,23.019409039523516
32586,24.134274080028675
32587,15.559388810074413
32588,24.69451338379367
32589,21.389441357225788
32590,18.19634904097897
32591,21.70152510861371
32592,24.372299413292588
32593,22.773030174913714
32594,26.581631767738877
32595,18.47840943524173
32596,22.912060802112837
32597,21.29960187280327
32598,29.850843278713768
32599,25.457909158529773
32600,26.184079362391394
32601,26.334896580371186
32602,28.79847844330861
32603,25.528386317196954
32604,20.968121380099763
32605,16.380459973900283
32606,16.525164230860437
32607,25.42041555630749
32608,21.088604286949284
32609,23.566027880691145
32610,25.15836748450966
32611,22.45094160766702
32612,24.046108871706174
32613,23.383575027930313
32614,19.54592834548884
32615,20.20929086535039
32616,18.63635971155845
32617,26.02826431731785
32618,20.23570468272092
32619,27.307042936993824
32620,22.762208577522266
32621,16.733374846966484
32622,16.817932402175543
32623,21.30014540297638
32624,17.12448008769701
32625,22.295810360819825
32626,18.90569599813849
32627,21.437404887126544
32628,25.609436228492335
32629,19.82069322041146
32630,22.534074097536454
32631,18.9252738239379
32632,26.285102646610582
32633,36.01352530249275
32634,28.132617975026015
32635,24.159264283910275
32636,23.667990973261663
32637,21.934381290532475
32638,26.13894326559543
32639,17.954898474797854
32640,19.942265504005572
32641,22.457520848094433
32642,27.331617914959494
32643,21.553874599290438
32644,18.26446542690907
32645,18.539787051254237
32646,27.26245524877678
32647,18.44295114254103
32648,18.820721323905644
32649,22.709640948680835
32650,22.07968759235933
32651,15.136312256006004
32652,26.82065416517395
32653,29.30037570433209
32654,23.158506843085092
32655,23.53661539252849
32656,24.79095463637958
32657,16.393405876466716
32658,21.865170611520686
32659,27.348221963822837
32660,23.33246952014212
32661,23.69086932787811
32662,24.103214443550698
32663,25.259618439205532
32664,20.339914072082138
32665,23.49263985775216
32666,28.60119462804665
32667,19.614741200000243
32668,22.26447523094227
32669,20.099691080246096
32670,27.186028927660743
32671,21.974947988298513
32672,23.450971934257954
32673,19.309872682898884
32674,38.00688362233922
32675,32.25370898700331
32676,38.76864708056528
32677,30.69986753389174
32678,35.33320818536452
32679,27.07808858200729
32680,31.415974111422422
32681,29.511814911443537
32682,33.37112704768112
32683,47.99661483178093
32684,35.02386866547181
32685,30.568266924806935
32686,33.3024085135074
32687,40.19364362087926
32688,33.11086615758173
32689,32.402510180074465
32690,34.77409441051367
32691,25.30214806997016
32692,45.25573420076636
32693,35.51333728420315
32694,32.177971607990756
32695,31.665819006482884
32696,38.24444840039686
32697,41.891559938826326
32698,32.43339189868675
32699,35.788785583126696
32700,40.1513312726747
32701,39.99391708396876
32702,31.172508982192284
32703,30.76427186390353
32704,34.95005593567114
32705,31.024523695549526
32706,31.77908165653018
32707,47.74643901760015
32708,46.17783244433065
32709,33.75209431432685
32710,33.701440735083196
32711,37.58899939748572
32712,45.99122934910228
32713,42.4051049886497
32714,39.95647500386045
32715,42.23183719062196
32716,32.756107076475985
32717,39.90442469143853
32718,36.4434249774383
32719,41.86228111018616
32720,30.118298986259553
32721,27.49907880793245
32722,46.18948585638645
32723,33.40760791165452
32724,27.429879376767516
32725,33.910022424147314
32726,32.14075015281206
32727,33.80918876110168
32728,30.089656067411212
32729,32.790070928395835
32730,30.6869063341788
32731,22.40044742778683
32732,31.70998309645116
32733,38.89486847138164
32734,47.34337558415239
32735,36.34665050512567
32736,32.8189748358726
32737,31.40941150847513
32738,41.00586483733317
32739,31.670811210980972
32740,28.811445990555974
32741,38.49877580982639
32742,32.766523310754536
32743,44.12425212265895
32744,38.3422162999045
32745,36.28148525205786
32746,39.65289243958736
32747,38.42037732701736
32748,34.50186966268939
32749,37.15990298034557
32750,45.77138410933431
32751,33.468251677255914
32752,28.792638873917383
32753,43.399050529152355
32754,37.60657378951498
32755,36.56909307066665
32756,29.685336393844224
32757,29.821778589035652
32758,50.071878397993636
32759,57.12965154771027
32760,36.61367786598683
32761,27.664586199162287
32762,24.601641581161076
32763,21.25082184736596
32764,32.66278911404886
32765,36.227331161328976
32766,27.782319017839754
32767,54.39267007379101
32768,29.655510380463376
32769,29.341291310030037
32770,38.99523549847691
32771,31.961200178378014
32772,30.862163263873583
32773,56.278499351970325
32774,35.695104499562014
32775,32.858721522898264
32776,33.2618905021962
32777,32.037864144969696
32778,37.48168325896637
32779,30.807361168810658
32780,7.94585536303596
32781,32.43254021121565
32782,28.37949816310298
32783,25.024733697576043
32784,24.25381294850903
32785,38.49093882245411
32786,36.71944759189227
32787,37.949725241576346
32788,32.634784963452496
32789,28.020935267556098
32790,43.02171054760993
32791,30.525404723190334
32792,24.59243552670807
32793,41.56241809013641
32794,31.43229088450041
32795,23.456235065515518
32796,28.67310672739758
32797,20.671952995063446
32798,62.40540885360868
32799,29.200218903722153
32800,24.755860378412134
32801,19.412392496472872
32802,58.663342083006896
32803,28.344016945799254
32804,28.819731807807017
32805,21.68495574084237
32806,35.066408314805145
32807,21.13207581814896
32808,43.2022125663681
32809,29.01522339671881
32810,22.881588765959854
32811,31.68075684676795
32812,28.22347983925234
32813,34.383929343445715
32814,24.9126877590286
32815,29.752060117047527
32816,18.309267466717003
32817,30.254748030854856
32818,28.871059770155156
32819,20.640392262501198
32820,36.9310398557727
32821,26.801279663084706
32822,35.09057883297767
32823,24.220105847025216
32824,13.911554772831675
32825,28.414794684605006
32826,35.01296598935331
32827,29.319411371895796
32828,27.06972296227851
32829,25.385059410394334
32830,31.615710698241784
32831,21.75604437505198
32832,18.12380899533376
