ID,track_popularity
26266,21.73845794515894
26267,23.734361947377803
26268,18.74655314861376
26269,27.02852137802022
26270,26.743050554524014
26271,25.578508611245027
26272,25.723605599262164
26273,28.11560114766692
26274,30.199699680766756
26275,26.66353807200484
26276,28.642771537715348
26277,33.81509737614759
26278,34.33377357222766
26279,28.340035634836564
26280,31.482148858383333
26281,25.66720208618257
26282,31.95715897543299
26283,33.410757767613106
26284,30.48185385712411
26285,31.94362161956382
26286,29.549277125190706
26287,31.459716039102055
26288,26.985883549796856
26289,28.66934988195471
26290,34.30771048248256
26291,29.602899272566635
26292,27.88639105018232
26293,27.041872026325432
26294,33.326440656522095
26295,31.237443212477146
26296,24.045005760806067
26297,29.845069618156014
26298,31.22678171513286
26299,40.697461152495265
26300,35.3927064856895
26301,31.359693046577487
26302,32.13782461000284
26303,35.17747187906024
26304,38.215096455721756
26305,31.425850668185657
26306,37.53638790345656
26307,32.68022586893
26308,29.935591200102408
26309,40.10653076831097
26310,28.64931217940286
26311,38.257263892680456
26312,28.934700122604823
26313,30.194049897763904
26314,38.452358338234504
26315,33.36393940275475
26316,32.06106169854774
26317,32.97337476335039
26318,29.66274203919072
26319,30.79168265930874
26320,31.548267216637463
26321,32.18524735293805
26322,29.567538951499213
26323,22.92019954334376
26324,38.8499114878389
26325,34.072289635291284
26326,38.312627520485975
26327,31.21328810735052
26328,36.42213373866391
26329,31.614370485776856
26330,27.764643134221135
26331,37.94499989950694
26332,33.218783393583124
26333,35.91790217184275
26334,33.22763689126472
26335,29.912421673147957
26336,39.441372623044956
26337,40.25075342182758
26338,41.34574034262113
26339,32.72422090552746
26340,37.856526325879315
26341,37.15021176362809
26342,37.19657133469947
26343,45.43054677813473
26344,42.55524421041498
26345,43.3239652026184
26346,44.50496707008428
26347,39.997139351514065
26348,48.598427626278884
26349,44.16167271890339
26350,34.016754113725675
26351,39.56447935784855
26352,33.952617613491356
26353,34.930931327325524
26354,29.142167097846073
26355,32.08966338658552
26356,36.060185641709204
26357,35.31315505357805
26358,31.073026710048502
26359,36.18995060476264
26360,29.146794637438344
26361,33.583082147345394
26362,39.97542603297276
26363,43.30689164619894
26364,52.15569864086479
26365,47.705123374034244
26366,53.8866809073756
26367,61.278125978704004
26368,38.16374146089282
26369,36.99270185871677
26370,50.82785503719006
26371,64.76561781047823
26372,35.2167223184034
26373,53.38644710256082
26374,51.15436992869496
26375,48.85985639846224
26376,40.24417413988833
26377,57.62863254273173
26378,43.74000782643452
26379,39.63828684336719
26380,51.04656398048161
26381,40.12226962554768
26382,43.82008532934351
26383,21.414275799351348
26384,42.57778118015136
26385,26.94549971138631
26386,33.07116436715422
26387,37.825924567051615
26388,39.10112458408485
26389,44.247560443841884
26390,40.50425077908266
26391,55.76727586282506
26392,25.26919109054715
26393,28.689885779660628
26394,37.611674433450844
26395,47.75298289138212
26396,34.780765653774836
26397,40.52678010902948
26398,38.473274736854925
26399,39.32815714301978
26400,45.018590516405624
26401,36.991426460519534
26402,40.87172920822544
26403,30.95592085182212
26404,50.882704369335904
26405,43.47915684425771
26406,56.87575680749124
26407,16.878468563122787
26408,29.470080024345883
26409,32.25434656313352
26410,33.5944875078993
26411,28.581722959083976
26412,51.929543043641566
26413,29.006420021615508
26414,39.63513435217038
26415,39.12817230255258
26416,34.46464907587494
26417,40.52512581383186
26418,43.207259752796276
26419,66.60760033369537
26420,62.03952852498701
26421,31.993873668744747
26422,35.7530443904986
26423,39.94831802488815
26424,27.813269936880403
26425,35.5039307757472
26426,33.5559609163355
26427,38.16961841693919
26428,35.312761245901314
26429,40.811195118804406
26430,61.2518515966772
26431,57.62402406765636
26432,36.62107954701756
26433,55.39094754423002
26434,40.600250937530156
26435,38.16666574972816
26436,36.106344993915116
26437,35.99646203768918
26438,50.70426308116706
26439,35.96875595991226
26440,21.61476820549763
26441,36.53103036384363
26442,38.78721585580457
26443,41.85973807570514
26444,41.96842304028766
26445,62.83979545042723
26446,48.16522415289738
26447,26.648150998869394
26448,30.668924568294273
26449,52.69625394945399
26450,59.377332837722136
26451,31.743984533827923
26452,38.80639703797704
26453,34.86344418313399
26454,38.49266806477145
26455,34.38464484273295
26456,32.298256430743315
26457,36.5103496349957
26458,36.97220301826138
26459,28.212309983690815
26460,40.34504969358832
26461,37.75670496212067
26462,30.79917899553059
26463,29.434620752579345
26464,29.448178897118122
26465,33.3059117717832
26466,34.738330446696935
26467,25.008530548178822
26468,38.26312190338058
26469,33.26281232252343
26470,35.94344240345577
26471,36.7498447957895
26472,37.51024164607557
26473,37.43850485085429
26474,25.35344531911511
26475,35.52984521252618
26476,29.552265154668184
26477,32.928278364626415
26478,35.19568230828014
26479,29.72028987494653
26480,36.578218532392555
26481,40.3540383538968
26482,31.031820668579286
26483,40.506433952979854
26484,34.94182023792577
26485,43.53007688560289
26486,32.62424173901455
26487,40.46552214066572
26488,39.6460974965011
26489,37.05544300081894
26490,32.458590962092714
26491,35.0734532933225
26492,31.683290816101728
26493,36.80064873249716
26494,32.784597702518056
26495,32.734238744519104
26496,33.677070767091806
26497,31.738566037972763
26498,36.163177534215365
26499,30.338471494758867
26500,32.524253981221285
26501,38.01049234138618
26502,38.12432225046754
26503,37.5338370568378
26504,32.38019724609064
26505,31.641545854828617
26506,31.36787685904293
26507,26.559537286878154
26508,25.244779426674754
26509,33.87035751713521
26510,37.00678693125314
26511,30.143730537085276
26512,43.01177008029988
26513,35.45830277171582
26514,34.794940762452285
26515,32.7827959017443
26516,33.52919861390798
26517,30.124957401146112
26518,34.79630446248808
26519,28.817122456863363
26520,37.63149349155827
26521,34.92323435549101
26522,32.35585764990259
26523,30.308585993589155
26524,33.99030092829705
26525,35.12443379946516
26526,38.65110408400855
26527,36.01127881076504
26528,37.1977387138136
26529,45.98080292654833
26530,36.15849647250707
26531,28.095873384841674
26532,36.20779189137701
26533,29.088035441495965
26534,31.17275102652837
26535,34.82300702625668
26536,33.44887710847704
26537,41.82137239532045
26538,37.85466015831112
26539,37.25803809137984
26540,25.855885532287438
26541,31.449291389812565
26542,33.99386519002382
26543,33.13995109757487
26544,32.37251036633041
26545,35.96797747089609
26546,30.469535481725536
26547,33.373286444394665
26548,35.50399974773897
26549,31.41526025218054
26550,31.664930610954123
26551,40.259148515217355
26552,46.19848517527646
26553,54.26016888885767
26554,31.8158615370213
26555,36.166464384311176
26556,52.98190405962582
26557,33.800242630748244
26558,24.450298630946353
26559,37.11697914547933
26560,28.916859945198897
26561,39.305398481971466
26562,24.538265528702148
26563,37.847850804253284
26564,36.678588235669935
26565,38.68334030380239
26566,21.254164928041153
26567,19.183631611596425
26568,52.31373648126903
26569,28.33261045656088
26570,28.83053625046239
26571,30.506805531624877
26572,33.333260694983025
26573,30.206135359356654
26574,32.512063218376156
26575,32.291567499956685
26576,22.101552858168127
26577,42.28442566833772
26578,29.14700949147761
26579,45.50769110020805
26580,47.6790460382162
26581,38.27899609510127
26582,33.81999739646915
26583,47.587265262912524
26584,29.628294727811312
26585,31.333526423456696
26586,27.521973730352133
26587,18.66862053164766
26588,32.29828680462919
26589,25.86018883187011
26590,31.13135103817877
26591,33.708497927347246
26592,50.3693933698449
26593,39.223620084280014
26594,30.339648716724994
26595,60.33234956415447
26596,53.082472351034056
26597,34.24612682126024
26598,63.90010553747048
26599,31.594291397671704
26600,58.679504475505496
26601,54.2692854529002
26602,41.828327910908925
26603,45.15805461477991
26604,35.99426872812736
26605,32.398744020283736
26606,35.36936416087333
26607,34.054338456260794
26608,45.23587469352792
26609,37.74941033638543
26610,36.97755962628961
26611,47.97153655005767
26612,41.32704847209669
26613,42.191872525742845
26614,49.34812983851746
26615,56.89366006810325
26616,37.88463427777075
26617,46.67537096077398
26618,65.94766524138117
26619,43.486034810878344
26620,46.6966966753477
26621,41.537034812456845
26622,24.90698328490682
26623,33.47241186983699
26624,53.80135653637536
26625,27.32691785835276
26626,55.08988955184188
26627,35.41491804824199
26628,31.86889246290449
26629,25.81006733352331
26630,42.404379582680264
26631,35.71350940617443
26632,28.57900334549807
26633,48.19594772648456
26634,58.82088849640343
26635,26.781544899601446
26636,25.93951883151531
26637,30.53585763397257
26638,26.306947444364535
26639,39.35913261341796
26640,41.100303146315945
26641,26.151698863811056
26642,31.067334935505194
26643,40.27694581400425
26644,36.13323350488839
26645,21.61476820549763
26646,30.28874573585766
26647,52.53426310344136
26648,34.25846517199486
26649,31.53413310063266
26650,63.87398762347178
26651,46.63279963241792
26652,49.84689268842546
26653,43.147820445459466
26654,37.4174093376474
26655,28.930284590448828
26656,32.65062952647439
26657,42.68931301067863
26658,35.08085076405884
26659,30.870100345699427
26660,55.2260625510676
26661,28.323973585614418
26662,35.95466781680063
26663,47.129172919447875
26664,41.937379377674326
26665,27.8121396560289
26666,31.386466426564432
26667,47.661957210316494
26668,33.0937567034754
26669,36.62955225280908
26670,28.8971714258278
26671,31.72670342852623
26672,36.62999026364916
26673,49.7232872433781
26674,45.864853767695145
26675,28.27703373482259
26676,50.085885840515324
26677,37.66407062886055
26678,34.37697139365265
26679,37.81295243180025
26680,36.19479463825692
26681,40.254154288748325
26682,30.1600045549419
26683,32.76934843306808
26684,38.748713152091355
26685,35.73045517918594
26686,25.553782478367662
26687,31.69242697637467
26688,36.030440249179854
26689,42.75423948894697
26690,41.741309242180904
26691,41.04398504886994
26692,33.31328784127239
26693,38.8869161751558
26694,38.63498480454896
26695,48.46152150116252
26696,48.09332858496094
26697,56.37181150047678
26698,39.22701377336455
26699,38.827796642340125
26700,33.979900023225596
26701,39.1258430120388
26702,36.472565817015685
26703,42.17555322656952
26704,34.520453632336945
26705,38.43459563927869
26706,50.04506990015397
26707,43.79451789789977
26708,44.2076264482512
26709,39.802870789465715
26710,14.438547414552758
26711,41.899848137200344
26712,40.553265118196485
26713,28.461297467128656
26714,35.150456413192934
26715,53.612645843688625
26716,49.77549808222625
26717,39.22224289296497
26718,29.5875225329012
26719,32.756081933133146
26720,33.75552037701431
26721,41.45785887288549
26722,37.385839646779914
26723,38.039158822360456
26724,39.96925757697306
26725,49.563320691228355
26726,44.66569664383316
26727,39.89346212908973
26728,56.020035904733014
26729,46.217155165870516
26730,41.09455978225897
26731,40.257128867700274
26732,37.18084106894398
26733,38.31695436936846
26734,32.603408497617565
26735,41.75932959106985
26736,40.42304771331746
26737,38.381504712539666
26738,47.022083794457856
26739,36.76104100382233
26740,49.77099265178062
26741,35.33581830612191
26742,45.01918183408045
26743,34.74324476533048
26744,32.74129644180787
26745,51.33893426589599
26746,34.091980721253144
26747,34.79200889619119
26748,38.51940632396924
26749,38.50874995742411
26750,39.32442123035219
26751,44.930562341229
26752,46.57031506343516
26753,48.84310448962654
26754,52.91125909578744
26755,43.47929819717723
26756,46.15808129924776
26757,28.939213258323672
26758,34.510572187479724
26759,38.43612766543069
26760,29.691711206630973
26761,46.8832580759783
26762,42.906097065202815
26763,38.80065885060738
26764,56.792223794286414
26765,46.05856117441467
26766,41.46161058318568
26767,40.620977359395305
26768,29.565251649860425
26769,32.53554892490888
26770,47.18736355266181
26771,40.67232975214312
26772,44.40842574325569
26773,41.50009309797835
26774,38.11712028316376
26775,35.2093944522844
26776,40.23436308844327
26777,35.02379427723681
26778,55.945718671186164
26779,40.97924176405559
26780,33.16871618262475
26781,38.08352827969938
26782,41.7570682125958
26783,31.261432318272725
26784,42.12950536105146
26785,35.482408093451824
26786,35.26352917578513
26787,35.07951943897248
26788,38.19133071927944
26789,31.40181677862999
26790,16.975955106026824
26791,14.524792766476793
26792,40.751885428073415
26793,24.70585132762808
26794,34.077683619893286
26795,35.739940363415386
26796,41.475918969576675
26797,28.857620529040602
26798,33.121477463836996
26799,38.443831349319815
26800,40.42604303350062
26801,43.14043514720398
26802,17.889468615886056
26803,30.155005378785994
26804,43.554254524356494
26805,47.932737180948216
26806,42.96710553715069
26807,50.47585672395315
26808,35.96368332344631
26809,19.374266357260833
26810,40.71005590382953
26811,36.7759114209577
26812,52.904046046575345
26813,44.79110617614976
26814,43.05183100234007
26815,59.98427455613614
26816,36.838060222070354
26817,62.83597638073853
26818,37.12945452554615
26819,35.064095393007406
26820,20.436523683827257
26821,19.57087216257827
26822,36.28117105521868
26823,29.338859203874915
26824,32.47200216954483
26825,38.65606705594045
26826,23.456481557517975
26827,57.46682114436446
26828,50.834247109728764
26829,43.15774278955582
26830,29.55247123051145
26831,61.22769997083439
26832,32.760168290814676
26833,36.790026960365466
26834,32.12440236628509
26835,26.733961740122584
26836,42.3529952462064
26837,58.646142525432005
26838,39.5725806102083
26839,12.191608077356733
26840,29.28240442416519
26841,50.39354769420346
26842,49.56118792253856
26843,39.91377059689635
26844,29.17871649678985
26845,24.667657140642266
26846,35.842203702809016
26847,21.706500383052187
26848,39.33193362905443
26849,41.73610741318245
26850,42.11535568345413
26851,20.27821709943792
26852,40.22519193742738
26853,67.81873818070207
26854,60.15322801887085
26855,49.46847364978003
26856,44.52066692782449
26857,45.81857490770972
26858,34.22983700910234
26859,53.10697326400008
26860,55.933729062328645
26861,37.29672394613636
26862,47.53292222568943
26863,28.33998409017161
26864,32.70917418901871
26865,35.81230630169165
26866,33.62721660874041
26867,58.300081841736926
26868,56.704930946581825
26869,45.47338211588664
26870,37.512192383914474
26871,57.08069590732866
26872,56.76171688398714
26873,24.978723964191232
26874,41.137319293335736
26875,41.419446760427235
26876,42.588832211493425
26877,48.51867576007987
26878,65.86556147593022
26879,32.17760513920146
26880,58.44111568359823
26881,45.30565929250864
26882,52.44234084712263
26883,39.44290463258133
26884,43.48176076518734
26885,40.673747606693
26886,34.109401556529846
26887,46.30957893961363
26888,52.878459598435875
26889,43.16040780689257
26890,49.03224530289287
26891,49.1974517188829
26892,74.23841866097216
26893,30.347466707822846
26894,31.844906263213453
26895,61.58475529027407
26896,47.148115656526066
26897,58.41241070727554
26898,43.33947987238762
26899,46.51535564697095
26900,46.55472698548224
26901,42.00554600215468
26902,74.7703225349491
26903,37.95355464374957
26904,31.91917877022791
26905,45.98434324239043
26906,61.91874973174088
26907,44.60707407017138
26908,45.478213410808905
26909,38.41814476092961
26910,45.953354569547216
26911,47.996659022175784
26912,40.172317556843744
26913,45.31966676025473
26914,57.51679410677602
26915,35.169191465433876
26916,39.4901629006125
26917,68.72397930477926
26918,40.315558949964725
26919,43.55730841568799
26920,43.885042471947955
26921,48.82594713022323
26922,33.8482241218031
26923,39.290996762781774
26924,39.6463425383751
26925,45.75323715400117
26926,41.16712080145841
26927,42.87633153190382
26928,42.768111229126376
26929,40.84867583934658
26930,38.96825282617257
26931,41.75869998465709
26932,46.57252210706381
26933,48.38383548359932
26934,44.92778646182802
26935,40.92194807565497
26936,60.04936218850999
26937,47.12191784779163
26938,45.472913831022694
26939,37.12355826745332
26940,45.87214132179532
26941,44.04902244456223
26942,36.81085059707141
26943,46.10412603086477
26944,48.94789090251407
26945,53.02639988824199
26946,41.23829619828267
26947,36.53613392662087
26948,45.64260095329903
26949,31.183806483969747
26950,48.09232621759897
26951,36.238236947351645
26952,39.109243434246714
26953,43.293323390053885
26954,50.98102718111069
26955,44.670218684809626
26956,42.11875819346215
26957,37.25970501299192
26958,56.61412962310504
26959,30.06649316547649
26960,51.4570552055772
26961,34.43115522035805
26962,40.916503540780255
26963,39.631496986963526
26964,41.901619030471124
26965,38.52833705070411
26966,37.57832102437086
26967,41.87727345575975
26968,39.678591169579576
26969,46.09467702931874
26970,38.39685846223131
26971,37.09019050340221
26972,42.550716550412524
26973,40.80045205224527
26974,50.307182526276954
26975,35.95665253247798
26976,37.757082126678156
26977,39.83509260143525
26978,54.48681484980501
26979,32.65536801963272
26980,35.57301954782707
26981,33.44036444723153
26982,44.11236813275102
26983,46.863883990749855
26984,38.74499445783264
26985,46.937372067991575
26986,41.6288745473052
26987,43.753929385544374
26988,41.15686526211137
26989,35.510481393187746
26990,46.785586745588894
26991,38.277108701717815
26992,50.761841377129315
26993,40.128896942054276
26994,33.56856199669651
26995,39.23733113118246
26996,45.219997686259326
26997,42.42850778742343
26998,49.500376971752665
26999,36.73517861656567
27000,46.9127481035664
27001,33.332702491823525
27002,43.02638239625037
27003,43.53278345075232
27004,39.26030753641213
27005,37.720633769509845
27006,39.75307902981189
27007,34.06544623863803
27008,40.98686200667182
27009,36.565337584822615
27010,33.49329815203155
27011,45.27533461572858
27012,52.834860163633024
27013,36.532743130826304
27014,34.84716717802644
27015,42.34885516333742
27016,36.762270229282755
27017,39.29450958813907
27018,37.149721403815214
27019,44.18145769983988
27020,39.64028448200594
27021,36.39013605918444
27022,31.9380081147876
27023,32.09513925413226
27024,46.65245638677299
27025,36.91302019392378
27026,30.77118692452516
27027,36.72443224488058
27028,39.78752798823053
27029,32.35713579201798
27030,43.03362706246727
27031,30.01110517157351
27032,20.214333840496252
27033,43.350209660084346
27034,36.51470193911839
27035,48.16847294049874
27036,35.41186205248155
27037,39.574973586342665
27038,36.459915498005905
27039,49.50822937145705
27040,38.94060242428695
27041,33.51995974678801
27042,36.5020377203633
27043,24.475448329811453
27044,36.740331982221875
27045,38.91919043489736
27046,39.002950390295474
27047,47.77329201543657
27048,34.15779182512864
27049,36.1090592733938
27050,42.23043108617088
27051,32.13646125885234
27052,38.28234345035382
27053,38.28447613616138
27054,24.60465776845227
27055,31.48377665125033
27056,37.34512361885967
27057,35.505361710778374
27058,23.77859988713899
27059,36.9415550848531
27060,37.79874750398809
27061,35.73208738392648
27062,30.08449492996781
27063,31.661919229796574
27064,41.353481620231406
27065,49.85782951271735
27066,30.926963889031605
27067,35.97954304067638
27068,36.94053593306793
27069,34.80195287560993
27070,34.38083438170769
27071,30.03970840356679
27072,40.50411228064611
27073,37.74402451714458
27074,37.42930253110892
27075,37.6228008925452
27076,43.91191929203746
27077,34.74976552994008
27078,39.08455708831071
27079,39.080314291820656
27080,21.99507139180095
27081,44.217832814390896
27082,36.5146066465771
27083,41.484156382252
27084,34.2727713751481
27085,39.84215352937926
27086,44.91225171752266
27087,38.91278502846263
27088,38.5694788337101
27089,30.730447714910007
27090,32.505046687296975
27091,36.94505614123608
27092,33.50878064587485
27093,38.05034924823439
27094,40.25630300057887
27095,38.770148511469344
27096,38.427189666187175
27097,37.137003381739376
27098,34.95115122629122
27099,43.40284189317333
27100,41.94422359326139
27101,38.687492275114025
27102,35.9023951147126
27103,28.329709309466136
27104,39.288609719214534
27105,36.572182730110626
27106,29.1473954307125
27107,36.49272475272962
27108,36.980423102955
27109,34.49470191080759
27110,42.758981507873344
27111,35.76137725832455
27112,41.19568681597442
27113,36.23935004727014
27114,33.82975325170344
27115,31.524075519656506
27116,36.899114346643984
27117,33.65177577326459
27118,39.29002668677642
27119,44.32689438589647
27120,39.98486964425817
27121,48.18575711928331
27122,38.01052520877534
27123,33.348148243614936
27124,29.571887933256704
27125,28.109389532597277
27126,33.94942814415772
27127,35.510915201424936
27128,45.32144264936863
27129,31.05954252972193
27130,37.69362476949815
27131,45.374182895312316
27132,40.38977129750192
27133,30.630472266374927
27134,42.16324767841744
27135,40.49304363540941
27136,35.88891470260082
27137,34.83251410230328
27138,27.79886683432226
27139,37.108218178946196
27140,38.660012106459256
27141,39.11212265331604
27142,29.159942529121906
27143,44.38542569217606
27144,43.41739701821669
27145,29.55723048071141
27146,30.654350499118895
27147,37.74343226615522
27148,14.620514969821734
27149,44.41833941970388
27150,38.084337637706106
27151,25.523254398706115
27152,26.935383918421387
27153,43.181839045772534
27154,36.509852559326504
27155,42.6872091762721
27156,40.80246381516677
27157,41.35715796709702
27158,42.266148583934175
27159,40.4866716906532
27160,36.67265098478069
27161,29.343961259178162
27162,36.6346457162287
27163,38.4458076675863
27164,36.43975249684805
27165,28.858026810956467
27166,45.57365402592238
27167,35.68582457727254
27168,29.027944287129905
27169,35.664420840318485
27170,38.972136556068875
27171,38.60853784911577
27172,31.41766090648389
27173,32.30072598586228
27174,40.79526747212886
27175,29.38810675337628
27176,83.26800324218132
27177,24.700157940102024
27178,32.176232333459346
27179,41.02152323408941
27180,33.232401752102774
27181,34.95768908010183
27182,35.19568532574239
27183,25.992234150377893
27184,36.94894970627826
27185,42.27573921526041
27186,39.33478754608179
27187,37.82313679379939
27188,39.808103621057015
27189,34.79986327755003
27190,34.11545340666437
27191,47.701092117101545
27192,40.99965569602146
27193,28.999460678219236
27194,33.75737238893184
27195,36.3602195210083
27196,34.14347410986943
27197,20.968185797353836
27198,49.354604186374885
27199,49.04920724261391
27200,37.09892902334754
27201,26.232299812394736
27202,32.76457966952722
27203,28.41101334758994
27204,31.58500075667211
27205,41.39787179019197
27206,29.81285018666714
27207,33.87058039407634
27208,34.36438568920508
27209,37.66032787452505
27210,36.94855998220938
27211,34.93549306520049
27212,33.55468580682086
27213,34.10166487456772
27214,32.69688012583852
27215,32.562673624238926
27216,49.7641855990005
27217,57.24687919319582
27218,39.97147031720304
27219,43.41125688350968
27220,58.90220982569171
27221,37.05332589248377
27222,42.794020720523456
27223,68.62654147292282
27224,56.42099122963092
27225,33.19678729120893
27226,63.2243026330309
27227,38.91992883278013
27228,35.81230630169165
27229,42.85864554997136
27230,64.22745870323484
27231,72.6024932160408
27232,31.87428778840488
27233,60.29162886587747
27234,41.10880471162614
27235,64.75619963471995
27236,27.534572680288505
27237,64.26032231739401
27238,33.254524719549565
27239,44.16754797624531
27240,44.40177638546845
27241,39.29458903488572
27242,46.559149456302535
27243,53.99898841681266
27244,29.86998427466776
27245,25.10867875144509
27246,38.212409573407
27247,38.31006369305184
27248,62.29935688052329
27249,33.882971558489494
27250,52.62238387623918
27251,33.7611490835649
27252,58.230639138351755
27253,39.43548452139071
27254,44.48773407054889
27255,37.08552228952439
27256,57.43225434186874
27257,63.99382284471797
27258,56.0538265971079
27259,39.14627727299467
27260,45.111386051128946
27261,47.17308981644771
27262,52.56540303892908
27263,45.14524358746613
27264,40.14571816809305
27265,45.25385081637372
27266,41.93519595672789
27267,26.015692050583585
27268,47.908847863982494
27269,73.55045798630114
27270,46.44072238226204
27271,36.52152985524063
27272,42.574450814901894
27273,43.40295467335254
27274,44.04949650153605
27275,43.282624035227535
27276,38.53078969295927
27277,34.1118338106556
27278,33.148514068865765
27279,42.06337576700135
27280,41.40526661383203
27281,41.07740858628719
27282,32.110712526781064
27283,45.60006778354635
27284,41.92178621480138
27285,40.781204720577556
27286,38.23218140887411
27287,42.96017991688377
27288,34.223240924806035
27289,48.230550689616194
27290,38.79680325988137
27291,50.21541517154568
27292,40.9703879771995
27293,48.59774906037367
27294,41.20239398540091
27295,39.409301017462845
27296,22.56383098211588
27297,28.187579310675865
27298,36.84181184178719
27299,40.90365606965135
27300,27.43294896536916
27301,37.72610218642852
27302,28.539050665584085
27303,42.82853700071607
27304,34.83265528074721
27305,41.55809014887013
27306,47.639925510499424
27307,36.969188050667604
27308,45.86453855500297
27309,33.78854297473155
27310,38.112127948003334
27311,46.176020067926636
27312,46.91210458109028
27313,46.98079274384556
27314,35.280519344095225
27315,33.0237158011654
27316,38.966104722023665
27317,26.325967346735723
27318,35.0096916331362
27319,43.62246982102969
27320,45.90886647313961
27321,35.536626233807695
27322,39.732993007918914
27323,40.98998983647728
27324,39.71800157240892
27325,40.12534446690563
27326,44.10766911003704
27327,44.74613487522296
27328,48.56631929669072
27329,42.2084400597241
27330,37.204951768152725
27331,46.34308003257561
27332,38.70496862340138
27333,38.90970378013381
27334,27.1021378071647
27335,35.6657395761095
27336,28.631416096699326
27337,32.903719022855775
27338,34.45065042889143
27339,24.618080541549006
27340,30.55851728603058
27341,33.04468785691774
27342,31.775095397928737
27343,27.631205335477407
27344,39.21109346380105
27345,20.002790491425614
27346,34.86538680789147
27347,22.61979619057048
27348,27.546504448563265
27349,36.00839918081485
27350,46.35822709211208
27351,41.619043392511415
27352,20.20954531719836
27353,28.604347611734585
27354,29.80892630443346
27355,29.547168340365666
27356,44.73397686807188
27357,42.27631386235622
27358,40.02169096664046
27359,35.67198465339291
27360,21.13053794616632
27361,36.540779891680046
27362,35.03604839307846
27363,30.64032114473952
27364,36.59292725637254
27365,33.90857945757833
27366,34.141883369708204
27367,30.867391810021513
27368,23.523665179340565
27369,36.85256317719727
27370,24.293489004958868
27371,35.009718010189374
27372,32.60563469024045
27373,27.505345912363786
27374,37.531781831066326
27375,28.29166639019879
27376,35.235830270226934
27377,25.912995090032368
27378,28.60032634182793
27379,30.070311728200092
27380,25.38699229847362
27381,45.89704575201653
27382,29.924987718904426
27383,29.10289483178253
27384,41.935604498001574
27385,41.24454509237577
27386,31.996046395312028
27387,30.085756921239042
27388,28.043143249334577
27389,44.08866487355484
27390,38.33138536305653
27391,43.37774565925988
27392,23.804226759570447
27393,33.74253911235981
27394,32.372467642798526
27395,42.844390024978885
27396,36.07315176629211
27397,30.721965979494506
27398,26.1600994448948
27399,24.08287719982015
27400,30.71130204047941
27401,31.66934827677003
27402,31.59595521509894
27403,46.419205828373094
27404,33.210389249517945
27405,24.444314780658576
27406,31.174329955650297
27407,42.10058209235246
27408,31.815239677604303
27409,23.824074427405115
27410,33.2686562431347
27411,42.149115870987686
27412,48.67383062513587
27413,38.20466135691608
27414,41.25436396253056
27415,31.822625523720554
27416,39.529650951432515
27417,35.31981687709401
27418,35.95470706400769
27419,47.55780019742788
27420,34.99241673610587
27421,36.51465923105882
27422,31.36876921169773
27423,40.72957192107948
27424,36.7513392424864
27425,39.43770481521326
27426,41.0498898741459
27427,35.20332399396318
27428,35.62480882761627
27429,41.59658406983312
27430,28.323530939251174
27431,38.26398288281581
27432,42.41949892745431
27433,36.97780929209026
27434,37.858744238303196
27435,39.84589150569045
27436,39.805513828897176
27437,38.080192639418634
27438,33.49404758693546
27439,47.11974934513563
27440,36.11998455172115
27441,38.04627128562778
27442,41.806928533568644
27443,42.71379016358305
27444,26.261378820061577
27445,38.711863701866825
27446,31.052699150644777
27447,31.68074050692408
27448,38.76252695737913
27449,32.64624453215814
27450,31.319035430433953
27451,29.711648275952236
27452,34.99775551072623
27453,23.018734690653595
27454,33.45027970749404
27455,26.705759265042722
27456,34.60274946457551
27457,41.336197341218174
27458,40.27687752033175
27459,32.66076515529609
27460,31.482782725954177
27461,34.44641160766987
27462,38.794794607153804
27463,37.01198291678783
27464,36.03530019934493
27465,35.89182250436855
27466,28.508886843420203
27467,30.772160100876345
27468,32.85159626173239
27469,45.3280090327999
27470,27.491013696630677
27471,33.74872771859366
27472,19.34287773472245
27473,25.73211695858473
27474,36.794267451565844
27475,31.96807874011737
27476,32.63536272338041
27477,23.123054758668598
27478,38.449374801644595
27479,59.41849991533793
27480,37.62099423771611
27481,52.823117408954374
27482,34.21172108073158
27483,43.38715764310367
27484,43.317656852919505
27485,46.25268717214526
27486,39.04823792570991
27487,34.07304934152158
27488,39.70258988357004
27489,46.62404440013993
27490,41.790786009765
27491,44.73060008230381
27492,36.01994732262638
27493,45.48234070199062
27494,40.86838113357916
27495,43.81750837463862
27496,36.877903379903195
27497,43.78059494661398
27498,43.18488362555513
27499,38.960504479313045
27500,42.28494300400159
27501,41.111580469026684
27502,49.65794470319225
27503,46.08359003454619
27504,30.497273978137745
27505,40.92011470364509
27506,33.31472047907128
27507,41.32868853994863
27508,30.412660574902347
27509,43.583739913737354
27510,39.56255072072732
27511,39.51131624198493
27512,48.181655295807566
27513,39.668088075323965
27514,36.23335830604579
27515,40.23931165651856
27516,42.12731505832825
27517,35.2965680024311
27518,38.81273360736125
27519,33.80387374191986
27520,39.4885594735885
27521,38.19315138306195
27522,37.93282001379049
27523,40.83327435675337
27524,43.437619399415354
27525,26.375114541390413
27526,27.784210771305986
27527,37.66988020330661
27528,44.00820180351326
27529,47.408602526131
27530,38.11378542057074
27531,35.6650612246409
27532,35.59455206181747
27533,35.93166794419307
27534,29.65582993473985
27535,38.797623642173996
27536,34.09082224781378
27537,29.155479897753214
27538,35.62808428842506
27539,40.51820553141862
27540,35.66540270368172
27541,37.0785803856415
27542,25.03744892760169
27543,37.42038709349234
27544,36.472319015778844
27545,44.81843546995123
27546,42.679281194853296
27547,43.29627257310031
27548,57.079200444664274
27549,50.50710143521971
27550,34.62218068991136
27551,42.95144749878942
27552,43.12546267035544
27553,41.91829955516128
27554,39.28754331502981
27555,55.315675394865565
27556,59.485131641953174
27557,65.65071870403204
27558,66.1891835968855
27559,52.1024449624476
27560,67.98935385874222
27561,46.97902588249529
27562,60.18310687292992
27563,62.05340401594444
27564,43.99434383427532
27565,43.533024442437785
27566,75.28856293744786
27567,43.352152571392544
27568,50.75676131317653
27569,40.86028812954181
27570,41.81834379476897
27571,75.12682992269224
27572,62.03119730336465
27573,66.52515888713494
27574,38.97909133201232
27575,46.83447477949607
27576,43.53728871784753
27577,76.37093769782521
27578,61.5665392041207
27579,49.32703381029095
27580,72.72580776438159
27581,62.38503259874525
27582,48.29599716493541
27583,40.05953959250126
27584,38.4203426847472
27585,66.27359324109526
27586,75.89835582324756
27587,47.704513570259735
27588,47.91623653478542
27589,34.633225686698594
27590,64.32012040086758
27591,49.33158577173926
27592,74.89058479579441
27593,73.06849577640038
27594,42.74340849321249
27595,55.763248575267106
27596,47.149853023633725
27597,78.88538606359694
27598,62.26070124872835
27599,38.09102441010082
27600,55.75917338468338
27601,70.38200443669072
27602,53.41253200080368
27603,62.48748809212039
27604,49.50362374891613
27605,39.48320440674811
27606,79.95718867690832
27607,39.65114218652517
27608,42.77338584592802
27609,39.96280085581555
27610,45.3207236995994
27611,50.02847445693692
27612,37.910771459972196
27613,66.00105954621627
27614,52.137853004112735
27615,37.05301718071404
27616,46.74246005178425
27617,42.61910960272174
27618,61.30049074830636
27619,41.175094416152874
27620,50.58416492606159
27621,42.13760331047926
27622,64.19469175640833
27623,54.94042576013681
27624,52.35935250051074
27625,55.67389619561924
27626,55.07104850238217
27627,60.11016393194545
27628,60.5160975846253
27629,51.677228518061135
27630,62.00891103031588
27631,55.410886599324215
27632,60.62704559746253
27633,56.34294039128335
27634,56.10025808348706
27635,50.45503235560823
27636,49.71718576160238
27637,51.05985315347836
27638,58.75697536145257
27639,42.86181884111727
27640,40.970947955687194
27641,64.16279852691098
27642,42.55889709633878
27643,53.72264556419318
27644,47.923441747789134
27645,41.828413720967184
27646,39.14276198877873
27647,46.06279614412521
27648,35.41318392871701
27649,56.44876492177478
27650,8.477403649630553
27651,34.85544343989635
27652,24.684026036084372
27653,34.79511923090095
27654,37.97610970386876
27655,45.36966036059306
27656,39.522124071479794
27657,38.56864960392642
27658,48.42784020744273
27659,26.172693533993336
27660,36.33709225366797
27661,19.926677064267817
27662,39.56562026486035
27663,42.69489288536167
27664,28.275076634919476
27665,31.866427721989563
27666,41.87605394491225
27667,16.327685156218052
27668,18.454827180575005
27669,38.38589280300161
27670,35.497575112423505
27671,49.312091057547704
27672,25.854233776983342
27673,13.439939452575203
27674,13.903085288242288
27675,36.991270736167465
27676,10.612197200519638
27677,43.707786096380026
27678,11.60078935817669
27679,19.794060199499135
27680,45.53117287510721
27681,23.06942042198022
27682,40.08489527260828
27683,34.695498283250146
27684,23.137393962992427
27685,28.433830536639785
27686,30.76818937152984
27687,58.31215641411343
27688,32.49636381417102
27689,41.10698283451635
27690,30.86040975294762
27691,35.97160474657484
27692,50.538048589848614
27693,30.446724829658443
27694,50.05320004209085
27695,27.011632768058124
27696,55.71461651713226
27697,26.979058566486774
27698,28.312889282047458
27699,61.581749041720826
27700,18.830108996194795
27701,17.01346470656532
27702,39.854227087791955
27703,30.03809815125002
27704,25.556725501268602
27705,20.152500709655676
27706,19.878957735115126
27707,20.178524710409985
27708,18.48653254992165
27709,22.107040486508822
27710,22.661957586580346
27711,44.171816178572136
27712,59.418803201575514
27713,42.274664507606964
27714,53.88740427478312
27715,27.630090226620545
27716,16.06773933394952
27717,20.76444930638553
27718,25.562680772375938
27719,29.986703401030443
27720,24.185015253663668
27721,54.67321586949656
27722,20.702254478975405
27723,25.157741411261355
27724,40.44221420263805
27725,41.6893453199464
27726,32.54065730144934
27727,28.038344375573107
27728,18.269176715439656
27729,58.83075545589561
27730,30.158504251750543
27731,31.28406224659843
27732,49.06771862417337
27733,41.79385735200878
27734,28.923135035202996
27735,25.54084794250398
27736,39.90575350271799
27737,26.42319125104645
27738,37.806548218643265
27739,32.56258567997876
27740,26.61924287903372
27741,30.263928727401947
27742,25.776916653047707
27743,30.746431825095893
27744,35.70597022228959
27745,33.867322058426836
27746,36.769950352925186
27747,31.442362949918483
27748,51.18843559624093
27749,44.594001855114634
27750,39.964883589483044
27751,43.104868705320975
27752,54.19810871452479
27753,50.955459737749656
27754,46.25733318408343
27755,67.98720491809702
27756,59.51259950338387
27757,44.08419967191638
27758,55.462160095384284
27759,49.774330555477405
27760,50.558067987017616
27761,37.78252980588997
27762,38.58861752387045
27763,14.190559608590618
27764,37.80963525803133
27765,51.07729250216086
27766,48.87971978758928
27767,50.978712034026756
27768,51.1152099535991
27769,48.028768247176835
27770,56.57532861543095
27771,46.595587991544534
27772,41.976852670492974
27773,57.76497396974086
27774,54.51788162449141
27775,45.37973639161451
27776,32.12519376619072
27777,59.190839138318324
27778,52.60282476381848
27779,55.42646607796568
27780,49.80896725850753
27781,45.486099769880454
27782,41.82553914977657
27783,36.42289410505274
27784,35.18335677078542
27785,29.16116235411444
27786,35.29341329587728
27787,34.95741512664678
27788,45.202356758498745
27789,59.38425274519022
27790,41.690825227994225
27791,63.04140354486294
27792,43.445581964314385
27793,59.418803201575514
27794,28.45857608927946
27795,34.36150565933363
27796,35.46915994629696
27797,50.30516060275948
27798,44.42260567895711
27799,49.57603049042639
27800,44.72594330563164
27801,42.049147778033664
27802,27.252518378962286
27803,23.132331249915882
27804,46.14727035768069
27805,46.31966940219104
27806,48.02533892096914
27807,44.27514473176946
27808,38.236540588320025
27809,35.247856018630685
27810,34.934683788209725
27811,37.63898497177575
27812,39.37300194412855
27813,34.051234150485136
27814,36.36245022253164
27815,32.34007413411766
27816,36.05110115417689
27817,35.93912587961637
27818,34.28265167356993
27819,22.05196048988512
27820,34.915782744094265
27821,33.751821088144
27822,43.787470536256954
27823,41.41282656882956
27824,35.21632800839562
27825,26.856997034618914
27826,38.20774294629604
27827,42.67313933494251
27828,41.204701109405946
27829,41.156420073144204
27830,44.27261454767398
27831,41.644411791426556
27832,38.515903085591766
27833,38.08179487617234
27834,44.9347426083908
27835,47.762260478241416
27836,37.0821305602599
27837,43.65166976180995
27838,38.094171148747435
27839,39.97215816718233
27840,41.63265285569673
27841,32.497919087980485
27842,36.852108853660766
27843,44.69790134616553
27844,41.08557970455265
27845,35.778733335934454
27846,35.29325673909073
27847,40.91293881299868
27848,44.673199526104966
27849,38.86480553004245
27850,47.68958736848005
27851,37.5205536551366
27852,31.47154414505517
27853,55.013748783488026
27854,36.42527326794842
27855,46.71451525000305
27856,44.624513648875336
27857,43.87271584087802
27858,39.434405992353405
27859,48.387676370350334
27860,42.934348694329714
27861,46.29051826768059
27862,37.13471573377345
27863,47.78913014526402
27864,23.293913393235812
27865,33.360298387434206
27866,31.828639344307497
27867,77.49128025255382
27868,55.542853973423746
27869,49.96733881344402
27870,51.28424399224572
27871,37.71110618275413
27872,40.07584839697807
27873,40.32320790306328
27874,35.52279679709014
27875,55.20158457597492
27876,14.837700868534906
27877,32.30362434047413
27878,20.68267522885174
27879,45.748780528944835
27880,20.898889700595266
27881,40.20565224197487
27882,39.32168312281553
27883,28.329023427168636
27884,16.586977908008294
27885,19.521217374206714
27886,31.806615131144014
27887,21.11804877817513
27888,29.96330299680672
27889,20.871054554709723
27890,31.403994167179647
27891,27.783197106946957
27892,14.25434213756867
27893,39.03792981104357
27894,35.297010628026
27895,28.571585598816622
27896,21.907844482430946
27897,24.72229516005933
27898,19.980421255764497
27899,16.926755777543068
27900,41.32749831065753
27901,25.18859113766368
27902,17.268690428261902
27903,38.377411778463426
27904,18.51907352862006
27905,12.671469439480653
27906,27.448339841046554
27907,25.53331700043661
27908,15.817765279619802
27909,31.562499963051685
27910,37.99562459174632
27911,37.38853351776029
27912,14.917244363906267
27913,20.729654074107252
27914,28.051073679254316
27915,27.819165298953877
27916,18.07932173844688
27917,36.175550687656035
27918,11.304707457156653
27919,19.306464672425594
27920,31.543122860449607
27921,38.444115141049096
27922,19.161455772316295
27923,15.726014775425956
27924,32.46605317180449
27925,17.25100021622588
27926,23.391063096901224
27927,17.330534066839807
27928,22.592970642679983
27929,15.967028823985082
27930,17.906405021510857
27931,31.855173174530492
27932,24.02754357262067
27933,24.37169783383376
27934,31.968373597221635
27935,22.005139404281923
27936,18.668510911805118
27937,27.352028020020718
27938,24.537057803722277
27939,25.475776447774926
27940,23.558396572202437
27941,23.550665369835734
27942,7.825588139843546
27943,21.541447207064476
27944,24.375638150634742
27945,14.616328107269062
27946,37.735922968450744
27947,23.206926617536144
27948,25.96167543559111
27949,33.22742725439301
27950,32.00146197318085
27951,36.176807363587116
27952,49.6380808901183
27953,22.573752052108762
27954,27.29563332637212
27955,31.42656421280285
27956,12.793659015483556
27957,18.96093006925211
27958,17.35195195286708
27959,41.74031546682616
27960,35.482952359610934
27961,8.948637695309358
27962,28.189020482149573
27963,37.58880973644565
27964,39.93932825185409
27965,24.490147417633032
27966,52.028743990964436
27967,39.47492450492418
27968,24.293015396824735
27969,43.74596980335485
27970,37.46404612084159
27971,57.79426073122072
27972,28.286094445431974
27973,26.718340472929746
27974,36.26406089698891
27975,28.053175928012717
27976,21.160749396545153
27977,48.934148972899045
27978,26.706125155614142
27979,26.479885594615624
27980,24.3040818617419
27981,47.402235389072935
27982,33.66628026409744
27983,47.407543719095784
27984,29.465917255244488
27985,53.625544756181554
27986,50.587085443693546
27987,27.15753025554379
27988,25.193550695009144
27989,30.963244550358517
27990,35.89885333466134
27991,35.45729677470529
27992,30.72857650601764
27993,28.872326859488563
27994,28.07753234357052
27995,26.92679372020541
27996,32.66357483960468
27997,21.13089406751291
27998,32.3385208115797
27999,23.53518458178654
28000,29.667188070883995
28001,53.45085777044108
28002,39.5448699271566
28003,29.133864060286218
28004,28.62567792283162
28005,27.826012614129862
28006,21.08636378866294
28007,42.21110686110535
28008,29.62672973832625
28009,35.15495518677827
28010,26.076425332557346
28011,28.099882414881552
28012,27.079610222500456
28013,21.00079702785944
28014,35.90197706567396
28015,49.61270805424941
28016,30.535016331408173
28017,48.61079017450711
28018,31.473910993598516
28019,36.774879003009936
28020,39.24892636176176
28021,28.923227068885993
28022,33.392193940006834
28023,20.884649723414757
28024,26.17738649182124
28025,31.949214660148357
28026,33.6620870808179
28027,24.44848998992074
28028,39.50208770292734
28029,30.26318938050882
28030,32.29448147368292
28031,28.237372517633776
28032,29.083229037596634
28033,26.646988139476473
28034,32.13927800126801
28035,33.5911840399627
28036,46.18668001279371
28037,37.82287342053568
28038,43.468520010927975
28039,43.247730861960434
28040,23.42416018228641
28041,39.12780196835137
28042,42.88000673015521
28043,37.97451394094585
28044,56.51811035574451
28045,39.590886823929445
28046,32.85357216098262
28047,24.0283368107598
28048,27.936624548489856
28049,37.931362827061655
28050,44.556705625479616
28051,37.70425967744457
28052,34.48865481246588
28053,30.091186440557426
28054,60.05159888368836
28055,39.44948931301417
28056,37.579636555679826
28057,31.326966148635897
28058,39.45052385671452
28059,70.9485337965625
28060,42.891020570199665
28061,42.536483761545504
28062,46.76863479303264
28063,35.1576205171629
28064,36.23203564287278
28065,45.06871073209493
28066,39.85086363388307
28067,46.31827142130317
28068,35.71272039772158
28069,40.54907433277387
28070,42.797271179504804
28071,37.82102218614136
28072,32.847546527806664
28073,59.44146939654363
28074,41.23355251497194
28075,33.522230675422975
28076,43.78025896683155
28077,36.081166881092834
28078,32.30362434047413
28079,39.19157406344023
28080,50.43704942623772
28081,57.49228962272205
28082,33.19678729120893
28083,46.73042160611122
28084,47.149006874500095
28085,42.59055153835914
28086,45.33909530832255
28087,43.31320245964857
28088,43.67010877002808
28089,43.44858666519385
28090,69.00050989721251
28091,60.14009763304492
28092,32.953250747896845
28093,40.528080797848105
28094,33.4047238273265
28095,47.80005590636031
28096,42.465897292513546
28097,43.98378163904984
28098,55.13037275255216
28099,40.45849919304222
28100,44.05541878341794
28101,40.819606420277424
28102,50.4804201579062
28103,35.87468328794115
28104,32.855319313487094
28105,33.24106155402673
28106,25.544037289789664
28107,23.735564330760585
28108,24.606615538323386
28109,32.873965761321145
28110,27.20161632193054
28111,39.387304319567946
28112,27.305859865363477
28113,32.73122341885751
28114,32.41031537265742
28115,25.960815983705295
28116,24.68237097946948
28117,35.01521139082292
28118,22.75765054694099
28119,22.512675422279433
28120,26.63208754540067
28121,30.56513631643373
28122,34.58795651401344
28123,30.844359369627696
28124,34.75428357974265
28125,25.57129177881809
28126,36.919968148137364
28127,31.461218979360275
28128,22.06159808331821
28129,25.309698577494075
28130,25.21645733668493
28131,30.461103682159642
28132,28.465535813537155
28133,27.026189294419346
28134,23.840361340249714
28135,40.73405762903906
28136,33.80371722400752
28137,32.560159305041935
28138,33.36544008017076
28139,25.632246903993703
28140,25.70664038356501
28141,37.69927297459785
28142,34.81358870835533
28143,33.03835679509659
28144,26.65167387286373
28145,27.12792722769339
28146,25.505256065656894
28147,28.83602330583494
28148,23.896580969122734
28149,37.64614055657742
28150,24.54174680335122
28151,27.20811215543185
28152,36.95438635131516
28153,27.26881812083431
28154,39.04652964489452
28155,29.34990207666977
28156,27.80971550213901
28157,25.310582896243076
28158,30.212323201662315
28159,30.831200225764825
28160,25.619777542545222
28161,22.254615026284363
28162,28.682964536245656
28163,32.827507899374744
28164,35.00349350483554
28165,36.826034572300244
28166,30.43126191961644
28167,21.985461460997964
28168,24.36066317541796
28169,33.7187104283329
28170,32.122685318923516
28171,37.207855416776006
28172,29.816747461428974
28173,36.855411808657585
28174,33.966241927946626
28175,34.49541411777402
28176,33.229027122159124
28177,29.415322077891055
28178,32.805640930549316
28179,31.030531799853875
28180,30.49025349552741
28181,35.59061103991768
28182,36.577259086004545
28183,28.791647343156768
28184,31.70090776658993
28185,28.175947567468903
28186,26.74307200121265
28187,30.564436690299154
28188,31.935508352590183
28189,34.55738792757794
28190,37.92791417856942
28191,36.6685396322115
28192,30.005797076021846
28193,31.724371223322628
28194,35.207467065847
28195,30.45892449420132
28196,34.37267210131414
28197,36.762369618562694
28198,36.019409322022014
28199,32.46085110778221
28200,37.05882838367458
28201,37.68416408230408
28202,39.59819315377699
28203,31.83240932251604
28204,28.19058152220536
28205,39.90821743993254
28206,40.84101131783577
28207,17.22751686958095
28208,57.46882161341951
28209,36.506862081830285
28210,42.01193843382565
28211,44.36770060995577
28212,50.11821098065652
28213,39.41214511654806
28214,34.114533629283905
28215,30.82177268112919
28216,36.288861891165965
28217,41.540571248385405
28218,29.459507979813388
28219,34.61695082678148
28220,31.587292400280493
28221,31.075889132067168
28222,60.08691562810518
28223,14.428770069609062
28224,34.19538981577587
28225,29.138398524245073
28226,32.089225868154514
28227,37.42984842178148
28228,39.270807249687856
28229,36.70619571392742
28230,40.2762816163406
28231,24.021713391070545
28232,8.57042913423816
28233,42.032462478482785
28234,31.962628682841732
28235,69.18078356420062
28236,24.459638658273533
28237,25.226141821519928
28238,50.577455182521575
28239,24.512935478484653
28240,41.451989615026896
28241,28.261846494136044
28242,37.884322421141626
28243,33.44084430280702
28244,26.78156140223027
28245,33.02056748007399
28246,39.91803085322897
28247,35.42870806506165
28248,36.76411041365911
28249,33.27489825918248
28250,31.19706939907347
28251,27.02660796535452
28252,36.720460722037195
28253,38.08728472323399
28254,19.548238129955934
28255,37.71433077676435
28256,41.31676948008619
28257,39.59494269673436
28258,27.233963089006963
28259,37.42047369568294
28260,40.79865015285536
28261,32.025311641882475
28262,23.58799886613553
28263,38.23082237792592
28264,39.394124811843895
28265,38.48766232445428
28266,36.6674203875334
28267,42.45471517247822
28268,42.67962583158766
28269,39.52827079694436
28270,29.2354433829249
28271,25.809636949752484
28272,38.568265318217236
28273,32.386503185659826
28274,43.217321553586864
28275,39.63802604305864
28276,50.141817520263615
28277,40.52289186173503
28278,40.87204739720045
28279,23.118667845316928
28280,39.425829106576316
28281,34.28210673395704
28282,42.30403095783373
28283,48.563644898071814
28284,38.62682165376923
28285,25.18492380024382
28286,36.658420961221516
28287,34.929205059428426
28288,19.12246027058341
28289,40.360743530617164
28290,56.7923891431082
28291,49.80489531570755
28292,40.519664872726935
28293,41.44658459392417
28294,35.388557807076026
28295,19.63730496099956
28296,41.60220432918206
28297,38.14881806672548
28298,15.509294002834654
28299,40.67097894888218
28300,42.62747738194865
28301,45.435411816425464
28302,64.15914045144527
28303,38.90061194843131
28304,37.163353103199114
28305,33.435890613246244
28306,37.463689259746786
28307,48.91389920220785
28308,45.82773348876535
28309,37.876552523607224
28310,46.84533637684952
28311,46.13237036116205
28312,43.47463427128513
28313,40.31152086375915
28314,45.35613171871251
28315,44.03182682176803
28316,30.58920151610715
28317,44.799496996092195
28318,47.64500863592325
28319,41.42428103396739
28320,41.327776425836646
28321,49.58482606500394
28322,41.80564806293673
28323,52.67901630255164
28324,45.84609247058339
28325,47.170355829011015
28326,36.754537649422616
28327,44.15968931496319
28328,42.85065248427576
28329,37.11696459185868
28330,38.954774883127136
28331,38.13721954868498
28332,45.956590393762234
28333,37.22154836729934
28334,38.55176511620184
28335,40.38886593248164
28336,44.192276942878934
28337,50.110967127737524
28338,38.630621947232996
28339,38.087201943541174
28340,45.640971216256034
28341,37.859305024287664
28342,49.02639400655674
28343,43.849662044788076
28344,42.61552392176434
28345,56.1023621753415
28346,44.88034413261234
28347,40.30038604031422
28348,36.70652239980103
28349,38.61221273332029
28350,37.88843427391897
28351,39.10623150677933
28352,45.013968331401216
28353,36.42056380784475
28354,46.29707078433931
28355,36.50223385886759
28356,52.74727078236878
28357,35.664901447924755
28358,45.47670918176926
28359,39.65550325063223
28360,41.87218524934384
28361,45.197786096285206
28362,50.26517874321987
28363,46.85282430597312
28364,51.88239090549809
28365,41.68400389883492
28366,47.07807832560165
28367,45.5623148276182
28368,45.41791357247568
28369,38.99805776181567
28370,34.103620583360474
28371,50.80163662238843
28372,46.104699297494676
28373,40.931268638602276
28374,53.32387601721234
28375,41.71169993423362
28376,55.981015970243554
28377,50.29718303738181
28378,43.516947108356355
28379,37.859032275844015
28380,44.2697108891357
28381,38.2887153754469
28382,41.552659094730735
28383,33.59836710456004
28384,40.09822708840924
28385,46.8512172198655
28386,35.954906617701724
28387,38.509825597941266
28388,32.45493887555436
28389,42.52483897524981
28390,30.694351515056294
28391,43.41386151896342
28392,48.943239656610686
28393,36.513789988311466
28394,34.289788674671286
28395,40.47942124248988
28396,27.331690302292003
28397,32.41705810220416
28398,36.26926813605351
28399,44.376890901197896
28400,45.62275882625035
28401,41.0323120987748
28402,34.015262795920066
28403,36.12140040775499
28404,35.881922344526814
28405,33.02514352534965
28406,46.6836760178515
28407,46.60199564998007
28408,35.44859171276712
28409,44.999531313526816
28410,40.864589422304164
28411,45.193419694849226
28412,30.766098847026182
28413,31.806137325243476
28414,31.35308075177003
28415,44.88091630353394
28416,23.661591404835846
28417,48.02892671554196
28418,30.426560978628466
28419,40.05035719835172
28420,47.56980509491508
28421,23.079055371896878
28422,43.641950659136164
28423,28.86105986512421
28424,31.962249593987472
28425,24.611887753516985
28426,41.99928371808722
28427,23.52715774767716
28428,33.420956362644674
28429,48.49185806911931
28430,41.31414213677052
28431,33.124193055100115
28432,29.854858791843036
28433,41.13769141246775
28434,41.41677213062726
28435,50.10524072508346
28436,52.37265629209869
28437,37.97784369047616
28438,46.50314969563958
28439,38.487669716221696
28440,47.883920619265176
28441,47.02747624601707
28442,38.501333009293475
28443,43.0838148501296
28444,34.60528095267685
28445,50.93951674167057
28446,39.90744735341854
28447,41.2470361399182
28448,46.251612505221125
28449,44.84262898803026
28450,43.805184684284576
28451,46.404640289533596
28452,40.019928238615705
28453,40.23866896220398
28454,35.793364005150224
28455,43.87884197970993
28456,41.702345570014316
28457,41.647639490283254
28458,33.96957509888121
28459,39.74194932258374
28460,36.790955189819186
28461,46.70028533222949
28462,38.74318758006196
28463,44.115979406960754
28464,41.31912753525822
28465,41.72093870308142
28466,35.77560746891682
28467,40.252927020871304
28468,42.93468211586371
28469,24.84983255904223
28470,42.656568000634394
28471,25.70182763967756
28472,39.30149414862047
28473,33.05148290317021
28474,29.956212242346478
28475,34.81043434302171
28476,17.472497757026375
28477,24.17308626202466
28478,48.73912895394749
28479,23.19620723728541
28480,40.56270593937328
28481,36.475148327075274
28482,28.250989649737885
28483,19.840566275027474
28484,26.507023378211304
28485,25.470666494162785
28486,26.644233930936345
28487,40.70539003351804
28488,25.61803931270107
28489,27.49001117995021
28490,26.558890065651703
28491,34.313821213100816
28492,24.294461867344385
28493,28.56064977378646
28494,29.837495347661246
28495,43.321081313658034
28496,51.54304200971382
28497,53.53470732936612
28498,51.70083449465459
28499,51.55819528489877
28500,46.19471469611916
28501,51.04189529080161
28502,54.38725147202898
28503,19.60307160716131
28504,48.585953569993514
28505,39.130745869986065
28506,38.15794335495092
28507,29.249944585880034
28508,42.07039623574978
28509,20.276553145828917
28510,51.47845779736932
28511,37.98448858719002
28512,33.64059662101318
28513,36.41013247682643
28514,48.21294610269027
28515,23.726678176649802
28516,40.584491838291896
28517,29.68609212809186
28518,36.51028371481299
28519,27.050132946471393
28520,22.213191848887313
28521,36.60404585943929
28522,45.550346648736614
28523,42.512312493032404
28524,59.99769830749057
28525,43.65951810730889
28526,34.48518712114827
28527,29.44769160566448
28528,54.19164842627164
28529,25.20418917443397
28530,26.8742156730551
28531,36.53233640608886
28532,51.85697992816924
28533,29.679074738923987
28534,43.35233967444609
28535,29.174292354388143
28536,36.874640673570696
28537,37.952112699591616
28538,33.74342402587968
28539,36.102114022759295
28540,34.23549321989407
28541,32.72636588171815
28542,27.278684259705766
28543,30.6335138916993
28544,36.856807907991595
28545,35.428696973496365
28546,25.482353096754185
28547,27.577969065046656
28548,18.694586897851416
28549,33.60575166262389
28550,46.12067433770669
28551,26.165740965863417
28552,21.284880978987083
28553,29.0484878478406
28554,25.329273503339312
28555,27.964348486382963
28556,42.388532382294365
28557,42.48658662083391
28558,30.61325101694849
28559,39.039685220317644
28560,44.07649637776348
28561,32.55262031436067
28562,37.10520566182571
28563,29.947921813469115
28564,31.473727685158426
28565,38.271119631035965
28566,25.059601446427905
28567,24.74356472733961
28568,32.66524228685839
28569,40.847620260154386
28570,55.435865176717954
28571,37.850313911166225
28572,71.39201826018434
28573,36.66730810322254
28574,35.938162460885636
28575,49.44336147503046
28576,50.012860806632965
28577,60.641808029443865
28578,73.67262153902442
28579,26.94085962492852
28580,52.49213937843221
28581,44.1752227014646
28582,42.887602744416725
28583,37.2770073567808
28584,57.16672242843367
28585,46.19583113822543
28586,35.89192238508287
28587,27.520975977028108
28588,38.48411473543695
28589,53.767411328879184
28590,47.04442986964497
28591,49.64477304246707
28592,42.78987947888458
28593,27.534191562254126
28594,36.41739553514542
28595,59.56693308864533
28596,60.04893744118064
28597,30.63555286408706
28598,35.566586956269276
28599,38.491817442823745
28600,30.812366172247273
28601,36.82664990031953
28602,53.09201098751857
28603,37.246353871051966
28604,40.53045970916422
28605,36.684109434676905
28606,37.60070521796669
28607,52.33058137723703
28608,36.523138075913536
28609,43.407004037160306
28610,49.1743692164486
28611,38.17696248919795
28612,47.35895459789627
28613,57.94060063402243
28614,31.434721175714976
28615,33.33984610375525
28616,42.887608070571495
28617,45.25385081637372
28618,43.6649042279484
28619,50.52844832390392
28620,80.78037761578577
28621,48.768594745166446
28622,38.85040238560574
28623,35.22843920825076
28624,58.230639138351755
28625,44.32236341700823
28626,74.7703225349491
28627,37.826586861377855
28628,66.99964814083378
28629,45.06584708144637
28630,49.06222250424297
28631,29.597953381089503
28632,37.233092269192284
28633,36.75749168580144
28634,33.99721130469757
28635,55.52230199586703
28636,38.15753801524852
28637,54.50426296215514
28638,34.74789073706734
28639,33.12760488801891
28640,40.862880894173315
28641,34.245887343352145
28642,39.561950527687415
28643,25.935706181209568
28644,40.94409225440492
28645,35.302491982552226
28646,50.56613492197506
28647,28.455776487115077
28648,42.44556685423141
28649,78.02771702957139
28650,62.141868172679715
28651,64.13458794797243
28652,47.63441218930017
28653,30.540883738177314
28654,37.55779372995677
28655,43.39803160257393
28656,46.83882834569001
28657,30.879660851172087
28658,63.939256201315615
28659,60.70769759565243
28660,57.97865666478241
28661,41.992260249409334
28662,63.508915641801174
28663,36.27763004884715
28664,12.567546944881947
28665,43.69086065689432
28666,28.306349756050107
28667,38.522136951183924
28668,39.58410073308057
28669,46.2776006918325
28670,49.20426187448606
28671,27.557066698271278
28672,51.4231689815842
28673,38.31663943899399
28674,51.593684795541684
28675,40.25852760662206
28676,47.94600677128484
28677,36.72890106565999
28678,53.77791406464251
28679,48.109487969214186
28680,61.86904145236356
28681,38.385031228039225
28682,28.01393023165157
28683,34.66991791607669
28684,64.76956236854882
28685,41.63265285569673
28686,36.000312585309224
28687,40.719367918143966
28688,42.931644883123994
28689,38.105194100059435
28690,41.08557970455265
28691,39.14207725605302
28692,45.21981570066533
28693,39.453126125663786
28694,39.14144300641127
28695,36.059713013369006
28696,49.73837496964559
28697,40.424984842344244
28698,39.08230203140723
28699,46.89440314105022
28700,36.17864131954489
28701,33.57898089801117
28702,51.34193249944808
28703,36.36245022253164
28704,39.73249820869958
28705,43.666237996044444
28706,46.80055377621885
28707,41.03849365168818
28708,46.94306003398478
28709,37.567994443227875
28710,50.250866258414064
28711,39.30008278059369
28712,56.68107515495883
28713,49.335749485582426
28714,60.04099116807487
28715,40.14986286383967
28716,39.45292938383735
28717,40.98118322534037
28718,14.633600529456448
28719,9.36315955384574
28720,30.3165950186635
28721,31.81294621317345
28722,35.18576572807512
28723,11.064903028893838
28724,33.36527660376962
28725,42.0464643711999
28726,15.482379055770174
28727,36.991270736167465
28728,19.794060199499135
28729,41.618714813371895
28730,13.446409114497534
28731,21.612743212484574
28732,36.33709225366797
28733,28.051963874558368
28734,23.079239715979355
28735,33.620340986688944
28736,32.527214698941904
28737,31.529809729670166
28738,27.71092815521099
28739,12.235196330513396
28740,11.482345948393757
28741,10.810784225878173
28742,17.652869544504124
28743,21.45216675210233
28744,20.18704300120046
28745,16.21561984000135
28746,31.42662966042507
28747,27.21699388476574
28748,44.72594330563164
28749,25.526061585807373
28750,23.76788674819865
28751,26.445964824840694
28752,35.43004475460502
28753,21.138950554699182
28754,23.860919926796377
28755,19.765362488461516
28756,35.19244124079614
28757,37.77838893401402
28758,28.63768537472696
28759,28.277450485983014
28760,27.346222819137164
28761,21.902388935855125
28762,18.33464183124317
28763,24.084783227328476
28764,31.2732926061938
28765,14.431563450922454
28766,24.38777670960558
28767,38.603318574873725
28768,26.82124689187748
28769,19.428593813079353
28770,22.04284178872353
28771,33.884257672318064
28772,12.919813711185235
28773,20.829263144844912
28774,39.29159307533297
28775,32.95423138451826
28776,18.252660128040375
28777,30.208874026786994
28778,23.40362911918953
28779,26.336725294378745
28780,16.58658196500039
28781,25.971503692794048
28782,22.25856847505825
28783,14.447648486967825
28784,28.461757594486382
28785,17.348737336508897
28786,26.923553710713
28787,29.757098176293717
28788,46.61875589056506
28789,29.867418668044525
28790,26.511594593495396
28791,16.625438159172525
28792,21.726568630258935
28793,18.28068531941697
28794,42.9353420398697
28795,26.18146708228334
28796,35.161334692026315
28797,39.81669649304628
28798,33.9397748317863
28799,17.246074486172905
28800,52.22434970249554
28801,18.889878249094544
28802,29.399087369358437
28803,61.79248371092228
28804,77.47843679016303
28805,80.17419056778994
28806,61.4262587396682
28807,59.01970176801276
28808,59.142981304407854
28809,60.99112141266229
28810,53.66326342382927
28811,20.021188256042148
28812,68.06877683215008
28813,75.57834534242578
28814,42.308478554844136
28815,73.55045798630114
28816,61.80742868633627
28817,55.64038568266848
28818,52.11723077483019
28819,54.84687420882077
28820,38.77078624040732
28821,44.75181516163998
28822,49.50347370740032
28823,38.766364966316395
28824,46.65245638677299
28825,66.80606314077193
28826,46.242796515265155
28827,47.482351663022555
28828,63.992458152990466
28829,33.207945605290185
28830,42.50202410388529
28831,51.28424399224572
28832,43.69801534184951
28833,65.97659196922706
28834,60.91806587635028
28835,44.4805256576158
28836,23.92491262958879
28837,44.52066692782449
28838,67.28322691708603
28839,78.53869493138772
28840,68.62654147292282
28841,45.69290447168179
28842,55.44334088128122
28843,66.10011143144855
28844,59.610358034061775
28845,49.4799771848246
28846,81.84051697758798
28847,54.151506077713876
28848,59.89375217035824
28849,50.4221328895063
28850,42.02849283961921
28851,42.19414260297425
28852,62.837230323851685
28853,58.39310434599538
28854,70.88352094164843
28855,36.46359626572015
28856,26.918906042904155
28857,36.903820711828104
28858,56.2110508637272
28859,40.391774568857514
28860,68.20235699895564
28861,42.79963204916643
28862,47.270268048693765
28863,66.34684093989428
28864,36.12455041015659
28865,52.144700554427175
28866,40.33231967538542
28867,35.16719751141096
28868,39.67684294991447
28869,39.148635096435015
28870,50.67466707337783
28871,37.77451051822773
28872,41.90755049573208
28873,38.28055158859137
28874,36.539811915656976
28875,42.04612198306459
28876,43.60906650247521
28877,45.42620074441605
28878,37.87302626419157
28879,37.23151806915897
28880,39.94252997806306
28881,49.98913291190533
28882,46.35085109795196
28883,39.20682435145086
28884,43.87259829638708
28885,37.476948149584146
28886,35.75419076390079
28887,43.13767930707661
28888,43.339672311072874
28889,62.05558111287799
28890,50.727812718939525
28891,39.86400059534473
28892,40.540590425929864
28893,42.051786978220804
28894,54.81382662140843
28895,39.518875145223376
28896,47.45303678288373
28897,39.08638261941292
28898,44.114497894685705
28899,41.13880092983235
28900,37.564680850139844
28901,48.4998415325346
28902,38.174781972870925
28903,38.8141027622284
28904,40.04740484285959
28905,59.0937394493827
28906,50.5736339659124
28907,63.92160409164056
28908,45.11932126106526
28909,48.15382217852914
28910,47.60963550557301
28911,41.588939418099486
28912,50.513963906839976
28913,38.49399356062296
28914,43.49405476919837
28915,37.04762359662014
28916,37.31453271847108
28917,45.93035109609218
28918,44.6539849579934
28919,45.57419045741002
28920,37.91849468112077
28921,39.83424952538173
28922,60.545049618509914
28923,45.92713524587746
28924,45.78442993676522
28925,45.60179162526852
28926,48.59925707994935
28927,42.95530434038006
28928,49.10253121951056
28929,39.145525863872955
28930,42.27964772739494
28931,43.83309467550056
28932,48.694479317714666
28933,44.785615720935624
28934,41.933569493844686
28935,40.19808482652579
28936,37.97109864479416
28937,48.69548599114291
28938,40.189154505285394
28939,41.394397121809675
28940,38.95471503991759
28941,44.26663434438941
28942,39.11509786303257
28943,38.382785012031285
28944,38.594098321333156
28945,49.762882901116804
28946,47.288442640496605
28947,40.69187479607126
28948,44.817415323990105
28949,40.02930600621771
28950,42.57062429858502
28951,37.8377486266524
28952,41.607641495839694
28953,42.539038251412244
28954,43.701405421624216
28955,38.35601411034975
28956,33.52546696044625
28957,36.11005762220872
28958,42.24446642994616
28959,44.22072318833662
28960,50.10961759507965
28961,60.28965679994983
28962,38.08134676365604
28963,35.88701811200439
28964,46.72914308139027
28965,25.228354860010196
28966,39.105350858233464
28967,39.31035030101711
28968,54.23420405658025
28969,62.22756763311993
28970,37.73451763435192
28971,36.815724753737044
28972,21.74505942841466
28973,35.81068650798872
28974,34.592723676532096
28975,53.206215725596245
28976,43.36879169549428
28977,54.36924956230693
28978,30.147842119893234
28979,50.36737655409126
28980,34.608328603679084
28981,59.19403024293032
28982,31.563036906936496
28983,31.40235737127958
28984,38.060237723760494
28985,39.00123071903699
28986,39.26564000262237
28987,37.018290355108135
28988,48.97157064819861
28989,37.74187005394709
28990,42.99771845278907
28991,39.65819724336383
28992,41.24390424688451
28993,37.537787102400976
28994,38.885544144352444
28995,37.56218737766849
28996,35.707690715262004
28997,46.41235697774583
28998,36.45032575202269
28999,37.841130586944246
29000,44.04881287968032
29001,38.31038892966712
29002,34.554155874692796
29003,53.01610008338224
29004,39.44861475898646
29005,37.752386372628564
29006,38.43597008763314
29007,40.661876975154826
29008,38.47637978246041
29009,37.65486278744747
29010,42.21746468696085
29011,38.972685204575534
29012,41.23616077296549
29013,37.45868094115952
29014,37.82903464525896
29015,44.05833955018004
29016,38.451167557712694
29017,34.4372219097435
29018,36.057380058212104
29019,39.772092285406586
29020,44.4371773532808
29021,40.22567964356917
29022,49.270297673994406
29023,36.12816255077189
29024,42.431710762394175
29025,34.60321671434407
29026,59.78817833661308
29027,41.65014926472449
29028,35.61056349649452
29029,48.37695986761767
29030,36.175408164414414
29031,52.53548426984578
29032,25.95916975310115
29033,18.631242194095424
29034,30.37043722365746
29035,29.457976784442163
29036,35.95869155454156
29037,32.051659728725035
29038,21.032713722131547
29039,22.274867638204977
29040,49.72805986418275
29041,20.55050068896151
29042,23.188942335284462
29043,28.79975661068309
29044,18.826594262782102
29045,17.344426198519376
29046,10.332034508376204
29047,39.351470395985764
29048,19.163822505503816
29049,25.983609279323392
29050,15.454991491315187
29051,29.08557811177251
29052,25.914110797704097
29053,13.66045214071827
29054,9.966119901695954
29055,28.257917286206826
29056,39.53473691843607
29057,18.618252667885006
29058,30.1497116721945
29059,19.096285795061156
29060,15.712289650155299
29061,36.42642561584603
29062,38.36534825599143
29063,13.122460335600827
29064,41.310243144197585
29065,18.59630241076131
29066,36.04467806598976
29067,34.7648195219425
29068,26.458853926946528
29069,13.656212504744893
29070,15.815222751921453
29071,15.35449703300057
29072,12.209200444724019
29073,13.376003040786514
29074,36.44687272665734
29075,18.764694097596124
29076,19.595686520699036
29077,18.781688796611448
29078,23.833371862343903
29079,15.64738977378105
29080,11.399387238391576
29081,32.40083313667836
29082,10.002430531431223
29083,16.593128411147987
29084,16.585975078403727
29085,20.52910435210115
29086,10.977505360022327
29087,22.594717117528916
29088,19.63021473289227
29089,26.024177291448517
29090,21.04970789023344
29091,17.728332651356915
29092,22.531817567310675
29093,45.33760038979263
29094,19.26862007668611
29095,29.376810912828294
29096,21.40537785474341
29097,28.319766163447195
29098,22.173877949121188
29099,13.519531704790737
29100,20.38347692572965
29101,21.81620279298792
29102,23.31961225597324
29103,9.443075746446354
29104,11.577184000938473
29105,11.190418319978598
29106,29.30505129045515
29107,21.75619481231369
29108,10.397566017086291
29109,20.112097989138316
29110,9.970331242323923
29111,32.36193558347221
29112,23.259980155756367
29113,32.943510213256815
29114,36.845791068088744
29115,21.66138181269661
29116,19.716585666802867
29117,16.660771860792156
29118,29.130862508553474
29119,8.217670412950888
29120,14.773556985760042
29121,17.33698664311208
29122,9.951977078903774
29123,15.050589073039909
29124,38.911094379981
29125,25.49751370635542
29126,41.12619435184452
29127,36.98294290189098
29128,47.3237309484402
29129,34.81096223305681
29130,48.881913101937926
29131,48.236680251605804
29132,60.18549826774931
29133,45.16141098522795
29134,57.6658680600635
29135,43.86028433140242
29136,46.535620702795406
29137,44.8870249745242
29138,68.64908271187832
29139,48.11094288266283
29140,48.7958486594364
29141,43.74771323999706
29142,44.33355037223273
29143,65.4192697049611
29144,77.69510253637117
29145,62.94767930191273
29146,42.75933623677321
29147,47.249027911248376
29148,58.358079905855256
29149,49.870404343193634
29150,41.04929113234695
29151,63.5747145254593
29152,46.47355077301163
29153,46.382081700869875
29154,60.91509754247461
29155,47.41498089219398
29156,47.873695113584
29157,44.09697225350149
29158,44.03847373230327
29159,48.02634558184117
29160,49.54995639727397
29161,49.600475563446764
29162,46.867439463702574
29163,44.560733342459656
29164,63.24881429395991
29165,69.09172458872946
29166,61.43444805855893
29167,46.70209567518275
29168,59.45262490258003
29169,45.70782040321228
29170,50.56232424492939
29171,51.53072133587314
29172,47.40286392188143
29173,37.62723073539942
29174,36.088685129309354
29175,38.04774686391876
29176,46.9295429583414
29177,37.000741096631366
29178,42.547607206607275
29179,64.24828859020407
29180,47.5608551543989
29181,45.556393111566805
29182,64.68735985883612
29183,53.415583454431896
29184,37.364585802677276
29185,51.10164469613574
29186,44.095850104467985
29187,44.45909695733509
29188,35.61288457823724
29189,40.177544583040955
29190,40.04859919198929
29191,51.18740004006084
29192,47.078418465920805
29193,49.98728532747931
29194,49.60679227954323
29195,41.84273489359052
29196,28.64197850135163
29197,29.726153546118095
29198,60.001002194240954
29199,28.168178105760493
29200,25.573510536513822
29201,52.628626766027466
29202,32.42083547323004
29203,16.709091155772438
29204,26.12699706342344
29205,29.304030699778064
29206,34.745626270428126
29207,27.135247124532107
29208,26.849541452554938
29209,33.79449220054144
29210,24.302440022194858
29211,39.81294932753056
29212,34.98186900400833
29213,42.367453749591746
29214,34.30471048325019
29215,40.88509498964904
29216,40.68113774778583
29217,41.382631965513866
29218,28.93067072678893
29219,37.947569214907205
29220,42.67370898142711
29221,38.349748802955354
29222,43.51643190814705
29223,41.06744641490452
29224,40.74871426435833
29225,32.805295988813725
29226,38.082394375308624
29227,28.89613833682405
29228,38.27151738357904
29229,34.54105984359043
29230,47.5906409954777
29231,37.11869286302574
29232,35.114262676396095
29233,26.510167070771733
29234,36.06157159549957
29235,45.52168000414274
29236,38.560653625436345
29237,40.071905114282025
29238,24.77079123157273
29239,40.31551369162444
29240,35.54104392021327
29241,32.17016244022264
29242,36.94763649875478
29243,29.38837775962121
29244,27.794194429910345
29245,33.74309561196283
29246,43.52390692183457
29247,37.58741827875168
29248,38.35970156060934
29249,45.394091809391334
29250,36.021300408599345
29251,32.739341690688306
29252,30.100252566979204
29253,30.631133141768824
29254,30.503174526999175
29255,39.38439050187183
29256,33.84669585069864
29257,37.38277195744957
29258,40.714435242810794
29259,36.70170725797954
29260,28.214002369176583
29261,45.63893368566571
29262,36.676826573377994
29263,37.617458338578665
29264,38.611897555618064
29265,58.34060770548204
29266,42.31312368894421
29267,31.755253537228477
29268,44.470085405274055
29269,35.22351340935347
29270,43.15277028535748
29271,41.538192285733565
29272,40.395100864852715
29273,34.81212480734587
29274,58.928597119609115
29275,43.329347587721514
29276,39.97147031720304
29277,38.34157809121061
29278,36.73906521577123
29279,46.76863479303264
29280,39.248609576762135
29281,36.95431126030555
29282,31.238417635829027
29283,51.069403188275345
29284,49.35065276949267
29285,52.121083612018914
29286,46.67225936426419
29287,51.71519360868705
29288,62.88719775010675
29289,61.01217662074846
29290,48.08003116367603
29291,43.26216016959928
29292,39.363059606411625
29293,28.60106728464872
29294,38.24979105721493
29295,49.764158468150434
29296,22.83483337268089
29297,57.403894215018546
29298,49.51929929251492
29299,35.108820436807775
29300,46.46358479397456
29301,35.0185071143859
29302,81.21277931698185
29303,43.95299980145625
29304,47.16642491142132
29305,61.36829503096673
29306,44.04181018623464
29307,58.23650940315579
29308,45.58257448288423
29309,27.408614638784762
29310,61.793367296786954
29311,37.61431856989617
29312,62.315076636610755
29313,38.0761945384664
29314,45.812535576447644
29315,42.30682077802887
29316,43.396913106095134
29317,33.54673966940516
29318,65.59558428486935
29319,59.55949684080424
29320,24.25590382499229
29321,25.97753242046857
29322,26.755773593385587
29323,43.10903361231916
29324,27.01294287932401
29325,25.960402361023622
29326,33.58576018602175
29327,47.47023116120307
29328,34.10611592882749
29329,54.57933684400964
29330,36.31682294654838
29331,35.52244652988054
29332,35.59003517852123
29333,37.636017525660336
29334,63.452365583351614
29335,48.77530504928274
29336,36.00364050457933
29337,28.960542070480695
29338,35.814272642457496
29339,32.25624416233732
29340,47.281887989492624
29341,44.75804270890139
29342,43.3731526998875
29343,30.2498364299718
29344,32.49732129238735
29345,59.37230289793687
29346,47.905964669524515
29347,36.611154864135784
29348,35.66766049985077
29349,32.4861094209677
29350,52.212826677181646
29351,27.403463583984127
29352,56.23368351743673
29353,24.023064189383533
29354,45.673098674783496
29355,40.839813136682075
29356,41.60422084481246
29357,34.93893408942152
29358,33.60246570793794
29359,40.23227973086481
29360,29.458859500369602
29361,35.15727934853545
29362,50.6920601749032
29363,34.97871421527408
29364,37.01823651195041
29365,33.5852220310415
29366,58.24180985004294
29367,33.79610880944947
29368,51.55781459432667
29369,26.71410214185207
29370,28.377968734070247
29371,32.29040069630567
29372,46.116901639865446
29373,45.768626770029584
29374,56.913215788353945
29375,31.137512608975058
29376,29.07740802585996
29377,32.023613097271365
29378,36.42559509371168
29379,47.0649713097116
29380,43.03317953512354
29381,37.78335844166421
29382,31.342879245390314
29383,28.47507143804464
29384,25.742602531866503
29385,28.487296618158798
29386,36.68447663009742
29387,29.804297428794257
29388,23.80077254132072
29389,33.18682615260539
29390,41.32465324867237
29391,25.99906192272963
29392,29.608381737567775
29393,52.951871880505976
29394,31.822361342335558
29395,37.171806289571634
29396,27.874658164969713
29397,31.1990944781875
29398,30.694458893895945
29399,47.207880064386664
29400,43.96388044332831
29401,36.3010917344518
29402,36.00352188798543
29403,28.643539757882735
29404,29.890458767163864
29405,27.87597018264513
29406,17.890582130922088
29407,32.49835302785925
29408,23.222732504145814
29409,33.1911721944871
29410,32.88163934021972
29411,19.06181145526476
29412,23.661591404835846
29413,25.678146327269904
29414,38.9364560034299
29415,29.622041772496864
29416,31.050632957068565
29417,48.9550701987873
29418,39.48734381091302
29419,63.8237992168778
29420,39.49505255711327
29421,49.75676411524704
29422,47.00818547936207
29423,52.46584879930752
29424,61.3522156790555
29425,54.34951242201009
29426,52.67595613265905
29427,37.47460952533712
29428,47.69694461755999
29429,48.03128618161289
29430,39.22250658838575
29431,45.251351265237666
29432,39.50630642927123
29433,44.49201785344608
29434,50.61072603534861
29435,42.2066238390275
29436,51.94979575200411
29437,38.463612519302835
29438,43.29077318088788
29439,48.09239582078609
29440,48.40915706367678
29441,45.17740865220504
29442,51.192121441786156
29443,47.799887813036754
29444,49.798988212078875
29445,42.37080475472335
29446,62.67002419227621
29447,40.58375259144866
29448,44.02156627088947
29449,38.7594038761828
29450,50.21602937171844
29451,44.01629831971705
29452,38.12608605619816
29453,45.22903474690057
29454,41.8191526984016
29455,37.69564472494237
29456,38.085146880815294
29457,44.88573839958019
29458,46.239707968580504
29459,34.421872780001884
29460,45.36105312649094
29461,37.362386119175234
29462,51.753508270574216
29463,44.61459335346767
29464,45.191803561291124
29465,45.75559299723851
29466,50.67394007885268
29467,49.8474869005455
29468,42.909187319832526
29469,41.318376033522675
29470,50.07812415704526
29471,44.902038340004026
29472,38.03591492313915
29473,52.79591340742956
29474,42.586843665332154
29475,61.0051470985684
29476,38.48681562743059
29477,37.2213399121788
29478,39.597031233128654
29479,55.360098620480684
29480,46.13228757470223
29481,45.00156098548314
29482,42.40423416020235
29483,46.637012529503004
29484,47.38533927185762
29485,50.72063415850177
29486,43.02558055312562
29487,48.544566644182275
29488,62.23006336405625
29489,60.78819832919376
29490,40.78631639607327
29491,45.65648558159201
29492,49.66464611392978
29493,41.49171631056099
29494,37.74186013914438
29495,64.56581451142165
29496,43.620111459666745
29497,49.48885352445075
29498,60.308540069265575
29499,36.86465162798285
29500,39.73853151578782
29501,43.591210531750605
29502,47.64448813802585
29503,42.44398815309083
29504,34.53364262651815
29505,32.426367621036405
29506,39.56590711995104
29507,30.44167966872189
29508,62.13702185654806
29509,62.06567394417775
29510,26.846322004755987
29511,42.14045267636016
29512,38.930058862762806
29513,33.849768075004576
29514,31.767479969983007
29515,60.080823770538686
29516,41.41696117729886
29517,35.66982882300132
29518,39.957021126547026
29519,49.847793306467224
29520,24.21117450309518
29521,24.037187133972605
29522,41.54062748223267
29523,49.294923802822574
29524,21.89562493581531
29525,35.490929732357536
29526,35.56456944555856
29527,31.91387438241781
29528,25.22666726786308
29529,25.682804820591116
29530,28.5299862779292
29531,24.987087545254123
29532,31.668095886013717
29533,40.9186449127666
29534,47.042744561543195
29535,48.7197674707788
29536,47.32335433957805
29537,32.92049701977136
29538,35.319952488556254
29539,34.91168376217861
29540,37.05145025845898
29541,36.44441541999082
29542,45.34119329789312
29543,41.189268131074954
29544,36.73242240995409
29545,33.83972363828485
29546,40.22369491940566
29547,57.97625527682168
29548,58.1468832368199
29549,43.24356284571675
29550,31.959265303752005
29551,28.588768236759524
29552,63.34870642550425
29553,30.509097763946293
29554,36.95464426695041
29555,35.233050070899615
29556,30.8457710954687
29557,46.1003932423475
29558,35.30743174606165
29559,33.076919703319504
29560,33.12462235169092
29561,34.11417171846088
29562,32.30090031648385
29563,41.23291634908034
29564,33.037088365767644
29565,36.64348180739638
29566,47.22834209965501
29567,55.153739432884976
29568,49.396625628325964
29569,38.03077170645548
29570,28.69615307286482
29571,35.60700729044921
29572,41.82019247590308
29573,28.318877837846422
29574,27.82185349314977
29575,30.474865719890143
29576,31.079714097344425
29577,31.046295823468128
29578,46.718236948410485
29579,30.94681541448955
29580,27.280883565617376
29581,57.24084721116452
29582,36.59154693391686
29583,30.200278730071638
29584,33.55084152469342
29585,29.536204665215255
29586,38.55828351036996
29587,35.362918819043685
29588,30.754191202250688
29589,33.04949053177702
29590,30.384507563785306
29591,26.206402893063647
29592,29.786393106798695
29593,52.975359344932585
29594,31.475654167235994
29595,35.93509961118532
29596,28.927820352692518
29597,20.71429627651333
29598,41.159261014942956
29599,50.95463386894127
29600,36.38825441101599
29601,34.480232265577115
29602,33.79496227863685
29603,48.12897390206862
29604,55.58600463222612
29605,42.67309605762855
29606,51.85079604361834
29607,60.99112141266229
29608,56.3174353969696
29609,58.316771320459495
29610,74.7703225349491
29611,63.939256201315615
29612,31.645134267241158
29613,77.47843679016303
29614,65.53801804998031
29615,43.70029403476291
29616,37.31491898558569
29617,40.673747606693
29618,47.266449001849985
29619,49.80033185341818
29620,63.091879095586194
29621,37.87062240169959
29622,69.70615422146605
29623,67.81873818070207
29624,27.691531205383953
29625,58.593458157617306
29626,41.41155451439025
29627,53.79736322778279
29628,45.69695061585953
29629,60.55288900179339
29630,47.049561053703364
29631,60.84198550482165
29632,62.796723173110564
29633,56.86200472523286
29634,41.4654432186969
29635,73.55045798630114
29636,45.47338211588664
29637,40.33382947519021
29638,44.860245521470276
29639,69.02616941883733
29640,55.62914929539025
29641,68.53057888666353
29642,81.84051697758798
29643,37.778416081346606
29644,50.4804201579062
29645,65.13324333227969
29646,49.46847364978003
29647,61.80742868633627
29648,45.47005633590251
29649,80.78037761578577
29650,58.35228340400025
29651,63.71270332138724
29652,61.58475529027407
29653,39.67885320019708
29654,59.01802359915836
29655,32.22964954048467
29656,44.74321986377844
29657,33.387639666171495
29658,47.07406768112607
29659,35.071499206094515
29660,47.65838293653484
29661,33.62721660874041
29662,37.69484828199578
29663,44.55584425498019
29664,41.30077094631424
29665,55.66014466450824
29666,61.3794309978621
29667,63.247296685742114
29668,61.719690953741015
29669,66.59211845410715
29670,61.738119130633976
29671,70.52930389328554
29672,41.369803800583895
29673,58.06281972226909
29674,64.69351976098781
29675,62.20272765138929
29676,68.54994816199253
29677,61.63069076163334
29678,79.5551987060291
29679,67.10080641915678
29680,71.92007624048838
29681,61.96379969312344
29682,76.37093769782521
29683,62.259682441218466
29684,73.4279532440761
29685,73.50097902780533
29686,47.93434130126537
29687,63.3784544920791
29688,74.19150943320722
29689,59.927582076602306
29690,62.46168856939445
29691,61.62776091640338
29692,63.71471623043918
29693,63.83372035043905
29694,60.89003242692628
29695,70.12954936129174
29696,57.539328259670725
29697,61.69712658231429
29698,59.39012805871381
29699,58.0737218528992
29700,55.27982127847763
29701,66.5232578498123
29702,58.694103440900385
29703,46.58424192796985
29704,66.10301770337094
29705,62.86727295678391
29706,54.751988863884065
29707,53.036901286494206
29708,66.83270776655992
29709,55.479842508371824
29710,55.90752332625194
29711,50.783038592232614
29712,65.32626704742796
29713,53.347597824351254
29714,62.32776348360963
29715,59.553136964919595
29716,64.70497998163917
29717,51.906862898084306
29718,52.86250718271092
29719,51.677228518061135
29720,54.699096771231126
29721,54.51037218926052
29722,33.25440403615986
29723,61.161211456899906
29724,52.03189020936489
29725,61.81359513421126
29726,63.791137740969816
29727,48.11154942992968
29728,53.05374674304118
29729,37.3244372015271
29730,52.18869456374611
29731,46.50950193157331
29732,62.51829393480878
29733,55.25658965719178
29734,42.05488050493728
29735,59.04073850243626
29736,46.480258886232555
29737,55.31233196013951
29738,55.408148073184655
29739,53.04109151378072
29740,53.349120846410834
29741,67.71757495686637
29742,58.75697536145257
29743,46.71018065343609
29744,58.60414852973146
29745,49.54653241943291
29746,39.64214906798908
29747,54.52345613988909
29748,55.13198576157534
29749,52.18074713011071
29750,56.30618143520317
29751,38.87146360780237
29752,54.9561893036556
29753,35.14883913133247
29754,59.61446636049585
29755,61.70860406649034
29756,45.98766065309859
29757,43.79128824782128
29758,55.73729311832469
29759,63.818515142382196
29760,51.84595682832111
29761,53.153824117814764
29762,58.38870285253969
29763,57.00333356542637
29764,49.914903854464505
29765,33.08425305649223
29766,46.97841319030095
29767,36.57907254724313
29768,38.20627486134164
29769,32.87584995795681
29770,42.85366370029088
29771,35.502068359648185
29772,39.01274123747443
29773,37.63056517317918
29774,39.669242896767265
29775,80.10364090301225
29776,48.46950176157554
29777,50.07393404050828
29778,57.01309367222375
29779,44.67040446995036
29780,68.19583330252823
29781,33.809020673981
29782,38.6925868961561
29783,43.685069824241914
29784,53.41043810231901
29785,75.12682992269224
29786,48.6027921786858
29787,58.12113423437983
29788,60.99410399060433
29789,43.92949226486955
29790,73.0100602495204
29791,54.29547564590848
29792,51.88239090549809
29793,42.752118786102926
29794,62.36631420187096
29795,71.98180471795398
29796,57.601150770170236
29797,42.687556269190075
29798,57.198825164047555
29799,51.84849023100493
29800,46.62704491510374
29801,37.7402884967251
29802,37.114591966550975
29803,58.40676377447041
29804,63.25752692958281
29805,46.6836760178515
29806,60.40664488362513
29807,63.94441030089912
29808,37.58851255595166
29809,40.80030144724405
29810,39.86805979094721
29811,40.30693178048076
29812,46.286988553053455
29813,59.721599576964174
29814,47.172154502699456
29815,60.99549735260351
29816,60.912748340756266
29817,42.5589001854842
29818,43.799525517131435
29819,50.592698444021956
29820,44.944823700185
29821,50.61013254965492
29822,43.66017631409259
29823,44.5480485551498
29824,56.332138625840855
29825,52.93035434061898
29826,51.2794923651656
29827,26.422158886825844
29828,30.6611415490533
29829,58.7338275986301
29830,45.435411816425464
29831,60.61999149923189
29832,41.17058977928753
29833,41.568570227926045
29834,51.4225006003401
29835,48.37105365040364
29836,46.26046487730438
29837,41.71169993423362
29838,48.13886512854189
29839,49.29902252671487
29840,40.15232811426684
29841,37.900125934933065
29842,42.496293439524905
29843,42.27758011188307
29844,46.826988522862955
29845,36.552960467883494
29846,49.79955333921896
29847,45.522853214995415
29848,46.779996755553135
29849,42.235060522084865
29850,43.99753634962799
29851,40.53371288244058
29852,33.79266305566221
29853,47.60096187088417
29854,35.86031300736555
29855,38.4253730123744
29856,47.48069428663953
29857,36.84181184178719
29858,37.86446403432845
29859,36.02545765381091
29860,30.71634996731705
29861,30.08840444475141
29862,35.55503059801453
29863,29.157310934819577
29864,35.00602182001519
29865,33.46519532420881
29866,38.6578012207329
29867,35.76336810656993
29868,32.04040952523933
29869,38.79640896146197
29870,39.13822616111817
29871,30.621115790529196
29872,33.40234309877894
29873,40.27674219564555
29874,34.40722731899772
29875,29.48738772917003
29876,44.65333963459429
29877,52.995834461678676
29878,30.767373244563164
29879,44.24774077949558
29880,47.82273416760366
29881,30.960065318732696
29882,42.35083162627746
29883,36.527445868694365
29884,34.30471048325019
29885,48.10825526057291
29886,27.29491199358919
29887,44.48919582045819
29888,27.43294896536916
29889,25.40762056773867
29890,42.964649649772426
29891,35.58826272529036
29892,45.705449805768495
29893,46.239714873637325
29894,42.46168032410099
29895,28.539050665584085
29896,43.74479935925631
29897,31.601076391613674
29898,35.45080151846287
29899,35.84284853250792
29900,40.68585539248112
29901,40.67793638815006
29902,34.2628921561154
29903,37.49897072990504
29904,38.95469895493503
29905,45.52079043901259
29906,35.84521525088402
29907,47.870676644172626
29908,48.4039948918758
29909,30.104290694909068
29910,37.29635772513157
29911,48.52615118021392
29912,41.70644285490147
29913,47.56624900913101
29914,33.78854297473155
29915,40.38295299440324
29916,36.35737558494582
29917,40.97737686507393
29918,34.83329678273647
29919,45.81063887821447
29920,41.172670954897164
29921,39.506308226119316
29922,42.14623136908096
29923,40.986975675734975
29924,33.279962640792185
29925,34.33878392424433
29926,45.68672589128731
29927,34.90861316569058
29928,44.92524412950857
29929,38.525070455737456
29930,32.03049804873303
29931,44.24315655130023
29932,49.98157290143739
29933,43.92162045987699
29934,30.755350123227444
29935,30.079130258108524
29936,40.562052055303
29937,38.2645706591572
29938,36.812032313063796
29939,40.546019865613474
29940,45.45980151633754
29941,74.25039747628884
29942,40.578097411774685
29943,56.42099122963092
29944,40.87517193155926
29945,49.7641855990005
29946,39.97147031720304
29947,43.41125688350968
29948,37.05332589248377
29949,42.794020720523456
29950,68.62654147292282
29951,33.19678729120893
29952,63.2243026330309
29953,38.91992883278013
29954,35.81230630169165
29955,42.85864554997136
29956,64.22745870323484
29957,72.6024932160408
29958,31.87428778840488
29959,50.47585672395315
29960,60.29162886587747
29961,41.10880471162614
29962,64.75619963471995
29963,27.534572680288505
29964,64.26032231739401
29965,38.41814476092961
29966,33.254524719549565
29967,44.16754797624531
29968,44.40177638546845
29969,39.29458903488572
29970,36.790026960365466
29971,46.559149456302535
29972,29.86998427466776
29973,25.10867875144509
29974,38.212409573407
29975,38.31006369305184
29976,62.29935688052329
29977,33.882971558489494
29978,52.62238387623918
29979,33.7611490835649
29980,58.230639138351755
29981,39.43548452139071
29982,44.48773407054889
29983,37.08552228952439
29984,63.99382284471797
29985,56.0538265971079
29986,39.14627727299467
29987,45.111386051128946
29988,47.17308981644771
29989,57.51679410677602
29990,52.56540303892908
29991,40.14571816809305
29992,45.25385081637372
29993,49.1974517188829
29994,41.93519595672789
29995,26.015692050583585
29996,46.44072238226204
29997,36.52152985524063
29998,42.65203507707527
29999,47.63375088742419
30000,55.75180807894252
30001,29.608609100511934
30002,51.395062054214655
30003,57.64988496985587
30004,37.86706101063346
30005,38.467845894857916
30006,49.538110805796784
30007,66.36070409724839
30008,41.62625795920121
30009,49.82544381466654
30010,39.91763794539817
30011,40.13771637114857
30012,41.2930480812273
30013,57.4294465084368
30014,40.2812632148377
30015,42.93618810361088
30016,40.4354959166962
30017,35.64636722476879
30018,43.925500460475895
30019,41.709228034987184
30020,57.27507943295777
30021,46.63348614722393
30022,54.85902721127203
30023,44.23586015030459
30024,47.161996601850824
30025,39.85667881827898
30026,35.57389424287021
30027,48.07992461443306
30028,50.694858661508505
30029,42.8109820653916
30030,50.92416365043107
30031,51.287729179348524
30032,43.520401609695
30033,47.6863750486252
30034,54.7349307086175
30035,40.350929235027365
30036,47.53733723511058
30037,41.593672424665904
30038,48.22227348984281
30039,43.2489224473009
30040,40.40768545134919
30041,61.415642447375774
30042,58.19709166120391
30043,49.433257154169816
30044,44.82001803575071
30045,53.64619922510888
30046,43.0095110382459
30047,42.47247498402314
30048,46.072783666053894
30049,44.79110617614976
30050,47.932737180948216
30051,38.75087471786378
30052,65.0737310504018
30053,47.446282624514446
30054,48.750357187743646
30055,45.41826135103419
30056,41.93472603935106
30057,58.75627001006195
30058,43.07923388128224
30059,42.1445166241179
30060,40.316609900817866
30061,36.00706808726849
30062,52.41902468872314
30063,48.78505918492324
30064,42.799783988617015
30065,36.297748801670544
30066,58.51609985792823
30067,42.91482365304934
30068,38.81890354001317
30069,46.20071883882923
30070,44.085482383767626
30071,47.50004657093883
30072,53.07360171741655
30073,60.65166165411097
30074,36.94221078200064
30075,56.59084467829635
30076,63.91510072349134
30077,63.59804706786113
30078,34.02664151513684
30079,36.168523345060436
30080,30.560507426006346
30081,38.3192079490762
30082,37.45540192121631
30083,54.31580821422018
30084,35.69940950959523
30085,54.296529391674014
30086,42.00729958518421
30087,31.950258893891416
30088,47.22378013300944
30089,33.646132291046456
30090,51.5569110867206
30091,61.361793176905906
30092,52.5603007312995
30093,49.775545684181225
30094,33.8608415966926
30095,63.76978718830367
30096,58.59284621881005
30097,55.88809044388451
30098,48.75638458664966
30099,27.496781339038275
30100,28.481907345109228
30101,21.846096458541826
30102,31.01453201579468
30103,51.32448333577842
30104,41.010057540028704
30105,52.262007361732024
30106,45.67063736225979
30107,39.024308694614
30108,27.226942444692668
30109,45.42579992558865
30110,48.03960294474179
30111,41.558820656967505
30112,27.090688665864548
30113,41.199128454437535
30114,57.98002333594988
30115,45.14896521645583
30116,40.50018975216236
30117,57.317905713756204
30118,31.275396774209938
30119,42.84654387941417
30120,36.47316288882125
30121,46.98239076219306
30122,39.05663281499736
30123,43.11619400994843
30124,44.09503937063688
30125,43.41094102867298
30126,19.374266357260833
30127,40.79875308751321
30128,47.79106522126405
30129,48.44842152534513
30130,40.063020290358736
30131,43.88246584899478
30132,32.38374636654542
30133,44.992551586424206
30134,54.17831465272085
30135,37.99007945748731
30136,42.359994541689325
30137,52.4546430024068
30138,34.59718409647563
30139,26.43361336102405
30140,55.74868096417289
30141,26.984309298511786
30142,46.77579541327292
30143,43.85645490423365
30144,31.707233886889092
30145,36.25837639629113
30146,45.19151035659816
30147,36.54720349852479
30148,47.43527549191464
30149,37.45493114793136
30150,38.337913560484836
30151,35.8608861807604
30152,38.717342360403
30153,33.11514138430282
30154,43.8416473357606
30155,36.20869252997241
30156,43.767229967779
30157,34.27330063159368
30158,57.228787791039366
30159,35.99978484542097
30160,33.72618940977921
30161,46.519973379869846
30162,48.583351877274715
30163,40.128353103626104
30164,51.10459945833475
30165,54.16941379287571
30166,34.12650100260795
30167,62.695286787392206
30168,57.817275890468636
30169,49.51476817772998
30170,40.12055747400408
30171,50.593347481382374
30172,51.302027669467186
30173,34.39204141241643
30174,47.03534983123273
30175,61.67258882940559
30176,48.467728505691014
30177,56.062785759258155
30178,45.92276200791142
30179,61.36852824318825
30180,29.108064991658026
30181,45.763554629536955
30182,57.57948968017034
30183,31.039394277393615
30184,56.39742940629976
30185,28.82435731685866
30186,38.642733347515914
30187,39.26668482297169
30188,26.99648331038168
30189,56.175346045880524
30190,50.1907310386081
30191,53.98995672031756
30192,41.25072679548523
30193,24.168368590398984
30194,55.251150686977304
30195,52.18743362875807
30196,77.81413608861979
30197,87.96669805402404
30198,84.41386841265299
30199,90.51397979162343
30200,49.145301018366446
30201,89.00235901504237
30202,85.02339677788527
30203,84.82461418897344
30204,85.22313001691263
30205,47.95975258206314
30206,58.73504131142616
30207,91.14301651295841
30208,32.51647399949757
30209,82.25250202335602
30210,95.76108066100946
30211,32.67506398284661
30212,82.52856668411209
30213,39.49759139544781
30214,84.45235874693263
30215,81.73455555799907
30216,90.36075723843206
30217,36.312809530051254
30218,93.18106266620913
30219,88.4686377089325
30220,50.42759583625035
30221,90.26018460239055
30222,57.629856298657415
30223,87.82851207428769
30224,37.79647061635235
30225,72.41637396059453
30226,82.19107512921093
30227,64.58087630502787
30228,45.56237790308316
30229,79.26643544588
30230,43.080607634443496
30231,77.45233664932958
30232,88.7993181069934
30233,45.18867418688984
30234,79.46501460522094
30235,86.37252707484441
30236,29.667473423436398
30237,88.45735971804052
30238,55.5986649068294
30239,69.69908746139303
30240,38.09636377756327
30241,64.30759629844462
30242,86.74678479050877
30243,34.516883613080836
30244,88.09547041392436
30245,87.35207544209388
30246,50.31632519609431
30247,67.34625026168652
30248,89.48997870034518
30249,34.568270006816604
30250,89.78350233627424
30251,34.40348246616408
30252,83.02382670200429
30253,80.24532490513614
30254,37.89913675091851
30255,86.22953128486483
30256,84.09313719212972
30257,50.12323155984448
30258,75.90926208970487
30259,80.29604335526227
30260,40.87865792175231
30261,78.1435235439821
30262,82.13853781990287
30263,42.87479282974712
30264,85.1034093045879
30265,80.56746103279005
30266,39.366527641786504
30267,62.158584227183624
30268,83.91598841594478
30269,49.92554362011299
30270,85.68597118394514
30271,80.61423323870038
30272,45.08434294481608
30273,80.92335974761065
30274,68.58091201034536
30275,39.707930265199145
30276,66.07436622467154
30277,63.32131945490245
30278,38.91043000494467
30279,69.61350946369863
30280,45.88491248995543
30281,78.1882790805426
30282,80.60051367189337
30283,44.76494874127036
30284,64.37414251851413
30285,76.86668428855938
30286,40.832795427853085
30287,82.47552095293207
30288,69.69908746139303
30289,43.920689672967505
30290,66.19023075485772
30291,76.8623615863594
30292,63.99421388372001
30293,43.16580936084879
30294,47.929652254495004
30295,63.53311952792278
30296,45.86964244469125
30297,43.88077896430622
30298,60.92981735021041
30299,61.24464556420699
30300,77.56416513663069
30301,51.53121221330077
30302,59.245724843573996
30303,51.486848533165684
30304,63.22753857989475
30305,57.29947770694572
30306,45.57062372544587
30307,81.1206804914901
30308,67.93687260282393
30309,45.40582855955766
30310,66.92744345422145
30311,50.882527927674914
30312,47.2889681225548
30313,86.36040248670894
30314,52.97406609516722
30315,40.53311834396905
30316,38.25017033123542
30317,50.25491947471611
30318,56.26486728814587
30319,41.0939791373612
30320,53.24300106245092
30321,70.4028486277426
30322,83.67595611529336
30323,49.60519803474048
30324,46.58331680121676
30325,48.303536963572796
30326,50.011624489102495
30327,38.73173094023147
30328,43.424216092521625
30329,56.18059329373594
30330,55.250692817297164
30331,57.74497740368294
30332,48.388452530218544
30333,52.711689947709765
30334,52.5051329807652
30335,80.14394067985636
30336,58.507863560573234
30337,90.5633824227057
30338,50.602366810840536
30339,49.89744264586484
30340,45.1355257474052
30341,46.50936344909059
30342,48.65277781720936
30343,48.347497565800175
30344,62.459920141391166
30345,51.35328421009878
30346,48.696929291999616
30347,50.67922265120118
30348,51.2293984745085
30349,50.66621041040434
30350,51.63312428627821
30351,61.74639274107592
30352,52.654714450389875
30353,47.963710461695136
30354,50.63570565675748
30355,53.650878979578216
30356,50.74228124954939
30357,51.70570703491086
30358,49.09557562383946
30359,49.869915303630115
30360,49.627723535981474
30361,55.53900529184865
30362,49.17016301573811
30363,77.94632714650726
30364,78.26098586166208
30365,48.90028085521737
30366,64.91261150781351
30367,49.146356867138124
30368,58.869895059105914
30369,76.07726457154259
30370,50.39857013384888
30371,76.56526287673798
30372,45.79805913619925
30373,46.60330830650479
30374,44.40227285771534
30375,54.32947994566317
30376,41.9337960889478
30377,39.96023213338433
30378,80.84632124503128
30379,50.46848650444919
30380,51.07370332668569
30381,77.97358987015531
30382,44.9915809791427
30383,53.77819543391978
30384,50.10722102328333
30385,55.11831156562593
30386,75.54215613367434
30387,81.13487016879382
30388,90.97664257831076
30389,68.86337745218877
30390,75.19054575718286
30391,44.93827073974745
30392,80.86201228785976
30393,74.20968785570724
30394,47.03694700238137
30395,83.77114061751347
30396,60.42745352690248
30397,46.26949429018719
30398,67.25687888737957
30399,77.4687483942252
30400,51.813771665221175
30401,48.060070254395455
30402,71.51443418698078
30403,55.51106621483046
30404,28.546600199178517
30405,44.90959532073228
30406,71.71232241549599
30407,59.742030122515615
30408,50.57101071370922
30409,45.893424442183985
30410,50.50757968684317
30411,42.41538415960703
30412,54.73522217654016
30413,45.4519386465152
30414,67.15622912220465
30415,32.22858095337749
30416,31.074114625882302
30417,53.424820466981025
30418,79.80895129491697
30419,32.79283108481411
30420,46.02893212595888
30421,32.64000365496359
30422,62.17255966713934
30423,86.0701401747707
30424,56.29385304244225
30425,53.98777311813859
30426,52.85542341420476
30427,52.24345410822017
30428,82.96595477616654
30429,49.957859792616816
30430,35.71706237412268
30431,40.186174149882554
30432,55.054475494111415
30433,29.085798445182256
30434,37.311487539831255
30435,46.1608725760842
30436,47.350985469167874
30437,49.67780971040071
30438,41.62352246829169
30439,49.36686913376802
30440,64.83385506713675
30441,53.747045722576736
30442,49.05907495195835
30443,46.111154270896535
30444,54.7112849756959
30445,51.35573684878641
30446,58.491593425381936
30447,51.97783868979885
30448,54.85987203620381
30449,60.24699716731902
30450,52.56038267356849
30451,51.56872392634553
30452,59.849508650354224
30453,48.74729516689933
30454,64.11338561776469
30455,34.14470102638474
30456,61.52429316670721
30457,53.83726764489391
30458,45.49390026577927
30459,30.91209641179389
30460,54.74096137980092
30461,61.48610522942958
30462,45.23127999476428
30463,56.81424528415765
30464,59.59870003463393
30465,48.40712372707458
30466,47.879300389598775
30467,54.01196381482107
30468,59.75193564776198
30469,37.53418559088045
30470,42.838389407926165
30471,51.65365541668091
30472,33.612601731500135
30473,44.3502671661097
30474,54.493771080065805
30475,34.5569454857888
30476,31.041752977014834
30477,43.27416183156593
30478,51.90120668617313
30479,49.127152633890496
30480,36.98174866471891
30481,32.055341626611025
30482,27.534146910818297
30483,48.582046188954706
30484,64.79925783687999
30485,35.9203825883488
30486,51.3781450137149
30487,42.268962713714465
30488,35.74253848738109
30489,41.87775043393566
30490,36.63197538061197
30491,27.4521197285035
30492,33.836095943825356
30493,32.03259849653254
30494,27.541964990083496
30495,49.10834348398987
30496,34.52167933962017
30497,44.15971658033813
30498,35.54363481528303
30499,35.10021191130038
30500,37.190907581356775
30501,52.489355347162466
30502,40.61452939944965
30503,33.813890827977765
30504,45.714965129596834
30505,53.485705858383696
30506,40.68042397420681
30507,40.17573669522271
30508,38.87577031458077
30509,49.59347835039003
30510,41.54931978965159
30511,42.738165859251765
30512,44.7584528104814
30513,42.3649053092764
30514,48.518995076315974
30515,43.779958524241486
30516,45.59262972507549
30517,49.25774707595629
30518,42.88475889171627
30519,44.72021505661776
30520,39.65352016081257
30521,67.49846658583927
30522,69.05438334486017
30523,44.58572732780425
30524,49.88918223586212
30525,50.93241693181419
30526,44.82213885142527
30527,36.62565583983304
30528,41.055499694414365
30529,49.73734937728268
30530,78.99980413302004
30531,65.43559398433645
30532,47.64734892372163
30533,62.209188430977854
30534,47.458866141646695
30535,48.510587497392905
30536,46.835358896900686
30537,50.23354471208832
30538,47.70473580766737
30539,63.361577415029764
30540,50.4048694188256
30541,59.1663049500419
30542,52.64109460070203
30543,44.378383396242434
30544,50.18946596012056
30545,37.15659642080499
30546,59.84788796983431
30547,60.32626027760849
30548,38.84134052047642
30549,53.69416575889409
30550,43.22439588177534
30551,43.10194574441938
30552,45.13311884847104
30553,48.067845088201956
30554,44.06466892040264
30555,55.708249323998125
30556,60.93286871151147
30557,46.46524966481262
30558,44.385726204043614
30559,44.73967316868198
30560,54.388431655528876
30561,48.19444385326237
30562,57.544480338521325
30563,43.678271216198674
30564,48.14229463873038
30565,58.475562954234576
30566,44.08163254270178
30567,41.10086054277464
30568,44.49135024573007
30569,45.070168506811044
30570,40.40687745650163
30571,56.25865806675543
30572,60.62704559746253
30573,63.8323032946023
30574,52.41500248008627
30575,45.10940590408542
30576,43.69457264203556
30577,56.53085320795682
30578,57.772244927461074
30579,43.65832737803761
30580,42.52282572019664
30581,57.76912418925143
30582,41.12788287181492
30583,60.507709187315086
30584,49.54387817631168
30585,54.12769449184861
30586,53.49940943761749
30587,35.23114047751939
30588,56.94658491627146
30589,39.32428701860495
30590,45.986247680668136
30591,64.13539710694116
30592,41.01143995752292
30593,41.458406802675725
30594,38.11186774689016
30595,46.420853026027665
30596,49.15627435660839
30597,42.70322868102985
30598,38.315919698324876
30599,49.15860575772286
30600,39.843726869027286
30601,40.0390568939215
30602,42.70276226583116
30603,44.06530015913116
30604,44.28773577526573
30605,40.50389921152342
30606,64.4799596776403
30607,45.11854269900155
30608,42.88646687010693
30609,50.9199382338615
30610,42.27480931176583
30611,68.11486424314661
30612,38.46713700090985
30613,42.94408307735902
30614,44.586069311782495
30615,42.8461862951696
30616,42.16434725866113
30617,58.20320531905712
30618,53.915686902609174
30619,41.1204073855096
30620,65.24346343990706
30621,65.553861841611
30622,68.21049463090084
30623,55.329183220466305
30624,51.0488420567565
30625,52.90922640454348
30626,66.78870129068058
30627,49.10801950938553
30628,66.40780622942115
30629,70.85348448267816
30630,68.19474636194997
30631,40.83619981569467
30632,61.052924934961936
30633,50.44291952576339
30634,54.70036526157952
30635,55.04847066229982
30636,60.57550552852098
30637,60.032727490557825
30638,66.83793275055294
30639,70.05601495097213
30640,45.921433491595984
30641,57.236310228746575
30642,48.11351618186443
30643,61.370467566060036
30644,57.66354263947049
30645,46.15334531758314
30646,62.315076636610755
30647,65.6733342279378
30648,65.79550617017938
30649,62.46434131148041
30650,34.39403858508096
30651,40.69476569586587
30652,45.242481072100034
30653,66.77323998540885
30654,59.734256526479264
30655,55.082174934876555
30656,61.8925519038236
30657,62.61524634854974
30658,54.577845993486605
30659,67.48747055085823
30660,42.17000056980705
30661,61.536731664795056
30662,61.64472832424892
30663,55.92983969937657
30664,57.8521669885084
30665,58.283870300836995
30666,57.04042346857499
30667,55.38209909302064
30668,60.96181721171132
30669,59.04526269044391
30670,54.42432405274846
30671,48.678226268011564
30672,68.30009945832107
30673,66.79092384927742
30674,58.48198009200934
30675,57.69595955816917
30676,67.75390010157915
30677,47.20853108698161
30678,63.452365583351614
30679,63.251985805182514
30680,62.8295645497673
30681,66.0461513687197
30682,54.95671070481602
30683,46.96401604635541
30684,41.63385347287315
30685,63.02127569293921
30686,44.664669022561185
30687,60.88294712526911
30688,59.372695996016965
30689,43.48541895655388
30690,30.51968804661348
30691,47.28000300140462
30692,53.64587051329152
30693,48.55731257567188
30694,34.130120985418124
30695,50.83020422297763
30696,65.87234864728893
30697,64.74191021841742
30698,58.398556923001145
30699,57.369495063663635
30700,52.473483757594835
30701,52.6970193516284
30702,57.64087216058151
30703,53.352901305835694
30704,44.117105507482236
30705,58.0601483868784
30706,57.8998099743349
30707,53.364913173263346
30708,47.18489014001392
30709,53.3940681313117
30710,52.804705122178994
30711,32.57106931532904
30712,56.273933464353505
30713,54.91354055888122
30714,54.74061449604594
30715,58.0380286722874
30716,55.50555699918681
30717,61.86856420547051
30718,43.36697475539938
30719,41.01853800830196
30720,54.71760200230964
30721,44.809099941568746
30722,40.09328788154584
30723,29.276181545322657
30724,65.29920796396608
30725,38.69633253900104
30726,39.05409240087917
30727,40.3272130166608
30728,56.01433521959528
30729,52.867064617353016
30730,63.92367121890213
30731,38.54818729524299
30732,51.309819897750096
30733,46.657814189200984
30734,56.062101016431946
30735,39.3011574059621
30736,55.160866633964794
30737,50.3164566765885
30738,56.10316757020173
30739,39.8993891066893
30740,46.55745380797321
30741,45.62158094628689
30742,48.14992042509584
30743,36.930627086559895
30744,58.690117201241826
30745,59.06327425820743
30746,56.22288240960711
30747,44.64494037299147
30748,57.63408656791469
30749,68.25410968899234
30750,46.42834677331819
30751,47.92338427596441
30752,40.46227275857695
30753,47.63328373523681
30754,37.83320682449924
30755,36.19455786068585
30756,41.58603326472671
30757,44.554340604987736
30758,61.36829503096673
30759,51.31830737553837
30760,57.737256157270245
30761,56.31096941303594
30762,36.06010146779913
30763,43.216319905869085
30764,41.51725260217219
30765,54.39323438231361
30766,54.670265724695355
30767,57.54974358219657
30768,60.91208520588277
30769,42.277215720780205
30770,42.59467007316166
30771,29.64655220723483
30772,57.48356241433274
30773,38.36384673571717
30774,42.80273985123499
30775,38.806936308273706
30776,47.31093935280156
30777,64.26511668202733
30778,48.59910982468686
30779,55.56980714359912
30780,43.33701589188435
30781,61.6139414122006
30782,44.33084941508734
30783,55.29897584920177
30784,64.09630456589312
30785,37.90093533223802
30786,64.67703187766077
30787,57.069462845789666
30788,50.04068136802651
30789,51.344485143721364
30790,63.62344575476079
30791,65.52077663030413
30792,61.32401659511367
30793,51.678043395867526
30794,72.41082086796725
30795,48.51753525184535
30796,39.1617900750135
30797,43.94285443346522
30798,50.84796036002399
30799,47.28378942266346
30800,71.98180471795398
30801,44.689742588396015
30802,49.65732928796756
30803,48.93305711028039
30804,40.337544459219075
30805,33.504246901760204
30806,48.8974421418465
30807,38.81591900569356
30808,30.029625959829872
30809,38.277816225867454
30810,38.33758080950633
30811,42.7855508438894
30812,33.79481357559972
30813,37.789915921270094
30814,41.71036221347492
30815,38.572241426653086
30816,39.10903445339859
30817,48.39728605915853
30818,31.553857530376263
30819,39.446677482516876
30820,38.25897775629072
30821,38.02305333666236
30822,35.607163071919956
30823,46.95405255349811
30824,35.08356406163648
30825,38.12521434190778
30826,64.77794705977884
30827,41.43426939170374
30828,43.329781731606076
30829,38.21891342252349
30830,39.74300509169952
30831,30.402652438377707
30832,29.974906245403016
30833,40.32427329325424
30834,33.9046631101419
30835,42.98954041990288
30836,37.55495927998575
30837,46.281286063058076
30838,34.922964848985316
30839,34.59430282611779
30840,39.84718784680281
30841,42.37353032026629
30842,40.939028183228324
30843,41.54218358378428
30844,66.65662932145335
30845,51.07654205093227
30846,39.92209485386685
30847,78.67277224325754
30848,40.85931962829596
30849,49.29560290542321
30850,53.12206817714755
30851,53.781844356196096
30852,52.867064617353016
30853,43.34272411742955
30854,53.65880605462365
30855,54.70887644683331
30856,68.79587745765588
30857,50.967841496744626
30858,55.30955162719675
30859,43.711416000745906
30860,35.81987910826221
30861,47.281887989492624
30862,40.127737016567984
30863,50.246716109230995
30864,56.697931799339145
30865,61.85916421615444
30866,67.64924476226096
30867,67.75390010157915
30868,59.079252509827974
30869,59.932134361194755
30870,64.92839855224699
30871,60.53708140536895
30872,63.355756918025506
30873,64.57018181176122
30874,60.27361393825583
30875,58.509226350286
30876,66.82495941472193
30877,54.269023278758795
30878,45.44565594248163
30879,41.367784196803996
30880,35.264088924454406
30881,44.27938226175449
30882,40.0233806246935
30883,42.957767606485284
30884,53.92528461823107
30885,31.401683280749488
30886,37.387199307390695
30887,37.43345653409525
30888,42.11377110074233
30889,57.39788389954142
30890,44.34265962468467
30891,49.871852343563226
30892,36.26131989916992
30893,38.263006705299254
30894,30.271887599987025
30895,40.89260743305627
30896,27.484908977781203
30897,32.81692483137769
30898,52.576709463084406
30899,53.30547898052193
30900,48.42977547490389
30901,40.19995038031648
30902,56.0312665917652
30903,61.975928275217726
30904,34.962462338955255
30905,45.04211189728827
30906,51.11198865588081
30907,54.55148138548431
30908,53.06039505749746
30909,37.9702228509941
30910,45.91220181802389
30911,72.71941465710813
30912,44.90691354246651
30913,72.28742233148947
30914,44.4798525908505
30915,39.14276198877873
30916,69.2760120073244
30917,35.69044017815197
30918,33.86765291459382
30919,39.48387031928065
30920,26.36738844419967
30921,29.1354593060499
30922,35.30749835731011
30923,23.947036619214533
30924,38.63531969183835
30925,47.81659511736643
30926,39.42931774415092
30927,61.43842245061266
30928,50.01579075356389
30929,56.5842970492572
30930,62.31861192355354
30931,51.31408462242076
30932,26.459190007403976
30933,36.255080391022695
30934,34.7942632489455
30935,55.28932121667625
30936,52.43800832117529
30937,48.71164262367397
30938,56.401717907263595
30939,53.23632959111248
30940,36.94120347271945
30941,45.44565594248163
30942,45.242108872471064
30943,62.4626117456243
30944,55.15677437033697
30945,30.096185478357576
30946,42.20126607828874
30947,34.00078702376558
30948,36.57983312737995
30949,50.900703172511825
30950,64.02343637114856
30951,47.95377362028975
30952,44.938838591170736
30953,38.719337327547365
30954,31.10304437882835
30955,26.88422091727534
30956,54.337547822283724
30957,30.321713017825402
30958,45.077959441286204
30959,24.78822007091876
30960,53.182858736706606
30961,47.78084390283794
30962,50.53918613879434
30963,44.75804270890139
30964,33.327228009615915
30965,35.04952247967343
30966,38.86109343629436
30967,40.21408487658329
30968,48.12736882072309
30969,40.10213677783513
30970,50.93648959350292
30971,44.11443957139507
30972,38.41081321257592
30973,47.38681492315111
30974,57.64620481241851
30975,47.98347674493751
30976,55.81361418853477
30977,39.14302414115612
30978,43.806688648832576
30979,48.4669237282626
30980,65.54430552518724
30981,44.0468360980593
30982,56.88984926284642
30983,33.73752144113054
30984,46.69614628004675
30985,37.738360776762704
30986,50.01042745581348
30987,55.91956712422858
30988,58.36653708329416
30989,53.56363517874689
30990,37.860915097591096
30991,40.036388132911505
30992,39.53949506127731
30993,47.835155512542926
30994,49.017837774303466
30995,35.16207330111867
30996,47.006240571136956
30997,47.52216364067059
30998,31.984324669810142
30999,57.36539345804318
31000,55.93661118327091
31001,59.1531363949764
31002,45.54660549780445
31003,35.38793584925418
31004,49.46944909541079
31005,33.45597672139383
31006,33.07473063895362
31007,50.18481887058189
31008,51.46914222653629
31009,40.92546778851685
31010,44.72765784572582
31011,49.47838039030731
31012,38.79811828835799
31013,60.38133540388387
31014,48.66869458384951
31015,39.58400501412227
31016,37.23129523028176
31017,39.86477104739452
31018,64.34004922767646
31019,40.616966935303985
31020,71.22196409207596
31021,38.557805672098965
31022,45.379872870380595
31023,54.879051467989875
31024,28.189020482149573
31025,37.58880973644565
31026,39.93932825185409
31027,50.86817614936351
31028,24.490147417633032
31029,52.028743990964436
31030,39.47492450492418
31031,24.293015396824735
31032,43.74596980335485
31033,37.46404612084159
31034,57.79426073122072
31035,28.286094445431974
31036,26.718340472929746
31037,36.26406089698891
31038,28.053175928012717
31039,21.160749396545153
31040,48.934148972899045
31041,26.706125155614142
31042,26.479885594615624
31043,24.3040818617419
31044,47.402235389072935
31045,33.66628026409744
31046,47.407543719095784
31047,29.465917255244488
31048,53.625544756181554
31049,50.587085443693546
31050,27.15753025554379
31051,25.193550695009144
31052,30.963244550358517
31053,35.89885333466134
31054,35.45729677470529
31055,30.72857650601764
31056,28.872326859488563
31057,28.07753234357052
31058,26.92679372020541
31059,32.66357483960468
31060,21.13089406751291
31061,32.3385208115797
31062,23.53518458178654
31063,29.667188070883995
31064,53.45085777044108
31065,39.5448699271566
31066,29.133864060286218
31067,28.62567792283162
31068,27.826012614129862
31069,21.08636378866294
31070,42.21110686110535
31071,29.62672973832625
31072,35.15495518677827
31073,26.076425332557346
31074,28.099882414881552
31075,27.079610222500456
31076,21.00079702785944
31077,35.90197706567396
31078,49.61270805424941
31079,30.535016331408173
31080,48.61079017450711
31081,31.473910993598516
31082,36.774879003009936
31083,39.24892636176176
31084,28.923227068885993
31085,33.392193940006834
31086,20.884649723414757
31087,26.17738649182124
31088,31.949214660148357
31089,33.6620870808179
31090,24.44848998992074
31091,39.50208770292734
31092,30.26318938050882
31093,32.29448147368292
31094,28.237372517633776
31095,22.910022175516957
31096,29.083229037596634
31097,26.646988139476473
31098,32.13927800126801
31099,39.34943151525608
31100,33.5911840399627
31101,46.18668001279371
31102,37.82287342053568
31103,43.468520010927975
31104,43.247730861960434
31105,23.42416018228641
31106,39.12780196835137
31107,42.88000673015521
31108,37.97451394094585
31109,56.51811035574451
31110,39.590886823929445
31111,32.85357216098262
31112,24.0283368107598
31113,27.936624548489856
31114,37.931362827061655
31115,44.556705625479616
31116,37.70425967744457
31117,34.48865481246588
31118,30.091186440557426
31119,60.05159888368836
31120,39.44948931301417
31121,37.579636555679826
31122,31.326966148635897
31123,25.559084113931874
31124,23.996900008943022
31125,17.677044654692292
31126,29.02686300713426
31127,41.905884777659494
31128,31.511553871913918
31129,20.858915754956183
31130,26.772901098253993
31131,34.55876074631079
31132,35.258612325212596
31133,15.868056936974085
31134,32.91161376914671
31135,34.38747863249378
31136,38.04065382060391
31137,48.960472796065396
31138,24.766081234599284
31139,26.149550101538654
31140,18.92793480637456
31141,28.134082369304664
31142,33.69601220234574
31143,32.78159064044413
31144,35.17472485642509
31145,32.41247149436985
31146,28.21346359549076
31147,26.418184915929242
31148,26.14510050641859
31149,30.39603996110498
31150,22.27909313806537
31151,21.510482377734277
31152,21.760446645233433
31153,24.88942476316346
31154,32.51888993267247
31155,28.54484113702379
31156,26.256789815278495
31157,29.726307329747637
31158,23.676826275350322
31159,22.654150289328552
31160,27.81318423589873
31161,41.992658511172195
31162,31.670563296492617
31163,23.89368896200035
31164,33.325005696396445
31165,26.903113418070372
31166,29.511142088743917
31167,21.407808558068506
31168,26.620812243943213
31169,27.352412056676652
31170,34.82647846482264
31171,24.623696023722033
31172,25.499823559965066
31173,29.082818877971945
31174,20.201092421751962
31175,29.895592485612358
31176,27.459757912383587
31177,21.350719458191833
31178,40.00877438236968
31179,31.920970343041375
31180,40.01212472902572
31181,25.131198368931152
31182,24.787843487954046
31183,19.9975769253466
31184,23.060966303262564
31185,35.19364048172697
31186,30.223875293832712
31187,25.514829286116683
31188,27.99407823920662
31189,27.09606637142692
31190,31.806078545165576
31191,26.56610988661894
31192,29.812062610979165
31193,57.216855328675585
31194,25.73778518000562
31195,31.439462684830083
31196,21.870220622890155
31197,28.327556024843975
31198,26.46944689493415
31199,19.505225699014968
31200,25.163787556148467
31201,21.530884451429003
31202,31.425601285970906
31203,28.921435772391565
31204,25.522935283940495
31205,21.146867546624662
31206,35.95260519940184
31207,30.17350937614077
31208,25.86711289812983
31209,24.14589334892018
31210,36.177570624457644
31211,26.751105494282307
31212,21.822280482840085
31213,21.73294323580335
31214,21.1683846565483
31215,24.868003415423964
31216,26.78193974979803
31217,21.03279326043479
31218,29.637268988808056
31219,28.129556051378295
31220,55.87703381008425
31221,47.43522300460186
31222,41.30968884590493
31223,37.123120469357396
31224,41.8487114441915
31225,37.36327810321344
31226,31.03083343194953
31227,50.43829456227078
31228,40.595241550733014
31229,39.49052112732797
31230,36.47184992442623
31231,43.082576992445254
31232,31.060445289695046
31233,39.94281684882675
31234,47.69050962246883
31235,55.03896392940158
31236,41.56374374854702
31237,37.82642502534109
31238,33.822681612526324
31239,53.20729841540175
31240,52.23656909286596
31241,40.96941658142718
31242,34.58170109478167
31243,40.31927271629932
31244,30.360599483380156
31245,36.57997874388222
31246,43.3798001803491
31247,44.66614461980719
31248,38.79043418726588
31249,53.55686698006421
31250,34.03152420495791
31251,39.26586506247296
31252,37.35320809075293
31253,34.167127693676385
31254,42.04722389526121
31255,41.27415840108074
31256,30.903834870614084
31257,36.962303048869785
31258,48.94885462179208
31259,61.467113185611865
31260,36.971648510877095
31261,38.37501179322775
31262,37.72647360013856
31263,37.35883545941874
31264,52.986998989023625
31265,38.86338977873194
31266,54.29906471283026
31267,43.48866987902167
31268,45.49254547328764
31269,43.122525204210675
31270,42.374292446917686
31271,52.78132305195098
31272,31.700297476816026
31273,37.62719368973566
31274,34.191574523424606
31275,33.625553463093354
31276,34.61386812141185
31277,36.14386714165906
31278,39.05575703098503
31279,33.32374471592669
31280,46.40042669628068
31281,50.29759953721542
31282,47.33880561946908
31283,36.721430324061444
31284,51.915622010058684
31285,41.280639119147814
31286,61.878911315601805
31287,41.1290662842683
31288,56.61584901074245
31289,35.29550313105314
31290,30.43737639748513
31291,39.69808613247008
31292,51.57280147762677
31293,58.90329411056014
31294,53.17900499995775
31295,38.81690698545984
31296,38.92222908089182
31297,37.84207422963813
31298,36.56179492367903
31299,36.49752223873634
31300,34.56540175438433
31301,36.308803641686936
31302,39.52987379177829
31303,38.94000655579417
31304,42.57511444959362
31305,33.311339621575044
31306,44.881248189701594
31307,33.13588880000841
31308,28.532455522026698
31309,52.70618175387058
31310,32.03907526304641
31311,25.77958199368659
31312,43.98017738834374
31313,52.76958471161978
31314,36.08441948947821
31315,29.86335480061877
31316,57.51966023899135
31317,27.244000074093794
31318,32.142666975602765
31319,41.49289019008562
31320,57.63660675954962
31321,40.49275013526588
31322,45.003260364235416
31323,38.02471108054317
31324,40.4629973625586
31325,41.257002809559125
31326,41.972198550223595
31327,35.22277831864467
31328,29.805920938410587
31329,60.46439053811848
31330,48.55313569595347
31331,31.80055336848597
31332,38.51531339074864
31333,32.8983315775237
31334,35.37355890590917
31335,28.00927605412848
31336,50.57993042208567
31337,60.39933650873352
31338,32.9744899368358
31339,34.69778456306016
31340,37.02210901458751
31341,43.88758216186531
31342,38.75559238199572
31343,57.542303432299946
31344,43.15186980199794
31345,40.033954967399694
31346,59.88838954370248
31347,49.33516295208545
31348,37.198522806842405
31349,43.549194761608035
31350,40.249158577497326
31351,65.92209458613426
31352,56.47974168797093
31353,48.71212917153739
31354,38.845999807740526
31355,41.95260921942716
31356,40.75634201264184
31357,55.849324444574464
31358,61.276855864314214
31359,32.09676163375371
31360,33.603242319252765
31361,42.64848361454821
31362,41.08360238823366
31363,35.87363964339605
31364,26.7416297664591
31365,40.4465722613174
31366,38.85597071146116
31367,34.811926637723275
31368,38.23676486789058
31369,38.64620487598465
31370,51.63120489815996
31371,37.86605066008919
31372,33.28117522941904
31373,40.925345568629005
31374,35.34864761776646
31375,32.247188347424
31376,34.94150896763135
31377,54.312102103055985
31378,53.902185559830116
31379,32.34126194590417
31380,38.465415853726846
31381,44.47923955916482
31382,41.06028380625785
31383,58.12506804097703
31384,42.152262156558926
31385,33.078001367911725
31386,36.71874681602864
31387,53.28367190979896
31388,54.2911165842051
31389,35.41067224999262
31390,71.07898099087157
31391,40.07224678834898
31392,41.071977903326534
31393,37.66752894830408
31394,30.548261062945983
31395,54.3541636086768
31396,57.45085507885675
31397,44.34385859780477
31398,36.699944195850634
31399,35.89976769626644
31400,40.54019305722499
31401,43.38283975217386
31402,33.50859860430029
31403,34.105384091037315
31404,36.47142622080652
31405,61.99446840661702
31406,63.41454374816526
31407,36.94174033215014
31408,41.688109788411936
31409,28.591747714008893
31410,38.763629104355545
31411,50.29680776839553
31412,44.4809050064361
31413,48.0207336169173
31414,25.50202488393387
31415,42.05933637436643
31416,54.68612780901562
31417,46.31880017951762
31418,35.30686472491865
31419,32.24198501592214
31420,31.914259047179403
31421,31.359460850617474
31422,26.085550089166293
31423,28.186716886266307
31424,33.39020285448235
31425,22.121676683745385
31426,31.745793323924175
31427,35.54742880259037
31428,41.803797999953744
31429,27.098822714447568
31430,54.346596907068076
31431,31.94582002738234
31432,41.24675378640002
31433,31.867007442318815
31434,26.154054799900088
31435,31.54913053401662
31436,38.03647295945496
31437,32.52585303514382
31438,46.815041142165114
31439,26.59753587682406
31440,43.556086315079654
31441,60.71582287389835
31442,25.059331355316445
31443,54.40087931042714
31444,35.24441693696147
31445,39.148992290752005
31446,26.210980433674735
31447,54.783752671465
31448,38.64048106691849
31449,42.38786627438959
31450,37.53820734290551
31451,30.591992695999373
31452,39.66456796675464
31453,45.04686265067244
31454,36.0044013461644
31455,29.454288681800286
31456,39.616015066136036
31457,41.08389613179341
31458,29.45630573034623
31459,33.28867478054051
31460,30.080902212358527
31461,28.68473821769961
31462,24.90382201513975
31463,55.113744426814705
31464,44.09613687520279
31465,36.46879432861828
31466,52.44565433154694
31467,31.27026868015974
31468,38.202092089520825
31469,32.28659239028627
31470,26.46739846102436
31471,38.5241373176835
31472,22.79163341027516
31473,33.20784272634526
31474,28.411094311285307
31475,59.21757095838203
31476,36.824066389470175
31477,40.07766506592223
31478,30.799076172533116
31479,28.089087763075582
31480,43.324904435895895
31481,37.645951031689805
31482,58.29401890802152
31483,35.3053727884367
31484,31.540724388869922
31485,31.829451051690647
31486,32.33521398951981
31487,26.82451489799756
31488,41.88459110312599
31489,41.39329201299076
31490,26.095422771880493
31491,30.70330335372327
31492,32.855620397713885
31493,31.583486555266596
31494,21.65436506353392
31495,27.623174772729683
31496,33.884067278883805
31497,37.63896456780472
31498,33.55880602623434
31499,31.479066906494076
31500,28.34507391420488
31501,46.51283068789043
31502,28.74149467226398
31503,37.170724021310576
31504,56.23780066458898
31505,28.16937165577526
31506,31.74131947732306
31507,35.06496361467852
31508,24.52133198352878
31509,32.47853579619776
31510,35.39012192523685
31511,46.67523465861619
31512,31.03645107707893
31513,31.642728354137063
31514,41.406504432581784
31515,27.39117282500761
31516,69.3454768952956
31517,67.81873818070207
31518,49.1974517188829
31519,56.00434343036625
31520,53.680573050117616
31521,67.98720491809702
31522,60.3003850508357
31523,67.6935397865339
31524,35.29769915610095
31525,49.774330555477405
31526,71.39201826018434
31527,46.25733318408343
31528,60.641808029443865
31529,78.02771702957139
31530,38.58861752387045
31531,46.77942699960551
31532,23.55853084554206
31533,31.333546141412643
31534,59.38425274519022
31535,34.262755279354124
31536,26.844031338954768
31537,36.85834740030987
31538,44.72594330563164
31539,51.07729250216086
31540,34.26086354197095
31541,42.40835206369159
31542,37.64582034199198
31543,57.67109964256492
31544,26.514606818530282
31545,40.18522186756755
31546,47.83264899070337
31547,50.98153834627375
31548,30.55764166446726
31549,51.04277071568839
31550,32.94347051201402
31551,35.790498500816945
31552,14.190559608590618
31553,36.22541973518153
31554,61.067163035630855
31555,58.03044950461981
31556,55.205567911199
31557,38.89590319021259
31558,52.55377304030875
31559,51.05388431449409
31560,41.79385735200878
31561,58.83075545589561
31562,34.95741512664678
31563,54.88521946474316
31564,46.31966940219104
31565,52.94991942263739
31566,56.57532861543095
31567,45.37973639161451
31568,24.087447005848436
31569,53.996597617863024
31570,53.88740427478312
31571,54.54497487907229
31572,27.86276495356815
31573,41.392130725852155
31574,29.093479946440244
31575,34.2983201812349
31576,40.58611297237016
31577,39.23730286620344
31578,33.337474427185896
31579,25.179342741033032
31580,42.049147778033664
31581,35.27026774347149
31582,36.01144420892591
31583,39.06761182617772
31584,59.418803201575514
31585,49.80896725850753
31586,27.755326158069398
31587,22.25856847505825
31588,24.83069346611013
31589,24.9483509068474
31590,20.855307808094324
31591,31.740283387315674
31592,30.03809815125002
31593,26.678630575376456
31594,38.68793974949581
31595,33.24780948671555
31596,17.83906557929361
31597,42.274664507606964
31598,19.054905045305166
31599,20.361305792828777
31600,27.96286078647717
31601,43.445581964314385
31602,46.77579541327292
31603,33.13130929222232
31604,38.02840001139423
31605,17.01346470656532
31606,38.47491459087358
31607,36.19263546709867
31608,23.095213598660738
31609,35.39767419998543
31610,25.971503692794048
31611,20.100971461378727
31612,18.984057289387493
31613,28.468432965125036
31614,27.011632768058124
31615,15.774307772141064
31616,40.18884283720667
31617,23.146103123154557
31618,20.08283725418457
31619,19.494459720319945
31620,32.24682981023676
31621,22.751095546738892
31622,29.686576784282913
31623,25.443740518359142
31624,27.418626109116495
31625,30.804115972250692
31626,20.392105704513423
31627,23.477010749192033
31628,20.847277911048362
31629,27.626517776587328
31630,27.02756500089213
31631,23.564653166050874
31632,23.274497333109313
31633,26.61017314265535
31634,26.94532385946043
31635,32.97744500754297
31636,26.75270603105623
31637,13.543026163301448
31638,23.044998704998296
31639,24.651691708704693
31640,23.035302228931357
31641,26.73843382780004
31642,30.07462787707718
31643,28.684173914917817
31644,18.16071967229076
31645,28.96834134821444
31646,14.801204514695424
31647,25.972970420459237
31648,20.73013072796287
31649,26.926428473186487
31650,35.268251591552804
31651,21.492717841219218
31652,21.533172413463827
31653,25.107869399950147
31654,31.203974469642198
31655,30.078074609076946
31656,25.429204201805884
31657,41.14539129300517
31658,42.67421688569607
31659,23.80746560050679
31660,20.674287097008502
31661,21.69248291644237
31662,21.94530500443693
31663,30.394479839479544
31664,33.21334834878242
31665,28.935165444139656
31666,30.514280276185538
31667,30.86635180090542
31668,25.647066801646794
31669,17.658297488000404
31670,25.032223547520726
31671,13.725456775805206
31672,37.8451721143389
31673,18.466024402902864
31674,34.85159768862742
31675,33.3775929258518
31676,34.78060746431092
31677,22.064782510417512
31678,40.399424804484376
31679,26.953377793357603
31680,20.361484981814957
31681,18.22485976390811
31682,29.057546386027997
31683,34.04588572037167
31684,25.410536022552666
31685,25.639956961392183
31686,21.386615379483608
31687,28.273086431028034
31688,26.815257043370355
31689,30.494223023279172
31690,38.41291386609759
31691,36.22261983608255
31692,22.638747084146505
31693,28.392958832515653
31694,28.076619977302133
31695,27.149791512098556
31696,31.087279838866138
31697,25.86418217570954
31698,23.286646257358207
31699,36.987163464511596
31700,29.835080277589242
31701,31.73786613173784
31702,20.99739545162052
31703,26.496431888447894
31704,35.956006114205444
31705,24.50147510516114
31706,27.666858862495435
31707,23.01914385889303
31708,28.23556066524151
31709,19.758999063361458
31710,31.988937931261265
31711,39.9222717457813
31712,37.51346356305243
31713,26.422158886825844
31714,37.21143100775238
31715,33.14194935816941
31716,47.2188429527169
31717,24.159562022935543
31718,36.884825528413636
31719,44.43936709858828
31720,26.481940842167965
31721,26.603583179788906
31722,38.72303352167856
31723,57.50945113589449
31724,51.753508270574216
31725,42.88201650535185
31726,28.607907612195408
31727,49.238254793786716
31728,27.43166157496332
31729,21.66308172494084
31730,36.769032813492174
31731,19.09325222175827
31732,26.80238604389385
31733,46.1674495868306
31734,46.098730781456844
31735,51.345366409151616
31736,48.527369136522225
31737,47.04170564652618
31738,46.61780891106962
31739,22.279843148171867
31740,20.930316410743057
31741,33.420956362644674
31742,27.0871176109665
31743,26.02602552933831
31744,27.48768496368897
31745,51.529627356802585
31746,37.54884806738914
31747,44.38695581139068
31748,44.34739249804773
31749,23.98571726611791
31750,41.51609324104513
31751,35.06194527043809
31752,38.463612519302835
31753,29.193609899744718
31754,31.574597737542916
31755,40.597990698567635
31756,48.9586607208112
31757,29.60905974894184
31758,33.892564713628815
31759,41.98398722301009
31760,29.22257351692628
31761,46.630250896612594
31762,37.58851255595166
31763,30.240205360068632
31764,40.55643024222192
31765,30.805241381905613
31766,31.344353331645266
31767,35.03706909231684
31768,30.381368575129223
31769,51.314739300621675
31770,44.6539849579934
31771,45.09316880409812
31772,35.82029129799325
31773,44.09979956474252
31774,50.14300318126065
31775,25.35605003485382
31776,45.68412406567487
31777,28.531400019771894
31778,26.85388932594603
31779,26.346315327168412
31780,27.815732976664385
31781,44.381006033725534
31782,42.64270561736942
31783,27.15674354303052
31784,29.464228409156032
31785,44.04181018623464
31786,43.36697475539938
31787,59.19562375960421
31788,48.06528185203062
31789,39.85530500077016
31790,57.59763787772569
31791,49.003675475825816
31792,50.76742627202326
31793,49.86097982032025
31794,57.242840252395794
31795,25.26237332339214
31796,39.837779730684886
31797,44.381006033725534
31798,35.243271649195
31799,33.75864345374524
31800,45.005628888865
31801,53.7631786021623
31802,57.403894215018546
31803,43.89272643943159
31804,36.5568933777863
31805,40.12799251249709
31806,38.63401604770562
31807,33.53669671314215
31808,50.60600162369114
31809,48.78026783358977
31810,50.84796036002399
31811,36.945791148077305
31812,56.87274810152813
31813,54.56065796254312
31814,26.28862589297968
31815,37.96294891341909
31816,43.8854222801641
31817,58.691372090315994
31818,59.75240075640258
31819,56.082497317616955
31820,35.90785196057572
31821,41.528089798931305
31822,35.13428465013017
31823,32.15525082155648
31824,24.015853367632303
31825,32.455070970917276
31826,21.562423851789266
31827,32.74436949214578
31828,27.328934051177008
31829,25.212680291843938
31830,41.16466624490569
31831,59.25341665124826
31832,57.184599314534836
31833,41.867138298788014
31834,26.491499837545707
31835,37.75880890460719
31836,37.23000042803162
31837,53.44645767427723
31838,26.050745525475534
31839,67.64924476226096
31840,57.5444699622892
31841,37.58487963296484
31842,42.638959582324915
31843,27.159335006107355
31844,40.94483666478985
31845,46.174182260279856
31846,50.566808485336075
31847,44.1164276995319
31848,34.21218145754932
31849,28.43552693818236
31850,47.56668557576157
31851,50.41387946921921
31852,39.76336967055785
31853,21.98141485074005
31854,26.153666438969122
31855,48.55490862226637
31856,47.91915031334677
31857,42.79545643109219
31858,50.7361631686213
31859,36.60998622283456
31860,54.21910231225526
31861,24.289402946551217
31862,23.16660537444096
31863,40.94483666478985
31864,31.931593292766813
31865,45.168727640675414
31866,31.593898450309027
31867,17.513877520480616
31868,28.404929352590123
31869,20.93768424448715
31870,17.89475350164325
31871,21.443304026438366
31872,22.49815431292726
31873,19.996617524724904
31874,50.56163427644559
31875,41.624928650365575
31876,49.245084765400165
31877,45.06525251542145
31878,23.19845776737226
31879,23.89143333272545
31880,13.882571276134506
31881,21.895222472765905
31882,19.795753797995605
31883,17.242673570554754
31884,30.711298918609778
31885,16.685161485813037
31886,21.716100936615145
31887,19.95684261751472
31888,18.521934983473358
31889,31.71348007388406
31890,14.67531625377083
31891,23.69246159471826
31892,24.718492370686004
31893,40.11911544864605
31894,23.254237222397975
31895,16.032986843473566
31896,17.76699828591439
31897,21.034872571464994
31898,20.21392789505857
31899,23.987117780358894
31900,30.140783111664238
31901,36.52252702523259
31902,29.679684733621535
31903,30.824043621908263
31904,30.56289704677674
31905,42.46100057600014
31906,40.40696166783725
31907,25.70751580399082
31908,25.033180457047614
31909,28.060353042801783
31910,16.00265400485794
31911,18.259424589409765
31912,18.560342618352156
31913,25.51021145803626
31914,11.562723926170541
31915,16.02993803292104
31916,20.159168629145228
31917,20.81052630903971
31918,24.05205996312243
31919,22.663195901199686
31920,19.026244501848193
31921,27.97122109339921
31922,19.690942822672383
31923,20.253123606384214
31924,31.085302365856734
31925,22.828046058120208
31926,29.80111588834877
31927,28.27705508081668
31928,29.58693436523148
31929,14.133585142510324
31930,23.403297481328046
31931,19.600435002331174
31932,29.988218182672856
31933,28.94971392975236
31934,22.698198072280757
31935,29.03279137838227
31936,15.834468191616686
31937,31.48982206880426
31938,20.54141201621218
31939,21.686815175732356
31940,15.880224984829155
31941,14.155624861917556
31942,23.7127599008322
31943,31.032296560151416
31944,21.68398272151554
31945,53.8463820321253
31946,31.772797104342217
31947,27.806330631283725
31948,29.929189771112227
31949,13.181953257903409
31950,24.56978814119637
31951,27.14416646926405
31952,35.527818084424986
31953,21.489419597161117
31954,27.134432322622093
31955,28.91734837141089
31956,15.449677080617228
31957,46.6692005635787
31958,51.941056054389776
31959,42.40542142010711
31960,35.001156625280665
31961,34.490425111902056
31962,35.59971336956176
31963,30.76273399500274
31964,45.30399825724832
31965,25.44281111013748
31966,37.94152012117516
31967,55.58422212268232
31968,44.34996207786346
31969,36.14060445030866
31970,29.444031346354933
31971,38.577770057859894
31972,42.02550062910719
31973,34.47198890114937
31974,33.77678772866677
31975,41.79198569781891
31976,40.46671708749615
31977,24.163666737449187
31978,26.20601328677813
31979,35.38594854034068
31980,34.46259689722646
31981,17.485226050036136
31982,44.457113394346266
31983,53.58163133580664
31984,27.279593783097017
31985,29.199695411172065
31986,32.00655493215689
31987,33.16934688089705
31988,32.227842963609305
31989,32.58291210308539
31990,29.48910975667581
31991,29.89891612135722
31992,25.76426612489246
31993,31.66441117253932
31994,41.569557004706745
31995,30.60985000607092
31996,32.92613129136439
31997,22.25150091813911
31998,28.26162609570962
31999,36.02048904912083
32000,31.319666147076937
32001,18.638794234855204
32002,32.059868026099174
32003,38.74461351347366
32004,38.00279230171228
32005,19.812037153495726
32006,33.75823377126828
32007,38.607200762269436
32008,38.570409833054505
32009,30.617303343155285
32010,36.98770096193258
32011,41.6158170734045
32012,29.427393348985174
32013,32.774155159823216
32014,32.157974988668094
32015,30.082026079190054
32016,28.063719803267794
32017,32.379826323069864
32018,33.56736179951273
32019,31.00340181513196
32020,38.650366327050435
32021,30.725983349936076
32022,37.12979725626508
32023,28.539596171572647
32024,41.30367529739063
32025,38.1618468019001
32026,34.264483456128
32027,38.549500265714386
32028,32.62895202732409
32029,38.24586398588264
32030,42.021398126375814
32031,40.968665226367186
32032,37.40942625602619
32033,41.86837983131991
32034,30.022853185462996
32035,31.423712198805564
32036,26.821232194694907
32037,29.173028653471558
32038,38.08498387991405
32039,29.8246489446434
32040,39.81164262035961
32041,29.858488939668813
32042,26.77128333158171
32043,41.835491383146
32044,33.469876542100096
32045,42.4056463095992
32046,39.068165163263494
32047,28.00150842008208
32048,40.17742071403189
32049,35.654575380864586
32050,44.76943574968729
32051,31.35095612580234
32052,24.104727738049032
32053,43.30776536356697
32054,37.42884476469921
32055,41.9854851591337
32056,36.5787071001279
32057,23.14837577914298
32058,33.356340669604826
32059,32.23105862736962
32060,30.28065201038706
32061,33.09377015671175
32062,38.31663943899399
32063,65.31937418144645
32064,63.45460693569213
32065,40.905378196701534
32066,40.879774720576904
32067,39.19500873812724
32068,62.031759911634126
32069,28.430390464252614
32070,38.522136951183924
32071,50.81198554470311
32072,45.019767624665164
32073,57.95738703390349
32074,49.01451944422503
32075,47.87631660147046
32076,49.571726713712174
32077,58.881426205825726
32078,62.39709937108298
32079,45.218453857121105
32080,63.25036092487011
32081,62.93585967419071
32082,49.36849693876424
32083,59.49200646505275
32084,49.73837496964559
32085,44.15999660256309
32086,53.22147141164235
32087,48.517374451506356
32088,46.28607283499095
32089,69.32805887135086
32090,42.32124209617471
32091,55.44053850126079
32092,50.74023987078056
32093,44.66460136422289
32094,43.051289430271325
32095,42.18635073604812
32096,47.781953992915895
32097,45.67176034351502
32098,55.610886539623166
32099,42.795094378202236
32100,66.58630528629851
32101,56.66305989574744
32102,49.111528710101894
32103,51.09717048503964
32104,37.16227402015065
32105,37.41200642031578
32106,51.559145729167334
32107,42.41897668352619
32108,48.28094639564972
32109,60.64314436261423
32110,57.20775230956388
32111,45.13229312015614
32112,45.960724095757094
32113,40.20765845880956
32114,52.57722114564797
32115,50.62467575974162
32116,48.988347092213196
32117,53.06677294213633
32118,61.54611004067192
32119,40.917849018585756
32120,43.18268658481672
32121,41.044109540266504
32122,42.599112901554726
32123,29.6511726292077
32124,52.52946000393681
32125,35.65794402068177
32126,53.656585530044836
32127,34.008853984913436
32128,43.8962059935624
32129,54.5577809659479
32130,40.87171938797967
32131,38.842978194948685
32132,30.23825179249309
32133,48.13415783689157
32134,53.70242111941691
32135,59.18450215463157
32136,56.92967581976248
32137,38.608427548608184
32138,34.343326061520834
32139,32.28654973293099
32140,51.40676355198485
32141,39.452174440725436
32142,41.98860675151448
32143,56.85324716805879
32144,34.369672005511134
32145,52.069384892011875
32146,54.12803022631112
32147,28.624218243908633
32148,43.07120661398746
32149,29.7091454549878
32150,49.36888139887091
32151,70.34963744450991
32152,54.082139035344845
32153,34.08814401185993
32154,34.66156490252915
32155,34.803246394598666
32156,47.84090159700888
32157,48.155205149377366
32158,42.31623931769729
32159,44.15156213744107
32160,38.90061194843131
32161,41.3699064387142
32162,43.864396800710615
32163,31.975230078078678
32164,43.42990334041973
32165,32.62522993389725
32166,42.85065248427576
32167,43.04875915090007
32168,37.163353103199114
32169,46.13237036116205
32170,41.84146977196965
32171,31.978399933980725
32172,30.58920151610715
32173,41.327776425836646
32174,29.982329004591065
32175,43.47463427128513
32176,44.53839175981448
32177,30.92732146041552
32178,35.255937135820126
32179,34.62570958315308
32180,52.3733227636564
32181,48.77398252395617
32182,45.82773348876535
32183,41.871146134793996
32184,43.835599462338315
32185,37.307335862254604
32186,46.84533637684952
32187,35.74476246686431
32188,44.799496996092195
32189,42.095894068608786
32190,47.64500863592325
32191,52.368131668792756
32192,39.965029612533684
32193,47.000474199346904
32194,30.876772540476544
32195,39.18118455239806
32196,45.35613171871251
32197,37.32380155753539
32198,48.91389920220785
32199,42.597960802996155
32200,36.75229040764328
32201,41.9209246466508
32202,49.58482606500394
32203,48.141795837268305
32204,39.17507202186999
32205,47.41907246432899
32206,49.51043487353556
32207,49.968246027110425
32208,39.20682435145086
32209,43.089868248163775
32210,48.470043697923785
32211,45.40587643305027
32212,37.32996318501874
32213,44.31815172120455
32214,41.42428103396739
32215,44.10372478424539
32216,55.86841609964864
32217,41.054554724519086
32218,47.170355829011015
32219,47.95204515246314
32220,37.911126740857256
32221,45.704307692027825
32222,46.824509754549695
32223,36.754537649422616
32224,35.230769714346955
32225,37.386016415334524
32226,48.23226555552304
32227,33.078236876067535
32228,38.05802289761696
32229,51.20044880196225
32230,38.345772650639596
32231,31.396905634822275
32232,35.90886041731354
32233,50.720622166936025
32234,36.998117063874986
32235,33.65277870081237
32236,46.704617330419566
32237,37.28131796481645
32238,42.492910734632304
32239,44.63203054462189
32240,35.25728625550196
32241,36.02792025919194
32242,42.22504410985509
32243,43.385372740553805
32244,39.89489668073223
32245,55.04950913723387
32246,45.32069608414289
32247,27.810257503411883
32248,42.11671540740136
32249,52.568141714592976
32250,42.20655585787051
32251,45.342204466205345
32252,37.89479750005979
32253,49.23910120243802
32254,35.53655325151189
32255,36.25356856932359
32256,40.437369375276376
32257,46.256859547311436
32258,55.289440976395305
32259,40.14047893343522
32260,29.88255022702355
32261,36.84277375149213
32262,41.48142862632662
32263,57.18056867470297
32264,47.66355538257138
32265,37.7382938410602
32266,28.90561866690557
32267,40.88415844515729
32268,39.23466928411604
32269,58.494016615324114
32270,38.61217138595026
32271,47.90219597455013
32272,53.04558465582946
32273,57.173168594472436
32274,46.46183070025621
32275,54.06096357147317
32276,40.97650792866059
32277,41.300387329017234
32278,36.9721109316381
32279,37.57214816568944
32280,40.56712150235201
32281,38.6462729410444
32282,45.70292367399041
32283,50.24349499616558
32284,25.24817666580398
32285,40.759249726712625
32286,51.67697712863454
32287,53.532336780607324
32288,41.23360329359501
32289,49.05468003517725
32290,39.963014393962936
32291,38.73564638396496
32292,39.618315892179204
32293,51.02742728344754
32294,63.84065334034857
32295,48.337435945748645
32296,38.901667325850795
32297,41.098201323040584
32298,45.47088122944357
32299,34.08476067522117
32300,33.253213733747614
32301,55.30312660177103
32302,59.12393891036646
32303,57.82649173178212
32304,37.854376356442444
32305,68.86813837261623
32306,46.23439676187475
32307,35.90472528908743
32308,36.32736571984175
32309,56.73568670748905
32310,36.32902186331396
32311,45.293149267152295
32312,42.206466062958036
32313,26.287034745333685
32314,39.0347770440372
32315,65.12503926374868
32316,40.97927076008484
32317,46.006740901874416
32318,38.50662592848216
32319,38.69229321282951
32320,37.61646420660341
32321,37.36843684507951
32322,58.28692489998774
32323,36.29659641486274
32324,54.69807956781481
32325,38.69984331086144
32326,25.618674135466378
32327,21.354550249174736
32328,40.05545582749342
32329,31.599586621139387
32330,16.711938128128338
32331,42.41185048874936
32332,27.381255122674744
32333,28.0488207414915
32334,30.962881248490973
32335,30.946576318218312
32336,24.58444331340862
32337,22.650018333302544
32338,26.512817134799004
32339,15.230236189355733
32340,36.98343071709896
32341,30.08817380850817
32342,36.805015982131906
32343,51.602317098841375
32344,28.849874083689933
32345,25.008004923134454
32346,33.8055949171855
32347,28.163674456228815
32348,38.43307523578249
32349,28.85210478904413
32350,31.82086790334934
32351,25.03986833325729
32352,29.88395862186324
32353,39.14312632765994
32354,29.59911616793934
32355,30.261929620653177
32356,21.258413931223167
32357,22.944176196464404
32358,26.646700314331877
32359,31.589022045402864
32360,35.86789297748335
32361,22.567700837684
32362,39.228377807506874
32363,27.560244838157985
32364,28.019189760695273
32365,27.04905074906198
32366,20.83885516815141
32367,25.910323408356657
32368,30.00420117553701
32369,23.87394911975499
32370,24.783070273550422
32371,33.9461772636877
32372,42.66169897734748
32373,24.829687267805838
32374,28.12620871117972
32375,27.736301915210845
32376,26.353031850056286
32377,59.99769830749057
32378,42.57435333942169
32379,28.721899242878553
32380,44.013618913663734
32381,24.80929377641682
32382,44.206462415878335
32383,46.37502287734008
32384,25.013702072273215
32385,34.458204673659196
32386,32.55262031436067
32387,46.69001154576327
32388,42.86573732271505
32389,29.7751767544327
32390,29.720099537057614
32391,27.83806710228056
32392,33.2452048884078
32393,23.657317838456795
32394,38.57301799390253
32395,34.69765880142628
32396,20.265857981743324
32397,23.22086978662325
32398,45.544999271655385
32399,16.711836502523223
32400,28.694760383628488
32401,44.25331223270828
32402,43.76719588778718
32403,18.777496888558804
32404,51.96425263507892
32405,40.58278082779142
32406,17.708762008597652
32407,20.25908389889637
32408,10.870168991088782
32409,84.81385524587566
32410,45.17500087565204
32411,66.82723476208221
32412,68.05113350533797
32413,68.43324943208742
32414,49.92106470412496
32415,60.28831470451985
32416,67.27803653260497
32417,62.07498538600336
32418,62.13267230352511
32419,52.36551529425824
32420,54.72807694169901
32421,66.83166264060968
32422,61.76659018770363
32423,68.75316546171963
32424,79.58546663694618
32425,45.67835322914149
32426,31.11783207682989
32427,48.12331524426933
32428,54.638674971370136
32429,44.05667401018183
32430,63.213335971860815
32431,52.30400427051168
32432,75.36018030031815
32433,46.903558032883
32434,40.594605569901105
32435,60.66442592880715
32436,52.058692548892516
32437,44.30634203271699
32438,59.348041095358965
32439,66.125375484704
32440,64.50436256044229
32441,62.61924623717755
32442,63.27286465027315
32443,64.34312513085098
32444,47.924914167726385
32445,45.089913325638626
32446,42.48061784256487
32447,40.58371059669561
32448,51.1951264554161
32449,60.445183044241475
32450,48.431250011467775
32451,48.08010842961155
32452,49.928849832032306
32453,57.70665534059473
32454,55.94814329041832
32455,63.54105610578205
32456,51.97099103100695
32457,56.923066509593454
32458,47.703925390345965
32459,67.13605309760563
32460,73.24733666457564
32461,80.78097476525829
32462,48.154246010011846
32463,50.030850039016656
32464,42.47936020477576
32465,62.832722614256575
32466,47.23705949677154
32467,63.73912588656631
32468,43.00086155350641
32469,60.188118593592684
32470,66.39908152508895
32471,52.58995690783259
32472,58.771393744211025
32473,53.67177639519361
32474,46.89144399607446
32475,65.88324325891391
32476,41.559706388137826
32477,46.67067859099487
32478,46.848563355154795
32479,39.14644186159309
32480,39.5588608679101
32481,54.89979915958715
32482,54.5747445165587
32483,36.89033901372025
32484,32.55921190325935
32485,64.73719873269467
32486,39.336713287827756
32487,62.34988722590882
32488,60.548203152493386
32489,46.73557768060184
32490,45.599738589583325
32491,43.84864724521444
32492,50.45019998808161
32493,45.439332206622545
32494,43.24801106296021
32495,37.32814452422455
32496,45.995376740920086
32497,36.013569296944546
32498,41.521511862053586
32499,38.583213338098346
32500,40.931680719997985
32501,55.925289157829084
32502,41.4516197097222
32503,68.0568338435568
32504,65.13762758557756
32505,53.44827956351022
32506,29.474220962377228
32507,79.11071994020692
32508,47.25216090068709
32509,48.84190589460099
32510,41.815904091845354
32511,49.370073368160455
32512,36.82446183769609
32513,58.460855729918066
32514,39.077148175954015
32515,47.20656028489414
32516,39.58851396535799
32517,40.80653837531693
32518,54.6595357345179
32519,61.21798472530291
32520,67.24819868358796
32521,34.72929137148449
32522,55.989578521998936
32523,31.72580864362828
32524,39.40589905731814
32525,56.55004125813272
32526,67.19906849866929
32527,44.91925426850916
32528,43.90222540294443
32529,71.34837364958446
32530,85.0818892059223
32531,32.717473336531874
32532,19.09244634891565
32533,6.3211050499691055
32534,37.73905674744621
32535,50.646374116677755
32536,50.89403318142576
32537,36.783832861474934
32538,37.7577143111633
32539,45.12039529506677
32540,38.362957549076604
32541,51.88661310502148
32542,41.16036426338674
32543,18.05629932895401
32544,54.72880633189258
32545,78.72907810600992
32546,42.23184003941345
32547,40.116194797187774
32548,32.449450107398974
32549,49.27327180639807
32550,35.07647439050539
32551,45.494534782437825
32552,23.320418710267266
32553,64.23701985589773
32554,35.173073687125516
32555,36.91593718356385
32556,52.27970664379868
32557,15.2418884632311
32558,47.84046583051237
32559,48.28217158908896
32560,26.983487986071626
32561,35.70811918628074
32562,55.637736930582264
32563,51.03867319862496
32564,38.82023721337396
32565,35.54427571445823
32566,35.877189027012626
32567,49.215236357037064
32568,55.50051370237234
32569,42.90044708975387
32570,62.002031457919564
32571,35.68640610526691
32572,38.58337992508857
32573,19.647553462470086
32574,50.18168539532114
32575,43.803277304957014
32576,47.635858007410505
32577,47.5878517569441
32578,36.04754241822141
32579,55.693019809695954
32580,37.89900893232249
32581,37.10423527805798
32582,23.807336617300074
32583,35.410107937694036
32584,31.38645662706325
32585,24.05027164758289
32586,28.409356049205964
32587,7.91808244526576
32588,24.85676630580137
32589,19.583622148815724
32590,7.9789521042659
32591,20.8943587061589
32592,32.09818747173543
32593,25.451218689520424
32594,30.327973695344824
32595,12.508316919805232
32596,21.259178409585548
32597,24.31473472759024
32598,35.005481436158526
32599,29.681512797901775
32600,30.0841733506376
32601,34.934578841988525
32602,32.218184569548
32603,29.548452360672545
32604,23.961454256663462
32605,10.241225979644312
32606,12.169986665971123
32607,27.14166608796466
32608,16.736806370859
32609,22.641686129587757
32610,24.777900848982416
32611,21.094155897905587
32612,20.98963748631907
32613,22.89445756231018
32614,16.765765466042225
32615,15.702336436048007
32616,11.52291029435613
32617,24.104088631363666
32618,18.923587504073716
32619,27.64037088179884
32620,27.00545982648678
32621,7.182975406172957
32622,6.659330289364149
32623,19.9535950782516
32624,8.240612712840061
32625,17.35582596744467
32626,17.750876856592015
32627,22.05637347301427
32628,20.55114091307076
32629,18.180469695921794
32630,27.87352667977012
32631,13.70814347633003
32632,34.713571151590195
32633,44.87942515393371
32634,23.005036104150296
32635,13.827114147663309
32636,23.393005333456678
32637,19.55185272149611
32638,32.453050460565166
32639,11.070460570644563
32640,15.366365881451461
32641,23.776171280728285
32642,37.16815421155838
32643,25.144518945228647
32644,16.075137689643217
32645,11.402498084841461
32646,32.14583018562456
32647,19.928221289782694
32648,19.249455670154013
32649,21.164060974262323
32650,19.957913388640144
32651,4.2645933961449956
32652,35.012557431959564
32653,39.16313830113471
32654,25.577967318683637
32655,23.423730694188325
32656,35.653422493530734
32657,15.95491502301822
32658,23.240624844065547
32659,28.960992768523276
32660,19.969852039378406
32661,26.774775487917395
32662,27.562625968192663
32663,26.814855687363238
32664,22.730051550050014
32665,34.0337416033959
32666,38.03300751927075
32667,20.420516920069858
32668,21.658933472929327
32669,17.847392338266992
32670,30.177512448901638
32671,21.471777169221404
32672,22.74392353071902
32673,16.923585837974326
32674,35.0654831621718
32675,37.617458338578665
32676,40.147202273693054
32677,35.15599858467215
32678,38.78971021480975
32679,25.00673688009596
32680,30.995429853965206
32681,29.460807558171386
32682,36.74487457621253
32683,44.61515038126871
32684,42.20432426091342
32685,31.309260672890673
32686,37.25365926153187
32687,45.160296206049104
32688,30.77810577676337
32689,37.01930542119448
32690,41.67403616185151
32691,26.793706044374805
32692,42.410723306861264
32693,40.679566209192565
32694,35.935633261169976
32695,33.18923070117534
32696,44.37234757704967
32697,49.840866642181304
32698,36.02015030854831
32699,39.010208453301324
32700,48.62631798998726
32701,45.41135139667642
32702,32.319927041688146
32703,31.262806069481826
32704,43.378223770315635
32705,40.1695599023445
32706,35.24253542200955
32707,56.223648815161184
32708,52.0797869128657
32709,36.841837711042174
32710,29.810050567634836
32711,44.3180711867952
32712,54.77828604838863
32713,49.709726996957805
32714,46.17042912674006
32715,51.140786032466885
32716,36.98506101707429
32717,49.40552965173502
32718,45.006947580347486
32719,48.61573912988932
32720,30.39120436074475
32721,49.28068470708246
32722,45.305721031036526
32723,36.38701423103736
32724,29.232607522058686
32725,41.83000090402871
32726,35.611102816473
32727,37.83629620409073
32728,32.032130443370946
32729,32.378614800419534
32730,33.372853286531125
32731,18.77540502642892
32732,31.831163445312157
32733,30.104930024201007
32734,60.366824268194414
32735,39.719748218618435
32736,35.44110984169417
32737,38.12847568279221
32738,36.93857850580957
32739,21.963237723695983
32740,27.53966819857982
32741,45.447149714676705
32742,37.399666203166255
32743,50.236261101001546
32744,46.442615985236856
32745,41.17434464620809
32746,49.54839356593317
32747,47.13417825185045
32748,33.550131229531765
32749,43.78462502772308
32750,46.951020478927056
32751,34.56573880081716
32752,24.83392526062001
32753,51.85054138356648
32754,55.84050815860899
32755,56.3589663452716
32756,32.922720029649
32757,51.52468508978947
32758,37.12945452554615
32759,59.5316149650289
32760,39.09230803175064
32761,36.71582146979193
32762,20.696987032061685
32763,14.526859476757657
32764,42.373280112048235
32765,37.45493114793136
32766,46.670435654100466
32767,47.527067679961206
32768,37.89311603350544
32769,34.51755192963556
32770,44.15373428095837
32771,38.01516088749338
32772,32.8411643506249
32773,58.075721698513206
32774,36.06423398998952
32775,31.590760908096428
32776,37.55068474438727
32777,31.889554631597825
32778,49.865200035891434
32779,36.03834571541279
32780,40.80770319770859
32781,37.33479279780833
32782,30.759925068000744
32783,36.47316288882125
32784,24.384940892211105
32785,36.84476627094932
32786,54.45944527547211
32787,50.72372583477402
32788,52.2847694581103
32789,29.365114964295078
32790,51.858607496621275
32791,36.92676333513193
32792,27.717391039897304
32793,48.9404014095772
32794,45.83816352606226
32795,30.586651942319243
32796,31.560214912230222
32797,16.51761025098165
32798,42.89018099124461
32799,36.094457892165615
32800,27.82859563477987
32801,13.498160823558436
32802,53.95102740792571
32803,28.528136973907547
32804,27.667355952340895
32805,14.662920356707428
32806,32.64368935337804
32807,22.281107611751032
32808,30.73232296343823
32809,31.575301214135678
32810,19.84727516841304
32811,35.68013726506305
32812,40.48519309944616
32813,38.03431414380377
32814,29.048101775773986
32815,34.217042605604746
32816,17.389898047220946
32817,21.916462877473858
32818,36.12049585330125
32819,20.069149828394142
32820,38.70592053232349
32821,25.691446647145895
32822,45.9681657222352
32823,15.996033456724334
32824,50.99010469161584
32825,31.611509366366974
32826,40.106872291525804
32827,35.42344187161806
32828,25.68200670358197
32829,27.452294208442982
32830,35.80578018393118
32831,19.248818367431387
32832,13.241362065791527
