ID,track_popularity
26266,26.015828621401386
26267,28.794087017740928
26268,26.191563708260126
26269,24.599602278583962
26270,47.383242700958846
26271,46.990392837784455
26272,46.45310936208843
26273,49.805091278428364
26274,50.49996952190159
26275,31.48945938916745
26276,33.96366297055275
26277,33.2545039666868
26278,36.06676851543756
26279,32.46445456567923
26280,28.83562363076343
26281,25.231634206080415
26282,29.77550220095712
26283,26.77797069158739
26284,28.423142843391783
26285,30.67112469328098
26286,27.593485694512207
26287,27.586890857713794
26288,28.674935799447283
26289,26.363263297789278
26290,27.028866516173924
26291,28.504119204817535
26292,29.026028640193694
26293,26.74953769649659
26294,30.77874129488876
26295,29.251353197500304
26296,25.45411968559413
26297,27.071667348542714
26298,31.588755780152074
26299,37.540591358563915
26300,35.34722132444279
26301,32.376244658187396
26302,33.9437120729186
26303,32.4257363360753
26304,36.02398962464056
26305,32.18499715639284
26306,32.39744855605965
26307,27.05364222796984
26308,27.456074717487468
26309,30.87700625822819
26310,28.334912326297022
26311,33.61051572724767
26312,31.724240956250256
26313,27.881301636532946
26314,34.379852499806866
26315,30.676418574324842
26316,29.751913969107
26317,30.056833272667483
26318,19.42859781682282
26319,25.675326367168122
26320,26.86173690230513
26321,26.2135165068155
26322,27.231013671045165
26323,22.54033314723261
26324,32.79307706813849
26325,28.47677671045461
26326,29.394051731681497
26327,30.90657818608839
26328,31.770387424351323
26329,27.588913045624267
26330,27.62351878323153
26331,31.91769194056119
26332,23.918786122787726
26333,25.987176355384054
26334,28.189280431279492
26335,31.213947373475627
26336,37.51671480573279
26337,32.296714227944555
26338,34.46572072232938
26339,25.496330669492103
26340,29.33393551029023
26341,29.675275429924845
26342,24.052928566744797
26343,33.31750329124669
26344,33.24011006329361
26345,35.23461219669305
26346,32.491502939345445
26347,31.854201354820326
26348,31.94188684798901
26349,37.44571280985976
26350,33.26739858382209
26351,33.520953363068905
26352,32.65571654446819
26353,26.346842880366992
26354,27.08296351350228
26355,30.02889177022432
26356,26.74838368174697
26357,31.956745458475197
26358,29.62540568672277
26359,31.16811567661449
26360,20.848743432337013
26361,28.098626701062255
26362,34.80022139190331
26363,47.04899793376413
26364,48.241057878880824
26365,59.23934536659124
26366,58.37521639979167
26367,62.50439972054828
26368,38.585344464635945
26369,40.76378075498028
26370,42.95780527250864
26371,49.04887770726825
26372,40.008759624826055
26373,43.4938286567787
26374,47.49103736802393
26375,40.440157988761634
26376,39.876028362019895
26377,51.077046903527595
26378,43.0089685760642
26379,46.03950591536477
26380,27.640457330754575
26381,38.18816202738705
26382,42.94354561102731
26383,32.611657645846506
26384,53.824275927315604
26385,38.08381813246695
26386,37.69759645187611
26387,42.36616414661472
26388,42.20091761427992
26389,57.974487048950415
26390,42.30838607352337
26391,61.36270238119978
26392,35.75251042831617
26393,36.639855670184055
26394,29.357339802091374
26395,43.31421669744556
26396,39.57700749322903
26397,42.584643115752726
26398,40.76352462085059
26399,40.835528888294796
26400,33.666174947394595
26401,26.821996980782746
26402,32.9422662183732
26403,38.77619556200495
26404,61.20112487891826
26405,56.06055957370731
26406,55.65831812536009
26407,24.58830798982136
26408,34.31330773264582
26409,39.7882267952472
26410,38.06684648049603
26411,38.49320806720414
26412,48.16479390209463
26413,36.3393223859525
26414,46.51893161482361
26415,28.16294278746567
26416,40.611408632347306
26417,39.24635921899138
26418,39.016612494900734
26419,65.4725215323024
26420,60.96031638784331
26421,37.425757278982886
26422,39.58979644668299
26423,44.048921602584954
26424,30.747120465163942
26425,39.04946346017122
26426,39.89536929657936
26427,38.10146883918324
26428,37.821498924480736
26429,46.07832093891164
26430,60.75146150322002
26431,61.02359034168886
26432,40.12821002302371
26433,37.60477831655081
26434,41.65100067797649
26435,40.70332650007035
26436,36.77338744267866
26437,37.72421279908231
26438,56.72185540190483
26439,43.487931299679516
26440,30.614051086662087
26441,39.68904135871296
26442,42.54511621963821
26443,41.251649874739265
26444,41.60905796412637
26445,67.32966242648749
26446,59.13084509689541
26447,36.41001211364914
26448,42.607884913805165
26449,59.346799130415626
26450,67.1540732122046
26451,41.51778593450889
26452,41.200984044786686
26453,39.186138627789326
26454,42.65238273221642
26455,40.80024718668429
26456,42.174482690803785
26457,41.202369747640475
26458,38.938776350950356
26459,38.928162927229806
26460,40.622053051654746
26461,41.80682243965119
26462,38.34403352472764
26463,35.53377910886532
26464,35.98705863031753
26465,39.67953718661433
26466,41.515458675001454
26467,36.0201410519935
26468,42.45669215559696
26469,38.481955421144036
26470,39.74638558940906
26471,41.52555404014478
26472,41.75357069197085
26473,40.724835422856366
26474,33.551549643896536
26475,38.71024507629042
26476,40.81127507519584
26477,40.26723298495098
26478,39.25662485008293
26479,40.88953429653794
26480,41.39138033814577
26481,43.38941015474098
26482,42.023946018944926
26483,39.76545870841833
26484,38.39693703835698
26485,40.193420221754685
26486,38.22901896698435
26487,40.26513484973757
26488,42.96178848906015
26489,42.56880124649076
26490,40.740334381828454
26491,38.59371255933893
26492,38.02833405160924
26493,40.58592413731827
26494,40.371234216980085
26495,41.615740642155146
26496,38.062501430406805
26497,39.08421270688604
26498,41.04010600176181
26499,40.83191622083912
26500,39.290604232398614
26501,41.4682927002598
26502,42.34885798287797
26503,42.478087248711525
26504,40.584919363065396
26505,38.102159329169865
26506,40.03130125836883
26507,28.36908691277534
26508,37.87922119143034
26509,41.27788770927309
26510,41.805018905837144
26511,38.12924008061035
26512,42.40828747594235
26513,24.046135755139424
26514,40.719875115296134
26515,37.99016394389464
26516,38.22471577193143
26517,39.50960970484259
26518,38.410413337396605
26519,37.51635309327164
26520,40.29177311130402
26521,40.50022517898149
26522,41.666482907467206
26523,36.70078147259798
26524,36.41058851072124
26525,42.66494858063998
26526,41.492990979615506
26527,41.35207361908272
26528,43.960190674601535
26529,43.6386765763556
26530,40.14230507124534
26531,38.614088195370144
26532,41.591475470584285
26533,37.755804276993274
26534,35.80557632424485
26535,36.44041500195182
26536,40.326531956188
26537,41.511262221279814
26538,37.56617017298422
26539,37.16533665860434
26540,38.50509608520907
26541,40.74044157930159
26542,41.86515965721247
26543,42.15959750309294
26544,39.589733050209006
26545,41.77946062741317
26546,39.751456433637344
26547,39.10007877900847
26548,38.682124584127905
26549,34.509093206429434
26550,37.69646030312197
26551,44.06124020779259
26552,38.572929845599894
26553,46.542926837922785
26554,39.53321387229603
26555,40.83678844267757
26556,72.12926147779812
26557,40.068899039684766
26558,28.686439992135032
26559,39.05093211338019
26560,36.979324561270275
26561,26.286166017099976
26562,29.576847644484943
26563,41.434775049709216
26564,43.9375140752175
26565,42.43484057521354
26566,40.05132950594515
26567,39.01620653569266
26568,46.12963680471775
26569,43.091824009743846
26570,38.85214166815236
26571,53.948056079886825
26572,24.924319111858146
26573,32.80900197855461
26574,38.59227615200973
26575,28.013257061877994
26576,28.986795399817595
26577,37.57049176050932
26578,31.938485153192666
26579,44.60046874449502
26580,43.129102513688956
26581,56.00191139405178
26582,42.174390960526445
26583,42.143776867995754
26584,38.58422652565799
26585,37.14467730504264
26586,38.09423899600051
26587,54.61225356942046
26588,37.24212741554213
26589,41.35529719233231
26590,28.52585662344007
26591,37.436711986858285
26592,53.3727245649625
26593,44.951522002144955
26594,39.58352438197269
26595,79.64587704570721
26596,51.17446644165437
26597,34.564295462510074
26598,52.13944213856181
26599,25.576577924574615
26600,55.82017175500552
26601,42.04680357933889
26602,43.600684861963984
26603,51.57674389861214
26604,35.75402432611019
26605,36.654012282987985
26606,39.675039930537984
26607,39.08759756167729
26608,45.188463132892466
26609,37.70344881015382
26610,41.17356927326804
26611,63.55258248836273
26612,38.25412011540525
26613,48.20538478615278
26614,45.304984052007704
26615,61.42006266976952
26616,43.81688234949953
26617,38.417832064538814
26618,57.60323201884614
26619,46.755185925407474
26620,45.72353379063431
26621,44.26732939769279
26622,38.759705682792806
26623,36.96410981074191
26624,41.180374924315984
26625,42.26275628163707
26626,46.25114992451454
26627,35.581385069249194
26628,39.603350035702306
26629,35.558917174008904
26630,42.467834469453635
26631,46.382578135265696
26632,40.94804376863078
26633,38.348344096541
26634,51.90426469796466
26635,42.26469734208139
26636,39.9253001317777
26637,45.255370722114584
26638,29.556646514922587
26639,29.84200510490443
26640,39.20405797551383
26641,54.74522259019061
26642,43.993754897433114
26643,47.41489710362689
26644,39.892194000241815
26645,40.37381600872842
26646,41.276938384674324
26647,43.725196520866625
26648,40.08606078188332
26649,38.75140133213141
26650,50.707830054498096
26651,39.5182546691499
26652,42.5434423421588
26653,40.4820924013068
26654,42.95693420671898
26655,40.73485166796005
26656,36.843057959329556
26657,42.68272619129088
26658,45.6286244120593
26659,39.2130438178009
26660,47.59670717248503
26661,41.10362172174833
26662,41.04709957758112
26663,41.815952327790114
26664,41.98622603446795
26665,31.12326022276701
26666,39.66343888080245
26667,43.70360375220311
26668,47.339324201420595
26669,37.746251194391924
26670,38.44782571362806
26671,28.868094612449127
26672,39.149321555026475
26673,41.633397487901874
26674,22.449200102377162
26675,36.214891342544036
26676,45.621934740488214
26677,42.55979087211882
26678,39.970151754157484
26679,40.03034057256577
26680,41.03926574728486
26681,41.426205792556885
26682,37.97174885675334
26683,37.73161464036795
26684,38.52049151932709
26685,40.435583210834686
26686,38.90183020662742
26687,40.77745198391752
26688,39.17273882428113
26689,43.89379730928925
26690,43.394723390597946
26691,41.69350470774848
26692,36.478885109584986
26693,38.57374953403375
26694,42.18877754382663
26695,26.704095378753603
26696,44.74707563440554
26697,47.677099301889456
26698,39.99030239161101
26699,42.27318829470276
26700,35.794390201915014
26701,54.090675713728814
26702,42.95215738097397
26703,45.42392808389545
26704,40.02750637080279
26705,39.87131123335875
26706,50.178047694256726
26707,43.48585363084621
26708,43.49054373120228
26709,40.53925080990696
26710,42.223404433264875
26711,42.77947523886751
26712,40.25616539852429
26713,29.446232365569422
26714,39.198962559441796
26715,68.36827335177124
26716,47.287941165588784
26717,43.597706405402555
26718,42.207819831078595
26719,40.12089701343059
26720,46.145133918567474
26721,40.31494507718675
26722,40.424730364389944
26723,40.51285417825253
26724,42.425694981074045
26725,43.304063409365824
26726,37.92976017895432
26727,40.939955163536354
26728,40.51402926131034
26729,45.765231924409974
26730,43.67054583508846
26731,40.42544697061238
26732,52.597356587105466
26733,38.63247183141283
26734,41.81207564387847
26735,42.309235557773995
26736,44.24680590798538
26737,42.95684899517863
26738,46.82075301498401
26739,39.34719956111868
26740,42.51527850940482
26741,45.8017796533938
26742,39.70253440622571
26743,38.0802816911473
26744,34.62982187850128
26745,48.79734847906047
26746,37.70246574425721
26747,40.36164351018935
26748,42.73899463124852
26749,47.650693699786586
26750,39.74284840189868
26751,45.15152160263572
26752,49.162126598866934
26753,53.597287354192346
26754,49.05076141592407
26755,41.08636698188498
26756,48.19664482505297
26757,37.263021836491916
26758,38.46613124580993
26759,41.03422327575819
26760,41.430521315820265
26761,48.82151649284478
26762,43.79028266523673
26763,41.62511067299818
26764,49.1135936267581
26765,47.05856167915646
26766,41.21346655766292
26767,42.33815846580231
26768,41.430911730279824
26769,43.32540129291048
26770,41.394369430787904
26771,59.08399368855544
26772,47.935910543647346
26773,42.93283992828705
26774,43.017850340057855
26775,39.45878276762096
26776,61.499216138669595
26777,39.12706038442034
26778,50.671503992490045
26779,43.13442619323743
26780,39.263989465199124
26781,39.48783627142426
26782,57.60008757328536
26783,39.585020734258734
26784,42.55219937446473
26785,40.92319431532883
26786,37.73535034152302
26787,39.530628319655335
26788,39.93311115916933
26789,26.462922133448828
26790,37.731899376473216
26791,36.436953647567364
26792,48.591796786231015
26793,38.714345971808676
26794,43.900090399258865
26795,42.64205859759969
26796,46.291700616082835
26797,42.32907835722122
26798,45.20609565469388
26799,46.508974829979906
26800,49.13189470766358
26801,44.06557470978889
26802,38.08225778210547
26803,41.754612119999614
26804,46.428245436515695
26805,50.91592637817693
26806,42.984791145602514
26807,47.6879524771453
26808,45.220074376128544
26809,36.89212799360887
26810,46.04226965851383
26811,43.53873235780674
26812,49.48609952387292
26813,44.4806899190543
26814,45.57670225790844
26815,52.14023017449034
26816,43.234972207777105
26817,61.49407481092984
26818,44.22462995880779
26819,40.138229730955295
26820,39.15985623975188
26821,38.61370349917611
26822,42.65483057495703
26823,41.60939996222992
26824,56.84206871887188
26825,37.799024735455504
26826,40.37176290299063
26827,64.6383618067245
26828,43.289755107605735
26829,43.52957562743762
26830,41.06267224636809
26831,53.34913923639202
26832,43.35288827967802
26833,44.279851567946416
26834,41.661212214295766
26835,37.87059341915269
26836,43.411950464021764
26837,60.035555149788934
26838,47.9668643618484
26839,35.60610860591039
26840,40.4521499008846
26841,44.07125817679388
26842,49.01981730276997
26843,48.48025527056301
26844,46.29583998788572
26845,36.402178958780176
26846,43.6268532025557
26847,38.67516768451389
26848,44.68879882048299
26849,45.90821230200146
26850,46.33165395936256
26851,35.919976400270365
26852,49.03981667084297
26853,60.50815524059654
26854,49.955819056512425
26855,47.2809357256649
26856,52.679838271527764
26857,60.89427748303503
26858,43.67560110774899
26859,49.51830587235095
26860,49.30188885996275
26861,41.10268186230723
26862,55.17823594075136
26863,41.17183985487779
26864,40.665531204455334
26865,44.79695195290619
26866,40.89986839010805
26867,51.865353675455694
26868,55.25564962332532
26869,51.32521637913408
26870,47.441101600164345
26871,45.51023222422508
26872,61.186988983312425
26873,37.89614143000835
26874,43.01745920160793
26875,45.29076179328316
26876,44.79209672249153
26877,49.13963732350904
26878,59.55097809211039
26879,38.60675543962599
26880,50.87207885013176
26881,47.45315619448666
26882,49.38402282873007
26883,44.76499598670185
26884,50.484943955192776
26885,42.858196436685446
26886,42.42028395151174
26887,51.801827055165134
26888,45.44827161001485
26889,45.81918621870313
26890,47.19356989794471
26891,56.87583497712318
26892,60.56118746578338
26893,42.036997809524934
26894,45.131228973843626
26895,50.56962924847041
26896,46.28538089471873
26897,53.3415270616049
26898,45.16956839140399
26899,48.31751630398396
26900,49.66186809901672
26901,47.15691828431068
26902,60.93523874966678
26903,45.230066919169886
26904,43.914232495930435
26905,46.97527375370423
26906,54.210735560815834
26907,46.24064215047609
26908,47.23967957846746
26909,46.81287536155088
26910,46.160575913816224
26911,50.327432174100814
26912,47.619346658199454
26913,46.78977701015535
26914,58.7369215764737
26915,45.32501273926159
26916,45.261730047967866
26917,69.64794223966574
26918,46.71304843833572
26919,53.51767841693466
26920,47.41560362067679
26921,52.77929898369432
26922,40.91647370967842
26923,51.740671875437485
26924,46.68970728885984
26925,45.660804233442576
26926,52.14354369667285
26927,44.99492747666913
26928,47.700254353887246
26929,47.158241627895144
26930,44.608106535726
26931,46.5460375616841
26932,48.0341630376511
26933,44.138660369931586
26934,44.61334508894383
26935,47.24775811177573
26936,55.509421563077105
26937,53.2623325965039
26938,45.252038986141024
26939,43.99220440867434
26940,48.80628864802745
26941,46.57690063097704
26942,34.38614072381161
26943,48.24181411278714
26944,48.68010099931228
26945,50.74441807857201
26946,50.383462285032515
26947,45.359735402493435
26948,47.79392115941522
26949,42.656296664124106
26950,50.48217691454741
26951,43.79286733207924
26952,44.783865256567516
26953,46.701290985775024
26954,45.03554918647334
26955,45.766895040134656
26956,47.80678860416163
26957,47.0505231422311
26958,47.54427197772377
26959,41.23178950201506
26960,48.357306933938425
26961,42.32371452187337
26962,46.401743535527864
26963,43.24023433945396
26964,45.02042784917541
26965,46.91654059036797
26966,44.49745151840424
26967,46.31235300699093
26968,43.72052522061932
26969,47.22267012743203
26970,44.4211833281816
26971,44.00385688897684
26972,46.268597603881794
26973,61.17838052574381
26974,54.529234893256046
26975,43.57009036406382
26976,43.85789730476134
26977,46.512945277338694
26978,65.23067655164586
26979,46.628692032850076
26980,44.14622094760861
26981,41.838555737867715
26982,46.89701027986747
26983,48.17709146319135
26984,42.71538627943267
26985,48.07750987576195
26986,44.801962996179704
26987,46.525319486995805
26988,45.307244759607784
26989,43.32823334275695
26990,49.30963494563043
26991,44.710799233968174
26992,50.59528799492072
26993,43.04384184193243
26994,43.12847233718544
26995,45.47109388730272
26996,46.15508554330053
26997,45.19148348069904
26998,45.74256598712007
26999,43.58520094638553
27000,47.02439102470015
27001,46.45079359487096
27002,45.57204912676697
27003,46.68173602994413
27004,44.55586720443821
27005,45.896056341165846
27006,45.60590764670415
27007,38.660761357884304
27008,45.53634993409832
27009,44.16138642577293
27010,42.57879991939375
27011,45.57829755240958
27012,48.31750131568133
27013,43.28020407429303
27014,42.46781388067484
27015,43.343145586442205
27016,41.28773821579811
27017,38.54352065010085
27018,44.8183299244939
27019,44.618951685041424
27020,42.949202345181924
27021,43.39974886693919
27022,37.269362528745425
27023,38.01120770248141
27024,39.50940184259577
27025,38.303739093648005
27026,40.52755374410594
27027,42.23417123447597
27028,45.0001848347121
27029,40.80398941643028
27030,43.00331580729852
27031,36.65306568009421
27032,35.341315146247815
27033,58.019028715679795
27034,40.17572157742081
27035,45.40082553020004
27036,39.85515205539919
27037,42.42703673660712
27038,43.35023611938914
27039,47.11417933068796
27040,39.54236382031375
27041,41.19963394418299
27042,41.56754681315164
27043,38.581552351420605
27044,41.95299132173013
27045,43.02511672877404
27046,44.50468267569231
27047,44.98148079802927
27048,44.95516021105638
27049,41.78817231110013
27050,44.464622256809676
27051,36.437095933476435
27052,42.65243898332503
27053,53.626123458997434
27054,36.46061357211913
27055,40.043034490845386
27056,42.261494922106486
27057,43.98297057739173
27058,35.45618079264935
27059,46.159516790377715
27060,44.42467215815917
27061,42.6614978492444
27062,34.915141597227375
27063,42.97557704057192
27064,43.53707497183169
27065,43.11138270365076
27066,37.406640004235335
27067,41.77704769432451
27068,41.848295792972145
27069,42.518090413057976
27070,43.154827376728484
27071,38.30466337064208
27072,41.3969988516299
27073,42.49803243748005
27074,42.0831651397121
27075,43.86544728013576
27076,35.06631212971617
27077,40.78593927222417
27078,43.106360145833634
27079,43.11252454213865
27080,39.47299541032465
27081,47.688081143855335
27082,41.17658459658252
27083,45.42789302095733
27084,41.45232914207029
27085,43.75448335612604
27086,43.54290839586029
27087,43.24552368523998
27088,44.415173697944425
27089,38.44466785287203
27090,39.975786161796734
27091,41.614862269076006
27092,39.916701412150196
27093,41.170556190351924
27094,42.31952604894977
27095,41.25371559591181
27096,41.22424844396448
27097,31.08741023992036
27098,40.65481235796296
27099,45.111843280832076
27100,42.50838682179976
27101,43.284987117119556
27102,43.2406712390983
27103,38.74295572427474
27104,42.79084818698574
27105,43.994730091957365
27106,42.29489206351872
27107,43.71492225529569
27108,42.342448974552546
27109,38.85128486252679
27110,47.60358657534347
27111,45.38478174255601
27112,45.78778019045396
27113,41.788836671732696
27114,42.75031458940484
27115,43.63798608125813
27116,40.18061509984948
27117,38.82809943092105
27118,41.80270305864473
27119,40.42091875680415
27120,42.62819103313043
27121,46.584539560046586
27122,40.7051185547302
27123,36.67393018784343
27124,36.02895638962352
27125,34.386185707015514
27126,39.29194254584795
27127,39.26286677415528
27128,43.3354357999278
27129,40.86235868892595
27130,40.201101515652375
27131,44.694575063218075
27132,38.67467383004835
27133,37.356600783378134
27134,42.43940703568098
27135,42.18010482696787
27136,38.07105319920776
27137,42.04964381675174
27138,39.323013281516204
27139,40.56216115076579
27140,42.72584619182473
27141,41.6208140998345
27142,37.311028124475406
27143,42.98265599537628
27144,40.84037751956107
27145,38.2733518562236
27146,35.017776359903486
27147,34.1470983365003
27148,30.836002377002185
27149,43.830650098980676
27150,37.1590845964324
27151,37.334054561356254
27152,33.4004879911423
27153,31.122013671435848
27154,41.106821690645646
27155,41.068991506800316
27156,45.08351768021967
27157,42.003969202968904
27158,39.587620965124096
27159,40.149527633883
27160,37.92000926948325
27161,38.64790392231232
27162,41.22836042212197
27163,41.85150266226176
27164,40.84838988952364
27165,36.32958079509039
27166,45.4167961367113
27167,37.52192499808817
27168,33.812458742677805
27169,40.2872006466447
27170,37.89526289628457
27171,42.68031607481779
27172,37.19413981005837
27173,41.325375486157526
27174,42.10807751147427
27175,34.35701692256578
27176,80.40434834175198
27177,33.96868000998071
27178,35.64297303370139
27179,39.780264696830514
27180,37.37292738452426
27181,37.89906385690221
27182,40.933319689235866
27183,39.04040168803148
27184,40.776266639533915
27185,42.81164492957795
27186,37.13919919226739
27187,41.48151074325541
27188,39.687984063841235
27189,42.89660808001929
27190,40.42873843681438
27191,46.65263518405757
27192,42.45828171722168
27193,35.177080389043056
27194,53.54816408000412
27195,36.24818232623994
27196,39.304848940230166
27197,33.05631282110291
27198,43.25283241863277
27199,43.81346796690431
27200,38.44145172762489
27201,35.19543903049649
27202,37.7988174618024
27203,38.55870149061322
27204,35.94770512246985
27205,37.79959005301393
27206,33.4377200277996
27207,37.16123774168224
27208,40.02534351426989
27209,36.65697101381604
27210,40.58805775923615
27211,45.298227195915345
27212,38.4305753507015
27213,39.60433435106809
27214,38.97611332168183
27215,37.46462587383543
27216,52.95927338873414
27217,58.12137922408621
27218,46.635922593557275
27219,60.63457209362848
27220,52.66896275457305
27221,42.770040938438505
27222,47.52124133835278
27223,55.11874706880988
27224,56.01338740178899
27225,42.73845067766912
27226,53.52028242053411
27227,43.60282486715039
27228,44.79695195290619
27229,46.97781782987993
27230,57.996991345750146
27231,82.25814273019253
27232,42.69271053875097
27233,49.68387358843175
27234,45.681238490156474
27235,59.83495968898127
27236,40.326567758327606
27237,47.827427220317155
27238,42.523806279734934
27239,46.7430688620532
27240,42.00598385275159
27241,45.059425046759046
27242,49.17438642292528
27243,51.02363522208139
27244,44.89418228307908
27245,39.81017104275123
27246,48.549224303894384
27247,46.0515492642401
27248,61.86188318612236
27249,43.40357401043103
27250,46.92263275338114
27251,42.449766966893975
27252,61.38713434930107
27253,45.23998170720314
27254,45.17199480632522
27255,43.80792821822521
27256,46.14118669520444
27257,50.10367955151138
27258,62.12869868361072
27259,43.4581604991243
27260,47.15906904688384
27261,59.27491428095184
27262,65.25117700368006
27263,47.22310270824132
27264,43.41745511023572
27265,47.57310415648201
27266,45.118269105769876
27267,56.78185412910897
27268,45.15155421670282
27269,59.48948927196132
27270,46.89643745283823
27271,39.94409773639739
27272,47.62879999945561
27273,45.21872361640274
27274,45.91781020149785
27275,46.41045026076698
27276,41.69290644542347
27277,34.59136533412496
27278,36.41334095554784
27279,43.0320697262618
27280,36.21330817307912
27281,44.28236305922604
27282,38.92193883608878
27283,35.34381570094764
27284,44.17831392817594
27285,43.5779829560591
27286,44.154541523579205
27287,44.1435219575404
27288,40.95147232063865
27289,48.95548220702757
27290,45.61611085792862
27291,37.10593635063351
27292,43.79258707860396
27293,47.923504465263505
27294,45.76661725810857
27295,36.73617847897047
27296,42.34563284607266
27297,41.31155794181824
27298,41.90572570233313
27299,46.47720176399244
27300,29.35366685194562
27301,44.92153560548843
27302,42.93779668557002
27303,44.15636334185401
27304,33.1821594843031
27305,37.735915072726996
27306,45.8761689576512
27307,43.50940084307622
27308,47.96311666653378
27309,34.21095403405823
27310,42.16197804210227
27311,54.748010430832785
27312,48.3876461578356
27313,50.280878192314454
27314,44.76512181399153
27315,44.21661062657883
27316,46.718554077604615
27317,38.789106895662215
27318,44.990119933743244
27319,46.3484826165527
27320,48.1007207033358
27321,44.38248158345843
27322,44.6625031676431
27323,45.28767508050834
27324,45.90036941067803
27325,44.27571604150522
27326,43.963950102687726
27327,44.96990317501741
27328,46.58966440422109
27329,45.27705427612213
27330,46.73805214117566
27331,49.520318634445694
27332,44.5109718095356
27333,49.00766200121776
27334,40.62950441033986
27335,41.04266986450881
27336,39.28848451626702
27337,44.25425166466384
27338,40.43657058711507
27339,37.148033124371715
27340,40.61147622394568
27341,41.913525044132875
27342,38.68667387633078
27343,43.569616124622456
27344,45.302798580503506
27345,39.19015327095161
27346,40.82301565496194
27347,35.36707671280789
27348,37.09534337347107
27349,42.408891396361675
27350,46.481596354681805
27351,43.2202963969978
27352,37.49541355832408
27353,36.67706247394415
27354,39.57057716062811
27355,37.9359130956104
27356,54.68337636809348
27357,43.38898603103479
27358,44.45557877276297
27359,42.04865914384488
27360,34.62869315816356
27361,44.084988413816106
27362,44.57094435406454
27363,41.81433987289412
27364,45.672781918895325
27365,42.36747838545714
27366,39.78374655788698
27367,38.48291464255918
27368,38.153501245081614
27369,38.22857914292274
27370,43.90387480037193
27371,42.001805144019954
27372,34.527968934901295
27373,40.757648360510274
27374,42.719270724285046
27375,35.38517456709397
27376,42.62043482342213
27377,38.258601485858826
27378,41.84398705221139
27379,40.358155134870394
27380,39.39381276670862
27381,45.944940308913814
27382,39.48259900795246
27383,38.80964936519329
27384,45.81753506856596
27385,47.43814586170032
27386,43.65089387051088
27387,35.7936680319485
27388,41.59235566218597
27389,48.18978122981571
27390,42.92011102033434
27391,42.738023498088324
27392,39.22567189419939
27393,42.697206743350144
27394,44.46555851448758
27395,48.17152723936065
27396,43.94240696442962
27397,43.23240288073549
27398,37.66692141736257
27399,35.329032204557485
27400,38.00116167623548
27401,40.71702110321676
27402,38.88644077170466
27403,45.933853740508695
27404,39.66708337874306
27405,37.36747152218777
27406,40.17814345117621
27407,46.703006948271195
27408,43.23077381484373
27409,39.86101707037394
27410,39.43608502734752
27411,45.80668676002146
27412,52.1920142231788
27413,43.20163847095126
27414,45.42139793986777
27415,41.25620622889822
27416,44.366109589577256
27417,44.37056431009201
27418,42.464482496335904
27419,52.188842237650675
27420,41.26571102283241
27421,43.59222946176631
27422,37.22878037556649
27423,37.19256629505892
27424,41.313441016316794
27425,44.37505546334883
27426,45.72037488418466
27427,44.65577656743632
27428,39.87607897633515
27429,43.91770830569601
27430,36.94953265821234
27431,41.73737553861951
27432,49.841105762518055
27433,42.98683674276498
27434,41.59081146068325
27435,41.77314709736843
27436,44.577056738761875
27437,39.25663754154347
27438,38.690626293063794
27439,44.87861418607841
27440,41.279638005375986
27441,41.489697387266844
27442,39.539715324143835
27443,43.207525192066285
27444,38.92159637465469
27445,41.66300860784366
27446,36.83627361341415
27447,39.559410290203814
27448,41.44111470926344
27449,37.578236078321964
27450,38.9920772188032
27451,37.920746385712064
27452,39.1718133862926
27453,34.72565099392089
27454,46.48810466194359
27455,40.8939067052775
27456,40.40125239280714
27457,40.05476907671185
27458,40.05877346290857
27459,38.686781943604146
27460,37.980440048161455
27461,38.310619607189686
27462,39.589079770388196
27463,41.28897508772747
27464,42.09555927056381
27465,41.0885537337472
27466,38.94892610558703
27467,38.79468823750728
27468,40.17489973999508
27469,43.719576896316134
27470,38.58661614611218
27471,41.882652066884965
27472,36.686945699356954
27473,37.89089677175669
27474,41.43617699111078
27475,38.19715536135185
27476,37.19625917319148
27477,35.753093177269584
27478,44.62786876293538
27479,63.82514493924975
27480,45.31670096725333
27481,49.919897751627644
27482,42.615621581622214
27483,45.47810996628343
27484,44.98818263752159
27485,45.87744767831327
27486,44.64541557343831
27487,44.122484911340294
27488,45.56501200399591
27489,48.305708449141434
27490,45.00974354111016
27491,47.07436815569747
27492,45.829558705784336
27493,46.399707223337195
27494,45.96328441388795
27495,44.85439831057314
27496,44.55905786479232
27497,47.87935966995664
27498,45.58709464649695
27499,45.07241565319699
27500,44.24049833825259
27501,45.846695087387
27502,47.61296360680415
27503,47.21515426468868
27504,42.04923676866258
27505,43.7750098623255
27506,43.21329016445473
27507,46.62779238235858
27508,41.82683693763781
27509,45.36406450613755
27510,44.80540157657299
27511,43.22361385648302
27512,48.401640356306366
27513,43.82410613851264
27514,45.48328911630288
27515,43.75126459374266
27516,43.090203976363696
27517,41.5424589637199
27518,44.463111084541715
27519,39.839303116874376
27520,41.25009018502034
27521,44.58698476654608
27522,44.73110229517035
27523,46.079431754871315
27524,44.50364574946384
27525,41.80004044673198
27526,41.952696965912466
27527,63.56324196408025
27528,47.84489371759599
27529,50.340384740627066
27530,46.75807140059939
27531,50.08393926594015
27532,44.34160468034546
27533,45.00047633115691
27534,43.0841812157707
27535,50.87680464287567
27536,45.10665650103829
27537,43.82818308477042
27538,43.73160147403378
27539,45.923794754434226
27540,44.96271315003013
27541,43.12801342850136
27542,42.42698209534389
27543,43.68454666171223
27544,45.97297970482103
27545,45.73145061466759
27546,45.086081218193314
27547,47.069084858941224
27548,64.68371465550128
27549,44.18984323087291
27550,47.86495929354265
27551,45.611037108776976
27552,60.10452261734575
27553,42.96558697194429
27554,45.51795321688274
27555,51.4444829037523
27556,61.835548166891115
27557,48.13481663879255
27558,63.57466226866775
27559,53.82093393577159
27560,54.63007091806688
27561,37.25715042482426
27562,76.60237350936409
27563,59.26281712967313
27564,46.64759898197907
27565,49.967838311269446
27566,60.09232478572664
27567,48.41369342845591
27568,48.79675776413474
27569,47.38089780614593
27570,37.623610120067504
27571,68.39051680783663
27572,47.592128914499895
27573,58.03163847839587
27574,47.93356696222944
27575,47.32712100749771
27576,50.38954165309732
27577,60.79505681633983
27578,62.68400640435979
27579,45.64645862981073
27580,77.10857203537901
27581,63.8264293261902
27582,47.54981570380983
27583,46.99269514909992
27584,47.96024670813754
27585,63.27387306735183
27586,69.40285655269608
27587,50.44629210908838
27588,59.564108691872825
27589,44.89672607063215
27590,55.09569950767772
27591,35.559682965438974
27592,67.96506829602345
27593,80.50670218882374
27594,45.6086168472777
27595,55.368452226086134
27596,49.60307748443662
27597,52.130984915682596
27598,55.92808876741178
27599,44.33925784684824
27600,52.41585956347604
27601,63.85247345540209
27602,49.69121333673517
27603,51.680695389244676
27604,50.084487766550716
27605,47.56925879533919
27606,79.68925687993485
27607,44.9628816581995
27608,47.67326441662312
27609,44.995022754822976
27610,47.01622229142179
27611,50.23074749335688
27612,41.507004158459964
27613,49.05734322229279
27614,51.026027254689154
27615,44.53451409178209
27616,45.707216744369575
27617,43.25797110822459
27618,62.130843643132025
27619,44.46317859530593
27620,52.21232067165651
27621,42.85188941151033
27622,60.17690160717137
27623,50.180936184738684
27624,55.45450696889734
27625,49.17824327152695
27626,48.85368833616674
27627,46.83141447597897
27628,59.70021828315963
27629,47.14749936089369
27630,44.34865756927078
27631,47.77273080351122
27632,61.89684936684952
27633,49.67499651052247
27634,49.73483987726892
27635,39.56263440094469
27636,46.85070895961772
27637,47.90603620119484
27638,44.78154120021701
27639,41.857872735622905
27640,39.56964061894766
27641,69.76236229904919
27642,41.003271628824415
27643,48.24871074751647
27644,45.871032195610844
27645,42.22138945440226
27646,42.511941909582426
27647,44.47862114563386
27648,39.38009063434304
27649,46.824025219029146
27650,35.28070692544085
27651,47.61928101171937
27652,37.60574885621608
27653,43.917298389094135
27654,42.42801390894665
27655,46.99308337999795
27656,46.36044798316711
27657,45.374677621431374
27658,48.865944893193905
27659,37.828413632636654
27660,40.08384102179155
27661,37.91551904891747
27662,46.00324269164875
27663,45.210043874816286
27664,39.78108716643191
27665,40.972494117382865
27666,41.24634859384089
27667,37.784226916558666
27668,37.74967337918707
27669,46.53428473198778
27670,44.40679516304617
27671,48.45962443832846
27672,37.746239514119495
27673,34.988081661892174
27674,35.76604766373612
27675,40.464511724967714
27676,37.929236815319214
27677,45.31767414649335
27678,35.2123068865777
27679,38.149230035450586
27680,39.610394129118674
27681,37.405111478106924
27682,43.026198085933466
27683,44.829886267110425
27684,34.37293515308922
27685,41.81490031260809
27686,39.98919580537864
27687,48.90343305904244
27688,42.11205583881451
27689,42.26460662926467
27690,37.94929100005262
27691,39.408487315226026
27692,48.219491725603305
27693,41.86558628919398
27694,49.23530577817867
27695,37.79545654540471
27696,53.027070742412825
27697,40.16104114288827
27698,38.01189495771733
27699,65.93475108077814
27700,36.936823019208624
27701,40.70963671501488
27702,45.47883489700438
27703,41.08699063962379
27704,38.31674862865653
27705,38.36782119657805
27706,38.90889687112568
27707,36.607739083365495
27708,24.112576969157182
27709,37.465627603314665
27710,36.198917382291725
27711,45.00179121203074
27712,49.02381345526041
27713,46.955829496874635
27714,50.49793579087517
27715,40.359155316508705
27716,35.50794337861084
27717,38.113102235878806
27718,38.90589817442273
27719,37.96541462122881
27720,39.6941808389476
27721,55.73559314501303
27722,36.391106525876666
27723,39.32040969656497
27724,46.330898263795625
27725,46.653470517403804
27726,42.99784680461678
27727,39.210981982018104
27728,38.17340570266651
27729,51.35776568168202
27730,41.25185256056852
27731,38.30077669616672
27732,47.044720444202966
27733,44.104866360363054
27734,39.4489542763893
27735,39.04770294484985
27736,40.29087395090068
27737,39.197095701526116
27738,36.683882338544485
27739,38.29148288183759
27740,39.070825096277034
27741,40.450328161836495
27742,37.99471299275873
27743,40.086418982643956
27744,39.01129135120717
27745,44.93591305986174
27746,41.20565552317763
27747,36.50945186504772
27748,48.24933970519138
27749,39.52653017260896
27750,45.01263689050157
27751,57.427793040162975
27752,59.67652541860335
27753,56.972772526644775
27754,48.1525892012757
27755,59.39688522294979
27756,55.889876333769806
27757,46.338610097683365
27758,54.311372592686666
27759,50.11353802381886
27760,49.89004006793194
27761,43.79402755932322
27762,47.42761756092297
27763,36.21117890374721
27764,47.35334355885091
27765,50.42228560310939
27766,40.10314405660309
27767,41.26135635647584
27768,44.418441903495314
27769,46.67478194945336
27770,49.90619508557125
27771,46.88750281737093
27772,41.06960619563146
27773,53.559795209377384
27774,52.602220698057266
27775,48.71443302184821
27776,39.64886874232286
27777,57.62954343331927
27778,41.33763051158955
27779,51.53277784337504
27780,47.760402414668405
27781,51.465394279573005
27782,45.2078698483144
27783,42.04825608709305
27784,40.364456896936915
27785,45.6559104993751
27786,40.42628396516805
27787,38.12672680266574
27788,46.33938064735822
27789,49.081549677893605
27790,39.20869052681374
27791,54.81453149164109
27792,45.65312440083494
27793,61.44791882916263
27794,40.002734500455745
27795,39.96852301608243
27796,39.969300388686705
27797,52.17152260530667
27798,46.184919626280355
27799,48.92456851696409
27800,48.472484604219915
27801,59.077809163984476
27802,39.91636121074299
27803,37.213861373134876
27804,48.94159435835496
27805,39.15848459430411
27806,47.228448979062414
27807,46.35294935752541
27808,45.03067207377181
27809,42.93530195575202
27810,44.190042004991746
27811,45.12399644923623
27812,44.39584185053927
27813,41.641737795830956
27814,44.01562837150392
27815,41.018235057438375
27816,43.11068337974711
27817,42.27984829151803
27818,42.49713188304048
27819,37.91572668526112
27820,41.35822385487958
27821,44.35181616187127
27822,45.59460185517287
27823,44.540650065231475
27824,42.80737133531766
27825,38.403510922616874
27826,44.75181181753803
27827,44.791750633446085
27828,45.7408425850244
27829,44.679229412735104
27830,45.713297184020774
27831,44.91049758749592
27832,43.09631580410356
27833,44.55785997329438
27834,50.870724067184085
27835,48.003292591257676
27836,43.58692590340257
27837,45.87207695280505
27838,43.614903176159366
27839,43.949876651143356
27840,46.987922407678944
27841,40.43381591630695
27842,41.50178422077629
27843,44.80310975711349
27844,44.37657889198067
27845,42.9501994513109
27846,43.81127797847786
27847,43.594023414859365
27848,45.739849193065965
27849,49.743572962962574
27850,48.670214723345325
27851,41.69656025898319
27852,43.889647817953865
27853,46.23906387949197
27854,42.41625374617193
27855,46.20078897131485
27856,46.23137326697287
27857,45.53137909997324
27858,46.95739365524337
27859,47.05365150451056
27860,46.39076521654019
27861,48.305860086905895
27862,43.01396196389728
27863,44.86943573046807
27864,36.57930232179412
27865,42.58496705558577
27866,39.46134206854702
27867,75.90265934498615
27868,47.53977036402647
27869,48.01995732075161
27870,49.83847945155494
27871,45.98083101384702
27872,45.99355119948497
27873,47.03140632805161
27874,48.289475072213335
27875,46.99614170101854
27876,35.51611619411972
27877,43.791270844887
27878,38.937250492831254
27879,47.22021360533777
27880,37.14336973342651
27881,45.241719363307475
27882,45.8714336128533
27883,40.525181221879286
27884,35.20980961918052
27885,36.049775639403535
27886,43.12711654082384
27887,36.68063104083076
27888,41.99425299989613
27889,36.322008934448895
27890,37.70014663800176
27891,41.92372834689275
27892,34.57393236081266
27893,46.75381592740767
27894,43.02192596864091
27895,43.13127784375625
27896,35.237355098972195
27897,37.97134891943963
27898,38.934885812461005
27899,37.545400379815376
27900,46.14569115633541
27901,39.701425575675565
27902,37.1803166601478
27903,45.45745295237363
27904,38.58693852946286
27905,33.7365871119293
27906,39.657778935782105
27907,37.80263672372371
27908,38.116989019227624
27909,39.908841803351116
27910,40.46813931000599
27911,40.93112829391565
27912,33.607898981128564
27913,38.39857416608334
27914,38.81537690242553
27915,36.32875180608998
27916,38.71935496181593
27917,44.67127995776502
27918,35.26300651296826
27919,38.880156115487544
27920,41.545397925090704
27921,42.818637544770034
27922,36.566746772223176
27923,38.257229200483245
27924,39.116189532961485
27925,35.218874935273945
27926,37.90791706686485
27927,32.36481212005739
27928,40.90191544872113
27929,37.053489244506295
27930,37.7955883235782
27931,42.89082350552369
27932,39.48330676497083
27933,38.34362855281856
27934,41.478319824624464
27935,38.73873107312265
27936,38.582630253799394
27937,41.06244900474511
27938,36.1761730775517
27939,36.21471504489959
27940,52.53775685670679
27941,34.4672061983606
27942,36.06944279196216
27943,36.562311023592436
27944,36.98991670335797
27945,33.359352350068264
27946,41.77954868219014
27947,40.16447505393284
27948,39.08299186363077
27949,41.04983169074304
27950,41.97987711324474
27951,43.26156101188345
27952,46.440878653700544
27953,42.12437274974053
27954,39.79705880432026
27955,43.039599337216636
27956,33.28223443469982
27957,35.721733252388916
27958,36.514719680977194
27959,49.384905704117884
27960,44.48027504375027
27961,32.32585449558768
27962,37.664392144814485
27963,36.182555583883186
27964,46.121258049933495
27965,35.54054617566477
27966,44.969809215008596
27967,42.8524100113609
27968,37.244503989443004
27969,43.33804573835983
27970,40.464425856707024
27971,45.50869643506882
27972,37.63046086509779
27973,37.11928872612635
27974,35.92077551285323
27975,38.23256003303896
27976,36.662402210571805
27977,30.81878465635621
27978,37.27380499138246
27979,38.76725298051007
27980,35.66036396450547
27981,57.7750720491468
27982,22.19473599951907
27983,39.92964614665621
27984,35.86823913967058
27985,46.881352545455165
27986,27.763416047897614
27987,35.20420159135781
27988,34.22029005142219
27989,37.21466000045534
27990,39.602386713701385
27991,36.26771130793347
27992,36.700583631888485
27993,35.59277465805886
27994,37.14488622218153
27995,36.555254445612164
27996,37.03570554170285
27997,34.89985064764734
27998,39.55744678072878
27999,33.66002955123866
28000,37.84517585498777
28001,40.07192432370036
28002,39.12216864047202
28003,36.28868456424944
28004,37.8365621046204
28005,36.02798146069693
28006,37.227174218638496
28007,38.39089565105425
28008,38.16931797956189
28009,33.20227955197507
28010,35.09018257733139
28011,35.85846337230585
28012,36.179315849016426
28013,36.04214530534708
28014,38.38439453743108
28015,44.47877489591942
28016,36.72693850088263
28017,40.80322415478952
28018,37.534653960631324
28019,40.17963543659263
28020,42.49687150445265
28021,37.778500091692884
28022,41.359270789999194
28023,37.63794258412137
28024,35.874676895981075
28025,39.41922013780673
28026,40.216860806055365
28027,35.33116713639863
28028,34.29498755499452
28029,38.215202464459225
28030,38.852954694134596
28031,41.81122125518577
28032,40.172880171883776
28033,41.03140285695288
28034,37.21079683383664
28035,39.53478816730779
28036,43.87590471735009
28037,38.29868571954218
28038,45.35850112637469
28039,41.15380416609405
28040,37.35521577887745
28041,37.31154606018644
28042,38.213211477323576
28043,41.71628129925355
28044,46.69762101214115
28045,37.671631715625125
28046,38.01057650799018
28047,37.04258286366612
28048,34.648008129829726
28049,37.50671038254026
28050,40.424350374217774
28051,41.409799014507385
28052,37.86529496916154
28053,37.86005955981713
28054,44.87832005302194
28055,38.716920217141315
28056,22.851595855913118
28057,34.78683341890533
28058,44.977197070287936
28059,59.3018044014664
28060,46.61894472161252
28061,45.48834938692004
28062,45.4777391185928
28063,42.36322247346694
28064,44.69969362551106
28065,47.678375141534865
28066,46.95503389233657
28067,36.05370335469513
28068,44.497319592935
28069,43.45936386201787
28070,47.400215642096605
28071,45.442828285225325
28072,44.792100674469225
28073,56.475394695832826
28074,45.49587847490943
28075,45.5227731523202
28076,46.929621374380616
28077,45.25090885154269
28078,43.791270844887
28079,43.19550014754996
28080,48.49172310723949
28081,47.630778065730944
28082,42.73845067766912
28083,48.95929618616715
28084,46.71609256089607
28085,46.27324459348236
28086,48.03705340484311
28087,47.43750490158196
28088,46.548062724144245
28089,44.2109793857828
28090,60.38541058524347
28091,51.26252527247339
28092,42.65298368134484
28093,44.77607327589408
28094,43.561741529757796
28095,48.10875014582947
28096,46.791354084565036
28097,48.96400826425702
28098,56.92905466034301
28099,49.10928615819704
28100,45.52991773374588
28101,44.77917451726223
28102,50.148945341044225
28103,45.500823837392424
28104,39.485748270670015
28105,42.33930328889594
28106,39.58920300495797
28107,40.207988116664346
28108,39.11593914451333
28109,40.57461636754362
28110,35.52821334613413
28111,43.56567570787871
28112,39.52668688435266
28113,34.74777366347446
28114,38.665880734072985
28115,40.619655362417085
28116,38.80789333782482
28117,41.031052032450496
28118,39.13870716320321
28119,37.475079459089336
28120,39.85130982187661
28121,36.437071018487124
28122,43.45355608720211
28123,41.22675137411654
28124,39.813324735581496
28125,39.93578294029579
28126,40.79697520764733
28127,40.14145759452088
28128,37.37579861757779
28129,39.32008297015246
28130,39.31083524798375
28131,38.38399350201992
28132,41.05300131938053
28133,38.16415562059272
28134,37.3678706070727
28135,39.226097332727846
28136,42.744725475571215
28137,39.87537138190268
28138,41.25160246531408
28139,37.309822967676524
28140,40.24597417205462
28141,43.714025025482435
28142,43.5691283338882
28143,43.04071486870913
28144,38.31426043735391
28145,38.10804984045713
28146,41.41806219533977
28147,40.899053062457305
28148,39.900772294289936
28149,39.77654149063507
28150,41.33003272067016
28151,41.65759343407501
28152,44.79949561921656
28153,40.163016513369016
28154,42.21077349862351
28155,40.726464873682424
28156,38.667450588938046
28157,38.45257416689852
28158,39.302332328977364
28159,41.115579728932126
28160,39.27832455618949
28161,37.96683197335067
28162,40.52718004426282
28163,41.02291541439112
28164,36.8220411309237
28165,43.88693478101484
28166,42.827187094359054
28167,41.51131349377806
28168,43.11581075119949
28169,43.02951253944088
28170,41.21379202939748
28171,42.38348564422525
28172,42.89398209506103
28173,43.27458174268271
28174,43.7539026581181
28175,42.76826574915608
28176,44.1134022737576
28177,43.97064303293493
28178,41.28299749088865
28179,41.26527886576297
28180,39.37832750699766
28181,43.59233004611553
28182,45.02612077580314
28183,40.11709020758156
28184,42.06832092970117
28185,41.6220660951522
28186,41.003554827058394
28187,39.69292806044349
28188,43.78455127961553
28189,41.9115337898705
28190,44.934859045802256
28191,42.08953227841847
28192,41.0103939572596
28193,40.719848525574236
28194,40.78552338400925
28195,42.48414900550381
28196,40.71524540415451
28197,43.621030720638785
28198,43.16875056318393
28199,43.7940863271564
28200,44.30228492743981
28201,44.36488637573234
28202,44.821900564912944
28203,41.875675029414495
28204,36.480311764167624
28205,40.63596931172473
28206,43.202200839820954
28207,35.41702478164228
28208,48.29075423729025
28209,38.30191158490492
28210,42.05050014080825
28211,44.904737709109
28212,46.91211626200504
28213,47.73940843316859
28214,38.32676108313451
28215,39.62931206785796
28216,37.89596445922556
28217,42.63583739506017
28218,38.10510665951222
28219,39.22056135328019
28220,36.6554227176368
28221,37.1778044603128
28222,79.93631943182257
28223,36.34734640348702
28224,47.32478454366832
28225,37.43934958581147
28226,41.61556791011952
28227,42.92602467168662
28228,46.21530028845968
28229,44.18811549028566
28230,42.98405943352788
28231,32.90719518080723
28232,35.33164226994248
28233,44.25726119527918
28234,37.78537606173344
28235,72.90006635592295
28236,37.92856104137871
28237,37.53124295042383
28238,47.231686492836985
28239,37.08296919986251
28240,44.324416533584994
28241,36.90218974650403
28242,35.99592643578028
28243,37.96278011476141
28244,39.982912114411434
28245,44.84465886646468
28246,38.700020519765886
28247,38.22488316643347
28248,46.32291544626997
28249,38.33329416050326
28250,37.35853085723026
28251,37.614673216721556
28252,48.768543309800876
28253,41.81501613599521
28254,38.71285380812876
28255,41.834390687117185
28256,43.537776840458264
28257,44.23027163660359
28258,39.88721372423632
28259,42.08073264665691
28260,43.04116771826478
28261,39.44089857599983
28262,40.35176780630204
28263,40.55496214077852
28264,38.765167657412384
28265,41.03327290264999
28266,43.295595048942694
28267,44.0397490504253
28268,42.47800528342934
28269,47.05714900180336
28270,38.850823222216135
28271,39.802344800744436
28272,43.832031650074896
28273,41.501450529805126
28274,44.71177544369681
28275,42.27689386211744
28276,48.108027642775426
28277,42.89387387706468
28278,45.847171995293564
28279,36.97743257460243
28280,42.661471579723184
28281,41.24514980922904
28282,43.587908923553044
28283,43.51726123904834
28284,40.16973259237977
28285,37.04288808890833
28286,40.750058838212865
28287,40.48586168291349
28288,35.63449442321885
28289,43.10308228572909
28290,52.71713284261105
28291,43.52182765557034
28292,43.04120942242088
28293,43.78294913987336
28294,41.486311077717616
28295,37.938263328183496
28296,40.5094473342879
28297,41.43355923861037
28298,34.95919551106462
28299,42.10594429824855
28300,43.21792827486909
28301,50.88342780445183
28302,79.04091330010263
28303,41.54757385653499
28304,41.91527569271946
28305,39.659167416077125
28306,40.58637813834289
28307,52.20668929774581
28308,45.27597240959367
28309,42.82014707598629
28310,48.495906092168774
28311,47.72101396737451
28312,46.70044079675017
28313,44.834937664973715
28314,46.58247057528146
28315,47.481110068583575
28316,38.213361384236585
28317,45.88634509015631
28318,48.08193987925745
28319,45.358321415917224
28320,36.225145608263766
28321,47.607609528149624
28322,46.0849309307778
28323,50.18941164038377
28324,47.487797413727165
28325,48.40166713053326
28326,43.030225849306575
28327,44.73298024930204
28328,46.482183980222956
28329,42.96434075254196
28330,44.343635851274286
28331,45.34474907543169
28332,43.673216078930146
28333,44.32962715924904
28334,45.333474517373446
28335,43.96246986294543
28336,46.5512242275761
28337,48.11095960152814
28338,46.141483555255796
28339,44.60380393647534
28340,47.61817030608874
28341,45.35580637931266
28342,48.26316670002881
28343,43.94742269959895
28344,45.1757375023892
28345,48.0483980899678
28346,43.73800517793959
28347,44.59366037985758
28348,43.488664496156325
28349,46.600975666943086
28350,44.71096770326649
28351,45.22208551380416
28352,46.83263950366327
28353,41.0502561603722
28354,44.981169123315794
28355,43.708783202748265
28356,49.983206475138694
28357,42.84965600502859
28358,47.048618877496
28359,44.01904325137368
28360,46.31502160290314
28361,47.03857336054479
28362,47.94456164530586
28363,48.43354818858077
28364,47.066621923809095
28365,46.14290092116521
28366,45.78541771062146
28367,46.734587177008414
28368,47.276886327791566
28369,45.039765805571314
28370,45.24002459665984
28371,51.473108874394995
28372,45.760410750783784
28373,45.55776826500408
28374,49.44493848376499
28375,45.335141152845814
28376,49.38802624343451
28377,49.81613560665986
28378,45.67271139235253
28379,44.578018115191774
28380,45.2352801272236
28381,45.89139977520583
28382,46.32148491993713
28383,44.67549539418522
28384,46.81720161095385
28385,48.74317438772569
28386,42.32719661405957
28387,43.44417634574177
28388,38.949247902388734
28389,43.78405575343248
28390,41.03132917094217
28391,45.82701126705372
28392,42.34340041426537
28393,42.33803977679536
28394,41.37982502978289
28395,41.25538822007506
28396,41.35809099700043
28397,42.682088887962465
28398,42.06698466175999
28399,44.00486603665579
28400,43.709446435414534
28401,44.61612646920894
28402,46.20159217655586
28403,44.954954050804965
28404,38.32501135059567
28405,41.183181921488924
28406,46.49339818034655
28407,45.96611061350691
28408,42.36805249803093
28409,49.05595597533981
28410,44.6045110514227
28411,45.40101656343396
28412,38.19490508238024
28413,41.58235343942114
28414,38.26941835001292
28415,47.43308173335371
28416,39.33594614999569
28417,48.952015729712954
28418,41.089654281095456
28419,44.80921590038592
28420,46.55811260299377
28421,36.58372604310686
28422,38.66656041944981
28423,39.465204358870956
28424,37.50472989342465
28425,41.60278024663678
28426,44.44724602653881
28427,37.36409066688048
28428,42.34482718559108
28429,42.81055186871098
28430,41.974687489364015
28431,38.55745465791432
28432,41.415703131391176
28433,45.19260869103039
28434,45.00065543114194
28435,50.19328913383423
28436,47.634876979317085
28437,44.38997180354163
28438,44.724868628749746
28439,43.83369426494006
28440,46.37338589198677
28441,46.357451918318155
28442,43.059643696212035
28443,47.02600801728244
28444,48.00585935754316
28445,48.1696467723589
28446,45.44149641298375
28447,44.78066358806776
28448,43.24713292613891
28449,47.05189127492388
28450,45.709721399426456
28451,47.014782243679996
28452,44.914175614370876
28453,45.267978867210886
28454,43.46913794453433
28455,47.18843108004917
28456,46.5221289369969
28457,46.48474673392878
28458,43.815357057902354
28459,46.38623751806985
28460,45.893910043108654
28461,46.108135926622644
28462,43.91069882498781
28463,43.85983872187397
28464,46.37365556292163
28465,45.97443461433313
28466,43.97413202606191
28467,44.60795953928499
28468,46.835253370195566
28469,35.71018748529538
28470,43.98188523127035
28471,39.3460974573055
28472,41.02919777558334
28473,45.567470623164965
28474,38.54161916361481
28475,39.8158464118367
28476,37.110194059679635
28477,37.81153931873769
28478,46.27523011862617
28479,35.501574728968976
28480,45.48448071325151
28481,41.118273385120744
28482,44.49978039775932
28483,36.44944577915141
28484,37.43864091687726
28485,38.16477687214354
28486,37.41994018397575
28487,44.41448286827992
28488,37.79517714394456
28489,41.313998717501164
28490,37.29843652303194
28491,40.11805593155606
28492,39.28554375114242
28493,40.871158270797196
28494,39.790218539961856
28495,40.922579195210766
28496,48.77812540514787
28497,48.000361502780464
28498,48.885135470003355
28499,47.7449840967075
28500,46.56894097450638
28501,45.91995680130521
28502,48.85754330611068
28503,34.5600821086543
28504,43.93970504987624
28505,44.71679856211802
28506,43.140264764912615
28507,37.77740496132591
28508,44.04079035878157
28509,36.171040057709945
28510,46.566135508219496
28511,41.48351741855363
28512,38.828030437386076
28513,40.26107204415017
28514,40.78939258927636
28515,37.64920162190562
28516,40.229968169582115
28517,38.4208450898022
28518,39.90645702238458
28519,36.699104495492385
28520,36.047484953204695
28521,39.72559784843915
28522,46.01063513112384
28523,34.96662013768771
28524,52.149186690887525
28525,39.202931647839996
28526,46.574312365334976
28527,39.3159963475773
28528,57.85590245384913
28529,38.2107092802127
28530,38.96625511257586
28531,42.18869475355259
28532,42.01747720525783
28533,36.73492492391438
28534,43.842508337083174
28535,38.635069584330175
28536,39.033148800611244
28537,38.24160466042561
28538,38.52816887949314
28539,41.87438299122321
28540,43.28250084553857
28541,40.06533379495346
28542,40.53922139971257
28543,39.163187966271444
28544,45.38886930016498
28545,38.9808337367581
28546,39.33908154669846
28547,38.69776797691022
28548,34.870000989985684
28549,37.32997846153186
28550,28.174696714763368
28551,37.96247625277743
28552,39.73573961071667
28553,36.054683813925315
28554,35.83989192283251
28555,34.54344690275412
28556,39.852408677306386
28557,40.932180364744
28558,41.41787290198668
28559,40.9645749111184
28560,39.63764018059875
28561,42.79213907038513
28562,45.894754151186575
28563,37.683252643835985
28564,40.03195441735673
28565,38.2840016489745
28566,36.490455211635975
28567,34.900930912118206
28568,37.440026245215556
28569,43.91148313177838
28570,51.82886701636164
28571,42.476932588757876
28572,79.61671795116689
28573,44.87417387661409
28574,44.10151737834606
28575,49.1770535695695
28576,45.925110447555575
28577,56.56532155548892
28578,71.7395794680849
28579,45.181182511907664
28580,51.94950961036591
28581,54.246751922050166
28582,51.7638954657037
28583,42.41529203936282
28584,54.23122456306254
28585,46.30644209634639
28586,44.71984518630007
28587,42.16594282713925
28588,42.29772483712596
28589,57.5670249622014
28590,41.27012614615797
28591,47.3265395615976
28592,45.75405684068838
28593,38.0241897232567
28594,43.50584219040887
28595,54.88507570507832
28596,51.77558176701185
28597,42.053857300406385
28598,42.041811507044734
28599,43.91238728654709
28600,42.99411407406755
28601,47.89702679191348
28602,56.49302712614278
28603,43.33694245251643
28604,48.01424911964351
28605,43.89836910133247
28606,43.63330757093454
28607,44.60895305255814
28608,44.990712540067825
28609,48.14530318955048
28610,49.53467802793662
28611,48.844047030718585
28612,47.87063638770826
28613,48.057668646395285
28614,42.055086625371814
28615,44.995625333423604
28616,44.87245279538263
28617,47.57310415648201
28618,46.02876790940217
28619,49.3328817994941
28620,82.28287870464979
28621,49.310127572020455
28622,44.83346366065718
28623,43.59162607451447
28624,61.38713434930107
28625,50.82084318201343
28626,60.93523874966678
28627,31.111849222187477
28628,61.421150324380804
28629,46.68177590866387
28630,45.75567299598118
28631,44.21425334533042
28632,42.59847998011796
28633,36.253707271609045
28634,44.1165685278954
28635,50.18839541034427
28636,43.714782341837804
28637,48.50949119274353
28638,43.01785403416598
28639,45.03544513231374
28640,41.00185831332105
28641,44.29033333904507
28642,44.30591253727214
28643,36.72657830527756
28644,48.09211560962497
28645,40.77121896515398
28646,45.10184574540055
28647,40.32009064048874
28648,41.304311532502254
28649,79.31469722166744
28650,65.48895507058023
28651,57.23686751125729
28652,76.23916180122282
28653,44.73522454190847
28654,44.64442875313824
28655,47.07689666336649
28656,44.68572083948032
28657,39.097296551335326
28658,63.3973660968051
28659,58.492673454250394
28660,57.26093969089586
28661,41.94689232210869
28662,68.95460071851528
28663,41.63491140979721
28664,35.40348450644862
28665,44.723732460643596
28666,39.66738828298286
28667,41.18578217606205
28668,43.35920316697522
28669,46.1986536308811
28670,46.98469696101724
28671,37.08540172998881
28672,52.9155057230567
28673,40.69082739138654
28674,52.242901801817105
28675,44.13660477162831
28676,42.70489354259938
28677,44.82031052294395
28678,49.36971493303219
28679,46.90244670702072
28680,45.283836823743265
28681,41.40127294630608
28682,37.97392814659219
28683,41.284769048327924
28684,57.186845332036576
28685,46.987922407678944
28686,42.44440238501886
28687,42.86893783250784
28688,48.8464208137416
28689,47.51229575164366
28690,44.37657889198067
28691,41.99739150583699
28692,48.07792349893636
28693,43.8259808018513
28694,43.37736824417034
28695,40.56805396178691
28696,48.514372030658706
28697,46.492584870358
28698,47.56727304966693
28699,47.384103558477676
28700,45.29275203127488
28701,41.36169132196481
28702,49.24952001737234
28703,44.01562837150392
28704,43.384402121138734
28705,45.49779314319673
28706,46.05648033385734
28707,45.359569022769335
28708,45.68715505195642
28709,45.23777750134916
28710,47.94394102820026
28711,44.54852160837177
28712,46.029129176674466
28713,49.26361626967618
28714,63.58023841561133
28715,45.509338773249596
28716,45.40578066249202
28717,39.563286268391785
28718,37.13466456833191
28719,36.83460692238785
28720,39.86641561721286
28721,41.87706594575798
28722,39.17255023218097
28723,50.12399568190085
28724,37.151838824201526
28725,45.210002132788915
28726,36.65639923215894
28727,40.464511724967714
28728,38.149230035450586
28729,40.56004732116429
28730,35.4930888614805
28731,36.391465140869805
28732,40.08384102179155
28733,38.8437813241421
28734,39.88972141274112
28735,42.06285889913434
28736,41.44540197267877
28737,38.619254426280506
28738,37.14924352792714
28739,33.679207602598716
28740,35.15231135562485
28741,39.142363361204545
28742,37.409899825339
28743,37.83480321014586
28744,38.969585002821795
28745,37.80869041966001
28746,38.69492197541469
28747,39.181039140187224
28748,48.472484604219915
28749,40.48922705298618
28750,39.20685343586063
28751,36.58404337656607
28752,43.839181269240036
28753,39.956321807426214
28754,40.531132931593845
28755,37.73231102048642
28756,42.22983437050639
28757,40.863206898398126
28758,40.077579543620594
28759,39.981698140727154
28760,38.32597190354056
28761,40.67500231427642
28762,37.241892002308525
28763,37.08849251126245
28764,39.003453372870155
28765,36.52287262612405
28766,38.41198809225085
28767,42.69481299135172
28768,37.992496088031594
28769,35.2365874191142
28770,38.80976713170434
28771,39.10782380967211
28772,35.67552809537314
28773,39.19659960645216
28774,40.706142854459344
28775,39.83425320455535
28776,41.51575277928803
28777,41.26842217250533
28778,39.45520415461464
28779,42.00147769062095
28780,38.08783469882668
28781,38.591648176931315
28782,37.339018617682896
28783,36.88667703504886
28784,38.31319486081669
28785,35.596177586389935
28786,38.68735116090579
28787,38.29400547160253
28788,41.813735376554185
28789,40.47040028384027
28790,40.77339432552951
28791,37.51815866770416
28792,38.996395967401995
28793,34.89334244203283
28794,47.29176698934809
28795,37.225202314345935
28796,44.309539974071164
28797,44.067786366932616
28798,40.53889389387298
28799,39.41465914081654
28800,42.85249379033665
28801,40.47587611466759
28802,48.899374732079394
28803,50.49160534508354
28804,80.25821351602647
28805,84.99294080169584
28806,55.808601281780334
28807,50.586572601023875
28808,52.192914690492096
28809,58.81888067024275
28810,53.12194516884175
28811,41.198952710120665
28812,55.71773415253094
28813,86.45803525564229
28814,44.72716807874299
28815,59.48948927196132
28816,48.32894691608857
28817,60.94163231911752
28818,54.20306774604669
28819,49.78417562265583
28820,45.6919386965891
28821,44.192287371953014
28822,48.396421514964885
28823,44.25455736207415
28824,39.50940184259577
28825,56.379021021385775
28826,47.66556607402537
28827,61.50008159901556
28828,62.73414921897735
28829,41.99695427328825
28830,46.89747553283099
28831,49.83847945155494
28832,40.38258376015658
28833,48.713101405996866
28834,62.1253138635752
28835,48.425792782161594
28836,38.96764741919221
28837,52.679838271527764
28838,64.94334467025894
28839,56.648431203023115
28840,55.11874706880988
28841,45.95671768427014
28842,55.90733150146358
28843,53.72670268611482
28844,50.84004528532668
28845,44.05814372160652
28846,77.79409661202759
28847,52.85002738534068
28848,53.14604764722214
28849,56.41969758056815
28850,45.41349405603294
28851,44.851747735418726
28852,55.248851957479744
28853,58.4397661643775
28854,80.84886813844749
28855,48.48302393113871
28856,40.757750678720015
28857,42.57870730372483
28858,65.26712086080752
28859,47.45290278073139
28860,74.48537293069865
28861,43.54299274387299
28862,47.86261212783397
28863,57.91617097544187
28864,38.263377774042745
28865,44.645144852200026
28866,46.22828053002833
28867,40.59167427013772
28868,41.97700302269602
28869,42.136071963536885
28870,46.858995609184284
28871,39.48688245609907
28872,42.72988526456721
28873,42.9432023123729
28874,43.05433691554381
28875,45.49755116369928
28876,44.0360537344712
28877,47.738163881983425
28878,44.5350192843495
28879,45.00861125418863
28880,42.14521498321755
28881,49.76077973672919
28882,46.310110710766864
28883,46.53380153189584
28884,47.37056454841912
28885,41.50966826718149
28886,42.19063014681888
28887,45.099223343731786
28888,42.79759732968311
28889,50.36910177746309
28890,50.94622068442329
28891,43.95166381753709
28892,43.720238602077536
28893,44.194905364747065
28894,47.74212572851685
28895,45.62056770201712
28896,48.17909837502808
28897,45.67096035788676
28898,46.8853182907009
28899,44.69222054954849
28900,42.8162343709419
28901,49.74099177538829
28902,40.69171336567857
28903,42.890347730765086
28904,43.7216666749331
28905,50.35578703670888
28906,50.273902206783255
28907,77.26441717478392
28908,45.87719054941495
28909,47.72387273731648
28910,47.15734284688064
28911,45.912636836197166
28912,49.78878747183316
28913,44.12329570392208
28914,44.45555848383824
28915,42.9013989609749
28916,47.14038632591044
28917,47.59211988477732
28918,47.814129043127444
28919,47.380720942190834
28920,44.11822292567689
28921,43.4776243665586
28922,51.87383650526425
28923,45.95129809602541
28924,48.90579903739726
28925,46.537309069496644
28926,49.67038209967282
28927,45.27040995838564
28928,46.38825422023432
28929,44.58496729725331
28930,44.882780169464965
28931,44.82167732951053
28932,45.032436293371624
28933,46.75046228651798
28934,45.85301047646449
28935,44.06334308286829
28936,42.73140961694799
28937,50.74261291347582
28938,41.82358510731887
28939,46.19806680768705
28940,44.92282070736168
28941,47.76804208014494
28942,44.05708032245802
28943,43.720441261280094
28944,44.32985416836523
28945,49.81285493382497
28946,49.58683080549392
28947,44.126101096310244
28948,47.230029751253305
28949,46.511709735262585
28950,46.64313084182654
28951,40.73348438917955
28952,44.20161964248532
28953,44.833619653457085
28954,44.47174878996708
28955,43.24013739980691
28956,44.61093654418887
28957,43.83808718493862
28958,46.18161860776812
28959,46.72685093999205
28960,48.07971879949446
28961,50.196958983881736
28962,41.90232405820947
28963,38.72918692526729
28964,59.33200310120874
28965,42.12247069658406
28966,50.557266534646175
28967,41.15834988062714
28968,53.084256746338745
28969,59.06703095849391
28970,17.89107547651227
28971,41.612367345183095
28972,27.260588586039177
28973,38.60508691174938
28974,34.74204692260634
28975,44.824221536076756
28976,56.53662163547202
28977,60.43988433817639
28978,64.52137223553967
28979,45.32029789450636
28980,54.00663185966789
28981,44.214270995262304
28982,44.85680645612746
28983,37.900502166586804
28984,42.700396980231254
28985,42.76731106171727
28986,43.136812076302064
28987,42.87733552648543
28988,45.50961385896657
28989,44.08492647772936
28990,45.53412228053937
28991,43.53206796129277
28992,45.47043455212635
28993,43.4874870593305
28994,43.78207461349101
28995,41.05507457518577
28996,42.57267327482386
28997,46.95861229928034
28998,42.91035795307653
28999,40.947563601713284
29000,44.51732292965321
29001,41.364527136550215
29002,43.77245069180259
29003,46.68897427277261
29004,42.466895541582765
29005,41.99705801287779
29006,44.13736103003267
29007,44.237465272459296
29008,42.55612475265625
29009,41.34580290894385
29010,44.68298854665512
29011,42.922615141732265
29012,44.374899414570834
29013,42.40221605677906
29014,41.97902010264908
29015,44.570884343730796
29016,43.44554391475345
29017,43.4918816614655
29018,40.92701040824986
29019,44.15114861863111
29020,45.94686987866391
29021,42.56281135926387
29022,53.912619739220744
29023,42.10777022861215
29024,44.18294177950628
29025,47.906948307956114
29026,54.6585600233953
29027,43.130351163151325
29028,42.099135451616654
29029,47.915181950399656
29030,41.084638219781745
29031,46.66847345454602
29032,39.52522382099557
29033,36.066890333651855
29034,43.13248081425148
29035,42.05061373339414
29036,41.160085673621886
29037,40.70860118930685
29038,37.18325805350495
29039,40.1799313698533
29040,39.903801420094084
29041,35.3212480388151
29042,35.49415572346136
29043,38.69705834480249
29044,36.906699193719795
29045,39.909014624025325
29046,34.47177031129804
29047,40.124399196876574
29048,34.42311931773439
29049,36.36118164421165
29050,33.71836485007138
29051,40.622245702526385
29052,40.573452187287536
29053,39.18435410695008
29054,32.786619460084374
29055,35.96318905680465
29056,41.7693570504353
29057,35.57494076930644
29058,37.99171654534359
29059,35.167988456923894
29060,35.213023414342686
29061,45.21661747680568
29062,40.90248392724755
29063,31.50137838670084
29064,44.44157466653637
29065,35.765058590009346
29066,45.41159877576632
29067,37.82200371632595
29068,35.93659710967158
29069,33.433189305112016
29070,34.64506058566694
29071,32.96826102335517
29072,33.14264769763889
29073,33.89806276527513
29074,41.77812207682433
29075,24.34247589726471
29076,25.44941153326022
29077,35.44409660005131
29078,37.99092825936386
29079,33.24563471613552
29080,31.858193313913947
29081,40.62891091547559
29082,34.03749650226737
29083,33.65896899528519
29084,34.80710487188311
29085,35.254406976542974
29086,34.58112926004975
29087,32.37369555951466
29088,35.1700706794955
29089,36.809105647774324
29090,34.61130907202217
29091,34.481282502002024
29092,33.82160532077171
29093,43.805823614951265
29094,35.91424753269331
29095,39.855603337238016
29096,37.95573430098907
29097,39.58163313113862
29098,34.165715294994484
29099,32.685634594035946
29100,35.793252760158126
29101,35.35073810332831
29102,38.91199453194387
29103,32.33862140662257
29104,32.56798621273566
29105,32.52107933163246
29106,40.55297495968745
29107,39.620582827803446
29108,31.274983694166984
29109,40.182012359528784
29110,34.90275962359925
29111,38.62243350016987
29112,40.99288076796843
29113,41.18787082906067
29114,46.184460416919684
29115,37.47576549593695
29116,34.24770920517914
29117,33.087810337923614
29118,42.441817255766175
29119,32.24913290051538
29120,34.94742055281959
29121,35.13096318677696
29122,31.308936921021274
29123,36.84947586732857
29124,44.119694795239624
29125,33.096779153590674
29126,44.344680884736796
29127,42.6412122766545
29128,40.96052715889654
29129,40.572846390182086
29130,46.059793676016305
29131,45.28899739096052
29132,53.88108216424377
29133,46.867665804923504
29134,57.49144251397501
29135,43.64109520759946
29136,46.14722460278877
29137,44.83406691074674
29138,54.057319438460546
29139,45.58819774294523
29140,44.043644509008395
29141,51.52288085428835
29142,45.18473128124237
29143,51.5377036516595
29144,82.52558667844514
29145,52.471001336930385
29146,44.455160167944726
29147,47.96800255089547
29148,48.048995805819516
29149,48.29876546810727
29150,42.74693761606504
29151,59.64323227955278
29152,46.409028020437894
29153,45.56726644162134
29154,55.06275172206518
29155,46.91574018382882
29156,46.43104000297301
29157,46.223577920871776
29158,43.650931964387496
29159,49.86595313414786
29160,49.068090307451506
29161,43.89594321291241
29162,46.41141091477102
29163,44.180683976505016
29164,61.37741345912839
29165,58.50513807989252
29166,53.17830764652247
29167,46.121538503887436
29168,53.618737357399155
29169,46.575642567720706
29170,45.19751726199024
29171,46.92121099600533
29172,46.59955842759502
29173,41.60654513204978
29174,43.17529313274522
29175,40.81830823385278
29176,43.8644128264586
29177,40.18812836504209
29178,41.86701994984099
29179,56.397272715085656
29180,48.0117210286177
29181,44.20944330248645
29182,64.75922954226924
29183,46.4280940507928
29184,41.61669101877081
29185,48.42191831893541
29186,43.8305034263278
29187,44.68152680422196
29188,41.07485513970745
29189,40.35696546631912
29190,46.26350936258337
29191,43.87115857981376
29192,45.70645547037781
29193,44.67166746634632
29194,46.507264711812915
29195,45.47256453218041
29196,39.601536486659185
29197,40.83347635889098
29198,55.7778532901803
29199,37.52583512652966
29200,39.667109283562006
29201,23.551879382182427
29202,42.375208427856165
29203,34.755020578910475
29204,35.6837640330258
29205,34.8838842784148
29206,33.18113995919099
29207,34.569744633046014
29208,45.25449062386503
29209,43.088703419142384
29210,26.91953867001109
29211,44.26576983490526
29212,45.47817684035317
29213,37.0646078302286
29214,29.582291537448583
29215,42.67298197699711
29216,41.347069226947546
29217,33.73326054921884
29218,27.37535313400216
29219,36.71604187432027
29220,35.274205173502885
29221,43.75049849437678
29222,46.86553951713167
29223,44.469374599684784
29224,44.93970986564197
29225,42.330922149156166
29226,43.48773957433577
29227,40.61719402141734
29228,41.98073923390885
29229,44.16653335318055
29230,45.16731796023321
29231,35.90115837392359
29232,44.49725970699368
29233,38.08355702035399
29234,44.63422837485065
29235,46.870083982633034
29236,44.09620597849763
29237,44.218301611991905
29238,40.491004014551976
29239,44.47790674034567
29240,32.89719919293789
29241,40.666598164029146
29242,45.47047776340274
29243,40.99350165050975
29244,31.21956287492825
29245,43.1686175861065
29246,43.71061184067032
29247,43.257892723208904
29248,42.15278562997997
29249,45.458816938910296
29250,47.6016497764561
29251,40.953261385945744
29252,38.00413383550301
29253,42.731504513732354
29254,40.109972069592445
29255,45.86915712397187
29256,42.476593631358824
29257,44.84114347400338
29258,43.90213202774938
29259,41.02401692171821
29260,42.274614532193716
29261,47.992542328892775
29262,42.39855659616424
29263,42.0487320513333
29264,44.35636307153594
29265,52.78217638567035
29266,44.67529974517419
29267,42.58515535602678
29268,46.75554734864555
29269,43.17810502893901
29270,47.64025551645969
29271,45.38872904600963
29272,46.44950827687177
29273,44.954052512681265
29274,54.97820969311235
29275,46.521658606031515
29276,46.635922593557275
29277,44.54663004680434
29278,50.504818555929226
29279,45.4777391185928
29280,43.462009181472126
29281,44.80941611140786
29282,40.98837276011865
29283,44.848594016429686
29284,45.65974922799369
29285,48.9718659453241
29286,47.444257678038696
29287,44.83845340764893
29288,46.639368170256056
29289,46.94828667298246
29290,48.027473686591804
29291,44.959305592325244
29292,43.66393677340194
29293,39.78336274109389
29294,42.26556688476974
29295,47.14877536145158
29296,38.77880168778731
29297,56.62452046603087
29298,41.46994959350574
29299,38.40429588497811
29300,43.97081267385065
29301,41.09297790382637
29302,82.04064559461077
29303,46.99171483491984
29304,42.367380500937706
29305,48.65060961205626
29306,41.77748536344118
29307,59.42316433961797
29308,54.660487995090946
29309,38.13099707217146
29310,65.03027730401337
29311,39.11338095713452
29312,61.172682919697124
29313,70.73910503933892
29314,39.24479424688206
29315,42.30896249200647
29316,41.149553684289565
29317,40.16530071190434
29318,30.720188633482763
29319,43.06858687409167
29320,27.494629095381732
29321,33.932145494650214
29322,39.92369604900447
29323,40.48484691921632
29324,37.406039163235555
29325,36.965332756040986
29326,40.98242693276582
29327,42.99799760043232
29328,39.999676466915126
29329,61.38448606980412
29330,41.24247453601959
29331,37.80076698956793
29332,37.02716574487249
29333,42.18650395583264
29334,66.2603301114853
29335,46.52895645603439
29336,57.48257566453241
29337,37.844892037492066
29338,35.20527314599541
29339,39.04830118075114
29340,29.168621934145072
29341,44.26920936424225
29342,45.099857385607045
29343,39.18359003055985
29344,39.831101203714624
29345,45.65000348864527
29346,41.37929480500673
29347,44.86499690564097
29348,45.530053135496324
29349,42.085719008382526
29350,43.249368045794675
29351,43.233600799844844
29352,46.087692264080594
29353,41.13550535013455
29354,40.66901649200387
29355,41.570683328697456
29356,44.17906967300352
29357,44.763233399645934
29358,43.62159184767678
29359,39.31638580176398
29360,36.42857276938981
29361,39.93901140026607
29362,43.67909486171978
29363,40.346221034595786
29364,39.070956624666806
29365,40.08518006123511
29366,46.078714012677395
29367,40.04932366577524
29368,45.50608660042654
29369,36.61238789983865
29370,39.25110528323029
29371,41.3219094539147
29372,46.59564035940817
29373,47.76325944847564
29374,49.053720848449544
29375,39.3473909666433
29376,40.96314180993261
29377,39.99194982045734
29378,39.3709377729886
29379,41.67484426135484
29380,42.69593494452236
29381,39.02139736512849
29382,40.266095455038965
29383,38.91286822403163
29384,37.519357837069904
29385,35.948073356452596
29386,38.9956011293241
29387,39.73708723424346
29388,39.08514739003857
29389,40.96698811663299
29390,38.41459241764043
29391,38.07805035625694
29392,35.585470795541724
29393,47.097400702627205
29394,40.45286163683858
29395,39.19362737573555
29396,30.161851419205867
29397,39.83450339928331
29398,37.87672491892257
29399,43.11606097661784
29400,45.2781395311103
29401,37.792985370172204
29402,40.02815008928152
29403,38.7450043136648
29404,40.8158637672846
29405,37.4276202669679
29406,37.059534433641545
29407,39.44875756364798
29408,39.33288620511786
29409,39.506087030445144
29410,46.4106233306967
29411,38.720645877309366
29412,39.33594614999569
29413,36.01962944627631
29414,30.890472007456655
29415,38.94628123469352
29416,41.97451018147463
29417,52.09188079272704
29418,44.233181911182534
29419,52.02119449918911
29420,45.209947967919256
29421,48.13984427299544
29422,46.92275903208694
29423,48.7202080141335
29424,54.319115428873204
29425,57.578303433998244
29426,49.99319045009282
29427,44.63462180432503
29428,45.47722534660414
29429,47.089582732759105
29430,43.355862547539424
29431,46.179639202738485
29432,46.22887920417361
29433,46.48416894854565
29434,49.40547844041416
29435,43.8550233000723
29436,50.47344485888388
29437,44.839075607105656
29438,48.06561177941371
29439,51.145054488694946
29440,48.88292087450451
29441,46.47915760239046
29442,49.52664392812132
29443,48.10341607327512
29444,49.95294406661185
29445,45.24438944842914
29446,53.38164874579587
29447,44.97675785851397
29448,46.443666865808424
29449,44.07868148616139
29450,49.58170532860139
29451,45.742978347145254
29452,44.10609883445174
29453,47.14526279440574
29454,45.02314138876758
29455,44.16876241183356
29456,42.42093576809558
29457,45.45407691140997
29458,46.25330540520492
29459,44.25836707574112
29460,49.16630762428756
29461,49.255608374079465
29462,46.12015042136131
29463,47.4141186002758
29464,47.47191593194272
29465,46.08852209385392
29466,49.41979958254606
29467,49.507899616860236
29468,47.839391417772156
29469,45.45004492824418
29470,48.92622109337481
29471,46.698034140911794
29472,45.29106458710895
29473,51.52968248326192
29474,52.67382992620219
29475,60.292010924771354
29476,41.10810479308542
29477,43.23708195854301
29478,42.655591616818235
29479,51.957251434567944
29480,45.96460111107898
29481,44.57413937333385
29482,44.33572749530996
29483,48.29184583471677
29484,47.978455546877
29485,44.85726832496527
29486,45.94110924129478
29487,46.40919550693291
29488,54.92681549390346
29489,51.97413471864412
29490,44.75875728685511
29491,45.76519356338121
29492,48.66133915987044
29493,43.312474514527786
29494,44.97350417734603
29495,52.98558019724707
29496,46.05233396534007
29497,50.398485306543876
29498,57.048919238577206
29499,44.9436730678847
29500,45.29789351124856
29501,46.21259087045835
29502,49.83217898770655
29503,44.65652684402883
29504,42.864017408638325
29505,48.438486656166056
29506,44.73261732733095
29507,28.797814010981533
29508,73.46766413091967
29509,78.00849224159828
29510,38.122398660294586
29511,40.426901705618086
29512,42.57234154367226
29513,38.18663769349727
29514,36.609746103672286
29515,80.58238931806639
29516,44.443800908128395
29517,37.73619116567923
29518,41.92922334695818
29519,48.28413814395286
29520,37.97233294641261
29521,27.007366143328785
29522,48.144584093169115
29523,48.04741016897958
29524,58.13206122607257
29525,42.68399007052649
29526,38.84921399688253
29527,41.47922595263702
29528,36.538308945668255
29529,36.012454307088376
29530,39.10491854852843
29531,42.72925894152592
29532,37.579627094142566
29533,45.14536406614652
29534,45.12412832471722
29535,45.29786617410419
29536,56.74697603543717
29537,37.38796362316283
29538,38.505206196459156
29539,38.8630143167543
29540,39.80237413230613
29541,41.36385032377388
29542,61.10449241001524
29543,44.14230973127324
29544,46.75932001913399
29545,40.828072195460045
29546,40.76134055176232
29547,45.68810200850444
29548,42.55751903248831
29549,41.770294681796216
29550,38.6576130375642
29551,38.35157718418189
29552,78.26532396066004
29553,39.40650864883452
29554,40.64409782356364
29555,39.32662807339233
29556,35.799354867717426
29557,40.81917899274866
29558,32.14066352339928
29559,39.46405033559941
29560,38.2053227559484
29561,39.670505657367045
29562,36.54016436514327
29563,43.53519705902705
29564,37.03047059531446
29565,36.60107402351916
29566,39.18245620082294
29567,45.742817404982354
29568,40.200849935681774
29569,38.71031380484679
29570,36.58503115882896
29571,41.05394455369615
29572,40.42069075767344
29573,36.562586790190636
29574,38.765149437560524
29575,40.113899629735755
29576,39.08047385023338
29577,37.891497384769856
29578,44.52192520668366
29579,38.74836620638555
29580,39.79943350090152
29581,44.6752044180516
29582,37.532951964470314
29583,35.41531380853837
29584,38.579410601562955
29585,36.73686386078297
29586,39.63516537924621
29587,27.078346144116402
29588,39.30942473228865
29589,39.42461505424542
29590,39.10382739921252
29591,38.759646980256335
29592,36.50179266942557
29593,47.55516510024539
29594,40.64828889928866
29595,39.582713511305926
29596,40.16963816409462
29597,34.904843061164314
29598,43.79849530052882
29599,42.44232753574405
29600,34.265229221443334
29601,39.526328890401274
29602,37.33235817077307
29603,27.981376660591522
29604,45.92903187192471
29605,45.25156649318409
29606,54.47263520681739
29607,58.81888067024275
29608,61.40118829255897
29609,58.48055583899496
29610,60.93523874966678
29611,63.3973660968051
29612,42.75227410336386
29613,80.25821351602647
29614,51.69978294052454
29615,47.53718103730396
29616,28.724026686176696
29617,42.858196436685446
29618,41.57495903278229
29619,50.409821956542565
29620,64.36339931122481
29621,43.813222501336426
29622,62.16079900750904
29623,60.50815524059654
29624,44.91569374826638
29625,47.76022389701911
29626,44.77108859863202
29627,53.06983313209173
29628,50.52668034615725
29629,55.73633862871007
29630,48.20987006540796
29631,76.34270755932184
29632,63.01874979863523
29633,53.69254769565504
29634,44.85662520338161
29635,59.48948927196132
29636,51.32521637913408
29637,45.27292427279605
29638,47.27891918404455
29639,49.006610716383015
29640,48.77412700179292
29641,76.42617354009211
29642,77.79409661202759
29643,43.56861695973128
29644,50.148945341044225
29645,83.45261301252586
29646,47.2809357256649
29647,48.32894691608857
29648,46.46239368563053
29649,82.28287870464979
29650,59.16121174931323
29651,76.18040297419215
29652,50.56962924847041
29653,43.239703559440926
29654,49.49230584001091
29655,45.172774329380616
29656,47.83802668413658
29657,39.66652576630661
29658,48.748756900205315
29659,43.38833671597313
29660,48.09019637341863
29661,40.89986839010805
29662,44.935444452853126
29663,45.36947520297692
29664,43.41563579931483
29665,49.122751645424145
29666,58.209621988357
29667,59.076099318785936
29668,53.30106420263418
29669,59.74686526846993
29670,61.35015475098389
29671,56.307863228795426
29672,51.07099093354597
29673,50.77141624699075
29674,71.12129502302294
29675,57.08578984947053
29676,59.42831554829468
29677,65.86952921114323
29678,67.67170346471927
29679,60.705365156057915
29680,55.150019085950866
29681,64.50475720016166
29682,60.79505681633983
29683,65.1032110980152
29684,62.82993247908024
29685,58.641407836269416
29686,48.51948891222426
29687,60.32336720311831
29688,67.44171370587563
29689,63.32882179950995
29690,59.61962726915885
29691,53.44209378009485
29692,55.46392719270234
29693,64.41036279844465
29694,52.79878358445375
29695,39.46040447912185
29696,46.93296524046946
29697,51.71524922560524
29698,65.9963563992401
29699,47.775473579257216
29700,48.741736484281326
29701,65.21902414866227
29702,48.78073495016237
29703,45.57900079181199
29704,62.656967035977274
29705,47.7681717645127
29706,52.42354087715809
29707,47.38685515152893
29708,50.14630134502331
29709,50.130300173354385
29710,52.51666656064576
29711,51.430866913128
29712,49.44643976255473
29713,48.1038363506966
29714,65.36604856293913
29715,54.84663818182889
29716,54.01074156220116
29717,44.940726137021734
29718,48.0657281768043
29719,47.14749936089369
29720,48.6065696215559
29721,46.862002433745694
29722,47.05608560056561
29723,54.368214089531115
29724,50.77971349490297
29725,54.01262425762092
29726,41.95830309519555
29727,48.117376216230625
29728,44.78301537044269
29729,41.98816141942451
29730,49.66327393117977
29731,47.27910179051929
29732,45.652951813146515
29733,50.0090825734867
29734,48.2495910349101
29735,52.36219962367626
29736,45.93877042637268
29737,40.8602688817991
29738,49.46396841062576
29739,48.132792428903926
29740,46.440483692250496
29741,47.63974764081553
29742,44.78154120021701
29743,44.53016579714905
29744,50.60669512034806
29745,46.494480305236486
29746,48.02112562429359
29747,49.069117870126725
29748,43.345616563255334
29749,42.906727927015616
29750,51.2989536704823
29751,45.876106545595746
29752,47.26083014649328
29753,40.7962804019723
29754,32.40561318451125
29755,50.35397257139489
29756,42.823979073278515
29757,44.7305521601769
29758,51.000749351323
29759,47.18280601648445
29760,46.75237466039682
29761,44.85363672517908
29762,48.97103867537439
29763,46.25858430071853
29764,48.62506274827268
29765,37.52076005363936
29766,47.47099040645229
29767,47.048730791683745
29768,40.62127602238939
29769,40.571191417984906
29770,44.70584862822958
29771,38.73952066715004
29772,40.22676901986575
29773,40.78493392068592
29774,45.754731247847246
29775,76.67436886468369
29776,48.28931073378513
29777,47.850257882707155
29778,52.67170276592455
29779,47.817726325463425
29780,78.89122879383964
29781,47.82372426623327
29782,41.83660341019743
29783,42.378557758280465
29784,48.26633530882282
29785,68.39051680783663
29786,54.94261830324239
29787,36.64187561002755
29788,55.043129440115855
29789,47.34670014585812
29790,61.516000548913595
29791,52.51752734885035
29792,47.066621923809095
29793,49.7364633634846
29794,59.792396479474924
29795,70.43571339859892
29796,56.31327927950632
29797,49.59808175832207
29798,82.05122123248191
29799,46.15363771907591
29800,46.545776607535245
29801,42.85830366873363
29802,49.00502044114012
29803,52.12534960586194
29804,49.3982256372247
29805,46.49339818034655
29806,49.94159047548341
29807,57.51969976654025
29808,46.59737129335757
29809,48.08914554419358
29810,43.126163572433995
29811,47.85641393131374
29812,47.49020467454538
29813,46.853289471645965
29814,47.64693818689609
29815,50.88494653684596
29816,46.761326281209726
29817,45.310907045883965
29818,44.93624192319067
29819,58.911599233400416
29820,45.605508044606964
29821,50.57585776847896
29822,44.82616103007274
29823,58.61928714313223
29824,58.0650572398479
29825,48.928145746388935
29826,49.06628137532539
29827,40.945213147124555
29828,37.12233481832724
29829,55.96444408271995
29830,50.88342780445183
29831,58.73592164933061
29832,45.551399584682976
29833,46.37861134763298
29834,51.46106082698688
29835,48.92670119949232
29836,47.13145095634899
29837,45.335141152845814
29838,48.09091934861529
29839,48.495996549362594
29840,44.513068630395715
29841,42.422681297954085
29842,46.1822193718936
29843,45.32996425115075
29844,46.8876231271276
29845,43.833379354482595
29846,49.30687979613244
29847,46.527056682750704
29848,46.2486116072978
29849,47.107884367449465
29850,45.25453673003607
29851,45.15303171149782
29852,39.802425701809554
29853,46.532045865358064
29854,43.08306499804377
29855,43.30136101273482
29856,47.69905495747037
29857,41.90572570233313
29858,44.927849463785066
29859,43.923725460291074
29860,40.58805859832789
29861,40.51430648761514
29862,43.04353441789794
29863,40.51692891141828
29864,30.412171252566523
29865,42.27250239269756
29866,42.09887817456425
29867,43.44805996394259
29868,41.010952166329055
29869,36.52283039937825
29870,44.32512226404967
29871,41.608718499233895
29872,41.41041360384162
29873,40.010251875410184
29874,43.1069529573397
29875,38.681242738002105
29876,49.65567804485341
29877,48.26562263199035
29878,38.83148978966228
29879,44.428497927462516
29880,48.12944836658499
29881,41.56470218734301
29882,46.19006300766331
29883,43.85738656351964
29884,29.582291537448583
29885,47.78237949732142
29886,38.454412084750714
29887,46.05535258249532
29888,29.35366685194562
29889,38.743709606048384
29890,45.22773129845111
29891,42.54992283666283
29892,46.224892601399944
29893,48.206187568974535
29894,44.37948242513517
29895,42.93779668557002
29896,47.48267236312297
29897,30.985855785739055
29898,33.837729902248434
29899,32.16054499995893
29900,44.379264224986066
29901,44.6846320050884
29902,40.92962009425605
29903,30.347987190209754
29904,46.42546283744479
29905,45.82585399493414
29906,42.293129870181005
29907,47.66414746379348
29908,45.95777355861824
29909,40.78151927984349
29910,43.455409396414424
29911,37.43137383624142
29912,44.77873834225951
29913,46.7413100617944
29914,34.21095403405823
29915,33.74409187202344
29916,35.74197470305626
29917,44.4739699816716
29918,34.16190614011055
29919,46.08307968176525
29920,42.928050169889644
29921,43.218977705362605
29922,44.64485297545754
29923,48.862140805102136
29924,41.584509010889505
29925,30.9335603476733
29926,47.14333480090408
29927,30.19672258712766
29928,47.1751378967438
29929,47.1907131389065
29930,45.166644637776585
29931,46.6026769264254
29932,48.62580320721372
29933,45.640422103852025
29934,40.43229483808738
29935,43.569989545811836
29936,44.77504161079582
29937,43.392117087017894
29938,41.562188265545835
29939,45.2637836748882
29940,49.18878042436343
29941,81.86907479795903
29942,44.82595523864077
29943,56.01338740178899
29944,43.24638799302133
29945,52.95927338873414
29946,46.635922593557275
29947,60.63457209362848
29948,42.770040938438505
29949,47.52124133835278
29950,55.11874706880988
29951,42.73845067766912
29952,53.52028242053411
29953,43.60282486715039
29954,44.79695195290619
29955,46.97781782987993
29956,57.996991345750146
29957,82.25814273019253
29958,42.69271053875097
29959,47.6879524771453
29960,49.68387358843175
29961,45.681238490156474
29962,59.83495968898127
29963,40.326567758327606
29964,47.827427220317155
29965,46.81287536155088
29966,42.523806279734934
29967,46.7430688620532
29968,42.00598385275159
29969,45.059425046759046
29970,44.279851567946416
29971,49.17438642292528
29972,44.89418228307908
29973,39.81017104275123
29974,48.549224303894384
29975,46.0515492642401
29976,61.86188318612236
29977,43.40357401043103
29978,46.92263275338114
29979,42.449766966893975
29980,61.38713434930107
29981,45.23998170720314
29982,45.17199480632522
29983,43.80792821822521
29984,50.10367955151138
29985,62.12869868361072
29986,43.4581604991243
29987,47.15906904688384
29988,59.27491428095184
29989,58.7369215764737
29990,65.25117700368006
29991,43.41745511023572
29992,47.57310415648201
29993,56.87583497712318
29994,45.118269105769876
29995,56.78185412910897
29996,46.89643745283823
29997,39.94409773639739
29998,40.9093649540817
29999,45.92684721108756
30000,59.53260926208413
30001,56.03726580220847
30002,40.27950491316344
30003,48.20707532694266
30004,30.319963412755747
30005,43.42535284357067
30006,37.80989123923737
30007,75.80331021595472
30008,32.900326619891395
30009,48.82083684105438
30010,31.156321277758714
30011,40.526790401736065
30012,68.21364247347731
30013,50.49738166555827
30014,46.86378753778113
30015,32.06189502179567
30016,42.84167959729291
30017,39.086625546247944
30018,46.00464219562208
30019,43.46453820394795
30020,44.001479882259
30021,44.473896974718656
30022,43.22447828792338
30023,35.731432728457165
30024,47.88057981275956
30025,48.85484378776797
30026,41.20350050747112
30027,47.537343907947864
30028,57.39362355691448
30029,46.18638940552489
30030,48.13262363734949
30031,45.77150669392466
30032,42.46735565519012
30033,62.42113558926654
30034,48.34927153671193
30035,46.95254093758852
30036,34.9478083427982
30037,31.94446423811341
30038,46.4831076007656
30039,46.03690547431829
30040,44.20396506886205
30041,63.76688930855296
30042,51.086484130764454
30043,47.49872430330076
30044,45.7643185405791
30045,49.69115088521975
30046,46.89393871685052
30047,43.248980865546685
30048,49.99388246685463
30049,44.4806899190543
30050,50.91592637817693
30051,56.330752496607644
30052,48.954004612724944
30053,45.049199801593495
30054,54.33989341685062
30055,45.075009559584984
30056,43.03729246946701
30057,56.092777932247486
30058,42.02047060469238
30059,35.30431800370423
30060,49.6000440219267
30061,43.23516684395908
30062,75.59806578090787
30063,59.18734455672393
30064,43.82649699789348
30065,43.038183316787595
30066,43.961590807749225
30067,40.56619325672137
30068,43.3007023290193
30069,25.036694928035967
30070,45.88704156006234
30071,45.60833543521773
30072,75.31001369570653
30073,65.37427665577943
30074,40.22805369845593
30075,75.86440130376391
30076,48.70646163690946
30077,46.51603796557181
30078,40.49300144132411
30079,43.255702434436344
30080,40.62458875916488
30081,43.96042627734482
30082,43.11951371389573
30083,45.494664261520406
30084,42.11472909555944
30085,41.63180157757392
30086,41.793763664731436
30087,40.9967572405898
30088,30.87949629407032
30089,40.639906313676015
30090,57.03976627784145
30091,48.44645662982403
30092,58.50050952203558
30093,41.032596306061535
30094,43.21023280134992
30095,68.42500209101235
30096,49.819878452367966
30097,44.48001293971207
30098,47.51551363974426
30099,38.11288012790422
30100,39.59039875899274
30101,38.59038158156176
30102,43.003266582356524
30103,44.12382232117778
30104,46.12933537189891
30105,42.33975602502391
30106,39.26976360634157
30107,44.50321008310293
30108,24.99991273216314
30109,43.352558455794714
30110,40.99709056035722
30111,44.413093737111396
30112,44.47791083779922
30113,42.62853178312104
30114,48.13258079724942
30115,31.659171355097712
30116,41.65795513616993
30117,47.98073745738547
30118,42.45623385567961
30119,44.495484155220716
30120,57.77315615665932
30121,58.604419634351
30122,28.86293468283023
30123,43.56103822380773
30124,37.66463034432594
30125,39.209800770125554
30126,36.89212799360887
30127,38.676889994108336
30128,50.4721335943048
30129,28.198646543709852
30130,44.23588240463942
30131,45.81023078288676
30132,39.54037866554331
30133,47.22348073430586
30134,41.955849456862104
30135,44.1997499866064
30136,38.95008031661484
30137,45.89177132176795
30138,43.48237200952775
30139,37.02996584942634
30140,45.20039638139461
30141,37.47495124207718
30142,42.42689991794056
30143,46.564085814431344
30144,44.160261092338196
30145,43.6352947509551
30146,36.31966137582354
30147,38.336130269954324
30148,45.08624869093332
30149,43.65476113679329
30150,42.112491661787885
30151,42.20452426623002
30152,42.29824689976941
30153,37.879164732668414
30154,47.046348755505534
30155,34.50795492778528
30156,42.94207105077249
30157,46.74723509586866
30158,46.923037146525424
30159,43.818166471424995
30160,40.90724786130235
30161,25.998593610309822
30162,26.491006874690118
30163,27.240466556521362
30164,49.646309373424096
30165,24.02869534325137
30166,38.66082961367847
30167,51.32387806414673
30168,43.94532124873086
30169,49.45270584060504
30170,43.638125765423794
30171,48.10840278500363
30172,42.83184813307182
30173,41.99784197602531
30174,45.51671523277308
30175,46.90750833680077
30176,44.90238417093395
30177,45.64212685335607
30178,45.69953357215365
30179,50.82473625103234
30180,27.552404874257157
30181,45.294305114586514
30182,47.60943962909441
30183,41.24688174349805
30184,49.89150019484641
30185,39.2145375875056
30186,46.01620200957952
30187,39.20699055012737
30188,43.516326102235915
30189,59.09324377261776
30190,28.272763450130512
30191,47.634889157645134
30192,44.22023494422701
30193,37.15382071405561
30194,49.02991597916482
30195,47.427033060464055
30196,67.54284062444707
30197,87.02387595248281
30198,81.372904763994
30199,83.81014552864914
30200,39.91314924738501
30201,82.84294761498018
30202,75.356415992771
30203,87.46415752458194
30204,87.78614486409089
30205,46.39933215308893
30206,69.11630712104073
30207,84.97785206022468
30208,22.423342164588032
30209,83.12983301671994
30210,88.30593356470378
30211,26.372616172532272
30212,78.34289607122702
30213,32.32371941564075
30214,65.77382767827504
30215,82.36728217626003
30216,77.05384654603941
30217,42.722175664987496
30218,88.83171781091042
30219,84.86620585286721
30220,31.358238833499616
30221,85.65764363272771
30222,56.928958375882445
30223,88.59608317276744
30224,42.83282999757327
30225,77.38892389513433
30226,83.51447563430507
30227,72.81896146182598
30228,31.611132100889304
30229,89.91560946022149
30230,30.862724664017712
30231,79.46006275912731
30232,77.45017639032373
30233,24.898146004521504
30234,83.62479308363586
30235,69.1230490004648
30236,41.92113808409373
30237,85.52847709203576
30238,56.12490214963165
30239,70.50566644527741
30240,31.166321636843094
30241,82.51774471196694
30242,66.7080850739462
30243,31.92684322054268
30244,85.51764942877969
30245,88.54222188423427
30246,47.04670661469148
30247,83.44336011134952
30248,85.50044080934637
30249,25.564613826837608
30250,83.22015821124313
30251,25.70618120690286
30252,70.57090241654208
30253,88.96150326091632
30254,30.98967770373359
30255,83.45420933136131
30256,74.08691834451362
30257,30.987281776072734
30258,75.60244617437604
30259,73.38525685042276
30260,26.530961378237034
30261,87.09255390458685
30262,85.65764194591283
30263,34.38100681648291
30264,77.57644360195258
30265,74.32221129865529
30266,22.530124016310914
30267,60.01097084788639
30268,88.92097806953757
30269,29.330051639231357
30270,86.4233341261091
30271,38.31909607778544
30272,29.57990960372922
30273,70.59586071479625
30274,68.91753767951442
30275,46.2381799536484
30276,55.552966475781936
30277,61.73458636768065
30278,31.577557133614846
30279,65.06703919234403
30280,31.874544248942456
30281,55.96906904606421
30282,74.74535527522895
30283,31.242090169839607
30284,62.64909241866997
30285,62.1486619320204
30286,33.554289777135565
30287,57.998136817395476
30288,76.7863582592405
30289,45.24843406506578
30290,51.865680888416485
30291,66.64563637647898
30292,69.94285986246277
30293,31.419892468899235
30294,47.36008241909825
30295,54.95177866851992
30296,45.415983980172264
30297,75.6332416539934
30298,62.297846971236154
30299,51.34134494350472
30300,80.20142859604238
30301,48.42949985056335
30302,50.32125672011086
30303,49.10380435830834
30304,49.80436575104553
30305,51.71495170223086
30306,45.332849941839974
30307,88.66053357590316
30308,80.1668107876301
30309,45.7782289439784
30310,62.396830107506275
30311,48.045324765690786
30312,41.85640651907265
30313,88.29946775949611
30314,49.5921236370766
30315,41.77334999786511
30316,40.6349787551172
30317,44.097807358425975
30318,51.31268693785195
30319,40.56615640574783
30320,49.16455420572108
30321,59.67944995949846
30322,84.59610489971361
30323,61.38115759703987
30324,43.451891089836224
30325,42.50261025944661
30326,47.54132035856744
30327,44.57313766769042
30328,42.057904547257905
30329,49.867372686381586
30330,51.97429282141157
30331,54.29335570988552
30332,48.335372230275816
30333,47.16058858372895
30334,48.14718448964474
30335,42.48272077335885
30336,60.153402717324646
30337,71.29980157555839
30338,46.58464501449898
30339,47.01289449959187
30340,39.86188800055326
30341,40.979301405635084
30342,42.91143400592219
30343,45.69213251628054
30344,53.112709091728476
30345,48.00111867777891
30346,42.50940218241943
30347,42.041190583735975
30348,46.033554517627756
30349,47.76988296619795
30350,47.77167916521932
30351,55.09921721612012
30352,45.92015573848301
30353,44.89751683340846
30354,46.9044614408265
30355,46.37036027080508
30356,47.31798652374894
30357,48.118390467322136
30358,43.679472420457444
30359,46.69358309589386
30360,45.76602534001793
30361,47.4558667430827
30362,46.68941554393963
30363,72.6100138569357
30364,82.98544390205787
30365,48.245789208931065
30366,57.63433527366507
30367,45.66105492532921
30368,43.927070898582755
30369,78.60568353539912
30370,45.5337153175939
30371,88.62266474170897
30372,44.58905567541284
30373,45.90339802065284
30374,43.80096590563609
30375,46.883559885770424
30376,41.53475421057599
30377,40.84657741593708
30378,80.1391175783968
30379,46.38308699728611
30380,47.65569335176325
30381,38.20349111409318
30382,42.07762834216756
30383,48.07410573016671
30384,46.81550569275784
30385,48.845555003757276
30386,82.20221565164896
30387,80.91377240759735
30388,84.19306972244402
30389,60.065763221452855
30390,45.36151274604532
30391,40.59783308703103
30392,64.12876717222461
30393,84.33098723061681
30394,51.57388287834433
30395,77.25496768172266
30396,70.4706357576778
30397,47.21377119593859
30398,65.63193236329585
30399,86.52885450101888
30400,46.050289059514355
30401,47.13295296992039
30402,59.90400345116083
30403,49.85624834192748
30404,37.57854975750427
30405,40.24265373331881
30406,65.0309755538018
30407,74.66095344821315
30408,54.641973684054506
30409,37.87501401399143
30410,54.84656487308909
30411,42.36681872588901
30412,65.12363582675552
30413,58.191408659165305
30414,84.25593752316081
30415,37.39567392482528
30416,37.20969801239261
30417,56.02066980708095
30418,66.78138454871433
30419,58.405496361859186
30420,39.990172970672546
30421,53.70321829174027
30422,50.92722309964878
30423,82.06350425008108
30424,61.65550110886481
30425,45.16714878670475
30426,60.14220079820628
30427,54.363686497865146
30428,86.81871860505385
30429,46.48502910695882
30430,42.65677309556533
30431,44.82607312752581
30432,58.56354472868905
30433,38.15547829820307
30434,38.54353452198681
30435,38.646044148262376
30436,41.88687143065995
30437,59.93205647140055
30438,65.28420867219708
30439,71.83341710399313
30440,54.96924863869424
30441,55.82969082514807
30442,59.45772648737844
30443,41.3404010754536
30444,76.2381205872688
30445,39.7236525404547
30446,55.571459047365444
30447,42.19614875784836
30448,59.37833974338062
30449,62.09192699365772
30450,41.25251652432186
30451,41.14437274183862
30452,73.30853525628346
30453,58.73728404124984
30454,44.77551875012044
30455,35.417905731445266
30456,62.817147622528225
30457,48.772333656862365
30458,39.22652435516509
30459,35.44319635501817
30460,59.05127350768558
30461,62.09365539494074
30462,46.367589419805725
30463,55.62725103964946
30464,58.48956025130937
30465,46.38287961553153
30466,72.44570235952804
30467,58.723958647472664
30468,73.16411341417893
30469,35.16206059108893
30470,49.16914222545153
30471,49.414949920869255
30472,40.85539393623184
30473,44.29750498321853
30474,51.847395963323606
30475,38.16157584209737
30476,38.447399089924154
30477,45.82030007856864
30478,46.1155302411102
30479,46.43435763509198
30480,38.92942817639824
30481,38.6081323298359
30482,39.90529461010237
30483,48.09900353153962
30484,58.4766935016982
30485,40.32280420874787
30486,49.111473617017694
30487,45.1709263169317
30488,38.11020642871695
30489,42.42015204001699
30490,39.61079039331343
30491,38.08608156172402
30492,39.80318431501049
30493,41.5280898265275
30494,44.64170199685265
30495,51.9712136598345
30496,38.03113006912173
30497,42.697996327763626
30498,43.83406263047611
30499,46.74332557929097
30500,45.15917886738639
30501,57.65779430804724
30502,43.86655835707788
30503,40.71561686989552
30504,46.41523009115715
30505,51.149942958097995
30506,45.32809764989277
30507,58.159347846013475
30508,44.794650915036726
30509,60.0994154064008
30510,47.89401420166955
30511,44.964324687924474
30512,44.58196716342617
30513,44.49356914043833
30514,48.14784433893508
30515,46.73057923090946
30516,43.09132133960228
30517,47.14221514842325
30518,44.45848858860424
30519,44.636981048449655
30520,42.58505373416663
30521,64.00349494348718
30522,57.09594844576542
30523,47.18914547841989
30524,48.58961243781512
30525,48.77442086900973
30526,44.44702313041287
30527,33.50351989286604
30528,44.16016146560609
30529,45.761409034123815
30530,67.26932056848078
30531,54.64994851502446
30532,46.93396502240369
30533,53.560015460617535
30534,48.08082380222307
30535,50.97628365714153
30536,48.13187164571985
30537,50.44605580656891
30538,47.501900610578566
30539,65.91759944517015
30540,48.61620861350874
30541,54.4987191697234
30542,49.018820770834246
30543,46.397604915813375
30544,49.50513791880746
30545,48.78896465425503
30546,52.871927867168985
30547,54.58615608592862
30548,41.90592686543302
30549,47.62390096981672
30550,43.778990065881224
30551,47.30045339909829
30552,44.894338794627004
30553,47.38922979915434
30554,45.380423158771954
30555,45.693302220975404
30556,45.99943337436946
30557,44.45269788207973
30558,45.92920653531341
30559,45.603940644204215
30560,47.953083364196594
30561,45.271353850819196
30562,50.911491809624216
30563,40.8432266609267
30564,45.15824050156053
30565,51.13459144678888
30566,42.110521344599185
30567,44.312584275458356
30568,44.3623608762986
30569,43.34640213676853
30570,40.57944137333585
30571,47.38554193358632
30572,61.89684936684952
30573,44.9824015556541
30574,44.81264899463066
30575,43.77199808968973
30576,41.327452604095065
30577,44.53099032840611
30578,50.97056215215295
30579,43.892984513625905
30580,41.78039046404388
30581,50.4425354483114
30582,40.384138074423376
30583,42.47864098486822
30584,45.765095758803405
30585,47.50685166849962
30586,48.18067241821366
30587,39.185237765722505
30588,48.35820143537299
30589,38.061864922040826
30590,41.213844504490524
30591,62.5463606262378
30592,39.65337145946479
30593,40.76379448895871
30594,40.538973315612225
30595,42.1421348192339
30596,42.52040152580885
30597,42.84045993318934
30598,42.99557333389569
30599,46.6525395631723
30600,41.12216521856269
30601,39.24425401625736
30602,42.26207567586304
30603,42.319889366526446
30604,40.012037565453355
30605,42.69746535298935
30606,49.982977093064186
30607,44.111528522720214
30608,40.7328016562793
30609,45.941478217698275
30610,42.56733066627432
30611,72.09432499839866
30612,40.59292093208788
30613,41.55456925754336
30614,44.24309422550697
30615,42.43355014366654
30616,42.35151617044138
30617,50.90820776738541
30618,42.17994294214527
30619,40.24729562307971
30620,60.99633103974284
30621,58.42106648304614
30622,57.15856133037863
30623,58.606387997156666
30624,58.952155153585295
30625,56.148331253641636
30626,59.03697889222201
30627,44.24469766084359
30628,61.47762426131418
30629,86.03106694016918
30630,60.268331946567145
30631,45.39220808328992
30632,49.95935493434902
30633,40.17356547552072
30634,39.28353588092385
30635,40.3477270635457
30636,60.3528619526976
30637,77.1869086885111
30638,60.43657107238208
30639,46.0727557779534
30640,47.40066677205478
30641,60.71120947340523
30642,48.97509462795297
30643,57.958497466519006
30644,65.54548104345042
30645,47.28374220262061
30646,61.172682919697124
30647,28.62709752920677
30648,71.65575201544604
30649,61.79096010725281
30650,56.54861315391756
30651,50.411201716526286
30652,45.38128784727408
30653,51.63276526988107
30654,48.01389215364181
30655,61.75315422508015
30656,62.03074684393958
30657,73.02239034973672
30658,37.02778434451527
30659,76.4164163568081
30660,44.40358602453809
30661,59.35145251037824
30662,50.109954124415594
30663,46.963928924679024
30664,50.35643231257603
30665,62.14301815642649
30666,49.95808920378823
30667,59.62378029044739
30668,72.61707399674557
30669,58.86075964865084
30670,61.493045957470954
30671,48.1540119091762
30672,77.86244368248967
30673,71.7900633238759
30674,59.62044615835338
30675,62.6832678426756
30676,61.82180892206724
30677,56.88048145287005
30678,66.2603301114853
30679,60.28966247118556
30680,62.55526344771417
30681,74.08436997957682
30682,77.08574239264895
30683,58.45063262768753
30684,43.46361849591972
30685,60.363908542587396
30686,58.498290738623226
30687,57.69842775288012
30688,47.76314576344648
30689,47.172722395960406
30690,52.36378564724453
30691,58.98055948994619
30692,42.0799963115048
30693,56.257829318521914
30694,59.65697141015768
30695,55.103231773219484
30696,59.77583111947938
30697,61.18366731209323
30698,49.28423179629252
30699,62.08989650413494
30700,62.55414378642389
30701,43.00576610577588
30702,45.12722620144404
30703,41.94773808161834
30704,56.34561088621291
30705,48.475047756670065
30706,47.46562496194088
30707,59.410132760952266
30708,57.24095991062016
30709,58.61605597474009
30710,50.70994136915225
30711,51.34050449581903
30712,59.03776906373545
30713,59.090238821886516
30714,45.918745971134214
30715,60.572070106869134
30716,23.56358169367959
30717,40.74559867948171
30718,39.46684616473486
30719,31.068660524094525
30720,44.632789437146535
30721,44.51340986263163
30722,46.00617115943106
30723,54.05510063614541
30724,49.85758067588769
30725,47.28305800173187
30726,38.80708789701167
30727,40.40850122416778
30728,70.60925164198513
30729,57.86979924208147
30730,60.293752531764696
30731,43.279015509172815
30732,45.831918501162384
30733,44.28724090795073
30734,60.18224524962016
30735,47.05287132052159
30736,71.64056682622186
30737,46.539655328336806
30738,47.75121879170729
30739,45.10010875575198
30740,47.71495231259608
30741,47.36750754317294
30742,50.67081123465733
30743,42.12536532240158
30744,49.73904823560353
30745,49.708779569057675
30746,52.2203679704895
30747,43.98389908024104
30748,52.41504073193122
30749,58.63053561277791
30750,43.509060315745685
30751,50.447411806900135
30752,39.562380448013315
30753,45.98640053007458
30754,41.10455836496698
30755,40.00671546473752
30756,41.79868671249485
30757,44.06283269792682
30758,48.65060961205626
30759,59.292202248701834
30760,49.93430334327904
30761,53.26043474457597
30762,38.0152513198162
30763,42.51989756339653
30764,44.962832022953
30765,44.4065050008338
30766,47.286711664981766
30767,51.37518312653712
30768,52.20987924492224
30769,40.9752014214624
30770,42.09281304250661
30771,30.255549527000944
30772,51.55511068255175
30773,38.346986507853494
30774,47.475723668878025
30775,41.45376584834834
30776,49.29793689625445
30777,76.70504590070084
30778,48.49948063584957
30779,57.62746198683416
30780,48.48982281600159
30781,32.00004931174578
30782,46.39732944874489
30783,44.9283076421895
30784,55.84888156685294
30785,38.74328452632732
30786,54.67445385573478
30787,48.5847626320268
30788,54.443087311104826
30789,44.55123325612024
30790,63.65007376086335
30791,63.25430500450231
30792,64.82746320424613
30793,49.37723778527388
30794,65.45237066420414
30795,45.29960197577135
30796,48.74010627922502
30797,46.30360847069954
30798,44.89887316045333
30799,45.515671999662
30800,36.45033721779658
30801,44.697353031416306
30802,47.70737242995087
30803,47.659910719232364
30804,27.359878669472735
30805,23.587112827578018
30806,37.85493219332323
30807,44.22124411674556
30808,37.558408684485116
30809,44.358785821774624
30810,40.92139519063227
30811,46.143917427654266
30812,41.404535061562946
30813,43.9600045006874
30814,45.69089657131169
30815,40.850252994367004
30816,42.13275500341686
30817,47.768671976148035
30818,38.811294394506426
30819,45.04069916951849
30820,33.02393466362274
30821,44.2458309289986
30822,42.043002157020645
30823,45.21962267941028
30824,47.012130633293864
30825,43.20303415373481
30826,61.57481691479943
30827,44.10651170042873
30828,45.66838254924549
30829,34.54639447467283
30830,46.49497172136685
30831,39.787895404563656
30832,39.5586923343882
30833,43.55194857159293
30834,40.63766580517145
30835,48.80907938208178
30836,44.09117918156071
30837,45.97362728006493
30838,38.31809584820978
30839,38.824022479063025
30840,42.925042250825975
30841,44.963554441581906
30842,43.09183443036827
30843,37.68792831218216
30844,74.806496398354
30845,49.321941094991956
30846,36.32624376079778
30847,83.8609296026697
30848,44.599473394530506
30849,48.36635959321609
30850,50.46376132643476
30851,46.51308437633105
30852,30.01916552880248
30853,44.22283904880851
30854,48.695766982184274
30855,58.69503877653729
30856,72.40733623662268
30857,47.227659943590496
30858,56.966350797660354
30859,43.44050587315944
30860,30.64189610982963
30861,29.168621934145072
30862,61.10516080720748
30863,45.54714011959053
30864,46.79836759579967
30865,62.05294550875611
30866,46.72237525027241
30867,48.00202725001235
30868,62.251093605029894
30869,60.51748201854927
30870,62.24827888021403
30871,63.68264832231645
30872,63.05328075114507
30873,62.76553428685139
30874,62.76108506262014
30875,61.27623234091699
30876,60.52590872608966
30877,57.69222621410506
30878,36.6452809169977
30879,36.72599336894345
30880,40.18353875309045
30881,45.28985661766469
30882,44.88517218438715
30883,31.395064983213572
30884,46.46132408919015
30885,39.85294187099869
30886,42.49690249461309
30887,57.036776049143924
30888,45.02102653193173
30889,57.26686175613603
30890,43.623249845258755
30891,46.05445787680965
30892,39.420557799659385
30893,38.48622500249188
30894,38.5020237067334
30895,39.93271679512061
30896,39.71175155580627
30897,48.01921644294506
30898,47.37537931053437
30899,49.191045907432205
30900,42.231213662047466
30901,42.514382824598414
30902,55.88362054110985
30903,49.600668189349854
30904,41.45245834026328
30905,42.31794304734882
30906,46.320618396253714
30907,48.56072316221778
30908,46.880131981896284
30909,40.0862388777894
30910,32.735599987696766
30911,64.04734022835781
30912,44.07805046028155
30913,51.71447771683797
30914,33.38639273625605
30915,42.511941909582426
30916,63.52524633855266
30917,41.40504907436295
30918,41.59106224044279
30919,31.837571826486005
30920,39.99531202547561
30921,23.177106100872447
30922,43.67570088401911
30923,39.711814298922405
30924,41.16215373272761
30925,57.732332708666775
30926,39.81261111733765
30927,72.28169699695752
30928,45.86561057542248
30929,51.21546783138187
30930,76.26976476475228
30931,46.436850142416134
30932,36.64779176591703
30933,41.71637734318034
30934,39.965147177993806
30935,60.223428609738576
30936,42.55205044397822
30937,60.875022451849304
30938,40.84557557243077
30939,69.05362009469148
30940,18.28844579264571
30941,21.45658678374208
30942,59.977931133831405
30943,31.54278624491306
30944,33.43536554309492
30945,41.45739013179977
30946,44.21449813932081
30947,43.55672466865085
30948,40.028934146589165
30949,43.138915696454404
30950,68.66482615342147
30951,49.89844262091157
30952,41.71022544665846
30953,28.703570174148304
30954,44.92289473745007
30955,48.81676067588019
30956,56.18821269443114
30957,29.50328094242138
30958,29.57211232947781
30959,46.05069109626467
30960,48.67512141429302
30961,43.290049609736144
30962,44.78996833900485
30963,44.26920936424225
30964,28.290175178680514
30965,31.041444996124458
30966,60.375782071035644
30967,58.49360238284686
30968,62.01675164200331
30969,61.52498538577591
30970,62.694192309910115
30971,61.12589811549688
30972,60.66901327431074
30973,42.240742888119584
30974,62.19387916422133
30975,43.78059168921891
30976,61.93837346241699
30977,39.63738271165908
30978,59.936656752585826
30979,45.22162344540215
30980,73.74694740370035
30981,39.37391941298937
30982,49.134225436320044
30983,28.198436910550896
30984,58.213183743065784
30985,42.39249898545012
30986,49.35696827469555
30987,40.470779493452596
30988,56.87155641333278
30989,29.859741257853457
30990,43.92633904667225
30991,27.735391044423874
30992,31.30710137993671
30993,44.81684916242459
30994,41.71291204201414
30995,39.70693366024597
30996,44.20688992924413
30997,45.11082241774082
30998,42.51680055368646
30999,55.59705132848725
31000,42.16027564692047
31001,32.00164064669855
31002,39.836504303781396
31003,40.87302042695613
31004,46.24683713064326
31005,44.95348659124985
31006,38.36755049831927
31007,43.776423497224535
31008,72.62525901175417
31009,47.74824810577712
31010,45.47800916594449
31011,48.45968213977335
31012,42.89378646225769
31013,50.43179038885742
31014,28.686292238896353
31015,46.87464113032718
31016,42.22050964387076
31017,43.88919675962291
31018,59.73246830766782
31019,41.23201014921578
31020,79.55788773255188
31021,43.73387428808347
31022,38.80574317842195
31023,47.23884378324644
31024,37.664392144814485
31025,36.182555583883186
31026,46.121258049933495
31027,45.87957608918658
31028,35.54054617566477
31029,44.969809215008596
31030,42.8524100113609
31031,37.244503989443004
31032,43.33804573835983
31033,40.464425856707024
31034,45.50869643506882
31035,37.63046086509779
31036,37.11928872612635
31037,35.92077551285323
31038,38.23256003303896
31039,36.662402210571805
31040,30.81878465635621
31041,37.27380499138246
31042,38.76725298051007
31043,35.66036396450547
31044,57.7750720491468
31045,22.19473599951907
31046,39.92964614665621
31047,35.86823913967058
31048,46.881352545455165
31049,27.763416047897614
31050,35.20420159135781
31051,34.22029005142219
31052,37.21466000045534
31053,39.602386713701385
31054,36.26771130793347
31055,36.700583631888485
31056,35.59277465805886
31057,37.14488622218153
31058,36.555254445612164
31059,37.03570554170285
31060,34.89985064764734
31061,39.55744678072878
31062,33.66002955123866
31063,37.84517585498777
31064,40.07192432370036
31065,39.12216864047202
31066,36.28868456424944
31067,37.8365621046204
31068,36.02798146069693
31069,37.227174218638496
31070,38.39089565105425
31071,38.16931797956189
31072,33.20227955197507
31073,35.09018257733139
31074,35.85846337230585
31075,36.179315849016426
31076,36.04214530534708
31077,38.38439453743108
31078,44.47877489591942
31079,36.72693850088263
31080,40.80322415478952
31081,37.534653960631324
31082,40.17963543659263
31083,42.49687150445265
31084,37.778500091692884
31085,41.359270789999194
31086,37.63794258412137
31087,35.874676895981075
31088,39.41922013780673
31089,40.216860806055365
31090,35.33116713639863
31091,34.29498755499452
31092,38.215202464459225
31093,38.852954694134596
31094,41.81122125518577
31095,38.05549989408105
31096,40.172880171883776
31097,41.03140285695288
31098,37.21079683383664
31099,46.13576535099528
31100,39.53478816730779
31101,43.87590471735009
31102,38.29868571954218
31103,45.35850112637469
31104,41.15380416609405
31105,37.35521577887745
31106,37.31154606018644
31107,38.213211477323576
31108,41.71628129925355
31109,46.69762101214115
31110,37.671631715625125
31111,38.01057650799018
31112,37.04258286366612
31113,34.648008129829726
31114,37.50671038254026
31115,40.424350374217774
31116,41.409799014507385
31117,37.86529496916154
31118,37.86005955981713
31119,44.87832005302194
31120,38.716920217141315
31121,22.851595855913118
31122,34.78683341890533
31123,36.111789608569836
31124,34.447090625706984
31125,33.625636211572335
31126,40.224262236068824
31127,43.363000016019846
31128,42.440135196382066
31129,35.4455627560173
31130,39.66860088639071
31131,37.81951598146995
31132,41.975787940793566
31133,35.731043118334505
31134,39.77556360992189
31135,37.64157596318343
31136,42.20493245370439
31137,59.28492882489555
31138,37.474664487518666
31139,41.05363781073911
31140,35.22980536805022
31141,35.015620841496684
31142,40.242052690670384
31143,39.42786093763957
31144,42.51018732727716
31145,39.6305396502634
31146,36.872458984024625
31147,40.882177599806575
31148,38.257428377088615
31149,41.143734605628445
31150,33.83291014171459
31151,39.50094245946586
31152,36.33118423276688
31153,37.399956532213956
31154,38.10558658752724
31155,36.35541323310851
31156,39.5752893335974
31157,36.37557924920188
31158,39.43485605353114
31159,36.57606717374208
31160,35.22102254679907
31161,44.72788598748658
31162,39.48495161493766
31163,38.64315221071757
31164,35.47256865079305
31165,38.01620849316614
31166,36.39965184370483
31167,37.77933341233003
31168,33.34033998771001
31169,39.927385054075444
31170,41.65951399580608
31171,33.923946969612814
31172,39.32099216876383
31173,40.79183375270048
31174,33.43549749777004
31175,37.81093083107389
31176,39.058953876306774
31177,37.66899530050706
31178,39.92779844582812
31179,41.06969408057838
31180,44.89837118772974
31181,36.5528368064081
31182,35.482985960663584
31183,38.78859076235938
31184,35.15315184191723
31185,39.56926015983157
31186,37.76848094141192
31187,36.87797797494541
31188,34.85912606223235
31189,40.90195439644929
31190,41.280051516497785
31191,39.457590772631036
31192,35.547782027225026
31193,51.31289083936717
31194,36.21767048176253
31195,42.181848025417864
31196,37.12292906027526
31197,39.06700395053493
31198,37.55253843765124
31199,34.74853503234686
31200,36.790266936230516
31201,33.850725923291925
31202,38.62428716957946
31203,37.70432772630751
31204,39.05597704228615
31205,33.573459717243374
31206,42.33484988665042
31207,36.11192892549398
31208,36.40394626997947
31209,40.60963618128659
31210,43.3975189970889
31211,35.50699181902506
31212,33.44275665426347
31213,34.781669664814416
31214,36.64732777325118
31215,37.610099518366
31216,38.58314797058263
31217,35.0090690547922
31218,39.9594444075217
31219,36.94990581626036
31220,47.69482491309884
31221,46.28183906697528
31222,47.45854665733898
31223,40.84377701900925
31224,45.04270010024219
31225,41.64102853194119
31226,42.21257685793739
31227,45.67453163376555
31228,44.77887048689038
31229,40.78434999311012
31230,41.92242878534501
31231,44.65021228707217
31232,37.42950564100746
31233,45.95572575666614
31234,38.64673296273759
31235,49.48056351699031
31236,41.727815243665525
31237,42.64139005137349
31238,44.8260003589976
31239,48.675960259526214
31240,45.52776439974216
31241,45.00612857073766
31242,42.403351933375724
31243,42.80590785598102
31244,37.12262314347521
31245,44.423474829279286
31246,44.937848653915
31247,46.24914623098712
31248,42.18702944393757
31249,50.25455671145739
31250,44.229415166339166
31251,42.16194751964319
31252,44.664544656329575
31253,40.82104687929573
31254,42.57284734623077
31255,55.7319533461227
31256,41.46931819289532
31257,42.01886349693953
31258,46.94594124120936
31259,55.694795654052626
31260,42.38258828811791
31261,44.30231577566697
31262,48.27129935748305
31263,40.06654292527476
31264,51.67160601222024
31265,42.791109863034485
31266,56.84557498021956
31267,44.19252309510969
31268,43.61667598485524
31269,45.240794529650884
31270,42.091958043803686
31271,46.41551030349622
31272,40.85453004463687
31273,42.87526857688215
31274,41.707163660304126
31275,39.4197736186605
31276,39.659575755720304
31277,41.08739048398995
31278,41.84262291046859
31279,41.63237385894641
31280,44.838696030463716
31281,46.64399889689316
31282,50.08085564750637
31283,41.2090723426673
31284,48.03879469901012
31285,43.32297560765775
31286,47.515680226434796
31287,44.96400319792315
31288,51.15735281498649
31289,40.66904449543289
31290,39.49881857683303
31291,43.65079108424173
31292,45.21238894777927
31293,53.58075035440605
31294,47.94446180172063
31295,43.664348590522984
31296,41.06982177833466
31297,41.71797665026623
31298,40.174323853962406
31299,39.97733258465111
31300,41.20321894318511
31301,41.60857325832947
31302,43.68199499351254
31303,44.889831414321606
31304,45.42929455380764
31305,41.92339346136779
31306,42.951773210237434
31307,40.35859843706322
31308,38.12967356412328
31309,44.2749411661678
31310,39.59036902147185
31311,38.12902774055978
31312,45.507006630156326
31313,48.83895508026108
31314,41.032714931243035
31315,40.49727440477754
31316,53.48376698524874
31317,41.09032402399571
31318,40.728634361268405
31319,44.81842172361972
31320,53.80345767161303
31321,43.692240660670286
31322,45.24404277762512
31323,41.66454656353007
31324,40.73720645883965
31325,41.735166853692846
31326,41.672395422822305
31327,40.41572054443757
31328,40.92199511876891
31329,45.908414638649475
31330,44.67686068607694
31331,39.46678248405636
31332,43.088731077570365
31333,41.003791932462285
31334,39.09352675446942
31335,37.93295269710269
31336,51.885278388686125
31337,78.70468832488422
31338,40.45669843206211
31339,41.54498677706668
31340,44.57110298767557
31341,44.71071281866415
31342,44.15136453593329
31343,46.43270253730015
31344,44.30832514049009
31345,49.01991924279666
31346,72.60171327985026
31347,47.61431621248449
31348,39.374149044658495
31349,42.571665703158345
31350,45.17346478295502
31351,72.17110878718401
31352,59.96766468911987
31353,42.164884491778615
31354,32.09259330117455
31355,42.85678080020194
31356,31.566925380030597
31357,49.23826174035945
31358,73.23611400521924
31359,41.1533748459724
31360,35.96084665110582
31361,42.55899161180049
31362,41.5261916378605
31363,41.25998384058392
31364,40.120775443860985
31365,40.06198519698122
31366,40.209355423016966
31367,40.93446557785221
31368,42.06366921253243
31369,43.154783621933824
31370,47.320178052270464
31371,39.628030834109516
31372,44.38165419589279
31373,46.80482546403614
31374,40.63081543520026
31375,39.1238506073216
31376,41.3361980076573
31377,47.91673723616946
31378,46.089882361582156
31379,42.96952232384845
31380,41.58186256640994
31381,46.3754238041625
31382,43.5098358183904
31383,43.356024897782305
31384,44.69962153443543
31385,40.55442651185149
31386,44.26977976406438
31387,43.77052799498559
31388,61.22592680850872
31389,39.54490668436813
31390,82.39423589805864
31391,42.038022623455376
31392,42.9689978196869
31393,43.98522769155762
31394,44.632526317430774
31395,31.912112988296126
31396,44.595219167697884
31397,45.07035122019302
31398,39.51658425425492
31399,40.25472841587732
31400,39.93787669961048
31401,41.99782753521406
31402,43.106532017637555
31403,40.25019570683023
31404,60.59823692389127
31405,48.761237152464005
31406,30.083995776024185
31407,38.95119852566106
31408,60.48060881858317
31409,39.6814312225079
31410,41.45200090491599
31411,57.194296769791755
31412,44.24668423803759
31413,40.03548303151751
31414,40.27109164710332
31415,43.20814744916535
31416,48.73849181479019
31417,45.654027920968396
31418,40.01373359267012
31419,36.31595118349624
31420,39.151408634336775
31421,42.95649073922693
31422,36.218036115225004
31423,40.268290378343174
31424,37.236968520367085
31425,37.23837786481161
31426,43.01313038260392
31427,39.26040975976984
31428,44.01673227546646
31429,36.73394459930568
31430,47.89332294743609
31431,42.30863047524656
31432,41.29374750438806
31433,44.56400348629726
31434,36.84758053742322
31435,39.985473837745516
31436,38.99294894484722
31437,39.68325956959809
31438,42.90052809731842
31439,41.496351571972575
31440,37.84660398557688
31441,42.95196496176441
31442,35.87101654084654
31443,46.89529102217286
31444,41.85350010785642
31445,41.81900400649517
31446,36.418810853995154
31447,47.26145992860365
31448,45.71490945455248
31449,40.186686524336025
31450,40.90617639238658
31451,41.98697463220152
31452,40.32413804609773
31453,45.05389054447381
31454,41.30095445152
31455,39.48432568943552
31456,41.7790418340023
31457,39.849889318428836
31458,41.128540894521805
31459,40.997957722618004
31460,37.77633526313302
31461,41.586340632494135
31462,37.39858325029505
31463,44.80370563484553
31464,41.98829328642755
31465,42.919226833692214
31466,43.01599741958308
31467,36.985115323374956
31468,36.90330993911973
31469,42.2376069184187
31470,38.635806524764334
31471,41.356644236860504
31472,34.85252571909807
31473,40.25175462208674
31474,38.146843881900004
31475,47.32581460215982
31476,39.57164521120704
31477,42.20517530377123
31478,41.8111536912721
31479,39.00261183923439
31480,43.68490677259582
31481,43.15647136844689
31482,47.96792651465346
31483,42.78682167329282
31484,40.32607049143806
31485,41.27837575199408
31486,42.44432844816136
31487,43.065751191542276
31488,40.16226406964122
31489,39.88072977784644
31490,37.14704133130132
31491,39.413303085606316
31492,37.55126773247044
31493,36.5708821949454
31494,38.00919949703471
31495,38.739982778619876
31496,41.559841101503984
31497,46.27321473805634
31498,40.82045258943834
31499,39.694099622486284
31500,37.956761287433885
31501,42.38919036428519
31502,36.90621184873503
31503,39.172931356528146
31504,47.823825405028295
31505,39.551889776560536
31506,39.51352181201656
31507,39.32140142197375
31508,36.094414105434495
31509,39.712419083696155
31510,37.90152464863311
31511,44.759017986148066
31512,37.488615699603244
31513,41.44508923556625
31514,41.22527280537482
31515,41.7998706631842
31516,55.84311709872071
31517,60.50815524059654
31518,56.87583497712318
31519,48.72265053929401
31520,54.26956031136437
31521,59.39688522294979
31522,57.295354475024695
31523,58.81884080060495
31524,44.321926356526184
31525,50.11353802381886
31526,79.61671795116689
31527,48.1525892012757
31528,56.56532155548892
31529,79.31469722166744
31530,47.42761756092297
31531,48.232303404704474
31532,41.585297717065075
31533,40.832793874536044
31534,49.081549677893605
31535,46.67918644479549
31536,40.93928791990068
31537,43.7200815338765
31538,48.472484604219915
31539,50.42228560310939
31540,44.22892021912532
31541,44.9339317509508
31542,41.697554664056625
31543,46.78600944641904
31544,46.097963647624965
31545,49.16832364657974
31546,47.65382172291781
31547,49.09238927221964
31548,42.07562446841349
31549,47.826821811802745
31550,36.826712625730615
31551,46.879094905017475
31552,36.21117890374721
31553,45.25966758258987
31554,58.05042292351993
31555,43.895007865273556
31556,48.843763517508876
31557,42.25054425361852
31558,49.32911556735735
31559,40.28783779628183
31560,44.104866360363054
31561,51.35776568168202
31562,38.12672680266574
31563,50.866169190337445
31564,39.15848459430411
31565,47.73383453044387
31566,49.90619508557125
31567,48.71443302184821
31568,39.242035202512355
31569,49.910489625134986
31570,50.49793579087517
31571,46.322509510332125
31572,39.95789554909484
31573,44.38977283856229
31574,39.02574263284454
31575,46.21992524666631
31576,40.91676594665481
31577,40.970788418807174
31578,39.141739035352245
31579,37.467398465488266
31580,59.077809163984476
31581,42.9910022615613
31582,42.13816467541334
31583,40.74657166027373
31584,61.44791882916263
31585,47.760402414668405
31586,39.113020958882544
31587,37.339018617682896
31588,35.96265914719509
31589,35.379456317861084
31590,40.728294295633454
31591,41.61265935243477
31592,41.08699063962379
31593,39.218214491133075
31594,44.73372124106415
31595,40.14156316570862
31596,38.82954248851296
31597,59.558767959445476
31598,36.89561787375415
31599,36.54800348868316
31600,39.46746787989921
31601,45.65312440083494
31602,42.42689991794056
31603,41.627590868359746
31604,43.04088012946748
31605,40.70963671501488
31606,40.254342180196694
31607,43.293039757194904
31608,37.78568975559913
31609,41.489658876720476
31610,38.591648176931315
31611,40.34643365546032
31612,37.261286925017096
31613,39.01691025589676
31614,37.79545654540471
31615,34.95488306093331
31616,42.355855370562075
31617,33.96115182392828
31618,33.99483715998662
31619,30.856625639551886
31620,37.831279322209205
31621,33.8165787767859
31622,38.94307497813303
31623,34.80051355910184
31624,36.05244608213533
31625,40.45116948971593
31626,36.694599365691836
31627,36.941497656356795
31628,34.03648709413837
31629,38.628073061150076
31630,36.70740429547283
31631,36.797434507710456
31632,38.341079546603666
31633,34.21641296069319
31634,34.68238234428452
31635,39.950097379518354
31636,36.37402343347009
31637,30.784897870310928
31638,35.917931765256654
31639,24.410380245707486
31640,34.15991673010794
31641,35.450155064883724
31642,36.45257014572843
31643,36.67425100550146
31644,35.186921206726055
31645,42.77763490678622
31646,29.74129735882581
31647,34.59211541506501
31648,36.89502008969442
31649,33.430978710204414
31650,45.20658491295169
31651,34.93557941744163
31652,35.16568285330472
31653,37.64977483549071
31654,28.399429406362437
31655,39.386567680605445
31656,35.33850423573026
31657,42.32637220091128
31658,47.05618724917288
31659,35.00253224414172
31660,32.148178910866136
31661,35.66840300502945
31662,35.70152026613082
31663,42.212625017388966
31664,43.300146390110555
31665,36.91906097903599
31666,48.32874332083091
31667,37.602513930012854
31668,36.2951057039927
31669,33.28054487889348
31670,40.36575055050505
31671,33.854838682383274
31672,43.37986567181304
31673,34.805835839445756
31674,38.43220595803943
31675,42.256168099891255
31676,36.54894189600562
31677,34.082206642897916
31678,45.215168571007624
31679,39.25630982759511
31680,39.52190608659528
31681,35.16507377940982
31682,40.98887430245662
31683,41.651237493656865
31684,36.336224571183635
31685,36.70728150947987
31686,36.16110273094243
31687,40.75685646335385
31688,33.26753371028795
31689,37.87928009253435
31690,42.15980886452708
31691,41.80735287109987
31692,38.54715503552975
31693,35.40104873510812
31694,41.0520656212269
31695,39.97087393961111
31696,39.36115908159963
31697,38.400859102455
31698,35.68792736844444
31699,42.59190805799513
31700,39.736528817785306
31701,39.392903694039525
31702,34.38851334170971
31703,41.20079922622418
31704,43.231093109725116
31705,35.98508480187965
31706,38.59542902984513
31707,35.20292161913825
31708,38.29409269818214
31709,35.01546372695664
31710,38.98181613016045
31711,46.01786893846599
31712,42.087914479352925
31713,40.945213147124555
31714,40.589432631205206
31715,38.200679401887434
31716,48.9090100929826
31717,25.224392205766332
31718,43.492925223506504
31719,44.73735879031959
31720,38.53239123604891
31721,37.99983649699097
31722,42.06041783234968
31723,52.42077105073065
31724,46.12015042136131
31725,40.04824733072495
31726,36.93839287992969
31727,48.65543161565602
31728,35.41017523050251
31729,34.48830567529113
31730,41.83686192700024
31731,35.865090730551536
31732,39.155729985595684
31733,44.55926820153627
31734,46.25530096610795
31735,59.976937351698446
31736,44.244950989609265
31737,44.315977284563886
31738,41.42057048469167
31739,51.436970212587035
31740,38.78816329344257
31741,42.34482718559108
31742,36.70420226473146
31743,38.632661257727094
31744,36.756399444862254
31745,51.53585106069477
31746,41.98180232568399
31747,52.56162679556301
31748,38.36941491465313
31749,37.02438967735588
31750,44.57816229870467
31751,46.58095163352229
31752,44.839075607105656
31753,39.56539388960164
31754,38.49586337707056
31755,45.59150113078562
31756,50.51224087133839
31757,40.83035948621832
31758,40.441051204832725
31759,44.34793605889373
31760,39.739050253313856
31761,50.470524606899886
31762,46.59737129335757
31763,39.603282818368996
31764,42.39633050250553
31765,38.476429472453894
31766,40.07988254022998
31767,44.160132947278164
31768,40.33582075484853
31769,45.79732917924597
31770,47.814129043127444
31771,41.80726831508235
31772,38.121773677820116
31773,38.548925311468665
31774,40.034447921771594
31775,36.544239002275525
31776,46.139869928672944
31777,38.66712544986621
31778,38.66056563499639
31779,36.75306383836878
31780,37.67911364234029
31781,41.911110644325454
31782,41.880539754367305
31783,37.023912928333026
31784,39.27497522377867
31785,41.8115213714007
31786,39.46684616473486
31787,56.16763162348437
31788,47.01941041562583
31789,40.9420463704899
31790,59.10962591656783
31791,59.313083952525574
31792,59.19395468039636
31793,59.06507942453457
31794,58.86123751467092
31795,38.05345240413363
31796,43.08981708460592
31797,41.911110644325454
31798,41.04696924017805
31799,50.652398845904656
31800,43.739116296609645
31801,37.33206762346875
31802,56.62452046603087
31803,38.25992086136432
31804,40.2064976348521
31805,41.19188251525
31806,36.967325981529314
31807,37.78371747141988
31808,47.190192710606624
31809,55.288930065085324
31810,44.89887316045333
31811,41.22864094584849
31812,43.30755199291629
31813,58.507613184337075
31814,38.38757180015787
31815,41.04712690465347
31816,43.5856716327233
31817,47.32390308918164
31818,45.973504020226265
31819,44.982410007704786
31820,42.71681667800604
31821,44.88190381441181
31822,38.33742553354179
31823,42.18229416873636
31824,37.043372336229126
31825,38.62735288560034
31826,36.61336065561872
31827,38.38266272258275
31828,39.51066169495209
31829,37.38511800277849
31830,38.94809952246358
31831,57.80460596456109
31832,46.53636538040434
31833,30.995537557122802
31834,37.46198304221324
31835,39.859333977249605
31836,42.62287185252427
31837,46.061980541249405
31838,35.87198687500206
31839,46.72237525027241
31840,58.56623866609418
31841,41.88614785979115
31842,42.44861609219494
31843,40.14179057245099
31844,42.75974066293654
31845,31.813407734559213
31846,44.41562969138416
31847,43.58054288696147
31848,39.081157404695546
31849,41.019320772535984
31850,55.966462075819926
31851,55.04833024388779
31852,39.18640254970336
31853,35.67304071393056
31854,36.338454002685495
31855,44.093433074387306
31856,41.76532488278539
31857,52.70545457228398
31858,41.44837384541285
31859,38.8920898136849
31860,46.810380515776124
31861,36.23713685689873
31862,39.47986149458877
31863,42.75974066293654
31864,39.509932761293946
31865,45.683549387457994
31866,38.89468101864664
31867,35.793091016701
31868,39.94521700714246
31869,39.047737761829545
31870,37.282564937419885
31871,38.03393941583166
31872,34.23736079488774
31873,37.816834467011915
31874,48.978885328424155
31875,46.77650979488442
31876,48.421512768972036
31877,45.139167277088426
31878,40.70522314753639
31879,39.27301173769748
31880,32.87396819663135
31881,37.197221477087204
31882,37.851656237527266
31883,35.909700620595636
31884,39.90794471541348
31885,35.34379292489351
31886,38.92381068921179
31887,37.39953729287015
31888,34.68724674300269
31889,40.17706008561214
31890,35.737662681646
31891,37.69667478086076
31892,37.878038203314325
31893,44.35287875323242
31894,35.71179909441608
31895,37.471448607146336
31896,37.43466120386009
31897,36.12863753197935
31898,33.67431643384363
31899,39.60708846384485
31900,37.90004869982034
31901,40.4274751201782
31902,40.31835024653965
31903,36.6578045233997
31904,40.00973625770658
31905,43.45724003878571
31906,40.966503954026265
31907,36.87556672252673
31908,35.845482106499745
31909,40.1327018855559
31910,33.398779678846864
31911,31.34050386488642
31912,36.583251987876
31913,38.82362169307638
31914,35.348584234723745
31915,35.98305384745092
31916,36.48643123260445
31917,37.397907431673886
31918,39.440816259987876
31919,36.27841848240884
31920,34.87302639571415
31921,39.22727329605594
31922,36.632867416719044
31923,36.35578335526478
31924,37.08603909843505
31925,37.11792028552738
31926,43.38054378580454
31927,40.645862284556195
31928,37.763373515181186
31929,34.589619996856705
31930,37.6775720626216
31931,35.975359237450064
31932,38.375804613207485
31933,34.54914850966855
31934,37.86892983192031
31935,38.73597107048198
31936,37.246706628855485
31937,42.65711929106986
31938,33.458041995127374
31939,33.960310590351966
31940,37.420811471018915
31941,35.936541259988445
31942,35.47340674874661
31943,37.454165718746815
31944,38.99703364868974
31945,49.35266274151787
31946,40.07101087644646
31947,38.63596350544107
31948,37.765424509167445
31949,33.0080730067412
31950,38.80743082722152
31951,35.841322385511276
31952,40.01878771407161
31953,37.88351456632188
31954,39.92052763959833
31955,40.81238629706116
31956,37.77899717923828
31957,48.62038355126704
31958,47.489758373529995
31959,48.522060843227734
31960,44.0225523021719
31961,39.18721004934208
31962,41.221225707906854
31963,41.289080025782546
31964,42.72703512611777
31965,38.19302905683475
31966,41.04702171239532
31967,48.02809013720243
31968,48.02362408727812
31969,41.878531307963215
31970,36.97091455120565
31971,43.0753663409388
31972,44.523106436742786
31973,39.60789237450165
31974,39.60137651952222
31975,46.13736322681196
31976,43.47684757554876
31977,36.91837000815389
31978,33.87349465735565
31979,36.4824572147664
31980,40.96110286565202
31981,40.750201942018954
31982,47.2527968084992
31983,44.450016078955365
31984,39.03587352140555
31985,36.953196613280966
31986,39.92080812628452
31987,40.23522579934193
31988,37.45056773051683
31989,40.26637497976633
31990,38.64608385675789
31991,39.34432847217789
31992,36.430127047123634
31993,40.40324129430868
31994,39.99179160484517
31995,40.68334148971804
31996,42.30694957721709
31997,42.36206198997258
31998,40.13374623992301
31999,37.09903417266025
32000,36.795952510628624
32001,38.20383327261782
32002,40.79491705797033
32003,39.52907608872831
32004,38.65123369197138
32005,36.784116739441956
32006,36.65050003862844
32007,39.491449433240206
32008,41.28533116286657
32009,39.25504856955594
32010,39.982152862393114
32011,41.88541222723267
32012,38.439855509158924
32013,38.76220850365552
32014,39.92800847838872
32015,40.97297000905233
32016,37.51213368811409
32017,39.39276649374558
32018,39.84465300422175
32019,41.76795274778296
32020,41.94753927844113
32021,38.01540051963466
32022,40.06661606536844
32023,36.33602148574657
32024,42.27263918227516
32025,40.59598532963158
32026,39.88420307704524
32027,42.533814417638375
32028,39.19794699525649
32029,37.949893045155974
32030,39.81436495175441
32031,42.9896658502857
32032,40.093887725962695
32033,42.362143767104875
32034,35.793179655040134
32035,37.66184848744104
32036,37.50085891567016
32037,36.52701398223422
32038,43.619868410894846
32039,40.22555560944218
32040,44.0366096965299
32041,37.215762655393945
32042,34.685683213731885
32043,43.67403752589233
32044,39.34083615192888
32045,34.205753871961356
32046,43.08706871888875
32047,36.69297336443756
32048,43.578474293132444
32049,41.810466508084886
32050,44.444907951692485
32051,39.336829444680305
32052,40.73899085318244
32053,38.15505608487414
32054,41.976144200408406
32055,45.45125172779895
32056,42.091719891540876
32057,39.937906091781386
32058,41.08103250522881
32059,43.59309001825096
32060,31.99288210937978
32061,41.702027584612125
32062,40.69082739138654
32063,53.59871813196807
32064,49.9119450990968
32065,42.15109384637302
32066,44.7404106420426
32067,42.26793151019244
32068,49.7980490639368
32069,45.40812880442256
32070,41.18578217606205
32071,49.381645627394114
32072,50.167906227038415
32073,63.56787123214366
32074,43.72797894234672
32075,61.06697915657758
32076,44.44899016723281
32077,51.18007985419691
32078,47.68154386186904
32079,44.242725749571875
32080,53.92509003622098
32081,45.94465462861251
32082,42.065481800612304
32083,54.80460028793112
32084,48.514372030658706
32085,44.5487802674406
32086,46.07102177145607
32087,48.492281640596744
32088,46.70332893562705
32089,47.908262358070466
32090,44.957844759745484
32091,44.398418058510316
32092,54.20439278966491
32093,45.437559315449235
32094,47.41358020781776
32095,45.80987278703733
32096,46.13248788403977
32097,43.88301118034165
32098,44.95123034465315
32099,44.8160990097114
32100,51.99486411892957
32101,50.73677769562538
32102,46.879662539152214
32103,38.41584741694964
32104,42.60323884169298
32105,43.34184993006971
32106,50.53508285526554
32107,44.03202973075889
32108,51.513644793470405
32109,54.49404551692195
32110,44.6802488723531
32111,44.974534651081754
32112,45.95186607557577
32113,44.456819345115555
32114,46.210201997547294
32115,51.336645720266645
32116,58.45924428055154
32117,49.11777402658024
32118,45.92810602832205
32119,48.53317049677106
32120,43.53353289596375
32121,45.65274454669358
32122,43.092235639110974
32123,37.12564585608335
32124,48.01022220925004
32125,43.590357890266645
32126,48.00726620447931
32127,44.49252900396416
32128,43.0862487713077
32129,57.735161008955046
32130,43.59087544368683
32131,42.73317982840959
32132,38.499302285269955
32133,42.693237866485006
32134,49.94347244199801
32135,53.63376476580097
32136,48.7110590924258
32137,46.48819534204976
32138,39.77862803523036
32139,41.408816903115515
32140,44.31938031334276
32141,42.82695846558193
32142,45.38048050407807
32143,52.73658973474701
32144,41.350449254172496
32145,50.26921034748118
32146,43.89709547417263
32147,39.44232395417777
32148,47.55046984803411
32149,41.10309798116585
32150,47.04587006582559
32151,63.92458605456843
32152,48.741625251918336
32153,39.409228474509675
32154,42.07441132985446
32155,40.95704171713464
32156,46.20756145830901
32157,50.22252383757062
32158,41.92596429572832
32159,44.85506051968103
32160,41.54757385653499
32161,30.9828798711441
32162,43.330446410785726
32163,29.045994816529223
32164,43.47588579488716
32165,30.533306938484614
32166,46.482183980222956
32167,43.90762890711414
32168,41.91527569271946
32169,47.72101396737451
32170,41.04558901129057
32171,40.954530122755344
32172,38.213361384236585
32173,36.225145608263766
32174,41.08458306661225
32175,46.70044079675017
32176,46.26577505292021
32177,42.911737538366765
32178,34.53901736556993
32179,41.42971278784782
32180,50.771543582110965
32181,48.773779890278654
32182,45.27597240959367
32183,41.88927607084264
32184,44.970215093579036
32185,42.853188026891445
32186,48.495906092168774
32187,39.981691270469064
32188,45.88634509015631
32189,46.00101034016112
32190,48.08193987925745
32191,47.77362120961341
32192,46.40462126172757
32193,46.449725883182
32194,41.96420907893825
32195,51.31502070524912
32196,46.58247057528146
32197,46.36657224100793
32198,52.20668929774581
32199,47.55872000386288
32200,45.55152930216119
32201,45.90844645659473
32202,47.607609528149624
32203,47.56185607208973
32204,39.85060094304951
32205,47.01648290960289
32206,46.70845256020473
32207,61.96151647374306
32208,46.53380153189584
32209,45.89088013853358
32210,47.42483301199902
32211,45.680103690013674
32212,43.20748178185885
32213,45.92776409246233
32214,45.358321415917224
32215,46.79354237956291
32216,55.68275835163389
32217,36.476189548513744
32218,48.40166713053326
32219,46.56613907907015
32220,48.719820602877704
32221,46.225912144033245
32222,49.7534061592579
32223,43.030225849306575
32224,43.326190545141856
32225,36.27517823253583
32226,48.67181935481594
32227,43.845370339259624
32228,40.06086112477384
32229,40.620143589196765
32230,29.3398553005726
32231,37.36223633946733
32232,40.08213071146051
32233,32.330467432899994
32234,38.5980024631121
32235,37.60961051768095
32236,46.16241407082164
32237,40.807144774658255
32238,31.497762662331056
32239,37.89271230219196
32240,38.86946702665109
32241,40.439880401966604
32242,40.886995368675414
32243,39.42214537762863
32244,38.05785140244748
32245,44.19330756805811
32246,38.54166350742953
32247,37.343465906413506
32248,29.79594011862485
32249,47.79777069334883
32250,40.995491783260434
32251,43.198463878283015
32252,43.15434314347854
32253,46.2469929521237
32254,39.85447323800981
32255,40.02561936164277
32256,40.05691356130826
32257,44.893232997759114
32258,47.94234321851191
32259,27.641632679657544
32260,38.10456688626565
32261,40.092461388599006
32262,40.76752201771042
32263,44.8184787228376
32264,44.4426630403767
32265,40.15559029051144
32266,37.92377645597233
32267,38.85667660962028
32268,40.157968950852975
32269,39.772108498203224
32270,39.30112104735539
32271,28.287525165230445
32272,44.539051404317185
32273,46.893770113250255
32274,28.359878577611276
32275,46.17483097677818
32276,40.06878466316489
32277,38.21232493005551
32278,39.685784222950254
32279,32.144235816422324
32280,38.08268771469307
32281,40.30986490053903
32282,40.95318044085193
32283,40.41866757430855
32284,35.85342951277169
32285,39.720279036653
32286,39.85117288202105
32287,47.82264431333985
32288,42.542609856229944
32289,47.680416405505746
32290,40.73012972521508
32291,38.44272379159259
32292,40.95544928071863
32293,56.8557825335847
32294,47.95652496406008
32295,40.30123075238837
32296,40.18052704538211
32297,41.96926105927467
32298,40.138956354691054
32299,37.25887810444594
32300,40.002646115335374
32301,42.81019645081238
32302,49.811941572013204
32303,30.749117091215254
32304,39.460766889981485
32305,45.203478753891126
32306,32.30719112596219
32307,42.41601298002677
32308,43.449273172313376
32309,44.08089987984267
32310,41.343546741346955
32311,27.53738707428314
32312,38.27024682104342
32313,37.500672634925394
32314,41.165213495229466
32315,62.17363477450832
32316,40.53562441601137
32317,43.947118986831455
32318,39.93009187355395
32319,29.32972150045985
32320,37.60560056899926
32321,41.1359151034389
32322,44.467093426449594
32323,36.835375308047745
32324,48.484545695177474
32325,39.49936266286467
32326,35.598587446095195
32327,37.65087076454669
32328,43.5083763749824
32329,39.53869520768424
32330,34.860381467118025
32331,38.071798620857535
32332,39.61687190996922
32333,35.23595471088949
32334,37.440914507501795
32335,41.67206585997033
32336,37.04354211170552
32337,34.140548929817605
32338,39.13270723769825
32339,33.21483343833534
32340,38.17147033695502
32341,38.94969788261969
32342,37.49789287406166
32343,48.403289014670904
32344,35.146353075843436
32345,38.28485694582182
32346,42.372203569284665
32347,35.126590915898724
32348,40.6102881712883
32349,43.7416999559084
32350,37.49904780950819
32351,37.59214787391305
32352,37.35466544898113
32353,44.35189971511699
32354,37.26883013536045
32355,39.67850449920832
32356,37.796968621819644
32357,37.25036349645829
32358,37.14204184227432
32359,39.83303546546934
32360,36.8564458285219
32361,34.14366398011748
32362,40.88928466526954
32363,37.77487380520214
32364,34.64643241819786
32365,37.03176479379706
32366,36.22825652050193
32367,38.17424897492632
32368,38.82448977227016
32369,36.23302017419537
32370,38.14632694219311
32371,38.5547742383105
32372,43.824778614463256
32373,33.62287545208619
32374,38.72120025417671
32375,37.02371519270805
32376,36.52199406216411
32377,52.149186690887525
32378,40.460323345975894
32379,38.29398299057853
32380,41.39882884157707
32381,37.71543921328448
32382,44.69907098885456
32383,41.74316996551806
32384,37.7741449635301
32385,41.791464018000724
32386,42.79213907038513
32387,46.139531949947305
32388,44.79558485731422
32389,38.782499688839806
32390,40.365755713133645
32391,35.75588755678515
32392,39.70068217519467
32393,36.228107267034126
32394,41.01956720316895
32395,41.47019947241384
32396,36.28781352188595
32397,36.97938267839669
32398,44.35524923880329
32399,36.869205884380115
32400,38.480077897122996
32401,40.92539187776611
32402,40.882059236390795
32403,37.38588654101156
32404,46.20141566217792
32405,40.09816767038525
32406,35.180353670147326
32407,34.84082365545717
32408,33.31672485060352
32409,51.516292052761074
32410,47.76802036561908
32411,56.96112767459604
32412,41.48400436309938
32413,53.68469181537241
32414,51.14919199642841
32415,61.87857742158968
32416,52.25568255381857
32417,52.88488084314069
32418,47.9692451223793
32419,46.135438619540736
32420,46.82042897952548
32421,53.64618695349668
32422,52.12477046668235
32423,63.280502239899924
32424,72.23623181027322
32425,44.182666476016756
32426,41.12860011202871
32427,45.38145510167178
32428,48.01060828536883
32429,44.70429774710168
32430,47.93483115452106
32431,46.9280569230768
32432,55.45064215192929
32433,42.038619890567425
32434,43.98320948676562
32435,51.83101771763518
32436,47.436220407529234
32437,44.78086573847037
32438,51.026516303303886
32439,50.29259731873457
32440,55.62342001797112
32441,51.832664668499305
32442,46.44116674866103
32443,52.7131911651233
32444,44.73923716398533
32445,45.398784890028466
32446,43.593226713138606
32447,44.72582175173242
32448,45.06800783728606
32449,50.456159139306564
32450,48.124889990184755
32451,47.913675049796346
32452,46.43402852751987
32453,56.41748472179799
32454,55.784157226085135
32455,53.50842481905353
32456,45.60702898751858
32457,57.58512916881
32458,46.581576508958996
32459,56.82958790904103
32460,58.519599169320855
32461,67.94388435228987
32462,37.74417973713185
32463,49.080945973938206
32464,44.719271283436406
32465,47.64787711696546
32466,46.74654328079174
32467,54.5207045186974
32468,44.60812754446792
32469,47.95888912188957
32470,58.15369525478911
32471,46.35281866209645
32472,48.379629692484706
32473,50.40397459465568
32474,45.531603215350216
32475,51.63561822948985
32476,40.82243749067081
32477,47.85854847267279
32478,50.03739150323745
32479,40.85275055579386
32480,40.176663314870794
32481,46.83296778569014
32482,48.694751697691224
32483,41.91334415247503
32484,40.12608130016287
32485,61.60975023646927
32486,42.716584400021986
32487,64.75831874186636
32488,63.96046933660034
32489,46.96944894627814
32490,41.26546049947998
32491,42.3942432676165
32492,43.021889434905844
32493,42.94570787884444
32494,42.581604041092234
32495,41.49571125171433
32496,41.95455695926522
32497,43.06826720049764
32498,42.65466363793006
32499,39.87347171989108
32500,40.822209999726475
32501,49.814877314262574
32502,40.99033271987466
32503,71.50259806393744
32504,59.82670161145033
32505,52.519296887272716
32506,45.4238751475713
32507,60.98130370307814
32508,46.42221653937253
32509,45.69994989527972
32510,44.34378833066727
32511,46.83283603749055
32512,42.77551362676382
32513,47.798884127150316
32514,42.81883010668585
32515,50.562350011494914
32516,52.13492666088106
32517,49.82371986361653
32518,61.98901645478395
32519,51.671179579100155
32520,64.38451705782487
32521,47.59619157834873
32522,63.27629888453512
32523,40.614804959072245
32524,42.15146172695606
32525,50.170964718195975
32526,54.8720397968894
32527,47.46251154667033
32528,46.121277165997725
32529,68.29803604990816
32530,82.3296723972019
32531,43.83978773933999
32532,39.92007924915745
32533,33.96845929369362
32534,48.893841331700045
32535,48.62596493564257
32536,57.39948024245359
32537,42.26366554088923
32538,46.19123420666612
32539,46.378389406980844
32540,42.897808373213934
32541,48.54776260519723
32542,48.117534543921224
32543,36.203939499522555
32544,45.74548117765067
32545,70.05213937081952
32546,44.345022198262285
32547,43.55986792455942
32548,47.09350933581156
32549,51.953775898177675
32550,47.43404215159054
32551,48.51538664722172
32552,37.25114865193962
32553,54.04881859519225
32554,41.04984192756617
32555,42.17986180953306
32556,47.25726784578733
32557,36.00270534846682
32558,46.474051348597406
32559,43.99052071319619
32560,37.27936511146493
32561,42.96464907588367
32562,53.52266460505533
32563,48.83283219112441
32564,41.508623703922495
32565,46.01008683710655
32566,43.20175166090283
32567,52.368037755582044
32568,47.22074404766253
32569,43.67047701844193
32570,58.09358833662039
32571,26.56451374047626
32572,48.88513289478582
32573,43.21996772760893
32574,51.93620126524637
32575,47.02685228168878
32576,54.423281151026856
32577,44.93132648470599
32578,47.25016288144201
32579,58.76312609151612
32580,42.66571125346826
32581,44.322585325578714
32582,35.46590594866041
32583,35.76085717639553
32584,41.65941502376071
32585,38.991543216393076
32586,41.946979171191145
32587,32.62237089884983
32588,37.64127373773575
32589,37.23150310367306
32590,33.80400585129986
32591,35.63147941984335
32592,41.53783422567608
32593,37.129571031485376
32594,39.20912719412718
32595,32.72337291323787
32596,35.363717334350675
32597,37.22995690801832
32598,39.69635995991154
32599,39.10136186758209
32600,40.02864859869218
32601,37.84623599291615
32602,40.610246745722364
32603,38.53049752602725
32604,37.2394014414261
32605,35.39431597363897
32606,34.802158643356734
32607,37.695976399576146
32608,36.60179013491885
32609,34.46093496766239
32610,38.50644158411425
32611,38.05969282756428
32612,36.68131393361811
32613,37.58162609908101
32614,35.36910139403292
32615,34.37092423864914
32616,34.7299470694563
32617,38.604097202060956
32618,35.83641196470687
32619,38.06698313838293
32620,35.316172710434564
32621,35.20340497176192
32622,32.52074973760598
32623,35.494227187741565
32624,33.443355970925694
32625,39.43671982678958
32626,33.41372702196605
32627,34.03652580704457
32628,35.655256808632316
32629,36.681506444265466
32630,35.98668044281177
32631,34.51443091003507
32632,39.16377309220626
32633,49.12825032763351
32634,35.00591414140191
32635,37.23607060566928
32636,37.08436180504621
32637,36.46060709341866
32638,38.047091503808076
32639,34.62564459987416
32640,34.09506263029494
32641,36.152274588403294
32642,38.18547009907161
32643,36.8691346161185
32644,34.90467783723987
32645,35.84112425570294
32646,41.49232957947282
32647,35.40793342778967
32648,33.697140290063665
32649,37.60533749016445
32650,38.5332362383793
32651,35.32705702181044
32652,40.110979003785204
32653,41.57827322852054
32654,36.296154689226555
32655,37.76654580315573
32656,37.98077874790087
32657,36.39619400450871
32658,37.15696652987606
32659,35.5988056557195
32660,35.0829763834941
32661,35.42871879467141
32662,36.420559398534145
32663,36.146761689680616
32664,35.559501884498346
32665,38.08423396963253
32666,40.7359963718858
32667,35.68874655295882
32668,39.040948246616985
32669,36.607746107516554
32670,39.221510804702994
32671,35.39763035482537
32672,40.50866021619502
32673,36.27388453164373
32674,44.55024610824594
32675,42.0487320513333
32676,41.03078411505725
32677,43.69308020058405
32678,43.52530603654388
32679,38.64019314688847
32680,41.132258433695455
32681,43.24617356607062
32682,45.09577250240562
32683,50.89019676776776
32684,45.056287317602
32685,39.69454597263053
32686,43.11514248581679
32687,48.23472302695113
32688,45.68167369130247
32689,42.3706241021445
32690,45.36668095889868
32691,41.51897749563648
32692,53.89011265813617
32693,44.78657193367293
32694,41.92188929473062
32695,43.738548349911596
32696,46.8411674031703
32697,47.89301308302217
32698,42.64986403596347
32699,44.01088781367355
32700,48.884373415727
32701,48.297365381530895
32702,43.06400161469359
32703,42.01658533472669
32704,45.10979621090028
32705,45.67890032998203
32706,43.689885259206946
32707,51.51784767859805
32708,51.95035405262386
32709,45.50537370429161
32710,46.44904749352413
32711,45.809513239443525
32712,52.42108275982329
32713,50.53264546712588
32714,47.958585764424214
32715,48.66792766524649
32716,43.06824382827711
32717,48.26488148540233
32718,45.904802496081125
32719,49.13552802153534
32720,43.34711193979924
32721,36.66854203088284
32722,52.91377397757276
32723,45.37014282032255
32724,41.27163291705888
32725,46.61838985095545
32726,44.297582918510585
32727,45.0313165481811
32728,42.41330414047318
32729,43.04231033921824
32730,41.83870199989185
32731,37.462807262182345
32732,41.574152469942966
32733,46.13918089790755
32734,55.41649528051131
32735,46.250510951790204
32736,42.43722669057963
32737,42.406191022665396
32738,47.638109593266314
32739,42.45951377529509
32740,39.80577215384149
32741,47.020645690493744
32742,44.8208156751261
32743,49.12784155999159
32744,47.58912897164137
32745,46.19432595999669
32746,46.83789328908175
32747,47.782296393070496
32748,42.84858714022134
32749,47.69909468323767
32750,38.513315425948534
32751,44.60739183745139
32752,44.00072975396659
32753,44.581782843631046
32754,47.13117149741497
32755,27.289823169799828
32756,42.33621380142771
32757,40.13346618854991
32758,56.53151391257212
32759,60.609666542776395
32760,45.295949669174895
32761,39.08260883444235
32762,37.67738092086403
32763,38.786774499651834
32764,41.654177649513706
32765,43.65476113679329
32766,54.68354942771988
32767,43.859938272478885
32768,37.57582503937875
32769,40.59170192501705
32770,43.99980110293891
32771,43.52264904935834
32772,41.14963770844446
32773,63.74553367951133
32774,43.62222074225329
32775,39.58486392941651
32776,42.164708980134435
32777,39.99405342545194
32778,45.89587430967811
32779,37.84025935916658
32780,31.811737826447597
32781,42.34737580863184
32782,37.844381421262
32783,57.77315615665932
32784,39.17454588164687
32785,42.250253973648995
32786,45.48497955061466
32787,46.54413560776205
32788,40.622829800193706
32789,40.48800016813884
32790,47.62641888537728
32791,40.83121120063531
32792,38.20246140162271
32793,48.776265796856066
32794,44.216762055818386
32795,41.13714386690662
32796,41.48877661818297
32797,35.259830819916765
32798,54.36913406064954
32799,40.66251550589647
32800,37.96812775562422
32801,39.16608275223591
32802,59.96001496782777
32803,29.998630963254975
32804,28.405463114505093
32805,37.33324614266592
32806,42.918665142120105
32807,38.15335513031124
32808,53.724578376029115
32809,38.72051191277369
32810,38.94715760720577
32811,41.31029600299643
32812,41.33863474315351
32813,39.91565104215607
32814,43.03078276258358
32815,40.74677275708066
32816,36.54727402425139
32817,42.257931865188745
32818,39.36366599190117
32819,35.46856849820272
32820,41.980306224328565
32821,40.32211846187161
32822,44.44711802822915
32823,38.64691858025577
32824,29.722947172320712
32825,41.23513699613082
32826,45.99639251160239
32827,40.34910521002781
32828,40.72031530819937
32829,39.72137199511897
32830,39.83145994710932
32831,37.70209692453116
32832,35.33676004949474
