ID,track_popularity
26266,42.888085077264854
26267,41.6671599042529
26268,41.66684134240983
26269,36.7244750766868
26270,49.477694547406706
26271,49.03484849965197
26272,45.869606740898085
26273,48.08831015454412
26274,51.539730108543246
26275,41.13025780332165
26276,41.41003116987284
26277,41.00020066739306
26278,47.107348941328766
26279,46.08036735558712
26280,37.204680968489846
26281,38.21689975935011
26282,38.2738388800869
26283,38.84980233062952
26284,37.91400463180402
26285,34.678547606867774
26286,34.05703294485953
26287,37.89963081043361
26288,34.97231620960432
26289,31.328463747197205
26290,34.65580869321378
26291,35.70049256696521
26292,40.84240888716741
26293,40.409677718402314
26294,40.2650590523274
26295,39.37342368505589
26296,34.368649311534206
26297,38.56858499991637
26298,44.698199465292426
26299,48.236504888274574
26300,45.169472044235725
26301,48.19431493495143
26302,40.42914462793526
26303,44.50090276131783
26304,47.56178476709814
26305,46.39061286832221
26306,46.2274832533403
26307,41.359358056587574
26308,38.048966837798446
26309,43.443090875344915
26310,38.56581026233289
26311,40.658281858939894
26312,37.69708631191494
26313,40.69090923258195
26314,43.42270547510341
26315,41.10788996992051
26316,41.620701377967144
26317,38.88975639131811
26318,0.0
26319,39.514775426954145
26320,42.65021400146392
26321,37.05981677289746
26322,38.17536043591569
26323,37.974203086376065
26324,39.39463432158266
26325,41.61188634196262
26326,42.17785779064941
26327,41.92212428185491
26328,39.47896165793289
26329,36.95900168326561
26330,39.13758140824744
26331,47.101250065362876
26332,29.563055662223857
26333,39.365818446090486
26334,37.926988694441135
26335,43.41685451652194
26336,50.77694884831662
26337,42.95822089794663
26338,45.50127817258379
26339,36.88136394522917
26340,43.595798858569495
26341,38.83747407163052
26342,30.611935640668122
26343,34.72634882288435
26344,25.784140919811048
26345,31.746050112231583
26346,39.70250928019751
26347,36.669314073699326
26348,34.69927899128707
26349,44.6914521202111
26350,41.958604188846365
26351,44.28313826641387
26352,40.482013745355154
26353,39.5544440513654
26354,36.472691163545576
26355,45.55124694663244
26356,37.71072520076875
26357,42.0799413796363
26358,40.72307753383941
26359,41.67563460071513
26360,39.98816986803659
26361,40.417551883554445
26362,45.07374186862498
26363,36.68177688818632
26364,45.54519850353453
26365,47.15890245149174
26366,47.51825361868673
26367,59.6834244509326
26368,35.54088215820077
26369,39.9407280984047
26370,44.52067024674608
26371,56.58863043293536
26372,28.223242096805386
26373,55.06650372162976
26374,53.34352324277779
26375,46.14981334240962
26376,39.51137389507871
26377,46.338537024858525
26378,37.77053866320288
26379,35.127896297232105
26380,1.9664547722463754
26381,43.93774412799667
26382,25.920183289059665
26383,34.83510376482286
26384,52.79896060492476
26385,28.657458021172328
26386,35.81791259531628
26387,37.175170263051854
26388,36.259002179634635
26389,50.92670362109323
26390,37.109741496466775
26391,49.41935350484396
26392,28.435794418843052
26393,29.706588586906385
26394,40.63608314671925
26395,43.52157141642842
26396,35.89841986056824
26397,40.44163215689278
26398,35.5546534418753
26399,36.50550746986581
26400,42.062035220318684
26401,38.55996207497164
26402,49.308714759225
26403,26.536785192970008
26404,45.42156242469757
26405,50.46021730567882
26406,47.88614117486165
26407,1.9763317192299499
26408,29.553208974641898
26409,35.00641542265841
26410,35.074930437778875
26411,36.07857943184169
26412,49.441987641743296
26413,34.14243198152583
26414,45.9014937471486
26415,41.29914400915367
26416,36.51319630629684
26417,39.99431205281882
26418,41.15641907577979
26419,58.86529737418323
26420,50.62241578955446
26421,35.50670118234649
26422,37.98382919536313
26423,43.99047722640122
26424,35.52223652605371
26425,36.93414914603172
26426,34.631677828453206
26427,34.25304162690131
26428,35.88947191645055
26429,44.42793075205267
26430,65.32102489139821
26431,50.498083633781675
26432,38.2635573879973
26433,44.528310163164704
26434,33.136538449126306
26435,37.16599229221578
26436,35.31361121793506
26437,37.15903924883227
26438,31.31678349852278
26439,43.11063486379722
26440,38.42380093660335
26441,37.05322953143581
26442,38.141132096961684
26443,36.329286304148425
26444,38.01826977716547
26445,59.97308785984114
26446,56.5572077052677
26447,27.616268245637606
26448,41.65913995940692
26449,51.60333903532935
26450,61.261968523683024
26451,29.461596110714055
26452,33.13033253732181
26453,34.516343624917354
26454,31.94803654672666
26455,37.22815485676852
26456,33.31902092399407
26457,35.399592237527735
26458,28.049146099308246
26459,30.929961125870392
26460,30.487329088058484
26461,26.8542456993207
26462,26.037194284375023
26463,26.393722323832456
26464,27.43115146800793
26465,31.05902763676365
26466,31.240478001671413
26467,32.56653818232979
26468,32.11696909581697
26469,33.639372234028905
26470,28.856773375318312
26471,37.54930055898026
26472,28.75825705415945
26473,33.963911255325996
26474,27.265365006594497
26475,27.360118539705322
26476,30.68921718664015
26477,32.74691210383881
26478,33.06853746565618
26479,34.537909902518
26480,31.093045606196757
26481,35.695035282946144
26482,28.153540334982583
26483,35.10848570970219
26484,32.59036576662504
26485,33.127838011610905
26486,27.787905759042584
26487,31.15886066384018
26488,32.430954281286745
26489,33.18940596623587
26490,32.06672153853194
26491,35.51915108823559
26492,31.411551619853018
26493,30.89349766737511
26494,29.944376437115295
26495,34.419487400329196
26496,31.560591678905816
26497,33.33001865320323
26498,35.41526346146049
26499,35.04403342952559
26500,32.635426265991384
26501,36.541985767051784
26502,35.82185475930778
26503,31.775311065161507
26504,27.72020158612593
26505,34.04293344352017
26506,31.862310231046255
26507,4.903234033777656
26508,33.70779369994575
26509,33.34269560978655
26510,37.70982187247208
26511,30.558556249050127
26512,38.671588346635446
26513,8.861314881247882
26514,29.107677087551696
26515,31.131639709044606
26516,27.625886045742924
26517,33.33313135591472
26518,33.25241671023245
26519,28.085859629750068
26520,30.91232889687759
26521,33.610075079499985
26522,35.99222925160857
26523,29.687672689898854
26524,28.230920581115065
26525,33.868318697808135
26526,36.784511905195295
26527,31.51721276770661
26528,36.65436824261235
26529,40.675320843857925
26530,33.9647041520451
26531,27.133432428437803
26532,36.115644566738496
26533,32.4227190643384
26534,29.867397266132244
26535,28.48423101255848
26536,30.670243014372794
26537,36.00243976915684
26538,33.71823737664768
26539,33.26439760017551
26540,31.700391937018082
26541,35.35081281106693
26542,31.790166789450378
26543,33.631232789036076
26544,33.842087529096816
26545,35.754517022377485
26546,31.031433727251866
26547,33.834693605856486
26548,31.878545710443376
26549,31.48219507713685
26550,33.23947364758483
26551,37.71659174514386
26552,40.26691656512673
26553,34.31540357589585
26554,29.733111449703248
26555,27.495045778834747
26556,78.7350928339521
26557,33.97063076756043
26558,15.681264653932237
26559,31.985033088884688
26560,33.45305295539198
26561,38.84367074388408
26562,37.51432067812814
26563,33.20397699237608
26564,35.23618224580825
26565,27.608511064292912
26566,29.487057337617053
26567,31.549892556392386
26568,38.40990367412485
26569,34.426650220390506
26570,26.912411745178265
26571,43.665050227204226
26572,8.258222495239163
26573,31.11692856872522
26574,37.39081002106753
26575,30.49982836433992
26576,35.18918582118436
26577,26.99891441136992
26578,32.481523141880196
26579,36.05045412851599
26580,40.831085430676474
26581,36.250423248776855
26582,31.475190777160453
26583,34.43994961742365
26584,31.65532163832872
26585,37.79217725205889
26586,36.72972781873398
26587,29.458752234512872
26588,33.3649139590137
26589,23.047014231263084
26590,8.269419353215307
26591,34.58663244221672
26592,27.44892476265645
26593,45.2760773403134
26594,31.409699939240337
26595,79.04387868631184
26596,48.74819664547332
26597,32.6328040049898
26598,51.20156419079171
26599,44.83696756448665
26600,50.68495608295097
26601,83.97096928077218
26602,32.86268538953927
26603,29.217434097503116
26604,26.87744452056861
26605,28.514952759739096
26606,44.03557266954849
26607,39.78096214271438
26608,39.11111901945746
26609,33.14212787464554
26610,39.93869334236526
26611,45.64029157735849
26612,31.4528951568488
26613,46.7058849145006
26614,65.21935836979326
26615,44.19423305859143
26616,38.10025435366032
26617,62.11233191136233
26618,58.31283704069525
26619,42.287117977234246
26620,44.37807151680612
26621,42.51821778733792
26622,29.704218193309046
26623,35.13374675800472
26624,40.20919282048504
26625,35.237791883183256
26626,52.65432605789299
26627,30.70862436390965
26628,33.24315745401235
26629,33.66929390672087
26630,37.644090611347146
26631,38.480564752424314
26632,38.216219453941235
26633,36.74039948332976
26634,19.851796095504522
26635,41.640012067722985
26636,36.26257522589757
26637,9.945762216687495
26638,34.25596264507215
26639,39.604742972820475
26640,43.93083588667786
26641,37.83362796358628
26642,8.198232920514643
26643,44.3002522033921
26644,22.62393295725178
26645,36.51846380513229
26646,35.455077406933796
26647,42.52015738847515
26648,33.580696239228644
26649,27.81300010106641
26650,52.55038674802917
26651,28.84700858447776
26652,44.56511724489247
26653,43.2530479940673
26654,35.447071353348626
26655,32.223933860945706
26656,17.90954542831072
26657,42.10916604523791
26658,56.22417379030174
26659,34.673653653847325
26660,38.09520071535266
26661,29.312106257116714
26662,34.725537753636296
26663,46.005960528041726
26664,34.60460084961922
26665,33.216710552355565
26666,35.637933951512174
26667,35.60505790583262
26668,40.41053371085968
26669,33.80666732542158
26670,31.112883539966273
26671,40.21725367688647
26672,32.790342438950326
26673,38.75139732813481
26674,54.04598482015694
26675,30.47645388439377
26676,47.89210149032512
26677,44.33525994400906
26678,35.824723507192815
26679,33.76139985992186
26680,31.880492591256655
26681,33.55578787392108
26682,33.06087948460707
26683,32.20452737016738
26684,35.15464984475753
26685,35.57140530609591
26686,27.682263741716515
26687,58.48908956291255
26688,33.8078010799693
26689,43.17474357134453
26690,38.55142476074893
26691,34.69852650130485
26692,32.935611229147185
26693,36.62954335843713
26694,29.238031632734995
26695,17.70766956198581
26696,40.46987622699352
26697,44.1544873554525
26698,34.0013545005351
26699,33.92397821471229
26700,34.74531100328809
26701,41.97401877712072
26702,40.71695351402326
26703,42.327423634245235
26704,35.54825187336572
26705,36.53234653289255
26706,72.86259875758411
26707,39.775644970539794
26708,34.04301179205986
26709,43.79696080278133
26710,32.57339699916127
26711,34.04929758113635
26712,35.91332215849606
26713,34.20017017958195
26714,33.147968019743686
26715,59.814084811532894
26716,42.05738285392552
26717,40.50522947826562
26718,36.27870431795224
26719,36.180067588225604
26720,40.86889726127183
26721,35.79035610952006
26722,30.25449890604536
26723,37.48439509495493
26724,35.46294961438352
26725,44.123326461274
26726,42.09184761043567
26727,37.079581857929995
26728,41.139516876560606
26729,39.34475779120618
26730,35.030881056252255
26731,35.9979120401115
26732,46.926559253967554
26733,33.31031538402417
26734,31.371931052930815
26735,43.875543003372535
26736,37.112343826657295
26737,34.645939005740075
26738,40.516070994579884
26739,33.37883971897162
26740,46.41148901886786
26741,41.85648413391397
26742,33.12701696701051
26743,31.76072667160027
26744,32.388833660528064
26745,37.14427423973533
26746,32.72384966622684
26747,31.605976519901404
26748,32.204173477533516
26749,47.539009787378944
26750,32.159414786406685
26751,45.23586282784373
26752,43.9558641600903
26753,35.81849865693399
26754,42.25298381152083
26755,35.037250809642515
26756,45.732485680507665
26757,32.642070591459046
26758,25.116474488596644
26759,40.38021697869246
26760,31.998797783568293
26761,41.6547287771167
26762,40.91941214488595
26763,35.33362855786065
26764,40.92769041314306
26765,42.332660230145585
26766,34.11054182815526
26767,35.622217979159544
26768,33.16709537713976
26769,43.664415515371296
26770,42.76476561477483
26771,73.26404649852408
26772,39.141845284413755
26773,38.539311659832165
26774,32.21594150200079
26775,30.05038157935002
26776,55.312583418808465
26777,30.040889365283256
26778,45.23379666280338
26779,42.510032239083635
26780,32.31362993219207
26781,29.367383393348543
26782,66.39395826465173
26783,35.176612519982456
26784,38.23971001154505
26785,33.60122931997087
26786,32.87644215973902
26787,34.80852233045589
26788,33.604166588634534
26789,41.88732440843876
26790,22.044252559041638
26791,22.085052607651136
26792,35.77555361862505
26793,27.569648637153676
26794,37.78877413877554
26795,34.00565116789587
26796,38.14092664931244
26797,32.98935170815595
26798,38.58091469796591
26799,38.093786032615284
26800,38.2665216816337
26801,38.78131608373205
26802,27.597187538050047
26803,33.99778073611513
26804,40.82123168495042
26805,51.29769090268681
26806,37.91591355629731
26807,47.42491186331436
26808,40.27158315696468
26809,30.066356911692075
26810,38.882810489211316
26811,39.121719702010516
26812,44.991992512144726
26813,41.45208112853145
26814,41.902888423031975
26815,49.61239825903729
26816,37.22301285771256
26817,74.22472699360702
26818,25.133926698188212
26819,37.25145186600866
26820,26.562425765512554
26821,17.51058992305093
26822,41.3190105990349
26823,34.343483534036075
26824,67.41918126445752
26825,31.133888003729226
26826,29.10117367469875
26827,65.41081013487651
26828,34.02787680651753
26829,39.391104199196356
26830,30.460818903971663
26831,49.108456926138416
26832,34.71358232064495
26833,38.728957308494216
26834,33.3283083057318
26835,28.328592466620144
26836,40.35389027081259
26837,63.775400844959954
26838,43.78263089810261
26839,19.885944759925994
26840,30.650649991568372
26841,32.97496246100021
26842,42.667428862393905
26843,37.010144184941446
26844,30.831499983109115
26845,25.060700113545664
26846,37.05593180954178
26847,24.121578017847593
26848,37.70455410030978
26849,43.159326560773586
26850,42.04921611777658
26851,27.345476366558312
26852,36.0233212976419
26853,59.53076758181628
26854,78.8012805760853
26855,42.60702200017169
26856,38.68554839622168
26857,58.50507302818527
26858,38.821921319046396
26859,48.6719251333507
26860,43.66964968825392
26861,34.2092083119868
26862,42.312484087574255
26863,34.31264047903475
26864,33.20721134710482
26865,36.685419060319745
26866,34.78225838088126
26867,48.62959466962996
26868,50.01148172956437
26869,46.428951595021815
26870,39.48120324171119
26871,40.47240073159645
26872,52.182309714133716
26873,29.357736740206672
26874,37.27767673174635
26875,39.512696097970284
26876,37.63064808004628
26877,46.007819389649626
26878,66.83457105374949
26879,32.04598444976881
26880,60.000360727613476
26881,42.125273469978055
26882,38.961946806439045
26883,38.5915880811126
26884,48.55890558418656
26885,36.88285074635012
26886,34.051081845019674
26887,44.45478737676529
26888,57.85153639117635
26889,38.786764462536965
26890,33.94640370350087
26891,49.18725937570734
26892,57.659909775464016
26893,35.37827580610669
26894,32.881495935915886
26895,71.53015561274586
26896,38.05702816292847
26897,52.39806281004699
26898,39.784443521800505
26899,53.3368410736194
26900,41.63039731023149
26901,40.758284560335966
26902,66.06986151071867
26903,39.51509601704849
26904,35.329985212787356
26905,42.390426736789685
26906,45.09531982090715
26907,38.48490507718372
26908,44.486408579190936
26909,44.534897162765304
26910,41.74292993986832
26911,43.83491021116211
26912,41.18166312001351
26913,41.625379694034145
26914,55.910170949236075
26915,36.06420384042582
26916,40.59666992637734
26917,71.54927346137077
26918,40.17234782697693
26919,39.75083745481215
26920,39.51033029284487
26921,48.34055576611938
26922,30.649023748076818
26923,48.927825797886086
26924,35.71266016096598
26925,38.67830360062992
26926,45.53037976504923
26927,38.05915453350934
26928,39.63848725436683
26929,36.73326796610893
26930,38.017384372063
26931,34.32691537822453
26932,38.71193980942583
26933,41.02908587161735
26934,39.780731603139266
26935,35.99327378286563
26936,42.76681609266896
26937,55.98481120114286
26938,39.63396010048616
26939,34.12544997026815
26940,37.70007045702366
26941,38.42999079827384
26942,38.246592326628175
26943,39.374967466782245
26944,42.20154404335583
26945,42.84561717839184
26946,42.905053332327135
26947,35.94467522468451
26948,39.52286650405871
26949,32.85113456546749
26950,45.19171610380091
26951,31.48076388473805
26952,34.526774307553374
26953,38.72905260486202
26954,38.64142839760223
26955,36.57181517681683
26956,39.55501832260729
26957,31.82594199355253
26958,47.652564322917456
26959,23.554919406470013
26960,42.32168338476554
26961,36.57596786054399
26962,38.57213925778015
26963,33.792841859493805
26964,37.43680259310991
26965,32.41713417444918
26966,33.89293447514676
26967,38.61284494648954
26968,35.26459005705881
26969,39.10660977472441
26970,35.100662781520576
26971,35.49193084739119
26972,39.39604272620759
26973,51.725877836794275
26974,45.548641579560176
26975,28.45752927506981
26976,36.16019454693757
26977,34.47872137901279
26978,53.80827499551768
26979,31.31517526145046
26980,31.623376405996705
26981,34.11889859114205
26982,40.81090392140266
26983,41.52870423591695
26984,37.05950946051445
26985,37.24026492271958
26986,40.78880291422437
26987,36.5354895424471
26988,37.28405170414399
26989,30.471551687272964
26990,41.45930813443359
26991,39.21745829593594
26992,42.630795842800154
26993,35.33457568660869
26994,28.69432894329398
26995,32.773044094048224
26996,38.70209725806683
26997,34.830158341152114
26998,41.800718078799626
26999,37.79744135092412
27000,37.99230745768608
27001,31.805086022952164
27002,38.13770774869799
27003,34.808633242567254
27004,38.37533317211953
27005,34.2952221253214
27006,33.53366262655356
27007,26.729260845414984
27008,36.714588903063614
27009,30.644797469364438
27010,34.134035256919205
27011,39.1270026941723
27012,43.326730018888966
27013,32.53715555670424
27014,33.85422652606175
27015,36.40132662213204
27016,34.541767882366024
27017,34.37535412573891
27018,34.494466445221185
27019,38.51901409009897
27020,36.78785234642117
27021,37.32664908758072
27022,38.600211381878616
27023,36.71864836690696
27024,57.57102216736703
27025,30.78847964237386
27026,27.356238489208444
27027,36.16014402717455
27028,37.049667777055404
27029,36.59242960034387
27030,38.50539553688259
27031,31.706057888603024
27032,25.902303763444465
27033,54.57207305380002
27034,35.55752883192736
27035,41.403737676723225
27036,38.88641999387249
27037,42.314654332074284
27038,37.67201468160444
27039,50.86099014335603
27040,42.37326797581562
27041,36.24138673797946
27042,37.56587482832913
27043,24.34531475663558
27044,38.35977910550801
27045,36.01983589265888
27046,40.74195047223122
27047,38.4558535906193
27048,41.895004758804085
27049,35.91887332756347
27050,44.86016041021786
27051,25.46848562636215
27052,39.71451976299119
27053,51.023641084034246
27054,25.528629541207945
27055,34.09012470343638
27056,43.93050011744999
27057,36.9996481009505
27058,22.113897648794875
27059,45.26289554590558
27060,37.29637651367403
27061,35.53415947754399
27062,44.727956536676075
27063,42.341228199159026
27064,43.966097110974616
27065,36.55483554276373
27066,26.981568971996424
27067,36.95396494243266
27068,43.52492918699685
27069,38.67830886132906
27070,38.015753644034184
27071,30.015896760622258
27072,41.786353968590404
27073,40.30441319875346
27074,39.35905687629959
27075,36.980415043465506
27076,41.25498386577999
27077,35.78495688625236
27078,32.27353430574866
27079,41.10637543581559
27080,34.96983850895352
27081,43.68036992698823
27082,36.03951496822173
27083,43.81216311594117
27084,36.877978587002744
27085,37.90294527031697
27086,38.78882585024963
27087,41.34561999959558
27088,37.71019502445156
27089,27.013932577490248
27090,33.16619076411175
27091,35.028778697871005
27092,33.792075916882126
27093,41.776252587208845
27094,43.35906595177448
27095,39.22878564840821
27096,35.826672387017894
27097,33.59276315544088
27098,40.60595706979028
27099,43.35689457578924
27100,41.63984046278162
27101,38.41376348346741
27102,41.04095701026054
27103,31.596423184101145
27104,33.99470053726563
27105,37.112859336433594
27106,29.96856628251585
27107,42.68382397773456
27108,38.338386705720296
27109,32.232261785531506
27110,38.2188190030047
27111,35.880704466157106
27112,41.06244438992689
27113,35.69921624040885
27114,37.15373008052358
27115,36.20951444381819
27116,33.68962119022169
27117,30.654493380966287
27118,38.33154463392971
27119,35.140518264659626
27120,38.18231173958773
27121,41.431510163674425
27122,31.679020236816765
27123,26.22646880028037
27124,27.749129012943868
27125,27.27571992294848
27126,32.795621779856276
27127,34.860011874066075
27128,39.29867726534527
27129,31.26454180972761
27130,36.719347423057336
27131,39.804234453741415
27132,33.87488181947885
27133,30.36899934896062
27134,39.48936517600513
27135,39.61096175140123
27136,33.8800904592517
27137,33.3727098756838
27138,27.439270713606383
27139,32.41928518942235
27140,36.69363320457232
27141,37.86095075398823
27142,31.78090619950259
27143,42.240298980859976
27144,39.36922794457001
27145,31.03352563212548
27146,24.021184994192303
27147,36.38276542332816
27148,19.19147968655973
27149,36.47025997201753
27150,32.70949997580239
27151,26.892944172572207
27152,27.51625389952921
27153,37.86453484588599
27154,33.777960246682994
27155,43.571396090470955
27156,37.69556554772848
27157,39.74208946755805
27158,34.104332073117064
27159,35.48342744566249
27160,36.573003798190705
27161,29.107409696020657
27162,37.69100675896167
27163,34.47186384278094
27164,37.30357666465578
27165,29.491378298768204
27166,37.631465572756554
27167,31.883360429994415
27168,31.218000174225192
27169,35.269555348608385
27170,37.322225253889805
27171,38.3583319377553
27172,26.367945659413966
27173,37.07586847117735
27174,37.50345681137586
27175,32.86432654557692
27176,90.91623123406018
27177,27.325302134068455
27178,31.31508591995063
27179,33.32545142572482
27180,30.559690017531697
27181,32.10826108047758
27182,35.00126812437661
27183,28.784297575274653
27184,33.35765235745811
27185,38.82249821665745
27186,33.20409110817066
27187,38.40209371107112
27188,38.334569973420166
27189,35.6399424233835
27190,32.10046151167711
27191,41.07264318032279
27192,39.11093169609417
27193,26.491816591363097
27194,63.38890577263918
27195,29.065169371836095
27196,36.91914950859453
27197,21.79093286605834
27198,41.449839945125646
27199,40.16209523572879
27200,33.17580369198531
27201,23.442534967504344
27202,30.858463881360056
27203,31.880793327676074
27204,30.346138711758197
27205,35.432892410301136
27206,28.6574303003147
27207,36.242763715343266
27208,31.055172433278017
27209,32.519467532931145
27210,35.56529585730862
27211,31.960844178015197
27212,27.970116256957205
27213,32.01800714399988
27214,32.76383585509142
27215,29.184292209423766
27216,52.8541111424874
27217,67.82352719220907
27218,39.711672078089975
27219,64.84047544715426
27220,50.43942783371175
27221,33.47741683129371
27222,40.40053107449841
27223,87.315983068392
27224,53.570704139333216
27225,34.70851217021962
27226,48.17244014438962
27227,38.075368136994356
27228,36.85563991691709
27229,39.99574614044598
27230,50.31674374881914
27231,85.93669267034883
27232,37.456353694014496
27233,66.86136376211489
27234,41.08336486785974
27235,61.02476320595529
27236,30.244970287474697
27237,48.49548046469768
27238,34.55647262611891
27239,41.89408732660627
27240,32.848339168763886
27241,38.5043121932002
27242,42.26613479402996
27243,46.94246397380194
27244,32.61867377017995
27245,27.72418038334248
27246,44.95350264389659
27247,36.15780938937815
27248,83.70117900140339
27249,34.18209016216885
27250,46.396362254518756
27251,37.417117208396746
27252,69.26806580092462
27253,40.15990893726285
27254,37.081217406206
27255,41.168798309370544
27256,51.7058100566262
27257,47.71113396574343
27258,62.79448285451181
27259,42.17468172381699
27260,42.831232845795604
27261,74.86040008287242
27262,66.81789997667696
27263,40.57309717326489
27264,42.46091064983462
27265,39.3144870194231
27266,40.20977109504621
27267,77.8532878002913
27268,43.26115605255121
27269,82.83802568212725
27270,41.67354211808425
27271,33.25796839015321
27272,40.97553371618314
27273,38.145428029461165
27274,38.76271804842079
27275,42.59183383136869
27276,38.5932113461202
27277,24.799845047750342
27278,27.657906567488336
27279,37.5203353613646
27280,31.794131995522626
27281,39.358994625426206
27282,33.889877449711946
27283,23.95947709409228
27284,40.97018632672486
27285,35.044192124734934
27286,33.631921924664084
27287,37.83608898042927
27288,39.724371961680006
27289,43.55046951146476
27290,36.045205111813196
27291,41.73466844365696
27292,40.17724959913742
27293,43.28229844937693
27294,38.790326857698204
27295,42.924714898507304
27296,28.694600875477025
27297,35.55999892683536
27298,37.02320599533556
27299,38.929152165874456
27300,42.34376374173665
27301,40.34059030480971
27302,33.7392634404475
27303,43.6043370067495
27304,37.90617562506722
27305,33.862226343304826
27306,43.5101209667181
27307,38.21862079649384
27308,45.04880005535198
27309,39.89393822059206
27310,41.49386243067674
27311,51.15907287706742
27312,43.662659577379664
27313,44.940712424774574
27314,37.68776868525517
27315,36.38998781946787
27316,43.66878146148444
27317,29.47663807621753
27318,39.121332536899764
27319,41.82576433884467
27320,43.6456618514326
27321,39.85743240188995
27322,38.65788308519709
27323,41.558586698949796
27324,42.04629962986023
27325,38.36065563249993
27326,40.62486608143634
27327,39.8325568934986
27328,40.13922045910133
27329,42.54184353756904
27330,37.03580701752613
27331,41.22050845345816
27332,41.09507859301957
27333,44.17593140633045
27334,32.19723755339574
27335,36.367970294894434
27336,31.397519486407337
27337,39.76648643481045
27338,32.5510299765634
27339,31.37719298842906
27340,29.939310311535813
27341,33.41847464567081
27342,32.08423584846904
27343,36.34475027203505
27344,40.01743006436892
27345,22.88301428502208
27346,35.87890885853508
27347,21.90575108526763
27348,23.793503932160853
27349,37.40078811740499
27350,40.78045874689517
27351,37.51290947601551
27352,25.33265014927188
27353,28.439723578109632
27354,30.570636939150948
27355,28.47918131460421
27356,47.50015140321311
27357,39.133799992449866
27358,38.626964944931274
27359,36.74533814552348
27360,25.99427813153924
27361,38.34545932610953
27362,37.419529635689635
27363,30.35603577804304
27364,42.82555946821603
27365,34.879387638983694
27366,31.58589293355786
27367,29.50411154891466
27368,29.057416975355462
27369,32.50477413686253
27370,33.44182442670963
27371,36.77415803540566
27372,30.125726149741716
27373,26.403822982985794
27374,38.03108507017817
27375,28.0537302724857
27376,35.062972413456464
27377,30.632551704878868
27378,33.85168691128566
27379,28.949810589906964
27380,30.82944910485244
27381,38.06061535326624
27382,27.9924249341745
27383,29.197425991775404
27384,41.730565780816214
27385,39.355145423495316
27386,36.245549317949575
27387,30.420631374138345
27388,34.41769908986247
27389,42.46674525847488
27390,37.75703131672397
27391,38.33144815822999
27392,31.21538640698761
27393,34.83624928199159
27394,34.254520669271756
27395,43.963219947671014
27396,35.76686549922102
27397,30.891356907896505
27398,27.98543819739816
27399,27.963685463242747
27400,29.920537617641234
27401,30.91299730488828
27402,26.327111365043564
27403,39.31751399162192
27404,23.960396166826172
27405,28.389695054797436
27406,31.07819639112464
27407,41.47592567991797
27408,30.56160110087815
27409,29.827002979128086
27410,34.49949941013813
27411,35.91220195722781
27412,43.25900195331093
27413,36.08233527296387
27414,38.99885006643831
27415,33.881851029637495
27416,37.967931021690156
27417,34.82108184724619
27418,34.824658188380276
27419,45.65639912663371
27420,35.126727760333026
27421,34.577301176079786
27422,31.723263284214067
27423,37.552112733469535
27424,36.732107424341145
27425,37.69661549482363
27426,38.736854897981864
27427,38.840677457887146
27428,32.96753995204115
27429,34.59643191860912
27430,30.009588377489546
27431,33.52704185903159
27432,37.333428956448564
27433,33.20238765451344
27434,32.587795902624734
27435,35.51389234741642
27436,41.41416288134337
27437,37.092024028425854
27438,32.2424121369123
27439,32.996855510303796
27440,33.15180952399408
27441,34.41957426434641
27442,35.74281547510156
27443,37.954568549678015
27444,32.668039923421716
27445,33.072083392898236
27446,30.21053869577375
27447,31.966928244782476
27448,34.28909530579778
27449,28.983634670686335
27450,28.66847521093036
27451,33.18867970133823
27452,33.658288932995006
27453,25.348921374476117
27454,36.75566133966678
27455,30.352102457258074
27456,31.65236318498392
27457,35.292926284830436
27458,31.668732529342687
27459,32.769405034575044
27460,29.623831547237327
27461,25.975548298302662
27462,31.87448562470632
27463,30.653035619648477
27464,35.34088518611646
27465,33.935344440491775
27466,28.86718838458099
27467,25.406548050671123
27468,35.23593505912654
27469,41.73842787715185
27470,23.499455161794387
27471,30.399203716277267
27472,27.313508123745525
27473,27.664004013140538
27474,31.44323514456132
27475,29.503963405010794
27476,27.25836569900606
27477,22.727269505070243
27478,35.14995105834974
27479,55.53796249471449
27480,34.981869544978395
27481,44.96758902410311
27482,34.424424859680464
27483,37.929181739817736
27484,34.127493485403676
27485,40.98050361883623
27486,34.707731078289974
27487,34.274374656134455
27488,32.85841719946186
27489,39.88541484788573
27490,36.61000022945598
27491,40.92564706756204
27492,33.846001799046505
27493,41.33944456850401
27494,38.8896908824209
27495,35.55007723218036
27496,35.533962502788256
27497,34.897511672277226
27498,40.00305131687656
27499,35.38152461362791
27500,29.15942026143347
27501,37.98326912986879
27502,41.07504432362166
27503,40.177010702196945
27504,29.89888474176511
27505,35.31340753732166
27506,30.55422113713312
27507,35.17044563668863
27508,27.96718010764311
27509,40.50413875912707
27510,37.35223149253428
27511,38.050910032973505
27512,43.01552248687252
27513,31.389594372556843
27514,36.417094314604476
27515,33.535103440683734
27516,33.19947368383208
27517,26.423660510657914
27518,34.69772993657542
27519,29.45966225474502
27520,36.06085199808656
27521,30.892927297403457
27522,34.85868016498822
27523,38.48265407436464
27524,33.92755929699889
27525,32.32005738627894
27526,29.032726361167693
27527,55.632593499411
27528,42.52332102022697
27529,47.53999903100132
27530,39.90693011107289
27531,43.20891222128481
27532,38.378208457060644
27533,38.58874035420056
27534,31.75529402627906
27535,42.761784809169725
27536,38.144284936850845
27537,33.182242085314165
27538,35.41909936929054
27539,40.134877410455154
27540,39.12945726206662
27541,39.1533996635534
27542,33.66178210313653
27543,37.91893652812791
27544,36.67488221448726
27545,42.10917885191757
27546,40.52263085176959
27547,42.5024381349055
27548,69.80456914497383
27549,44.991655171248894
27550,36.535162428937596
27551,43.83896728150375
27552,52.877321375402715
27553,38.58583672187598
27554,38.42347426400321
27555,42.88806419464934
27556,52.898833853757466
27557,49.67699064211153
27558,75.84002853342827
27559,52.74964170150112
27560,69.96117046923318
27561,47.76179794315736
27562,48.91747758710195
27563,56.035444498473645
27564,43.9903132056449
27565,51.945671359309976
27566,55.89312536653183
27567,40.84359433008856
27568,44.301813614208896
27569,38.92861237577514
27570,46.683396500385925
27571,70.85700227555249
27572,52.586273469941304
27573,65.87431525160953
27574,44.47789366185318
27575,43.026006717770784
27576,45.71164073810971
27577,66.31910313492334
27578,68.86796922706667
27579,38.96936672196647
27580,65.89756320802391
27581,74.81419342705081
27582,50.37632632520628
27583,44.652170626197496
27584,43.73205931370844
27585,79.82118104652577
27586,66.87674307321826
27587,46.32737724509913
27588,59.61980651976024
27589,34.107119659376075
27590,50.76326433092086
27591,42.915245498109826
27592,62.86119025572012
27593,67.5515547843943
27594,34.893386423214345
27595,54.695893356158805
27596,45.23536726157552
27597,70.95819116871677
27598,50.41996876823087
27599,36.014631283360465
27600,51.293264750476304
27601,67.55019942328819
27602,43.655229649939976
27603,69.85627297743603
27604,37.87838404605979
27605,38.715134056651934
27606,76.87954434698901
27607,36.63132141352159
27608,39.24475460961245
27609,34.60022934106344
27610,36.159184910644605
27611,47.83838298537355
27612,31.727574343526896
27613,49.5707632663361
27614,49.430762036999106
27615,37.14349460181498
27616,38.815784569970425
27617,33.91114339325539
27618,52.92592916414022
27619,37.21559457020589
27620,51.48877804922979
27621,33.671848806530626
27622,57.52684895764265
27623,50.338625911611295
27624,68.03563804222013
27625,58.0889490194357
27626,40.82401337007378
27627,44.08038715259768
27628,74.18458646290787
27629,45.27699260885206
27630,44.23898830781514
27631,51.030163754397925
27632,65.00784913117342
27633,42.97261696666529
27634,41.587923982123
27635,34.143095336903585
27636,54.38551078754107
27637,42.23216873512537
27638,45.142835315045616
27639,36.00826200031977
27640,34.497056418562494
27641,63.8027639094593
27642,32.151295465644786
27643,41.18554978092927
27644,46.277082087034735
27645,32.8869562413838
27646,32.7881695511951
27647,37.030358322573825
27648,31.981258890241428
27649,44.662721819761884
27650,22.979499700830928
27651,28.99381972994752
27652,24.174901838606807
27653,31.373031912618135
27654,29.501374640364975
27655,41.66825410291732
27656,34.63230706319025
27657,32.89381617211196
27658,33.865449834561545
27659,24.330791658857514
27660,28.448985497400983
27661,27.619548790944275
27662,31.373649662007193
27663,31.551940706087567
27664,26.230399530834482
27665,27.180075238052314
27666,30.24542458624658
27667,23.147935808640185
27668,27.721545233220436
27669,37.520188723163535
27670,31.14270396480138
27671,43.16882143284648
27672,28.678758180955942
27673,24.339086070711215
27674,21.63700053384878
27675,27.94309197066413
27676,17.67062804151344
27677,38.413807614896534
27678,20.64024055180172
27679,26.585953260990653
27680,41.67706628095706
27681,24.93496955451517
27682,41.57187957897887
27683,39.24220653682844
27684,23.383589214990177
27685,33.930563721605516
27686,28.76252445878985
27687,51.16301285456742
27688,33.335388067168395
27689,35.765887776606895
27690,34.230068716413015
27691,34.11108293068965
27692,44.05232298118712
27693,35.09861988639635
27694,1.9754021256936038
27695,30.862148720998608
27696,45.36090717953792
27697,29.74113037268545
27698,29.502353961143015
27699,79.18502554970226
27700,21.79199078333583
27701,25.272142219296878
27702,37.41245879600433
27703,30.196862676202443
27704,29.344284303017893
27705,22.081815483915488
27706,27.552013216597572
27707,27.128448130957786
27708,0.0
27709,29.566147357298558
27710,28.728536444070006
27711,41.97134589591333
27712,45.279019808992786
27713,37.02290412416849
27714,43.28174473788438
27715,28.373454018472316
27716,27.4506160128787
27717,28.61504184480263
27718,31.443332535581845
27719,33.90727406788446
27720,28.477238108383162
27721,75.40421259230679
27722,25.569480442495028
27723,25.246726350033914
27724,34.146285913123656
27725,38.259617019158505
27726,32.99656160162642
27727,27.460047308704123
27728,24.29752867815635
27729,43.261136946977715
27730,22.46636559207845
27731,30.5470234083101
27732,39.68528357087894
27733,36.26029474846055
27734,30.809371872055813
27735,27.466769302858275
27736,36.1293997456954
27737,30.119119726303666
27738,26.13280477658274
27739,29.194512254595093
27740,29.03546495617091
27741,29.22304460706501
27742,26.668574060976567
27743,29.270339742935406
27744,29.897507921900008
27745,33.59089767225488
27746,31.608895092219292
27747,27.84463264479604
27748,42.76060348500398
27749,28.851627220116477
27750,40.8078144245317
27751,60.876284703151995
27752,62.81892466153568
27753,44.503523540367105
27754,33.048766490858775
27755,58.92249677070073
27756,52.7559907572187
27757,43.22408199366756
27758,48.99689071248898
27759,40.31106165347655
27760,49.41986296871564
27761,37.821917443126026
27762,36.778502926629265
27763,25.47822164373673
27764,43.629157936208735
27765,39.77370480251942
27766,34.72170884477965
27767,47.41171372555526
27768,41.64177278836066
27769,44.717112099204286
27770,48.70968299134033
27771,38.53416691140565
27772,35.31608702535823
27773,48.93692192697222
27774,47.79177161648586
27775,39.46012226477097
27776,32.575488278951845
27777,53.06628087307327
27778,40.26185036513011
27779,46.76720897214773
27780,1.9663308955812384
27781,43.95480346945235
27782,40.5851266564621
27783,34.00270146772874
27784,34.17743773147243
27785,29.8532997409263
27786,33.943751515894675
27787,27.598358662509895
27788,41.208446300106374
27789,55.95146060990085
27790,36.15141645892672
27791,54.143684062865546
27792,40.156720204819756
27793,44.28799956588406
27794,30.527188015395613
27795,36.4714483102488
27796,32.53536497066084
27797,43.68348167539509
27798,39.436257514997344
27799,40.90768235708063
27800,34.73883660379327
27801,42.45536167665926
27802,30.322913153223745
27803,26.3933022128112
27804,57.002605042550556
27805,36.75762791832326
27806,44.42799674452633
27807,40.724425283648415
27808,35.26586273160189
27809,32.82937723095454
27810,34.263129655166
27811,38.17004420847583
27812,34.39085097999707
27813,34.51353129296256
27814,32.69247856529517
27815,32.868051997430356
27816,33.75965432013927
27817,32.12092161540971
27818,34.3439294943875
27819,24.211557528072124
27820,35.9661181738208
27821,29.618273105460755
27822,39.57427086060827
27823,37.441887097092874
27824,34.666354979280264
27825,31.002856927132544
27826,32.964853974423264
27827,36.72416552280591
27828,36.69801951625917
27829,35.27890427859496
27830,41.281796372585234
27831,38.239603191656265
27832,35.85350694256658
27833,38.96381582857402
27834,47.255942525594165
27835,41.10716192903286
27836,37.64827742411849
27837,38.285811063576006
27838,38.495518774008346
27839,40.38785101661351
27840,38.807265603811345
27841,32.36658133578957
27842,33.102374980472554
27843,43.01021979671377
27844,39.28326952967347
27845,29.982384413372465
27846,36.41137798882803
27847,37.293927159285495
27848,40.95128309670524
27849,42.354464609172155
27850,42.11087365906129
27851,35.565719030666564
27852,33.912572568923906
27853,43.829969317631644
27854,35.69098433296837
27855,40.818127293451
27856,39.52732561335187
27857,35.40537419715533
27858,37.3367294878022
27859,41.45280446418073
27860,37.97279172076133
27861,40.617981241460676
27862,28.531296332443638
27863,42.74480476339936
27864,27.865812300499012
27865,36.05278099810262
27866,31.534159445302205
27867,87.80588340612893
27868,41.97670204960227
27869,43.13653266475899
27870,36.69057065953521
27871,36.36391440919722
27872,31.88268412064263
27873,44.644391143517936
27874,33.6531978663202
27875,41.07561455271058
27876,24.213912048357876
27877,36.535259170469224
27878,25.51494013499384
27879,39.62145431648497
27880,38.73172434221607
27881,36.87833542079174
27882,38.55413898892673
27883,23.93915594978245
27884,22.14501258732609
27885,23.243366743515715
27886,22.27419097325517
27887,27.889093884983506
27888,30.998631533681486
27889,25.557186935686158
27890,29.421419501182466
27891,31.494241280020898
27892,25.0701209973777
27893,36.663721549754946
27894,32.29622650170085
27895,34.04637050170485
27896,25.71762466491676
27897,24.563444071157143
27898,25.085989774958165
27899,25.97231299868104
27900,39.44363914951867
27901,25.597470675547594
27902,26.672606664623324
27903,32.03860139956116
27904,27.765308711768164
27905,19.782005300374752
27906,27.568363464842218
27907,25.104976471973256
27908,26.281209381462645
27909,26.730256190669323
27910,36.09556835929746
27911,34.20099335850123
27912,21.685974320125176
27913,27.428859101092954
27914,30.762476163813705
27915,25.979899158721416
27916,25.255151001899566
27917,34.80591768565546
27918,22.04742556409811
27919,27.75233965658457
27920,30.23730125935944
27921,34.594855121477295
27922,24.122240115500464
27923,26.43734748838599
27924,31.9047653927625
27925,22.502577332523433
27926,22.852692920243648
27927,21.551473121086396
27928,28.911061555027267
27929,20.95665734963191
27930,23.607803250648896
27931,33.798760631318935
27932,30.74188814572473
27933,26.587971616786042
27934,36.469128641030444
27935,27.60959296369765
27936,22.005836599553145
27937,30.110507691765214
27938,28.613870821670066
27939,26.767424379715848
27940,61.62448474127827
27941,27.498643289256446
27942,21.521361088735127
27943,25.13391886314751
27944,26.42225772207043
27945,25.168519900357644
27946,31.961402433662215
27947,26.40580175813275
27948,26.690582033811587
27949,32.81083562432224
27950,36.39530233127752
27951,34.76957755083873
27952,42.53979284391852
27953,29.18773308795907
27954,30.10041242876354
27955,32.87402796713856
27956,20.51624771589855
27957,22.1499368642355
27958,24.74230128780067
27959,43.73512588030699
27960,37.18554482680578
27961,24.900686055875365
27962,29.61815163535015
27963,29.928078289220174
27964,29.16840783567668
27965,16.871244923228407
27966,31.8304849335901
27967,69.85384011194833
27968,24.011478414387405
27969,27.83909529563531
27970,25.21028340541902
27971,4.31895411615344
27972,20.970271984022325
27973,21.82425276521777
27974,29.462088117430152
27975,21.543015869787357
27976,22.05450067833675
27977,0.0
27978,21.827319930573562
27979,25.88889317523886
27980,14.68004417843228
27981,43.87949812005379
27982,23.711697894168356
27983,29.284959763789658
27984,23.740466878566973
27985,36.18084955188526
27986,1.6366238476219825
27987,24.855059992795784
27988,18.863348912093024
27989,20.895627600097555
27990,27.629936015014763
27991,26.961442919375752
27992,21.1554134159357
27993,21.354832884012616
27994,16.22506346171799
27995,17.686381480286506
27996,26.260316037226055
27997,20.79208907998861
27998,27.29143071626638
27999,19.64208321685906
28000,31.233951951758705
28001,29.507487961218413
28002,27.567230353279275
28003,23.120778537023007
28004,23.880237304531136
28005,23.307880405421106
28006,15.360793474345614
28007,23.301164128041602
28008,20.949778113140585
28009,27.418802299800717
28010,21.11805487672479
28011,22.685025572700795
28012,17.964396183743556
28013,21.29818580238532
28014,27.26132354937022
28015,32.526834530965225
28016,24.734478084400337
28017,28.924645034771142
28018,29.136448285224624
28019,27.800491298508543
28020,30.167727722732536
28021,18.884072284174913
28022,27.567643368244656
28023,23.373313726775887
28024,21.668496190670222
28025,19.75583443773545
28026,22.23260932777709
28027,19.867907348447407
28028,25.220306824865872
28029,20.638226957144212
28030,26.96343094944426
28031,24.955188959992643
28032,20.549036967181458
28033,23.288510856590943
28034,23.853706637148075
28035,26.65101063021128
28036,27.970577662240736
28037,27.300854550125578
28038,30.241155816287115
28039,30.696927069482545
28040,19.387847623345728
28041,26.44484244005124
28042,23.398397836175214
28043,31.53254317365221
28044,33.45813730983654
28045,26.95946801937034
28046,27.317905019751116
28047,15.341008762258696
28048,18.222100142608685
28049,27.67104937956052
28050,33.2926426170535
28051,35.32186313050227
28052,27.873946286175006
28053,27.309945959891195
28054,37.06085844821468
28055,26.01282317533784
28056,22.441755554552984
28057,17.909170945449034
28058,39.82447345878724
28059,62.48640811856874
28060,40.86214023319611
28061,41.23304827183776
28062,44.99227228840409
28063,34.73884177463382
28064,38.21059061610375
28065,42.98997158356506
28066,39.82689354741511
28067,46.920253681756975
28068,38.26087300351809
28069,35.54213082264871
28070,41.19154158693634
28071,37.75465883693247
28072,32.616735879426294
28073,54.60173754888479
28074,39.30364587678423
28075,30.30435696654328
28076,42.87334920901545
28077,38.052763766254266
28078,37.09987057352317
28079,36.49315650247232
28080,49.561328141124314
28081,49.391489044071214
28082,34.65490802148521
28083,42.762557863302895
28084,44.447042286284564
28085,41.16071079242228
28086,44.544131993130556
28087,42.47966793978058
28088,41.049232296643694
28089,43.91303718246738
28090,71.86215044767613
28091,50.57351571933085
28092,33.49060952226582
28093,41.429739313723644
28094,36.49293667130345
28095,47.12053330559761
28096,40.036719592504156
28097,40.92019807044014
28098,48.32422001082462
28099,42.423592374921355
28100,39.350074559796575
28101,39.415979849867746
28102,37.75237917444242
28103,36.63962135402632
28104,31.44188550005732
28105,31.15758696854648
28106,27.201218258478487
28107,29.052102908694714
28108,25.632298859996133
28109,32.0950931168665
28110,29.80176899310063
28111,40.267907792594805
28112,31.34279770784372
28113,29.3126991983992
28114,36.22091765437135
28115,31.204558916131322
28116,28.818609842177597
28117,30.17813056255561
28118,29.941775388662105
28119,24.871747789536716
28120,31.409454690701637
28121,27.793734482491573
28122,33.5496461760515
28123,28.65601225201321
28124,35.36837025477681
28125,30.2688198659239
28126,30.857286840176336
28127,31.205991154511473
28128,28.522208939448852
28129,25.586214392662775
28130,27.001557490077783
28131,29.735887979017992
28132,29.156648351028597
28133,30.549932693151984
28134,27.553104384926886
28135,27.94519486872197
28136,30.494266359132585
28137,30.46794838266389
28138,29.055021711291154
28139,25.116995817699763
28140,31.427012087059392
28141,37.597535425794575
28142,35.124143120150705
28143,31.496754948866148
28144,29.959122702663425
28145,27.98071012988777
28146,28.3808111946566
28147,30.5350713352948
28148,27.899406357222198
28149,37.44876410636395
28150,29.36272902609694
28151,33.82747952268636
28152,36.82751092922823
28153,28.8948617502629
28154,36.14783930975511
28155,28.701374028347193
28156,33.3614342836734
28157,30.870693364390565
28158,30.35674331021597
28159,28.912256555267174
28160,28.698177648009395
28161,25.48920533116126
28162,30.84937199980001
28163,31.743144608114758
28164,35.20517421086137
28165,37.72913723915928
28166,34.44874245987707
28167,25.608178938225063
28168,25.229028523889504
28169,33.86072556494246
28170,38.318478319098595
28171,38.485363383908286
28172,35.00147998634295
28173,37.941656220787266
28174,35.058781393712025
28175,35.8998147956326
28176,36.239405358237924
28177,32.469269361176735
28178,34.15761221666944
28179,35.26503875132403
28180,31.362046536456123
28181,35.729096489530036
28182,37.007459896271
28183,31.91077066701301
28184,36.18571149483967
28185,32.83305800553404
28186,33.951097566110576
28187,32.40775238608659
28188,32.32265560174063
28189,36.63757165478617
28190,40.28596412275521
28191,37.52960971841622
28192,32.76416300555084
28193,33.08384360320911
28194,33.47806204403362
28195,33.41942223857376
28196,32.298495072471006
28197,35.43663003270004
28198,37.475839763584005
28199,37.17629771115104
28200,35.76823706274646
28201,35.11890800862715
28202,36.864501208745025
28203,37.03111688718551
28204,23.153780916591966
28205,30.9763087362289
28206,33.66560486198203
28207,23.66791968011078
28208,42.443831635590065
28209,55.20641681669665
28210,31.129905792165694
28211,31.68669665903884
28212,38.28493614868283
28213,31.3800766466795
28214,27.5025209958956
28215,24.667965542796498
28216,25.732893612087278
28217,33.177358033107154
28218,23.30461317606928
28219,25.549482305430292
28220,24.453777456820955
28221,26.063743179777244
28222,71.6268260039942
28223,15.999430918515076
28224,30.779824598423534
28225,24.59141984559276
28226,28.95628402742151
28227,32.04041336655813
28228,36.63051209357006
28229,32.57854090152115
28230,34.451358310456904
28231,20.768712518583882
28232,14.962012655755359
28233,33.40845307344451
28234,22.02265601961306
28235,83.17167640207951
28236,19.02715372254029
28237,26.994349105682907
28238,36.93598735102474
28239,22.66495110075369
28240,34.71235189979245
28241,20.542126112615353
28242,23.240470144968803
28243,27.18303401090642
28244,28.981821204698214
28245,30.675695782465983
28246,34.513725744453225
28247,30.19221145669045
28248,32.35908116789408
28249,29.4929784857455
28250,24.44428103476399
28251,19.51232109589147
28252,34.03411793657164
28253,32.61184809800202
28254,22.72275772223369
28255,36.257384940883405
28256,31.987060229977047
28257,33.7268637620671
28258,25.08762740419807
28259,33.0610591510548
28260,34.09153511923177
28261,27.33080928577616
28262,30.433537549814186
28263,31.07412657987596
28264,34.7204562807621
28265,33.97114034392151
28266,32.25425499402414
28267,36.46487956408353
28268,38.340933679827714
28269,32.3774258227539
28270,23.690345793687513
28271,31.509138860156618
28272,34.33873289106076
28273,31.938044718060723
28274,36.456368251797805
28275,29.907338953884956
28276,37.63064445919565
28277,34.817521415160314
28278,35.029682372973674
28279,26.974046902340284
28280,34.86560162263043
28281,33.121099731120836
28282,36.69391842068302
28283,36.03581822550962
28284,33.862551994933305
28285,30.41513158463471
28286,32.37365979571394
28287,31.874832413804764
28288,26.474092768990527
28289,34.82111417332329
28290,47.25186861810625
28291,32.90031530836555
28292,35.65942281389856
28293,33.3876491200215
28294,31.922295323131305
28295,26.597703040187966
28296,38.865286039401845
28297,34.27405382965418
28298,27.185523112368443
28299,39.248269839846486
28300,37.503831920313424
28301,41.9453618422911
28302,71.80678402983456
28303,35.66968449601143
28304,35.339405937177126
28305,31.98153742661589
28306,34.18001488611233
28307,46.88298027729541
28308,38.46092571072104
28309,35.095447716306026
28310,41.33459750073071
28311,38.67155995890127
28312,41.09370059841505
28313,36.70269540785346
28314,42.64464418902758
28315,40.41542205476275
28316,27.85782225075988
28317,38.70737245296148
28318,41.383814561211416
28319,37.95621977656769
28320,36.90114625281138
28321,42.043447636490804
28322,38.708878598667276
28323,46.56400639370401
28324,41.96843249038888
28325,41.468594041825206
28326,35.61503703209995
28327,39.68165053786932
28328,42.114186699670114
28329,34.475848915225775
28330,38.99529293535053
28331,35.330978586913986
28332,37.91987930590775
28333,36.85297157248818
28334,37.734729129051615
28335,36.53180972228884
28336,40.52936753882355
28337,44.18837028919981
28338,38.788566937187824
28339,35.904744162953065
28340,42.25937485110022
28341,37.95003216832653
28342,45.076613060589324
28343,39.292322446705846
28344,36.264775383175625
28345,42.72756974093248
28346,38.85833011644305
28347,33.556105342331975
28348,35.742176757370245
28349,34.466125386129995
28350,36.996200100332516
28351,38.91256910432272
28352,35.14405807365004
28353,36.95663862637215
28354,37.3376067084188
28355,34.073733243365474
28356,45.35584478833325
28357,36.07460695312202
28358,41.43131669046059
28359,36.71041384459507
28360,34.141023712278376
28361,41.802052912353716
28362,42.20325159535078
28363,39.525486301733764
28364,42.39946635656488
28365,37.17815356611387
28366,39.16634528114161
28367,42.882647694736285
28368,39.04722875042589
28369,34.76667450924381
28370,31.66146441424843
28371,42.89914501204733
28372,38.011878078608994
28373,35.58266525160879
28374,42.527468504980014
28375,38.071769139236444
28376,44.935214599712786
28377,42.79372739397752
28378,36.044179384316216
28379,32.94937900171161
28380,35.3021033247547
28381,33.607965583205406
28382,37.897795738135265
28383,32.82223506525765
28384,37.883939078266145
28385,42.26840283562619
28386,34.280058269892635
28387,33.57378467765269
28388,31.069011008503185
28389,37.16820394892108
28390,31.533421859359162
28391,36.086686060724745
28392,40.03495537492734
28393,30.924131299376423
28394,30.71636071209416
28395,35.9488046731368
28396,26.011826424663344
28397,25.610750588356478
28398,31.069899995617533
28399,36.00382147738938
28400,35.65220865655621
28401,34.72858089929601
28402,38.61085218842548
28403,35.20257540963373
28404,25.130852963686046
28405,32.426003003087935
28406,36.254892193762075
28407,38.39855206735962
28408,33.50427105046368
28409,37.804384496648225
28410,33.94941661103181
28411,33.04206530684275
28412,27.370806778247886
28413,26.978307927562955
28414,27.862602810481864
28415,39.8329836645038
28416,17.811299650302786
28417,42.32205353609013
28418,26.28921923244169
28419,37.9618840276704
28420,39.71966257498568
28421,23.58030365589343
28422,25.171267411186726
28423,24.74915775302542
28424,26.319354557913595
28425,29.13735468656987
28426,35.086970133608055
28427,20.483294952154917
28428,15.626666391990431
28429,38.06707255832214
28430,28.274531633451694
28431,28.245547029156654
28432,28.13120754858803
28433,38.07445358839452
28434,37.86969206722061
28435,43.12756642752785
28436,39.46308886056898
28437,38.24946961365811
28438,37.89075715408268
28439,37.20136420207946
28440,41.39068075943124
28441,40.04649672538266
28442,35.28913355846977
28443,37.06628321470273
28444,18.855400891528085
28445,42.25721594046304
28446,35.927232336249425
28447,36.45366823773593
28448,37.119385047314594
28449,39.66759431324197
28450,38.92669725390697
28451,40.812947014749845
28452,35.517738371675634
28453,37.78485956083908
28454,34.914040305633506
28455,40.02845449554378
28456,36.68999286730393
28457,38.80956600535233
28458,35.195847013413044
28459,39.015775729029016
28460,33.64950518487877
28461,37.114076832955774
28462,38.26199785552744
28463,35.45691986038872
28464,35.56843642873593
28465,37.08134150262926
28466,33.52461055691163
28467,35.805689153169034
28468,38.098578277494425
28469,27.74644224909549
28470,32.206720400653865
28471,33.679273797779906
28472,23.59664930301379
28473,34.18346404045935
28474,23.76827609157956
28475,30.444718390944576
28476,19.29175801946289
28477,23.36390777045973
28478,33.44150823455763
28479,25.352779033028614
28480,33.087292426127775
28481,25.45389074151819
28482,30.18451910776199
28483,22.22272328029693
28484,24.108801242752286
28485,20.150792982463177
28486,23.291702758172836
28487,37.21847843066249
28488,21.847413965674104
28489,22.429774578573266
28490,25.175909924447136
28491,29.384413338570077
28492,28.617970323275014
28493,24.415956704222843
28494,31.858422315427305
28495,29.67586299223535
28496,39.08339311909687
28497,43.206009417102905
28498,1.9753036710438903
28499,42.33545154210726
28500,37.22023827541646
28501,38.697171547980595
28502,34.09210312468754
28503,19.46856758442274
28504,28.854236882423837
28505,26.3584168480817
28506,33.19992446991517
28507,23.006409910517885
28508,24.569404051881566
28509,23.715437129155028
28510,63.569707098878595
28511,32.27153330095039
28512,27.19526980603024
28513,32.80404468519126
28514,32.24575092585335
28515,22.241159905545473
28516,32.96212038118771
28517,30.81440398409015
28518,22.822202098298966
28519,23.276064229246057
28520,21.060964206180312
28521,31.803882433134355
28522,30.35581028395665
28523,33.430054189449805
28524,42.50395026163365
28525,27.654891040519818
28526,39.38197409112112
28527,30.420244404936163
28528,44.94306554949838
28529,34.631156951817104
28530,22.95305087799955
28531,27.620448550611275
28532,38.807530379241015
28533,25.992750202744514
28534,31.923387210479785
28535,29.400285109380025
28536,30.410179365125988
28537,22.76711529772786
28538,29.090510864904697
28539,30.896099250878347
28540,34.97133328587319
28541,29.937450136523132
28542,25.54668891831518
28543,28.499736880895757
28544,32.63616972988388
28545,32.92077401791015
28546,30.320096486090925
28547,31.950794811628757
28548,20.666050497165237
28549,24.629386698079546
28550,1.628631581062838
28551,21.893520226425288
28552,18.826962187006636
28553,27.702766867499058
28554,22.033087074176372
28555,27.235462778698626
28556,31.825415443397322
28557,23.64131870411128
28558,18.99549765433189
28559,26.943944886147285
28560,31.82599874482961
28561,28.439181012523065
28562,32.93776636333454
28563,29.2900822501229
28564,28.612739360742886
28565,30.256115913169282
28566,26.414462039564718
28567,25.024989641422277
28568,29.89715044259656
28569,42.803487529518726
28570,41.89645470404764
28571,37.1523908371636
28572,67.50975309664788
28573,37.018165159369495
28574,36.03905627277275
28575,42.78146579846047
28576,44.01522250973312
28577,50.54608676098099
28578,75.96183400195963
28579,34.30953092135903
28580,39.67920770046387
28581,43.16788949850425
28582,40.056777200077285
28583,35.336436714968684
28584,50.74061619712414
28585,42.181570610089594
28586,36.35346718942873
28587,36.25483728708664
28588,34.85767175713123
28589,51.26989149089395
28590,44.49561955229152
28591,43.544734032113
28592,35.070455531850044
28593,30.977190754589007
28594,33.8287989107187
28595,54.68349835062385
28596,43.08715507270921
28597,32.210712901152576
28598,34.8475898630898
28599,36.30023559035178
28600,31.74539645668697
28601,39.85477551149997
28602,49.26109046608724
28603,36.0491119605295
28604,37.31759890483957
28605,35.66630997072065
28606,35.09468635321191
28607,46.85870662265481
28608,36.578457976533855
28609,41.409279179129264
28610,43.016569006243174
28611,46.05082720576038
28612,41.892739411308895
28613,43.525362129233685
28614,33.69688315659962
28615,34.80729062826816
28616,39.33212006049334
28617,39.303421641971994
28618,38.64083427669227
28619,41.79661749390241
28620,90.95031075429502
28621,45.55070312299544
28622,38.34789789750718
28623,35.30557016466207
28624,69.26806580092462
28625,39.7055821493297
28626,66.1625274731385
28627,32.66585328713768
28628,77.16479545662614
28629,40.674908642825756
28630,41.27630154450789
28631,28.833892788801524
28632,35.413068043065465
28633,29.936502542816093
28634,28.937915655131803
28635,46.27655314726589
28636,40.365410855889415
28637,37.497847632000074
28638,34.42541729927098
28639,36.91504245647435
28640,35.54300567430755
28641,27.8276604924761
28642,38.7239280271292
28643,25.810597844984102
28644,41.4806168501755
28645,38.47250705975093
28646,34.86060246424697
28647,30.71769066967848
28648,30.449854187194244
28649,76.88217761842984
28650,64.62096194585808
28651,65.85848885979094
28652,83.60219047970521
28653,36.78394496774944
28654,36.79784769255126
28655,41.41523322274411
28656,33.055301843590115
28657,33.510895816219765
28658,51.65126461483026
28659,65.56248000254782
28660,69.81380523437618
28661,34.46567154989813
28662,69.83790594019094
28663,37.85675901511025
28664,21.32633816275049
28665,36.71979387655028
28666,30.51346536050606
28667,34.61310057206025
28668,38.031737241091754
28669,50.94428800246031
28670,41.798418093587266
28671,28.879892935988696
28672,45.38332500393129
28673,34.21931912053334
28674,45.21928410319344
28675,29.926947333482563
28676,43.17763261646627
28677,33.03356717600581
28678,49.22779111675766
28679,42.65077060077819
28680,40.03632124693076
28681,36.624038881431645
28682,30.863472851185307
28683,33.95731123418198
28684,54.03637277808228
28685,38.67196410627009
28686,35.35220290472603
28687,36.62927587478704
28688,41.67830741710723
28689,36.66592594267043
28690,39.28326952967347
28691,38.08686894042291
28692,40.17495035721861
28693,36.26665075658614
28694,36.38307664505327
28695,32.44412629052218
28696,43.31519312964809
28697,38.1216739650225
28698,37.88541535512004
28699,41.60089005298737
28700,33.0232696002572
28701,36.08097950739509
28702,45.0640803605502
28703,32.625644837516624
28704,36.65899035175531
28705,38.57570837025988
28706,38.645038203639345
28707,37.349532334516404
28708,41.0902047386905
28709,32.05364445460314
28710,41.99157250363354
28711,35.57318656084057
28712,47.4494266175702
28713,41.72451950924003
28714,59.148275992763374
28715,35.179208688697365
28716,32.673221835256655
28717,34.06394869799958
28718,20.889135722784896
28719,15.936508568232348
28720,28.65512047525976
28721,30.272798198947893
28722,24.913573801826338
28723,33.941789746956765
28724,24.339321550473752
28725,36.93940649662728
28726,25.246180777253
28727,27.872157882154955
28728,25.910273377474773
28729,41.31873964922277
28730,23.289133492325618
28731,24.96578533030319
28732,28.58111441048603
28733,31.9324559329852
28734,28.505582626625714
28735,31.171461036136666
28736,28.091401662826026
28737,29.738385988677763
28738,29.151472148477932
28739,20.114886890657594
28740,18.26031108591077
28741,24.696848825562554
28742,21.095524754164355
28743,27.08352734527687
28744,27.295596588306438
28745,22.075195853921343
28746,30.847396202151497
28747,31.450961979890348
28748,34.68878349033994
28749,25.26774172252401
28750,27.595929618588777
28751,30.16653533465957
28752,27.63983792777655
28753,25.664671925055934
28754,26.32136368108127
28755,28.17606153196285
28756,35.40043822418311
28757,30.519303030285936
28758,25.283569631300317
28759,31.639209145247445
28760,27.73108248596934
28761,35.252772608368836
28762,27.659443906782673
28763,26.85798623602203
28764,27.221135369386147
28765,23.449306691053053
28766,27.1269635872831
28767,32.0935569325264
28768,25.513513935015627
28769,27.167498821736817
28770,29.914667691823116
28771,28.673356234279066
28772,24.251438947198615
28773,28.634213607924977
28774,27.08060205008159
28775,29.308715370542387
28776,32.53768751961834
28777,35.605219808899754
28778,34.31140187710033
28779,35.16251459014688
28780,24.841407998289736
28781,30.123783639372597
28782,29.382094883596963
28783,22.16842567211014
28784,27.227675401200372
28785,25.662673345164926
28786,30.722154452783325
28787,29.350686839679106
28788,38.95237473625028
28789,33.059801548529144
28790,22.389667601464236
28791,27.26333945353179
28792,21.844521920168386
28793,26.361931107711715
28794,37.41662807545535
28795,25.310994838784538
28796,30.884203921514974
28797,22.08026746965194
28798,27.713806121070462
28799,22.85589405240189
28800,36.20523910022011
28801,28.530200550466606
28802,44.75365546917315
28803,53.7697471018383
28804,84.8727138493788
28805,93.93864030482317
28806,50.55742768714076
28807,65.43715308475416
28808,52.05906597189472
28809,69.61410959471333
28810,41.64234621715148
28811,30.541342750266143
28812,61.589331106582264
28813,84.96411193280557
28814,41.222583966080826
28815,82.83802568212725
28816,48.454271433488536
28817,59.49232108894153
28818,52.740517139901456
28819,51.73164896422172
28820,38.73768390450424
28821,46.2999149276428
28822,43.812372283639
28823,51.23284403182
28824,57.57102216736703
28825,53.46049485082109
28826,42.96350938457459
28827,56.88115949765142
28828,75.8132142636156
28829,35.14395593883749
28830,40.0393116509847
28831,36.731983146673606
28832,32.99074303084222
28833,51.92990125322952
28834,56.55255034724407
28835,43.23922299684831
28836,29.574752578030317
28837,38.58701481229167
28838,65.96660633250255
28839,53.338004534959715
28840,87.315983068392
28841,38.008572435562826
28842,54.092755773544056
28843,69.95825642597474
28844,44.71256329528232
28845,41.127921749094256
28846,86.95116471464772
28847,50.95436428982424
28848,54.371174317835276
28849,65.82964530264236
28850,40.263449593207795
28851,44.43144466998588
28852,64.35856254085809
28853,55.827394616462534
28854,62.94727248335231
28855,42.92163130014135
28856,33.933665182222086
28857,37.057453653764775
28858,65.85284487655807
28859,38.8412014694915
28860,51.91370297067193
28861,38.54297773299386
28862,43.15206160529352
28863,49.57499334539641
28864,36.269731938508755
28865,35.125205158039186
28866,37.28321314856116
28867,33.954907725271006
28868,37.229924458729485
28869,36.9327805613209
28870,42.33640891826911
28871,31.45504015034079
28872,39.297931432522134
28873,36.22180437010868
28874,36.349995995387175
28875,39.149993031714295
28876,38.877838527728635
28877,43.195515022152996
28878,35.692962177847804
28879,37.33191202285327
28880,36.19578555663722
28881,45.38756015392033
28882,37.82825686176452
28883,34.595231776864075
28884,42.5344323627048
28885,37.643273317297336
28886,36.09090800202051
28887,38.406198156498114
28888,36.55349916223219
28889,66.8772324563988
28890,44.619857041614445
28891,37.272194169248145
28892,36.39817503383956
28893,38.41615152540326
28894,35.2323125876731
28895,34.48820972256787
28896,43.64757467710237
28897,37.62584262258545
28898,42.394191854472815
28899,36.42566185196186
28900,38.79601364411562
28901,43.39450496814039
28902,35.14995821030565
28903,41.4500114773456
28904,39.336042237598896
28905,44.88727789357771
28906,44.60088649908317
28907,78.95583040115548
28908,40.111859358225196
28909,44.55107175975767
28910,41.129117909535054
28911,39.25731740269535
28912,46.20497834459168
28913,38.19728164152246
28914,38.881795641754024
28915,31.39719444573406
28916,41.161931983784854
28917,41.248458603678976
28918,40.34526329219661
28919,38.44342954337233
28920,38.608627506609864
28921,38.54923323475106
28922,53.508304600601214
28923,39.44815547087232
28924,40.99246741180958
28925,42.854189442154585
28926,42.94644385938118
28927,37.3366866005808
28928,39.73803001538671
28929,36.2463332774386
28930,35.736017953600204
28931,38.65626653556456
28932,41.60936566579365
28933,40.66761591661765
28934,35.56650196735529
28935,36.48244186056537
28936,38.14786952860802
28937,46.115295165614505
28938,35.11862346175321
28939,39.18001038593257
28940,33.2782221650921
28941,41.00103956703293
28942,34.624376585737366
28943,35.658887187065176
28944,35.400204571003364
28945,44.62283882020927
28946,46.26461672426342
28947,35.611223184562284
28948,35.44961602532217
28949,37.36508839112592
28950,39.53461911788506
28951,34.31987406887952
28952,38.272837718883046
28953,37.52257698270233
28954,39.44798099798939
28955,34.31489048863723
28956,33.20744556724503
28957,35.83631531448568
28958,40.31798311912823
28959,37.7186754039184
28960,45.31466502764629
28961,51.65998231943254
28962,36.64328975792877
28963,29.603578108950988
28964,77.11812673608746
28965,35.021524205719516
28966,42.31739397047114
28967,30.50226302669055
28968,56.42850230892898
28969,65.90768898996951
28970,1.7303277299674376
28971,49.436934066879495
28972,41.17878462251884
28973,34.844984720830254
28974,27.130008620070814
28975,60.613521753685504
28976,45.114436446960376
28977,67.29382778222605
28978,63.458877633993836
28979,38.17734900577403
28980,63.52543457473432
28981,72.9114191648145
28982,26.90899478623288
28983,31.34993173838343
28984,32.787235520364916
28985,33.380987719943384
28986,35.611621465042425
28987,36.02799748457943
28988,38.73446936406356
28989,38.453304465793245
28990,38.59448892095466
28991,40.083025052484444
28992,38.38700540839639
28993,34.342158669364046
28994,37.81995379649972
28995,36.684960095011235
28996,33.096644709415955
28997,42.14894611136598
28998,34.27506787019944
28999,35.22170662069047
29000,36.88939050881618
29001,34.389605745808886
29002,34.506261671365884
29003,42.445656111770866
29004,35.31997342217368
29005,36.1717137393288
29006,37.71374491882856
29007,36.53830468376605
29008,36.62840331878935
29009,34.45069523664899
29010,35.912339710847725
29011,37.971771253536204
29012,37.10969279420072
29013,31.80642313120604
29014,35.223859839076695
29015,37.65987806375485
29016,33.60429486117606
29017,37.05997748822908
29018,35.254185466724195
29019,34.88552138438579
29020,38.19158972173762
29021,37.3643946520159
29022,43.348793183167196
29023,32.74366849850867
29024,37.14939096456888
29025,39.05966234467013
29026,51.42376014594205
29027,39.10976047740222
29028,33.74634322096599
29029,41.367409959857504
29030,34.636930634881956
29031,41.724989236766135
29032,31.41497054503008
29033,26.20189614965726
29034,33.36998609037231
29035,27.9350555426213
29036,37.900811292661466
29037,35.01503332193492
29038,26.73376832997198
29039,32.72210079404952
29040,38.98168781615876
29041,28.174512645062926
29042,26.17524334834273
29043,31.296445812659478
29044,29.82487805474748
29045,27.08674937810083
29046,24.690583246450576
29047,36.6857213237128
29048,23.15128212271097
29049,29.334056857887372
29050,23.016784632839233
29051,33.442226405309455
29052,32.848018759327
29053,30.29715957905802
29054,16.31538483476317
29055,25.574087977217342
29056,33.65190829283651
29057,29.189554733735587
29058,21.7703107633955
29059,22.679904591937348
29060,20.567326991902245
29061,34.35959328252157
29062,33.131286565874206
29063,19.229449945008795
29064,35.32034340225383
29065,20.14539161568684
29066,30.65353559071564
29067,25.043169102569546
29068,27.101720535591415
29069,21.003222573346456
29070,21.916414725607908
29071,17.237114664033033
29072,16.203320230610462
29073,20.443926098289033
29074,32.0265512847192
29075,2.361142349809573
29076,3.9227219321392655
29077,19.960378759897687
29078,24.29939071689832
29079,16.1012731102303
29080,19.062647027063306
29081,27.173955326764577
29082,13.91011091530164
29083,17.552031367895534
29084,16.10172177717083
29085,24.529379311484785
29086,16.021676796057232
29087,17.60242507515467
29088,22.553802107600983
29089,25.34414962824436
29090,22.659072871391594
29091,12.360621751047907
29092,23.27471138045635
29093,35.82267101733695
29094,26.103819212931587
29095,30.233919301616123
29096,26.37792179558348
29097,27.329583422003164
29098,21.01110489938097
29099,16.69675592193832
29100,20.39980923903123
29101,25.82174230354526
29102,30.23079692978719
29103,15.234469944045097
29104,17.39825741368269
29105,17.46616234236656
29106,27.461790752068065
29107,27.800616049848582
29108,14.792691768883342
29109,21.49740024893128
29110,20.77850129824883
29111,25.914056284085017
29112,30.426136331687566
29113,31.71535890629431
29114,32.306409417817335
29115,25.252501134937248
29116,23.117360348289218
29117,20.998040950156227
29118,30.330143766153757
29119,14.319055115651878
29120,25.278788958166544
29121,23.950089982143055
29122,16.29609443458531
29123,14.774239552838095
29124,37.35311660454449
29125,18.11040740217675
29126,34.21371124477285
29127,35.16437218751944
29128,41.159530096363255
29129,34.37422578960791
29130,39.799510203820354
29131,38.030259519232565
29132,52.484873372477175
29133,41.190115545024284
29134,50.232254397887864
29135,37.64787943637082
29136,40.95738159559653
29137,39.062010922237356
29138,48.15735440539935
29139,40.37746220405967
29140,38.87443756395157
29141,40.924963365101775
29142,39.16679904945812
29143,71.51610227145525
29144,85.9333677657948
29145,48.18273279539477
29146,36.46501186697476
29147,42.75068401173896
29148,43.084054792791974
29149,46.61029258626255
29150,40.77300512605981
29151,58.322155230124764
29152,40.31718265664783
29153,41.268714511482564
29154,47.566927085242774
29155,39.893095980651815
29156,38.5836576890136
29157,41.394412096641936
29158,37.17756499520259
29159,42.77964083685505
29160,42.321428451338875
29161,40.71645235884294
29162,37.75248486011699
29163,35.18767918975916
29164,66.58852676064429
29165,50.521394883712404
29166,43.33417849279003
29167,41.41883928353042
29168,43.155908593713384
29169,40.96662118490544
29170,39.37755765620065
29171,41.60119941720389
29172,41.61247376799998
29173,36.0838465099219
29174,37.64987865330964
29175,35.484013555635045
29176,39.54345134061156
29177,34.502469424291725
29178,36.46563432208873
29179,54.08335417474706
29180,42.85059648376101
29181,36.43329124701996
29182,67.83147922309577
29183,41.605619799084515
29184,36.48474457865633
29185,44.20758058070915
29186,37.6606472653657
29187,36.4838537118851
29188,34.84291805075057
29189,32.72392027007424
29190,36.256615203346364
29191,43.12177921457302
29192,38.80541524570125
29193,41.14543619722122
29194,37.27643026352266
29195,36.902987071447384
29196,28.79478555011661
29197,25.93639377051484
29198,75.43574668695443
29199,25.360492429868856
29200,26.10264378923688
29201,21.327032311980354
29202,28.08101678845102
29203,35.14519426351419
29204,35.856020363782136
29205,33.97753248789485
29206,32.9609757208944
29207,27.694415218863572
29208,35.98057596153273
29209,33.857242958867424
29210,15.840594305338346
29211,38.73747517055753
29212,40.91367392748889
29213,34.806430986182065
29214,32.83023868930799
29215,34.92025636723087
29216,35.88057123674438
29217,26.938387737041186
29218,36.08274679769045
29219,33.916935019240874
29220,34.93657593764168
29221,39.98212525031093
29222,44.009527899434914
29223,44.643427591463634
29224,41.33983874249537
29225,38.71673759475104
29226,44.910098199005596
29227,33.118299202593796
29228,38.11871927053016
29229,35.21800353492572
29230,48.5340818191353
29231,41.91555907332841
29232,35.77785250116247
29233,37.63112059900021
29234,40.626116124661586
29235,42.483053402927496
29236,41.687264710544966
29237,40.36447255927092
29238,21.84498880557665
29239,51.86529847531144
29240,43.88536546106223
29241,34.46793503598382
29242,33.99788343892782
29243,33.97194446502815
29244,37.268285776562564
29245,37.87659604274577
29246,40.385311874234034
29247,38.22295277490747
29248,37.88351218180685
29249,41.96997417627037
29250,32.767228164050216
29251,28.8571991303092
29252,14.95689739490589
29253,34.99983890898036
29254,33.59173602142238
29255,39.38076919796661
29256,36.395124654447294
29257,40.58002270817518
29258,38.70268151901927
29259,32.81680563142722
29260,35.87828445492438
29261,43.514979313958676
29262,38.635800037293954
29263,35.528416574577626
29264,38.374945712704815
29265,43.759771268540106
29266,40.45598751313074
29267,34.2722213460265
29268,40.80618023357597
29269,34.94139501364318
29270,43.535764491772255
29271,39.973715368495384
29272,42.37586212695255
29273,34.912893653484055
29274,53.68806059341104
29275,43.7583068036521
29276,39.52314731462818
29277,39.46187649940941
29278,46.33395665565676
29279,45.075428127386054
29280,38.1915620255301
29281,37.830258765743196
29282,34.14363367476604
29283,46.71397461993661
29284,39.828957929631066
29285,41.94574496771435
29286,37.4725252674011
29287,39.93809528978951
29288,45.231144914350786
29289,48.24242301946486
29290,32.24630159037467
29291,42.64938980970624
29292,31.63778854771498
29293,21.71601804629064
29294,25.918607469843554
29295,66.91858010862964
29296,31.11268450734892
29297,59.82495972044808
29298,32.07613489387097
29299,29.544693700292164
29300,33.48628675442819
29301,24.347873178642274
29302,75.95539609324976
29303,38.240221249561
29304,38.192351531338105
29305,48.03406734071281
29306,37.31998265410072
29307,69.58331528649293
29308,66.72611363941311
29309,25.55032714875548
29310,58.98329423077243
29311,24.514364069431533
29312,77.1947695563217
29313,70.83708983562671
29314,27.593257791401953
29315,30.617046621910806
29316,26.19726078776142
29317,31.059788111424062
29318,24.857065373132574
29319,26.684517193364474
29320,44.395594701731525
29321,35.992610965769266
29322,30.132272445327303
29323,31.032899896853607
29324,19.773775267841216
29325,24.476144781463926
29326,30.520635826190183
29327,58.86602993584593
29328,35.02478439286823
29329,57.181681281069785
29330,30.673430712945027
29331,29.604946994232176
29332,30.957581847252126
29333,29.252167589548527
29334,79.21347876546885
29335,38.02834980143497
29336,47.72841800338716
29337,27.94713941598162
29338,23.288110039041655
29339,30.150575300614722
29340,19.651901514278826
29341,39.43646315807178
29342,28.479815541638406
29343,28.926903215534296
29344,29.08056663239527
29345,39.807780776801266
29346,35.98014254565125
29347,33.82382071465213
29348,37.58877706265178
29349,33.75902243342656
29350,37.62489683884967
29351,22.67701847275581
29352,38.16627491130122
29353,17.063154454034446
29354,31.871010712174044
29355,32.70097095947844
29356,38.809453704932714
29357,27.59541403975696
29358,37.703650055931305
29359,32.227695621160265
29360,27.2063973299434
29361,28.632622053231398
29362,36.0855517887973
29363,30.48722160036854
29364,29.704572433239594
29365,28.930624122305773
29366,41.80595757427008
29367,30.377408257637132
29368,39.19657994993026
29369,24.774489910499994
29370,19.544257204438008
29371,31.50629582894566
29372,36.45300632400762
29373,35.29908402668625
29374,48.702551074793426
29375,29.144628160743295
29376,31.687783717693218
29377,23.159471034026033
29378,29.314233508366108
29379,30.658737139625106
29380,33.135772112739396
29381,28.6560909041247
29382,30.91063459575495
29383,27.754836899563255
29384,26.857947165770334
29385,30.096979687297257
29386,31.28216592188396
29387,28.19971983128443
29388,25.74327700502307
29389,31.2685129466428
29390,28.049033848038857
29391,26.978585226765073
29392,26.80982547744006
29393,42.515214767854644
29394,23.674941250967695
29395,28.628981570149744
29396,36.975420455576355
29397,31.0945103137863
29398,25.91983945612348
29399,36.62208530728339
29400,33.00051477647332
29401,31.83578903447029
29402,31.3086539688006
29403,30.103796829256776
29404,29.131639781900187
29405,25.8491061403293
29406,18.084787560590904
29407,30.40731932280944
29408,26.25491803104064
29409,32.11869817221627
29410,27.10580944739488
29411,19.939224877886673
29412,17.99698659639092
29413,21.116103782439648
29414,8.326277038462859
29415,23.324805193139227
29416,26.722950488032016
29417,46.07823340463654
29418,36.030417338416434
29419,50.93718492473971
29420,35.32213688694964
29421,42.318815007785894
29422,40.985819047725414
29423,41.61823628707539
29424,49.74073578919168
29425,48.90868555998951
29426,45.77186019114226
29427,34.07858569460667
29428,38.960035388235646
29429,39.665474746798374
29430,33.031620925569946
29431,41.654116285257224
29432,36.08035230250087
29433,40.28396143359342
29434,41.95517583811447
29435,34.76056624032877
29436,43.749366179784076
29437,34.97038656072859
29438,36.81184461713388
29439,44.07970250477029
29440,41.22190344574115
29441,39.07892627914823
29442,44.302097123128945
29443,39.716447883403504
29444,43.7346232256001
29445,38.22717216130181
29446,62.86827551110457
29447,36.48715985220489
29448,37.45854106223983
29449,34.43644177308674
29450,42.66748006328998
29451,35.48246556733511
29452,33.42692322628291
29453,41.52049964233451
29454,42.08756970635367
29455,31.12963430499445
29456,31.12786167090943
29457,35.70530117895241
29458,36.54896439896485
29459,33.1593728081471
29460,41.561414739943814
29461,39.65108038397355
29462,42.69795351864528
29463,35.46687113376617
29464,37.352304027876
29465,38.54638417419355
29466,43.04374790841251
29467,44.821609412492414
29468,34.2926228595857
29469,35.90832267363284
29470,41.120552407090344
29471,33.47032619811571
29472,35.67095577719888
29473,41.68738158356662
29474,39.03240546497434
29475,56.969216202477185
29476,34.18430327814456
29477,33.46720389626353
29478,39.21275209510101
29479,40.4526093722433
29480,36.99370121168131
29481,33.534357900469935
29482,36.46570034186942
29483,41.03861020590766
29484,43.913213120510015
29485,41.200922014185515
29486,35.37381743574172
29487,37.17861270823901
29488,51.96825138953107
29489,48.50459876576061
29490,36.764035442029176
29491,34.8909586759015
29492,41.20263215676611
29493,33.93103130478709
29494,36.82839933174057
29495,42.46235137086186
29496,37.189057510904405
29497,41.902226836201166
29498,64.84328176413044
29499,32.38452754780184
29500,37.16960427400838
29501,38.27483973483478
29502,42.23018418562228
29503,35.031594495712376
29504,34.04109091064561
29505,36.99981129352029
29506,35.11153813230996
29507,42.27021175959477
29508,72.80460505785409
29509,77.80126650418664
29510,26.719432959136633
29511,33.1242710502406
29512,31.808533878599306
29513,31.609652021870232
29514,28.478489340944858
29515,77.58273590579603
29516,28.12133233143311
29517,28.234577867316993
29518,34.14399482608595
29519,32.477022051304154
29520,26.87558320583327
29521,2.9615475229090293
29522,43.54698356443084
29523,39.693617807414235
29524,55.28886700599469
29525,40.87238284537131
29526,31.361232637052243
29527,31.59637331257895
29528,25.6939262935231
29529,25.9606299343571
29530,32.26880793992596
29531,32.37489219636073
29532,27.33642477225717
29533,39.448402916366945
29534,38.84784729900093
29535,38.56890832352404
29536,71.61375434419533
29537,31.682385219876867
29538,31.65761876940952
29539,34.0081662003124
29540,32.0083116764669
29541,33.27245361251057
29542,59.971791251732306
29543,35.47437774234366
29544,29.786349058161992
29545,32.39381603177046
29546,38.03224310659118
29547,41.042114923654125
29548,34.65111594586807
29549,44.051348310947226
29550,29.362031638178394
29551,30.138991501133376
29552,80.71325294975007
29553,27.63342471182053
29554,27.345004572863598
29555,31.509881598733063
29556,31.272160009955492
29557,32.79314578237374
29558,31.422229705785604
29559,34.57209793233999
29560,31.377615643545862
29561,36.05217480626439
29562,28.50832188011171
29563,32.80577334109094
29564,37.359534533407334
29565,28.33388031762936
29566,27.80584718269651
29567,56.77323873778774
29568,35.98946720021859
29569,26.964297436100605
29570,25.562945849212692
29571,30.504301577970846
29572,32.18715724512105
29573,31.227567939897757
29574,30.256269031655936
29575,32.63932036281074
29576,28.901506074035996
29577,27.830284737265895
29578,33.96183281483363
29579,29.69169988488643
29580,29.08515739745335
29581,52.75803082888633
29582,36.852579278653955
29583,29.633632565950563
29584,31.646713855039078
29585,27.15474769753127
29586,34.87898142869821
29587,16.25778701345135
29588,32.439740461100754
29589,30.737221969892815
29590,27.86907677583753
29591,20.495726140720947
29592,29.46437566255296
29593,42.45087067438233
29594,29.866603101940093
29595,33.437783233052734
29596,26.169218156145845
29597,18.907427379394555
29598,40.91404329710796
29599,37.17225987231539
29600,33.78176570754188
29601,31.44784863573659
29602,32.00458669415196
29603,20.4957523096364
29604,42.59432836516257
29605,39.05134862932024
29606,49.77862705470805
29607,69.61410959471333
29608,73.65314949943786
29609,66.39596195930017
29610,66.1625274731385
29611,70.52287118483119
29612,37.59998012215858
29613,84.8727138493788
29614,55.13202591534053
29615,41.04873931472154
29616,34.0191631824356
29617,36.65173618748105
29618,40.443207246290335
29619,43.889362487507455
29620,76.95687328859981
29621,43.39535245474577
29622,66.8375920326813
29623,59.57919574195292
29624,36.71522364712346
29625,56.805192876958436
29626,35.973419981564135
29627,41.546466734714194
29628,48.952380680090464
29629,74.21682182225344
29630,47.17017950349128
29631,78.94953776375498
29632,55.601128435908265
29633,52.2852641589421
29634,35.90938389578933
29635,82.83802568212725
29636,46.39900627856959
29637,40.1705449836607
29638,42.00092494804925
29639,79.80721373665013
29640,46.32606402989266
29641,70.76230325643563
29642,86.95116471464772
29643,41.56849988438528
29644,37.74905747262779
29645,80.89031714431901
29646,42.86177318523105
29647,48.494474813238405
29648,43.38194203800715
29649,90.95031075429502
29650,58.02782578255044
29651,79.95928864424454
29652,71.53015561274586
29653,40.237204564305
29654,73.8629068092641
29655,37.49618463843335
29656,43.21073705026981
29657,36.55174002316348
29658,42.40971463840243
29659,36.12369466924737
29660,44.37828476459232
29661,34.86342602006507
29662,35.16788266238817
29663,41.95401440566698
29664,41.00360447118401
29665,49.156736768303006
29666,69.84121184143574
29667,53.280301864871355
29668,50.54954922080511
29669,54.411108636992424
29670,56.875060368062194
29671,51.965856075355006
29672,42.4048412778244
29673,45.41802135682083
29674,65.84834255017263
29675,54.19756495013529
29676,66.85719499320649
29677,65.86826508286691
29678,66.63751187646314
29679,54.30992755499771
29680,66.62790155869821
29681,56.87145126794168
29682,66.31910313492334
29683,67.84954503042889
29684,65.85282915882402
29685,65.8846947034655
29686,38.87890569712281
29687,73.4582143019023
29688,49.566063837703695
29689,53.89559330604553
29690,50.26421130656076
29691,53.497956118595596
29692,55.73074230745262
29693,68.89552121922911
29694,57.579245407757554
29695,8.994157482642766
29696,44.84733459479604
29697,48.517542140858716
29698,64.5745364524191
29699,45.828991310720646
29700,42.69040352734514
29701,65.56320104420189
29702,47.792866715683374
29703,36.43076509530537
29704,58.413040347232965
29705,40.00739854021676
29706,46.48854734620833
29707,39.979937206340416
29708,42.45675048030445
29709,40.65426530643535
29710,43.88459349567812
29711,47.501273469708345
29712,39.295495491435
29713,33.93827723561329
29714,50.94019329748969
29715,51.160351969978684
29716,51.12070145239282
29717,38.7829574840381
29718,40.546963294347435
29719,45.647582312907765
29720,38.06497404132202
29721,43.67789861272068
29722,36.2308913114859
29723,47.67842444197744
29724,45.91142965906593
29725,50.032889455817966
29726,39.352583764535765
29727,40.1282395388787
29728,38.24282561988137
29729,39.92697804139095
29730,38.89800652680646
29731,39.21016937794728
29732,47.05108299867652
29733,38.8179856391196
29734,44.057658939784304
29735,45.59273298391666
29736,37.58483440164899
29737,33.2288515889156
29738,43.901014358927995
29739,45.102561804916064
29740,40.10198708959771
29741,42.45673193570279
29742,45.00125920480504
29743,42.31772491187945
29744,45.346739354306614
29745,42.05591502149607
29746,38.86837656437938
29747,39.95900384500964
29748,29.42304253615219
29749,39.32891944786063
29750,42.01240352924352
29751,38.581046724716
29752,39.77726909081154
29753,32.7305452248206
29754,41.665800004475194
29755,45.3042433805338
29756,39.53107149774229
29757,37.317757751972884
29758,46.944673254070274
29759,40.665423843302065
29760,43.22535046317257
29761,38.48621078374537
29762,42.72637197610464
29763,50.442385636449416
29764,41.00596626802094
29765,28.220957491574133
29766,39.08811035646999
29767,31.15785131588347
29768,27.769240601898183
29769,26.85035322397628
29770,39.56487522549619
29771,29.237797544638735
29772,32.21315112988234
29773,29.62964237171857
29774,39.65047490437721
29775,87.83005170065641
29776,41.52362828312348
29777,40.52587135590606
29778,40.243245880268006
29779,40.08390150784714
29780,74.9640770276383
29781,40.12899020692551
29782,35.5934736605934
29783,35.59557404994788
29784,44.88211363493745
29785,70.85700227555249
29786,44.349749387096196
29787,23.962287105703336
29788,46.045319088829984
29789,39.941536862867586
29790,54.66370763286444
29791,41.95778735168548
29792,42.29110989481914
29793,41.23645265168883
29794,58.0785070091841
29795,61.972902926007045
29796,53.76055783713702
29797,42.91633224094216
29798,87.95285646875645
29799,43.781447468247954
29800,42.277534331200165
29801,30.96946844695917
29802,38.617740005701506
29803,47.26481306567084
29804,60.6325637144054
29805,36.254892193762075
29806,51.3335318858692
29807,54.056060282607504
29808,33.95889314814254
29809,35.512683095955694
29810,33.014181868187805
29811,36.62197372621758
29812,40.248773686390784
29813,51.46968336757371
29814,41.078157897888374
29815,52.813205578282
29816,67.86687074811003
29817,36.20782401962869
29818,35.01887553594019
29819,60.60682187310713
29820,37.99843416930503
29821,45.809719204658116
29822,36.20043921409467
29823,54.88885675501714
29824,69.31845289494977
29825,44.169600486107946
29826,39.25023486545461
29827,26.02899102027226
29828,26.670307195117132
29829,50.98204260482063
29830,41.23256938621395
29831,67.84726184392494
29832,31.353550833536133
29833,38.029360187099364
29834,41.62127794145123
29835,42.52723565023707
29836,50.61961699380574
29837,37.734122645933475
29838,43.852424264053845
29839,42.87769996312909
29840,42.873226617764416
29841,39.71518396869595
29842,38.34822685440543
29843,37.015083938136705
29844,42.53839734979348
29845,37.158437873834984
29846,45.79377726215909
29847,44.43983254386092
29848,40.78482873189668
29849,40.972670966919694
29850,40.86216277151454
29851,38.68145098878306
29852,29.477660843896086
29853,43.98386099206623
29854,38.36128245335966
29855,33.78278996281204
29856,43.55643842871743
29857,36.86778193302697
29858,40.23918490816685
29859,32.52078502621797
29860,34.2605536992789
29861,36.90563035759306
29862,37.99036626800078
29863,32.68118762187081
29864,22.412296400549984
29865,35.258947016168975
29866,36.32531956782778
29867,39.85642903425722
29868,32.93566289004412
29869,43.966292926992864
29870,38.63790133832141
29871,25.82656965865569
29872,42.66533183295291
29873,43.05440329600167
29874,38.77591501470349
29875,32.083544250400706
29876,41.99737403873552
29877,43.93571597809754
29878,28.541565560201757
29879,40.26967597558965
29880,42.637096753193546
29881,34.56294485614981
29882,37.521616661485524
29883,44.570380554319065
29884,32.83023868930799
29885,42.44687123421531
29886,32.159808059725286
29887,39.29770304624409
29888,42.34376374173665
29889,28.384944297837766
29890,40.60811213270543
29891,35.11765310745764
29892,36.80638295653371
29893,45.49122595635215
29894,44.88114542669475
29895,33.78967780563113
29896,45.995391286095405
29897,34.30908066956673
29898,39.91949850215418
29899,31.24397239943652
29900,34.648072572090406
29901,36.975610626352044
29902,35.739032339006975
29903,41.641989486909395
29904,41.830394722344664
29905,43.80049623771958
29906,39.29075023138099
29907,43.26134037725286
29908,42.23823824868774
29909,25.748314870769104
29910,38.53241772604741
29911,42.92118840204339
29912,38.22359006427616
29913,42.881479887843696
29914,39.89393822059206
29915,47.86901005619275
29916,40.69247186853872
29917,42.10118987911747
29918,27.947170175683183
29919,47.06510797155085
29920,41.63609084414985
29921,44.40729808623662
29922,40.51878948170483
29923,44.13829308147866
29924,36.63775416798102
29925,32.096950728794376
29926,43.37442278266048
29927,33.5624609398381
29928,42.64663741717444
29929,43.16105556182152
29930,37.33106011982122
29931,45.52168158549045
29932,43.8117309623008
29933,44.59282381785827
29934,36.51895219625924
29935,32.55639443148789
29936,47.10665806065543
29937,34.779385814512
29938,33.327302572943715
29939,42.74509830740438
29940,44.629835709942526
29941,66.95623265247046
29942,40.86249135364569
29943,53.570704139333216
29944,35.958970729719226
29945,52.58004129782233
29946,39.572553564969354
29947,64.84047544715426
29948,33.478729952725004
29949,39.82299680958807
29950,87.315983068392
29951,34.601332241773974
29952,48.223915258865745
29953,38.13293946570819
29954,36.85690051694051
29955,40.036504329952265
29956,50.234382767656236
29957,85.93669267034883
29958,37.504578769579744
29959,47.408943899721606
29960,66.86136376211489
29961,41.02828146536376
29962,60.72346370038071
29963,29.072671918559344
29964,48.22999223202641
29965,44.335388884323855
29966,34.634850153969595
29967,42.02440027260052
29968,32.69860580649433
29969,38.48251574306466
29970,38.616776306923974
29971,42.474866102371784
29972,33.073631147400654
29973,27.766991009878204
29974,44.73230285470815
29975,36.51110311020363
29976,83.70117900140339
29977,33.995728854816676
29978,46.210539565655566
29979,37.431540061783316
29980,69.26806580092462
29981,40.263489823424145
29982,36.69758930867797
29983,41.17671693434166
29984,47.7274339218083
29985,62.79448285451181
29986,41.86213523616593
29987,42.62529507013809
29988,74.86040008287242
29989,55.97003530477193
29990,66.81789997667696
29991,42.46659456067632
29992,39.28179653096652
29993,49.18725937570734
29994,40.19653514106149
29995,77.8532878002913
29996,41.98541767754808
29997,33.26086554201774
29998,32.85552806357811
29999,41.44186858096341
30000,74.88530789561135
30001,73.73321849457302
30002,40.34403669174621
30003,53.97008243390082
30004,44.77056974869543
30005,39.45535155825476
30006,20.827989188925063
30007,67.96077205671816
30008,47.88901991402643
30009,44.850060258504804
30010,46.66551061394744
30011,63.34904451416942
30012,66.8617821949619
30013,54.55927111145632
30014,40.26883127111049
30015,23.863608970258205
30016,37.31918452815234
30017,39.193389568683315
30018,35.65204275808687
30019,45.894100185661664
30020,56.68633924247116
30021,45.71424605070978
30022,55.88506085730142
30023,37.655085744362104
30024,44.62781141928211
30025,43.864606321193754
30026,39.50522432060653
30027,43.675259602739274
30028,65.7858297660863
30029,44.80660112625684
30030,54.9083409365107
30031,44.879658742805596
30032,42.88016096100764
30033,50.648701677830914
30034,64.81142216071859
30035,45.86352622056169
30036,39.90003223050066
30037,47.901795687413866
30038,45.18990184664077
30039,43.21767587831799
30040,44.346881789039074
30041,80.79588000819476
30042,57.88720845143112
30043,46.619435903946524
30044,52.69889953160611
30045,45.7361128329251
30046,44.40113860295888
30047,40.083905292680335
30048,45.314893300136724
30049,41.5219568820758
30050,51.19210474853322
30051,55.91122152494507
30052,43.168571215363656
30053,43.60243741679076
30054,49.72495905084971
30055,33.188697765530605
30056,38.73448133123799
30057,80.87479010398344
30058,50.442245723547714
30059,44.90638248171359
30060,48.94961051399544
30061,36.28919847052581
30062,75.29104908966768
30063,70.56088659965212
30064,36.612858288741236
30065,32.76550960362419
30066,36.40737795399797
30067,33.17902509710352
30068,36.675232413964316
30069,17.76400250369975
30070,42.73099929916003
30071,38.586305814838276
30072,67.22192859110105
30073,66.1263793951743
30074,32.48519656027494
30075,76.5014574405618
30076,43.816653299034556
30077,43.48441413697847
30078,33.4925640902141
30079,33.41019046200247
30080,28.184173185665294
30081,34.697140208133405
30082,39.36617120971174
30083,39.81621085200923
30084,35.68122446166793
30085,69.3852858490087
30086,36.855814680922265
30087,32.03379692289151
30088,38.22521201329533
30089,34.28363359379689
30090,65.11552508951648
30091,41.021888063648156
30092,72.50832657944173
30093,32.027423334834936
30094,35.1345851478824
30095,76.56433675513146
30096,43.91150079464127
30097,33.232591659556526
30098,37.8415866676896
30099,24.703667450077347
30100,30.937277922903377
30101,31.668992953962874
30102,35.9811078077262
30103,43.9641697912048
30104,38.919113668488535
30105,32.72638512180542
30106,41.92649750285392
30107,28.335553741390978
30108,16.721886108575752
30109,39.1386216920477
30110,33.25447232054404
30111,27.356541532423694
30112,34.7493901342491
30113,28.911691195319545
30114,36.26214710350993
30115,33.09787672421211
30116,33.1358406642077
30117,45.10789604721913
30118,29.778009990418287
30119,33.81151665272699
30120,60.36837664124798
30121,41.4192122690774
30122,33.72410255775307
30123,34.09110645658147
30124,40.22111568176132
30125,35.53537888707608
30126,30.096995745485426
30127,35.330750796699306
30128,41.57946321801323
30129,10.343727225917016
30130,38.477746655409604
30131,35.16370620439159
30132,28.35409275683169
30133,37.09862808023069
30134,35.06387445037934
30135,38.80489661439848
30136,30.256704354771536
30137,44.88975559914368
30138,27.681010151448785
30139,34.97399575694403
30140,47.85509389741505
30141,31.309017071750905
30142,37.80160856356477
30143,33.694292340094414
30144,40.77681239368695
30145,37.34379049561345
30146,39.366792133442665
30147,38.628524047544914
30148,29.51233280178827
30149,30.00468542010486
30150,37.73485751849529
30151,33.45306259969437
30152,31.48374014990044
30153,29.531251124987243
30154,34.879799971804296
30155,28.768809924997417
30156,32.59120068743719
30157,40.35421271463223
30158,42.0371864392744
30159,37.675665438784556
30160,33.48586011794655
30161,4.703435930153449
30162,0.0
30163,43.4003014350967
30164,44.70942435134244
30165,42.44599272280398
30166,33.178227394912824
30167,45.737874171753745
30168,38.82704633231125
30169,45.4786015205758
30170,39.4387688244672
30171,47.77637473507771
30172,29.85202461641884
30173,29.495127134106045
30174,38.67678778796949
30175,38.33687241063095
30176,34.08350404282884
30177,43.40023643635055
30178,43.40281137526802
30179,43.04809637008023
30180,0.9860024127536361
30181,40.81093240907588
30182,43.2914392572207
30183,30.361923418010658
30184,50.17418497860294
30185,29.597417230493175
30186,34.96029528558598
30187,38.5099835558981
30188,31.929783812197233
30189,42.21921581659747
30190,4.7132950522861385
30191,43.080761249468274
30192,40.847581491456765
30193,29.164865113134834
30194,46.14372328127797
30195,39.242783089617326
30196,78.94480324794618
30197,97.91977864930621
30198,92.83927937307426
30199,94.86007087885721
30200,29.50894953933243
30201,97.91722452145969
30202,98.79478648325376
30203,97.94302667588252
30204,96.93035470368531
30205,47.6737894634163
30206,96.80955091074775
30207,97.938662226074
30208,45.71719291420609
30209,97.8204785879368
30210,96.92007300953452
30211,28.806255274055772
30212,87.84134208460678
30213,22.946459116209326
30214,84.63873177405046
30215,95.9328333484136
30216,87.94172827183834
30217,24.80432226333346
30218,93.95431116292401
30219,87.83406979162632
30220,23.94582818080798
30221,93.94660704756707
30222,56.880047952826295
30223,94.91157555706671
30224,22.948289053138723
30225,86.82879592328878
30226,93.93747126544558
30227,51.89567671612279
30228,20.867361635374433
30229,92.91450761689626
30230,46.58624202222339
30231,92.93236252569167
30232,89.30440632918506
30233,25.856619897246222
30234,85.88586015462607
30235,82.9561703390059
30236,24.92690439682182
30237,93.93545790306379
30238,49.74542367426599
30239,85.84415830396416
30240,26.94257843882105
30241,91.95185326632323
30242,89.93753663757461
30243,13.966442598310326
30244,93.9386050042277
30245,83.83932701232197
30246,17.955932871206766
30247,91.9378092552219
30248,91.92697439190792
30249,38.1638119761308
30250,90.79629588966732
30251,38.93004870865631
30252,86.95066808863952
30253,92.91968398146051
30254,44.86548582276471
30255,90.84357620746339
30256,92.93406626510382
30257,25.932318154343466
30258,89.89169185607655
30259,90.92190450356529
30260,18.952672759748577
30261,87.80928369543938
30262,87.93878860625753
30263,41.91302571488347
30264,84.92453171937078
30265,90.95036852202703
30266,37.71811532053884
30267,91.28479244878827
30268,88.83281150748499
30269,13.96763217215124
30270,90.9304140601245
30271,13.922765744237763
30272,26.94365642981051
30273,72.89156897610528
30274,72.58873045153456
30275,27.930202798533728
30276,65.28503097991013
30277,77.56707252340235
30278,25.942433031322366
30279,66.87788175634887
30280,46.96188096225621
30281,65.73412914108455
30282,82.84518755254531
30283,44.90457873793295
30284,68.36249141262967
30285,66.58560966447277
30286,28.935666458851706
30287,79.94582949950623
30288,89.94716135431665
30289,29.716679312278664
30290,76.4660290254613
30291,69.58063125769893
30292,78.68594411271594
30293,46.674965152313916
30294,41.0506646714489
30295,53.959326577575844
30296,43.19678403635372
30297,83.37632857494735
30298,68.81101646175708
30299,51.59099905489912
30300,76.85091128948638
30301,48.45297366435321
30302,51.49943509794383
30303,45.8120458822556
30304,78.76656324978414
30305,49.79941542503822
30306,41.42825154791734
30307,82.91888864745846
30308,78.8158796786511
30309,39.98977609617271
30310,78.79188040176467
30311,45.464714632917804
30312,40.30233741687703
30313,86.92983592898356
30314,44.595054855644825
30315,39.22497953385248
30316,37.867354297308154
30317,44.27192278220239
30318,47.405820076690325
30319,40.818642967507195
30320,46.72919049710118
30321,57.99320418593659
30322,87.91371028434149
30323,61.835619940754825
30324,39.7602319312192
30325,45.323778543648196
30326,43.58207202137701
30327,34.48991762873744
30328,45.054797291880504
30329,49.27074027788008
30330,48.14983149660171
30331,54.82482258469311
30332,45.68814308401408
30333,46.20334461103283
30334,45.56773267910833
30335,39.91348509823324
30336,55.14980086169499
30337,90.94371219378417
30338,55.09069583892002
30339,40.330928821213234
30340,41.023411890570884
30341,42.61271797472306
30342,41.8440164141008
30343,43.98794193195946
30344,51.1487765487916
30345,46.362269837463046
30346,40.98224204217292
30347,43.49917830353985
30348,47.38896932456425
30349,70.82374690139737
30350,44.204719530055925
30351,53.194000891961345
30352,42.72095246832812
30353,40.98325576212609
30354,42.00263055159708
30355,43.19940172692214
30356,43.38048128406943
30357,45.11883900137245
30358,44.71991321265268
30359,43.062382005053344
30360,42.24841549295938
30361,46.529937283478105
30362,42.532804685647605
30363,77.85948897178386
30364,73.85111140563353
30365,43.737242391383454
30366,65.60442976123873
30367,43.44179797005775
30368,54.677690811848
30369,84.92444166248355
30370,44.81973811255127
30371,72.82482633265882
30372,44.430529156106964
30373,41.31881140949184
30374,38.20910840818513
30375,44.05674923204891
30376,40.11793017057637
30377,39.0620548799991
30378,86.81587529220546
30379,39.45285585814824
30380,44.916138937611706
30381,12.975932064962862
30382,40.951788633338204
30383,37.862564271301274
30384,40.68387846852381
30385,46.74319081419949
30386,85.79758853354713
30387,90.94538317032278
30388,92.94173532805576
30389,78.30011139577775
30390,48.91119806949303
30391,40.53917000061537
30392,70.95879884983552
30393,50.88991578123812
30394,71.48965949993035
30395,85.94797163325927
30396,78.81728742605873
30397,35.05590134632909
30398,76.48419476458282
30399,80.86921833070582
30400,55.3616198100534
30401,42.02271014786905
30402,73.83701703818343
30403,45.06932436948714
30404,23.57728323361782
30405,39.35918736835286
30406,85.67170021140223
30407,79.84719147235565
30408,61.85550595105654
30409,82.28391809218711
30410,52.586538378802736
30411,40.69816745010925
30412,69.50589228231725
30413,51.18983837149672
30414,84.78353721274648
30415,20.381000655399625
30416,74.24353921971448
30417,75.62637897137135
30418,78.9336111943061
30419,68.7470013806538
30420,41.7229424206354
30421,37.72751112146484
30422,53.66539754933436
30423,92.94389278986705
30424,85.35374079095915
30425,43.63417991972041
30426,50.51869689221615
30427,75.43394745309901
30428,89.93816618169795
30429,43.221753347169155
30430,32.843599739361146
30431,37.20625303680119
30432,73.79364998732676
30433,30.0583630726436
30434,36.55600361928876
30435,59.61252823851649
30436,69.29059001653366
30437,64.05116365388028
30438,74.49831630349745
30439,76.35642463758958
30440,53.70289077819676
30441,73.28640919397962
30442,70.84582428675466
30443,40.707552402952
30444,75.51553613022628
30445,38.275534544582186
30446,81.91904192109719
30447,78.29695341395878
30448,76.63162491207908
30449,76.6686561895392
30450,83.84957589274688
30451,79.6063774569416
30452,66.47217184224533
30453,74.37479829509235
30454,77.53702548392008
30455,31.08433168283734
30456,81.66542676935539
30457,66.68914974560683
30458,78.83999795925402
30459,76.91798019756995
30460,69.34645230367175
30461,80.35436447086315
30462,44.37842958072287
30463,74.95573706045258
30464,80.72774878211982
30465,42.30545796972995
30466,82.72178097737985
30467,76.72454371236103
30468,82.66327166280756
30469,40.44502667764074
30470,75.76975084294781
30471,45.230532030545184
30472,29.265690389690853
30473,44.69604918515406
30474,54.95926489156959
30475,29.73704125510144
30476,26.962328974751983
30477,36.479072644174096
30478,35.758565108723005
30479,42.53498984336564
30480,25.47163170543864
30481,27.693304354307656
30482,30.644218851706242
30483,43.07929129771409
30484,65.24250034356668
30485,30.771401411311526
30486,56.25554656616423
30487,40.028182795072816
30488,27.22229511615682
30489,31.768379641946574
30490,29.467061333344947
30491,28.88809480204642
30492,32.27984937968354
30493,31.03019124325575
30494,36.31268863629638
30495,40.761210636449206
30496,30.46776161225258
30497,35.20889778997508
30498,31.37187832019369
30499,40.00180287567749
30500,38.74350989100271
30501,49.091717640476304
30502,33.64635144909134
30503,28.75353172331943
30504,43.64833619348785
30505,43.39294932844314
30506,37.11336706867076
30507,47.55195731242248
30508,36.67335095675112
30509,42.32245155260677
30510,39.96316255544056
30511,38.23628258658636
30512,39.85502757779321
30513,37.67261476556266
30514,45.00481759754175
30515,41.36891983175587
30516,38.654938857355596
30517,42.68946934767692
30518,34.714763106412136
30519,39.63561518703663
30520,40.53508629259563
30521,58.54138848480947
30522,54.521392143032394
30523,45.4187960758464
30524,44.35857651563208
30525,46.20058926179808
30526,45.71342032240202
30527,37.975885194935465
30528,42.74544883367987
30529,42.42943296958293
30530,82.50971518722102
30531,58.3757131368176
30532,43.12632159809883
30533,54.434457651042926
30534,44.83865494489235
30535,44.45094248156707
30536,44.58593969821686
30537,46.893659812413546
30538,44.31481929454636
30539,66.48850428184014
30540,45.256164513273106
30541,52.261056834519735
30542,44.6613948296714
30543,40.83221024312799
30544,43.332153640463495
30545,41.01764466074213
30546,47.61045148104387
30547,46.11403494015235
30548,36.08487011866473
30549,43.02468812653312
30550,39.737555152263816
30551,39.65272052641758
30552,36.14077070109354
30553,39.93385936539351
30554,38.41819765521091
30555,42.52616106467172
30556,44.358452953544166
30557,36.82237068817317
30558,35.46952194169237
30559,37.919791873343875
30560,45.12526375747395
30561,39.377685093217714
30562,41.7037180164218
30563,35.39578805064255
30564,36.7697639205627
30565,42.44938328891204
30566,33.91443174432539
30567,34.48723610142172
30568,36.78452800199171
30569,35.83744760299871
30570,30.91699546176599
30571,45.3486075115642
30572,65.00784913117342
30573,49.92801321856343
30574,43.48279871339801
30575,33.811168474504065
30576,32.12117216936238
30577,44.059709735394065
30578,45.91315282583344
30579,37.37359959254236
30580,33.809288331993166
30581,41.146137932466345
30582,34.06715521576967
30583,39.19244688250892
30584,42.95282893575602
30585,43.444211379015755
30586,38.362215294315625
30587,34.47914940655665
30588,41.91717160142406
30589,27.526406455260144
30590,39.98352111966082
30591,73.77244406102703
30592,35.96698430721776
30593,36.06283203030639
30594,32.92221786614755
30595,33.972093052949155
30596,40.55463921987521
30597,33.52360711315689
30598,33.862212279421335
30599,42.79442792876753
30600,33.48553920068795
30601,37.148540777290606
30602,38.00734108039588
30603,32.54010960007034
30604,36.22075614425547
30605,35.31492904148935
30606,45.567056718699995
30607,34.85167960189377
30608,37.888200625862495
30609,42.195890462785734
30610,33.419894897666325
30611,67.84127088712046
30612,34.85918290645804
30613,33.29876261098518
30614,37.03255811017336
30615,34.47048083343124
30616,30.950124517961992
30617,43.11146068754615
30618,47.866160430748565
30619,28.838076291738325
30620,69.79271693622863
30621,50.01694788270111
30622,69.91908040519351
30623,42.108969189039314
30624,75.56804794803928
30625,47.14325755084767
30626,74.99932742643564
30627,63.707983305886785
30628,78.6747799293488
30629,84.79305518906423
30630,67.69835919074332
30631,42.13820407651817
30632,69.37182033178193
30633,57.10277921933468
30634,47.342352736181866
30635,41.063123369425064
30636,40.48586830004283
30637,76.70714662530867
30638,75.74947527171626
30639,75.1279900056017
30640,44.1959228841832
30641,70.73123523842463
30642,45.914215726548264
30643,53.32757340902696
30644,51.43879809346848
30645,42.79197863817012
30646,77.1947695563217
30647,31.1767220914332
30648,82.4564991607443
30649,49.83672700747074
30650,60.29520642060658
30651,37.2640083587847
30652,45.752925040155866
30653,51.73105124808176
30654,58.150063219132804
30655,52.120156090701755
30656,75.06752613192123
30657,74.76576116079269
30658,37.422094549920324
30659,81.78745525030332
30660,42.55407173238004
30661,77.08983807864841
30662,71.66295859271506
30663,34.614178198696074
30664,41.72939080811255
30665,75.98716726102283
30666,41.89836298848343
30667,48.76813547571641
30668,75.41311118072072
30669,66.90347407070595
30670,51.103455485437586
30671,43.297649249671636
30672,80.16096800559754
30673,77.50423305959141
30674,69.77980553631261
30675,66.06439081286172
30676,65.61511866246833
30677,77.29521489954911
30678,79.21347876546885
30679,82.65375830326784
30680,81.7379803217086
30681,76.71448919641722
30682,80.80462919177165
30683,44.963619923605876
30684,63.90252339386576
30685,51.21532107089118
30686,50.30691466648462
30687,74.60160391491875
30688,45.37069187015109
30689,44.12562706333047
30690,75.00604408419987
30691,72.77447925556956
30692,37.31930826608204
30693,72.09898963086653
30694,29.10168026211588
30695,57.10844580313174
30696,65.60831418468585
30697,44.22614340059235
30698,40.138385922836136
30699,54.34144288234998
30700,76.80566635450384
30701,38.8512549411272
30702,41.82792861436385
30703,39.01344856101825
30704,43.1608792671546
30705,44.73078769311791
30706,41.94891778148166
30707,46.272524880910815
30708,48.28221910533706
30709,68.70613005958148
30710,42.34280389220966
30711,41.78337675562942
30712,44.88967893051183
30713,60.37785744364568
30714,44.95345670575752
30715,64.52690540264305
30716,21.415852221190693
30717,42.40851788167025
30718,35.49804216220653
30719,30.45340433133002
30720,36.543168237332544
30721,36.85037669853617
30722,39.13673377250823
30723,62.68869494174358
30724,58.44630744286681
30725,60.228783773411266
30726,31.277940603439397
30727,32.22860511649765
30728,72.7596044526058
30729,60.97928351012074
30730,63.79025451447847
30731,35.314981136266276
30732,40.79863957105418
30733,37.06854390593406
30734,43.22024915314022
30735,39.423757090588275
30736,73.86037853344105
30737,42.82884733116551
30738,39.61252594484977
30739,35.522747969612986
30740,40.10138479909867
30741,37.0389806668681
30742,44.18059865958913
30743,34.3439406089617
30744,70.81026961005455
30745,48.58654448231676
30746,49.98411923313967
30747,36.69769580967177
30748,46.98007141844937
30749,50.48817544666031
30750,32.01003158832608
30751,44.137567061849964
30752,31.829682404704833
30753,36.70257983972603
30754,33.93836655333944
30755,31.886126437276303
30756,33.55131184115242
30757,34.84915162295388
30758,48.05365412441718
30759,40.12415896872778
30760,10.895964516517521
30761,47.51168520025034
30762,32.42238489876583
30763,34.811613696987685
30764,36.65596743698771
30765,38.28453671112315
30766,38.96092035547538
30767,43.59035067923495
30768,47.797186699378486
30769,35.974382086643885
30770,37.49736701176881
30771,42.63390464140756
30772,47.28928276546046
30773,32.12237965589774
30774,27.925935776475832
30775,34.42417772857661
30776,47.89389576874315
30777,72.75512640236813
30778,41.03503901987487
30779,57.41821019433801
30780,39.57581720116509
30781,7.79282330635325
30782,42.763674968674536
30783,39.1464805713312
30784,52.683798650531585
30785,30.49202543255818
30786,49.90313859170535
30787,40.81569580039342
30788,48.564266706567565
30789,36.04093235720954
30790,56.03178361915662
30791,54.07873352050393
30792,56.79431330052187
30793,42.73253258688388
30794,75.5711460849943
30795,38.590652521570206
30796,42.088239874859774
30797,41.053996430554506
30798,29.332645315776304
30799,39.881704217561506
30800,38.94134448614524
30801,45.14736177771279
30802,42.87176071943965
30803,43.56407427897977
30804,41.76995815724614
30805,22.811428663499886
30806,34.91249187725223
30807,40.2360765441509
30808,33.065018652740285
30809,42.473440079854484
30810,33.454390248080855
30811,44.08166657015766
30812,35.09390054050555
30813,41.99155891149453
30814,34.72158211126187
30815,38.8578792328116
30816,35.728804739982436
30817,43.938124774915
30818,33.06088676379261
30819,37.6717868279109
30820,33.19355634948301
30821,37.71027537543903
30822,37.63807615166238
30823,40.76170218107008
30824,43.3838776022954
30825,37.25193952477729
30826,77.8149108560172
30827,39.761970674076316
30828,42.02741968437752
30829,41.87910925652086
30830,41.27251599197447
30831,37.11057123546696
30832,29.716261229697277
30833,40.89181415449644
30834,37.14597004516921
30835,41.93750961711053
30836,40.05521920829606
30837,40.02055364811761
30838,32.78939147823697
30839,33.00372451707648
30840,34.81150454656394
30841,42.38727058884139
30842,37.32210904541008
30843,36.31912291836456
30844,82.0414527329261
30845,44.66697726348432
30846,46.91794381706124
30847,86.94767568970849
30848,36.910225355439685
30849,42.43031880533888
30850,48.12626888391506
30851,41.01501576175813
30852,3.732236152010693
30853,31.173269270064758
30854,55.42428901581617
30855,45.2436185719189
30856,75.81802568664453
30857,41.34779008758478
30858,45.92088263709308
30859,28.03252082050911
30860,2.968119053678486
30861,19.651901514278826
30862,77.33345853634943
30863,57.866878302255834
30864,39.21591031778401
30865,72.2901161192957
30866,59.56970406619467
30867,36.33743210732277
30868,44.38328765374074
30869,45.37720302961218
30870,73.60029914875534
30871,72.65488284719076
30872,70.39606899173447
30873,68.63354015194531
30874,51.394212197803995
30875,69.2833427756947
30876,63.73266074791249
30877,40.559462805906
30878,16.673500441264714
30879,38.90284615998762
30880,33.704550356787074
30881,30.620003580262722
30882,34.313995654059426
30883,31.367856910099906
30884,37.80881776053392
30885,31.357460601113377
30886,30.713528770870017
30887,59.27600529873158
30888,31.762153013074155
30889,66.20906685580131
30890,36.44965431830389
30891,33.26145415139557
30892,25.913011502360348
30893,35.04718637748056
30894,27.94694720417522
30895,27.730274671026592
30896,30.784228461926467
30897,33.79854237241209
30898,37.60296246848201
30899,35.266234049067315
30900,38.39125012400249
30901,33.23300469276556
30902,58.64387085784983
30903,43.67704540387607
30904,34.367422228635895
30905,33.96679365474703
30906,34.47004357828435
30907,39.563672818503754
30908,39.712387083710205
30909,32.42631093352444
30910,33.282465555260806
30911,73.81068262203655
30912,31.48027221178028
30913,61.97357220362696
30914,33.98431828934345
30915,32.73613866022527
30916,80.78509021016657
30917,26.3471603621797
30918,24.725344136936283
30919,44.43654781930985
30920,34.671204624038666
30921,7.908497070398606
30922,29.583949937648423
30923,21.165336649552863
30924,32.11912056716041
30925,74.26608667164567
30926,31.292948496687405
30927,75.77494609737796
30928,35.627187599332686
30929,76.60410912184334
30930,81.01452823350611
30931,41.95699446762537
30932,21.84668856386049
30933,31.112022802330344
30934,26.009620926463192
30935,48.793938676202174
30936,36.03748196424585
30937,57.30647585893299
30938,39.62541458171504
30939,67.92931547621455
30940,7.828150456282458
30941,8.477508407536
30942,40.54425200434431
30943,19.79586847991559
30944,9.471726851710871
30945,32.43082854986207
30946,33.913225349543815
30947,7.907967962048465
30948,32.96954750655199
30949,34.729566786728675
30950,56.699366138672076
30951,45.44758882551309
30952,34.64482021718774
30953,12.793593784914071
30954,38.86650516325241
30955,8.882206349559032
30956,60.220478176980286
30957,31.112012306868245
30958,13.826741694611671
30959,6.584376907394706
30960,42.75290842680429
30961,34.79727290541387
30962,40.67335251147865
30963,39.63556304674243
30964,72.79448902854095
30965,43.00789053429704
30966,33.33528234135109
30967,35.14467681646283
30968,37.97550497377272
30969,36.12593553843036
30970,37.76480431535271
30971,35.03101648052123
30972,66.18488928275929
30973,37.93563701915211
30974,50.8603847046841
30975,70.79936219591595
30976,60.76995949628441
30977,35.98735431239955
30978,60.08825490288311
30979,36.49788103308919
30980,70.78475820035554
30981,35.200838116663455
30982,41.29595546358474
30983,44.53366422728866
30984,57.59660752613749
30985,35.66768476124164
30986,41.66639705428628
30987,6.911096534047585
30988,69.28539168231445
30989,13.930970528163463
30990,37.68728901438641
30991,17.953510242733746
30992,10.873462321894369
30993,35.54311987342102
30994,36.78524143372664
30995,35.10104493956629
30996,5.924513215394939
30997,40.352269790416095
30998,50.368121895679
30999,57.2856899593935
31000,41.30229450308687
31001,45.71609633104257
31002,39.15957067390937
31003,34.59242617084186
31004,41.40840078761648
31005,31.26037851513505
31006,29.533502259294366
31007,43.262981828355734
31008,64.24415081031711
31009,43.9656144224328
31010,40.8338456608544
31011,58.129221650660995
31012,33.82750103989975
31013,44.77727142860751
31014,3.4152700120256783
31015,44.46390485718095
31016,31.00741986402816
31017,34.650031965975295
31018,71.67491861359171
31019,33.17029058019274
31020,84.7570770253054
31021,35.041105771977875
31022,35.561628798290556
31023,45.04118554314542
31024,29.622184432462753
31025,29.83068574867495
31026,29.424072667760715
31027,33.77921820777822
31028,16.86900367157419
31029,31.83869526363125
31030,69.85384011194833
31031,24.03306311210256
31032,27.856163571156756
31033,25.3893158403143
31034,4.31895411615344
31035,20.97747005004383
31036,21.82425276521777
31037,29.476519104786625
31038,21.64714280022512
31039,22.121730009708497
31040,0.0
31041,21.7065446905505
31042,25.644354354096844
31043,14.55547696629227
31044,43.89498069385743
31045,23.734142056985586
31046,29.419326217663933
31047,23.63705726386419
31048,36.23604703701187
31049,1.6366238476219825
31050,24.67763839225185
31051,18.953510277919502
31052,20.796670871319865
31053,27.573682372642615
31054,26.961442919375752
31055,21.167974814536333
31056,21.296472866182704
31057,16.130034759217306
31058,17.530492515329904
31059,26.246977703175155
31060,20.72431678959749
31061,27.091575599594194
31062,19.632534200277174
31063,31.163843819490484
31064,29.489451528763176
31065,27.675924972014407
31066,22.991645035316
31067,23.786674292111115
31068,23.316808387211083
31069,15.50820399399228
31070,23.532378733036566
31071,20.84714251492765
31072,27.47889679479897
31073,21.002632864189035
31074,22.62304827102009
31075,17.990237382459185
31076,21.383261849911626
31077,27.45221187721669
31078,32.39870957691085
31079,24.797274202497782
31080,28.874997780788675
31081,29.021075403134407
31082,28.21011924419461
31083,30.21360735652893
31084,18.884072284174913
31085,26.84078437411825
31086,23.586864716051114
31087,21.59165534260088
31088,18.445934161005074
31089,21.35648755999518
31090,19.975919279927982
31091,25.142495781076423
31092,20.822736248287644
31093,26.850225026360402
31094,25.03185948300102
31095,17.701371450866073
31096,20.527772640844876
31097,23.39592367791666
31098,23.777875280177543
31099,29.014304681396222
31100,26.715866045466615
31101,28.039345492743724
31102,27.947386716787136
31103,30.676583985568904
31104,30.83260979084613
31105,19.246653617805197
31106,26.51631654244922
31107,23.398397836175214
31108,31.170191181690214
31109,33.21994609297876
31110,26.861019308228826
31111,27.253021847925353
31112,15.320056716750026
31113,18.18469657674742
31114,27.67104937956052
31115,33.27251758131737
31116,35.30765487515144
31117,27.873946286175006
31118,27.341720379749724
31119,36.7260618728764
31120,26.13353022536203
31121,22.61314568668317
31122,17.88965942288832
31123,29.13505995968781
31124,26.39383672068957
31125,24.485289658217365
31126,27.390633161023775
31127,37.95145817683616
31128,33.50115818423076
31129,22.6660397145901
31130,27.66256827252132
31131,30.86994119166809
31132,34.23483638713546
31133,24.008251611394474
31134,31.768752131734377
31135,28.429890863689163
31136,33.06813777726671
31137,72.43279925630415
31138,21.686487071005388
31139,29.642383741087727
31140,21.04435938099408
31141,22.90157902756571
31142,34.146676872025914
31143,26.705410789155223
31144,32.6553072277717
31145,32.72192279568447
31146,21.42244929489719
31147,32.15781838946629
31148,27.436206254370163
31149,27.5910635994868
31150,17.8758834143344
31151,31.774386550101372
31152,19.418337795686956
31153,25.19838888192838
31154,25.266163606298573
31155,24.9187537591866
31156,21.84900184140679
31157,33.43222365138246
31158,28.286423464537062
31159,19.911175506685034
31160,20.88199230719706
31161,31.80549854713286
31162,32.74348367837076
31163,24.69537367109118
31164,27.826703525645147
31165,27.11935344314036
31166,29.709696012392758
31167,28.81856834196552
31168,21.820484620486667
31169,26.436832726230588
31170,31.95537384310237
31171,27.7591716981667
31172,20.675692622049972
31173,29.944331566688827
31174,17.58766936812983
31175,21.383004669352765
31176,25.137489401037126
31177,21.64622755088457
31178,29.860895951424908
31179,29.92140675995915
31180,30.861470503656815
31181,22.600057923914875
31182,24.162627792924386
31183,22.777971217627055
31184,23.250929323000225
31185,34.78770152396389
31186,27.360976947810205
31187,25.11024545937068
31188,28.32337465681643
31189,26.250890387354694
31190,30.997577318832093
31191,28.34780538290845
31192,27.695843732773444
31193,58.62589879814271
31194,25.048689990248633
31195,29.25680286919062
31196,25.332261188116398
31197,28.921612695594327
31198,25.00672715042063
31199,23.45700834097367
31200,31.08777812403076
31201,21.356786911094826
31202,28.317687821924263
31203,26.04326809163461
31204,29.17969087781044
31205,23.19182748777383
31206,31.46523124159483
31207,28.343532991653344
31208,27.526534375069918
31209,23.948087385790338
31210,33.89453313358833
31211,22.39580073197942
31212,20.154938386230942
31213,22.563313941060315
31214,18.193088632248248
31215,20.104616918458277
31216,31.293810899009646
31217,15.799072679479208
31218,26.448638756075592
31219,31.796013304838723
31220,48.992509379081994
31221,39.86340579401156
31222,43.927053331089525
31223,36.6566252987677
31224,39.00948058685706
31225,41.0846037299371
31226,35.24778278359161
31227,40.799283150813196
31228,44.85189772328995
31229,35.23049189518417
31230,38.03849895085792
31231,39.9613176372971
31232,32.41300421787727
31233,39.618660836551804
31234,57.52510705129479
31235,36.197650720244816
31236,37.043998683596044
31237,34.62454158665739
31238,36.15406126587575
31239,44.77915047228986
31240,42.53201123173538
31241,39.62818446473815
31242,33.890336877123964
31243,35.38785679287842
31244,32.883535371984166
31245,38.52511092710568
31246,39.40889786415866
31247,42.04342744523507
31248,38.680027454042744
31249,42.836619616026205
31250,38.407854933245126
31251,38.77613870279175
31252,39.331602883407776
31253,34.653955721270826
31254,39.38781592178863
31255,49.888386998473095
31256,34.02011386947392
31257,36.442631504305716
31258,42.84376034881163
31259,51.19299667420589
31260,36.484987093007966
31261,41.731268390794654
31262,46.41123731448037
31263,34.98990692578399
31264,45.67978468740804
31265,35.28928006785721
31266,65.81970876234124
31267,39.24553976200358
31268,40.89262195632898
31269,38.34578343142274
31270,35.73349188305976
31271,44.92320505705704
31272,33.412054365549
31273,35.57936420401608
31274,34.370118784543415
31275,36.18230147550675
31276,32.72788908598975
31277,32.931684659890756
31278,34.09481158368096
31279,30.997841579937656
31280,35.571737052863234
31281,44.432385597603535
31282,47.325198218277485
31283,39.039306776205514
31284,41.96094852153389
31285,38.18882415280753
31286,50.65051955180826
31287,41.89090383132151
31288,46.01725000568381
31289,33.83855208841589
31290,31.331595190011974
31291,33.17423206184868
31292,35.98265033095232
31293,49.80135454788219
31294,41.08061843086913
31295,43.93682548023088
31296,34.51770547799516
31297,35.39337473398086
31298,36.79984759628012
31299,38.58136879508575
31300,34.017183682760596
31301,34.47895896391035
31302,32.95089048753927
31303,34.048707022814554
31304,32.14331141655994
31305,33.263439316562675
31306,37.22754476823839
31307,30.480276574702785
31308,29.041181310007723
31309,55.12641844087541
31310,29.943057544105002
31311,24.98857192070159
31312,41.02577893911457
31313,44.46203821370898
31314,42.21861078010713
31315,28.22711149945006
31316,50.20737670603684
31317,31.150333150968567
31318,36.998786034282894
31319,38.56840009596749
31320,51.890885104899326
31321,36.01108101841582
31322,38.87076200738467
31323,33.77356620923672
31324,33.447951678649794
31325,33.43619248122855
31326,35.24789315353998
31327,34.21444739175694
31328,27.785016338238975
31329,40.39683719649203
31330,38.769880352220895
31331,31.928481482496654
31332,34.757360464549755
31333,34.88625022844894
31334,28.98133559259136
31335,25.614166082373554
31336,49.035685085249256
31337,71.80061847434212
31338,29.499538414126075
31339,35.386632199270316
31340,36.304768194840506
31341,38.69418314979344
31342,35.4030366440494
31343,61.305915605455034
31344,37.16647664911607
31345,42.29086067346249
31346,77.04792027039468
31347,35.01473483341314
31348,32.51112916163246
31349,35.84388339952386
31350,40.073794865660496
31351,54.05596438367676
31352,64.47369470245786
31353,33.37569874610644
31354,31.963412888996327
31355,27.71864263757115
31356,33.501958911834656
31357,45.330422055443634
31358,72.8034921552618
31359,30.842423382139355
31360,32.104704204077436
31361,36.04081664006395
31362,39.49467225561587
31363,35.03260317030117
31364,0.9840733285025067
31365,32.12038201260576
31366,33.56019188340725
31367,32.158913372463296
31368,32.73512076976936
31369,33.64026161467704
31370,42.66657855630309
31371,31.739013661063108
31372,32.543644606530926
31373,37.18965441049837
31374,29.34398514079737
31375,32.00846479345285
31376,32.78722878369016
31377,41.659863957224296
31378,43.96417325662654
31379,27.778510310504775
31380,30.409688169165797
31381,37.723757663686534
31382,35.72745889013481
31383,41.25120747338135
31384,37.150063230040345
31385,33.324045637525806
31386,37.67167118076155
31387,37.95298696283013
31388,71.93361914739425
31389,30.922574918310747
31390,83.80719854072449
31391,37.397536489935916
31392,32.48744712387471
31393,33.07113652273036
31394,34.53344946975356
31395,45.48869162306481
31396,45.483220800688045
31397,67.16087760396539
31398,28.100541140116622
31399,30.548092666643278
31400,33.89946219452755
31401,33.51692356140908
31402,29.639974695300115
31403,35.356899253946345
31404,77.26776364898011
31405,51.15296495680966
31406,16.120375233750835
31407,31.861169396493953
31408,57.24013034362398
31409,31.167719313673622
31410,33.801893455430516
31411,38.70191929301587
31412,34.77093827858464
31413,37.92379018785895
31414,25.886998954192194
31415,38.67485812723048
31416,40.93985975978647
31417,34.33687646084568
31418,27.106916706762405
31419,28.020315097391634
31420,27.926372908630047
31421,29.612395638245026
31422,22.768637035612414
31423,24.73396158507386
31424,27.672702563232917
31425,22.576972339886105
31426,28.798209193473912
31427,26.732089820912982
31428,30.415034979328535
31429,28.324884477267798
31430,39.911468265168544
31431,32.2378799212034
31432,32.731506380772636
31433,30.58430113750495
31434,22.200928243576474
31435,25.131498077132754
31436,26.71682004813531
31437,27.413333924418787
31438,27.09370242403392
31439,24.891329965831815
31440,33.2197439017378
31441,43.71772811481503
31442,23.622585265340312
31443,34.68145492436961
31444,28.224435024353
31445,28.323474938879144
31446,23.22288452008597
31447,43.39126527675604
31448,35.48745674790944
31449,30.862114873901383
31450,27.2104305482053
31451,28.187718366818995
31452,29.30134819034364
31453,34.78803285720016
31454,29.30989534434123
31455,25.294840728492947
31456,28.020672003540415
31457,32.347860244380385
31458,26.5137187591522
31459,26.881282832556334
31460,25.927528907963435
31461,20.140826762853283
31462,20.275389687778123
31463,32.937130201171676
31464,28.498262843882763
31465,29.85655784356701
31466,36.79579821664657
31467,22.641711191026634
31468,23.992540341823897
31469,23.32557374016964
31470,25.490968924246783
31471,26.94682078782976
31472,23.413928888488478
31473,27.197329426665167
31474,24.258004227637972
31475,36.33934155136297
31476,30.34602230977953
31477,33.22772309446786
31478,30.248767653679046
31479,25.129094540863445
31480,34.54865554187712
31481,30.6720931450052
31482,36.54312574602729
31483,25.050442594632813
31484,27.482133523016834
31485,27.11930978165459
31486,30.341181603067117
31487,31.267653317825935
31488,34.943456483188285
31489,27.74133218571775
31490,26.253581820961973
31491,26.2057707165134
31492,25.404323648484187
31493,21.526491802655947
31494,16.5060797649073
31495,26.703929459248084
31496,27.302459434720767
31497,26.49222048726057
31498,28.923758818103916
31499,24.52579113699462
31500,25.57149303736454
31501,34.247129211558466
31502,23.023437968370246
31503,26.55618616482087
31504,37.13337635832471
31505,26.191383876311185
31506,29.680142448155102
31507,28.306068856593495
31508,23.150204628666778
31509,26.391311737498235
31510,26.38065976435851
31511,35.600179825059975
31512,29.622681605970506
31513,26.53732723567003
31514,33.30363651863017
31515,29.05780111912309
31516,51.8843423934715
31517,59.5914587858633
31518,49.589769958643274
31519,44.24715960989219
31520,49.20889294619387
31521,58.94598029017284
31522,53.671869960105425
31523,53.1215032649314
31524,35.348961533841155
31525,40.238578111110066
31526,67.50975309664788
31527,33.22970233220981
31528,50.54168117045443
31529,76.88217761842984
31530,36.738571158596734
31531,47.12539027165006
31532,28.653666020418164
31533,31.267641438121924
31534,55.97548163717137
31535,38.197394661787555
31536,30.15528192609797
31537,35.699761839282615
31538,34.73883660379327
31539,39.57050016032075
31540,36.93520377342915
31541,35.318284676685266
31542,34.028353987571464
31543,44.070600769830776
31544,36.96607231938996
31545,33.662004776841464
31546,43.539338729262525
31547,57.79396750368823
31548,34.742760028652306
31549,50.654138630159096
31550,29.184176290564018
31551,39.927305645683006
31552,25.228559556630227
31553,35.50018288301316
31554,36.85859938877649
31555,43.74694658771973
31556,43.201741912715924
31557,33.51849647456965
31558,42.22366844889725
31559,42.43917230884568
31560,36.4232336890253
31561,43.264098417313285
31562,27.676770966878248
31563,42.72346262615089
31564,36.57882352773846
31565,41.356827289994584
31566,47.92120032787
31567,39.454113924081035
31568,28.93906647380052
31569,40.85532030371528
31570,43.21341334960212
31571,32.68842794240042
31572,32.99385468876692
31573,35.02092910990207
31574,28.60799409255517
31575,34.31221030834061
31576,34.67250926569488
31577,28.081515125866392
31578,29.62859223315547
31579,23.023767477114507
31580,42.74101109653921
31581,37.61329046190135
31582,32.88013046429312
31583,34.226695819018
31584,44.287895852167935
31585,1.9663308955812384
31586,30.64025509996417
31587,29.162846944654106
31588,25.371080383564138
31589,26.40020800717303
31590,31.250443102207793
31591,32.039096321279445
31592,30.441239694784926
31593,30.42488444080643
31594,34.82506988963743
31595,30.266534383287585
31596,28.359170960075442
31597,40.23213817050065
31598,28.066365952057602
31599,26.813123567787255
31600,31.15403746709202
31601,40.08964079736608
31602,37.902057638982
31603,31.45931769323692
31604,33.542587270945724
31605,25.42076850295566
31606,35.56360544452124
31607,34.08491037606287
31608,22.71238207984935
31609,32.9406634662092
31610,28.41314862615454
31611,27.691607177437326
31612,25.748512434802088
31613,29.928809768564395
31614,30.886099065689354
31615,25.392076778981448
31616,41.539197377508486
31617,25.79226953387439
31618,20.75873531360354
31619,23.699581725188533
31620,34.975448617595866
31621,27.194983959904825
31622,27.662399888382332
31623,24.335077848194043
31624,27.886700789327204
31625,32.411510017203675
31626,30.979258113459228
31627,28.073644489883524
31628,26.40893341214035
31629,33.686066142295495
31630,33.965393881025925
31631,30.980673189120775
31632,32.406279456297696
31633,25.289969335554485
31634,28.457957156221948
31635,36.961862496255065
31636,27.609256197812527
31637,21.209098590738243
31638,30.922415951500398
31639,2.8271887864297662
31640,25.271288105829985
31641,22.92454370941554
31642,25.662778421649477
31643,28.372334879095394
31644,25.127693869115657
31645,28.085628708136365
31646,21.451272956513684
31647,25.163233807188668
31648,26.117305017539596
31649,31.143491791265713
31650,37.302535255173645
31651,28.08736672254844
31652,29.15195967915327
31653,31.185757693788457
31654,45.11719275693376
31655,26.310423221377143
31656,24.586173633731107
31657,40.15882077627124
31658,34.5033933031505
31659,25.630599056461215
31660,22.014508830549143
31661,27.60479555620113
31662,26.33727707571292
31663,29.367772714528655
31664,39.70311034111531
31665,28.024443998277153
31666,38.44822717398498
31667,30.500888086605258
31668,29.162430473525966
31669,22.01820979051655
31670,31.988810948606414
31671,24.35205036292815
31672,36.41087312168064
31673,21.35843691492471
31674,34.3740590134221
31675,33.443442456018055
31676,26.820708897514923
31677,25.233431524793517
31678,39.37109960668019
31679,33.101005324762774
31680,24.998249199868805
31681,22.15461686783402
31682,30.937655630056298
31683,32.325991021941924
31684,30.78251642324963
31685,25.576932462447385
31686,28.036081001329908
31687,30.50392128768304
31688,28.581394712871862
31689,37.452066617029956
31690,32.86755492893721
31691,36.72368856804433
31692,24.224048523086484
31693,28.739726874616814
31694,35.98953815713544
31695,31.076157851977687
31696,32.02118881518527
31697,30.042052792150187
31698,21.161342260432754
31699,34.74737074697906
31700,32.0895093078299
31701,28.313438165867783
31702,24.9124148014599
31703,31.344513648386496
31704,32.07559529302763
31705,25.87442122099877
31706,34.69671106563658
31707,22.595769491262427
31708,29.27336161827172
31709,26.101578814394745
31710,26.29874470523538
31711,37.428727211090575
31712,33.82666382789772
31713,26.21221709448104
31714,29.273310207369207
31715,29.306202293903482
31716,38.82636146821161
31717,32.41148092847872
31718,27.16908638680694
31719,33.45844599504576
31720,17.639514861443
31721,20.285259235914776
31722,35.64423714125526
31723,55.48201818137484
31724,42.77250627918582
31725,31.556485120010503
31726,27.349714216679526
31727,40.05256194729824
31728,23.06867798637938
31729,24.88855282488076
31730,27.43094274955345
31731,17.757790949658983
31732,28.073003907067644
31733,32.97232803186476
31734,32.639188600538745
31735,63.32926294729268
31736,22.22959733858539
31737,29.10438952997722
31738,29.91518147045687
31739,29.206936778542328
31740,16.970586864191134
31741,15.340862240621178
31742,26.95009597021672
31743,15.15956742146421
31744,24.004135011910456
31745,45.479090050177156
31746,31.58690110065778
31747,46.482115159131794
31748,34.225542895434785
31749,22.051174200665493
31750,32.72228940767586
31751,38.10952699593841
31752,35.35807487490592
31753,32.54586798829916
31754,28.281202035512152
31755,32.930933054697235
31756,39.7437068396186
31757,30.301847409473364
31758,28.848750175312553
31759,36.520607022254644
31760,30.85952707036537
31761,37.05324803346838
31762,33.95889314814254
31763,28.19051285025335
31764,33.487225392878955
31765,22.943683439961525
31766,29.746762053292155
31767,30.289303465147206
31768,25.38765456706019
31769,44.57336338144896
31770,40.20995553717325
31771,31.153004767365037
31772,25.39350339860786
31773,32.94341781514343
31774,35.524086904361006
31775,24.075316724838817
31776,30.555842017694104
31777,21.745362118729265
31778,22.03509212312852
31779,21.230596823113945
31780,22.831367246002294
31781,33.67401283448597
31782,34.601112173210865
31783,24.778736803853004
31784,25.405510303428592
31785,37.36270795182805
31786,35.69201938331687
31787,75.53621646464721
31788,31.159721560301662
31789,28.705906247828874
31790,60.652161499408486
31791,41.79943911595847
31792,38.11418789565481
31793,39.1431654928295
31794,44.55706635818216
31795,23.522162667892808
31796,33.43555309408382
31797,30.78827172697976
31798,31.691587585334887
31799,41.1326482169807
31800,33.650241505090406
31801,35.12989896355572
31802,59.82495972044808
31803,27.017287278544813
31804,27.260219676808248
31805,53.748159696254596
31806,29.687780886118382
31807,26.34806134121301
31808,35.56162146724484
31809,31.56309369480664
31810,29.688153577386384
31811,30.714117245364086
31812,36.43815274061966
31813,40.15014698407712
31814,25.867575233532296
31815,30.631554947927324
31816,29.757745528533544
31817,39.66293546719353
31818,37.77428697257633
31819,33.54157040475616
31820,31.073001770859474
31821,29.63283723930243
31822,27.03965320283859
31823,26.81656370716637
31824,26.03847356328953
31825,30.792517693449025
31826,15.535530132143325
31827,27.671169848964336
31828,24.02968518122701
31829,18.69550377820016
31830,28.404231988091183
31831,43.362426839065314
31832,38.28911854610072
31833,30.353268887065894
31834,18.02006398085259
31835,32.28413647631614
31836,33.74123759768757
31837,36.220957612875075
31838,23.371988502467605
31839,59.56970406619467
31840,60.47221872038823
31841,32.66269367509607
31842,31.963054494745997
31843,27.472634481803315
31844,32.614593722007484
31845,29.481132922670742
31846,41.65780695995015
31847,33.234132015105686
31848,24.126216281594125
31849,27.790284688171486
31850,41.20784952043527
31851,53.324077771158436
31852,27.765125334434273
31853,20.7345754330026
31854,20.48857683539592
31855,34.42258336307358
31856,37.54155460528085
31857,59.63959187251604
31858,32.29539523080809
31859,27.448256588721044
31860,37.6644690205125
31861,21.401676145136424
31862,28.17190568460712
31863,32.489655949798916
31864,30.99463184309304
31865,31.771483566477954
31866,20.160596083344846
31867,22.653273308363694
31868,27.886767711576915
31869,24.094996836920494
31870,26.255364884800276
31871,24.584706657484645
31872,23.962586343476026
31873,28.863834471822127
31874,39.84212154048835
31875,32.393007410732274
31876,41.37491749068563
31877,39.36849353917746
31878,25.706242736719172
31879,30.71288262233623
31880,24.48335048597535
31881,28.9970982790812
31882,29.027435233916147
31883,27.49968439719804
31884,28.892237304706647
31885,25.24393431866102
31886,29.705280445046718
31887,27.52951403599309
31888,26.77243998688149
31889,28.74066033824894
31890,21.458936777081032
31891,29.13535833860126
31892,29.433493587796264
31893,33.038264538245265
31894,25.7040088444787
31895,26.166553438232704
31896,22.896139227633945
31897,28.076268911188507
31898,22.878469069902664
31899,25.872323580608068
31900,27.938795696467494
31901,27.921416033507054
31902,29.967366532619387
31903,27.63049701142486
31904,30.303300067191866
31905,31.810873269540558
31906,30.472884709992915
31907,24.01569575870202
31908,26.637385315161914
31909,34.871074351823765
31910,21.268755483439822
31911,23.937134501581273
31912,27.472368891025354
31913,28.716335554269996
31914,22.76101114741136
31915,22.517629647676777
31916,26.497996525647885
31917,24.147830400665697
31918,25.6876762806803
31919,26.123634989414203
31920,23.79917245364723
31921,28.22527106449544
31922,24.16944116634589
31923,26.72752598081073
31924,28.663428646799968
31925,26.682761204878613
31926,30.60065761460607
31927,30.796329058425556
31928,28.073269473225906
31929,22.88224099266264
31930,28.841481926715808
31931,26.081431220769787
31932,25.599676159892617
31933,26.77770239963969
31934,27.012631196586135
31935,27.482528782863692
31936,24.023203832304358
31937,30.032962820314403
31938,24.037902106603106
31939,23.362270259925566
31940,23.227429290087073
31941,24.5236277724062
31942,25.205672467512155
31943,27.088251284396282
31944,31.611221740959422
31945,41.41826128460243
31946,28.706656934296266
31947,25.63657852054146
31948,27.780588415901644
31949,25.06038787252714
31950,30.21857299244798
31951,27.309837822130472
31952,32.26036007781432
31953,20.009727182768394
31954,23.831932627027083
31955,31.20771792928814
31956,24.28846823579365
31957,28.185025067558986
31958,31.96390128503285
31959,27.49791620005001
31960,37.709830278188434
31961,30.993886458267585
31962,31.27577907462188
31963,26.1991233707813
31964,32.49797445223602
31965,30.33421175608641
31966,30.910765532028524
31967,55.86556491502583
31968,42.94738274340099
31969,39.446109577375815
31970,30.33584242566857
31971,34.39013191674623
31972,43.115844128314826
31973,33.925125436825475
31974,28.2944914608049
31975,37.47585318014508
31976,41.31021783084158
31977,27.198196594667056
31978,29.154272616787104
31979,28.266473858908952
31980,32.32783709418279
31981,29.400351392103982
31982,42.41600587026733
31983,47.89225732946303
31984,29.45340940663762
31985,29.11907063041164
31986,29.966081679697616
31987,30.483781157545653
31988,31.615152141642202
31989,33.20484761178835
31990,31.163368964988695
31991,30.678941443149206
31992,29.905313856606707
31993,31.87050903659095
31994,34.064342580257
31995,32.01039191337988
31996,28.390097979560963
31997,28.487178392878324
31998,32.40091560653312
31999,29.12316193820095
32000,29.621619382040645
32001,28.67378745455137
32002,28.54387211885406
32003,33.00215508086215
32004,32.11985424335319
32005,26.772768317242306
32006,32.51923262205219
32007,31.35138135777004
32008,28.589881689587937
32009,29.500957477296712
32010,32.8632242637531
32011,34.34727584266794
32012,26.69574093036703
32013,34.574964189334175
32014,30.200292192609606
32015,33.18118370385908
32016,27.35755159684376
32017,30.128060984303225
32018,30.868849569818508
32019,32.440676567831815
32020,33.60623399438791
32021,31.140033738502257
32022,31.186754900269335
32023,30.638380388315365
32024,32.973391608118405
32025,29.178434915312536
32026,35.448691259880746
32027,33.18724523847566
32028,29.44435805522554
32029,30.689075847588757
32030,34.20748352183246
32031,34.21288195080524
32032,34.6470341281143
32033,35.046868047336964
32034,30.621912832780467
32035,30.903433096039606
32036,27.47925643571665
32037,28.0238057772743
32038,34.18513644641792
32039,32.81308939216257
32040,36.037161239803126
32041,28.761822023821455
32042,25.297430130043136
32043,37.37367360368956
32044,35.20409983163879
32045,33.70619809390587
32046,33.059817947730345
32047,28.109668245915348
32048,32.75053054074977
32049,35.053097455130036
32050,35.10662077917753
32051,31.780557103672127
32052,28.46021682108035
32053,30.958595791876448
32054,38.332039781119455
32055,38.8038083051783
32056,34.9992955519673
32057,32.082819572716545
32058,34.46033430024883
32059,33.753166247236976
32060,26.92459627768333
32061,33.295501355897706
32062,34.20812559774744
32063,52.76837896279271
32064,78.80091407547752
32065,36.90701376547089
32066,41.208817662836765
32067,36.31781852899166
32068,73.86495588893568
32069,37.101104563510376
32070,34.00461686585792
32071,45.27242915509237
32072,41.216260080808
32073,75.7917939049696
32074,40.933790944916524
32075,49.90038422770539
32076,39.431138632587455
32077,46.609633836345004
32078,49.979015071755946
32079,37.32292791573711
32080,53.23579231852777
32081,48.7375407321607
32082,32.66167929173238
32083,52.35875918059324
32084,43.2976928391061
32085,39.069461748109404
32086,41.005535506127565
32087,43.00049383302634
32088,42.52490027882472
32089,48.81056552010756
32090,37.91835673856507
32091,41.234283114016705
32092,49.40172809741145
32093,38.64554281953678
32094,40.28456319068104
32095,39.7034882536952
32096,40.14995853540299
32097,40.12905051290323
32098,38.636740066488564
32099,37.17713751549252
32100,42.31186742739615
32101,40.19670987749601
32102,44.642449293071586
32103,42.915673635922985
32104,34.81679290635975
32105,35.47144927012394
32106,36.574450228732346
32107,39.47988601470343
32108,45.89356961888255
32109,47.93081780837817
32110,47.45182147495275
32111,35.97500474774407
32112,41.97424906222226
32113,36.593404082642145
32114,47.63441052323792
32115,45.46788399865012
32116,60.55177519705581
32117,45.648051867797236
32118,67.85057113010686
32119,36.711521214311766
32120,37.363761536994524
32121,39.132485196213956
32122,37.167533218457905
32123,25.063182237308695
32124,36.63536766193896
32125,34.171378776389346
32126,44.20692092349693
32127,38.035353382572424
32128,32.87150594594198
32129,69.21994173771319
32130,35.17574466388943
32131,38.225745716587596
32132,28.78437798294186
32133,35.2580019959512
32134,42.170322943435025
32135,52.33656580618054
32136,41.76854037957525
32137,35.552231852702924
32138,29.112160205415574
32139,33.03602886299832
32140,40.39685172796466
32141,35.14046916649665
32142,38.1885269585496
32143,50.081501090835914
32144,33.094685028926094
32145,47.1103661929212
32146,38.27644156940923
32147,28.462927974620612
32148,39.275299876310825
32149,28.022500608270388
32150,40.75380707317557
32151,67.53590593210241
32152,42.350846439463375
32153,28.605337706672277
32154,31.43553026363128
32155,33.81892715383045
32156,36.592920149928645
32157,39.65452163495675
32158,33.93092760064641
32159,39.21736144995746
32160,35.66968449601143
32161,17.895236412240124
32162,36.017305408807125
32163,31.01799666892946
32164,37.66094839695504
32165,28.178230694580343
32166,42.16959805958568
32167,40.55832302657736
32168,35.212929102486974
32169,38.74527413262145
32170,33.66061922123971
32171,30.450381726960526
32172,27.97013976781823
32173,36.90114625281138
32174,28.74235640245816
32175,40.375884410410045
32176,41.54928731013297
32177,32.557950546389456
32178,27.941938505451933
32179,33.39604280430137
32180,45.90769867340524
32181,41.731757704189306
32182,38.734440516705796
32183,36.27285318943792
32184,38.79066262917031
32185,35.30388921487775
32186,41.38362822960083
32187,37.08372091287742
32188,38.697249465162955
32189,38.915903435116476
32190,41.366570338130536
32191,42.51667194698262
32192,37.28213441140756
32193,41.31298908198792
32194,30.856925302353897
32195,49.23543919271957
32196,42.929417268730376
32197,37.67058540309905
32198,46.84713871992284
32199,38.43911498904167
32200,33.99417864054034
32201,38.78914021318827
32202,42.043447636490804
32203,43.21542485794141
32204,33.01971025430012
32205,44.68045026942066
32206,41.11004662334402
32207,56.89807897290558
32208,34.57600713451367
32209,38.86522515184629
32210,44.513736725327384
32211,44.04115348491967
32212,33.607105601584294
32213,39.55097389611545
32214,37.92005882599929
32215,40.190210873531825
32216,53.14686729899386
32217,32.94596821597015
32218,41.43338057466288
32219,42.09212811611454
32220,44.67810451948777
32221,45.44088512010881
32222,44.614079100506075
32223,35.527605407734924
32224,38.762936847857
32225,37.92893238288086
32226,42.694772395876235
32227,32.49910245380607
32228,31.72219833040068
32229,37.43713811585016
32230,26.83728817409973
32231,27.41426733021169
32232,26.64390026213824
32233,32.99434975297805
32234,30.60583403816112
32235,24.24082975992146
32236,38.05036542587627
32237,27.505254542795456
32238,27.433649267754536
32239,35.433182961503185
32240,32.565282000884096
32241,31.96385480557353
32242,35.48038454680948
32243,31.67161147627549
32244,28.545942969094725
32245,37.06932712482792
32246,34.055004394603436
32247,24.79822702557169
32248,26.733957954533093
32249,38.7265785649246
32250,32.274338669397544
32251,31.450359689125275
32252,30.458561393991204
32253,36.726889150894685
32254,23.567436373077022
32255,36.76200200942865
32256,29.1977433643114
32257,68.59471715018088
32258,42.79166793563314
32259,27.317811511705372
32260,25.477632420245943
32261,24.679997229222092
32262,30.972598943398403
32263,38.39384351619089
32264,43.175232237837434
32265,30.427741746054203
32266,29.52668107274513
32267,26.50597824946219
32268,27.846175045180765
32269,43.042816924300396
32270,31.361950317140938
32271,6.854149785661668
32272,39.230068648078976
32273,49.540576213506775
32274,27.332595067147434
32275,38.262591237051716
32276,29.048531920576988
32277,24.195076600098247
32278,30.29821481283831
32279,30.068088285375005
32280,31.50419879382984
32281,30.304500813065832
32282,35.66282100812107
32283,37.83355905522117
32284,26.6092554619896
32285,32.241526899993126
32286,29.251355002894044
32287,1.9747026419631843
32288,33.87756806617433
32289,38.616477075156325
32290,34.47752801752841
32291,31.492265686981124
32292,31.140796558978067
32293,71.60727983727442
32294,50.67907353967748
32295,36.6376974121624
32296,29.884581463444377
32297,35.67671278934306
32298,6.858428713657286
32299,26.90367561831913
32300,28.385653181440098
32301,34.49083451815776
32302,46.481980520577835
32303,39.7575492639995
32304,27.76875859337139
32305,42.775077490358825
32306,32.05828784029121
32307,35.85245883214809
32308,34.73877981472739
32309,36.354329833464305
32310,31.87750440385654
32311,3.9128133658504156
32312,30.518317375390524
32313,21.74058956596692
32314,31.518397755458658
32315,70.28894429208414
32316,32.26500946560447
32317,37.71669356269775
32318,28.742812927033963
32319,25.97468402344406
32320,25.997620744055954
32321,31.5440115141294
32322,32.96612360099641
32323,31.31464751741621
32324,33.615386943834494
32325,28.550619983713766
32326,22.849357902065627
32327,23.41821443993891
32328,29.992076720694378
32329,25.543383022082338
32330,15.943271238665746
32331,33.039123751805874
32332,26.90038067888089
32333,22.99039271684576
32334,26.228272817567802
32335,20.232742546969693
32336,21.193603972045487
32337,18.776768105505464
32338,21.190468015571255
32339,19.451426581583544
32340,22.154364710074802
32341,25.009685336064564
32342,26.449622072992653
32343,32.4991920326527
32344,20.49305123633816
32345,24.09743416173847
32346,30.984883695958306
32347,27.30084977072937
32348,26.235773698120983
32349,23.501612787330806
32350,28.59338191450483
32351,26.11115873022823
32352,25.18848221611405
32353,26.27057315465323
32354,25.08150972650148
32355,27.77900544429278
32356,20.649130200934398
32357,24.93359283497836
32358,20.241699098533914
32359,26.205474107779807
32360,29.31839079155025
32361,22.694327515234086
32362,30.893700444256357
32363,23.8019440257348
32364,22.79012327050224
32365,24.182473426439724
32366,15.952576488776277
32367,21.584768148410873
32368,27.82701943278442
32369,21.95417553779266
32370,19.67486254742644
32371,29.952948943481026
32372,29.68617221040164
32373,19.151616265499495
32374,26.67331765416122
32375,22.56112708948649
32376,24.286328647053104
32377,42.49575028787215
32378,27.184429667341572
32379,26.53748056522433
32380,34.50404957800096
32381,25.00442135395586
32382,33.72001605129211
32383,35.336634414832496
32384,17.807453769952946
32385,27.843390427382946
32386,28.471734253566616
32387,31.606408641786317
32388,32.11811017497053
32389,29.591161165656757
32390,27.357511579458443
32391,25.505687864539624
32392,27.620915525432434
32393,21.651722814399193
32394,28.414767032851092
32395,20.531257425907675
32396,20.35324206087477
32397,17.55696039595763
32398,32.26700222113798
32399,15.386875069399334
32400,26.793978351644824
32401,29.81076652249127
32402,26.526929646011933
32403,20.20200598331903
32404,31.037413465145157
32405,26.968292531069597
32406,17.946490979497568
32407,18.27610482560972
32408,13.842819100032344
32409,70.94618871087835
32410,36.55076213591584
32411,56.13971110407027
32412,15.830986869419231
32413,48.89158206515544
32414,46.65776003449912
32415,59.95162680844076
32416,58.49719156818197
32417,52.488213222939066
32418,40.17360804102276
32419,36.387135501498896
32420,38.103625418590575
32421,50.98897522301773
32422,36.820041513802614
32423,76.94821601766445
32424,75.95533272475498
32425,36.547559679916745
32426,25.59683482842352
32427,34.71945564297159
32428,38.711632145304456
32429,28.273209224717327
32430,45.75000304359441
32431,35.36120138176397
32432,51.035384545091105
32433,40.61204941340039
32434,28.238476534558377
32435,41.53165077897552
32436,35.73989403344227
32437,34.718575646790065
32438,47.21672637296351
32439,49.7612177722195
32440,49.2143113306703
32441,40.06101414627159
32442,47.361324072757675
32443,62.827037500575585
32444,39.36267487308843
32445,34.11307584520862
32446,32.864242232272
32447,37.000686603189536
32448,38.10216088668604
32449,43.48222051559245
32450,42.132556299999244
32451,45.27350835338269
32452,38.71917899188216
32453,51.728121154679286
32454,51.864951970836465
32455,48.654264330259124
32456,39.314498199306094
32457,45.60665757277418
32458,36.76866044797305
32459,56.642166887412415
32460,59.81218953553109
32461,82.91373627105109
32462,47.86921355341654
32463,38.1542971965721
32464,33.90347552072791
32465,49.4547859417492
32466,37.857770757460415
32467,40.46049398240512
32468,33.17286352852164
32469,47.41922927414835
32470,51.953382920414526
32471,39.389325891244134
32472,35.94687375864241
32473,41.59439803746381
32474,41.321895389618064
32475,48.36967368037126
32476,34.79490067158096
32477,40.62120150797428
32478,46.2968432987669
32479,27.795881274702744
32480,31.301431912915916
32481,39.42671512666629
32482,43.05005371049658
32483,26.883159252281935
32484,23.631740146323164
32485,55.94494098654808
32486,27.650412779866844
32487,57.59863197955902
32488,55.45869086387448
32489,37.81005187913253
32490,26.539412403527216
32491,33.59831639681758
32492,37.19072387814241
32493,34.90820389111318
32494,34.70771588093935
32495,29.89530987070837
32496,32.638736960228364
32497,30.545107687502185
32498,28.783288923939384
32499,31.263712618608093
32500,35.32796250243037
32501,38.962186768144
32502,30.7780691859895
32503,72.15545321514034
32504,65.93124926059185
32505,46.61059290151976
32506,34.8985618408907
32507,57.33658745408575
32508,40.62928473742781
32509,41.385222382064285
32510,39.89095702205585
32511,40.839609958799606
32512,33.87560072083673
32513,46.0675492365793
32514,36.465500202703225
32515,40.76805993355784
32516,36.860007595843555
32517,40.03883415612422
32518,50.3457123143865
32519,49.338268531485404
32520,68.77073848301805
32521,41.608099188081404
32522,53.75522966580418
32523,32.59096300864049
32524,35.48998275178667
32525,37.89565031438917
32526,44.38322701233041
32527,41.24635758498155
32528,39.39885683617899
32529,69.70224271847479
32530,75.94772938236649
32531,20.315461357961563
32532,16.580131219229646
32533,8.979064088129107
32534,41.20867102808546
32535,32.91675487964536
32536,37.869121832291526
32537,32.60917097700075
32538,33.95327784571903
32539,40.5648421806221
32540,34.09807403340948
32541,44.759170813563586
32542,40.500215009281035
32543,14.573564471081982
32544,43.57388965997308
32545,66.8462998083118
32546,35.055875999069364
32547,34.96164819747031
32548,30.583490600188362
32549,45.061172211117
32550,32.315345452191785
32551,37.33174805368397
32552,22.361666742185854
32553,46.61913583163434
32554,33.849529642422645
32555,33.990172961574885
32556,44.49006037707165
32557,18.78346635138809
32558,42.06967270248265
32559,39.215277069660054
32560,14.553073524030314
32561,34.15999329973565
32562,48.00979248293414
32563,43.08183594612067
32564,32.240653194349015
32565,34.194320741409825
32566,37.58490532050555
32567,47.375161058264716
32568,33.02440630878277
32569,38.78288383499722
32570,54.036334329809236
32571,42.951475530991225
32572,41.091579671077255
32573,16.9544088411086
32574,45.236377827457225
32575,35.59211971230648
32576,44.95544972149952
32577,42.18868779435818
32578,34.9903726424842
32579,53.52389319350061
32580,37.173083624957336
32581,39.462381355433244
32582,23.54574594625701
32583,23.703930593907444
32584,29.190958634722513
32585,27.126948532463125
32586,24.20284447348766
32587,6.744114308455783
32588,27.442133813361284
32589,19.64072055378628
32590,10.114832357127726
32591,20.703002830568966
32592,26.9917733306436
32593,20.661289262986053
32594,27.626430898640265
32595,18.87827122528629
32596,20.973802859973695
32597,24.169943025111255
32598,27.969392684556436
32599,24.81561738661159
32600,27.06978427245398
32601,25.83245778067257
32602,28.92727097656599
32603,25.22427186737896
32604,18.529631824124753
32605,17.649419874209233
32606,13.280096750408008
32607,25.575748953523448
32608,19.954708624087477
32609,17.558240200961443
32610,23.643396274789268
32611,23.24946396943822
32612,28.53743316517795
32613,22.144592306980677
32614,21.468156146943482
32615,20.934280608728027
32616,15.293832271721246
32617,28.323131145858625
32618,17.952102317474075
32619,27.457460717855643
32620,19.652861440149643
32621,15.220792893078748
32622,6.534416258112482
32623,18.865266658036674
32624,8.513045114692748
32625,20.62047977399906
32626,16.220246993600274
32627,18.853498299442006
32628,22.209830551868496
32629,15.201984263491942
32630,22.57115072563335
32631,19.637420056033644
32632,28.090649069809956
32633,28.057632066906677
32634,22.041556248346666
32635,17.676952108013673
32636,21.628716529127434
32637,23.627844430726306
32638,24.763911557895174
32639,16.8507728466189
32640,20.122637669420843
32641,23.139911363451112
32642,27.343883472575424
32643,21.863147799591125
32644,16.268139608642873
32645,11.834464775328218
32646,26.41519022912137
32647,19.417703056499278
32648,14.699274690987682
32649,21.3284153760562
32650,24.74721603272875
32651,7.011667044439083
32652,28.493960353115135
32653,35.236250590422856
32654,27.539617527755603
32655,23.31523801722833
32656,24.129950969252917
32657,15.909804867485198
32658,22.57667892635349
32659,23.338185714987237
32660,23.427160294406637
32661,21.894851121516123
32662,25.376636612832424
32663,26.061417933623222
32664,17.617543436389308
32665,24.80825944621862
32666,31.883524034059924
32667,21.739284692631536
32668,22.628693962896616
32669,20.780520950068517
32670,26.824015563113708
32671,17.13221198222565
32672,21.99995517589476
32673,22.14271967313011
32674,36.93783173515435
32675,35.480397712205416
32676,38.94814862808196
32677,35.79959095725806
32678,36.60736759097906
32679,29.074426513036688
32680,33.100819425251615
32681,35.34046242308022
32682,39.219531549879065
32683,48.85798970302061
32684,37.48772174114863
32685,33.41729382438214
32686,35.26982899244433
32687,43.06761406809655
32688,38.68023659809528
32689,34.47157337031981
32690,37.11987376124056
32691,31.902459153401796
32692,43.26572522390279
32693,37.31901098554405
32694,37.28055001872059
32695,35.7596699779542
32696,42.454434268364864
32697,42.06364443055878
32698,35.4603221589413
32699,40.22801283773256
32700,44.26733942910812
32701,41.41419399006591
32702,34.72826390361105
32703,34.056254988512734
32704,38.4670908885727
32705,38.7844593089636
32706,36.11039785747969
32707,47.59899333958377
32708,45.20648253245813
32709,38.18298904994789
32710,39.52714220435974
32711,40.778348172333374
32712,47.275992849299854
32713,45.624565200776544
32714,43.30216554217255
32715,43.78167551634817
32716,36.96387272200793
32717,41.84393824015764
32718,40.808628846112995
32719,44.78682666386044
32720,33.12398803031542
32721,45.876421317606095
32722,44.55566449741927
32723,40.29199850718496
32724,31.851030461233165
32725,42.59182067372097
32726,36.98782612711472
32727,38.7504980353066
32728,33.673845224094514
32729,35.741617625874554
32730,34.88422846255327
32731,27.883751689094627
32732,37.00196151605855
32733,37.82042296109621
32734,54.88546986216488
32735,39.02380063361324
32736,35.016337245097404
32737,30.553874121704837
32738,38.314340566512946
32739,31.448501079337937
32740,27.514737895951356
32741,43.96951498923494
32742,37.43971024302842
32743,50.38315800344936
32744,38.67012778542289
32745,40.1328591797684
32746,42.16256466871297
32747,40.55551244510388
32748,34.74715192175317
32749,39.57605794818764
32750,47.98127368596405
32751,35.96207112648413
32752,34.76075645921248
32753,40.785944478867535
32754,32.83076289013614
32755,43.149176995709716
32756,33.07413813326546
32757,33.42930626480479
32758,64.78679549962253
32759,65.4391031365068
32760,33.584373047446185
32761,35.27823063291948
32762,22.95593818315696
32763,20.933379227498207
32764,38.70460281259599
32765,22.54011775002657
32766,35.2245752946918
32767,39.3250011426847
32768,23.652891610650617
32769,30.808246301638796
32770,31.947729933065677
32771,29.724209878423732
32772,27.473552592852307
32773,46.278656690560204
32774,32.83905283498066
32775,32.605361902316496
32776,31.329105832055404
32777,29.670481294334152
32778,42.38839331357726
32779,30.470684033015353
32780,37.28342845153137
32781,30.372904550793532
32782,25.797485027781285
32783,60.36837664124798
32784,23.844309743521094
32785,32.8939767778561
32786,42.33567947895302
32787,38.822541601217495
32788,35.64512923388436
32789,30.325674945434884
32790,36.292530955062695
32791,31.52462752184774
32792,29.179488169761974
32793,35.232994251033176
32794,28.602095602732586
32795,25.649256224232193
32796,28.493294075006983
32797,22.758635036253615
32798,66.70505423620644
32799,26.21940084074516
32800,23.45112000618235
32801,18.331505523825093
32802,42.46851226463976
32803,29.38048970284358
32804,0.8686819523222864
32805,21.20725110060059
32806,31.512017574022046
32807,26.04791502380146
32808,52.831227590500376
32809,31.539625430123618
32810,23.977123660027395
32811,28.326590242135897
32812,37.37643934774049
32813,31.03433654255422
32814,27.618796551311043
32815,28.412859139670967
32816,24.424997514519273
32817,25.44759419949262
32818,29.883823861196195
32819,25.30887913368954
32820,33.08458314016614
32821,29.949859900554795
32822,31.46065399223565
32823,28.196825165263554
32824,40.102265537811356
32825,23.708807076950155
32826,33.80033804344324
32827,27.128505925051485
32828,27.863337872979656
32829,27.88720052854679
32830,29.275635971637477
32831,22.835427390356482
32832,22.832182591003203
