ID,track_popularity
26266,20.13993051313003
26267,22.32367025003496
26268,23.504831876992768
26269,22.85792208108027
26270,16.54609623780453
26271,16.339373386516794
26272,16.921607337469194
26273,18.407522096082694
26274,20.833534942144475
26275,20.280895594409255
26276,21.17042343752246
26277,21.747996143896643
26278,22.031078466318167
26279,18.87472323189719
26280,20.618785932668814
26281,19.848660037777705
26282,22.05276873815546
26283,22.47214908908611
26284,19.94593535022016
26285,20.557717534720954
26286,20.952724451397632
26287,21.46245879956299
26288,20.415049185532133
26289,20.232488464756607
26290,21.741299990840464
26291,22.47390046743802
26292,20.924529283021016
26293,23.06948236376491
26294,21.279522276485167
26295,21.59291830701002
26296,17.592238439401623
26297,19.51316294371078
26298,22.428829486481842
26299,27.562190859907176
26300,23.78220203485099
26301,24.07402141379375
26302,22.139643822332406
26303,26.159176147357925
26304,27.545202196199398
26305,23.930215245030176
26306,25.5862886387019
26307,22.6083182432583
26308,21.10528336078047
26309,23.24667822056847
26310,20.956723270810656
26311,23.88669573004465
26312,18.9578149471095
26313,20.13194752979832
26314,22.99208136006799
26315,21.836536379289342
26316,21.893189015060123
26317,22.931526144399847
26318,19.986092032027425
26319,22.752948501331183
26320,21.632351245413385
26321,20.227585013540864
26322,20.533586732761268
26323,18.076766535016773
26324,21.498523063974375
26325,22.264475587258158
26326,21.20452101036775
26327,23.07633366136883
26328,24.607861527673975
26329,22.474358806408997
26330,23.084863244101378
26331,25.40631887613074
26332,19.83188534916499
26333,20.415416803662684
26334,22.505721123827577
26335,24.97948962236316
26336,28.211934123282774
26337,24.570827041984813
26338,27.515225408050284
26339,20.948370160014623
26340,23.118274717449633
26341,23.723593812695782
26342,23.574573850356728
26343,24.540417998558333
26344,22.959407720812234
26345,26.0647128121998
26346,23.362855219352443
26347,22.279738715048904
26348,22.012810125088286
26349,26.691673541032138
26350,21.535508495264352
26351,24.641114515449033
26352,24.520759408088097
26353,20.56042504997914
26354,18.637906570602322
26355,22.725526439893326
26356,21.083855081012455
26357,23.369438510948942
26358,20.737138090923775
26359,22.859017927861256
26360,19.06794297798271
26361,23.420317939079084
26362,24.740456649842812
26363,37.646928958557545
26364,42.614352725354365
26365,48.896521781682196
26366,47.58160258055976
26367,53.63127416944744
26368,34.22663916800944
26369,34.788336551663264
26370,33.81077488528461
26371,33.952776792286315
26372,32.57170064850346
26373,29.903395820458613
26374,30.445511489899573
26375,33.12739856571947
26376,35.857870526819596
26377,43.63896213226914
26378,38.474673072112736
26379,38.664140416444305
26380,19.388276632731042
26381,41.291579597012614
26382,32.16204195987673
26383,27.102538263331866
26384,49.949505123833845
26385,33.24109336073803
26386,33.30589666452231
26387,35.13414731011229
26388,35.233306196365525
26389,45.03427313336307
26390,36.02528215474291
26391,50.60876747083606
26392,29.734868498358665
26393,30.191456409627037
26394,19.0039206549187
26395,33.5299045555891
26396,32.264219686185456
26397,35.76551314884919
26398,33.74534957811424
26399,35.5451387000512
26400,26.18547280378683
26401,15.74153135546905
26402,18.779449320457736
26403,27.270433100262494
26404,47.59395799995674
26405,47.47231243096175
26406,52.582759665489846
26407,25.52232993478094
26408,30.249706020456735
26409,33.20794937317307
26410,31.926490890113712
26411,34.26239548680706
26412,34.683688504937095
26413,32.58402956804972
26414,42.823316407646566
26415,25.376310296566743
26416,32.642977428331015
26417,35.55599615782339
26418,36.016072570781674
26419,56.227000784341
26420,48.17531402659955
26421,32.693573299480896
26422,35.44415380610294
26423,37.82830768053865
26424,25.439736157646436
26425,33.47822408712386
26426,32.86168144848758
26427,33.25057753653767
26428,32.742122314955516
26429,36.94738157303176
26430,51.12913644627217
26431,45.3791169846369
26432,35.0939493986103
26433,22.930555347183343
26434,34.505053984746816
26435,34.786104735116055
26436,33.45138993408932
26437,33.64300157818745
26438,33.43637311726921
26439,25.038961984877098
26440,29.752466440169933
26441,31.514183489453288
26442,34.66516127354345
26443,33.51585824619493
26444,34.31434361978807
26445,56.38811114789746
26446,45.235672735876065
26447,29.70752533022965
26448,32.45289924056448
26449,50.10929426610312
26450,55.88128588040209
26451,33.78383215765576
26452,32.604861311159844
26453,34.542539999040415
26454,35.416907867470854
26455,35.92742315751458
26456,34.93015249383631
26457,34.28203029747628
26458,32.49389949905917
26459,32.66190342300498
26460,33.43230662982512
26461,34.17974310853416
26462,33.34118989684498
26463,30.43050119970205
26464,31.35562654015297
26465,33.41984322864247
26466,32.33245205440358
26467,33.51068359362446
26468,33.411560808651174
26469,33.66285317272495
26470,32.532160670538644
26471,36.1759012349463
26472,34.273112700877924
26473,35.922373839398674
26474,32.54780814533693
26475,32.949499520629956
26476,34.68370692382979
26477,35.085884013529395
26478,34.64205772001529
26479,34.39938329414072
26480,34.07355704896394
26481,36.098641081727415
26482,32.206924309315525
26483,35.135025595775765
26484,32.94032974347802
26485,33.91979685794509
26486,32.56496338443737
26487,34.30565325725424
26488,33.583304015247975
26489,34.21490115053559
26490,34.53079715955483
26491,33.64395990378703
26492,31.72188045327571
26493,33.093352770440475
26494,32.42972591328287
26495,35.96108475176848
26496,32.9938528071489
26497,33.89793138938275
26498,34.385719903998705
26499,35.00839598301701
26500,34.34234100860831
26501,35.80495602451566
26502,34.11729648878561
26503,32.626269201734125
26504,33.11033727958343
26505,33.16140810734766
26506,34.31178685256046
26507,22.58491456083838
26508,32.46699396677934
26509,33.89123840399293
26510,36.36458459134227
26511,34.266743119572936
26512,35.911366197950834
26513,18.799562767695708
26514,32.07382848672333
26515,33.365140597603585
26516,32.26291672502029
26517,33.55778523221609
26518,33.90726073957813
26519,32.685537461941415
26520,34.23176788388173
26521,34.21005335967303
26522,36.47631398379638
26523,31.49531781320242
26524,31.005928553937224
26525,34.734484458118686
26526,36.2808258613097
26527,32.28971626157799
26528,35.189139556360345
26529,37.31873068156889
26530,34.560807681247496
26531,32.4682531379345
26532,35.39324752969972
26533,32.161623003978484
26534,30.73724612129667
26535,30.078478332335273
26536,33.82369926925688
26537,35.15880980235814
26538,33.27039758033408
26539,33.305364655144686
26540,32.51020365347924
26541,34.5318378572853
26542,36.335176847647816
26543,35.153724788988015
26544,35.54802349092703
26545,36.3001112631254
26546,36.00869707622274
26547,34.09208149766994
26548,33.54791084188612
26549,32.042724111037444
26550,32.71650344113489
26551,33.857302468035265
26552,34.85018938744696
26553,36.35766636390267
26554,34.07327679557509
26555,31.54609351486456
26556,37.936616892998664
26557,34.30452558233279
26558,25.93200298879392
26559,32.914899140811414
26560,33.56134794931099
26561,28.49272567514607
26562,34.5017134673074
26563,30.641535593557265
26564,36.73430393723421
26565,36.088751297126954
26566,33.13585540721472
26567,34.71591498065922
26568,37.8777525447809
26569,38.521959391569304
26570,29.777784036560732
26571,46.192329238225724
26572,21.69425365843117
26573,31.266991733691782
26574,36.17945913724727
26575,28.24634046917216
26576,34.66480104515385
26577,33.69124988740555
26578,25.15222568753373
26579,36.709313491093155
26580,37.73660307920986
26581,41.63066198395815
26582,28.855866891282005
26583,35.16346926674244
26584,33.10808583197354
26585,34.76283467112912
26586,33.85450928052396
26587,43.8881581524453
26588,35.2150191931229
26589,35.0236594178062
26590,26.59602708998309
26591,34.533416104913634
26592,31.736836114535386
26593,34.399146099845744
26594,29.760420023445675
26595,70.73485567470993
26596,42.78827702298481
26597,31.7446082306733
26598,42.020545032322325
26599,27.80071176960108
26600,51.37232638141812
26601,69.56679545147239
26602,35.484845240163416
26603,30.72928516682758
26604,30.317325507872
26605,33.21806237702403
26606,33.811150331940695
26607,43.23712403538551
26608,34.49937544647302
26609,31.316243376285833
26610,34.17012344941661
26611,54.18435662408229
26612,32.707458627624824
26613,40.28804753630045
26614,48.0435571143184
26615,51.424222071214814
26616,33.730788357234964
26617,33.789380078285035
26618,47.57651686693824
26619,36.57325832814145
26620,36.3324555574252
26621,36.51546492074153
26622,34.41983914588057
26623,32.039348840921306
26624,36.91604789357897
26625,35.036038415558345
26626,46.71851384908876
26627,30.874345362647233
26628,33.52016781749144
26629,30.98128583781712
26630,45.01035386992244
26631,36.20247209440705
26632,34.542120347987314
26633,33.2838978482835
26634,35.61036629666519
26635,39.99180985705184
26636,25.669939094430333
26637,36.580742895398004
26638,26.707852759120236
26639,29.78568530132577
26640,44.22549272889359
26641,40.30676422447034
26642,34.899462803305866
26643,39.020150761197755
26644,33.54493132608207
26645,36.7118064365087
26646,34.53966512706697
26647,34.88369529482813
26648,35.060744652035
26649,34.861140503972564
26650,50.990746891020365
26651,30.578649740383455
26652,35.000925645023486
26653,45.137387696135306
26654,34.92085564165196
26655,27.785869070253383
26656,30.036688645423155
26657,38.40143705205321
26658,38.99694702195067
26659,36.062362057978476
26660,32.599680626268274
26661,33.17391689327632
26662,25.913775559744067
26663,25.621660679123494
26664,33.214082628204885
26665,26.1390083074849
26666,35.06223663484985
26667,38.05161291799639
26668,38.996070119038144
26669,32.521578351000784
26670,32.40252292464504
26671,24.583982106938485
26672,32.19057518217097
26673,33.102295507430604
26674,10.946656941775622
26675,31.864561552296763
26676,40.738825210657005
26677,37.7296335104183
26678,34.743455579709995
26679,33.18183106082652
26680,32.85789089579552
26681,35.0500668549414
26682,31.17729292747825
26683,31.830231730578248
26684,26.137245535368585
26685,33.590977017537
26686,34.607612191920374
26687,43.38724765309231
26688,33.32432397634414
26689,36.68685901231495
26690,35.5718169618455
26691,35.21085847997219
26692,33.39394738106071
26693,34.03377294072766
26694,35.14254974893935
26695,21.68509756544662
26696,34.55558499474105
26697,42.240345354474385
26698,33.29417244153691
26699,33.559564061596305
26700,31.842107470266086
26701,44.58996419833596
26702,35.84643341021819
26703,36.65875368243841
26704,34.50688081555072
26705,35.08935779318017
26706,42.848785883165874
26707,34.87640123910469
26708,39.0623844672853
26709,34.58579422577912
26710,33.93813745399961
26711,34.64280230270395
26712,34.671379793050235
26713,26.89730794316894
26714,32.40982702969602
26715,58.00628809092805
26716,37.164145426040825
26717,36.802464360524134
26718,37.543071859016564
26719,36.428531244519775
26720,37.35635397535912
26721,35.239254072839834
26722,32.204128722354554
26723,34.07919174648433
26724,34.20449769728284
26725,26.983011680594714
26726,33.861948243066166
26727,34.33953144567008
26728,37.72055592045031
26729,34.918427296796104
26730,35.137066566462714
26731,33.56487053699759
26732,43.808852883491134
26733,32.638237082329894
26734,36.44796650743587
26735,36.44921668059903
26736,35.41589163628808
26737,34.872078879048225
26738,37.33953530878121
26739,33.74150182790349
26740,28.04615487153147
26741,37.29260174641503
26742,36.798822485411904
26743,34.157913573188054
26744,32.03821933845629
26745,38.80424590971109
26746,34.0107822123405
26747,32.76513183089267
26748,34.43846072642325
26749,42.26296228535865
26750,37.047710633672345
26751,37.7335163847166
26752,37.20944201691545
26753,45.579196719286244
26754,40.57076556037377
26755,35.91604844559844
26756,37.2154090312122
26757,33.14349287932581
26758,33.37171699919589
26759,34.439972877327634
26760,34.727644789343074
26761,37.21133458267248
26762,35.348674431858186
26763,34.43628018202632
26764,41.15181657549322
26765,36.506055465378495
26766,34.24228756997115
26767,34.75604580385286
26768,35.24745313215703
26769,35.61830302707868
26770,33.07405669686604
26771,52.27899345523809
26772,39.20095212621504
26773,45.72806067990779
26774,35.40608492993363
26775,32.87077548632557
26776,45.99152540676077
26777,32.283272133007145
26778,43.13458898006149
26779,35.053801448249565
26780,34.11637665539027
26781,32.40404658826084
26782,47.23384409371901
26783,34.24673298657234
26784,35.686803716007724
26785,33.135004505350224
26786,34.539643124016415
26787,33.92345042801456
26788,34.24252212957927
26789,25.450270891122827
26790,24.700817955734962
26791,25.964091387272106
26792,33.11552821958717
26793,25.285507776701863
26794,30.182943903139517
26795,31.426164557059714
26796,33.14550295651231
26797,27.582426614420967
26798,36.14634090959245
26799,30.283923569559107
26800,31.416368549393063
26801,33.45603117234305
26802,26.441724538583628
26803,26.98975393144425
26804,32.43457098868552
26805,34.71375414187776
26806,25.274649547061472
26807,35.13512224545987
26808,28.703592018494888
26809,29.90640846007021
26810,31.097996534934843
26811,31.463664036196064
26812,40.22052421012243
26813,33.58943308803536
26814,33.767184134631165
26815,41.00546254128789
26816,31.78341701300539
26817,47.418303595516306
26818,29.625846259052857
26819,31.01853786095063
26820,28.095203234527744
26821,24.50808623697175
26822,32.02781901358305
26823,30.42356732066895
26824,40.46613506665004
26825,29.162024292488667
26826,27.639471813439194
26827,49.002535158940965
26828,34.521960565123
26829,33.70620626339756
26830,27.280506122663276
26831,41.12088028632048
26832,31.06846845655982
26833,31.945111432044
26834,33.02237698502672
26835,28.409303769824632
26836,30.2895061534568
26837,42.616346659219126
26838,36.49307360370506
26839,25.611131194494448
26840,27.320013899536733
26841,34.64832694017745
26842,34.05475565909809
26843,34.39185300374276
26844,29.58158968401702
26845,24.842170145379313
26846,29.980537962657642
26847,27.161354558088554
26848,31.799611593743663
26849,33.04133237800332
26850,33.56073641954537
26851,28.727313374517138
26852,34.524975903556076
26853,47.67135025901689
26854,49.51394626092628
26855,38.068486331025895
26856,41.511518563478006
26857,49.82443026148303
26858,30.698336009833994
26859,47.838553529767026
26860,38.352889580570405
26861,31.439747525894056
26862,40.296805862615734
26863,29.37735274931555
26864,28.078218676324397
26865,29.46640235655012
26866,29.363868116066342
26867,42.57299532052781
26868,41.689690318037826
26869,39.8471000132781
26870,31.77080312340935
26871,41.284569960133815
26872,41.398361879407645
26873,25.42114555781147
26874,32.97868979045647
26875,32.534068140655485
26876,33.8886399775336
26877,35.24178018237665
26878,53.55532328255123
26879,28.26438195945483
26880,40.13118117071241
26881,35.28833624484146
26882,37.04330167886955
26883,31.58748424091447
26884,39.50354606617126
26885,31.01996356188235
26886,30.7924890119251
26887,37.593929046870805
26888,44.99831393432121
26889,31.30819735731965
26890,36.45721156568914
26891,40.785361032550306
26892,47.07682970509376
26893,29.98055591445447
26894,29.62390017723348
26895,43.75856814065751
26896,34.234670279838525
26897,41.36979324382157
26898,33.10292719767067
26899,40.360003098153484
26900,34.83108750586067
26901,31.821753678167305
26902,46.967258983210144
26903,29.718440097400048
26904,29.32138593794606
26905,33.70497479203535
26906,43.591948940532504
26907,36.43130644768442
26908,34.725225657805964
26909,33.17734464281689
26910,31.544885117368572
26911,34.31835694950007
26912,32.68104332518389
26913,31.866233325270862
26914,40.728105693056975
26915,29.41395276725718
26916,31.93980883889077
26917,55.02972242967304
26918,33.35086178431209
26919,41.187179881984974
26920,31.579305332122445
26921,42.088871850805184
26922,30.620275157520304
26923,41.230281644702956
26924,33.084543134159404
26925,34.082921420559416
26926,38.7953187937507
26927,31.505455313770597
26928,34.157738949403075
26929,32.61215165134204
26930,30.837387041089748
26931,30.45680887408153
26932,34.0829477006888
26933,37.80697775731731
26934,31.92023184106918
26935,31.85914860472574
26936,42.79969865204039
26937,43.01606705896021
26938,32.89827617571131
26939,29.64396096516355
26940,32.75442171076768
26941,30.635840475175193
26942,23.159579683992416
26943,32.563719228396884
26944,35.53367914400613
26945,36.664022285792264
26946,38.607370432482575
26947,29.961727341940332
26948,31.894314389025325
26949,29.052113750327308
26950,39.32653631573538
26951,30.611820819856767
26952,30.368325936315955
26953,32.35195850361738
26954,36.93405259397622
26955,33.34261111646272
26956,33.39624629810349
26957,31.34177925767787
26958,39.33732824703713
26959,27.411888363650647
26960,34.49613747507835
26961,30.0018103740314
26962,33.74364379126984
26963,29.489089407246944
26964,29.071648117106108
26965,29.415060249854392
26966,33.06726429953542
26967,32.49833021027405
26968,31.632585831212282
26969,31.618345418717688
26970,30.597568494878793
26971,29.59938523692267
26972,33.904899710068456
26973,49.32511197366559
26974,32.278819108796654
26975,27.68432704875626
26976,31.832308921291997
26977,30.447468171912817
26978,51.790618280284015
26979,33.23436786307765
26980,31.284987253319706
26981,29.599301967449748
26982,32.13625864284803
26983,34.17017426728533
26984,31.09743229485391
26985,33.73408556578017
26986,32.22121060031085
26987,30.60217626950432
26988,31.932831618255506
26989,29.939222972057102
26990,33.34261896611026
26991,29.125370701122165
26992,36.21005460185127
26993,28.46807893066493
26994,29.18909044937812
26995,31.46791380661633
26996,33.74512213345113
26997,31.338352349425357
26998,33.8362192329799
26999,32.02373127714216
27000,33.23897666419323
27001,28.960217309596835
27002,33.77745814987426
27003,33.476458266942295
27004,31.568264846693715
27005,29.47240600682494
27006,33.80231130788131
27007,28.47085649550162
27008,30.80777981081934
27009,29.312916021288203
27010,29.154576374841852
27011,32.4159077166364
27012,35.53595615508378
27013,31.70799446159147
27014,30.472308831480433
27015,31.06275412940689
27016,30.02060525945687
27017,35.83651416546115
27018,30.328783692668054
27019,34.04230987074918
27020,29.579667015420085
27021,29.379518074322846
27022,30.783111097266165
27023,27.951701931541578
27024,43.67933003672201
27025,27.945636713467636
27026,27.501612632025328
27027,29.329907651902452
27028,31.000586485481954
27029,31.568312863689712
27030,30.667390457718767
27031,29.186247785060196
27032,17.867788513342976
27033,49.213236626003294
27034,30.962767072021478
27035,35.27766277973734
27036,31.516957021308656
27037,31.23195275391484
27038,30.21660025854308
27039,37.40990008624332
27040,32.083840597308296
27041,30.756337768920375
27042,30.21555346613647
27043,26.61460268166182
27044,27.13932322791276
27045,30.013514510243965
27046,31.27107534140277
27047,33.36962234118202
27048,38.75674280035585
27049,29.576564768753492
27050,32.01240331279853
27051,26.991303465873024
27052,31.47159326182841
27053,46.647673075398735
27054,28.17686859801976
27055,28.92721881020485
27056,32.152332035668906
27057,32.095597291628394
27058,25.74182549819195
27059,34.51285817117595
27060,29.923661754958516
27061,29.58406967330089
27062,24.15420516876094
27063,33.10265483766531
27064,32.116444913922294
27065,34.629925698858386
27066,25.714299332600966
27067,30.78094259377123
27068,32.02794040703837
27069,32.20677145995022
27070,30.93354507816842
27071,28.515775295419232
27072,30.162577880791353
27073,33.17637782370926
27074,29.544466303800576
27075,30.107691678901794
27076,35.30755693437211
27077,28.391720350428663
27078,30.243385560449
27079,33.59340604366463
27080,29.625464273828264
27081,35.982935718118775
27082,29.557627523160285
27083,31.590644537758692
27084,29.409267946191108
27085,30.962668855586145
27086,33.199549589348734
27087,32.17846788491209
27088,31.732881719528756
27089,28.27073790893418
27090,28.923113096247498
27091,30.123050746360057
27092,29.33880326796737
27093,31.010547481077296
27094,31.38748513977125
27095,32.242674052259254
27096,30.37347478215065
27097,26.057598719403117
27098,31.22370796351226
27099,33.79685213804804
27100,31.433126868966127
27101,31.089892245873912
27102,30.997752434695514
27103,28.10762284634974
27104,29.665231170905003
27105,29.85920538474071
27106,31.766993109811274
27107,32.10614923518673
27108,30.873684551232984
27109,29.92506949614345
27110,39.42958392473221
27111,29.32564453042103
27112,37.480710342647285
27113,30.26166411007496
27114,30.440550521154236
27115,29.604405520559055
27116,30.02314705617715
27117,31.035272558835388
27118,30.90510447791017
27119,27.444269820179272
27120,31.093814283828706
27121,34.460512459807084
27122,30.290593083564445
27123,27.68161649288929
27124,30.79248162166936
27125,28.968757689996515
27126,29.57328846390616
27127,29.872206039781958
27128,31.344417746778092
27129,29.222448190692603
27130,30.764904077995766
27131,31.847481713372332
27132,28.325190504062938
27133,27.581375593410755
27134,32.460093922095425
27135,30.668810256963745
27136,28.770328643705092
27137,30.332781580294245
27138,26.54947458436039
27139,31.03620533265663
27140,31.819140395779804
27141,28.56109749276409
27142,24.697694042100018
27143,34.19402843031858
27144,33.889900624324305
27145,26.835844767042005
27146,30.24823854176394
27147,29.92002902454074
27148,24.551991902774986
27149,33.43135177430049
27150,27.064511221187225
27151,25.430753748480385
27152,28.880872422439076
27153,23.48691250480338
27154,27.150794944638996
27155,33.147112264899306
27156,31.16691804534824
27157,32.43049965023722
27158,25.817143690724933
27159,33.2020230502455
27160,28.602475896842037
27161,26.952746290965678
27162,30.99568288934796
27163,32.00099364136923
27164,31.065390903542507
27165,27.835063327273105
27166,33.94181480283863
27167,27.740488425737134
27168,27.2702208877241
27169,31.649775057664016
27170,33.09129088130999
27171,29.968395679867903
27172,23.608728931871127
27173,28.688382464177813
27174,33.23727914942924
27175,28.81456391488075
27176,76.73170155296623
27177,26.29259949797448
27178,26.668748106312
27179,29.253743216514223
27180,28.348354142048976
27181,29.44706606931534
27182,30.738377987662595
27183,28.39959111411354
27184,28.288761268580274
27185,32.342440492608766
27186,25.516726696825167
27187,31.37274970845592
27188,29.192509082154068
27189,30.07456450635788
27190,28.307674362747136
27191,33.933894020298034
27192,32.079624858388996
27193,25.715178360180957
27194,41.32887301609776
27195,31.592668479685628
27196,30.818557383763988
27197,28.044351031789816
27198,33.992485142500676
27199,34.75973746789282
27200,29.93532551344107
27201,27.251954196668365
27202,26.46702397880766
27203,32.942237642095165
27204,26.973633792073286
27205,27.767618021204555
27206,29.321266132139073
27207,28.647342027027598
27208,31.58058026044622
27209,27.62609166708338
27210,28.72866633931622
27211,29.69988585441226
27212,30.24358975952687
27213,28.245707926913596
27214,28.084184029442753
27215,29.96494857202866
27216,37.59667014402621
27217,50.785230275775675
27218,31.170299706245316
27219,48.39424790253661
27220,40.66083635107457
27221,31.99539410517739
27222,33.922661202916245
27223,46.42089354475311
27224,47.12772265192099
27225,28.402547069286783
27226,40.88033998849651
27227,28.528209704371704
27228,29.46640235655012
27229,33.05368396653766
27230,43.42868300006162
27231,71.63467148108327
27232,30.487085559973664
27233,31.874283210045043
27234,32.875536878665514
27235,43.61980090474685
27236,28.199163480593896
27237,32.069299145046465
27238,29.983164276365784
27239,35.24215925548379
27240,37.65306692038395
27241,32.00863229483025
27242,33.746588792292556
27243,37.56494156383839
27244,28.873165513032973
27245,30.172848049856476
27246,37.92385766355614
27247,30.88267119590855
27248,71.33063538271377
27249,27.95665689267115
27250,37.38843521074398
27251,25.403903508288636
27252,48.6210369922277
27253,33.4728277254815
27254,33.050662941420626
27255,31.556747803118192
27256,40.72742040875242
27257,36.85421047384117
27258,46.49624259022523
27259,32.58942559621354
27260,33.78632146487131
27261,45.86451594382429
27262,37.4308537532365
27263,34.737311337100635
27264,31.74435793610538
27265,33.86317388450169
27266,31.446010765697245
27267,42.56345575299166
27268,36.19388827798271
27269,48.05228061717417
27270,35.24745818925286
27271,29.066897377466567
27272,35.16669914155698
27273,32.02188398980566
27274,33.194492914473926
27275,31.817648075935956
27276,33.29342346925175
27277,25.41706061171361
27278,27.763906094578914
27279,33.344477366780126
27280,25.126242427564407
27281,33.04915835157003
27282,27.33553661839818
27283,35.15730743074607
27284,32.60167380380844
27285,31.90208119304087
27286,30.51097967026744
27287,31.129254061232345
27288,25.06127577951586
27289,35.316946682491526
27290,30.24356772147152
27291,36.30804243680176
27292,32.34600609048074
27293,35.400980576943304
27294,33.11152982274506
27295,26.81303715839183
27296,27.23898092553388
27297,30.320964827255267
27298,31.944103573183618
27299,33.54850184236244
27300,22.393609252398047
27301,30.318188806902526
27302,28.937642076983806
27303,31.727014592484174
27304,23.634785391188743
27305,31.39165581358661
27306,33.4641278344443
27307,30.479868674624242
27308,34.22609747054741
27309,25.002120016445005
27310,31.423277916593868
27311,41.573895371461276
27312,34.46280997272688
27313,34.278240353534414
27314,23.793033070466663
27315,30.10467395711062
27316,31.965917613067816
27317,31.92135399324006
27318,32.59597997433955
27319,33.868035667306714
27320,35.14585496890868
27321,29.35667891937854
27322,32.58720997367128
27323,32.69146681044129
27324,31.68561101233528
27325,31.572440849807208
27326,33.81217972430115
27327,34.48142506041331
27328,33.425523771120325
27329,33.85310284223831
27330,29.555770547827215
27331,32.76199325526356
27332,31.68001444153606
27333,33.68123562059869
27334,31.823516339584728
27335,33.07215786116824
27336,27.714451336192113
27337,28.768053427807388
27338,31.65939865216005
27339,28.898846522931393
27340,32.203082596394985
27341,29.612554237603355
27342,29.258227539498463
27343,29.751343969531916
27344,31.942786428991155
27345,27.567572941002574
27346,29.09399618952856
27347,29.860358449061692
27348,32.04565388210599
27349,30.56264768929831
27350,34.338923752606966
27351,32.0634463204817
27352,26.80755570905726
27353,31.568759137281504
27354,28.96173877250707
27355,28.669009114929402
27356,39.14178653467245
27357,33.527276541942435
27358,30.839544258488665
27359,30.85892888644112
27360,25.923242130460842
27361,33.566682660564794
27362,30.53936292111048
27363,31.44164431557308
27364,31.559192511433686
27365,28.94413967831907
27366,29.51918732738192
27367,31.694915291509353
27368,29.67125291036902
27369,32.07707386873954
27370,33.68268334220742
27371,34.1165803958644
27372,29.632106934205694
27373,30.52748112723731
27374,31.998281874610946
27375,27.775590551683962
27376,30.44037828541711
27377,30.121094315916253
27378,28.9892976601339
27379,29.680509474053594
27380,26.88981302193568
27381,34.37892924802635
27382,30.893751022353953
27383,30.85037490679221
27384,33.89654767948058
27385,31.65541702133953
27386,35.046377965947265
27387,28.803847135566514
27388,29.24780423465544
27389,31.631360222285224
27390,34.31367822988383
27391,31.2928618629561
27392,27.458362203997282
27393,33.978836427966414
27394,30.900875938020462
27395,31.187015698165737
27396,29.976508087676955
27397,33.38176108050243
27398,28.884350830402198
27399,28.832802629088945
27400,33.2533249988069
27401,30.83302914113507
27402,28.13003860975782
27403,32.84655702127493
27404,32.38381896165891
27405,30.039513647731084
27406,33.118593175996025
27407,34.54475260070069
27408,32.02220734210985
27409,27.966600024904807
27410,30.942386003983557
27411,32.493249663947374
27412,33.77789091589278
27413,34.363745344862885
27414,33.13605554420779
27415,30.098661660820206
27416,31.715860667174148
27417,30.462400817025028
27418,30.042705381666565
27419,38.783469057991596
27420,30.579336379349684
27421,33.033994399985794
27422,31.382113055154278
27423,30.544289925923167
27424,30.65912751315755
27425,34.65271791935802
27426,30.26647449573212
27427,33.26098813666949
27428,30.69467538595348
27429,32.22985307279482
27430,26.99866050219528
27431,31.043561053934916
27432,31.95830509166469
27433,31.38997737442719
27434,31.224131370392023
27435,33.22479961246301
27436,33.7797009788595
27437,32.943892664149516
27438,30.052367711585376
27439,33.93431746746498
27440,32.81052640149156
27441,32.648805326219254
27442,32.30187616463671
27443,35.6235868959591
27444,30.650511257370297
27445,32.23203086171212
27446,28.527044664125874
27447,28.223134543601844
27448,31.77236000043868
27449,32.338621082681115
27450,29.21795769177082
27451,31.8743772602608
27452,31.05074360927751
27453,29.21523183930077
27454,36.49188052233717
27455,29.05173716360224
27456,31.665198047618276
27457,32.855871856147765
27458,30.74549046846535
27459,29.849135421529866
27460,29.765512027633747
27461,31.224027713532074
27462,32.147605217245584
27463,34.41252864957863
27464,32.240104802067435
27465,32.437931027439426
27466,30.07557547473722
27467,29.870114824221588
27468,32.407368968005635
27469,35.79051115112411
27470,28.9928634576667
27471,30.564761977929848
27472,27.623360395632076
27473,28.35435643180311
27474,31.736160909978096
27475,31.61304237244004
27476,31.425259156855404
27477,27.726001481573057
27478,31.17569187191691
27479,49.47134619313346
27480,29.831315053937416
27481,41.143760243154475
27482,29.453678898748954
27483,31.45924671185041
27484,32.45713770639101
27485,32.54281695584869
27486,32.06503508364659
27487,29.551911363286834
27488,31.09456787558767
27489,34.77142039761132
27490,33.15437219344464
27491,31.278120780671273
27492,29.35724722454607
27493,32.85356506590233
27494,33.21472137607975
27495,32.53428007030424
27496,30.979889794648706
27497,31.72834390779179
27498,32.724042291075
27499,30.619129190621493
27500,29.942598499797363
27501,31.292272078523766
27502,35.07383877601548
27503,32.69092171665429
27504,27.845971617812438
27505,29.67639969316852
27506,29.105052366377876
27507,31.278040472350334
27508,28.723678340761467
27509,31.79335583406592
27510,32.288755712342414
27511,30.215184624727215
27512,34.079590848963065
27513,30.16104623925385
27514,31.42842631712709
27515,30.5753971778097
27516,28.9266919353443
27517,28.63471502648867
27518,33.252249591568706
27519,30.40415516355916
27520,29.926560401869203
27521,30.07154861472428
27522,30.56370436839802
27523,29.589457198068388
27524,30.38331615934934
27525,31.197056670815257
27526,26.73529079158604
27527,50.005943368819494
27528,33.02581268041712
27529,40.21949122182815
27530,33.09384616482101
27531,38.95528822315822
27532,30.06005128426804
27533,32.20449968125846
27534,28.836589962461332
27535,39.43367051668299
27536,29.46702910608061
27537,27.38878258829091
27538,30.58489300426308
27539,32.37956591978289
27540,31.864872321567894
27541,28.26629185940675
27542,27.003140293513688
27543,32.06974139233168
27544,29.645833301881666
27545,34.33781992313732
27546,31.315525736175438
27547,34.144414132064746
27548,48.81000373274706
27549,35.457406746875776
27550,36.187967874513866
27551,33.16410514253458
27552,48.15972262930287
27553,32.202509436927244
27554,32.37529529932299
27555,39.05709066798039
27556,50.606402965784135
27557,31.05645934007785
27558,49.79432156562905
27559,39.824177743094694
27560,59.3345709443642
27561,27.99620997302177
27562,30.177170038563887
27563,44.33032780216513
27564,34.74129725065813
27565,37.195137408427556
27566,53.136681221881105
27567,34.367552519959744
27568,35.95933469185331
27569,36.27752001278779
27570,29.684991036836465
27571,64.82340114483873
27572,43.62322551664803
27573,54.394489823632966
27574,35.67815269982904
27575,36.02634035393538
27576,36.259722272414926
27577,46.93392946929859
27578,51.06648539962846
27579,35.21837267774886
27580,54.426954479419344
27581,51.07589562704098
27582,36.6875297616025
27583,36.297510447736926
27584,35.79036362297865
27585,65.71557164865659
27586,54.30235615515929
27587,39.27813484152426
27588,35.329736612619115
27589,32.54893050048527
27590,43.6992638959069
27591,27.779211091495227
27592,44.66409723996793
27593,64.2604372980029
27594,31.843957367178533
27595,40.30201730011422
27596,33.94706344217735
27597,74.99562156622653
27598,42.34668345015037
27599,33.93962605676621
27600,36.66790220219766
27601,43.41074744694255
27602,39.904115332916305
27603,48.01621082904525
27604,40.96216369679272
27605,33.16331353609125
27606,72.41378347120374
27607,33.9493540812011
27608,34.209804925618855
27609,34.1139714784111
27610,32.71646922240198
27611,34.22269290545125
27612,31.00811125641186
27613,21.37964617010125
27614,36.25297623745432
27615,33.58144772575274
27616,33.188495966330464
27617,32.042734617191726
27618,49.79828048126151
27619,34.97039942890355
27620,41.7205142948194
27621,33.010455292407684
27622,50.411064635297166
27623,40.0098706233756
27624,43.70127181338081
27625,45.606240402544316
27626,37.776867493427666
27627,38.02953290607975
27628,48.14722157017555
27629,39.92459378731026
27630,38.27832803674555
27631,35.32574127907485
27632,48.13593993715868
27633,41.11350830293988
27634,39.523429832484304
27635,33.41600261937312
27636,42.48352762402461
27637,34.35329284585961
27638,38.121553456431705
27639,33.0091032809628
27640,33.19743445849768
27641,59.84556190046359
27642,33.91477494597987
27643,37.027014177638094
27644,40.08644882121492
27645,32.376338053317546
27646,34.3735705144762
27647,34.95307559797776
27648,30.085934210367498
27649,37.39095288475834
27650,26.7752419508857
27651,35.49584676750974
27652,25.691975771537557
27653,33.56317327548497
27654,36.196448543642646
27655,34.434287937865136
27656,34.715281194949476
27657,35.90355293451727
27658,35.02244133109889
27659,27.09019077502238
27660,28.500287951599134
27661,29.777411180883618
27662,35.23335228709419
27663,37.15664617437423
27664,30.309030515438216
27665,32.86993278211229
27666,33.483349811976275
27667,26.86566728939549
27668,26.749352550087252
27669,33.86502197323103
27670,34.15696250994477
27671,30.45439522568428
27672,28.862598027249092
27673,26.29739367299608
27674,25.2063099847854
27675,31.611607484230603
27676,23.17978206217341
27677,35.73859595926496
27678,28.372580305195882
27679,27.143711909951733
27680,34.98116659742454
27681,28.62292874758041
27682,43.04816493946633
27683,36.539524087523084
27684,27.93837929270972
27685,31.80549227218561
27686,31.25051625830892
27687,39.68095877506487
27688,29.932513671166845
27689,35.164416607683314
27690,27.451393310266724
27691,32.45476786833065
27692,23.40617974042733
27693,29.21795177592022
27694,39.464310882318806
27695,27.550942485514355
27696,41.015639361559785
27697,31.21728360997922
27698,30.125244401935937
27699,62.23441546251165
27700,24.974670239059506
27701,27.679527069111913
27702,32.022379943623996
27703,29.101625124278485
27704,27.779016265122593
27705,29.17874033812626
27706,26.811836004043826
27707,28.803392449285404
27708,30.12400538558869
27709,27.130778911549626
27710,28.906518571011844
27711,37.82567184732335
27712,39.1648276334734
27713,36.55762037636637
27714,39.32379238059834
27715,31.382795634813235
27716,30.16203784040296
27717,26.72318657256438
27718,28.747861203546194
27719,29.56005679146201
27720,28.69478458344888
27721,46.715436899482526
27722,26.319042248865536
27723,29.543991426136024
27724,34.653493365636145
27725,33.37423501170647
27726,35.06831564874158
27727,27.917223132071015
27728,26.000702277635682
27729,41.42514771170864
27730,31.87211250309872
27731,28.62828301524395
27732,38.694278898031115
27733,34.915372424805994
27734,26.15552066684272
27735,26.761776757278717
27736,32.52015278636816
27737,28.283094000663745
27738,31.746059594494106
27739,28.05068612939641
27740,27.460028235965936
27741,29.183762771086222
27742,28.085729238322855
27743,30.41900414557464
27744,30.141161932347387
27745,33.49239820223656
27746,30.81554815956636
27747,28.503330934931917
27748,39.20346985874922
27749,36.463230901016686
27750,33.71484549174165
27751,49.895749660383416
27752,47.18718558442184
27753,47.05516332008797
27754,37.99259621668613
27755,46.29313110443883
27756,44.718661168669655
27757,32.595471111745255
27758,39.481413427640625
27759,35.51779807551359
27760,36.19600731704064
27761,32.30381335572486
27762,37.77996569333376
27763,25.442399518062224
27764,37.63168223369589
27765,38.58621999098457
27766,32.446979743473904
27767,44.26318581521213
27768,37.496398821925894
27769,36.12985828806632
27770,38.60091902939044
27771,36.33029598854438
27772,36.318418830521196
27773,41.92618246566808
27774,40.119635859124955
27775,38.23019244101669
27776,29.205270610083275
27777,44.97243000235595
27778,37.6150025118741
27779,38.90120816088322
27780,19.957829492305972
27781,40.91681628188482
27782,33.829119264422836
27783,31.543373435240177
27784,32.06086790964228
27785,34.79392819569734
27786,33.39883420652881
27787,30.11942564041366
27788,34.59133746081055
27789,40.57005290483865
27790,32.530094999824996
27791,42.31649498779362
27792,33.71956544779852
27793,39.21077258113667
27794,29.505545357104744
27795,31.435910851751835
27796,31.247611033436648
27797,39.86194862366916
27798,34.34527048319514
27799,37.81467743792306
27800,35.427684247031316
27801,49.29724115480438
27802,28.163566343996408
27803,28.812599730509675
27804,35.57864939825804
27805,31.687643924973663
27806,34.30879295931682
27807,31.481113909519188
27808,30.693187886347175
27809,29.43625709254522
27810,28.796739988604898
27811,29.611323607722767
27812,31.090594805653467
27813,30.300524263434845
27814,28.321174503059012
27815,30.91587996634164
27816,29.241980520713476
27817,29.749960085701687
27818,29.56121717649573
27819,26.875144140299028
27820,28.711624463063075
27821,28.892993233505216
27822,30.50583051294759
27823,30.32150204901339
27824,28.87313124936476
27825,27.465782721963166
27826,30.98680400220961
27827,29.936315181940152
27828,30.388131272253936
27829,30.22250197660928
27830,32.15187138939873
27831,31.73276603243542
27832,29.819369910102267
27833,31.510187183671974
27834,39.44592751687669
27835,31.06346352982637
27836,31.708293137227415
27837,32.702604329722895
27838,30.413514911521474
27839,30.281350999021406
27840,31.874702144870277
27841,28.747784331564688
27842,28.94190449176441
27843,32.425589143795484
27844,31.395424707835254
27845,29.44371046548784
27846,30.786755160766774
27847,30.240268880521477
27848,31.84571142608045
27849,37.37823259923566
27850,33.03911486404502
27851,29.711798702206146
27852,29.859171836885473
27853,38.003292239686445
27854,29.370772208358574
27855,33.005541664579276
27856,31.23642068126263
27857,32.20419889695587
27858,34.758463590093335
27859,32.294502916865966
27860,39.741639177824275
27861,30.721234229885688
27862,29.97319880329507
27863,32.42417135880158
27864,25.66432250024262
27865,29.704483751148288
27866,31.332203681940427
27867,71.61390245934727
27868,37.3726795185612
27869,35.5683699957679
27870,37.05567940136351
27871,31.164419214002415
27872,32.900220569208145
27873,37.10220103900893
27874,37.66947485156809
27875,28.77326393537355
27876,27.267983114736843
27877,32.924638848909524
27878,30.08792034025584
27879,35.50405447865015
27880,27.68917828679816
27881,33.79545878039123
27882,31.48641132997792
27883,27.28958041577033
27884,26.009859317744308
27885,25.37688958339492
27886,29.963373713436624
27887,28.88877518165313
27888,29.892001120466837
27889,25.285698632619265
27890,27.881721506368237
27891,27.892792029093542
27892,25.06887606640901
27893,34.27514490607799
27894,28.34226435376158
27895,28.858205587241095
27896,27.344300392807064
27897,26.994499727638676
27898,26.609003894111588
27899,26.472770905139157
27900,33.02019420035695
27901,26.111990574003997
27902,24.51746181112422
27903,33.37047801039101
27904,26.604802413249097
27905,24.56249711384733
27906,27.138343538545143
27907,27.590552191621256
27908,23.971891128394873
27909,30.656253019919895
27910,29.94593371567146
27911,31.68229397407159
27912,23.964605029884325
27913,28.197634572798066
27914,29.558397331968706
27915,27.256540584743817
27916,27.925834814888574
27917,31.433939190466248
27918,24.29258843224975
27919,26.286750296222408
27920,28.58145748195772
27921,32.19159227500674
27922,26.04481114674367
27923,25.45069047439417
27924,29.93445391599296
27925,24.942248707552736
27926,25.527050136134648
27927,23.72880602509528
27928,26.698014584793142
27929,24.696121949175847
27930,24.368571671517735
27931,31.83576655303915
27932,25.45163811568826
27933,24.299837524383427
27934,28.78325654800272
27935,26.579224298784908
27936,27.20793731757795
27937,27.197030626738986
27938,27.73791144040807
27939,27.54987953350546
27940,40.401985141030394
27941,27.927528314116792
27942,23.532948358187767
27943,27.12765333879969
27944,27.79690656579747
27945,24.992869639321093
27946,30.408282449986018
27947,24.893752144368534
27948,27.617564794619895
27949,29.2298198348698
27950,29.402921289139897
27951,29.610682548344165
27952,36.208762246231736
27953,24.16732900228329
27954,29.021428844906644
27955,29.017741026395683
27956,25.424978315994203
27957,25.700251138372934
27958,24.480740946853793
27959,31.845553973581488
27960,33.147488211381166
27961,23.411066813758357
27962,29.635287748454196
27963,30.967916072977857
27964,28.582351480315808
27965,25.72128797755569
27966,35.79483852969943
27967,29.008664092334442
27968,27.897652809471587
27969,33.7856616599393
27970,29.614983222635352
27971,20.52883314019022
27972,28.03272613092782
27973,26.625277718652278
27974,30.0928991903843
27975,29.68090177033011
27976,27.357365218014124
27977,36.67537362559379
27978,26.467637671539613
27979,28.932757685098466
27980,27.000239508057945
27981,48.37521437607704
27982,24.201748810560275
27983,29.762712656076488
27984,27.63912916027251
27985,34.672720344225056
27986,20.27650105872938
27987,29.316774946950368
27988,28.335618012423495
27989,27.364164207149713
27990,31.203156811765048
27991,27.209612026234666
27992,26.048784136777968
27993,28.70112232701522
27994,25.555011036940357
27995,27.895434393770145
27996,29.50741025015374
27997,25.5214760128803
27998,29.10552972434138
27999,25.499366147000785
28000,29.68408425552871
28001,30.20899684701112
28002,28.52199508560839
28003,30.08826463917775
28004,27.902430696413383
28005,26.686795924369747
28006,26.12094160108878
28007,29.347615690645355
28008,29.534676134417197
28009,31.31837891019061
28010,24.74690391540578
28011,29.08719001001033
28012,27.034617627344183
28013,25.877938110988936
28014,29.023048115095364
28015,35.12431597810779
28016,30.07813823044286
28017,29.493493266842307
28018,28.468428014599446
28019,32.17598689887941
28020,32.4869610925521
28021,31.2516969212665
28022,31.396206621724517
28023,27.91328012813529
28024,27.63904400743639
28025,27.21689893359344
28026,28.94181753785027
28027,26.05378781616794
28028,30.500947606063676
28029,26.87394829181472
28030,28.403916134800866
28031,32.89967547120028
28032,27.95243680190986
28033,30.714814117419834
28034,27.434720466410063
28035,28.79399477854738
28036,30.032135455854714
28037,30.115535384500554
28038,35.018918936437544
28039,30.47827709049831
28040,24.531462024332555
28041,31.229448848161695
28042,31.63121134457441
28043,33.04011851284861
28044,34.35669978264412
28045,30.357216107505273
28046,31.02553286179964
28047,28.40380836916308
28048,27.821370884299597
28049,32.13282489086587
28050,33.003458467264196
28051,42.73656770761798
28052,28.79684026140896
28053,28.818081231070067
28054,37.14107460172497
28055,32.72291569943065
28056,14.134253303544696
28057,26.778751721830034
28058,31.953507486507064
28059,37.442374088602435
28060,33.23865023350196
28061,32.53228459642782
28062,36.449398414421594
28063,30.23955435484124
28064,31.95904090820939
28065,36.172122979192245
28066,31.031962825378642
28067,27.132665079626918
28068,32.21729670119188
28069,31.239844714269708
28070,33.412741704232914
28071,31.484509480112763
28072,31.217319797069194
28073,41.901208263536475
28074,30.1483179671391
28075,29.75675282191959
28076,32.91580872221974
28077,29.856732100325154
28078,32.924638848909524
28079,29.407358608821653
28080,35.339705430623006
28081,41.371729977348295
28082,28.402547069286783
28083,33.9487810880125
28084,34.08307900147357
28085,33.754306505858146
28086,34.80170706866561
28087,34.072491556449854
28088,33.962950620891945
28089,32.3929780613971
28090,60.919139157456
28091,40.906302266146746
28092,28.94109569313249
28093,32.6370974737431
28094,27.43609640363016
28095,35.277789131001455
28096,34.69744057568214
28097,35.19767586173545
28098,42.244878747354804
28099,39.58271415661218
28100,32.87237984744864
28101,31.408861830593352
28102,37.07502881310257
28103,24.15625476291585
28104,27.68484924240716
28105,29.105761773169043
28106,25.294521786617153
28107,24.886260860442427
28108,24.029525020572777
28109,29.32129965731979
28110,28.828734578972316
28111,30.428983161802805
28112,28.807005254599844
28113,25.663067109449408
28114,29.12165523923391
28115,26.141093611441406
28116,26.120827989222462
28117,30.082144272240228
28118,25.460677450356023
28119,26.50140209714248
28120,28.341318355883416
28121,26.721773010802067
28122,29.40864741416263
28123,26.766825901262905
28124,29.973579556654514
28125,25.254475657321272
28126,30.0724559456931
28127,28.51091811870014
28128,26.075375021433175
28129,26.01925445398262
28130,26.206385968471203
28131,27.246226922361323
28132,26.460015602644788
28133,26.947320844714426
28134,25.549111092151165
28135,25.996511046201988
28136,28.40519774009889
28137,26.786223342847478
28138,28.967888123448752
28139,26.659793499784662
28140,27.153683540793956
28141,31.00373358981117
28142,28.66525982161756
28143,26.3972529492478
28144,26.24345734067081
28145,27.302402468454368
28146,27.304154217629936
28147,27.93440693268837
28148,25.86591892065171
28149,27.05017510428361
28150,25.090674045072653
28151,26.210346446107017
28152,30.62276619286928
28153,28.34066537935051
28154,30.479508469443104
28155,28.033614061365114
28156,27.689569194003624
28157,27.43722685835526
28158,28.640582600500267
28159,26.39112958206543
28160,27.37539256913385
28161,25.13649627974081
28162,29.77932657251904
28163,28.904826950314586
28164,28.26141103769335
28165,32.345979935811656
28166,28.08815573795951
28167,26.715670682352012
28168,26.38910970672307
28169,28.085005441532715
28170,28.126764755585846
28171,31.03708173198708
28172,29.197471865398796
28173,30.674916950342464
28174,30.641768762778597
28175,28.058989927926035
28176,30.44635669500959
28177,28.328512142319937
28178,29.591960446716094
28179,27.293279532357253
28180,28.6740442578117
28181,29.858751300294067
28182,31.230083330336825
28183,29.31907829436198
28184,27.643529593636742
28185,26.351487376836552
28186,26.611292355112838
28187,29.21686126111679
28188,29.20697763916771
28189,29.993670306563153
28190,31.02672469266401
28191,29.177909262297312
28192,26.605557931331887
28193,29.3037959555028
28194,29.619966309849943
28195,27.19604649525833
28196,27.713360940999358
28197,30.370333694535333
28198,30.595061024202465
28199,26.81552816927457
28200,29.156553366370183
28201,29.35963388491919
28202,30.69363112691922
28203,28.44429478955348
28204,28.138037366630087
28205,31.19185655580229
28206,31.9686841935534
28207,30.207594927986506
28208,37.79737117924069
28209,44.74608520404193
28210,32.75174206019323
28211,30.929543462603434
28212,38.181114021281815
28213,37.07157403670864
28214,31.737352749162945
28215,27.727613132195145
28216,29.406338177210877
28217,31.536510045281112
28218,30.67522243902892
28219,32.65518882968667
28220,27.295850127711454
28221,29.267132429309754
28222,57.69318990214357
28223,29.745197844342897
28224,35.26056836808289
28225,30.115622391905006
28226,28.321521174356747
28227,30.65554847674197
28228,30.101113026175632
28229,28.392567182092236
28230,32.37561961826794
28231,27.724946482122995
28232,25.62648698278742
28233,34.23386511133491
28234,28.86538110841346
28235,60.240784996987216
28236,28.42487768403369
28237,28.323158833491853
28238,36.49741976817049
28239,30.120906252780046
28240,31.19151151186589
28241,28.577689148535875
28242,32.26470389678219
28243,30.460482627800673
28244,30.905682361600157
28245,35.15277189911043
28246,31.880114327793493
28247,30.66779605891528
28248,34.77715817959345
28249,30.11089077921779
28250,30.322379945551546
28251,27.758359200395702
28252,27.62730706846952
28253,30.414747300010077
28254,29.127294342961342
28255,32.00984101099988
28256,32.887498447274446
28257,30.75883416467341
28258,27.46378872172552
28259,30.80061519956176
28260,32.76154300941026
28261,29.71573175092452
28262,31.25340004982506
28263,28.717869813894524
28264,30.592242945007044
28265,29.930927436988718
28266,30.864321467869225
28267,31.946021101558728
28268,31.597175938344314
28269,37.463249769428856
28270,28.59141906376366
28271,31.186318494969953
28272,32.06387434765348
28273,28.449674032249064
28274,32.281574609007464
28275,32.03371404557568
28276,37.22939995121592
28277,32.25385321082908
28278,31.830379913819584
28279,28.953470841974607
28280,31.224312149279847
28281,28.55652290176762
28282,31.175823950992715
28283,32.442075044037416
28284,30.59040963519127
28285,30.52596031572827
28286,31.27943447694409
28287,28.985212006506302
28288,28.906256540630608
28289,31.451755156560843
28290,38.396990482043975
28291,36.31350693950317
28292,31.564314760483704
28293,31.543615993852782
28294,30.33404644787572
28295,29.430056458998486
28296,30.165063737066838
28297,28.813949458178172
28298,26.981743333444058
28299,32.190453418647905
28300,33.29836903388378
28301,36.88464296736225
28302,58.55301052054148
28303,30.842764823393765
28304,31.63177720034033
28305,27.480385179399732
28306,29.572510293864028
28307,40.88413840545791
28308,32.66717827612374
28309,30.402956420297443
28310,37.02505719887924
28311,36.12958558016529
28312,32.47803426087833
28313,33.22064561234929
28314,34.05010069298565
28315,34.606498464023375
28316,26.07702674988181
28317,33.431812464778744
28318,33.2221194271053
28319,33.066855167630884
28320,25.58421591678063
28321,34.55809627467897
28322,33.67421447956759
28323,38.3218700930668
28324,35.620004666037254
28325,32.04113565410306
28326,31.282787989463394
28327,35.16729350101292
28328,33.65283228541294
28329,30.464835413334406
28330,31.30843787035505
28331,30.086765190909162
28332,31.225241746827656
28333,29.640464421158356
28334,32.320272706133906
28335,31.466357980083544
28336,33.35706478269363
28337,34.12661176734951
28338,33.73960701914214
28339,30.434908983661487
28340,34.055406879737376
28341,31.331410669009614
28342,35.96388062654292
28343,34.272499758175876
28344,32.13889738490589
28345,39.531891570758674
28346,31.15510287305632
28347,33.36718174213608
28348,31.57346392515712
28349,32.213324091579366
28350,32.80833096199146
28351,34.18241555907959
28352,35.14018921372326
28353,30.92200987500646
28354,30.910473373922258
28355,32.79473034025773
28356,35.74479353089587
28357,30.36254834863027
28358,34.101509365391486
28359,30.460130923008663
28360,29.848708460281166
28361,35.07551522534414
28362,35.78158693653156
28363,36.75166227074445
28364,38.999495102144685
28365,31.430429782939505
28366,35.81377015641088
28367,34.2479149253664
28368,33.86615913097991
28369,31.880127459292815
28370,31.339059641967054
28371,36.41482436146717
28372,31.00015260695271
28373,32.23286109021245
28374,35.50030611462562
28375,34.65063765643591
28376,39.55597855199571
28377,36.48289027443231
28378,32.35035351707268
28379,31.08370894381941
28380,32.54454382886926
28381,32.70551264813291
28382,34.77483819520321
28383,30.526139270917227
28384,25.20625963761246
28385,34.249751548523236
28386,31.36482211702024
28387,31.464160525943377
28388,30.603426588908746
28389,32.004816349693186
28390,29.219172525399934
28391,33.31465212008758
28392,33.546783234913825
28393,30.229097907130658
28394,29.831987658104254
28395,28.713057671210592
28396,28.817686123997632
28397,28.082707688035455
28398,29.76233762647322
28399,31.1937705662556
28400,34.00317506562547
28401,32.6797340294185
28402,23.065540902955384
28403,32.30371401216257
28404,28.848679611417552
28405,30.118112834921916
28406,32.586318733276485
28407,38.80399150826177
28408,29.448798624515206
28409,38.23799546601859
28410,33.13953889282844
28411,32.83886753366978
28412,30.7221340132172
28413,28.04530412059985
28414,28.128645089926124
28415,33.30556881110758
28416,32.20828363446697
28417,34.33675745921237
28418,29.576929812124803
28419,31.92706367723764
28420,35.18017950869769
28421,22.889956424511247
28422,35.3489381434911
28423,27.98637171125499
28424,29.001081912221224
28425,29.713577726360455
28426,30.850462736869275
28427,27.9002640883176
28428,33.43499629544179
28429,34.00081644765697
28430,34.424047233615084
28431,30.688829960744087
28432,27.865736558427557
28433,31.645360910639567
28434,31.784989650403602
28435,32.39183548952852
28436,36.16961986963846
28437,32.81784208793281
28438,32.498899307379375
28439,32.142455552522435
28440,33.685047813228884
28441,33.418998125348075
28442,29.14722864153034
28443,33.10284973062347
28444,34.28050720947886
28445,36.53813500400272
28446,32.385733265230215
28447,32.84328888614372
28448,32.77367072356297
28449,33.14126095987157
28450,33.57132288599661
28451,33.66771290673145
28452,32.28989376599279
28453,30.537500733777634
28454,29.71448733418469
28455,33.68351478233361
28456,33.00049050061264
28457,31.844509834623167
28458,30.40128888060137
28459,32.278403535265454
28460,31.577569569577406
28461,31.528220906646652
28462,32.50864890800243
28463,31.066076818131975
28464,31.749883924635334
28465,32.16057736328514
28466,29.89211181996476
28467,32.785264955788335
28468,33.47540168186356
28469,28.98417513599388
28470,35.87608118013194
28471,28.700048422056682
28472,34.152207225269116
28473,33.559858191670905
28474,27.283583585452384
28475,29.282669311762426
28476,26.09751211615594
28477,28.603641300830922
28478,36.02033002873582
28479,28.33299457619045
28480,35.901340617189945
28481,34.24311210710694
28482,30.42355258786028
28483,27.504074203028026
28484,29.900923480193285
28485,25.817314903007976
28486,27.611079723244906
28487,33.19692231988789
28488,27.386068410137078
28489,29.420950800408562
28490,29.89455515844287
28491,29.56358158727013
28492,28.143483906356792
28493,28.376991048705626
28494,31.49554936903317
28495,32.05774388091802
28496,39.56233920963769
28497,30.79397907570496
28498,39.393996207528005
28499,37.52832219062956
28500,34.321395545816266
28501,38.45406542716704
28502,35.248466882278734
28503,29.248238705897407
28504,37.169125348527885
28505,34.66102653717606
28506,35.38410110446794
28507,27.080494675188618
28508,35.714078127279514
28509,26.85029556069035
28510,34.4900732708876
28511,32.648198587540065
28512,32.87437595462388
28513,31.681948720002275
28514,35.259223698881996
28515,28.190283908131732
28516,33.07375856610695
28517,29.896342690680854
28518,29.880215973651318
28519,28.24529373584999
28520,27.741573553265283
28521,29.573144091158106
28522,23.197928783161654
28523,31.902424207438493
28524,35.56453003615428
28525,26.36446439208234
28526,30.630646401257366
28527,30.2409958578006
28528,47.03971134122885
28529,32.657957920153514
28530,29.90310597496073
28531,30.303232308996243
28532,35.29358764478029
28533,28.827549270215464
28534,32.753747778661605
28535,28.24432169482168
28536,30.788724711374655
28537,29.888104438581337
28538,28.290125567341576
28539,31.686786625196085
28540,32.81634546391213
28541,29.48232257955904
28542,31.283125192536637
28543,31.662732447265697
28544,34.1510160230393
28545,30.706921200394547
28546,29.97586175931273
28547,31.17575287188997
28548,27.7699077513171
28549,28.484962298865256
28550,20.792347070969246
28551,29.505786784485622
28552,33.54476306017853
28553,30.26166863886079
28554,27.49108092447149
28555,28.902063075910604
28556,35.99420596355874
28557,35.76766250194867
28558,32.10843773974116
28559,33.270489915779386
28560,30.243759109157324
28561,32.92967608613055
28562,34.50906114956169
28563,28.16336984992447
28564,29.698453252924594
28565,31.142768863372417
28566,27.72064895339237
28567,27.64918495832714
28568,28.672333828297575
28569,33.654567223488144
28570,37.49388865521978
28571,32.70046470960541
28572,64.23904971536493
28573,30.07135827712471
28574,30.90587917471865
28575,35.537020321889464
28576,37.26990415508661
28577,42.30386072033587
28578,52.267885025746466
28579,28.757577232580225
28580,38.45071341313788
28581,39.27686391755485
28582,37.96379847845039
28583,28.7831474268393
28584,40.402447714943726
28585,32.34517405783535
28586,29.21484441183823
28587,26.99311157768669
28588,31.609181216726633
28589,41.510648819790156
28590,25.406879392825182
28591,34.95429415256269
28592,36.07866682561582
28593,31.202044569242048
28594,29.259823839053738
28595,44.30943767766238
28596,40.7409557977508
28597,29.015032667664343
28598,30.682989596127797
28599,32.029150195747675
28600,31.672123902495137
28601,34.81042350831501
28602,41.665538901908796
28603,30.61686525358938
28604,31.23167490775424
28605,31.76588877185305
28606,31.197496987770542
28607,39.4793445342198
28608,37.132600838335705
28609,33.55422068284936
28610,33.9130798691482
28611,33.980624823321655
28612,34.69466507389481
28613,42.03897121751506
28614,28.274670572117188
28615,30.415629291769122
28616,30.72027842305549
28617,33.86317388450169
28618,33.15996070225092
28619,33.97857224159433
28620,76.1735919829527
28621,34.38279990237041
28622,32.19182417086147
28623,31.01448116671928
28624,48.6210369922277
28625,27.359727223309108
28626,46.967258983210144
28627,22.40477913576026
28628,63.255702921954494
28629,34.939525969156065
28630,34.123489533745925
28631,28.387787413714456
28632,31.526017928960265
28633,25.48604889963086
28634,36.16113120656935
28635,40.0461302630837
28636,32.18746457058602
28637,36.545977756148396
28638,33.26487117533634
28639,24.47002820932576
28640,31.96860292131558
28641,26.17993818013985
28642,33.96969736421002
28643,30.047324140421402
28644,36.23295825351981
28645,30.705153675567068
28646,35.11207929520801
28647,31.05075688325401
28648,33.73084553620973
28649,72.4805125111005
28650,49.70757883288154
28651,53.84322535717767
28652,65.26300414109058
28653,33.29867888922383
28654,29.433327548349617
28655,33.24194512412235
28656,33.7577475162309
28657,30.128336270971104
28658,53.591613317286615
28659,53.44280656754775
28660,50.47819426851527
28661,33.17656233534965
28662,55.30422755648692
28663,31.240335465528204
28664,24.42669861637281
28665,34.19431712122896
28666,30.346552326645615
28667,29.48257009412974
28668,30.32933823821854
28669,33.396120075257194
28670,32.001193222260646
28671,26.53564887125477
28672,37.91755057017116
28673,31.307731154623866
28674,37.93149065923111
28675,29.32009015347505
28676,36.12303915173978
28677,30.441104274346998
28678,48.0413021873472
28679,33.28056658249339
28680,40.84745996994615
28681,28.705832767744624
28682,25.817867986565673
28683,29.83327601483289
28684,44.49209866238853
28685,31.874702144870277
28686,29.741759769607192
28687,29.688121947856608
28688,35.79660853936787
28689,36.88708892997545
28690,31.395424707835254
28691,31.40155708175999
28692,37.81230592488712
28693,31.020265707534357
28694,31.098666829181944
28695,30.139702507397416
28696,35.724330332890425
28697,32.18680451512179
28698,39.05979472004484
28699,32.53465974326165
28700,29.272247306335444
28701,28.376154451317845
28702,36.10080175665814
28703,28.321174503059012
28704,29.373789688413524
28705,32.698000548323975
28706,33.898938824077504
28707,30.105121242280575
28708,32.706375570769374
28709,28.905122780961733
28710,35.290201548760855
28711,30.330693141407394
28712,41.56545634227706
28713,33.80450458586665
28714,47.42318765951539
28715,32.60700513526385
28716,35.07368038958846
28717,34.84270334325829
28718,26.5456780853224
28719,24.46130235300619
28720,30.19492230179013
28721,34.93831143787549
28722,28.62622905065591
28723,39.109019327038794
28724,33.735115442244876
28725,38.15745622255928
28726,24.780521577176387
28727,31.611607484230603
28728,27.143711909951733
28729,34.45956971652384
28730,21.2620392647256
28731,26.63325608385813
28732,28.500287951599134
28733,30.29899891140144
28734,26.766515057980577
28735,30.040561013049377
28736,34.24339474295226
28737,31.076120076027188
28738,27.59961314543179
28739,24.579019266196347
28740,24.235326512850037
28741,28.01469695635882
28742,27.365947657709555
28743,25.129035960106812
28744,26.819440421686792
28745,25.735685821320658
28746,30.85217318464234
28747,29.146052920727755
28748,35.427684247031316
28749,28.052954134025725
28750,27.043863731525818
28751,30.619604081235813
28752,35.13460129071477
28753,26.902329811171157
28754,31.527650578015013
28755,29.19952984632738
28756,33.669204743488294
28757,32.40696466177279
28758,29.069417627081194
28759,27.464972995114962
28760,31.59439390573457
28761,31.65036724144219
28762,28.17344602979947
28763,26.310845715338303
28764,26.556904680060768
28765,26.69810527377018
28766,29.775886636983856
28767,28.199650319687045
28768,27.253340032469133
28769,28.835056597279355
28770,28.648782929775912
28771,30.80407898011589
28772,25.33009331001331
28773,28.046945596344308
28774,29.238749087269404
28775,30.147968766231088
28776,31.858799791182022
28777,32.80742559131973
28778,32.87274347046077
28779,32.77485924552241
28780,25.278818007289246
28781,29.52367832233452
28782,28.091529341172212
28783,26.811599518403035
28784,30.621938919939858
28785,26.745768959738378
28786,27.514911752650292
28787,28.297231639358507
28788,34.96850889605364
28789,27.998441904060883
28790,31.239777813620464
28791,26.548204642085665
28792,27.33068345310661
28793,28.23854170814969
28794,35.94276977955035
28795,27.868055659565073
28796,34.56089937224461
28797,33.84672625070787
28798,29.63725947861731
28799,30.517756947847978
28800,33.11250782386507
28801,28.036043665404847
28802,37.01013782788754
28803,39.951837877707405
28804,76.08912279132818
28805,77.5372907112062
28806,42.52529591592469
28807,39.19853975106041
28808,30.19179140297581
28809,44.75013268823304
28810,38.907636736221036
28811,30.30905923437019
28812,58.812949510073025
28813,75.90092902666284
28814,34.71565655573589
28815,48.05228061717417
28816,43.28284576092326
28817,46.8518437305396
28818,29.081429805008028
28819,39.14324008612272
28820,32.30741461618033
28821,33.730462443911755
28822,35.77648372664762
28823,32.813138113036466
28824,43.67933003672201
28825,40.21237372160666
28826,32.271846309986806
28827,34.60221819551458
28828,48.99154502714539
28829,28.911292076691588
28830,32.925604664129246
28831,37.05567940136351
28832,37.105252943283695
28833,43.1202834642315
28834,46.06854527136116
28835,35.2532160545171
28836,24.733426813739804
28837,41.511518563478006
28838,64.93021650294219
28839,43.9770118374051
28840,46.42089354475311
28841,37.180855660990254
28842,42.59134215720657
28843,59.15739492073999
28844,40.85101073453997
28845,37.442533285112354
28846,78.0774105316268
28847,40.87103140182001
28848,39.23737359838202
28849,46.6380329214089
28850,33.061603280178076
28851,33.558647730011984
28852,44.65305960556924
28853,43.61487926821428
28854,58.339324193788826
28855,37.22760671644503
28856,28.944929602279736
28857,31.015970657014805
28858,48.025784414696254
28859,32.78134746495799
28860,61.88777998224249
28861,33.25305116189125
28862,35.22512331735119
28863,43.54234112625648
28864,31.739490215371667
28865,31.901480067699076
28866,31.706350513518416
28867,31.29299460819334
28868,32.089693024452465
28869,31.544392238132716
28870,35.31843823266688
28871,31.295109987460364
28872,31.234082747729516
28873,31.210485011675587
28874,30.99417512071735
28875,32.49040289627146
28876,29.23132455597265
28877,35.47743048728016
28878,31.979280356344525
28879,29.241756350578278
28880,31.711207843567088
28881,37.614421217951254
28882,33.67812459226421
28883,32.982175261644464
28884,35.51601924857065
28885,32.53800402649887
28886,31.214646377803348
28887,33.53072613908471
28888,31.142658725775554
28889,32.837914368515555
28890,35.30340213579718
28891,31.546557176950202
28892,32.22125176131756
28893,31.035781393764807
28894,31.885026323320844
28895,29.51048434371714
28896,35.39346690433126
28897,31.76380924409274
28898,34.61347058806153
28899,31.465399129318286
28900,32.453044196721194
28901,35.63725798951771
28902,30.124427111717303
28903,31.04250676056624
28904,32.503497726820605
28905,33.39220770045354
28906,37.13017732824988
28907,40.25396063014361
28908,32.73325748288774
28909,35.40079293230877
28910,34.579171174797104
28911,30.247478114323208
28912,35.32908889990038
28913,30.942188631421033
28914,30.068906227199896
28915,30.28452375671654
28916,35.623103792986385
28917,34.95014229462328
28918,34.38891468541743
28919,36.13202886866841
28920,31.393258731736957
28921,35.740799844538245
28922,42.01168733875521
28923,34.80355141978346
28924,33.63134912238161
28925,34.92067118788012
28926,33.1682345948965
28927,34.103204262666964
28928,33.18990116291715
28929,30.405055349096862
28930,30.843835381175737
28931,33.20966187819246
28932,37.7950621292325
28933,32.51035501418595
28934,29.78057724504383
28935,30.109410356952175
28936,31.728740890576105
28937,35.058040817079124
28938,29.23985329235917
28939,31.38191896725599
28940,32.058928315505256
28941,32.828531740216064
28942,32.15295656246626
28943,30.633846474647598
28944,32.21705047704237
28945,35.6945102838424
28946,34.837390801830495
28947,30.27796302124232
28948,32.58942683039811
28949,32.37085068908362
28950,32.495188784397165
28951,28.81245605569042
28952,31.67903868123163
28953,32.66473844197674
28954,32.95147210783976
28955,32.03123285250164
28956,30.189927426875094
28957,31.210334200424967
28958,33.92924891148209
28959,31.594388900242294
28960,34.736499073150654
28961,41.61109104395385
28962,32.547134543752904
28963,27.99164617575792
28964,48.55215527050814
28965,34.67321700465095
28966,40.55576757400348
28967,25.730995756277885
28968,59.12171910571351
28969,50.8823458428067
28970,11.002202077258794
28971,35.7366023580513
28972,25.980970323349368
28973,34.85949916451805
28974,31.142796614918538
28975,36.77514217989996
28976,43.560601921269395
28977,52.720904911129495
28978,35.70041953331319
28979,22.087669473057172
28980,42.63271038916183
28981,43.69460572375275
28982,32.84485217099699
28983,31.608791155355746
28984,29.935294564731592
28985,29.039065187937304
28986,31.431620352297642
28987,31.33872575805796
28988,33.44051579231881
28989,31.276924509528953
28990,39.371040050996925
28991,30.550422502101704
28992,30.975542050688205
28993,29.70358476467554
28994,31.508929147523347
28995,30.47678693594022
28996,28.138987343211596
28997,33.23181335307014
28998,28.746415620680267
28999,31.34799461270139
29000,31.622348798371533
29001,28.817092400485492
29002,29.396928855465553
29003,34.57995566130923
29004,29.952003416617664
29005,31.23063113930821
29006,31.773622787144973
29007,32.35087017855179
29008,31.377026847155797
29009,28.378089277852887
29010,31.30378411138085
29011,32.396362661986835
29012,30.795097573322238
29013,29.267938067034905
29014,30.81479269492897
29015,32.558524242119006
29016,28.781271089522257
29017,30.351285804347228
29018,30.283243844323465
29019,29.946275001284427
29020,33.41234684851044
29021,30.33040961792554
29022,39.96523828551165
29023,30.08795080442212
29024,30.977039293693906
29025,35.05296727070616
29026,42.676791148772566
29027,30.237752475627296
29028,30.427077246694793
29029,34.40641137143597
29030,29.53623794074899
29031,32.61452567411093
29032,30.855635616462862
29033,29.290457120040003
29034,30.35087684166882
29035,29.69917329062872
29036,31.680221669864487
29037,34.2773198141414
29038,27.58434472995404
29039,30.80601808469666
29040,23.902941905918638
29041,27.16268614987723
29042,29.011815395192194
29043,30.11042796937126
29044,31.28657842222257
29045,30.981114287104234
29046,27.060919130907983
29047,33.05823663148488
29048,30.634038025272986
29049,28.528350504816288
29050,27.067019614590933
29051,35.91872879359111
29052,34.93785505610159
29053,30.21270325838435
29054,27.953097380428467
29055,30.063663275344773
29056,34.83510315525317
29057,28.793890208289305
29058,30.79860451172631
29059,31.131621058047642
29060,27.28017451826169
29061,36.89277010136406
29062,34.721622805871505
29063,27.134189676693964
29064,30.11698777903632
29065,26.130752048737023
29066,34.312637902344306
29067,27.805298674878735
29068,29.324027306027972
29069,27.77499144880798
29070,25.75408981760296
29071,26.185955966277206
29072,26.258270861229043
29073,27.657025344741186
29074,35.42960789709967
29075,19.513541814729027
29076,31.202915578209122
29077,27.29422594630018
29078,28.31647805284318
29079,25.538118589049134
29080,20.989270059724205
29081,32.20624575894359
29082,26.47259299070153
29083,25.52522449325315
29084,25.20246943928108
29085,28.618663810937264
29086,26.05580041877829
29087,27.04335925400008
29088,27.324656894749964
29089,28.310047427832416
29090,28.8619426463466
29091,29.941146765031704
29092,31.164459150091638
29093,34.92834762099963
29094,29.3073382766445
29095,31.938723458153866
29096,27.710191010875725
29097,28.41632024514805
29098,27.29900342674202
29099,24.87889017188226
29100,25.90715260850247
29101,27.55882272827604
29102,31.925610591291317
29103,26.172089518393705
29104,26.282283631436997
29105,26.304069473801647
29106,35.382783395208655
29107,29.829896754065942
29108,24.63024549789516
29109,29.652999431437827
29110,27.73350190896589
29111,32.27227270840597
29112,30.974844951719277
29113,33.86413683187623
29114,36.57735428109349
29115,31.415547749518325
29116,26.263400314073884
29117,27.619461433201394
29118,31.630627109687744
29119,24.995728909817778
29120,30.027685936288506
29121,27.172869939915195
29122,27.15210243531294
29123,27.942695244386513
29124,31.399840213853892
29125,27.855814063819487
29126,36.86229697693476
29127,31.276011368176377
29128,34.9601723269087
29129,29.69007671688486
29130,34.89469507509072
29131,31.99761084921395
29132,39.84325531875529
29133,34.12648216355044
29134,41.1453932454419
29135,32.787882449472455
29136,33.388282449974994
29137,31.054686770545025
29138,40.869689727978326
29139,33.870611218700944
29140,32.53228151448942
29141,36.78265667328543
29142,32.21754787720534
29143,44.06381198213336
29144,71.71832863204466
29145,40.93593075907891
29146,33.80227310960731
29147,36.370864510964324
29148,37.561121536612525
29149,33.56346313562666
29150,30.711016892294523
29151,42.978407489560965
29152,33.08956200466517
29153,32.96430300677205
29154,40.23544663286369
29155,34.319758540072606
29156,33.550331971798364
29157,34.560777032087
29158,31.048768398577167
29159,33.88667091719531
29160,33.969329730839505
29161,34.79600055035762
29162,31.84091105857901
29163,28.47539493735252
29164,49.265848087235476
29165,43.61983058251442
29166,38.775272281797434
29167,33.63654404312347
29168,38.00138809430118
29169,32.82866071220874
29170,33.141471473900346
29171,34.41638088574657
29172,34.58862805600555
29173,34.213564818442656
29174,31.36109955988141
29175,32.341696223338865
29176,31.660165080472105
29177,31.263128622767006
29178,30.669441423996552
29179,42.23520134285818
29180,35.21228413886708
29181,31.03114703025139
29182,51.356477174082016
29183,34.768941269429604
29184,29.599444807452286
29185,35.52782471180333
29186,32.169290910766726
29187,29.722323644687428
29188,29.58906771488077
29189,28.278758802260697
29190,31.76457476214339
29191,34.735131115963526
29192,33.428664515068974
29193,34.29907262320022
29194,33.17190974793444
29195,32.94958389227556
29196,29.496593113177767
29197,27.991520966285755
29198,46.58446610949838
29199,30.41963805163718
29200,31.791612096714545
29201,23.52410534749444
29202,34.4212212863229
29203,19.07868155173095
29204,22.575334148312436
29205,27.762340219595714
29206,27.956356045477065
29207,35.04787768543757
29208,32.89151768887506
29209,28.871744335726845
29210,20.60536381333681
29211,30.97952974741323
29212,25.451348029265517
29213,36.65822397121822
29214,23.067269229825126
29215,33.522376494098715
29216,33.01723038825755
29217,31.70746762533031
29218,23.546263719138658
29219,27.30636594188283
29220,24.688486691718076
29221,32.61761674877755
29222,34.165117989065465
29223,33.39117617806268
29224,30.535957610396117
29225,33.29241351349331
29226,25.043879429148866
29227,27.603210130380546
29228,30.373769750410887
29229,28.217005944477847
29230,35.167736535425036
29231,26.57470207243132
29232,29.667285437950305
29233,31.599100754962613
29234,29.696924292197373
29235,34.453585613590086
29236,33.45700142915222
29237,33.07703243566744
29238,26.757340715314825
29239,56.655076244083986
29240,23.21239639200026
29241,26.696652684573777
29242,31.402604838147894
29243,29.218597763381013
29244,25.601391137011944
29245,31.09374551187006
29246,30.929192821737857
29247,30.854836080520165
29248,30.94370442021699
29249,33.22350886820311
29250,25.62064743983852
29251,29.469667888444043
29252,19.793157870624118
29253,27.726854180515993
29254,28.327763805420986
29255,30.321666248962543
29256,27.986183134665225
29257,31.612676871148693
29258,32.37338294980739
29259,25.880035385797
29260,29.986734634703296
29261,33.34426998026656
29262,29.837736467555004
29263,29.40099240151109
29264,32.251072809708
29265,37.53089202735871
29266,32.834914558846144
29267,28.244802818158853
29268,33.159918979038345
29269,29.622313357048867
29270,32.831207872767
29271,30.69835191160029
29272,32.25513389685078
29273,29.396949255645573
29274,44.416681321714165
29275,32.09365926490382
29276,31.170299706245316
29277,30.837967772178985
29278,36.57165257503129
29279,36.449398414421594
29280,32.63337636027319
29281,30.213397162881094
29282,29.181035221089928
29283,27.603758863611027
29284,25.040423254908234
29285,28.14226957419048
29286,26.026012245322825
29287,27.273422256689855
29288,38.81871586953152
29289,42.259773426679644
29290,35.595685154771516
29291,45.33659964211842
29292,34.3988081250145
29293,30.238262607639527
29294,35.08377619307206
29295,46.323461052731545
29296,26.99035463687816
29297,45.43028066495757
29298,36.18809712187176
29299,29.9196330574041
29300,34.26516756097328
29301,30.358676453704362
29302,77.58548412453703
29303,40.5699256100158
29304,33.98184439774356
29305,37.937135573279384
29306,34.38133417457711
29307,44.01183793957429
29308,45.013565029813016
29309,25.912098468607873
29310,50.14821090302488
29311,31.40264947552277
29312,50.27433304471046
29313,46.87263178144789
29314,31.747713984858734
29315,34.335477463751864
29316,29.902175503114222
29317,30.100126029540405
29318,10.849007118468514
29319,7.068617265727703
29320,20.081122184026412
29321,24.7512559131941
29322,25.683654139010216
29323,33.139272641849914
29324,26.65231203187095
29325,28.47588880926238
29326,30.98118934779656
29327,33.14938974450256
29328,34.784185465285475
29329,47.08327782510036
29330,33.14801631101645
29331,29.554505514823596
29332,32.012644422842584
29333,34.829695331217366
29334,62.393970461566326
29335,34.29876102058429
29336,44.24118014220489
29337,28.751709061645897
29338,32.10404089111954
29339,32.16869592487832
29340,22.765570421919424
29341,35.26897386439332
29342,35.597717521278085
29343,29.35935126231861
29344,32.353819102304655
29345,39.50354292979477
29346,37.15121628089682
29347,36.9890302258694
29348,36.51954016156219
29349,35.21000336428192
29350,37.391855288666726
29351,31.22170007197063
29352,37.4581348861305
29353,33.22963316568227
29354,34.58531838722563
29355,31.958854054707366
29356,37.732318869677165
29357,33.191305209428435
29358,32.898276111631915
29359,35.0626766394805
29360,31.29673079726227
29361,31.166221771101874
29362,35.310638282917054
29363,28.728080617866937
29364,29.866603533373862
29365,34.0922682063364
29366,39.18953727072316
29367,32.04630321192177
29368,36.07401200139099
29369,29.668802174460488
29370,30.281824877737535
29371,34.30315531185704
29372,35.840339262867005
29373,37.43358935388645
29374,38.26444514262307
29375,28.71806698853139
29376,30.054967806631403
29377,29.660336609274296
29378,29.390899873709266
29379,33.27956756131589
29380,34.52729510441813
29381,31.26559252798259
29382,29.667941404473396
29383,29.74664257243918
29384,30.190363414413824
29385,29.65240482861612
29386,32.38531303720203
29387,31.9101011154725
29388,29.213503203189518
29389,33.32726671684468
29390,30.260204503911638
29391,27.81649795171377
29392,27.557979867839734
29393,35.36836528699674
29394,30.674960304837427
29395,32.715778480941964
29396,20.459950656200796
29397,29.24972309934136
29398,30.59234631455029
29399,32.51891755147005
29400,37.260879096812886
29401,32.36312326402687
29402,29.893536085143822
29403,28.15026933091402
29404,31.117189475887116
29405,26.19411132909609
29406,27.925350816184213
29407,32.452472854825636
29408,30.26705903378472
29409,31.422483608083766
29410,31.660853725686998
29411,27.58177508080187
29412,32.20828363446697
29413,26.415697150794173
29414,30.41391423578736
29415,29.563492239101024
29416,28.064960385945405
29417,41.22592056663246
29418,32.20656715104545
29419,42.98914409236255
29420,30.798426064209927
29421,36.24605123172967
29422,35.13626690104446
29423,34.25880526310202
29424,42.88647967932765
29425,41.74959511980621
29426,37.092676662187856
29427,30.549282122606165
29428,33.73503045592705
29429,34.30361021354712
29430,29.66651685878078
29431,34.790807996793745
29432,31.945818416213996
29433,33.37537666061892
29434,35.488770614115126
29435,31.886925164301005
29436,36.245504311188476
29437,30.780122784594
29438,31.152483522892624
29439,37.13722932221142
29440,36.21328387436402
29441,31.146111611859396
29442,36.526523219632494
29443,35.8891410360106
29444,36.051623656852506
29445,31.59861299633902
29446,50.56907935842613
29447,32.42028923048608
29448,32.824973855600184
29449,30.44627478286904
29450,36.08508823414445
29451,29.282804303839825
29452,30.21856446761342
29453,34.949744151701665
29454,32.88647639626392
29455,30.75077657285658
29456,31.57047006630105
29457,33.96803207872025
29458,33.80351271264358
29459,30.98739091602925
29460,36.58591477556279
29461,35.41126229483981
29462,35.918847297687904
29463,34.43695804804869
29464,33.720735448915775
29465,33.478369482437266
29466,35.73848822646781
29467,37.31319026693386
29468,31.690149411711914
29469,32.75053814565914
29470,34.0784822510057
29471,31.815962058751545
29472,31.427596764574616
29473,39.49024142116987
29474,36.68530351728026
29475,42.52132141779975
29476,31.134826576341176
29477,29.4724133598994
29478,31.496696014850826
29479,38.73692124792898
29480,34.45704317359063
29481,34.05011689092602
29482,32.51459913844691
29483,35.02747229843454
29484,41.513669185807665
29485,32.81977568480327
29486,34.062885192615106
29487,34.76139370494312
29488,43.035975667008394
29489,42.79778991760527
29490,30.32929375576235
29491,32.68717147115519
29492,35.972922757351824
29493,30.647980615889843
29494,33.88532681139695
29495,42.08766750809695
29496,33.271228963895425
29497,35.82948335239246
29498,53.71198195399054
29499,30.545380477613747
29500,32.270059609677524
29501,31.774750755353367
29502,36.57733787855715
29503,31.524788244493287
29504,30.732909904500296
29505,36.715859850666725
29506,32.31319586927364
29507,21.926614189064303
29508,59.123414262872586
29509,60.43829262232484
29510,29.713595797186365
29511,31.33807396288931
29512,32.59429781142778
29513,29.49319749162766
29514,30.657256697700802
29515,69.41318684228163
29516,34.77837946222327
29517,31.5769712508555
29518,32.603143129034265
29519,35.37233513497033
29520,29.369639054587708
29521,22.72803648129345
29522,33.702859199400386
29523,29.124741965100043
29524,34.29021322881207
29525,32.59122559236163
29526,31.66531965222498
29527,32.37166852599209
29528,31.21407810735392
29529,28.403979233972237
29530,30.49029413270187
29531,31.495252857329277
29532,29.821275163955576
29533,34.92184842411093
29534,36.76477118570267
29535,35.83734376000624
29536,40.63555406586098
29537,32.51174809186962
29538,31.709029580372288
29539,30.188271156193103
29540,31.88175437098024
29541,32.80521803447277
29542,51.204020552707576
29543,36.29239328638067
29544,29.01796433232049
29545,31.422330808758495
29546,33.07694391050866
29547,38.276422434850446
29548,36.55161237211021
29549,32.84256255455287
29550,29.399504817299828
29551,31.155071146441365
29552,69.0971982657816
29553,30.081997295622003
29554,31.874530818199432
29555,32.088510648819934
29556,31.517867012191438
29557,34.2841991217557
29558,32.01523599671397
29559,31.45466072580269
29560,30.388267149832757
29561,34.48507754035349
29562,32.64816169591992
29563,34.00912918680632
29564,31.906432376709695
29565,32.05532859632878
29566,32.54802706695098
29567,45.71718284472261
29568,32.62878975407537
29569,31.79065853107369
29570,29.057371834619076
29571,32.82529000410535
29572,32.65316732373392
29573,29.47778183676124
29574,33.002799235098635
29575,29.73760727008826
29576,30.346246633513985
29577,28.69630066954295
29578,34.81746628334546
29579,29.078013855023762
29580,29.1201094655897
29581,55.84993617410075
29582,32.07223491139848
29583,30.141917650219156
29584,33.05471941792331
29585,29.862175449158116
29586,33.209621246343076
29587,23.511004312771256
29588,31.735970303597966
29589,31.135051952826707
29590,31.04401533421241
29591,27.242325554705324
29592,27.935731056361703
29593,36.77083695147329
29594,33.648660577153194
29595,33.41468357203046
29596,28.404198991762044
29597,25.474351925390422
29598,36.32636716492645
29599,36.39859314122269
29600,31.129646478170415
29601,30.85633340636827
29602,30.656340690122732
29603,24.15289887594154
29604,36.04704950476813
29605,32.31388020384696
29606,40.68492937641131
29607,44.75013268823304
29608,42.706167705593266
29609,46.07254680129129
29610,46.967258983210144
29611,53.591613317286615
29612,32.8669177617186
29613,76.08912279132818
29614,41.425836716326614
29615,34.28003986766218
29616,21.772988864743315
29617,31.01996356188235
29618,34.76557249386179
29619,40.07476231227885
29620,62.726151674356274
29621,31.248698419873577
29622,47.228818961040375
29623,47.67135025901689
29624,31.06100632587642
29625,49.604615705712476
29626,32.070382215583734
29627,38.81667228338545
29628,40.93915627777441
29629,53.14922059320347
29630,35.984019340669796
29631,39.09068868364059
29632,51.04632774436994
29633,36.25409874994259
29634,32.493370907937205
29635,48.05228061717417
29636,39.8471000132781
29637,30.496446544084705
29638,33.68568559528729
29639,49.423481308655774
29640,36.115653604787
29641,61.83070080293494
29642,78.0774105316268
29643,33.0006519507547
29644,37.07502881310257
29645,75.3965021599861
29646,38.068486331025895
29647,43.28284576092326
29648,32.603429311166224
29649,76.1735919829527
29650,42.69697338478072
29651,45.47742489340939
29652,43.75856814065751
29653,33.12351671582674
29654,49.37534556453709
29655,32.01777794040196
29656,34.249630084671765
29657,29.118662903892684
29658,34.28536692355601
29659,29.12439834323264
29660,34.315678460930556
29661,29.363868116066342
29662,29.890234927213328
29663,30.80377633538469
29664,30.224015945712438
29665,48.42155765413716
29666,51.70115375191144
29667,44.753956301612604
29668,41.17146542160445
29669,43.67363101367849
29670,47.14522458210228
29671,42.09728804029129
29672,39.149529153188325
29673,37.39013289458811
29674,54.593066174577544
29675,42.74692249024051
29676,54.248907391509015
29677,48.42755341192406
29678,51.70139323456187
29679,45.545000649110136
29680,52.22806926128362
29681,44.92515683586145
29682,46.93392946929859
29683,52.09040295058747
29684,54.96830274978981
29685,51.87526316033289
29686,35.010952804552474
29687,41.99084018810024
29688,52.82888206083177
29689,43.46404306036857
29690,43.12005522860381
29691,44.826350937984614
29692,44.311948728515844
29693,52.59449263991822
29694,39.59687194787688
29695,21.123088449067705
29696,35.139440062434204
29697,39.69739235563495
29698,39.80027609424906
29699,41.0325901257643
29700,34.3890172490184
29701,42.47341922801208
29702,41.116223155794664
29703,46.07526115377026
29704,42.047935328331825
29705,38.070169859965866
29706,39.262023101573796
29707,37.43434527943953
29708,36.17833046052409
29709,39.806063131294565
29710,38.91549359968899
29711,40.36867004330351
29712,38.51466559620732
29713,33.90158073693105
29714,50.10929131624629
29715,40.5457462914938
29716,41.10069909946741
29717,36.10335117161569
29718,37.30360792408789
29719,39.92459378731026
29720,40.13643458068344
29721,35.71284184063699
29722,34.734729366219646
29723,42.375410568333876
29724,34.87705119851281
29725,40.23670481701393
29726,34.12723647566908
29727,32.171901171471646
29728,35.64308762725538
29729,35.79286770109752
29730,37.17275277400722
29731,32.907108485425525
29732,36.619109931468806
29733,37.710059059149486
29734,39.48245516659517
29735,39.67469012951646
29736,31.28849662462318
29737,33.3153448193009
29738,35.013868840590256
29739,39.229499918628555
29740,39.74165127580258
29741,37.763929310550914
29742,38.121553456431705
29743,39.036508797808835
29744,41.52493845012421
29745,34.77577180167489
29746,37.13049575184635
29747,38.01489621358536
29748,34.685507180085395
29749,34.24548050357188
29750,39.73676127538033
29751,35.06621433153776
29752,37.810310406663525
29753,32.184300064302896
29754,22.22892530008965
29755,38.888919059277264
29756,39.236098056386666
29757,32.468248689793754
29758,39.68268712168755
29759,37.24581242439237
29760,38.771770855213354
29761,34.873160705238064
29762,39.65054364528569
29763,40.75573473066045
29764,36.49591009427196
29765,30.3234353908233
29766,33.95543304151705
29767,28.34406986671128
29768,32.603157776405766
29769,30.157759581279038
29770,34.6163357276832
29771,30.52191901876646
29772,32.82320388774791
29773,30.23582730835632
29774,32.1251047647746
29775,71.35436444994752
29776,36.4212583020279
29777,37.25203855331753
29778,38.47384270277227
29779,33.69607778805606
29780,64.68273600217995
29781,37.57440719189153
29782,29.962026636554732
29783,33.301581690414245
29784,38.56156422538601
29785,64.82340114483873
29786,40.63669423121675
29787,27.39617197102821
29788,41.44015633698218
29789,35.177516129642996
29790,43.78090142791763
29791,38.3800170717072
29792,38.999495102144685
29793,36.648301941038596
29794,46.93880547680959
29795,67.10065982150553
29796,40.36904616490494
29797,35.99886141735467
29798,66.1014002046588
29799,37.428850447073174
29800,34.92389887922185
29801,29.958422527215482
29802,34.18834288975543
29803,39.06309370801928
29804,46.26998921782332
29805,32.586318733276485
29806,41.565170840778
29807,45.03060632516916
29808,31.428973130086824
29809,37.4235735026601
29810,35.02618425964449
29811,34.72285306896136
29812,33.756682354655844
29813,42.21847184253371
29814,35.58319887883807
29815,42.85170418151849
29816,47.67662119246795
29817,32.08425913798883
29818,32.082944816692695
29819,46.124631092021446
29820,34.20109144023704
29821,36.7719031882952
29822,31.96365294029423
29823,46.43493165108615
29824,57.883380955269956
29825,37.640886125646965
29826,35.44068531849099
29827,28.28176194856436
29828,28.31452719838238
29829,43.396504272526144
29830,36.88464296736225
29831,51.456174085803084
29832,30.81543792243957
29833,31.500406783297592
29834,37.721260046964986
29835,35.00988378446365
29836,34.78283383346606
29837,34.65063765643591
29838,36.77130746097835
29839,35.05356708072668
29840,33.47928158246759
29841,32.882320323062714
29842,36.457026223478465
29843,30.600984361349198
29844,36.37205528952073
29845,32.54708637639528
29846,36.133298395809284
29847,35.692721264540054
29848,36.01839035349354
29849,33.589982019343665
29850,34.27495464857686
29851,32.57258534678477
29852,29.511473222538513
29853,35.91431115419687
29854,31.487170493826312
29855,30.753306507511418
29856,35.02729613936766
29857,31.944103573183618
29858,31.930987943143286
29859,33.47540344468058
29860,29.131045645476377
29861,28.875220616658332
29862,30.863299507252677
29863,28.922207582369936
29864,22.421102754417237
29865,27.30161770322035
29866,29.57380646499991
29867,30.639152251795437
29868,28.33095836302902
29869,23.19643416250614
29870,31.37558255635097
29871,23.6886717707039
29872,31.61334924696154
29873,31.22663127644625
29874,30.555119356225447
29875,29.676336726753995
29876,35.48064634788234
29877,34.32280061188163
29878,26.165812575199965
29879,33.45838326113774
29880,35.409835461953236
29881,29.832869855554392
29882,30.9385356742103
29883,28.384655296111752
29884,23.067269229825126
29885,33.777310849451055
29886,26.395049170281517
29887,36.421335673814035
29888,22.393609252398047
29889,28.597555604210314
29890,33.79180556642895
29891,29.572863419486637
29892,32.37720504875687
29893,34.327742000061654
29894,33.0632213839676
29895,28.937642076983806
29896,35.73885453536908
29897,22.530211252273933
29898,33.00562263950677
29899,30.123814322601064
29900,24.01769106508378
29901,32.551172714853045
29902,28.09167035606403
29903,22.05380806605424
29904,30.44947688386693
29905,31.87730380234921
29906,30.57499245578918
29907,34.845043698925174
29908,34.18423818258454
29909,28.797386074144484
29910,30.697453676087115
29911,27.174581115854927
29912,33.872529044986386
29913,33.898987052462786
29914,25.002120016445005
29915,33.06018521355197
29916,31.798055254797895
29917,32.675101258625226
29918,22.3820453865687
29919,34.12788299745488
29920,33.60151447510292
29921,33.20539364061947
29922,32.501641368525625
29923,34.98262841743959
29924,31.11993224162383
29925,29.71921941643592
29926,34.03462129282457
29927,32.4574800656401
29928,33.32545098241581
29929,32.35287318551612
29930,31.611824979692308
29931,33.76711002426118
29932,34.63820514535095
29933,33.963122670893966
29934,27.51595265483823
29935,28.196888677483813
29936,32.79449322314851
29937,31.75438979705916
29938,31.391234429909403
29939,34.621033877879995
29940,36.14140373599239
29941,74.03548504191109
29942,31.73821083297924
29943,47.12772265192099
29944,31.880963306237312
29945,37.59667014402621
29946,31.170299706245316
29947,48.39424790253661
29948,31.99539410517739
29949,33.922661202916245
29950,46.42089354475311
29951,28.402547069286783
29952,40.88033998849651
29953,28.528209704371704
29954,29.46640235655012
29955,33.05368396653766
29956,43.42868300006162
29957,71.63467148108327
29958,30.487085559973664
29959,35.13512224545987
29960,31.874283210045043
29961,32.875536878665514
29962,43.61980090474685
29963,28.199163480593896
29964,32.069299145046465
29965,33.17734464281689
29966,29.983164276365784
29967,35.24215925548379
29968,37.65306692038395
29969,32.00863229483025
29970,31.945111432044
29971,33.746588792292556
29972,28.873165513032973
29973,30.172848049856476
29974,37.92385766355614
29975,30.88267119590855
29976,71.33063538271377
29977,27.95665689267115
29978,37.38843521074398
29979,25.403903508288636
29980,48.6210369922277
29981,33.4728277254815
29982,33.050662941420626
29983,31.556747803118192
29984,36.85421047384117
29985,46.49624259022523
29986,32.58942559621354
29987,33.78632146487131
29988,45.86451594382429
29989,40.728105693056975
29990,37.4308537532365
29991,31.74435793610538
29992,33.86317388450169
29993,40.785361032550306
29994,31.446010765697245
29995,42.56345575299166
29996,35.24745818925286
29997,29.066897377466567
29998,33.71470770645496
29999,39.662637986006104
30000,50.48009430343478
30001,58.91317774416363
30002,34.30432612958721
30003,40.8596895492779
30004,23.437493130417614
30005,32.95639964600009
30006,26.239778946044787
30007,64.14370615900137
30008,31.337901291834015
30009,36.119865316381734
30010,31.193750744439583
30011,46.06658486496049
30012,60.00950688994463
30013,51.54534602270508
30014,31.588278396580975
30015,23.6199466625297
30016,32.14545153927271
30017,31.294439056518932
30018,25.56436800235285
30019,33.51709587488704
30020,33.41402995845742
30021,34.735880877065306
30022,29.619986443207907
30023,25.942400247550438
30024,34.30826614575218
30025,39.82447932535741
30026,31.67016844539087
30027,34.310315241264085
30028,47.56908986383314
30029,34.377865102283835
30030,36.53050662053694
30031,36.510343082687264
30032,32.960344204270285
30033,51.538337804096976
30034,50.92987051429647
30035,24.928559580144906
30036,22.981366631521567
30037,24.810296652974678
30038,34.85140228268173
30039,34.01998287044792
30040,34.762519693504736
30041,64.1672912012051
30042,45.32168922384944
30043,25.81229233539718
30044,35.00003294538469
30045,35.81290681835752
30046,33.76679764890174
30047,33.44565923658655
30048,35.65351351153959
30049,33.58943308803536
30050,34.71375414187776
30051,47.72249676639003
30052,40.160700404796
30053,34.42903938451142
30054,27.918553556833857
30055,39.719777895404434
30056,35.6357873836731
30057,54.26938103943767
30058,48.36847777993872
30059,23.571549267924674
30060,31.75539962722531
30061,31.740494677911393
30062,66.60127335381982
30063,48.12003034417946
30064,31.619229022802358
30065,33.29508226391236
30066,36.00447869725944
30067,33.343013900458374
30068,31.932194269784674
30069,16.027121454408366
30070,33.413590224583125
30071,24.978433387186357
30072,67.74856157737048
30073,53.492066581958255
30074,32.175168732058125
30075,47.50582155673118
30076,41.34708329992052
30077,31.538119826978978
30078,29.588371918833353
30079,32.578144164046705
30080,32.946592868477815
30081,32.49472400005912
30082,32.636913765562596
30083,25.58013426692463
30084,30.669546061786683
30085,33.45526993346831
30086,32.050311013694824
30087,28.519331926623522
30088,28.802862010927512
30089,31.490733516198077
30090,45.21975559503979
30091,38.91710209064429
30092,47.99406733775032
30093,26.320798244880734
30094,28.701633553391524
30095,46.39176786229449
30096,31.834376786487397
30097,32.78277796017274
30098,36.391493746289235
30099,25.99183322173134
30100,34.29312703240774
30101,31.00652966774281
30102,29.893598752937507
30103,39.402462873246975
30104,36.864037025882965
30105,37.145942942774354
30106,35.18412590418795
30107,34.92993960244044
30108,22.273412268057236
30109,35.33887118267796
30110,33.327761450097455
30111,33.460311574140405
30112,31.640305743837125
30113,34.65928720671786
30114,37.69260174628626
30115,34.96548213118952
30116,35.447556025134055
30117,38.290918784634336
30118,30.17903896567192
30119,29.965512926925058
30120,42.61528071581717
30121,36.32216985190824
30122,36.3408611054357
30123,26.051315092166192
30124,25.366984356271686
30125,33.89891137481219
30126,29.90640846007021
30127,33.57652236532399
30128,34.983021924965925
30129,35.61364153268614
30130,33.8738574603174
30131,33.39197695525647
30132,29.45373143573333
30133,35.187936718972495
30134,38.597084660150365
30135,33.560395749451686
30136,32.42124992246533
30137,31.580138632244676
30138,33.85617482351953
30139,32.71477685135167
30140,37.70549561224476
30141,28.74581859310588
30142,34.19038625466381
30143,33.248235222769104
30144,38.02788365345881
30145,33.82267967286357
30146,19.92197574979789
30147,33.42715857208006
30148,25.138598394358603
30149,35.977425927853815
30150,39.131023664870426
30151,32.44581839550253
30152,31.16326074470726
30153,32.06063790546859
30154,38.19937280077954
30155,32.665083399156806
30156,32.460223076418735
30157,34.380814377831705
30158,35.92335439629563
30159,36.219165145975964
30160,32.67335976678184
30161,17.514997105277875
30162,32.73346064112996
30163,32.40396420639872
30164,39.61360709285544
30165,32.72921304551241
30166,33.16975641575984
30167,38.37376941515356
30168,35.51307407159242
30169,37.019395792303285
30170,33.00251951952316
30171,40.042635614916534
30172,34.007295893944644
30173,31.047016471545447
30174,36.267359885734955
30175,35.13750383323501
30176,31.592295452584622
30177,38.98432861360211
30178,29.044784946560085
30179,38.69210809356446
30180,23.54012669627808
30181,36.904974347604686
30182,30.36050451727894
30183,34.3547774172313
30184,37.93821883294964
30185,30.30707073698889
30186,33.61524409468383
30187,33.57916860548026
30188,31.54442176963896
30189,47.90922440085681
30190,21.14894362594265
30191,39.15541389222078
30192,39.33041345323286
30193,20.790080873563365
30194,39.20046314908245
30195,40.150774080243906
30196,55.990348962684195
30197,80.26739695029963
30198,72.34790270103264
30199,78.90845990392518
30200,24.237479547318372
30201,78.60815442453539
30202,72.23873105958566
30203,71.96131229916574
30204,80.72473779889557
30205,24.374954102753286
30206,72.11074771872023
30207,80.53675480101293
30208,21.72877576132984
30209,73.63389170028265
30210,81.01644405550802
30211,22.961339228034213
30212,73.98806990428585
30213,37.14135842421008
30214,68.11791078078429
30215,73.80862848109899
30216,76.71692772967214
30217,21.925438528771853
30218,76.8185512773801
30219,75.01446164097491
30220,23.736739116414036
30221,79.68997026631371
30222,59.94417964608155
30223,79.35681544109332
30224,21.732752783645395
30225,67.23013748117681
30226,77.56503428712972
30227,51.951357629561805
30228,24.291846067878666
30229,57.537274548655745
30230,21.941759559160463
30231,72.78906174072239
30232,53.657745659195726
30233,37.17086246759275
30234,62.868388685821145
30235,67.03334279336921
30236,20.976772909816315
30237,77.24352739619846
30238,22.47048941464318
30239,58.86261961180024
30240,23.399984240726546
30241,74.48103431788289
30242,75.41134631009012
30243,37.866689956745546
30244,79.45578821232097
30245,77.82448646060477
30246,22.35507609853804
30247,77.51111059354841
30248,77.00168153428133
30249,23.07364453528342
30250,74.92760776390537
30251,22.39714802579266
30252,57.45225413586763
30253,74.75727759091795
30254,23.838763057974127
30255,75.38342961117094
30256,72.55347047798712
30257,24.067911724892184
30258,64.81384672949505
30259,71.19392177640758
30260,33.34801766639717
30261,75.63753855977004
30262,75.07728946732703
30263,34.957878095727274
30264,74.13698354518874
30265,75.39886962106996
30266,36.10326786056599
30267,56.43885648507319
30268,77.95915354722239
30269,24.778844162857837
30270,75.57054595793824
30271,19.586580334726833
30272,23.91925380671207
30273,69.30768755702707
30274,65.50823073858177
30275,36.09464682458679
30276,56.03344553322418
30277,36.79590121397443
30278,22.685330388524978
30279,51.93397940002561
30280,23.696563324614935
30281,50.081214267285276
30282,71.30929990006605
30283,23.288833367166045
30284,50.69259912989526
30285,53.89646241587825
30286,24.833148045033354
30287,54.311713159802004
30288,71.86742365020277
30289,23.57284687805604
30290,51.20962807660943
30291,52.924452958175834
30292,57.334065269691465
30293,22.93889459945551
30294,35.32535882429172
30295,42.45649530463274
30296,35.22068859746182
30297,65.51427611032179
30298,50.89942442996144
30299,41.541240554867734
30300,64.16084782653651
30301,35.2255789920984
30302,40.686909119035896
30303,34.002894188245556
30304,49.91941898939714
30305,42.01812408379383
30306,34.110410404780644
30307,71.57237693544641
30308,69.8869530498426
30309,35.76900191348856
30310,60.480809498584904
30311,35.28915087144182
30312,34.47843489019804
30313,78.86177263655793
30314,37.012347089826555
30315,32.25746949491987
30316,32.269248430480026
30317,33.9144882141468
30318,36.42222624021749
30319,31.85697412606087
30320,36.67116453482479
30321,43.65862575104054
30322,73.31387300249513
30323,49.31799963835685
30324,33.615808855932045
30325,32.154848883074735
30326,34.713134158231924
30327,33.39160574898066
30328,32.885458936216274
30329,36.411686059959465
30330,39.83028700268235
30331,41.123003124830866
30332,35.027649048109296
30333,34.56433384484379
30334,32.69615685606229
30335,28.54174615696202
30336,51.84558642239452
30337,79.60787804560476
30338,44.043009900633926
30339,35.0865974246372
30340,32.79072755687626
30341,32.13226435138259
30342,34.48811725739806
30343,34.23250532628917
30344,43.17587167231536
30345,34.29512790258164
30346,32.91089420167861
30347,33.94966665574441
30348,34.111160932197876
30349,35.57872146837382
30350,34.094806473698725
30351,42.75903340697807
30352,33.83965844593852
30353,33.40370485806259
30354,35.88071035157569
30355,34.01178084889963
30356,35.61607772766897
30357,33.81905255038742
30358,33.263896903231014
30359,34.634672363053014
30360,32.95015340613941
30361,35.74493815794936
30362,34.02095047174923
30363,56.514429654116725
30364,71.19457818744269
30365,35.16768726234875
30366,45.88561002091572
30367,34.91460933958129
30368,38.950254357862555
30369,62.14191780311468
30370,33.59495924616521
30371,73.18678964573705
30372,34.21485740403996
30373,31.799315360258184
30374,33.479402471486814
30375,35.47431678588591
30376,31.4996568280923
30377,30.759724376456873
30378,70.47457953742452
30379,34.66629463480876
30380,35.04582055560788
30381,22.303161773513928
30382,30.903484037678
30383,37.957876938785866
30384,35.642717301240054
30385,36.495276368280514
30386,61.107732256165576
30387,72.61615852519552
30388,79.81703922734084
30389,51.34271157843205
30390,19.821087844430558
30391,30.33981705711264
30392,77.88590491594789
30393,76.4230733521367
30394,56.915778498223844
30395,68.23348514667164
30396,73.16148830220476
30397,34.890446659958926
30398,51.98589584770175
30399,76.62104821967355
30400,47.801824158174014
30401,32.35108704495986
30402,50.66175067430068
30403,33.286801607209306
30404,30.348757715140444
30405,29.773159792767316
30406,71.27496095394662
30407,70.57791791559967
30408,32.93373052230328
30409,57.60558230604765
30410,16.57889981258797
30411,31.28300615397474
30412,54.640129854654944
30413,48.56582239580834
30414,76.52847675454308
30415,25.026112667552084
30416,30.62386777973294
30417,41.734794964813254
30418,68.21718005546082
30419,35.24027500922803
30420,21.175419110642252
30421,34.6494557252077
30422,43.54730333579051
30423,77.63051958498501
30424,52.12249197326538
30425,33.14322178660714
30426,53.453262261368025
30427,46.86766931117482
30428,78.53772150673637
30429,31.885673770838352
30430,30.967635423420106
30431,30.150665702439937
30432,54.26267214176894
30433,31.489049292330343
30434,28.42376739159556
30435,44.923693582034176
30436,45.18123500307555
30437,54.11319377992989
30438,66.47279638724588
30439,60.93877563613776
30440,37.06253936508101
30441,32.282023241840335
30442,46.134418003590106
30443,32.1123193763978
30444,63.220161477781176
30445,35.46708495537031
30446,53.233637359538236
30447,58.694150690632384
30448,54.65181792534208
30449,64.7038929500688
30450,68.9229598546411
30451,59.439596922174445
30452,62.13946969790891
30453,47.59077042225387
30454,58.49003481453451
30455,28.60068413556975
30456,53.02970040481015
30457,45.78816713076273
30458,47.096393868306336
30459,43.215616169823186
30460,46.63939891472725
30461,48.631095784540925
30462,34.50428737454493
30463,37.826438639476685
30464,69.32896682431836
30465,32.69398545554286
30466,43.600571097282966
30467,62.43929300329866
30468,69.14374852370133
30469,27.71777966207881
30470,49.84457460302623
30471,38.43685980457425
30472,31.327247527333803
30473,33.56578723290053
30474,33.54448882854773
30475,31.302365187073747
30476,29.51116916429136
30477,32.744156581104974
30478,34.456865221300916
30479,37.67524285533132
30480,33.18403576249398
30481,32.14473658449256
30482,32.461971667412115
30483,37.66556815980612
30484,53.93900260683582
30485,31.84335947451754
30486,48.142550237416884
30487,33.5687457922842
30488,32.92006594957258
30489,32.08410605373136
30490,31.815921407517962
30491,31.431200693621022
30492,31.454403530629513
30493,31.474717886935643
30494,35.171093759801295
30495,38.49416374989332
30496,32.352229253991666
30497,33.487839480965576
30498,36.22089102100332
30499,37.07639421822539
30500,32.39762217231254
30501,45.763990028946324
30502,32.60959999000543
30503,31.39983350075174
30504,35.00759660142235
30505,39.04047873687778
30506,37.01162899250072
30507,30.96852850294647
30508,32.04513346676168
30509,46.93537726444528
30510,32.17086717498347
30511,32.914916959935745
30512,33.28373150182003
30513,33.07717521015239
30514,36.201316555697424
30515,33.151858794871856
30516,31.628252922770564
30517,34.4800111053145
30518,31.22136682011238
30519,29.580851713944853
30520,34.47335917364152
30521,50.006831489846235
30522,40.808137269558664
30523,37.30972020273103
30524,36.0683494202499
30525,33.93429268856532
30526,33.565443423601145
30527,26.447409158481136
30528,33.30518913042993
30529,34.19796145871019
30530,54.54133793870811
30531,44.03530647673867
30532,35.981708191863056
30533,42.344610970614795
30534,35.27656949057805
30535,35.904850249444785
30536,35.501507651791705
30537,36.27178852856846
30538,34.57900815599815
30539,50.727758929173774
30540,35.90669234956901
30541,42.7579626351919
30542,35.60756944156276
30543,33.53544010858968
30544,38.47312909979633
30545,35.2874208149628
30546,39.864844239992216
30547,42.48288557092553
30548,34.422640903488286
30549,35.843720832170156
30550,33.82428602369941
30551,35.818544496344416
30552,32.598500752515314
30553,35.65804336991488
30554,34.14152836178279
30555,37.307703252235235
30556,40.06213197269151
30557,33.22940033789888
30558,34.09617039360625
30559,34.56883958997401
30560,39.01947369523257
30561,34.19731010082321
30562,36.849509683285355
30563,34.05590246941103
30564,33.49484613724199
30565,36.369446714041985
30566,33.22273571504366
30567,34.26822728888644
30568,33.69212099579356
30569,34.57511684620424
30570,32.86076333520604
30571,22.380610212636853
30572,48.13593993715868
30573,38.186735094097756
30574,39.042567034542564
30575,33.168998188778346
30576,33.26982763679301
30577,39.571867250436654
30578,39.11112956058779
30579,33.28234566654617
30580,31.620232247950383
30581,39.229158080461
30582,33.704315430560754
30583,33.64690102206186
30584,40.88830233695239
30585,38.64018096530677
30586,37.14269765394005
30587,33.04186437800547
30588,39.27971864717751
30589,31.004037561816816
30590,37.86670961813163
30591,49.92225928770084
30592,33.26337599393054
30593,30.79037326131781
30594,33.78632570336183
30595,33.52363395500417
30596,37.810428988688315
30597,33.934323401469655
30598,33.10620733153133
30599,35.575791361018204
30600,33.031968694561
30601,34.21320772732497
30602,34.12068140725546
30603,34.90372733981573
30604,32.79409516755565
30605,35.414673711074286
30606,41.573430456056556
30607,32.211379081088864
30608,34.42088824734761
30609,35.55203813445577
30610,34.31440498350718
30611,68.62089428805693
30612,33.743375656950356
30613,32.88509048724078
30614,34.94252886214944
30615,32.75554611972233
30616,33.781468023195394
30617,41.31395433275168
30618,44.98652002183165
30619,31.72874247299314
30620,40.566505955883436
30621,47.7863600005061
30622,52.70283251010016
30623,39.65995604854749
30624,45.238064852017956
30625,46.00433074643312
30626,48.19197610169579
30627,40.11883876501017
30628,61.34784843016263
30629,75.0907896570738
30630,49.658185345024066
30631,34.93340223526135
30632,47.90019478846473
30633,47.13613758041828
30634,45.20935998905958
30635,45.21436722208076
30636,35.940430092052885
30637,66.01858368264615
30638,46.474378458368975
30639,54.75910507507136
30640,39.37275166205701
30641,52.45312838479309
30642,35.73675488086747
30643,45.199159978091636
30644,50.73943442064571
30645,33.209793384244506
30646,50.27433304471046
30647,22.965966659162316
30648,61.15502187618888
30649,49.95122336427142
30650,44.583548403057954
30651,35.87694674405025
30652,35.87385899373766
30653,40.660483788914576
30654,48.77861754939691
30655,51.92105462382022
30656,62.966889978960495
30657,68.35920722168612
30658,34.18364434214697
30659,61.00977692043469
30660,33.60012164939515
30661,51.70823786279358
30662,50.990413109246866
30663,37.141423727123026
30664,38.52472749853721
30665,48.33199231365189
30666,38.61458780497266
30667,50.809652323289
30668,50.569353629703045
30669,47.787852290866375
30670,51.376956313369256
30671,34.96247670051683
30672,63.25987266457054
30673,49.43514896418569
30674,50.89083062595798
30675,51.79992229382409
30676,47.95178254371509
30677,45.228410126846384
30678,62.393970461566326
30679,62.93568182196677
30680,63.37636603678084
30681,67.57383050734173
30682,68.59124574247495
30683,35.404863690510226
30684,44.11445006845551
30685,54.41926385220749
30686,49.661567806784795
30687,58.74118956381744
30688,47.968078642514406
30689,31.358662521141447
30690,46.66669856120153
30691,47.33625769906308
30692,36.535029595138795
30693,49.79900970343461
30694,43.306744946601974
30695,41.80594465093452
30696,47.240403883221354
30697,49.83491724578421
30698,34.903761173026666
30699,52.45333157243285
30700,52.57266185707648
30701,24.398821953025084
30702,26.808147821960397
30703,25.024346242676444
30704,46.13443343706591
30705,38.993877894491575
30706,38.02139236210653
30707,34.11309612007858
30708,35.441811438548136
30709,62.28438604389828
30710,38.74201880267731
30711,42.480745089871874
30712,45.69048023632872
30713,48.79833618872681
30714,39.06948972682553
30715,35.54361155077563
30716,23.73529541513188
30717,34.91035194422224
30718,31.685489458583646
30719,25.043004502625152
30720,35.66801812002516
30721,31.776821924975557
30722,37.8303820841509
30723,53.80129980717533
30724,41.3727223310017
30725,23.86526644915589
30726,33.67147378908592
30727,32.883684762417005
30728,59.79203770447947
30729,42.59580055921702
30730,43.19458073178776
30731,30.497056463231218
30732,37.7537598544098
30733,34.64596662071877
30734,47.671340804762764
30735,35.23520351350499
30736,61.09114996663274
30737,49.13758747484142
30738,40.306527203170205
30739,33.621256632713234
30740,34.73068487845792
30741,32.23417747075547
30742,34.13910951411101
30743,35.610602832959266
30744,50.726447775594806
30745,50.967399334707565
30746,40.07301640850237
30747,34.47121953767233
30748,41.69262255005494
30749,43.3218227544642
30750,33.16742331980696
30751,42.109671097399755
30752,32.344048920495496
30753,32.072120152784905
30754,33.62023964584452
30755,32.92977486534481
30756,32.53925072191912
30757,34.706616133718
30758,37.937135573279384
30759,46.82712621667802
30760,21.436276280990707
30761,41.53915123689583
30762,32.57689003557946
30763,34.04018147711167
30764,34.27085337487563
30765,36.096250463322015
30766,35.92855317556059
30767,40.12520625129109
30768,39.92749989839457
30769,36.597866345003695
30770,33.84887854182442
30771,24.750372469550754
30772,33.42033766433395
30773,33.617691578218206
30774,39.22776474081498
30775,33.57366899035558
30776,40.26514997387848
30777,68.8533807676479
30778,33.36942380088536
30779,45.7706647852644
30780,34.92809172722173
30781,13.003930745300472
30782,50.086355804620034
30783,39.47162393500598
30784,45.190610817697284
30785,31.774780103689054
30786,45.34528416615255
30787,39.038674361601025
30788,35.490024112690755
30789,32.53572509240848
30790,26.4476905935323
30791,26.40128188824569
30792,26.475199568237826
30793,35.891373746989856
30794,65.78676216289657
30795,32.300529010007295
30796,38.233327063978564
30797,33.07761524555119
30798,34.14902689035594
30799,36.98828289045784
30800,17.76730412394936
30801,33.301031716837244
30802,34.13604963644596
30803,36.968123606353366
30804,25.066350636445534
30805,20.28484967167715
30806,23.37007723511284
30807,32.98202702845402
30808,28.233903654043708
30809,33.56357346082717
30810,30.899951411782133
30811,34.10223320022743
30812,29.823365913395307
30813,30.725381241818994
30814,30.81863952217492
30815,30.213087784612952
30816,28.98424399307845
30817,32.54193000661145
30818,22.1072256406976
30819,24.221947445192335
30820,31.36094707353182
30821,30.00713774996302
30822,30.433733973496885
30823,33.097563730937786
30824,34.396343153399734
30825,30.89149862042268
30826,51.0185657632369
30827,33.46448437697757
30828,33.029944364572614
30829,24.762984596694054
30830,34.94760177007997
30831,29.245709081978447
30832,29.910927136148047
30833,31.684445726049532
30834,28.15010057423399
30835,33.90383456552245
30836,30.62093028370255
30837,34.323583583925085
30838,30.302104172496797
30839,28.308339549542524
30840,34.334593526707586
30841,33.5441862014738
30842,32.619329150055954
30843,32.4828086382226
30844,63.06679947973322
30845,36.43090542180862
30846,26.751414632020243
30847,75.74313191104724
30848,32.65392104527611
30849,35.79663923707922
30850,36.81947450380128
30851,37.43614503336742
30852,21.692328046984063
30853,35.68127291090168
30854,35.585262366295716
30855,46.76445325037432
30856,47.24411579962986
30857,38.192585174063126
30858,44.2070322981341
30859,33.84722867855155
30860,13.312613038042784
30861,22.765570421919424
30862,48.999200012603886
30863,47.2000449508197
30864,34.42435692790635
30865,63.20034670423118
30866,49.20108645263445
30867,36.071304364775806
30868,50.39332466024986
30869,50.69385574561021
30870,66.8879511354456
30871,53.9280334887822
30872,52.661837034362776
30873,63.32594441550104
30874,52.0155425577872
30875,52.75291418967984
30876,47.921294265901054
30877,43.51585789298605
30878,18.776306484084042
30879,22.57471918769527
30880,34.37146451608853
30881,35.367520623305985
30882,36.77642406642061
30883,25.094298187366256
30884,38.50995152924479
30885,32.11789375430646
30886,32.618599725447375
30887,41.35021023567434
30888,33.295385115831465
30889,33.653152474707156
30890,34.03015116805723
30891,37.200306434344746
30892,34.432805197120814
30893,33.59663514670082
30894,27.56380968474565
30895,32.39559625025819
30896,33.220506993022
30897,35.154110156808606
30898,37.42789551815831
30899,38.696150388321705
30900,37.38371517325651
30901,33.59068133589304
30902,30.297079477987957
30903,38.41552342972109
30904,32.856524720335145
30905,33.846084347642716
30906,36.51182540923171
30907,39.43874824850737
30908,39.14831678477578
30909,32.01852511383332
30910,25.07254432174682
30911,69.01282589580215
30912,34.88219960147249
30913,51.20202990371881
30914,25.912951755616973
30915,34.3735705144762
30916,63.942492654054945
30917,31.896111056020914
30918,31.291841312484735
30919,17.68100292244672
30920,33.83775186891505
30921,30.563070233742522
30922,34.3670232306648
30923,30.454268876294947
30924,33.072658704253016
30925,48.007941811104054
30926,31.35406401327517
30927,60.09267178134647
30928,34.56787383830163
30929,55.82659051491538
30930,65.635591109133
30931,37.72622661099218
30932,29.458909896371857
30933,33.15490815079315
30934,30.685966684091163
30935,47.144407976182976
30936,33.372646903770175
30937,47.64638815377334
30938,32.555067679549346
30939,58.36511521941864
30940,20.417533783010185
30941,18.6449627961189
30942,50.87453410083875
30943,15.128457251300585
30944,15.4260959434366
30945,32.24707058129578
30946,33.88965855262144
30947,21.021790335235863
30948,34.79004470224695
30949,32.24590514431355
30950,42.05724638392948
30951,40.15997291152776
30952,32.81757956680461
30953,17.40172432410297
30954,37.69850952618505
30955,13.145462229712166
30956,48.24291785088957
30957,26.091770686448697
30958,22.86910831421015
30959,21.35687431761941
30960,36.05983668318041
30961,34.01965603959276
30962,35.61754439207502
30963,35.26897386439332
30964,39.8921804924725
30965,40.338991129052374
30966,51.7318591017037
30967,50.922601233986136
30968,52.37107538038981
30969,51.148199121951656
30970,52.85049068840574
30971,52.14781620126405
30972,50.01099729962047
30973,33.886776402857855
30974,53.79837314844039
30975,65.3574102000808
30976,45.34026349927804
30977,34.318064491955
30978,47.1896833635752
30979,34.70093875477128
30980,69.14169117829275
30981,34.023636639830826
30982,40.53087118122223
30983,33.22821988403762
30984,46.38303820685774
30985,37.56031839367348
30986,38.175839577131086
30987,25.053774446445402
30988,57.5581604934693
30989,21.68330406464301
30990,32.80705159550325
30991,14.653756483428566
30992,20.155635921527413
30993,34.70145750375735
30994,33.35416070163821
30995,35.00652817249837
30996,23.815743777332862
30997,35.03231146869648
30998,44.76819636156367
30999,46.41337085003934
31000,35.5076563933148
31001,23.88846754898826
31002,37.090015730171686
31003,30.428066941626945
31004,36.64721120876545
31005,31.79038167618055
31006,29.5642553982334
31007,39.79326327079142
31008,59.819957701693696
31009,38.14152237736469
31010,36.79070460887928
31011,46.66341697954206
31012,32.29202611390422
31013,27.290085272511988
31014,24.854415149680477
31015,22.855360430062692
31016,30.20544632658445
31017,31.778235715467183
31018,37.039104541191755
31019,32.50157495841087
31020,63.61666552866885
31021,33.07100592723662
31022,34.057605124231564
31023,40.466008989970895
31024,29.635287748454196
31025,30.967916072977857
31026,28.582351480315808
31027,34.79735848127758
31028,25.72128797755569
31029,35.79483852969943
31030,29.008664092334442
31031,27.897652809471587
31032,33.7856616599393
31033,29.614983222635352
31034,20.52883314019022
31035,28.03272613092782
31036,26.625277718652278
31037,30.0928991903843
31038,29.68090177033011
31039,27.357365218014124
31040,36.67537362559379
31041,26.467637671539613
31042,28.932757685098466
31043,27.000239508057945
31044,48.37521437607704
31045,24.201748810560275
31046,29.762712656076488
31047,27.63912916027251
31048,34.672720344225056
31049,20.27650105872938
31050,29.316774946950368
31051,28.335618012423495
31052,27.364164207149713
31053,31.203156811765048
31054,27.209612026234666
31055,26.048784136777968
31056,28.70112232701522
31057,25.555011036940357
31058,27.895434393770145
31059,29.50741025015374
31060,25.5214760128803
31061,29.10552972434138
31062,25.499366147000785
31063,29.68408425552871
31064,30.20899684701112
31065,28.52199508560839
31066,30.08826463917775
31067,27.902430696413383
31068,26.686795924369747
31069,26.12094160108878
31070,29.347615690645355
31071,29.534676134417197
31072,31.31837891019061
31073,24.74690391540578
31074,29.08719001001033
31075,27.034617627344183
31076,25.877938110988936
31077,29.023048115095364
31078,35.12431597810779
31079,30.07813823044286
31080,29.493493266842307
31081,28.468428014599446
31082,32.17598689887941
31083,32.4869610925521
31084,31.2516969212665
31085,31.396206621724517
31086,27.91328012813529
31087,27.63904400743639
31088,27.21689893359344
31089,28.94181753785027
31090,26.05378781616794
31091,30.500947606063676
31092,26.87394829181472
31093,28.403916134800866
31094,32.89967547120028
31095,24.089738345424095
31096,27.95243680190986
31097,30.714814117419834
31098,27.434720466410063
31099,34.84916430520113
31100,28.79399477854738
31101,30.032135455854714
31102,30.115535384500554
31103,35.018918936437544
31104,30.47827709049831
31105,24.531462024332555
31106,31.229448848161695
31107,31.63121134457441
31108,33.04011851284861
31109,34.35669978264412
31110,30.357216107505273
31111,31.02553286179964
31112,28.40380836916308
31113,27.821370884299597
31114,32.13282489086587
31115,33.003458467264196
31116,42.73656770761798
31117,28.79684026140896
31118,28.818081231070067
31119,37.14107460172497
31120,32.72291569943065
31121,14.134253303544696
31122,26.778751721830034
31123,27.82883813971354
31124,26.1880787361116
31125,25.91645042411514
31126,26.76833294433966
31127,30.175167258452674
31128,28.566059586696795
31129,23.029721133691428
31130,27.567503826715097
31131,26.553107230951127
31132,29.681645055943427
31133,24.418483210516598
31134,29.182182896744777
31135,30.21798441290379
31136,28.19776779236345
31137,50.99845876126991
31138,27.170089805223824
31139,27.994335003561623
31140,25.492843348638864
31141,27.5925339634842
31142,29.88751357048993
31143,31.95356867616296
31144,29.817599545881336
31145,28.36729665978256
31146,30.856462319438243
31147,26.510352880178175
31148,28.48075214081669
31149,27.167200446933997
31150,25.726745232192876
31151,23.17565161572244
31152,24.945085928250037
31153,29.13584729757288
31154,31.38448802140916
31155,28.211687234746407
31156,27.80080071984095
31157,28.91653039734119
31158,25.838212078169704
31159,24.23012575151735
31160,26.694623086592316
31161,34.753639304727635
31162,32.08559892768619
31163,27.864143325265843
31164,29.623014300510377
31165,28.153116123143377
31166,28.039129205766884
31167,29.11408739511129
31168,25.649197435719813
31169,26.084699304620997
31170,34.40247465840361
31171,27.01905089454624
31172,28.288933656368542
31173,29.586543993841694
31174,25.484305772710904
31175,25.303222990380583
31176,27.878091995726436
31177,25.72010503020619
31178,27.841458155544373
31179,28.872614127586388
31180,32.66961433625146
31181,27.810084425717278
31182,27.06974939523112
31183,25.34953211408105
31184,28.113116834950418
31185,29.218106169127857
31186,29.105855200373355
31187,26.70893309123113
31188,29.58925234219518
31189,28.275992315833392
31190,28.724111603548792
31191,25.7807503182553
31192,30.205447254391714
31193,49.197727686869214
31194,29.7353412876938
31195,29.35597472913281
31196,27.034237576010355
31197,26.353773338713182
31198,31.046789295850118
31199,25.178381895258653
31200,30.247304343268226
31201,25.405510147838015
31202,32.53080601489548
31203,28.026921531756656
31204,28.738989933531926
31205,25.89566418389346
31206,34.510263683265464
31207,27.25782449918428
31208,28.356682724377045
31209,26.336927541670825
31210,28.087082543299175
31211,25.043237202971
31212,25.912808609442735
31213,27.172869271062346
31214,27.822100676988796
31215,26.71704426725224
31216,26.19856248635368
31217,25.515063279626247
31218,31.528765335457052
31219,27.997888423993352
31220,38.706290366324126
31221,33.878539109143404
31222,36.76674122830878
31223,30.795776384135223
31224,33.27804209991149
31225,33.22713743016266
31226,27.79533198975411
31227,35.40873268408693
31228,31.976487682157845
31229,30.76022777777701
31230,29.920981863343414
31231,31.824882847782476
31232,28.380783442971165
31233,34.75147548805939
31234,43.990147494335034
31235,37.21014436776874
31236,29.416131553450036
31237,31.204609519119344
31238,30.626884353255463
31239,37.42793143180771
31240,35.9427276063904
31241,30.925769224502403
31242,28.716135927429903
31243,29.822465243340844
31244,25.840674738004054
31245,30.40215976685036
31246,31.579821234986042
31247,33.93517417966201
31248,30.184903945788236
31249,39.91377033739061
31250,31.34589012475189
31251,31.651676590904557
31252,30.451351722278076
31253,29.16166689381371
31254,29.196076441114087
31255,32.942103077941596
31256,28.92350519771911
31257,31.182426265475115
31258,36.53616980137096
31259,40.74980124761561
31260,30.03243293498047
31261,34.17382019564323
31262,36.91869845791176
31263,30.252020560171466
31264,38.30358662004079
31265,29.923562875536334
31266,46.691076455047224
31267,32.55444357759052
31268,33.26726330394629
31269,34.1305604437872
31270,31.32372682253495
31271,35.331027689327634
31272,29.012419991565118
31273,30.942257268119228
31274,26.43014564517776
31275,29.310161615580675
31276,27.225707938171723
31277,28.173691167243106
31278,28.99917143829866
31279,26.80564730023314
31280,34.270550263287184
31281,35.23681116856728
31282,40.16705724519633
31283,29.88848276144411
31284,36.96948100041777
31285,30.310303871519466
31286,41.43321885042167
31287,33.8860274717671
31288,40.314877328430526
31289,30.008174083137625
31290,27.70956735229103
31291,30.26905781785554
31292,34.98381335494696
31293,38.40428148829988
31294,46.351769137331125
31295,37.689235688130815
31296,29.22919406438021
31297,28.704214514253223
31298,30.319394978287825
31299,30.147203522934205
31300,28.867511649591002
31301,29.325873348545628
31302,30.590713471469606
31303,30.882283825788917
31304,33.812674248057014
31305,28.550073706797647
31306,33.601778524729966
31307,26.643254906419756
31308,28.386369855236417
31309,43.25006888140989
31310,27.640089426124163
31311,27.12254190536804
31312,35.85594539529757
31313,38.690622442226505
31314,35.339272590850854
31315,28.133918745955086
31316,40.443416831423036
31317,27.644582326106743
31318,35.17832115544553
31319,34.02446802789666
31320,40.53209831315013
31321,32.73685651755678
31322,32.89588926853604
31323,32.81528485215721
31324,32.838027485335935
31325,32.614657818945155
31326,32.17895152140353
31327,32.74132780700799
31328,30.84228576788165
31329,40.00772740581162
31330,38.6138349436416
31331,32.17489890143755
31332,34.619490660153716
31333,33.25971096645756
31334,31.118679335583366
31335,31.60670477647168
31336,33.837999277103016
31337,57.83488992229577
31338,31.8528571868262
31339,31.372893007494774
31340,32.53277373637139
31341,33.8450867831305
31342,29.505904378360427
31343,46.17161628267557
31344,32.820891012979224
31345,35.3319704206618
31346,62.980454353067245
31347,38.38315177138394
31348,31.806162238697205
31349,33.018369914729874
31350,33.09167912241249
31351,45.767333142037046
31352,34.83690443334431
31353,34.7937005407086
31354,24.767744216537423
31355,32.904965023449336
31356,23.799555404155832
31357,35.318783759013336
31358,59.50467091422101
31359,28.68088372448792
31360,29.750020377628978
31361,31.683909133778243
31362,34.15659591010388
31363,29.85601999147962
31364,20.267259208659922
31365,33.09508751387243
31366,33.67734358677307
31367,31.863172024058883
31368,31.192782992944316
31369,32.397874975909446
31370,39.68835712033017
31371,29.775657026101413
31372,33.602907527663056
31373,32.310015989424244
31374,32.79961984501743
31375,30.419888369500335
31376,30.7134056326406
31377,35.05586650549397
31378,38.620133141341036
31379,31.907015252318388
31380,30.11850780669569
31381,34.655092626735346
31382,33.19813474665176
31383,24.646837925010665
31384,32.73913215974436
31385,27.256952086680286
31386,43.08120485092744
31387,33.52502726820403
31388,63.09493308079121
31389,30.1399568440888
31390,74.59027790127561
31391,32.336584781423014
31392,31.621359315748563
31393,27.998132980709016
31394,32.65793988703302
31395,23.083813018813448
31396,35.44782148968283
31397,36.62524326265269
31398,31.748784477297768
31399,30.7016945422383
31400,32.54835717619696
31401,33.13158995382063
31402,32.66856528564948
31403,32.524637858932635
31404,48.51474439880894
31405,37.48389753745823
31406,13.901198279939127
31407,31.477444189295888
31408,46.80963131640388
31409,32.501075011586785
31410,33.18999523059287
31411,47.2503147477327
31412,33.590764695533515
31413,37.222036875438256
31414,31.239470530812156
31415,33.10486146147786
31416,39.68070006302096
31417,35.01023402653931
31418,30.33551531851304
31419,29.190320064379087
31420,29.089853380729423
31421,31.999484148447955
31422,26.516562273142412
31423,30.110205636345732
31424,31.243229068620984
31425,28.51306293914258
31426,31.863065389005484
31427,29.828849723623385
31428,34.68004218385981
31429,27.369056355276932
31430,39.193978684330794
31431,31.601154599158022
31432,34.466884638875804
31433,37.26170844360072
31434,28.001924715889054
31435,29.564090595960323
31436,32.110377042775234
31437,28.991221280225076
31438,32.44415144824565
31439,29.241376209194883
31440,30.0137192463027
31441,35.13913739562134
31442,29.02947769259373
31443,40.2017608190924
31444,31.055960997850804
31445,33.00673477407156
31446,25.90628831026494
31447,29.079236490201552
31448,33.25975298347754
31449,33.1309177676687
31450,31.572240016749177
31451,32.22451759198708
31452,31.19823156270467
31453,34.98467763494062
31454,30.792246274290846
31455,29.857769116730573
31456,31.900441349770155
31457,31.990709189398423
31458,29.608844927487702
31459,31.61380444022393
31460,28.55633217704159
31461,28.162846246020933
31462,28.264724563147027
31463,38.12070059819724
31464,33.9198870849791
31465,33.179812455644004
31466,35.47475559826517
31467,29.61557183960197
31468,31.871691969036483
31469,30.765574878392357
31470,30.250752236924193
31471,32.07071294092517
31472,27.341716257047196
31473,32.33965988332719
31474,30.8030906082725
31475,36.715593601614955
31476,34.22655108303235
31477,33.78382655902846
31478,31.936701135632518
31479,32.61257501296534
31480,33.21633238026296
31481,30.623888711629135
31482,35.276771604273044
31483,31.504793990474795
31484,30.826835043776214
31485,30.356949860502255
31486,32.36275836932429
31487,35.93666476974601
31488,34.1999433943941
31489,32.0819700217881
31490,30.211617716358127
31491,29.905680837446376
31492,31.570999408490685
31493,29.123103860116153
31494,28.85319902069905
31495,29.311754534375915
31496,31.61988396340503
31497,35.578496681184355
31498,30.08253106718832
31499,32.41168759340378
31500,30.661975743383593
31501,34.4786651356661
31502,26.31279998557269
31503,23.184224114101028
31504,34.99939869271233
31505,32.63467359185172
31506,31.23318796330193
31507,32.40334677983616
31508,29.51873033578415
31509,31.535711794736287
31510,30.740624177783673
31511,35.67640939510418
31512,31.8631928477701
31513,32.67339991813097
31514,29.758583306979276
31515,32.15195465272323
31516,41.6428115986771
31517,47.67135025901689
31518,40.785361032550306
31519,39.73772966583262
31520,42.82373345652397
31521,46.29313110443883
31522,44.40836261253082
31523,44.437687011643476
31524,28.87336250956396
31525,35.51779807551359
31526,64.23904971536493
31527,37.99259621668613
31528,42.30386072033587
31529,72.4805125111005
31530,37.77996569333376
31531,33.40811354108744
31532,19.545043689403887
31533,29.01908155161341
31534,40.57005290483865
31535,32.2267626095528
31536,28.30799498424895
31537,32.613448385667645
31538,35.427684247031316
31539,38.58621999098457
31540,32.40390498849527
31541,32.49936418892982
31542,31.580327997411295
31543,37.27560471137189
31544,32.253856433333596
31545,37.1582522808132
31546,38.785967103743495
31547,44.77880025737683
31548,32.88901264313506
31549,34.73179042151662
31550,29.02329378230442
31551,35.55219359855327
31552,25.442399518062224
31553,36.37852663960622
31554,44.77494060350154
31555,37.645733925572614
31556,38.854471806923904
31557,30.97312171260866
31558,40.48518165195813
31559,27.351781875939174
31560,34.915372424805994
31561,41.42514771170864
31562,30.11942564041366
31563,39.61093382054165
31564,31.687643924973663
31565,37.48236238399583
31566,38.60091902939044
31567,38.23019244101669
31568,31.13672381734353
31569,39.07672472618528
31570,39.32379238059834
31571,35.69748164749955
31572,30.056812593502144
31573,32.811328983473075
31574,28.962345160995405
31575,33.54612956902337
31576,32.93461402687598
31577,34.17303593803152
31578,29.22217490882656
31579,25.840048847255474
31580,49.29724115480438
31581,35.143029149467736
31582,31.59640331333525
31583,32.230798269098095
31584,39.21077258113667
31585,19.957829492305972
31586,31.011220146820044
31587,28.091529341172212
31588,27.4319972929938
31589,28.25920210863697
31590,30.908989035793503
31591,33.369401367364084
31592,29.101625124278485
31593,29.171711900723523
31594,32.67908422952793
31595,31.340754317675454
31596,26.730393861903295
31597,36.50763651021901
31598,26.214299965651527
31599,24.038185958234763
31600,31.70739404507789
31601,33.71956544779852
31602,34.19038625466381
31603,30.54868373803349
31604,31.37031928688458
31605,27.679527069111913
31606,29.823082869832206
31607,30.27959583893358
31608,28.115218435234524
31609,34.22291757611225
31610,29.52367832233452
31611,33.30613705161105
31612,26.92062795881327
31613,31.614695501919584
31614,27.550942485514355
31615,26.586945458349
31616,32.25601222114739
31617,26.581805224070386
31618,27.413148461101024
31619,27.984978309858334
31620,29.822804565211378
31621,28.667873821030376
31622,28.05304359747148
31623,26.542215537230902
31624,28.357219605748654
31625,25.624574098011607
31626,33.25152010730737
31627,27.654598106215502
31628,28.05306269901793
31629,30.421454665621283
31630,29.392381920281878
31631,29.676102207542158
31632,30.00602585647568
31633,31.163001077395165
31634,28.3997730618848
31635,32.503319814039095
31636,29.202470317311118
31637,23.852906640894204
31638,25.840185162993798
31639,27.948791304960842
31640,26.72764383452573
31641,27.952484374802467
31642,27.783419761715678
31643,27.715602444566855
31644,25.283377790249638
31645,28.98765751995694
31646,24.468071617995577
31647,27.996305387063373
31648,29.222574898248048
31649,28.26138477400862
31650,33.82872042640137
31651,28.37309330747283
31652,28.037629322803696
31653,29.187468445717215
31654,22.442105853076978
31655,27.2774283607024
31656,30.20583352809878
31657,34.56274719422301
31658,32.08440591718921
31659,27.90904842493869
31660,26.435306743584427
31661,27.085423095105426
31662,28.914897677429764
31663,31.88817957571119
31664,32.567036640054994
31665,28.877161062329286
31666,33.052717456441016
31667,29.689691547900765
31668,28.972267312701028
31669,24.368346544842353
31670,27.677723337650974
31671,24.846116591910217
31672,30.507756588731127
31673,25.240790253818112
31674,32.43106135393026
31675,33.065780075530164
31676,28.366760049367002
31677,26.45343492085908
31678,33.477919086264436
31679,28.93180522402833
31680,28.066453932812685
31681,26.280644326730588
31682,28.23832240202143
31683,26.6703220369885
31684,30.28738035528886
31685,28.510408060032645
31686,28.270287602968367
31687,29.565322718436747
31688,26.679283677860887
31689,20.784962824144454
31690,30.20874902213282
31691,30.323522415657635
31692,28.50465195816662
31693,29.96332068501642
31694,29.541661281419778
31695,26.841217187118694
31696,29.397491823299035
31697,29.92457359921646
31698,27.490189512607543
31699,30.234596458093833
31700,27.8166409928479
31701,29.835710015807862
31702,25.742352305266202
31703,31.848079507809416
31704,34.23247831158709
31705,28.818451953883766
31706,27.215960610806242
31707,27.716735771288086
31708,30.79778038556431
31709,26.276698172150425
31710,28.184936268407952
31711,32.592814208811305
31712,30.4350728184925
31713,28.28176194856436
31714,30.664132141971002
31715,31.095897374797183
31716,35.51372311350926
31717,23.65472729479503
31718,36.1938103150716
31719,34.51047895173014
31720,28.551688411047834
31721,29.01778875538507
31722,32.523444587739334
31723,34.768411210711484
31724,35.918847297687904
31725,30.149241790130787
31726,28.464424527413698
31727,34.99322096309086
31728,28.806945369894095
31729,28.036848469747355
31730,33.47708570736554
31731,27.305151423749436
31732,30.277127529751432
31733,36.104428023198864
31734,36.68874184360569
31735,50.738124118665965
31736,34.61554633199491
31737,32.695593994062286
31738,30.77163071126906
31739,40.36045080333422
31740,26.559358758615048
31741,33.43499629544179
31742,30.061482860144245
31743,31.552603739481455
31744,28.97558740111289
31745,38.123027870470004
31746,29.40631234471315
31747,41.54883886590909
31748,34.173514296416855
31749,30.11200332225524
31750,33.25170800472897
31751,35.32822485126598
31752,30.780122784594
31753,34.46888744203475
31754,27.055986618732135
31755,34.5226993776355
31756,36.18528448536432
31757,28.609937766676936
31758,33.38334979582233
31759,31.57640232553122
31760,31.426422311054253
31761,34.62676159480943
31762,31.428973130086824
31763,29.761101383446814
31764,33.47413802049739
31765,29.821331996108313
31766,31.16249286082187
31767,30.083243392111314
31768,33.208278932252824
31769,36.70556228504138
31770,34.38891468541743
31771,33.766685265174914
31772,30.430861188478303
31773,30.768881672688423
31774,31.931944604316932
31775,27.234537134668827
31776,32.385895107218346
31777,31.58294897924621
31778,27.43869487966601
31779,27.35232100998909
31780,28.211008181106067
31781,33.283301391197135
31782,37.44931054838068
31783,28.224613292318054
31784,30.098165140150016
31785,34.76175782884466
31786,31.685489458583646
31787,47.37488685192058
31788,34.61481663005164
31789,34.20269803053354
31790,58.94218702956998
31791,46.632476887046195
31792,47.17687601590298
31793,45.675775872332075
31794,48.0455919390829
31795,26.771941742700783
31796,33.83067171678931
31797,33.283301391197135
31798,30.6967388131335
31799,41.973217413446925
31800,34.25301364048446
31801,21.758706395642978
31802,45.43028066495757
31803,44.970339090870574
31804,44.97775764956498
31805,43.77832357958764
31806,27.906448840805552
31807,28.558555229387075
31808,36.83498961145662
31809,42.311320938822995
31810,34.14902689035594
31811,32.20877120961948
31812,25.008095537947483
31813,49.150151837642575
31814,26.621771729363928
31815,34.21099711960205
31816,34.75353552343324
31817,38.340321995633495
31818,37.77889047395875
31819,30.991882383970875
31820,34.79953138482365
31821,36.23027295575083
31822,32.87525105513524
31823,30.948720217923828
31824,27.132944120585535
31825,30.41980731328045
31826,28.648715647881723
31827,31.868113312703912
31828,28.444967606471614
31829,26.65466134634724
31830,27.527261633250532
31831,44.88178451438295
31832,34.86161144306477
31833,33.18466596530493
31834,26.568207064188613
31835,29.102982458426723
31836,34.784429028419
31837,37.503534285285504
31838,28.922373405997256
31839,49.20108645263445
31840,51.79232919905409
31841,32.017067298612204
31842,34.273663626328805
31843,28.564352355097313
31844,34.52465230312998
31845,32.5924375384116
31846,36.86609824203076
31847,32.319362351438485
31848,30.12659931015476
31849,31.94668800656182
31850,45.35611034467405
31851,42.65201865373194
31852,31.60111008731269
31853,27.43808395019719
31854,27.771555768819482
31855,35.351604508140035
31856,35.03717837324481
31857,40.258995486773244
31858,33.693476075779046
31859,30.360262294334326
31860,39.739438992508624
31861,29.674456448325245
31862,30.057313882517875
31863,34.52465230312998
31864,32.06306996709045
31865,30.280951010306552
31866,26.226862871319874
31867,25.154228742234395
31868,29.49832746030924
31869,28.4287867946597
31870,27.555816756303344
31871,29.078799598566093
31872,26.450831646565632
31873,26.34920666204605
31874,35.72720755268922
31875,34.29154697468859
31876,37.333849282898264
31877,35.55444931091037
31878,27.79353957307226
31879,27.73898045227979
31880,24.0694192449824
31881,28.430766318341043
31882,26.934752880322748
31883,27.058732548469223
31884,31.19954601795255
31885,24.619535216712933
31886,28.939369255933897
31887,27.6191566277884
31888,28.33821022936771
31889,29.457187911371804
31890,25.687068875796584
31891,27.198705070407478
31892,27.273132624265997
31893,31.713714959942507
31894,27.177008092093637
31895,25.842118448831073
31896,27.880639282543086
31897,27.949324092357813
31898,29.683266627155007
31899,29.526297694139544
31900,31.628574965057396
31901,31.859721946264507
31902,29.382607771178897
31903,29.416909302029133
31904,31.382058260879433
31905,32.98793629848856
31906,30.332723688040645
31907,26.75019168950442
31908,28.1505160547513
31909,29.388456919499994
31910,28.397135354035164
31911,25.084444311293467
31912,28.82618374792962
31913,30.18882300118422
31914,25.191032119556056
31915,26.062522624390702
31916,26.17384395404229
31917,32.67784412034583
31918,31.325833814432478
31919,28.614498417497586
31920,28.00684975406608
31921,28.80567508114065
31922,27.61150564325888
31923,30.923908073204927
31924,29.15404747571489
31925,28.359226399941647
31926,31.915497641872243
31927,28.190081044261447
31928,30.07145639254911
31929,25.648557414349334
31930,27.41812379370853
31931,26.881969624678746
31932,29.296665369629302
31933,28.94671064108894
31934,28.18310238222915
31935,27.707898579578277
31936,27.579023427865835
31937,31.380982394013074
31938,27.268376415285516
31939,26.43212989028082
31940,27.036827395280397
31941,26.636907814908945
31942,26.39737615597035
31943,31.391828347491433
31944,29.133106648122556
31945,37.51418111168907
31946,31.396220283397653
31947,31.046882980153363
31948,30.746057126985292
31949,24.917283521645942
31950,29.14890254314492
31951,26.43295255327085
31952,34.30949569459338
31953,26.296233605860337
31954,27.97153229540477
31955,31.955855620720612
31956,28.13154336820623
31957,35.771904685663365
31958,35.866332354591584
31959,35.23885131570747
31960,32.189745202572205
31961,32.34987946165082
31962,32.75599973590344
31963,31.51657665241713
31964,35.68237083637088
31965,30.617176793270403
31966,34.389571276998524
31967,51.481846022165115
31968,34.83577695243978
31969,30.41606309701907
31970,30.184630673628533
31971,32.11386314387748
31972,31.921687193248474
31973,29.500194830909493
31974,30.693266859116797
31975,33.44729162321585
31976,33.03673956861937
31977,29.82616356763527
31978,25.056533207350782
31979,31.444921805768075
31980,31.728512385404827
31981,28.811349394499253
31982,34.9446710334832
31983,43.139680538005074
31984,30.400036642444775
31985,29.262338818263792
31986,31.128433603801817
31987,30.821708395250397
31988,31.821205486633396
31989,31.32031011586617
31990,31.815740326435588
31991,32.03162590253132
31992,29.025970365884355
31993,30.104250438381243
31994,33.8210008821581
31995,31.618283225728334
31996,31.251579397107953
31997,31.570743036864044
31998,30.62703815882155
31999,33.421453169426165
32000,31.851066047850587
32001,27.609820907914248
32002,29.78911844613495
32003,31.9120136410344
32004,32.394593082960924
32005,26.707956245607598
32006,32.12681350826204
32007,31.48185438745149
32008,33.326939185579405
32009,30.471436966911256
32010,32.39346878482939
32011,33.5661629484105
32012,31.178874053335008
32013,30.993200713179
32014,31.764241735795608
32015,33.068427920630846
32016,31.64577139013101
32017,31.866791893788744
32018,29.037230460016836
32019,31.48830062732523
32020,32.84667486353873
32021,30.268210335844422
32022,33.102012973334865
32023,30.825122885813485
32024,32.69970601980659
32025,32.34337749254116
32026,32.58991698976061
32027,33.75708076778964
32028,31.5374337647769
32029,32.36364080136471
32030,33.29022092443794
32031,33.85050144705726
32032,32.349349097631695
32033,32.4384602832065
32034,31.565554767491115
32035,30.99287375418185
32036,29.937787040394312
32037,29.796886193231707
32038,33.31935152225149
32039,27.56067299344783
32040,33.26862629180859
32041,30.585000949497356
32042,26.313667851136444
32043,33.498951803708046
32044,29.19862013836157
32045,24.5728961809248
32046,31.689208083618425
32047,31.315004260165075
32048,34.08689297010535
32049,30.55418601777653
32050,34.740497155776055
32051,32.28488460509412
32052,25.61590424268566
32053,32.117700555176626
32054,33.233957632658026
32055,34.76813235549942
32056,30.374395474146567
32057,30.526725919974744
32058,32.60476783833527
32059,30.0633094631427
32060,21.819236240122915
32061,29.655259377308
32062,31.307731154623866
32063,44.10564675534563
32064,49.494784422249
32065,33.94031350111667
32066,31.359155915696647
32067,30.295871518222484
32068,49.557611255445096
32069,33.70605521838198
32070,29.48257009412974
32071,35.67866214790707
32072,35.826556879317266
32073,48.576237879304784
32074,36.85468979342657
32075,32.70158295838359
32076,35.5225327643833
32077,37.58736142179951
32078,41.28635886413514
32079,34.31531461657394
32080,42.6464683373034
32081,41.82578999188486
32082,38.05103598581156
32083,41.30568105949498
32084,35.724330332890425
32085,30.459722880174432
32086,37.80485803665987
32087,33.502193472936206
32088,34.31807484481212
32089,32.75589787466566
32090,33.100470998090806
32091,36.299524732867894
32092,41.07091565403165
32093,33.22385265824744
32094,34.47355098799737
32095,32.00570321481917
32096,34.09715138249854
32097,32.579935250984335
32098,37.98161114981123
32099,31.135938477293948
32100,40.98558337651253
32101,37.95965517676307
32102,40.45368616210236
32103,26.31359764287727
32104,29.19235447777008
32105,30.02609818597302
32106,38.89385494880838
32107,31.826615219054304
32108,40.26906263006151
32109,40.04480263360236
32110,39.74316304512612
32111,32.39037739403801
32112,32.47413930214185
32113,29.148004028963243
32114,38.36776723852006
32115,40.9089446690544
32116,45.44227280015218
32117,35.62828183978089
32118,46.93329880317978
32119,36.105797319983324
32120,32.90521391198344
32121,34.99064569057987
32122,31.328545022594156
32123,27.155948079358012
32124,35.57845358915151
32125,32.339671219609954
32126,36.70941395466479
32127,31.362520950601585
32128,33.17344045173243
32129,57.59221184950337
32130,30.732877254491456
32131,31.25123247565407
32132,29.211896305455653
32133,34.45332406581706
32134,34.366431887832896
32135,42.009256402091985
32136,37.30805365817633
32137,35.63244421305872
32138,28.631210347367713
32139,29.745833174097157
32140,35.59285361423868
32141,30.306112258743383
32142,33.67656851947534
32143,39.95040249586111
32144,28.673812121873553
32145,40.64618414066911
32146,38.385480066372466
32147,30.817569680987887
32148,33.556526719092524
32149,28.057687902257776
32150,35.45223370974207
32151,42.883619705292325
32152,36.41420702595421
32153,28.570964805266925
32154,30.755712273943985
32155,29.11256644129591
32156,35.72111773585166
32157,37.463260764181
32158,30.796858982526153
32159,32.98761663076476
32160,30.842764823393765
32161,24.81736831874175
32162,35.07822884343231
32163,22.462474562597595
32164,32.58076887546217
32165,22.875479804219715
32166,33.65283228541294
32167,32.19359825200857
32168,31.63177720034033
32169,36.12958558016529
32170,33.18538193738328
32171,28.71593284616825
32172,26.07702674988181
32173,25.58421591678063
32174,26.84598803555268
32175,32.47803426087833
32176,34.839259225897194
32177,29.362835507157598
32178,26.595434200563886
32179,30.164961703627213
32180,36.110665515889735
32181,35.11591377377459
32182,32.66717827612374
32183,32.442561753355854
32184,31.821876044374264
32185,30.1569565486079
32186,37.02505719887924
32187,29.603750904096387
32188,33.431812464778744
32189,32.34770459071221
32190,33.2221194271053
32191,35.522488895300896
32192,31.47946342942908
32193,35.094296090553144
32194,30.698886686725984
32195,39.817716628672656
32196,34.05010069298565
32197,24.88942173142506
32198,40.88413840545791
32199,31.431096428836277
32200,31.345901325668947
32201,33.61703869730571
32202,34.55809627467897
32203,34.05587297894902
32204,29.62066702353438
32205,35.75550130207787
32206,34.03031878346901
32207,35.81637720484975
32208,32.982175261644464
32209,34.84552674506699
32210,35.63923817165983
32211,34.541239894138236
32212,30.062150799662447
32213,31.836554586228253
32214,33.066855167630884
32215,32.22988516128726
32216,39.55587488102579
32217,25.488033786550965
32218,32.04113565410306
32219,33.86282556152819
32220,38.248419813010905
32221,34.744596005887075
32222,35.326907929958566
32223,31.282787989463394
32224,34.12709102742848
32225,26.66154255418769
32226,36.442491666567314
32227,30.353977848720938
32228,31.711536391506556
32229,26.379211358450945
32230,17.600163710862773
32231,32.681630629582415
32232,32.948985136944096
32233,17.788261482803136
32234,32.68350286894953
32235,32.04236733142985
32236,32.248111733268416
32237,34.11122471936975
32238,17.10422433537627
32239,30.653935197505305
32240,33.25996037640759
32241,31.400375905380912
32242,32.49919954266206
32243,22.900995795669346
32244,33.86710365720585
32245,27.126104847523372
32246,32.646597104133086
32247,28.538475622469683
32248,16.638127638796355
32249,39.49995708411346
32250,32.75791862172716
32251,33.42659001384511
32252,35.36986552939899
32253,33.98517501014241
32254,34.148748192816484
32255,30.993306682492644
32256,30.82457186215462
32257,45.399116351074966
32258,30.315537003521023
32259,14.83643616058362
32260,31.149278535413742
32261,29.31214805053454
32262,33.680696838962405
32263,26.668589281396343
32264,38.533345788895126
32265,29.356456391277703
32266,31.81397010354562
32267,29.446985442002486
32268,31.63297039067576
32269,25.78505180619665
32270,31.409112405606706
32271,14.426684345326386
32272,26.097376989987175
32273,39.41078704072623
32274,16.565142267010696
32275,27.318711706915437
32276,33.13689781406708
32277,31.572835911749777
32278,33.55242244621079
32279,34.66423744818156
32280,34.345234368201794
32281,31.95029840103819
32282,32.70845592462097
32283,35.114265785757695
32284,31.40247138780999
32285,32.00149030916522
32286,32.30258815866397
32287,39.425570453249335
32288,37.207074525621934
32289,33.40748948835067
32290,31.87308196721915
32291,30.45841894907018
32292,32.103701365849005
32293,40.47680916889763
32294,39.75655426165077
32295,32.7146885634679
32296,31.81402918143654
32297,34.011582280255816
32298,24.654146433624597
32299,27.33717430194295
32300,32.52996374242903
32301,36.6219121050825
32302,37.662895469845054
32303,17.284727237006667
32304,29.75050184779748
32305,32.634573425003985
32306,17.544403090349082
32307,35.372828093900665
32308,32.618956211640096
32309,25.183273789908824
32310,32.73406014396001
32311,18.133750656930374
32312,30.916051832768247
32313,31.679610671329968
32314,30.12903560742459
32315,52.314314434155115
32316,33.575238360840686
32317,33.67905222737711
32318,32.87854410861219
32319,16.788781686960977
32320,30.947579709703078
32321,31.87704515636767
32322,30.19279520259333
32323,29.07889431384355
32324,37.83469113518143
32325,32.62110935470902
32326,27.215770011350642
32327,29.803512197014115
32328,32.64277885697106
32329,28.86324023710045
32330,27.369442303067437
32331,29.907061804961927
32332,28.908466272512037
32333,28.39459406298714
32334,28.26391194096633
32335,27.061004256328374
32336,26.494712469210768
32337,25.804257552393047
32338,26.752698728600322
32339,26.214400292142848
32340,28.51884641846425
32341,28.518585794758664
32342,27.62252480912501
32343,33.54153508677994
32344,28.311790259175872
32345,29.92638148417423
32346,32.94247616507007
32347,30.337385067323794
32348,31.836590523946583
32349,30.248744141738428
32350,30.09460191378661
32351,27.961988418112227
32352,28.048094389664833
32353,34.70846951183015
32354,29.909118574888794
32355,28.428395432157274
32356,25.83200738718513
32357,28.5638396603456
32358,28.253478764729074
32359,32.766583175576116
32360,29.71747620258877
32361,27.533226256247005
32362,32.86089968327543
32363,28.624269882019277
32364,27.350623010591192
32365,28.432651831770876
32366,26.280854581912003
32367,29.32143511456441
32368,29.693323231851103
32369,27.87754935536607
32370,28.690813650084905
32371,33.55687491343903
32372,30.664832402401508
32373,28.088094210688155
32374,27.97615242338344
32375,26.949976623685032
32376,27.57049132037401
32377,35.56453003615428
32378,30.072394828696027
32379,27.888740701195246
32380,31.36855261908834
32381,29.514077542931375
32382,33.76475469425569
32383,32.76978728238971
32384,28.83825470548181
32385,29.297343452087723
32386,32.92967608613055
32387,35.660706889646036
32388,36.12963647297896
32389,29.50434707857496
32390,30.844704764777973
32391,28.45780036891624
32392,29.28909454794335
32393,27.9310050831445
32394,33.98796682070553
32395,32.954883368477084
32396,27.776340286764068
32397,27.835866993076827
32398,33.96606733449387
32399,25.882717885038062
32400,31.027254506517977
32401,35.44440203068871
32402,28.014906899693862
32403,24.759960839679316
32404,36.27703534459351
32405,33.882378061309275
32406,27.571035114867016
32407,27.391003700947323
32408,25.448302378826696
32409,74.48064786753582
32410,35.929717104056905
32411,42.027493920160744
32412,27.0505157720482
32413,44.09834146189803
32414,39.78780204297321
32415,66.10457063629813
32416,51.490217012443196
32417,42.64828685214601
32418,41.953458203275204
32419,35.12855423990057
32420,33.53590217582411
32421,43.56504712777102
32422,38.27053123590635
32423,39.53683762166397
32424,52.527305342350004
32425,32.662402478911496
32426,30.08858880379976
32427,33.817293141420336
32428,37.02766070453191
32429,31.03670766369749
32430,36.11118463132854
32431,35.66524083361491
32432,44.403512165491875
32433,23.63445423763838
32434,30.59799218479192
32435,38.58001618668599
32436,34.926224491346275
32437,32.64892583215693
32438,37.41033377904737
32439,43.16692002748157
32440,42.13974567559242
32441,39.370009628142704
32442,37.270034509106345
32443,49.999906262431
32444,31.765397559280174
32445,35.43260824266419
32446,31.162823256516177
32447,33.051028001287435
32448,34.77186823856886
32449,41.84815596395142
32450,35.51520956995517
32451,37.680087731239155
32452,33.5591350243248
32453,39.17666164368827
32454,39.49250930563677
32455,41.72206346260638
32456,34.47537026569006
32457,40.870881827858504
32458,34.243722408408026
32459,40.17679585627407
32460,52.44287085088906
32461,64.95637064921843
32462,27.347427472349253
32463,35.3144376800625
32464,31.740935290169332
32465,42.74822580061419
32466,33.40682504207639
32467,42.8023354915114
32468,31.015928141137586
32469,37.33423759683429
32470,40.522577098579696
32471,34.475017072013706
32472,36.336362052551905
32473,38.05672078796217
32474,35.17822795813095
32475,42.09130128054769
32476,31.947080929823287
32477,36.46173339356347
32478,33.246527244779855
32479,29.204947814924637
32480,32.82684571477332
32481,38.22991984840057
32482,39.751050500907
32483,28.171125376599875
32484,27.278771423463247
32485,47.49359514339075
32486,29.623061080107163
32487,54.96509718123471
32488,49.17466060072755
32489,34.60328522186521
32490,31.162313430861232
32491,32.30824688870698
32492,32.70321598784748
32493,33.99854253805279
32494,33.95276512661147
32495,30.887811529556075
32496,32.65412272382471
32497,32.318329646427735
32498,31.956967687874553
32499,29.589928759521996
32500,31.557380062935827
32501,38.34685501660226
32502,32.96185948603733
32503,44.456409601282076
32504,45.96099116949702
32505,37.186051037466065
32506,31.993733614972477
32507,46.81514572535671
32508,33.903927778964984
32509,34.50393155308419
32510,32.165773957954904
32511,35.78193394589452
32512,32.02367250698886
32513,36.09204861299759
32514,31.389212546586947
32515,37.694467926442364
32516,39.4287140074872
32517,36.154161865522056
32518,42.32475469010228
32519,42.198926374729815
32520,49.83586620468992
32521,34.09879502611713
32522,51.51210044004872
32523,30.180566504637397
32524,30.911311124002545
32525,39.03078096309796
32526,43.193476307090286
32527,34.77085238194866
32528,33.23402528283867
32529,52.65163333557516
32530,77.14064186281334
32531,32.943977680908915
32532,32.10144695637087
32533,28.849800060335347
32534,35.88370581941853
32535,37.11667195188814
32536,40.85154378539706
32537,30.67985322591712
32538,35.407499072057774
32539,34.09907101886264
32540,30.925061063178823
32541,39.27192004656239
32542,35.17268068367253
32543,27.735551085434167
32544,35.72005872061632
32545,53.62867682500417
32546,30.526549304596983
32547,32.78244951828308
32548,33.51027246471019
32549,38.64288950532462
32550,31.96021721959619
32551,39.39308962330407
32552,27.025390348017417
32553,37.82645242020531
32554,31.806146214177588
32555,31.026089971355432
32556,35.732487448947765
32557,29.96027219098734
32558,34.12839789809799
32559,33.85158101790729
32560,34.561501235862906
32561,33.44198208802079
32562,41.15183177115615
32563,35.42925084811639
32564,31.900572052534805
32565,36.52229558585899
32566,33.15003987120087
32567,38.791486031898074
32568,36.71518297770801
32569,31.842535856742444
32570,45.6136505300692
32571,32.779556969640815
32572,34.87248298535451
32573,33.73325730951472
32574,36.649048047724015
32575,35.65810284672968
32576,36.49549030720183
32577,33.03044261312971
32578,33.66909404266472
32579,44.99107698200827
32580,32.499106518143435
32581,34.957650602789954
32582,28.014816786739168
32583,29.087801032917206
32584,26.02820224115564
32585,26.165651169472483
32586,25.119338212888586
32587,26.171802248270325
32588,26.8155758989988
32589,26.75083071225025
32590,25.843422680986862
32591,25.386163458520386
32592,27.088168840186974
32593,27.01649934849557
32594,28.601020421487334
32595,24.203532966367362
32596,24.914126468329492
32597,24.170720026433244
32598,28.050272166701234
32599,25.317996994967885
32600,25.985231707091188
32601,25.097645577279977
32602,29.614445681445964
32603,27.75432698388763
32604,25.987338700160855
32605,24.343921251679546
32606,23.893933761219735
32607,25.238144941802737
32608,26.934607221980677
32609,26.70411543343816
32610,25.399173685346184
32611,25.451596764055374
32612,27.248812890877552
32613,25.80880679122498
32614,24.524891249700673
32615,27.08653548821777
32616,25.5215881851502
32617,31.23027897983674
32618,27.145609189365672
32619,28.888355683600267
32620,26.259152925739727
32621,24.838443545789218
32622,26.300518724065327
32623,27.50957864624973
32624,24.913295734709905
32625,24.632953268487093
32626,23.690951413226152
32627,25.17814745573557
32628,29.268279455303137
32629,25.29473421599367
32630,25.67260457166735
32631,25.68523730629225
32632,26.41709880374536
32633,34.724133223000536
32634,27.50178078484752
32635,28.054770347142338
32636,24.624006902720147
32637,24.50620458335409
32638,25.87682562175334
32639,24.15330751561379
32640,24.656207498717663
32641,25.59891603268744
32642,24.793628831391374
32643,24.57945732919267
32644,23.09542900792337
32645,24.08970887476744
32646,27.04774234248324
32647,25.174232384595456
32648,25.435272030703082
32649,24.471039630677765
32650,26.464502583665677
32651,25.148938772396498
32652,26.299528663480643
32653,27.252057658113223
32654,30.038016121579112
32655,25.087211792909443
32656,24.492768508538305
32657,23.71663897383572
32658,26.62984555360657
32659,29.609104208602297
32660,25.8182702859421
32661,26.118642453436692
32662,28.148718679248603
32663,26.231636331464024
32664,27.02874353086993
32665,25.687816355000074
32666,26.510426584716043
32667,24.672191562266676
32668,26.093938999907806
32669,26.68656533486957
32670,25.706244291420248
32671,25.4746908519192
32672,25.665371206433598
32673,25.086483258506746
32674,33.063788202633795
32675,29.40099240151109
32676,31.509467630586812
32677,30.327171688358916
32678,31.818928917687025
32679,29.141835849412743
32680,29.65812056101113
32681,28.79443585709511
32682,31.052311224536403
32683,39.303551057242345
32684,30.82615845247838
32685,29.850031717684267
32686,29.33951264849746
32687,34.766258035426496
32688,35.84402505443903
32689,30.89214610481085
32690,32.887217491304234
32691,29.341122286545904
32692,40.342610927863454
32693,32.357790587974506
32694,31.287418593192626
32695,27.416122882929947
32696,34.3266727978545
32697,34.683108645150874
32698,28.817397430312404
32699,31.502300556393315
32700,32.96184161271976
32701,34.15319243544826
32702,29.008590185672055
32703,29.20972209217598
32704,31.463622854004377
32705,31.651653607037268
32706,30.40899370945054
32707,41.046423774479386
32708,38.97539634996736
32709,30.98154446825474
32710,36.19086556363582
32711,33.15506877109067
32712,36.41254214336425
32713,34.98047936870236
32714,34.64292931135381
32715,35.27278126881699
32716,30.750441665121954
32717,33.20943921715692
32718,32.43857584270055
32719,36.272375517298244
32720,28.868790389114757
32721,25.79671078334804
32722,42.346459200607704
32723,33.645354230822484
32724,30.805633897581835
32725,32.072517010885534
32726,31.051886090960785
32727,33.925566813817184
32728,28.275440873679173
32729,29.58098883524069
32730,28.26624285303928
32731,28.717862239480823
32732,32.2181079542016
32733,34.66671291089594
32734,41.29864548448614
32735,32.87215532821883
32736,30.233160746908595
32737,28.286123459729396
32738,35.478443259274286
32739,30.504673553552294
32740,27.8105417276751
32741,32.39762256747918
32742,30.989080182203097
32743,37.61636005141014
32744,34.08783772371295
32745,32.12931536447903
32746,33.651061781410164
32747,35.418025471738495
32748,32.42124468563029
32749,31.261255278693206
32750,24.395430596508405
32751,29.604842329137895
32752,28.64269765554009
32753,34.54875382175737
32754,37.90569467955704
32755,19.10224926062552
32756,32.255590628372644
32757,34.48414631733953
32758,46.176383017847456
32759,52.716802418771294
32760,33.7881251994137
32761,30.147931401094965
32762,26.46479560997801
32763,30.106170141752486
32764,32.91425278113441
32765,35.977425927853815
32766,42.20189889316652
32767,48.20791292914172
32768,33.16009277606038
32769,32.735228787353314
32770,35.375600146804985
32771,30.001369064301052
32772,33.30545189952537
32773,50.806885867522
32774,37.660610194628234
32775,36.368836314002394
32776,32.32041454305574
32777,36.30555363033658
32778,35.58979981519325
32779,32.163211754785294
32780,11.89371773858132
32781,33.72298809172138
32782,31.690550568045133
32783,42.61528071581717
32784,28.674517560939925
32785,38.097969061963106
32786,36.19554159592754
32787,35.76565560413878
32788,33.67156593719693
32789,32.67496375859124
32790,36.532088373067324
32791,32.36349874638413
32792,29.46503375925407
32793,37.81917693228128
32794,32.309201111701064
32795,30.253049617502867
32796,31.808644795524486
32797,25.54341660833135
32798,44.39735007864792
32799,33.47684458725065
32800,28.509954265907965
32801,28.364896465755365
32802,54.19507559742256
32803,22.730630690348946
32804,22.611882834272524
32805,27.028356941570912
32806,36.3742651220626
32807,24.73398797355715
32808,40.412157028068535
32809,31.89303710612665
32810,27.94189011097974
32811,30.984524056625133
32812,32.78051643821868
32813,34.120616155109786
32814,32.12154207252682
32815,31.672015209217378
32816,29.459445284112988
32817,28.79803587725364
32818,33.12174365637851
32819,26.1832663151172
32820,33.35446588527163
32821,32.75449658852633
32822,34.299071907708
32823,29.72695525785123
32824,15.709844346999372
32825,30.620337496432285
32826,31.396731132600344
32827,31.615819311395192
32828,31.90313341030476
32829,30.12217377136203
32830,32.36215647696773
32831,27.816757896923278
32832,27.465723359558083
