ID,track_popularity
26266,34.69186954130439
26267,33.60492625283985
26268,33.886472038882275
26269,30.099331040646096
26270,47.37754624806691
26271,47.06324534046288
26272,43.400039566251685
26273,46.315503326664235
26274,49.52582238970739
26275,33.69105553117684
26276,35.8210590698007
26277,35.19250318125625
26278,43.160323258024775
26279,41.92457399604805
26280,27.024131373895802
26281,28.33964192152222
26282,28.129011317321158
26283,31.137969467239447
26284,28.281794057530046
26285,26.628604274809934
26286,25.451044172333905
26287,29.529604349509427
26288,26.03984665959918
26289,23.146935165317004
26290,26.9126007028261
26291,27.87031574163829
26292,36.02866220447082
26293,31.952023754433604
26294,36.32814117998998
26295,30.76067692041979
26296,26.10442090818532
26297,30.947389396845946
26298,38.07583249973665
26299,44.11493677789899
26300,39.922206041638496
26301,42.49558746945102
26302,34.98687742076655
26303,39.30271123531388
26304,42.74797707315123
26305,40.743067156557565
26306,40.72864950877333
26307,33.96618747045649
26308,30.731060333740153
26309,36.45783993214299
26310,33.73646023903951
26311,36.423986367539456
26312,32.5723990461238
26313,35.215179856548794
26314,38.94647755939255
26315,37.87332755634955
26316,37.4051427122387
26317,33.88834619342487
26318,0.0
26319,32.388132882102724
26320,33.25009629594509
26321,29.897847494969522
26322,31.21706558006411
26323,28.63378101658813
26324,32.56713821135972
26325,32.578457159664445
26326,35.057398978139034
26327,37.21624569151913
26328,34.24221275968961
26329,29.70800055412949
26330,31.911336190862194
26331,45.910401765486924
26332,28.708166331472157
26333,38.12745989458492
26334,28.921601888839543
26335,38.52271534882044
26336,46.32490181261054
26337,36.486213722194485
26338,39.11076786152328
26339,28.11724775392379
26340,34.1186871425767
26341,29.70844158523901
26342,21.93845304226314
26343,34.185448451631046
26344,25.357784243353855
26345,31.24418033181289
26346,39.114148940129304
26347,36.0167822807236
26348,34.1055661844677
26349,44.08068864107517
26350,38.396526067143654
26351,38.45004132284096
26352,34.19779099445471
26353,38.67816587946537
26354,35.440511358384704
26355,37.35299719625918
26356,27.134317644912798
26357,36.23967153510171
26358,35.6637254453419
26359,37.55338866547408
26360,31.925936608652286
26361,30.132309681858608
26362,40.105046119760445
26363,32.88051329524289
26364,40.573338761472996
26365,41.50224659679499
26366,41.64390445168965
26367,58.566962603584344
26368,29.0756982459696
26369,34.484197106276895
26370,37.70584940433889
26371,50.97053069895342
26372,18.94812193650415
26373,49.09292214017424
26374,46.873451287050614
26375,40.58888357017371
26376,35.387040571032365
26377,41.31343643867239
26378,33.47824441649854
26379,30.097623903568362
26380,1.9010428032338877
26381,42.69844019997816
26382,18.46735304019509
26383,33.47477423772157
26384,51.43949751584542
26385,23.440034026121754
26386,31.308310370005533
26387,32.78899300639395
26388,32.08847535740138
26389,48.55440521009597
26390,30.901246552443812
26391,47.33942497107396
26392,22.298221007400393
26393,24.06414732431987
26394,39.4108440648053
26395,37.998576959148046
26396,32.09765781272769
26397,35.31275876277636
26398,30.608706335480647
26399,31.7263203630673
26400,41.25677598279022
26401,37.282028194451875
26402,48.20395474235758
26403,21.448753034463362
26404,36.431802289410335
26405,48.34701723352184
26406,46.9006212458911
26407,1.9298321242929195
26408,23.875041120232137
26409,28.896000647759998
26410,29.78441320012769
26411,29.260219551580878
26412,42.86107255716637
26413,27.838627777006046
26414,40.39745747314624
26415,40.312917666570925
26416,30.708651491192125
26417,34.93781198025169
26418,36.838896874691855
26419,57.752476244743505
26420,39.00689830993569
26421,30.950772702738046
26422,33.27954766063645
26423,40.0060249214577
26424,34.592297767128564
26425,31.71021940730597
26426,29.288838231302297
26427,28.396360772656834
26428,30.290118015370112
26429,38.71406130117778
26430,63.9839576890733
26431,49.84148437599502
26432,33.29096177814498
26433,41.24999056848859
26434,27.429649268297734
26435,32.31285544853498
26436,30.856300010861357
26437,32.3646396980281
26438,25.77509427085764
26439,36.270833822132325
26440,37.18107823423203
26441,34.3279554265911
26442,34.947180745485944
26443,30.10219000778801
26444,35.18743568258568
26445,59.26624920049188
26446,55.68191560632463
26447,20.46325568287367
26448,39.02966393782288
26449,50.819071328271555
26450,60.460556385190046
26451,21.377726062248925
26452,25.417354070497254
26453,27.95866701146871
26454,26.481879486821402
26455,29.32865454497227
26456,25.13384176512484
26457,26.754282887917512
26458,19.30864033133331
26459,23.450730514802324
26460,23.050954636703203
26461,19.760022046749615
26462,16.66308590998863
26463,18.862826992377318
26464,18.068508664887627
26465,23.324309338148172
26466,22.09953357303355
26467,25.1663398189154
26468,24.882932810583917
26469,26.741780487812303
26470,22.193532101878418
26471,30.973428292431755
26472,20.920517857104695
26473,26.041927468386408
26474,18.604035375806173
26475,18.574953900135952
26476,23.640478987627212
26477,24.620632735338525
26478,26.00584260105682
26479,27.213726897474828
26480,22.932072477935098
26481,29.724526843382655
26482,20.294377631102297
26483,28.181800941486404
26484,25.418065874775415
26485,26.231711704706743
26486,20.47117720125528
26487,23.90098550200103
26488,25.57850342347061
26489,26.16473845179459
26490,24.27013279174228
26491,27.87674931351388
26492,23.56314082604082
26493,22.05063316217525
26494,22.127330246009937
26495,26.999376339760893
26496,24.102738593439117
26497,25.7981691402293
26498,28.51496117839641
26499,26.445758995884983
26500,24.902335011095186
26501,29.167236751598118
26502,27.56920860350716
26503,24.382200930313022
26504,19.823548515616025
26505,26.125908706311762
26506,24.26959860004403
26507,4.715284049350159
26508,24.506400518647677
26509,24.919324309541924
26510,30.265176268382145
26511,21.959502940415604
26512,32.73197051200164
26513,8.590322900157918
26514,21.670348258478075
26515,21.85414522343665
26516,22.19908147510446
26517,25.059238210636277
26518,26.27829410784679
26519,18.91969442335213
26520,23.35452037533096
26521,25.259047651648757
26522,26.740912411575238
26523,22.19583027028556
26524,20.32507543971728
26525,25.630643293374558
26526,29.81084490202489
26527,23.28532993748953
26528,29.052703306145286
26529,34.32448106721662
26530,25.854172296759753
26531,18.777956421742445
26532,28.611674347558825
26533,23.854592657516502
26534,22.68181469973435
26535,20.90755042511083
26536,24.11353473983803
26537,29.042546464536404
26538,26.896682189021632
26539,26.198633453031114
26540,23.132600628029383
26541,28.225267521305113
26542,23.901720658012135
26543,25.468224892793703
26544,26.15057068931469
26545,28.44813937183119
26546,25.037083577083358
26547,26.422163132299595
26548,24.863687568959
26549,24.15871181276145
26550,25.594839467100353
26551,35.005484714897655
26552,34.48882631436542
26553,28.152792921020247
26554,18.215759264341255
26555,15.354159263662728
26556,78.20794042720408
26557,26.96346040621612
26558,15.062716014797944
26559,27.027824305138388
26560,24.67384982842638
26561,34.114957403738636
26562,35.702944796904774
26563,24.594482328746835
26564,27.30314845258585
26565,16.02901203519699
26566,22.103802023911907
26567,25.070820945721326
26568,32.15047664978794
26569,25.708323483923753
26570,15.926059296723702
26571,41.89517637525121
26572,6.953039872048234
26573,29.391315187406644
26574,31.78785613754631
26575,25.811819147753926
26576,33.54288324210427
26577,16.145400465853317
26578,30.80228617478445
26579,28.319401503756634
26580,32.738666019891426
26581,34.402122471603874
26582,26.587944486108096
26583,29.068119876299505
26584,23.193781944382867
26585,31.876499815939148
26586,32.24630064131469
26587,17.945376146140408
26588,24.275179723346046
26589,11.171338012503357
26590,6.981359938420619
26591,28.3107692918027
26592,19.497798403582443
26593,41.994176023887064
26594,24.99157068074436
26595,77.16578078651057
26596,45.0178250456905
26597,25.134906774839067
26598,48.280861570550194
26599,44.51267252521112
26600,48.44065672995972
26601,81.95013011656042
26602,22.445849872639947
26603,21.635655467730885
26604,19.71202356690505
26605,22.99729936380921
26606,40.91321408366528
26607,35.707739070331534
26608,36.217977647812425
26609,27.608864133395787
26610,37.06938827794259
26611,41.576502516021314
26612,24.207409122343897
26613,43.697564433690516
26614,61.79878835389706
26615,43.011479039247014
26616,32.19567820898018
26617,60.374341157100446
26618,57.36872920292449
26619,41.73664151524408
26620,43.656119717992844
26621,38.03506573609707
26622,18.96149320539527
26623,27.429155379350707
26624,34.41442910604621
26625,28.369126993386505
26626,49.902213513006394
26627,23.989976277574442
26628,24.094784807862073
26629,27.295727229082587
26630,36.442900801529845
26631,33.51088871516357
26632,26.908566808326032
26633,31.978194265289883
26634,2.984966184215181
26635,40.30171151778454
26636,34.74175159846661
26637,0.7530974729724371
26638,32.45930047769589
26639,38.31733452704644
26640,41.80912952454023
26641,36.345521582550376
26642,0.4549084424475557
26643,36.23897699063513
26644,9.26934535131974
26645,31.520540284596947
26646,24.68394492110087
26647,36.03742525768154
26648,32.757538090961575
26649,22.977220654353754
26650,49.818534300295916
26651,20.8825132496661
26652,37.640205049952264
26653,40.736317052825
26654,30.142336488603338
26655,25.6826899806379
26656,7.499137000664792
26657,37.13405631910648
26658,54.704056921511466
26659,23.253302930641624
26660,31.714367233666003
26661,23.02542191320804
26662,33.25314952686597
26663,37.97593577779441
26664,29.06119090682927
26665,26.64192006587119
26666,30.0889813196984
26667,29.090257365719797
26668,38.12267089208045
26669,26.535950342362955
26670,23.109909782572515
26671,33.09734457931641
26672,29.157035694393006
26673,31.33412920671305
26674,52.54474996150854
26675,24.550044849486714
26676,43.580768646501866
26677,39.775393825015556
26678,31.076968732633816
26679,25.37032475303477
26680,23.0201734696039
26681,26.32929216117808
26682,25.02715416144679
26683,25.002122669290486
26684,33.58370896374217
26685,27.20376768147776
26686,16.757183123710664
26687,52.05245347550443
26688,29.038437794418034
26689,42.47174943600442
26690,32.9688246758503
26691,30.169305499852815
26692,25.527221436149652
26693,33.183737408985735
26694,23.287721438286198
26695,17.137174429421467
26696,37.80721601167746
26697,40.22218949956129
26698,28.724828123082123
26699,28.68318383399706
26700,26.1117356059467
26701,41.122905940711355
26702,35.70831512158214
26703,39.85376180455564
26704,28.21383811535927
26705,31.521414382530487
26706,65.24278938551116
26707,36.78723117989795
26708,28.914522181621276
26709,39.456105146190275
26710,27.320872145603204
26711,29.562284171372717
26712,29.582902936701423
26713,32.22932522490494
26714,27.870837832700698
26715,59.44398087244783
26716,35.61806881864844
26717,35.697060543413144
26718,32.41106213567183
26719,30.8089225000399
26720,37.42121629093834
26721,29.331788599534665
26722,23.56514043410323
26723,32.78328386761641
26724,30.54530163007255
26725,37.650973655643966
26726,35.0393538937354
26727,31.335306794537665
26728,34.36436027062943
26729,31.362808829117302
26730,31.263887536792417
26731,31.27646055762417
26732,46.05496458873776
26733,25.318944937764996
26734,25.461859025528458
26735,39.16598372550643
26736,33.0500775005308
26737,27.953781879422674
26738,37.17857624915662
26739,26.721403824004607
26740,39.8671395399774
26741,39.42582997302928
26742,28.597937701631114
26743,25.065956941527418
26744,27.471056928506428
26745,31.949438207733593
26746,26.284993552064165
26747,27.07820134570157
26748,25.716516857363114
26749,47.0312806257191
26750,22.228556920481743
26751,44.720727432094705
26752,43.50929867617922
26753,32.16302158892795
26754,38.09004626108362
26755,30.501667514438118
26756,45.125762039623886
26757,25.778662469873233
26758,20.363377291172277
26759,36.169313099674525
26760,24.654798307693135
26761,41.0595726844442
26762,38.65970365366307
26763,28.763561130675242
26764,38.8657923990452
26765,39.687840557945336
26766,28.329808076489442
26767,29.25543727336861
26768,28.320564685532858
26769,40.47624805279108
26770,35.66848563226818
26771,68.08407177675957
26772,33.581482037022475
26773,37.47978149677081
26774,27.263543855975588
26775,22.6865421006687
26776,52.08613325720942
26777,23.259000820114633
26778,40.537845265872335
26779,40.05114568010546
26780,26.39211155845136
26781,23.200748481877486
26782,61.473437925361736
26783,27.128374902326925
26784,32.62836235772394
26785,28.436177858328556
26786,26.97654009458558
26787,30.172059327675466
26788,26.632642401702636
26789,33.26994975480219
26790,12.69867511044695
26791,12.650944687110757
26792,29.36409452114431
26793,20.671689801712784
26794,36.92136526693724
26795,31.27218808242811
26796,34.426072620907306
26797,32.145652893723046
26798,35.50080133487265
26799,37.461874105533404
26800,37.29987699700161
26801,37.85795015614014
26802,24.334792262804537
26803,33.02899285526851
26804,40.21051678529092
26805,50.50185799349829
26806,37.74829845690157
26807,46.924681795894394
26808,39.40740899274282
26809,24.6093836131268
26810,38.214223303884886
26811,38.40716466794058
26812,41.984260873209855
26813,40.7091979422385
26814,41.148382616634514
26815,47.058186885912356
26816,36.54739480848901
26817,72.69814006993708
26818,19.7964639096764
26819,36.56853939725777
26820,22.465003645910922
26821,9.513889313109301
26822,40.60789378241121
26823,33.23931960377383
26824,64.3653656886044
26825,23.88592029042154
26826,22.97682441770131
26827,64.24816275446913
26828,29.1675519242585
26829,38.18448602800435
26830,25.554016179879003
26831,45.934855453438765
26832,31.01330479986592
26833,35.92958459270528
26834,27.04686429834036
26835,21.569929985759686
26836,39.48684682755797
26837,63.32856436788531
26838,40.519095343347175
26839,12.09726011164469
26840,27.895482668706727
26841,29.142796734143445
26842,41.97883853820271
26843,36.22385399853719
26844,29.947203322005482
26845,17.538433478856668
26846,33.903356218478265
26847,15.722696704904516
26848,36.816201376440034
26849,42.35891093648174
26850,41.45875968552845
26851,21.360118488478694
26852,33.92875556534464
26853,58.71898449582451
26854,78.40534006870213
26855,40.46154406560038
26856,37.94733664422049
26857,57.527639479704725
26858,37.817965362947085
26859,45.24745299173502
26860,41.78478728274209
26861,31.933144492640007
26862,41.630008206491844
26863,32.492396216317935
26864,31.204686835836146
26865,35.97318575821525
26866,32.478112051240025
26867,47.921331096180154
26868,49.2398817616593
26869,45.82275669365648
26870,38.96118055044959
26871,39.876540683518336
26872,51.98780976809522
26873,26.506437351327815
26874,35.4825052074949
26875,38.71864285836175
26876,37.04555429022123
26877,45.49749485415277
26878,66.50493752897788
26879,29.990044062490565
26880,58.998796413750526
26881,41.475759449369235
26882,38.31405554344455
26883,36.908419166867134
26884,47.58787600428129
26885,34.349624074102245
26886,31.834540524375885
26887,43.49401165824311
26888,57.55574827541819
26889,38.09958038441359
26890,33.34570138200054
26891,48.02826501783388
26892,56.93269525252627
26893,33.42952363649276
26894,32.156929647370646
26895,70.59964490338209
26896,37.51321324950022
26897,51.746456542953666
26898,39.08821184710945
26899,52.55925406266185
26900,41.095492282967655
26901,39.697349965318104
26902,65.091631920947
26903,38.95511636285595
26904,34.38436397054135
26905,41.8495744386204
26906,44.60270213866058
26907,37.34735997161272
26908,43.956006054154436
26909,43.781084530697846
26910,41.02612360248943
26911,43.24310754665579
26912,40.300582631347794
26913,41.10137753971403
26914,54.988115050586444
26915,35.17730486358778
26916,39.88524432749397
26917,70.65626748790123
26918,39.61135870765601
26919,38.72269154282046
26920,38.72576673157679
26921,47.54766333452077
26922,28.15895905025716
26923,47.523053324147256
26924,34.267070142053186
26925,38.13792539420097
26926,44.57019246097637
26927,37.11473874458721
26928,38.98820071861346
26929,35.56146428973275
26930,37.1636516844734
26931,33.14057543982037
26932,37.99645914443626
26933,36.49498314256628
26934,39.17643462442349
26935,35.47278897272285
26936,42.04099511986328
26937,54.94838848071476
26938,38.819840289729974
26939,33.32318241289259
26940,37.01556456388244
26941,37.796297344674414
26942,37.54161378742373
26943,38.769418146794536
26944,41.58490705061919
26945,42.24554715453167
26946,42.18294835755572
26947,35.10543851783372
26948,38.616094153852174
26949,29.884605961292074
26950,44.36126264108437
26951,28.20703790527387
26952,33.52258095061863
26953,37.80000145619269
26954,37.49064706931226
26955,35.77048736227301
26956,38.81776441514688
26957,31.054898263070253
26958,46.941101323714285
26959,20.65974801682538
26960,41.533833793748954
26961,35.73099654548308
26962,37.82837841049346
26963,32.51085721531277
26964,36.825725749681006
26965,31.75117200471913
26966,33.111587158341315
26967,38.04506267562685
26968,31.984677927512646
26969,38.46227743529628
26970,34.476588128776214
26971,34.80870344989535
26972,38.731622286096616
26973,51.46988583647838
26974,44.83254768820979
26975,24.226365026500822
26976,35.506963477500506
26977,31.976740657799596
26978,53.525715141275356
26979,30.755543512572967
26980,30.92881831300125
26981,33.2184690721792
26982,40.052315660696785
26983,40.888335388325
26984,36.29229875846247
26985,36.528181135435005
26986,39.76367881516062
26987,35.9863435728746
26988,36.80818000534379
26989,27.391371561001723
26990,40.72517054966803
26991,38.387711209556144
26992,41.984470128225055
26993,34.59475346038783
26994,25.106295238572073
26995,32.243026068318194
26996,38.04852610986382
26997,34.33548488531444
26998,41.029806056350004
26999,36.70716188263656
27000,37.438271799437196
27001,30.558193155786707
27002,37.264355200277166
27003,34.03242768046082
27004,37.605594095530186
27005,33.70168115667921
27006,32.34494362824793
27007,21.36869756556653
27008,36.1581928785815
27009,26.585207272641
27010,33.09650886736429
27011,38.04948512564834
27012,42.6516297035622
27013,30.10170534369888
27014,30.0646421057091
27015,35.64228373516163
27016,31.5967655399472
27017,30.29598356719264
27018,33.1867470629123
27019,36.229387956052165
27020,36.236837823361874
27021,36.672976072564474
27022,36.723775155583404
27023,34.52149781613811
27024,56.72256141390979
27025,29.047158878042975
27026,25.095799735459085
27027,35.64194297645203
27028,35.102289268192834
27029,31.26873181936719
27030,38.01129998502039
27031,29.945774644936204
27032,20.982943393980438
27033,54.217167285487264
27034,35.06807739699992
27035,39.40002024684984
27036,36.60396410021853
27037,41.42982710783331
27038,36.919709624924074
27039,50.19108591433899
27040,40.6757308365195
27041,33.61212505502024
27042,36.79043844304177
27043,16.932973165683602
27044,37.75741049016887
27045,35.49954122677821
27046,40.07176675438418
27047,36.01015010605968
27048,41.31519770563164
27049,35.369559242094645
27050,44.027095480908685
27051,20.671119031204462
27052,39.07093706114426
27053,50.817338366841604
27054,17.52179530857246
27055,31.206644280041413
27056,43.20992852191214
27057,36.436332508063416
27058,15.033885748944684
27059,42.29307597057749
27060,36.828610127734166
27061,34.74208719129349
27062,44.188793510722164
27063,41.874336613909946
27064,43.10995206321232
27065,31.637971886200614
27066,22.7564166264301
27067,36.40576742279835
27068,42.987424771474174
27069,38.02837152857288
27070,37.492888921608845
27071,24.370204657545564
27072,41.19491988631252
27073,39.68952361411842
27074,38.81533719919246
27075,36.356227022278404
27076,40.78804901986139
27077,33.36548084319286
27078,29.23909728059114
27079,40.499702535336276
27080,33.128510269121335
27081,41.02125055754372
27082,35.510168324488774
27083,43.38629723313939
27084,36.29715564750754
27085,37.3895091665948
27086,38.27205665702256
27087,40.84262176465413
27088,37.19802974499503
27089,21.4088176692277
27090,29.791592259227755
27091,32.81712841709211
27092,33.21209486924524
27093,41.195766606397015
27094,42.66982606336888
27095,38.52916106457953
27096,35.35097461447516
27097,32.792598089399384
27098,39.95008007470548
27099,42.8380666025874
27100,41.16686600705981
27101,37.75420064245724
27102,40.45216449846228
27103,28.01765790310791
27104,33.40778439229158
27105,36.588413065815224
27106,28.311924496352304
27107,41.80962139586927
27108,35.643969145578836
27109,27.831069067910107
27110,33.17224024582896
27111,33.49767956628918
27112,38.730764255037066
27113,32.95226401076201
27114,36.6097146797209
27115,34.01142034000153
27116,31.192713641508814
27117,25.580228250092045
27118,35.982168929480714
27119,34.40852295761674
27120,36.94573074480076
27121,40.600041617785365
27122,30.321737602098494
27123,22.470739042879757
27124,19.479720982086352
27125,20.314587360188906
27126,31.44410316882524
27127,33.928050486595914
27128,38.36594586434874
27129,29.564947436050257
27130,35.455001119131786
27131,38.887126879466685
27132,32.90506588789243
27133,29.224485784453915
27134,38.00342216954201
27135,38.61398611482256
27136,33.05967265472508
27137,32.261636803912374
27138,25.466950816138166
27139,28.69381964992818
27140,35.27554625580606
27141,36.68623404544157
27142,30.38009421836634
27143,41.20002682003477
27144,38.67296423819016
27145,29.6941840795132
27146,16.01400112955479
27147,34.23559395573153
27148,15.226261279438795
27149,35.741177648228096
27150,31.71575157202355
27151,25.24095382966432
27152,23.73286670659145
27153,37.59505156412237
27154,33.05958035006003
27155,42.69802546788764
27156,36.07503569091418
27157,38.7787804155843
27158,33.29706160850986
27159,34.40417587854966
27160,35.66804086054486
27161,27.44319347674506
27162,36.174760618928914
27163,33.28190971460682
27164,36.257013599670955
27165,28.360205581698082
27166,36.56150647743157
27167,30.10330235120158
27168,28.097873730688566
27169,32.33310975265328
27170,34.45563030310711
27171,36.88012170566237
27172,25.523083975549525
27173,35.3459029579243
27174,36.15803884159952
27175,29.427795180801144
27176,90.7489249676624
27177,23.41194762088194
27178,29.942260124778052
27179,32.53078276764822
27180,29.395343760965797
27181,27.298152128218486
27182,33.55969588038849
27183,26.94886987135534
27184,32.44403950458481
27185,37.587606722680746
27186,32.41203563053659
27187,37.014396189604504
27188,37.336636782137155
27189,34.17946945556197
27190,31.491418406732585
27191,40.09650315862918
27192,37.454387091908295
27193,24.97040857432213
27194,60.28552560265487
27195,23.631522585956095
27196,35.43691076715366
27197,11.626368713915257
27198,40.4556927059303
27199,39.26304555443662
27200,32.00426668991066
27201,18.620344454303833
27202,29.498045442831426
27203,29.95076387331307
27204,29.229292123861647
27205,34.30431603559973
27206,25.00525609656444
27207,35.391804901501345
27208,29.49206043535719
27209,31.660725652290342
27210,34.381807738153775
27211,30.432920240183545
27212,26.495575734308673
27213,30.830942624693886
27214,31.541906206219544
27215,27.93147761784332
27216,52.09058390044041
27217,67.47195432860694
27218,39.06643164451131
27219,64.522599907518
27220,49.81594903936461
27221,30.473673929045034
27222,39.452113295204825
27223,85.96385830405131
27224,52.722323893506
27225,33.80713761381029
27226,47.47009989514943
27227,37.32129869192785
27228,36.13440072539378
27229,39.453949303999615
27230,49.574911214719855
27231,85.8102177843451
27232,36.65979384671832
27233,66.58495129006666
27234,40.45413939674322
27235,60.216656080493806
27236,27.585143350291304
27237,47.65834179170054
27238,33.62303197762945
27239,41.305991564338925
27240,32.063931705356445
27241,37.488434294844986
27242,41.531848874348334
27243,46.22917840037183
27244,31.764948148340313
27245,19.009068316024397
27246,44.23562084213495
27247,35.21575849304896
27248,83.1067222936603
27249,31.06880887461142
27250,45.84211874144302
27251,36.8464502375671
27252,67.82707713617562
27253,39.54132930465176
27254,36.43447719389198
27255,40.50099772360788
27256,50.89384005404674
27257,47.00703180880671
27258,62.38545767632485
27259,41.64630311974272
27260,42.163740926324714
27261,74.58197929043979
27262,66.45518337970884
27263,39.91719548419299
27264,41.94560936653988
27265,38.80360206892629
27266,39.59994074905812
27267,68.49749491927533
27268,42.280427178411
27269,82.5150247071056
27270,41.0698876116955
27271,31.311449024776444
27272,40.389378433669386
27273,37.433011722156344
27274,38.0647566883964
27275,41.93825020925625
27276,36.40465519180063
27277,24.404329754066342
27278,19.757290601983613
27279,36.99424902257002
27280,31.38636074434425
27281,36.56215186811104
27282,31.661637977248425
27283,23.878636429988866
27284,40.36591841689503
27285,34.54141804298123
27286,32.98090073306816
27287,37.095349229018204
27288,37.29094644511491
27289,42.96525348929459
27290,35.450365724282435
27291,41.20902337270593
27292,39.66238535432765
27293,42.73852690338889
27294,38.19612539969853
27295,42.77453989589778
27296,26.573079033946552
27297,33.41170665955445
27298,34.581858317046084
27299,38.16453722854924
27300,39.215975313695814
27301,39.513451768763126
27302,33.07272598454249
27303,43.01127233016803
27304,37.71922127795968
27305,33.58835161300023
27306,42.90377623118759
27307,34.98215562691886
27308,44.15716976268975
27309,39.68265759866773
27310,40.743022046033246
27311,50.229205014657026
27312,42.98382379983455
27313,44.13598458704233
27314,37.0709814283251
27315,35.47049117035999
27316,42.86702725320458
27317,23.037768537045782
27318,38.48627609816256
27319,41.00854149125272
27320,42.8593086907806
27321,39.1586353874569
27322,38.096007989487674
27323,40.59782861932488
27324,41.13049767057135
27325,37.49388938800526
27326,39.852316876041236
27327,39.08147673658961
27328,39.51685926625898
27329,42.0129215773958
27330,33.726923263734136
27331,40.68969250819533
27332,40.25284521495678
27333,43.49821040288785
27334,25.530214134867855
27335,30.48655195264519
27336,25.910782896210545
27337,38.904932775576974
27338,26.927058860191824
27339,23.466458479028876
27340,20.673278014533818
27341,25.302694876071794
27342,26.00795235225964
27343,35.48690551910416
27344,39.29851601813616
27345,15.213413662243942
27346,32.891115300527154
27347,13.607245433976752
27348,15.17204578763231
27349,33.51578197386366
27350,40.09772083798888
27351,34.549587814781724
27352,17.512999415068467
27353,21.56412260200493
27354,24.225988267342363
27355,18.94790327349098
27356,46.84221051726365
27357,38.50574498154132
27358,37.980165693702546
27359,36.116887799350955
27360,17.010755797800908
27361,37.81388569063546
27362,36.44324338487613
27363,21.22018823173386
27364,42.11238526198101
27365,34.38465326265122
27366,24.611957454939244
27367,20.401617421457008
27368,22.098434070160724
27369,24.378625896674563
27370,28.012878331163748
27371,31.948800065799972
27372,20.85153342394416
27373,19.10034092080929
27374,37.35946106469902
27375,20.511937568711705
27376,31.109214693342757
27377,24.615432373578408
27378,26.90969999310565
27379,20.476119336512994
27380,27.03365758774955
27381,35.14510566704264
27382,22.20497715372939
27383,23.44889807347784
27384,41.03791945640444
27385,38.46906796230642
27386,29.630118260555854
27387,22.218297631903887
27388,31.518839579671585
27389,39.269370379971406
27390,34.71094543424668
27391,34.840148926212876
27392,24.03607125481695
27393,28.103920285305755
27394,25.65066878926273
27395,43.08927842267417
27396,35.01492638659876
27397,24.273619521319215
27398,18.93478679547954
27399,20.162170960574496
27400,21.5875775467005
27401,21.503372530413483
27402,19.464504054520404
27403,38.58015120449693
27404,15.944536581339676
27405,20.386946608034314
27406,23.28811589582152
27407,40.65829349942922
27408,24.78195572257236
27409,22.68303614626223
27410,29.6560589107875
27411,32.97557974156368
27412,42.52491825512757
27413,32.63799828986091
27414,35.522549589099334
27415,30.852819577458423
27416,34.718802629905156
27417,32.457079467455664
27418,32.00693998004711
27419,42.577960346873546
27420,32.52930552034875
27421,31.943498367574875
27422,23.920303072920085
27423,35.657659262848675
27424,34.18903951055444
27425,34.86810177611761
27426,35.93992905392711
27427,35.943259539622886
27428,26.92419057853563
27429,31.566858854821028
27430,26.76777282061391
27431,30.370590533677436
27432,34.62226357351547
27433,29.52815574171636
27434,26.913018679774233
27435,29.533229943314907
27436,38.213494047869105
27437,31.574611143070868
27438,26.504838735689642
27439,30.066912109024713
27440,27.20640619025808
27441,28.493668237744572
27442,30.454432696501243
27443,33.574388961224344
27444,28.38400916388285
27445,27.88689643166168
27446,24.001297904058816
27447,26.454170902484492
27448,29.22994803327329
27449,22.105730579988965
27450,21.30019265989668
27451,26.860685277914545
27452,28.183225160408416
27453,19.233354000336213
27454,31.760273504481955
27455,23.6077592871823
27456,26.27621138339334
27457,29.53415802224563
27458,25.991948679459785
27459,27.588742347391253
27460,24.382803290124016
27461,17.78232743809216
27462,23.161909730469507
27463,21.73626759630792
27464,28.596138088612623
27465,27.708683563714672
27466,19.81378484060787
27467,15.695542630730232
27468,29.463858947669944
27469,36.770486973814265
27470,15.745740469777441
27471,24.90228499155266
27472,22.0892862011806
27473,22.87625961953007
27474,22.971771799611087
27475,22.025676504155108
27476,18.48109879511515
27477,15.978062770525549
27478,34.374224038302884
27479,54.62529238819673
27480,34.2115304230502
27481,40.54506680035281
27482,33.555691968122304
27483,37.35850507992041
27484,31.24901013655823
27485,40.28226282972689
27486,31.504268385472397
27487,33.213091227227736
27488,31.94719289356106
27489,39.0358364355942
27490,35.95550989249573
27491,40.003500989386886
27492,32.87480003495648
27493,40.58349644017969
27494,38.315612843808736
27495,32.233763242291566
27496,34.71825039747098
27497,34.11345169237066
27498,39.39867637814093
27499,34.78915895414734
27500,25.642373751478456
27501,37.419946819833065
27502,40.499056161557
27503,39.3844809923195
27504,27.104242533428806
27505,34.56459825357309
27506,27.30403466128636
27507,34.45331938230108
27508,25.028868082233025
27509,39.68382786419208
27510,36.76151080975666
27511,37.37321469526147
27512,42.207155419242625
27513,27.555211730661103
27514,35.772732465725504
27515,30.53556438285133
27516,30.309389988568462
27517,23.590283969624824
27518,34.03627345167705
27519,24.1084234602804
27520,32.532961857607404
27521,27.598590552567252
27522,31.97550743659014
27523,37.64433283854652
27524,31.354761890139685
27525,29.434029849858035
27526,28.350804939205425
27527,55.237546235722654
27528,41.75878877658379
27529,46.70754065133742
27530,38.878570087577955
27531,42.04894310314458
27532,37.60899219633615
27533,37.56651599181401
27534,30.980183065412724
27535,41.12356101254041
27536,37.29019345672071
27537,32.39803273304871
27538,34.35242113099904
27539,38.82558658304394
27540,38.121120558125305
27541,38.46327572910574
27542,32.59912130845962
27543,37.29648114200329
27544,35.741944838149045
27545,41.08410352949935
27546,39.61859219079154
27547,41.605362175250725
27548,69.4153427638759
27549,44.460585962620506
27550,34.10480553497398
27551,43.15498160281555
27552,52.632815358257105
27553,38.20342279716324
27554,37.94537086826906
27555,42.29643176120453
27556,52.69708050904036
27557,49.03721854857321
27558,75.52109505744853
27559,52.14434333399943
27560,69.8835760128571
27561,47.2889342270529
27562,48.75284946287824
27563,55.25050713516596
27564,43.39678029287777
27565,51.1027625212038
27566,55.67998761321818
27567,40.31089374023369
27568,43.729726366665666
27569,38.78622890297519
27570,46.05657329055606
27571,70.57187026135527
27572,51.938058830446316
27573,65.62366332886093
27574,43.85312670028462
27575,42.61124822978571
27576,45.01380597852915
27577,65.40485384866632
27578,68.60466511625532
27579,38.41608859475136
27580,65.69316634532466
27581,74.44396010404535
27582,49.78997640362065
27583,44.13653989733289
27584,43.20456668748772
27585,79.46474135432655
27586,66.63090905340783
27587,45.883362519227354
27588,58.866631647885356
27589,33.618153654727045
27590,50.1864128900769
27591,42.74623732731055
27592,62.58448762400565
27593,66.66351704587262
27594,34.377554972914965
27595,54.15861327805778
27596,44.65304297096343
27597,70.8746473498941
27598,47.38610680154619
27599,33.35564502002901
27600,48.194602784478874
27601,66.65950449609583
27602,40.95642343847136
27603,65.75840043696917
27604,31.045621741258138
27605,36.02348558508984
27606,76.63919805388726
27607,34.356087330214365
27608,37.06142965233738
27609,31.859301777406476
27610,33.29404792284332
27611,44.416477645604274
27612,28.194484347123268
27613,48.72331281567298
27614,47.22774070359027
27615,34.9779321102352
27616,35.90333440641736
27617,30.531552571581475
27618,52.13445236486466
27619,34.93028342353296
27620,48.861200665880936
27621,30.28402663348032
27622,56.58099411433644
27623,45.55514203960665
27624,66.1471602733105
27625,50.99142842960081
27626,36.64860274726556
27627,40.614414685678476
27628,72.58025897278907
27629,40.75024299551869
27630,36.35613634462727
27631,44.69496880085251
27632,63.068066977005124
27633,36.93396859157424
27634,37.09058445007746
27635,30.10699921224739
27636,53.17705185830563
27637,35.12336803304182
27638,41.43158608977
27639,32.03766797669462
27640,28.644167210732878
27641,56.16951220696835
27642,28.023756017939668
27643,36.750996690275464
27644,42.25622635193649
27645,27.847562315981275
27646,29.85602429348789
27647,31.64504975511259
27648,27.155114055115657
27649,39.542780219154515
27650,16.231868227743156
27651,20.929681491881478
27652,17.210298199190355
27653,20.55972992799217
27654,18.855062141056365
27655,33.86447858841063
27656,21.565934244236747
27657,24.759277888542673
27658,25.77931330891155
27659,18.2663029815579
27660,24.140722543571762
27661,19.545590235349238
27662,23.14183578717499
27663,24.622409546371046
27664,19.12559321296289
27665,19.328368392449278
27666,24.542608025136033
27667,16.764283132916837
27668,20.449018357808487
27669,30.46369726317787
27670,22.525660724251782
27671,37.80589124492228
27672,22.28168820766837
27673,18.09692161986237
27674,12.9022080029832
27675,21.406746665212296
27676,4.660135968099648
27677,32.610326526876015
27678,11.443750313739931
27679,18.246834872678292
27680,35.58572768420122
27681,17.215631720949037
27682,32.78705488501746
27683,31.48510848220872
27684,18.26792718761685
27685,28.55499998000969
27686,21.58535329337032
27687,45.02333223330233
27688,27.30740263189095
27689,29.75292402459641
27690,28.174164215573498
27691,28.33119655853479
27692,42.77022428833783
27693,29.64359650751341
27694,1.9271102394421067
27695,24.493540587390562
27696,40.3310173257948
27697,23.536658555082585
27698,24.105187116113004
27699,77.57989894795814
27700,15.85675763312966
27701,18.85931757075583
27702,30.699588568990027
27703,24.385817682978537
27704,23.155630922595027
27705,11.29101111518581
27706,20.97989187311048
27707,19.504684088510665
27708,0.0
27709,23.92432386452333
27710,22.221113060352163
27711,36.62951768327456
27712,39.82271141995679
27713,30.37970175133366
27714,38.45817679140676
27715,22.9194587373374
27716,20.67261805246549
27717,22.664722792890938
27718,25.291353938874817
27719,24.54184980978142
27720,20.90991819586416
27721,72.311168122456
27722,20.011479823111205
27723,19.04884385793999
27724,26.194369405009706
27725,30.71546082278117
27726,23.885227076220797
27727,21.599907595217825
27728,16.971413159724904
27729,38.31052253617264
27730,14.273513177626974
27731,25.024964807139384
27732,32.29061937807852
27733,29.46700966784009
27734,23.630386027077332
27735,21.539103972609446
27736,31.157197054946554
27737,24.37488686949374
27738,22.330434661832978
27739,22.812077890980447
27740,22.841508919561875
27741,23.847253988654813
27742,20.68414305112352
27743,23.149486980515746
27744,23.459147689979055
27745,26.63347445890212
27746,26.241100131577028
27747,22.96162720630536
27748,36.0684876041092
27749,23.994957385885034
27750,40.21256876239393
27751,60.629606328844325
27752,62.45833383530779
27753,43.404950003346194
27754,23.48303056507864
27755,58.213679536314636
27756,51.52338309150664
27757,42.385483092695466
27758,48.3055817361761
27759,39.64126809080376
27760,46.245475847931566
27761,35.13936485210767
27762,31.527581185192812
27763,19.832045427487344
27764,40.475396431767024
27765,34.435688957162675
27766,28.947080075088774
27767,39.41397829258476
27768,38.25876384632629
27769,37.82605763954014
27770,42.449440733775624
27771,31.731160149771235
27772,28.83815009436606
27773,44.84196046939899
27774,47.12098518075136
27775,32.67967528867004
27776,27.734607094884744
27777,47.65186470665754
27778,34.09166334640614
27779,46.06680465361072
27780,1.9006835577357408
27781,40.670620193377076
27782,40.07087217935757
27783,29.971240493012644
27784,29.029101672780993
27785,22.09308038792015
27786,29.27929542536738
27787,22.309444849879288
27788,40.700585185461414
27789,49.734328909998645
27790,29.992715913772432
27791,51.12881163974553
27792,35.44928388372716
27793,43.18858278003599
27794,26.37132857444369
27795,31.966332050849918
27796,26.547433649782537
27797,39.771957563420024
27798,33.55086751056328
27799,35.21506704134952
27800,26.256369788140457
27801,41.324550954130416
27802,24.705162232806877
27803,18.878082495547446
27804,46.58477438023288
27805,28.499321858435163
27806,43.74712851037497
27807,39.89542244383289
27808,34.43120626603449
27809,31.99272229254119
27810,33.352058765262
27811,37.29049589965147
27812,33.58508170525691
27813,33.32174221288273
27814,31.384863480759936
27815,31.923876551306343
27816,32.857547917969555
27817,31.302624000608752
27818,33.188499043262816
27819,21.8383001063306
27820,35.276346179136404
27821,28.695678995435323
27822,38.75978388315645
27823,36.669298429355585
27824,33.74594920480292
27825,28.43939020072677
27826,32.27777199686912
27827,35.925370978685656
27828,35.943548337367815
27829,34.34160286262197
27830,40.59061201924331
27831,37.50400666124258
27832,34.973421116968865
27833,37.94310016546299
27834,46.45624089951495
27835,40.435961844924655
27836,36.71120144144578
27837,37.51144119350596
27838,37.52523910826643
27839,39.54040986247471
27840,37.98047932467027
27841,30.078624493492647
27842,31.974654124655686
27843,42.272556375094496
27844,38.58217767018596
27845,29.23872111098226
27846,33.32241938609781
27847,36.63438058087073
27848,40.157931850064266
27849,40.88499474165468
27850,41.29563947255716
27851,34.8669652990022
27852,32.764907143785905
27853,42.95012570243361
27854,34.91657972909076
27855,40.122464595263864
27856,38.6701686362134
27857,32.35324932965453
27858,36.690762623087174
27859,40.730051201585134
27860,35.77742805292864
27861,39.9586354338237
27862,25.364677649511425
27863,41.65829611833981
27864,25.500181701775443
27865,35.39763735645873
27866,25.431693731226233
27867,87.41893386197873
27868,41.380530415396564
27869,39.94745768681369
27870,36.141198137283766
27871,35.667231347295285
27872,28.727346516335736
27873,44.04680490354118
27874,30.597050589014625
27875,35.37279399772038
27876,18.230476606446224
27877,35.96025841029673
27878,18.517954750225663
27879,34.24141297560478
27880,35.14555272012369
27881,30.16288238963473
27882,32.981930744415784
27883,16.629191100727212
27884,15.79603442365847
27885,17.87801713581479
27886,18.39668459496976
27887,21.790578502119835
27888,24.034321967074764
27889,18.6216239593956
27890,23.83470524233102
27891,28.198031860589523
27892,17.847113751518844
27893,33.060649137961974
27894,29.491734445180153
27895,30.728302899825664
27896,20.270103788933934
27897,18.909161266169985
27898,21.55434460347454
27899,18.053660871431457
27900,36.97521036133683
27901,22.62279130113146
27902,23.088862622464465
27903,29.13104743001186
27904,25.0243064291738
27905,13.919955115866987
27906,24.14075316960612
27907,19.917937312759776
27908,22.592680038626643
27909,20.79670806281736
27910,29.847106362538128
27911,28.928015836939124
27912,16.263265618616828
27913,21.724178953836866
27914,27.24957162888013
27915,20.921731623760977
27916,20.57798141408261
27917,29.19355892226408
27918,14.130782868417649
27919,24.35145186565335
27920,27.091708340938535
27921,28.707102064461406
27922,20.957910714154764
27923,23.431198575757527
27924,25.603040277995028
27925,15.622971387116015
27926,14.786242928866555
27927,11.889786265360119
27928,25.251081155911848
27929,14.308496596479053
27930,17.057229332193224
27931,30.832848102516795
27932,27.44154207108897
27933,23.838164686248696
27934,32.94359234080935
27935,23.45126252198154
27936,14.779850511268618
27937,27.032911246053413
27938,22.86845957646566
27939,19.665285711455184
27940,58.96289575770863
27941,21.84968297978166
27942,14.777175699570975
27943,18.2538662907449
27944,20.73535571303085
27945,16.37691510626943
27946,27.73313318262357
27947,23.547956664623964
27948,21.262614323540937
27949,29.581882002628234
27950,31.94573659248859
27951,31.40318802310236
27952,39.83167640133521
27953,26.423996342913032
27954,26.73369533168211
27955,29.386369356847325
27956,12.604790039849243
27957,16.767780861898167
27958,20.89052566449393
27959,42.81214043678608
27960,36.41546980148646
27961,18.509368025166374
27962,19.536657065226073
27963,22.399770787687178
27964,20.758906472912393
27965,11.032204195854403
27966,23.010670622973755
27967,65.75153022626783
27968,14.835224874640835
27969,18.990848681922667
27970,16.294963388985533
27971,3.2225210426942477
27972,14.26774622940142
27973,14.27203141422296
27974,20.542899098336974
27975,12.97966049041628
27976,13.491847544968474
27977,0.0
27978,13.441581115546564
27979,18.34358379907383
27980,8.4004317663002
27981,40.771614415224086
27982,22.184168712676122
27983,20.61101242527497
27984,15.880406975841161
27985,27.60071963268753
27986,1.0959396358403772
27987,15.6551673902751
27988,9.821350810721288
27989,13.067017036583032
27990,18.514351820746313
27991,19.44968228269374
27992,12.378491802856786
27993,13.876245810454948
27994,9.092114179701474
27995,8.577844103017037
27996,18.109775521777294
27997,14.18082161916708
27998,19.210539501830976
27999,12.15599957740936
28000,24.355904353940907
28001,21.142086518018477
28002,19.134761439999952
28003,14.356668376153799
28004,18.182516934659734
28005,14.601839730941487
28006,8.801644830988074
28007,14.938024070750268
28008,13.491273104873187
28009,20.940204281783664
28010,11.341344165247348
28011,14.647664367491455
28012,9.28811206500055
28013,14.070220163198465
28014,19.075085065848725
28015,22.833476440527136
28016,17.448589843345346
28017,23.679684240461167
28018,21.217580157402192
28019,19.377711082883092
28020,23.43810999780858
28021,4.991375973515881
28022,18.815673410215865
28023,17.350091716557802
28024,12.589694874167213
28025,10.707850214809925
28026,14.45642315530508
28027,11.208566919665946
28028,14.367200798470225
28029,12.502703011900326
28030,18.962295797710524
28031,13.489360142045859
28032,12.553002807675316
28033,16.788085866019248
28034,16.349407933223134
28035,17.972814123845836
28036,18.945347362416335
28037,19.00173587421992
28038,22.545214288960494
28039,19.847770262714103
28040,13.034489488187548
28041,19.62206895452706
28042,15.39301008178409
28043,21.40475353632795
28044,21.525801061709924
28045,18.78471849615415
28046,19.091148631246593
28047,8.930793888492987
28048,9.98430521917645
28049,20.538311825777544
28050,26.591582352553694
28051,27.639809760574487
28052,20.570912548005317
28053,19.922151829583747
28054,28.696175381254292
28055,18.315991187435955
28056,20.83310463201586
28057,8.886758626428811
28058,39.24363305732442
28059,61.349489503311844
28060,40.3177976448508
28061,40.57718497050181
28062,44.09070751407204
28063,34.12168855231077
28064,37.2669685522472
28065,42.20431529127262
28066,39.03713952105129
28067,46.7611667396434
28068,37.638334064360976
28069,34.822654802978114
28070,40.47738529841617
28071,37.050524150261026
28072,31.839151506871538
28073,53.69677071337505
28074,38.65874980932182
28075,29.542439333083532
28076,42.37426012838762
28077,37.34543905307174
28078,36.51873693064067
28079,35.802862035307335
28080,49.00686226193462
28081,48.66141501080473
28082,33.75492555631708
28083,42.02597868794878
28084,43.80171206571729
28085,40.31488852052271
28086,43.570789750640024
28087,41.83275127111151
28088,40.36547009396719
28089,42.917787968186914
28090,71.58724260852112
28091,49.817046558595585
28092,32.8406958189658
28093,40.595083002159136
28094,35.80682288888667
28095,46.5278550459387
28096,39.43773728865324
28097,40.1046421499195
28098,47.10090821428149
28099,41.60409623564449
28100,38.598412482358924
28101,38.65023041310764
28102,37.023093846567
28103,35.92936009854948
28104,28.95069439579852
28105,28.557903854998408
28106,24.25090726459629
28107,26.109801550434643
28108,22.52075761101422
28109,29.288493425449104
28110,23.377314881523986
28111,39.698375188336215
28112,25.577337902141835
28113,27.13490338165236
28114,33.41427566073135
28115,27.72994633704839
28116,25.765264270880085
28117,27.117519676742607
28118,26.89609509541022
28119,20.626860385034014
28120,27.589517002931345
28121,25.577215418035905
28122,30.30552588069662
28123,26.425657880761047
28124,32.63420042972178
28125,27.61564528874964
28126,25.737949829745837
28127,28.031534795673007
28128,25.160362872493565
28129,22.90432950875946
28130,24.309367591920356
28131,25.731627351417547
28132,27.186137564279452
28133,27.33552628031402
28134,24.434531008767323
28135,25.754329029166588
28136,27.438172435408767
28137,28.233166275110683
28138,26.86657447531718
28139,22.554347493043394
28140,27.80256987652307
28141,34.98484237396955
28142,32.463031222814024
28143,28.334162879041454
28144,27.18027873559392
28145,24.993742432390174
28146,25.474325215813863
28147,27.7447751859955
28148,24.460654257687146
28149,34.9120683963406
28150,25.723890652800165
28151,29.99384857737406
28152,33.66384334480661
28153,26.782314397268777
28154,33.590292691834996
28155,26.588223267714078
28156,29.81729565489317
28157,27.57388515176736
28158,27.80972940322245
28159,26.920949227524314
28160,25.08285012885985
28161,22.08364454343539
28162,28.107162182303313
28163,28.340975921886344
28164,32.45071534341222
28165,34.03249827209477
28166,31.436480277882954
28167,22.463181807650535
28168,21.61121547354747
28169,31.66117555204025
28170,37.46105389147036
28171,37.66233129414101
28172,34.29029393575952
28173,37.38714686596625
28174,34.266508184373734
28175,35.27123303012894
28176,35.39463830562472
28177,31.455019241325918
28178,33.324956139077976
28179,34.37174057629543
28180,30.775209239161843
28181,35.04824111590456
28182,36.42955294582819
28183,31.24528930230773
28184,35.44200926395617
28185,32.2160526193606
28186,33.31959714718805
28187,31.859567610876407
28188,31.540074403470747
28189,35.78576445670907
28190,39.48432644366559
28191,36.64304175051122
28192,32.196828980722245
28193,32.23295858346209
28194,32.98096676578662
28195,32.71803113829086
28196,31.599559276451792
28197,34.92178690943778
28198,36.748258087834806
28199,36.383433444690375
28200,35.091470716397076
28201,34.342113789728856
28202,36.36456354200072
28203,36.25473289333764
28204,12.763849386304567
28205,24.040257287482575
28206,30.97659317130819
28207,12.027630066482907
28208,39.362504869382576
28209,41.077947194915815
28210,24.14868768709225
28211,23.443019826696244
28212,32.501184056695706
28213,23.161754719996136
28214,21.29388267260486
28215,14.787018928793726
28216,19.012244526914532
28217,30.444832114020244
28218,13.552959928310107
28219,17.370050654068812
28220,18.03935971462182
28221,17.51390035052424
28222,70.88627043863866
28223,4.141721290128255
28224,27.705543347229987
28225,16.626153771466335
28226,26.438532869657426
28227,27.814188650213172
28228,29.79294007617963
28229,30.2864724344613
28230,32.08937490755107
28231,13.336345344719236
28232,3.733628110752362
28233,27.002817143990416
28234,10.528534739022462
28235,81.53945294579506
28236,7.725497044898432
28237,17.880000027607604
28238,28.93446816042857
28239,10.372037719678955
28240,31.57623864257036
28241,9.39829266213676
28242,17.27551972705851
28243,20.664109334354105
28244,20.36398349512272
28245,24.40641409147027
28246,27.216045348587624
28247,24.275830323187574
28248,29.75671158421417
28249,26.353581958106613
28250,14.049190089927839
28251,10.665384616130039
28252,31.00094285963074
28253,30.150155684327714
28254,11.590303601612593
28255,33.15987772290772
28256,27.217386204112415
28257,30.461896807777368
28258,18.253184694462085
28259,29.448193056016216
28260,30.975107777844475
28261,18.653887125607163
28262,24.062211294705687
28263,28.273444045512523
28264,31.50647672082578
28265,30.95573825856701
28266,29.824961964258677
28267,32.91667942002583
28268,36.094303920220135
28269,29.242350156885387
28270,16.06688512337875
28271,25.266473096851712
28272,31.522809060571262
28273,29.150679115423927
28274,32.92435608655741
28275,25.296391132692786
28276,34.724263143385414
28277,31.840660344868848
28278,32.88509811321144
28279,18.52752379257418
28280,30.909690331689372
28281,30.917305276268156
28282,34.47359271093934
28283,33.331872948594295
28284,31.353300172232455
28285,22.34199692242508
28286,24.513981498008445
28287,28.02416477401449
28288,17.51961517721615
28289,31.960335122566015
28290,43.02062671191826
28291,29.61001535755674
28292,32.69697475211169
28293,30.43970223123851
28294,27.98745940921315
28295,16.559923463936997
28296,35.998987764232446
28297,31.514012669596625
28298,19.478916013682227
28299,36.931259237950606
28300,36.79631865537366
28301,41.11838117610593
28302,71.4219062151953
28303,33.4729858054415
28304,33.55283813538177
28305,29.529758473837745
28306,33.58392979391144
28307,46.34781840633705
28308,36.75185534146459
28309,34.46984651204573
28310,40.708911079801105
28311,37.974708400752284
28312,38.99083569755656
28313,35.726258213196296
28314,41.80054985626616
28315,39.912897648222014
28316,24.954194540262364
28317,38.03771972914646
28318,40.73959690303062
28319,37.13837926695197
28320,36.70423038226533
28321,41.501102052031314
28322,37.80331121799009
28323,45.881626437639525
28324,41.31124191957442
28325,40.71012459285885
28326,34.9767498481973
28327,36.631748217576366
28328,41.532418382561744
28329,33.88446351859375
28330,38.06423969635692
28331,34.70755827210096
28332,37.06959784686513
28333,35.873031592886825
28334,36.505609007337206
28335,35.88489869291714
28336,39.73188655193278
28337,43.52531905821276
28338,37.69916523316406
28339,34.77504316003022
28340,41.625496111634966
28341,37.24474521286278
28342,44.54472021414138
28343,38.73340091369567
28344,35.532742651273864
28345,42.13439345864426
28346,38.1796612750736
28347,30.489906343898692
28348,35.002652410706624
28349,33.834193807753955
28350,36.319181344383516
28351,38.28567525986155
28352,34.6140464711868
28353,36.32463831294383
28354,36.636868074613865
28355,33.35863521686498
28356,44.489931446174616
28357,35.271211652793134
28358,40.59978187399676
28359,36.041822634924934
28360,33.29157001962128
28361,40.9769690773136
28362,41.6915506214745
28363,39.063025561861664
28364,41.82872863853771
28365,36.416943094046125
28366,38.66739774765136
28367,42.041985725253205
28368,38.63362389176699
28369,34.05420593911676
28370,30.987618981243504
28371,42.303265008021384
28372,37.2172231539809
28373,34.89002702931407
28374,42.017620241452
28375,37.22206655896589
28376,44.49086644229941
28377,42.330599821824535
28378,34.95854230304814
28379,32.08496415352458
28380,34.81889531998457
28381,32.4420351322304
28382,36.93935120512702
28383,31.956147008890422
28384,37.652879584053665
28385,41.46684379342618
28386,31.460764705646938
28387,30.740067661535086
28388,27.589282597754163
28389,33.37117838634982
28390,29.12983610020199
28391,32.25930810233448
28392,36.705253456986874
28393,27.262130014266862
28394,26.460375160221005
28395,31.82320673303015
28396,23.351400552887885
28397,22.906398824790767
28398,26.729470193872963
28399,33.786151674013915
28400,32.78581439472456
28401,32.13301615691455
28402,37.68925252053429
28403,34.386813647853565
28404,19.412328022275542
28405,28.76391528338293
28406,35.37582259893623
28407,30.469674223398954
28408,30.57520649221669
28409,33.02908475332643
28410,29.65462056254757
28411,26.040329756380103
28412,18.758537685904724
28413,22.904173948518913
28414,22.036743935971867
28415,39.19878964065282
28416,5.951780976922231
28417,41.562508561760225
28418,18.95382724314952
28419,37.047322410920856
28420,39.131063569067756
28421,16.61557848238248
28422,17.27025795405424
28423,17.538736878195298
28424,18.87610449313771
28425,25.784368170952767
28426,31.58790514530396
28427,10.778959674147007
28428,3.489538413477345
28429,32.918364611693065
28430,20.823286356457917
28431,21.0634658526958
28432,24.33001207792119
28433,37.11994545033285
28434,37.01514145337358
28435,42.554620629563296
28436,38.931533823310346
28437,37.361221364495655
28438,37.05147626012031
28439,36.02696721746073
28440,40.83337258767615
28441,39.35084208126279
28442,34.382558805915394
28443,36.41955650787505
28444,18.569495705097072
28445,41.736265694750315
28446,35.264854820966974
28447,34.902133074938504
28448,36.4962510804994
28449,38.90923108093828
28450,38.071794626311615
28451,40.00243436623146
28452,34.32817201482494
28453,37.05449857122123
28454,33.55661577188818
28455,39.3072776658931
28456,36.02125728136591
28457,38.060370563763
28458,34.246264206852906
28459,38.234358116089
28460,32.93114057070566
28461,36.51073052356559
28462,37.33637416966503
28463,34.31444407196546
28464,34.629470241213966
28465,36.42720572041333
28466,32.666231319587126
28467,35.17266002785306
28468,37.44378381826345
28469,20.19685984887461
28470,24.621908162984592
28471,28.805498739486687
28472,14.869436072440996
28473,24.976391121421617
28474,17.403207672868756
28475,23.218386239538052
28476,10.696266301382346
28477,14.636430465405423
28478,24.567980941749948
28479,18.112247434459135
28480,24.797208855023356
28481,14.445192350705
28482,23.658220646059252
28483,14.375921066177527
28484,14.15521974268553
28485,11.211678822372363
28486,15.261182305352245
28487,29.5661407810424
28488,13.254842705859199
28489,15.329632825139768
28490,16.805824403640454
28491,22.64587276728311
28492,21.37689251205842
28493,17.352337863125904
28494,25.55029448560602
28495,23.40676696111955
28496,33.29154962090284
28497,37.386980124670295
28498,1.9268221105012842
28499,35.25275767332382
28500,29.461281352555403
28501,30.258166597376324
28502,25.976591110735647
28503,10.04447874677187
28504,22.00500190627635
28505,18.386162459304664
28506,23.554429941490753
28507,15.618432018797192
28508,16.57697772124686
28509,15.786436345928486
28510,60.80284741816386
28511,27.840971930140018
28512,21.24573931614778
28513,28.068596635818917
28514,22.7885736256405
28515,15.727846497698675
28516,28.58904108070456
28517,25.491034433291667
28518,15.83207211123831
28519,16.448339412218672
28520,12.388500702760364
28521,26.161038497592344
28522,28.391005922768926
28523,27.573854841582328
28524,34.878792360395316
28525,22.50759899651412
28526,33.96368980912234
28527,24.65520701826871
28528,43.824314474392864
28529,28.22971314752758
28530,15.403945124532717
28531,22.308180509696022
28532,33.61795719833674
28533,19.93879131524747
28534,23.443765968945208
28535,22.538162466834496
28536,24.563931740859974
28537,14.278001736192449
28538,21.212624081572653
28539,24.634563220190323
28540,30.27724104816534
28541,23.791780724594968
28542,13.934310469944785
28543,22.551967766986948
28544,24.975027165534193
28545,25.92702555205154
28546,22.86857328347537
28547,26.07330397848095
28548,12.0083721636003
28549,18.160178396895574
28550,1.0799622243710743
28551,13.97290263234517
28552,6.954145473127847
28553,20.372564924239576
28554,11.655162216344493
28555,20.089948332284088
28556,22.194234653108996
28557,15.966193488611669
28558,6.581820520159489
28559,19.323490081335358
28560,22.03048414350884
28561,19.77782767829313
28562,24.229302466162665
28563,21.465446606023683
28564,22.81949599002595
28565,23.761779910170738
28566,18.00422139751357
28567,17.71762255727438
28568,22.37461218248196
28569,42.29337369360536
28570,40.9639194869753
28571,36.41417722986774
28572,66.53983713302762
28573,36.38188952383225
28574,35.38438446656285
28575,42.07669829224976
28576,43.089135066486975
28577,47.390011668810516
28578,75.88555949533568
28579,33.513481166059904
28580,39.035865535542236
28581,42.43560293382529
28582,39.15460161077059
28583,34.074789858791085
28584,49.75029337329788
28585,41.36333790397774
28586,35.72499248059661
28587,35.45644647511416
28588,29.568108773350197
28589,50.14891903165749
28590,43.97043231797421
28591,42.85985990669261
28592,29.604188186658938
28593,26.27093807727757
28594,33.182385501182566
28595,53.73527293122723
28596,42.55801121268398
28597,31.143677204901135
28598,34.264672425590774
28599,35.646340728976135
28600,31.07329901072519
28601,39.26702926494204
28602,48.152483659882925
28603,35.41987620665945
28604,36.52816280116412
28605,34.94992986295625
28606,34.253298030776165
28607,46.053157435914656
28608,32.77631939523025
28609,40.40887836164461
28610,42.487971129655435
28611,44.75747823232515
28612,41.356413399578564
28613,42.86401736552839
28614,32.66806713832786
28615,33.866203141663355
28616,38.40125079344506
28617,38.79268048413891
28618,38.09852871096279
28619,37.82475465845095
28620,90.85101364437122
28621,44.97589239432024
28622,37.39621907507736
28623,34.42537677021246
28624,67.82707713617562
28625,39.123231637867285
28626,65.18292587222088
28627,30.1525597999992
28628,75.52112009447272
28629,40.067824827236514
28630,40.78276936654838
28631,27.589536172069653
28632,30.235174403214568
28633,29.809910536691703
28634,28.814145418700253
28635,45.104255852390565
28636,37.54044778186715
28637,36.85961490077246
28638,31.9580566122476
28639,36.74571214724715
28640,32.82771876386603
28641,27.486157188464283
28642,35.90584502502706
28643,17.343696956668804
28644,38.395285997549294
28645,36.71242085367303
28646,31.817135107908577
28647,28.844481976117294
28648,25.720737441308614
28649,76.64707344098993
28650,63.86950386449165
28651,65.57637617439978
28652,82.81221438896273
28653,34.1243025557672
28654,36.09624577169924
28655,40.8028542768734
28656,30.603157318920886
28657,31.47078468299981
28658,50.9607944885782
28659,64.69612186035693
28660,69.44290017822343
28661,31.592687159173412
28662,69.51484300072578
28663,37.23408794795494
28664,15.296143525548858
28665,34.02975688054666
28666,23.749693929278155
28667,33.35513104763179
28668,37.13640594724423
28669,50.22165487075749
28670,41.23770931618284
28671,25.634750143601856
28672,43.99116299252838
28673,31.78522442718456
28674,44.25685572932504
28675,29.238461234865948
28676,41.94147143800584
28677,32.24732570160701
28678,45.96308194723226
28679,42.06527304711462
28680,39.413956897181976
28681,35.61392799388179
28682,28.088590907971223
28683,33.13904929572206
28684,52.850393664718176
28685,37.84806041676716
28686,34.10199024694454
28687,35.53763560710678
28688,40.90444128054902
28689,34.16236322998849
28690,38.58217767018596
28691,37.03610001491203
28692,37.442422964264814
28693,34.93268399721859
28694,35.72729552548323
28695,31.513848435631644
28696,42.67375000295465
28697,37.310606029885086
28698,34.82499100196683
28699,40.82716088619314
28700,32.19938103823205
28701,34.942546589220306
28702,44.48846238835978
28703,31.320702930251336
28704,35.90598301022063
28705,37.72081418223541
28706,38.035700681633664
28707,36.58257710210175
28708,40.52010714475806
28709,31.300239694206912
28710,41.4217667058555
28711,34.92233625094597
28712,46.57844943275184
28713,41.09438828262688
28714,57.48092803713474
28715,34.20063378489167
28716,23.251895977566328
28717,24.61548493394758
28718,13.140687719498198
28719,9.302885815331301
28720,21.39631695975068
28721,19.050657925002962
28722,19.34510316383313
28723,12.468900594842964
28724,16.078984905556624
28725,27.82317272261668
28726,16.132306814972484
28727,21.35240521780777
28728,17.783093018464058
28729,35.1770324752696
28730,15.833194568472564
28731,17.13167463975986
28732,24.25284209282814
28733,24.004469898636813
28734,22.337939274156838
28735,25.748510300988663
28736,17.084022953177865
28737,23.64764671997804
28738,24.00074785283733
28739,12.685995847286904
28740,11.407988339736907
28741,18.53390375171046
28742,12.45627560068284
28743,20.31754640831131
28744,20.80757388445238
28745,14.643830258350098
28746,24.62969283451107
28747,24.960444972869006
28748,26.218538554156797
28749,18.107534822257982
28750,24.30107696856926
28751,23.2236172642572
28752,20.773424118477713
28753,21.614727005814444
28754,13.19652770539202
28755,20.240842559685426
28756,31.049706634450988
28757,24.906780563662227
28758,20.07601483989434
28759,27.716069118185107
28760,21.933267452205833
28761,28.09421813844218
28762,21.58590517362742
28763,21.235141230715303
28764,21.51958460279072
28765,14.619979523360653
28766,19.82684579450159
28767,29.207975194408398
28768,19.512241871199702
28769,20.831983794838706
28770,22.75638016842577
28771,23.94023329018054
28772,17.897140298515566
28773,21.803628264707836
28774,20.904043696028637
28775,23.58584657062543
28776,25.65865198962327
28777,30.664397414579057
28778,28.67619324554224
28779,30.80580033008354
28780,18.369759955548957
28781,23.89784140292651
28782,21.34629484768116
28783,14.423375288587469
28784,20.819009324365556
28785,18.812250547818216
28786,24.319024782568455
28787,24.17925770353883
28788,34.33079012432489
28789,26.930923093486964
28790,10.900672369309806
28791,20.925942320281035
28792,15.280595766238767
28793,19.274792970493415
28794,31.26155935971973
28795,19.123199822997737
28796,18.961106278268517
28797,15.002305122962197
28798,20.940379980616132
28799,15.944305993160466
28800,31.57114687570697
28801,25.078198778442538
28802,43.84092235118169
28803,52.665133377834536
28804,84.6187130896721
28805,93.81604104828779
28806,49.822156664126716
28807,64.6902469372309
28808,51.211792807109035
28809,68.84869897425119
28810,40.9721444847372
28811,28.415952834978974
28812,58.86204730790551
28813,84.89238124919684
28814,40.653789509758575
28815,82.5150247071056
28816,47.73666528564088
28817,58.489813813971104
28818,52.028392107922286
28819,51.01403002971982
28820,38.08451513240629
28821,45.79503242274208
28822,43.261599791852
28823,49.15111466153599
28824,56.72256141390979
28825,52.87035531981752
28826,42.20063165942218
28827,56.64422129557739
28828,75.44101885646823
28829,34.448695290021064
28830,39.29620923791758
28831,36.181990550051474
28832,32.22370615905095
28833,51.181196878413246
28834,55.76358429859036
28835,42.76832054512024
28836,29.015723737179524
28837,37.85068331409686
28838,65.89986967700565
28839,52.17863023758293
28840,85.96385830405131
28841,37.49044037468782
28842,53.25663230987699
28843,69.87484394276399
28844,44.14318614906401
28845,40.46876603277495
28846,86.85357636597293
28847,50.06935248744446
28848,53.35051118210224
28849,65.49025389675171
28850,39.527928309655806
28851,43.56254526764558
28852,63.66533580945953
28853,54.75981089714947
28854,62.84194980317071
28855,42.23196163430818
28856,33.13900000269397
28857,33.6508649157407
28858,65.55951819951365
28859,38.26516042227924
28860,51.74153831918478
28861,35.928454690664395
28862,42.58774538809126
28863,48.94355345706416
28864,33.89443897695398
28865,33.36606168339996
28866,36.74179925980324
28867,32.23383325268745
28868,35.466157668549805
28869,36.23922126162533
28870,41.58106240045169
28871,26.261010148019736
28872,38.88736658917683
28873,35.43697034186827
28874,35.75399550798341
28875,38.403200459689806
28876,37.440074539186305
28877,42.76029011488968
28878,35.11230840423884
28879,36.33694752981704
28880,34.07162810087833
28881,44.76935233518665
28882,37.30083525463569
28883,33.711696664736785
28884,41.790431651959395
28885,36.960148430878974
28886,35.41717949413034
28887,37.78265884245324
28888,35.42932836503526
28889,66.63237181684302
28890,43.84145847301855
28891,36.58757801770738
28892,35.568398332215665
28893,37.47238442929119
28894,34.700677667114526
28895,33.77391881512541
28896,42.789316873225914
28897,37.032622721579706
28898,41.881285503487675
28899,35.91526542728132
28900,38.006638747838984
28901,42.59484622475868
28902,34.19236197282962
28903,40.69606227553982
28904,38.74511435408232
28905,44.292605908205196
28906,44.11260062804385
28907,78.86756527649925
28908,39.580840911041186
28909,43.70408885546924
28910,40.5478910151108
28911,38.696651412392626
28912,45.35794553037613
28913,37.521072038223345
28914,38.21265391230478
28915,30.54508430110519
28916,40.57715175893064
28917,40.750593575954696
28918,39.5361442646454
28919,37.851242811497926
28920,37.99309241367359
28921,33.524940176981815
28922,52.77695311243497
28923,38.68864389334022
28924,40.47714633750298
28925,42.16527346445859
28926,42.07841476353293
28927,36.47785607843596
28928,38.938054910778575
28929,35.58163226277785
28930,35.02328884124701
28931,37.90292474017849
28932,41.01151088499496
28933,39.90672424882934
28934,34.878962721110746
28935,35.86152626050331
28936,37.623632865068
28937,45.44013746887792
28938,34.3383481543266
28939,38.723564540336554
28940,32.627906473245126
28941,40.17242444609078
28942,34.00492925410076
28943,34.85325047951644
28944,34.64923753708394
28945,43.99603414990074
28946,45.5561561507274
28947,34.986597058468796
28948,34.6638597883613
28949,36.36524948659243
28950,38.86691668436568
28951,33.8256240524738
28952,37.75340518395853
28953,36.82776108970132
28954,38.86366648322418
28955,33.59715012880411
28956,32.43013449192443
28957,35.08945474054255
28958,39.786037540194314
28959,36.7921006347804
28960,44.38644556090079
28961,50.87867444566923
28962,35.75143326471791
28963,23.14276422732303
28964,66.57531503265702
28965,26.44686123249259
28966,34.02969603557546
28967,17.373822592983167
28968,51.616855958619944
28969,61.91422278464081
28970,1.2951650366339518
28971,46.453050162284406
28972,39.584210958501885
28973,27.320689020061096
28974,18.98917421406638
28975,57.93288748295576
28976,42.50648177270966
28977,64.00700638493554
28978,60.485384637705764
28979,25.1896184135245
28980,60.675899158857455
28981,68.90712460274304
28982,20.742934775759892
28983,28.9680660396918
28984,31.853227617544487
28985,32.25828262015216
28986,34.67939316944496
28987,35.19021492887317
28988,37.87776567793909
28989,37.21103673315955
28990,36.37315147685538
28991,39.017179213771705
28992,37.27539288352576
28993,33.149478207191166
28994,36.853543967483844
28995,35.84350884011381
28996,31.914633623497902
28997,41.54524143743682
28998,33.093202482797516
28999,34.20331800154748
29000,35.99915398839501
29001,33.318989887421225
29002,33.443072970849215
29003,41.71502005455796
29004,34.286567589735114
29005,35.12061326481772
29006,36.75077751695525
29007,35.490185471454744
29008,35.93408683127144
29009,33.24778337440055
29010,34.61931174142639
29011,37.14097609881607
29012,36.159792082552734
29013,30.417062542811117
29014,34.07599156160936
29015,36.69355209219642
29016,32.40928354000691
29017,35.94667893979495
29018,34.221583234186994
29019,33.692646948343594
29020,37.34799995164802
29021,36.297061279245625
29022,41.94745132715671
29023,31.58038561354714
29024,36.14711396439006
29025,38.27671853139728
29026,50.12013590255894
29027,38.15737218915737
29028,32.69597271990881
29029,40.72997626832175
29030,33.660487521378776
29031,39.22405201863652
29032,26.349861270723107
29033,18.915438952605072
29034,24.658427996313588
29035,21.655564376138244
29036,32.11269432790821
29037,29.5188284346842
29038,20.22379947801495
29039,27.875270070208853
29040,33.591278673034026
29041,21.686227030586306
29042,19.539315894747496
29043,25.67058424027473
29044,25.515293558727038
29045,21.725406717472033
29046,17.379154200435423
29047,29.43045278222496
29048,16.962394486018326
29049,24.125158087429014
29050,16.448374999474456
29051,27.58966225738267
29052,24.464965401202885
29053,23.225030122407333
29054,7.840107637879538
29055,19.295093898316384
29056,25.518619914574696
29057,18.057485714426118
29058,17.389124936666384
29059,14.403022476313565
29060,10.763714877398632
29061,23.332428108670968
29062,22.914289623880993
29063,10.655241364554048
29064,28.113204040895113
29065,13.174729982838596
29066,21.51480026680282
29067,19.378848520059723
29068,17.740119695703008
29069,12.156535197345734
29070,12.201722340471829
29071,11.353739721443702
29072,6.572706694344846
29073,10.749311270949422
29074,22.775198714246628
29075,1.4625947261252863
29076,3.7726158776922714
29077,12.226706157496304
29078,15.66941189037489
29079,8.121896022482652
29080,11.187257558916066
29081,18.504357088669543
29082,5.8155473205492445
29083,9.453812412211391
29084,8.979423174510877
29085,17.51959062440839
29086,6.769699479697207
29087,8.259042750156047
29088,14.194112292260085
29089,17.091141924973435
29090,14.405008293261018
29091,2.9028920463850136
29092,14.984171988980501
29093,28.23190940691424
29094,20.77169636991478
29095,24.699156647662814
29096,18.600192919804485
29097,17.462248125948527
29098,12.672751696121393
29099,7.984032120467073
29100,12.912490439575
29101,17.370162776430245
29102,20.121496160903728
29103,6.691223010852858
29104,8.738254065140822
29105,9.11514634544658
29106,17.478748598747103
29107,20.320825600158027
29108,6.244370756040974
29109,13.954405815848027
29110,12.868072390919659
29111,18.272554779564768
29112,21.957034965937368
29113,21.373438547538363
29114,22.416239896463626
29115,18.831114202980622
29116,14.783144933726112
29117,12.472217819159631
29118,20.631499515830892
29119,5.361270028340108
29120,18.007104863987458
29121,18.78246738311239
29122,8.40339303953716
29123,6.670069767057369
29124,26.99720029541155
29125,11.809406008847354
29126,24.87353459981127
29127,32.61841467211892
29128,38.84754143045788
29129,32.51081539483398
29130,39.140618516235996
29131,37.21182300104252
29132,51.6233510367633
29133,40.480625616988405
29134,49.19040060518041
29135,36.865335521791806
29136,40.40973929394306
29137,38.0892661860612
29138,47.41859150278483
29139,39.79631812489521
29140,38.17499555772613
29141,39.91718109882282
29142,38.468834484908335
29143,70.55804149925758
29144,85.8002581360348
29145,47.248155094156104
29146,35.47682602011802
29147,41.94914131977551
29148,42.43935497697414
29149,46.01529080924985
29150,39.96264884291962
29151,57.29238855200871
29152,39.52097015513763
29153,40.55767015824622
29154,46.69047564074075
29155,38.91160726756915
29156,37.77969294235733
29157,40.47198850697982
29158,36.18043424781693
29159,42.03425616925999
29160,41.59057929848069
29161,40.008292594269925
29162,36.84660372997862
29163,34.487176227484305
29164,65.77314581745091
29165,49.74126376351025
29166,42.77232723585079
29167,40.55415772020956
29168,42.37144392138653
29169,40.24340125504619
29170,38.675598754351256
29171,41.01377353166686
29172,40.919547469277326
29173,34.9393887618249
29174,36.8223760686772
29175,34.816590662670926
29176,38.67521225964722
29177,33.32038087533862
29178,35.72752554139639
29179,53.30728834821756
29180,42.20594519379309
29181,35.677137430575655
29182,67.49568954246953
29183,40.824514885906204
29184,35.381824787659156
29185,43.6121085288351
29186,36.82331053063109
29187,35.363333315206155
29188,33.97069579920237
29189,31.578014693097394
29190,35.38036680075285
29191,42.28169959089747
29192,37.8869804664807
29193,40.31300169583066
29194,36.45583291804635
29195,33.96304424056299
29196,24.23610889950283
29197,21.29477697467936
29198,72.40192781147795
29199,17.180172581604626
29200,19.8420074578596
29201,20.042224345626625
29202,22.77147083091137
29203,33.49599191635476
29204,35.569786299627516
29205,33.9326419940884
29206,32.883065553052134
29207,27.093214479007713
29208,35.30432902860644
29209,33.0572856232776
29210,15.526531501549693
29211,38.10625441473663
29212,40.74156668202016
29213,34.42249866327791
29214,32.49333147565905
29215,30.117920117243756
29216,31.11919904392159
29217,26.81558467595508
29218,34.31589451826407
29219,33.75141336702531
29220,34.810072399942705
29221,39.443566206708184
29222,43.2354491552118
29223,43.937116157244226
29224,40.52700873928522
29225,38.103714695166914
29226,44.730833060448695
29227,32.25657244227316
29228,37.335815848249865
29229,34.64682970786517
29230,48.017652784081136
29231,41.74718618367322
29232,34.851867241608915
29233,33.841801665918695
29234,39.81286087454443
29235,41.81975087102492
29236,41.00792934015971
29237,39.557212303771045
29238,21.538235330705728
29239,51.596941320174565
29240,43.65699158763449
29241,32.30077166559706
29242,33.25792479696507
29243,33.34743789944274
29244,36.974085346121335
29245,37.23033081778329
29246,39.71319713454912
29247,37.558501162121516
29248,37.063965065642364
29249,41.38251366512661
29250,32.30659861319798
29251,28.573703454758146
29252,14.871063395730808
29253,32.43522395114211
29254,30.687903278299
29255,38.520588473491294
29256,35.649661054414295
29257,39.83977097022219
29258,37.83149116606967
29259,31.19186289138107
29260,35.19084933378963
29261,42.77392800381366
29262,37.78887738384857
29263,34.274675685863436
29264,37.65044327021847
29265,43.123475943066865
29266,39.76560892711789
29267,33.05896617788493
29268,39.69722939763291
29269,34.106642610796904
29270,42.72522250424717
29271,39.10590274827338
29272,41.821257857512315
29273,34.06579079951049
29274,52.90487565539943
29275,42.89897370133358
29276,38.8809700560243
29277,38.71297088174649
29278,45.731342497320384
29279,44.172197058568464
29280,37.58371424234076
29281,36.740673166839926
29282,32.573220058295455
29283,39.12138289753955
29284,30.25717340954436
29285,35.10849842095766
29286,27.972217797141546
29287,28.417246014527734
29288,37.24358685391453
29289,41.61260396863777
29290,25.005414142661902
29291,41.41024232307661
29292,28.716531874028554
29293,14.335826359996808
29294,13.315031788374597
29295,64.80706104068071
29296,27.058914782228022
29297,49.154057542623164
29298,23.58444522689779
29299,24.545349652124905
29300,31.262554802478697
29301,19.7555983881911
29302,75.8662667976159
29303,35.153365852486736
29304,31.468319508624198
29305,45.76504376328463
29306,31.43269488949994
29307,61.52504087941604
29308,66.1816951655554
29309,20.719615535176946
29310,57.001275290260175
29311,17.159697142737198
29312,73.70712009509829
29313,70.51239004588479
29314,19.934990592148903
29315,20.792040188576703
29316,20.990620546267376
29317,25.85855856749204
29318,24.573643083987225
29319,26.064567330009798
29320,43.21102878938127
29321,35.783260690251296
29322,27.222781764784223
29323,24.863005229219446
29324,11.76649257584992
29325,18.520722800064732
29326,24.773794326706806
29327,54.81943698136768
29328,31.374958925238253
29329,50.247110407570084
29330,22.109480145380616
29331,22.93029169522871
29332,23.073631480995537
29333,25.584183144353446
29334,77.6635583592537
29335,31.708702475095343
29336,38.70609689741743
29337,22.419573756135208
29338,15.0792299119357
29339,25.20795937923064
29340,18.97377497624275
29341,35.163171533393104
29342,25.12085371795464
29343,22.96888204002134
29344,23.400551251550297
29345,32.92562631778734
29346,29.901148719591536
29347,27.959656709244804
29348,31.874002189648426
29349,26.410684476474984
29350,33.300803074449234
29351,10.044932898637597
29352,32.18928696093813
29353,4.858262076946682
29354,22.293076055800192
29355,28.007029141129422
29356,34.233302319036284
29357,22.459282224989803
29358,30.585058934640454
29359,28.202094340367466
29360,19.87765278744122
29361,22.058656044856203
29362,29.54997428825142
29363,23.464281465597125
29364,21.990182680119773
29365,21.699217079933383
29366,36.55785850894509
29367,24.7091600534213
29368,33.523843333982626
29369,16.989780243730056
29370,7.379463092871728
29371,26.24499155033327
29372,31.374482452829458
29373,29.071328117837574
29374,41.90103656742127
29375,24.55209172785735
29376,26.29116247460228
29377,15.977958612828964
29378,22.542592811849822
29379,25.731814396252894
29380,27.83193244231465
29381,20.763290212855416
29382,25.94998194924791
29383,20.473483691190527
29384,17.98707952381696
29385,25.50126140641915
29386,23.859216503400962
29387,21.766611843342368
29388,17.381518714548637
29389,25.81638653680204
29390,19.311266995169948
29391,20.051458140739772
29392,21.256772179235227
29393,36.25771852309477
29394,15.028385628855087
29395,20.591466345323965
29396,35.00839256045479
29397,24.97392688345864
29398,19.689786289164708
29399,31.220403817379143
29400,25.542420587724088
29401,25.746420951552345
29402,26.16800655591566
29403,24.804595469736288
29404,22.053974379605624
29405,19.764360157812767
29406,12.566702305219248
29407,24.803143895829674
29408,21.103864557645704
29409,26.633245892604872
29410,21.405533368120526
29411,13.104934630014439
29412,6.081470049330765
29413,13.321636500739656
29414,0.49648724627180124
29415,13.016369989378877
29416,17.553791526712082
29417,45.4426316631636
29418,35.09005297449338
29419,50.209458048392534
29420,34.41732025254773
29421,41.846227839566325
29422,40.33576409304337
29423,40.926751738274675
29424,48.96025313255193
29425,47.92934393585596
29426,45.26444672783817
29427,33.16630150611647
29428,37.98601656091804
29429,38.48513345454235
29430,32.24805414949325
29431,41.15076133359315
29432,35.11482376956187
29433,39.5868396470208
29434,41.3753638182537
29435,34.20086818421523
29436,43.189913177459125
29437,34.25057973892003
29438,35.954270462111786
29439,43.609519436950904
29440,40.494876296648265
29441,38.45067401095933
29442,43.76877137235227
29443,39.035790492044654
29444,43.09914231308167
29445,37.3848957697414
29446,62.60565221178378
29447,35.56493075210659
29448,36.425800713327234
29449,33.3729276067443
29450,42.112397395290245
29451,34.71290243449107
29452,32.572754533591045
29453,40.919204344803894
29454,41.39325420250484
29455,30.293048878188657
29456,27.88453642496002
29457,34.889204249859546
29458,35.64646872278776
29459,32.46920981469691
29460,41.12237593527946
29461,39.057366554998694
29462,41.98093682260068
29463,34.51724789852713
29464,36.62511494428237
29465,38.08938001314418
29466,42.537575824262895
29467,44.379678232189704
29468,33.47417366348585
29469,35.1210076643431
29470,40.529987025885646
29471,32.56313249778389
29472,34.68065187834297
29473,41.20388139176668
29474,38.22184441965114
29475,56.14077106290275
29476,33.52302810990833
29477,32.76668083492964
29478,38.47457709187375
29479,39.923895408918064
29480,36.469100255713116
29481,32.889643151403796
29482,35.23977100658972
29483,40.408423415342384
29484,43.12924254791986
29485,40.0134522278254
29486,34.606260871171614
29487,36.44751792397631
29488,51.45299493682137
29489,47.92531846719069
29490,36.07172792359055
29491,34.33316532103339
29492,40.75564232971787
29493,33.20953617251636
29494,36.16825066101207
29495,41.99150332405468
29496,34.69640538011615
29497,41.42573950997011
29498,64.53097794776855
29499,31.342161349521835
29500,36.293650898589775
29501,37.671585097058546
29502,41.75227414378476
29503,34.259825738487905
29504,33.304413547779355
29505,36.30544682044152
29506,34.47876724831262
29507,40.84758257160445
29508,72.41538278120888
29509,77.40531726101027
29510,20.46170922503418
29511,27.478861475132888
29512,25.19344723797378
29513,24.96876037572981
29514,22.10989472434888
29515,74.82402895127521
29516,24.267644238764124
29517,21.69855067810192
29518,29.461700347273116
29519,27.62928859324269
29520,19.870524818545885
29521,2.8861148444367153
29522,38.19330436126637
29523,35.97769420384957
29524,53.89357795533893
29525,34.944637183970826
29526,26.303624250986083
29527,26.497866536125386
29528,18.998242201295948
29529,19.86165968496064
29530,26.541382479542442
29531,24.702067246587493
29532,21.705031153580094
29533,32.44661283857665
29534,34.181106381942286
29535,32.68386098073332
29536,70.84746798827666
29537,25.07938558290096
29538,24.655150526673047
29539,29.266292226700624
29540,26.814137538231552
29541,27.516867555935033
29542,52.660031427804796
29543,30.426797487290038
29544,21.360210562909252
29545,28.384615578183553
29546,30.42903131488652
29547,34.7042992966515
29548,30.60984412586339
29549,38.225208549820245
29550,23.234344391588383
29551,23.930521789340084
29552,80.1428005842233
29553,21.67355368009788
29554,17.121131052821383
29555,24.748201216257495
29556,26.294046027204466
29557,25.528117797106095
29558,26.158304176860305
29559,29.351971431823067
29560,24.797606704268155
29561,31.240770806872952
29562,22.622124918881116
29563,22.37534728970871
29564,31.769365271270605
29565,19.897659825725814
29566,18.522174325969175
29567,52.56866970743406
29568,27.367502977119344
29569,20.069764472084383
29570,17.67053754924703
29571,21.41857112628948
29572,26.457636529153085
29573,25.267012786551547
29574,25.39670423221086
29575,26.87414370759276
29576,22.995509397840415
29577,19.873400878571122
29578,26.24333302225254
29579,22.761277055430032
29580,23.219152802420922
29581,52.2774015420563
29582,31.261017583227503
29583,23.18248382964266
29584,26.131864657812624
29585,21.39856796309738
29586,28.902376040331465
29587,13.262923939113048
29588,26.067284340447436
29589,23.843756471627536
29590,21.24280081026949
29591,13.975536257576396
29592,22.843959654295105
29593,37.454308945588345
29594,25.328075131088067
29595,28.790474517271463
29596,16.73450663279288
29597,10.221109097497056
29598,34.46366134843674
29599,32.10308995108251
29600,27.71822142097197
29601,25.410014324833465
29602,27.077266641717962
29603,17.78878271474002
29604,35.72961170861284
29605,37.55376391399775
29606,47.76205666334263
29607,68.84869897425119
29608,72.96431811882844
29609,63.30050531320769
29610,65.18292587222088
29611,69.5782111019544
29612,35.54764603435719
29613,84.6187130896721
29614,54.36866070907449
29615,40.43509272495045
29616,32.13917990280419
29617,34.13438316797489
29618,38.32140753099964
29619,40.913518043949175
29620,76.87069231642275
29621,42.61722912976187
29622,66.51395617427211
29623,58.76675227204739
29624,35.95968012211367
29625,56.5582514770174
29626,33.66777774012139
29627,40.868875174791874
29628,48.14212938030522
29629,72.6749147888215
29630,46.62749165276412
29631,78.84870997082557
29632,54.81188820704313
29633,51.702475294935546
29634,33.70144009552463
29635,82.5150247071056
29636,45.793202355193834
29637,39.608007878907706
29638,41.346611051865786
29639,79.42303383576315
29640,45.38236818966327
29641,70.28929441822976
29642,86.85357636597293
29643,40.771081007851016
29644,37.019836312056526
29645,80.6713967995757
29646,40.703467246713615
29647,47.77627325467423
29648,42.71840491786195
29649,90.85101364437122
29650,56.799366623120086
29651,79.87792807523384
29652,70.59964490338209
29653,39.57122738505226
29654,73.58948189819594
29655,36.94480207533779
29656,42.57035827772986
29657,33.86033030052499
29658,41.68312263881053
29659,35.495705760189125
29660,43.81971249409282
29661,32.55390275037978
29662,34.3527439972799
29663,41.378302869999914
29664,40.491709770265494
29665,46.34162307075451
29666,69.52471529349484
29667,52.614365377312474
29668,50.00923303421065
29669,53.73526007562099
29670,56.15382509743529
29671,51.211583699574525
29672,41.903408812599814
29673,44.628516987638065
29674,65.54607230348734
29675,53.51766648562085
29676,66.57249746235547
29677,65.605583545975
29678,65.91840849539453
29679,53.62526861873833
29680,65.8898927775709
29681,56.61522287509152
29682,65.40485384866632
29683,67.54963303258455
29684,65.55947125635602
29685,65.65468809080032
29686,38.342704165500756
29687,72.38651379971184
29688,46.81800928922849
29689,53.68738512548987
29690,49.34840111432047
29691,52.73845607133617
29692,54.81364587615306
29693,68.68703801882249
29694,56.73550786381299
29695,8.982483823802506
29696,41.755515057775646
29697,45.842283193447734
29698,63.731945862068784
29699,43.209994817202976
29700,39.645594046251595
29701,64.69825642474878
29702,44.28421136706418
29703,34.347850066781454
29704,57.256580998296194
29705,37.32128354420302
29706,43.03302459698546
29707,34.92703177403922
29708,38.42317876810467
29709,37.71638783284092
29710,40.83399240484928
29711,43.45974700996369
29712,33.58809857352292
29713,31.62983906944379
29714,50.04126026451551
29715,47.85397392386275
29716,48.247037694711324
29717,35.6931101592598
29718,37.651348063777796
29719,41.08378150198201
29720,35.370837673491636
29721,40.682874296813274
29722,32.33009298064183
29723,45.125313065389754
29724,42.62212311314492
29725,46.58780042306441
29726,34.91061759819228
29727,34.76796637949763
29728,31.92249768932925
29729,36.23780810194338
29730,36.49121034656874
29731,35.890750052809686
29732,42.805969079585005
29733,36.204617405577
29734,38.95205269646306
29735,41.76945302629441
29736,33.186071929323894
29737,28.241519619038762
29738,41.474493737733376
29739,41.95071673207236
29740,36.10398948365143
29741,38.18181109986906
29742,41.30164912948048
29743,36.53508189177389
29744,39.76554336162938
29745,37.75416372806246
29746,33.0238311009589
29747,34.95481173524431
29748,26.28936561836637
29749,34.95886021139155
29750,37.18389712185395
29751,34.24847612167589
29752,35.02760623300014
29753,26.280169640037364
29754,38.2865429946686
29755,41.12970549040217
29756,32.99372950240231
29757,31.99596337873425
29758,41.56005357538365
29759,36.21632715009896
29760,37.58563866691087
29761,34.185270601288046
29762,38.52762243215652
29763,45.67759863248712
29764,40.49544030575137
29765,22.622409417844207
29766,38.556452051269474
29767,28.915590639267364
29768,20.2043111904596
29769,19.735886075019533
29770,39.08491237020032
29771,23.05930121450783
29772,24.834110133801506
29773,24.219818566831496
29774,39.09030008531912
29775,87.49113909622747
29776,41.02964528651882
29777,39.93149307179996
29778,39.48968939089315
29779,39.380250833191546
29780,74.89228269307135
29781,39.46128594280977
29782,32.097945218873186
29783,33.44202487731262
29784,44.16705062607947
29785,70.57187026135527
29786,43.20576140554768
29787,23.887039006788648
29788,45.58084551978625
29789,39.25456378835087
29790,53.93542104452889
29791,41.39296868482023
29792,41.721830759293695
29793,40.55417367265474
29794,57.375177523428825
29795,61.91874430113971
29796,52.854916002484785
29797,42.240297334579466
29798,87.85864516021215
29799,42.91778811120804
29800,41.622712103441096
29801,24.442654029105412
29802,37.579091500012254
29803,46.64472386794924
29804,59.90431761922414
29805,35.37582259893623
29806,50.56299320665631
29807,53.02566136195193
29808,33.318381980103695
29809,30.150391244153806
29810,29.413522435860948
29811,33.38792737991778
29812,39.21893718060418
29813,50.77131699608875
29814,40.48682323834613
29815,52.14162440158258
29816,67.60139364866184
29817,35.662944859471246
29818,31.949078404210834
29819,59.82805202437205
29820,35.51976401480354
29821,45.3100072864845
29822,35.61543340120528
29823,54.6672436014206
29824,67.97520149562766
29825,40.97402783933112
29826,38.73281865619567
29827,22.877118166488938
29828,20.936415780526346
29829,49.824759995629954
29830,40.41964189669215
29831,67.54281397931409
29832,30.79459840414517
29833,37.38099078244505
29834,40.565737043295634
29835,41.83077580864638
29836,50.02308729231122
29837,36.89195580941914
29838,43.39010037028157
29839,42.24791149866346
29840,42.09960237861726
29841,39.021092610701565
29842,35.74416325070315
29843,36.354656338831205
29844,42.05844612320536
29845,36.234753092085796
29846,45.347456140653335
29847,43.98650918148402
29848,40.35547367603994
29849,40.38614248045696
29850,40.352183587001534
29851,38.21281622248709
29852,21.535061979238332
29853,43.27308557602026
29854,37.87520547494041
29855,33.15854935552062
29856,43.017064159414744
29857,34.436683074726645
29858,39.56912935026407
29859,25.459326497891546
29860,32.27357367535801
29861,36.17907647366151
29862,37.37756533518886
29863,30.36366134265614
29864,21.281557066952104
29865,33.14039492565507
29866,33.849051729450366
29867,39.216924023893135
29868,32.203412675075306
29869,43.89895622711335
29870,38.029196999526455
29871,25.483171807394665
29872,42.07360137034088
29873,40.96535658493781
29874,38.01636332204728
29875,30.499950655480415
29876,41.16627109826114
29877,43.30440840538775
29878,27.011870115587048
29879,39.671514341504974
29880,42.065691052346025
29881,33.71468119416189
29882,36.93488810843926
29883,43.72340736226643
29884,32.49333147565905
29885,41.725549824828036
29886,31.424186237186355
29887,38.34402211066973
29888,39.215975313695814
29889,20.456103154428327
29890,40.06568087831567
29891,34.47413356576421
29892,35.987393301637006
29893,44.900193437252724
29894,44.10203307607762
29895,33.12214438658751
29896,45.43937557645297
29897,34.024080023544926
29898,39.75898121724341
29899,31.087897134878933
29900,33.954798098954015
29901,36.31164980573678
29902,34.95082853246262
29903,40.93509755693486
29904,40.97728221723059
29905,43.24999800706567
29906,38.69055315640188
29907,42.782672315771705
29908,41.74308713356504
29909,25.252230112954148
29910,37.94043428901691
29911,42.763998285658836
29912,37.24176836930397
29913,42.16677236362162
29914,39.68265759866773
29915,47.60810159090516
29916,40.0843183199672
29917,41.544469668214475
29918,27.84180937365772
29919,46.51436555751664
29920,40.9941599201418
29921,43.70770693888813
29922,39.85271642106788
29923,43.52905254671476
29924,36.006287552419195
29925,31.888673863277536
29926,42.75220511681637
29927,32.704202163034715
29928,41.85810810102474
29929,42.23892804347809
29930,36.780996993484266
29931,44.82960152041313
29932,43.231075565449196
29933,44.01133087298793
29934,35.67265780295262
29935,31.674059901124735
29936,46.34516982728238
29937,34.14878880086028
29938,30.53039928804118
29939,42.15122552298528
29940,44.085350923632966
29941,66.86878371100524
29942,40.231755764313284
29943,52.722323893506
29944,32.98606252587457
29945,51.820473251911686
29946,38.929573547158334
29947,64.522599907518
29948,30.474869231374612
29949,38.88813686605615
29950,85.96385830405131
29951,33.702741131108006
29952,47.52082451733946
29953,37.37772984046696
29954,36.13563665635316
29955,39.49415536833599
29956,49.49376450242283
29957,85.8102177843451
29958,36.70699335105093
29959,46.90888225972071
29960,66.58495129006666
29961,40.399899641791635
29962,59.9193464679489
29963,26.515940165481606
29964,47.397436469945205
29965,43.58495319640744
29966,33.69929236895363
29967,41.43447521898926
29968,31.917773926201825
29969,37.46721291099927
29970,35.825512160455006
29971,41.73695391164695
29972,32.20799796694858
29973,19.0384213974579
29974,44.0179534874371
29975,35.5598475448972
29976,83.1067222936603
29977,30.89942122709548
29978,45.658515860661325
29979,36.860653120879356
29980,67.82707713617562
29981,39.643314743308245
29982,36.05754002332373
29983,40.50878790027321
29984,47.023091216528464
29985,62.38545767632485
29986,41.33767231965831
29987,41.9610125329808
29988,74.58197929043979
29989,55.046992138846896
29990,66.45518337970884
29991,41.95122429801901
29992,38.771336387706
29993,48.02826501783388
29994,39.58690553450012
29995,68.49749491927533
29996,41.37724555452935
29997,31.314176612398725
29998,26.096703510005753
29999,35.40482657895565
30000,72.70473146511108
30001,67.60956227152586
30002,31.956643406055314
30003,53.07672674187922
30004,44.315212498246375
30005,38.92766872467045
30006,20.48818284318656
30007,67.8823840467262
30008,47.66782893502652
30009,44.339978422045455
30010,46.00365637798397
30011,62.066929154493344
30012,66.58620140688446
30013,53.68838004981933
30014,39.46939954219397
30015,23.593147820010156
30016,36.871215658586124
30017,38.53615042562181
30018,34.966185287762315
30019,45.2716045134492
30020,56.4573473160396
30021,44.8593154561221
30022,55.65588982019326
30023,36.97462085716607
30024,44.14647492885773
30025,43.0376049534453
30026,38.77700871150751
30027,43.012637031036725
30028,64.50322801233496
30029,44.03300803474261
30030,54.01212098416977
30031,44.63994083566145
30032,42.64148391002864
30033,49.9533478071574
30034,64.43590619958923
30035,45.59179214038293
30036,39.700845583726526
30037,47.705989406615984
30038,44.61657814139178
30039,42.69709455974304
30040,43.77597106041114
30041,80.38918187541688
30042,57.10287371722231
30043,45.867527167100114
30044,51.99342431946636
30045,44.876146875648196
30046,43.60357973098911
30047,39.31717972729202
30048,44.34305052637999
30049,40.77782141794724
30050,50.39790990403633
30051,55.73408658122692
30052,34.08740142580863
30053,42.95137917324227
30054,49.17940768150501
30055,29.178144474443613
30056,38.146583553680465
30057,78.67047907355955
30058,47.02750820398631
30059,44.719731322611004
30060,48.24057536698463
30061,35.54234223942779
30062,73.89292550149244
30063,67.76837850301524
30064,35.85068480918355
30065,27.39319024844109
30066,28.91765000305727
30067,23.9027327256581
30068,36.143013599957136
30069,17.301249413409042
30070,42.0222111505101
30071,30.735119961529538
30072,65.6923925127726
30073,64.41316336855421
30074,25.515175284684492
30075,71.73893821616328
30076,38.38131999696344
30077,35.55139427203152
30078,32.79456095535996
30079,30.374423630584
30080,22.851992486122217
30081,31.189722226534652
30082,36.2472464504734
30083,30.65838727504008
30084,32.56619040351084
30085,66.26519006717079
30086,33.68104783396267
30087,29.505265227927655
30088,36.66034315737209
30089,31.27363389575918
30090,53.25846538010312
30091,34.496354627583436
30092,71.53489206790071
30093,24.523910991214166
30094,32.416987859815194
30095,75.7003912198521
30096,34.994726698338454
30097,25.597524077378512
30098,33.86240778240169
30099,17.62516453689356
30100,22.104552007355345
30101,26.635897051834394
30102,30.321168343927614
30103,41.963490154779436
30104,29.83860513989435
30105,28.4070891852882
30106,35.70569978370402
30107,24.507459939893177
30108,16.17923342191406
30109,34.385139578520786
30110,29.266583376482306
30111,24.635498058618378
30112,30.069288492002283
30113,25.526574610041166
30114,27.114410314686083
30115,29.63606754514998
30116,26.182020762107893
30117,38.54343333802222
30118,21.68354144777807
30119,27.23344074153534
30120,53.7116562396613
30121,39.029275882243624
30122,22.75012108398608
30123,24.7400924960721
30124,35.19796697976934
30125,29.70385166810612
30126,24.634461570409552
30127,31.90026392179781
30128,36.71410978500264
30129,0.7505376493724168
30130,33.773717534703785
30131,27.03067958532074
30132,22.0875008397774
30133,28.71573125801779
30134,27.914659781895008
30135,33.528213632321304
30136,22.3224511117582
30137,42.74900977867468
30138,18.562875179237725
30139,29.579301557567277
30140,42.71372349938525
30141,25.66525888296363
30142,32.16216209920233
30143,28.570389203656173
30144,36.56090014410454
30145,32.06075144133993
30146,32.87239000398045
30147,32.43746783711168
30148,25.105824243792622
30149,23.45934110798268
30150,30.24137403247832
30151,27.97490449965552
30152,24.448062792094326
30153,22.401076791817548
30154,30.94620348619473
30155,25.679772203700402
30156,27.583531626731244
30157,35.49930551732348
30158,38.36262491161156
30159,33.83884407693907
30160,29.711091721876166
30161,4.162034623640729
30162,0.0
30163,42.22531370098276
30164,38.66416652915023
30165,41.35929951291516
30166,29.763780491174334
30167,40.873185394767326
30168,34.58616232940036
30169,40.721682626595666
30170,34.70244023953702
30171,42.073916844697486
30172,26.38811091416874
30173,24.813335453065637
30174,33.5523524374146
30175,32.879789694951704
30176,29.07706226111099
30177,39.68944100197651
30178,36.15500195361733
30179,38.03670809102984
30180,0.9585922930255216
30181,36.06361422231174
30182,38.08701531083127
30183,21.61217602628531
30184,43.838944079997425
30185,23.624837952375966
30186,30.629480829996588
30187,33.9877633662565
30188,25.821418628492275
30189,38.290615519385305
30190,4.188262310346816
30191,36.66456821784332
30192,35.58870937116068
30193,24.521725133726456
30194,39.61354866779234
30195,33.90647611529057
30196,78.8345254136565
30197,97.75953289819768
30198,92.51867090114716
30199,94.58083065379762
30200,28.550830109856058
30201,97.75188325368727
30202,98.38563470702094
30203,97.82917937450377
30204,96.79121408960539
30205,47.02800415591614
30206,96.42977377711809
30207,97.8161018273313
30208,43.25566103191741
30209,97.46242173090619
30210,96.7604165513613
30211,28.42264031448466
30212,87.52488388584729
30213,22.83975096626249
30214,83.92079519835902
30215,95.7986409923332
30216,87.82530054886071
30217,24.417549575264694
30218,93.86300009935589
30219,87.50314740427727
30220,23.837851089680445
30221,93.83991210868865
30222,56.640900616398234
30223,94.73497350665949
30224,22.845215683506023
30225,86.48739782535992
30226,93.81253855088048
30227,51.68765761391299
30228,20.60459289128274
30229,92.74375855094455
30230,45.769621383590355
30231,92.79723511639321
30232,87.92930578834941
30233,25.572227391464
30234,85.65803472460117
30235,82.8685804399467
30236,24.781353721654078
30237,93.8065066260701
30238,49.24015296958984
30239,85.53332160831752
30240,26.82810141626882
30241,91.85563537626041
30242,89.81273993835751
30243,13.899568909103325
30244,93.81593528475345
30245,83.51890244228865
30246,17.86812200147488
30247,91.81355385753203
30248,91.78109702339131
30249,36.54483694531919
30250,90.39025462731016
30251,38.790522299634475
30252,86.85208816859074
30253,92.75925997037749
30254,44.59766253728936
30255,90.53153481083885
30256,92.80233899628071
30257,25.797482561957725
30258,89.67546643317603
30259,90.76591451603274
30260,18.8583716489145
30261,87.42909016925476
30262,87.81649352215818
30263,41.739617094985405
30264,84.77379611490477
30265,90.85118675846947
30266,37.16060352712878
30267,89.87101418283908
30268,88.49937613445097
30269,13.90312084549831
30270,90.79140177275093
30271,13.769573124339084
30272,26.831321777170707
30273,72.67518986526194
30274,71.7731293683529
30275,27.791129924321133
30276,61.98566120419691
30277,76.70841293326534
30278,25.827681191281382
30279,66.63431260360197
30280,46.88573561027119
30281,65.20559616852456
30282,82.53642839231502
30283,44.71434279922997
30284,65.20149675761675
30285,63.84447443382384
30286,28.807427212142514
30287,79.83759851529827
30288,89.84157710882002
30289,29.158039728795057
30290,75.40917016407255
30291,68.74941601297103
30292,78.06157285971524
30293,46.0316233789848
30294,40.408050249191554
30295,53.28442319865288
30296,42.68781441589325
30297,82.14284298911232
30298,68.43460078402873
30299,50.76981035352646
30300,76.55359931383126
30301,47.617350008758464
30302,50.471137635389816
30303,44.87898329693875
30304,78.30175705477987
30305,48.801243987902666
30306,40.60787709538722
30307,82.75690366195596
30308,78.44892538872452
30309,36.480711639204074
30310,78.37728458750446
30311,44.85072520618044
30312,39.34046091733059
30313,86.78967749982735
30314,43.90907136558566
30315,36.57780497217395
30316,35.67681301338319
30317,43.672388834535134
30318,46.74991575916164
30319,38.301321983937626
30320,46.069825852627666
30321,57.02958937525869
30322,87.74138460806859
30323,61.50816612503239
30324,39.2836232119277
30325,44.79560353673252
30326,42.86295529870419
30327,33.313763849791194
30328,44.5194647711944
30329,48.56130647572387
30330,47.323404259947765
30331,54.127817527689245
30332,45.11142221465878
30333,45.5060244243114
30334,44.896514495129765
30335,39.74101625209855
30336,54.78296015345766
30337,90.83124100983196
30338,54.22420564037847
30339,39.4569547670902
30340,38.36181513055094
30341,42.01690094124787
30342,41.30092451351653
30343,43.32797653361987
30344,50.29802178131683
30345,45.78528605173642
30346,40.501564813021496
30347,42.89169936212912
30348,46.5901285947346
30349,70.4725522302059
30350,43.522853390160826
30351,52.40819481853639
30352,42.176357472759875
30353,40.518793197344074
30354,41.43563939509806
30355,42.51948652155115
30356,42.77666910863929
30357,44.42191822137299
30358,43.94014033407896
30359,42.38380711312716
30360,41.67053572499836
30361,45.92275208836501
30362,41.84137371755566
30363,77.57922581895441
30364,73.55423230931652
30365,43.07819344828846
30366,64.82038761107067
30367,42.83466610026111
30368,53.56185017031348
30369,84.77352642406468
30370,44.19663277734686
30371,72.47573905011761
30372,43.907854465422005
30373,40.76773171959225
30374,37.692070400890564
30375,43.52844296880071
30376,37.17545281611118
30377,35.73509384861681
30378,86.44879408322419
30379,38.72072158530901
30380,44.31696416678715
30381,12.927929789046315
30382,38.179152777690945
30383,35.76033134003068
30384,39.93108817754415
30385,46.05325548981353
30386,85.39419367943705
30387,90.83624783189033
30388,92.82531547007221
30389,76.91888092752676
30390,48.73407671985266
30391,38.705745222820006
30392,70.87646826245371
30393,50.67045968582481
30394,63.25611292764296
30395,85.84400930925668
30396,78.45312904327999
30397,28.577406620076264
30398,75.46292692857071
30399,80.60828812692485
30400,52.224784220133415
30401,41.32792359206137
30402,73.51212722039178
30403,41.31125185305689
30404,16.88416384666627
30405,37.73069263945838
30406,85.01885564359148
30407,79.54244950127348
30408,61.56752731981639
30409,80.870234950635
30410,49.86963970100652
30411,40.05318989214847
30412,66.61134017637428
30413,48.234010904208866
30414,84.35226398047436
30415,10.9385652528418
30416,60.86229087836874
30417,71.09363408787253
30418,78.80100090844586
30419,54.799907951468086
30420,34.218373939220655
30421,30.24611694019895
30422,52.87445450061587
30423,92.83177989818047
30424,84.07575509843954
30425,43.0880266446497
30426,47.60837080068612
30427,72.39674731423045
30428,89.81462596327614
30429,42.74355220229758
30430,30.31728371793549
30431,36.49228763212524
30432,71.43884907344162
30433,23.537556454848247
30434,34.9213267105484
30435,56.93154286187083
30436,57.59643375238232
30437,60.32442647267052
30438,73.5049939242739
30439,73.17244184465675
30440,51.199723196960946
30441,69.97578878185672
30442,66.72630138222539
30443,38.43705744782646
30444,74.55585338527115
30445,30.287338774874236
30446,79.79917628647831
30447,74.99885223883702
30448,75.90015332602853
30449,76.01023991567037
30450,81.59522784799897
30451,78.82493304303875
30452,65.42895750960737
30453,65.92091399074964
30454,76.619304194649
30455,25.30117523876204
30456,79.06031185865017
30457,64.14277071611112
30458,76.5702101640199
30459,74.7987618699367
30460,54.81299570707939
30461,75.31339528848456
30462,43.73423641362311
30463,72.91005949275896
30464,80.18598848275207
30465,41.815304767641706
30466,82.16813760691666
30467,76.17658382621634
30468,81.993907734398
30469,38.76706333081454
30470,75.31134310002795
30471,39.43593308015552
30472,22.229045464690298
30473,43.88888321298451
30474,53.985202661616626
30475,22.90678042697155
30476,19.912493918434066
30477,33.283751701678405
30478,29.106148168719677
30479,36.44877795872336
30480,16.791508255028987
30481,18.47913114721047
30482,24.40061778655192
30483,36.73663651582701
30484,65.02731153912697
30485,21.281276146231377
30486,54.9354025319651
30487,39.48329839022318
30488,18.003990589311066
30489,25.54167658742558
30490,22.746597052119128
30491,19.599547098496075
30492,25.910496170522965
30493,24.747385051642816
30494,27.98275927280395
30495,34.752156732336836
30496,23.304121474417283
30497,28.76608813089109
30498,26.08596490542265
30499,33.974888433142354
30500,34.866277312933
30501,47.78260742996967
30502,30.335144360217175
30503,23.006437767470654
30504,41.17004854328904
30505,37.85851134182299
30506,31.30475114885872
30507,46.553953704041554
30508,34.080933102911786
30509,39.39841382425705
30510,36.89834769451139
30511,34.72188970380782
30512,36.99637061122858
30513,34.49114817412566
30514,44.21810420288855
30515,38.8197547756343
30516,35.2203980692577
30517,39.560867537456055
30518,32.06864937606784
30519,35.80405678992773
30520,37.662633103426515
30521,58.21166931254841
30522,53.9721399748781
30523,44.99606629850658
30524,43.774346485322
30525,45.20962362264101
30526,45.18978823499694
30527,37.927701484870475
30528,42.15842275487959
30529,41.91425353032794
30530,81.53781685879513
30531,57.7964442103544
30532,42.444912957694925
30533,53.825340098249704
30534,44.34202567331583
30535,44.043340812176844
30536,44.07341477998005
30537,46.27443548930196
30538,43.804571610810285
30539,65.47719771526283
30540,44.68277889159043
30541,51.73580902191812
30542,44.18277264942246
30543,40.289830972996334
30544,42.88636557977565
30545,40.53221952674004
30546,44.93657758077831
30547,43.35306554424388
30548,33.31554962737088
30549,42.339236730734356
30550,37.00189235073622
30551,36.969578851735406
30552,33.59034420991402
30553,37.39111091572809
30554,35.704482706065725
30555,39.93666547851764
30556,41.73310015599707
30557,34.051718739350456
30558,33.33038592085477
30559,35.473276661659035
30560,42.33022728093944
30561,37.12995773078044
30562,39.1161272234865
30563,31.492860356587073
30564,34.50009186614732
30565,38.264709638795885
30566,29.263719991685953
30567,29.90679873741166
30568,33.80833716282498
30569,31.901312310011807
30570,26.04849181829958
30571,38.84183222393059
30572,63.068066977005124
30573,45.09848954755035
30574,39.517352726917174
30575,30.20073598210214
30576,27.007498231256328
30577,40.58652552106204
30578,41.83121327040255
30579,33.532488247932896
30580,29.269273827348915
30581,37.02993635743351
30582,29.384510047461454
30583,34.878903167973846
30584,38.12726190152019
30585,39.63265497846218
30586,33.797170509772045
30587,30.92265881304348
30588,36.5540907833986
30589,22.930472554175555
30590,34.47150475210403
30591,73.31942928961062
30592,30.65518285377839
30593,31.56327402270284
30594,29.18538146843348
30595,30.77143811458232
30596,36.7009115082171
30597,29.32060886364242
30598,29.605429723905846
30599,39.24532547532171
30600,29.841424625845292
30601,32.280151102243735
30602,32.9261653050054
30603,27.036586675210707
30604,31.13629403775954
30605,30.99585589454695
30606,41.37075638448202
30607,29.98858756610787
30608,32.874834663895065
30609,37.51526331019099
30610,29.730232823170144
30611,67.52492333757483
30612,30.257034337856435
30613,29.6055854865837
30614,33.73655432245627
30615,30.66360334459427
30616,25.37653363310536
30617,38.69369916111738
30618,40.55823889653278
30619,22.45625093099929
30620,65.57908043456244
30621,46.887849017756466
30622,64.1418383378603
30623,40.326601140496315
30624,72.7835377088957
30625,45.232365216280186
30626,73.03733559952929
30627,55.91956023384718
30628,78.02835078635674
30629,84.38067585187322
30630,65.16827822575476
30631,41.66635554563075
30632,68.13232225050508
30633,55.349761149431
30634,44.89307391984488
30635,38.95823264684097
30636,39.1340028332616
30637,76.1247770592405
30638,75.25090056553118
30639,73.41387106397762
30640,39.90823891971465
30641,68.26038523234628
30642,45.2976640296141
30643,48.35923394697323
30644,49.88667974963087
30645,42.32576205997101
30646,73.70712009509829
30647,29.59316383167281
30648,79.45406186310608
30649,48.735800608548
30650,47.40569669082898
30651,32.549502654884826
30652,45.249059161578636
30653,46.567849415722854
30654,56.486745098388816
30655,50.9090523823153
30656,73.23676068806017
30657,74.2994759108982
30658,32.58453862098136
30659,81.36401707672894
30660,42.06554460153557
30661,75.30125164420747
30662,63.717249078886894
30663,28.11562624098212
30664,36.37085605864338
30665,74.00129395239425
30666,37.21531798201534
30667,46.84857010199177
30668,74.25289480043014
30669,64.76318278094737
30670,49.33261410023458
30671,42.742968144056874
30672,78.50888712787449
30673,70.958794941123
30674,67.401966412204
30675,64.23218542046227
30676,64.85207624627394
30677,75.90469185094152
30678,77.6635583592537
30679,81.96560201623767
30680,81.21645003293143
30681,76.1466396282063
30682,80.4153001332562
30683,39.90842574437759
30684,58.13054819823321
30685,49.80246843994442
30686,48.71540752860415
30687,73.81114928092215
30688,44.05308660696693
30689,43.65034120464988
30690,71.17169879247061
30691,70.38398952568394
30692,32.08131877334218
30693,68.442221380896
30694,28.372373478034156
30695,46.92669024002775
30696,61.07434394332508
30697,43.01320091331325
30698,35.43379170855163
30699,52.798045330668344
30700,74.47158184650446
30701,33.401613193620825
30702,37.948589247494596
30703,33.53671711383708
30704,41.85467428916369
30705,40.46922006859205
30706,36.46912716016263
30707,44.763477719610485
30708,47.168567629249566
30709,60.86123225515077
30710,37.67616635571891
30711,40.11905421552072
30712,40.64972621615136
30713,59.15254341978786
30714,41.57125910685982
30715,63.59102123036637
30716,20.293676005450976
30717,34.01510717060717
30718,28.945693903830044
30719,29.45321551188382
30720,32.90146191424554
30721,33.57513238899963
30722,34.917843621979
30723,62.07069202598469
30724,55.667801864335736
30725,58.715479250346974
30726,25.714492833166428
30727,27.694429632518375
30728,72.28118568315854
30729,58.98798656431771
30730,63.37282347044255
30731,31.14647425907584
30732,36.07470953173967
30733,32.39383135579583
30734,39.50957202800921
30735,37.228232789761634
30736,73.58192540681854
30737,36.74667922337984
30738,34.93879625251981
30739,32.898704336084194
30740,37.88881095230553
30741,34.10356528718919
30742,41.33692499111966
30743,30.979763387568546
30744,66.62589003119861
30745,45.67963663507902
30746,46.84234378492657
30747,34.68409472540947
30748,44.401868955463726
30749,47.924861192503705
30750,26.63242697227265
30751,41.89906036113748
30752,25.79872704874706
30753,33.783244670592644
30754,29.055724246327447
30755,27.94682102116484
30756,29.983430501837077
30757,30.60903690715138
30758,45.78370531045394
30759,36.64352777090043
30760,10.690836075043578
30761,45.1440709876291
30762,27.42703054250787
30763,30.866639362723554
30764,34.50454924411795
30765,36.310918601943435
30766,37.07580371502271
30767,39.64990324280069
30768,44.646574513644914
30769,32.52625141046013
30770,34.22541764485007
30771,41.91103802561081
30772,44.57360767276229
30773,27.618631273665894
30774,24.44016259401837
30775,30.300615917526862
30776,44.7462986589097
30777,72.26784068784865
30778,40.42835362355986
30779,56.27207959844674
30780,37.58163415445226
30781,7.394426792521278
30782,36.16733699526919
30783,33.32391413815757
30784,52.08314384583083
30785,25.21044102601486
30786,49.394161678599936
30787,35.850884520708085
30788,47.92446266025317
30789,33.61886783068367
30790,55.35881843116566
30791,53.34225262970455
30792,56.115084498326496
30793,42.11291931618481
30794,74.7206844291822
30795,36.07141039328506
30796,38.59928171887003
30797,40.38721351586367
30798,23.837013410290194
30799,37.67741060158748
30800,38.82429797724325
30801,44.58234812099092
30802,42.280352840045175
30803,43.07132341232995
30804,41.31364751696798
30805,22.438911464679748
30806,34.73813145657625
30807,39.40869773529254
30808,32.2163496839074
30809,41.65572976162146
30810,32.537248165376916
30811,43.326339512207994
30812,34.30960857994327
30813,41.23055009992501
30814,33.55963764295515
30815,38.06731414432856
30816,32.05965160136895
30817,43.36003134965447
30818,32.29747984812879
30819,37.02384051603429
30820,32.967594184482095
30821,37.07199523912867
30822,36.88339322318339
30823,40.08385912277814
30824,42.56250883217507
30825,36.63678432347982
30826,77.4460491408924
30827,39.18621335197116
30828,41.19419513419559
30829,41.63837066598422
30830,40.62531972920369
30831,36.414470755782126
30832,28.656883814146006
30833,39.96017218971652
30834,36.397508465698856
30835,41.08881009102279
30836,39.511664443573196
30837,36.918432800027745
30838,27.394229589790804
30839,30.281281505262637
30840,30.551298038705873
30841,41.89192515190574
30842,34.487375964577616
30843,31.323779866765562
30844,80.15744045707147
30845,44.10502524282607
30846,46.754260980888226
30847,86.84312145824883
30848,33.87604558987325
30849,41.91325824401075
30850,47.55831965069443
30851,36.05478467675652
30852,3.2492816902072295
30853,24.18766002195481
30854,49.89582820809382
30855,44.180184545207766
30856,75.45538317391363
30857,37.104484577915976
30858,44.95540348598987
30859,24.558647162671285
30860,2.9053699553709134
30861,18.97377497624275
30862,76.01741453260792
30863,55.665503300344795
30864,32.976883380198906
30865,68.98796392548086
30866,56.80893632624345
30867,28.835103658820874
30868,42.632117946927934
30869,42.63849733624127
30870,70.87877643560614
30871,70.03755572562707
30872,67.29460245868059
30873,67.90644893742854
30874,49.61829512707178
30875,65.97354219807565
30876,61.271630403899245
30877,38.62770928859874
30878,16.039193000476033
30879,37.38292328134038
30880,29.920892024095878
30881,27.53070575932943
30882,33.14236393046487
30883,30.527384781647665
30884,33.39913768024384
30885,26.71572821956533
30886,24.89118814826675
30887,49.29581728524334
30888,28.50488875013864
30889,57.57523292637231
30890,31.644524921352247
30891,26.519683340998757
30892,19.32161382033743
30893,29.39892441185994
30894,22.364096738991105
30895,20.43766702709632
30896,22.218690419767366
30897,29.55337114964234
30898,31.39662205543425
30899,28.865067809967638
30900,34.0205416693489
30901,28.647331586788027
30902,47.73546668671085
30903,39.86830042296716
30904,29.30845683693916
30905,27.309438932969265
30906,27.90369688403798
30907,35.62293717313357
30908,35.34351863865651
30909,26.151336842161456
30910,32.517530163386795
30911,73.43349964334006
30912,27.011996995965337
30913,54.64264567067367
30914,33.105594714216494
30915,29.808646365226863
30916,80.35697971829836
30917,17.349305111797026
30918,15.668627251598304
30919,43.453094800500054
30920,31.035086363228675
30921,7.728619035142003
30922,24.61210580949602
30923,13.12381020662751
30924,25.136225364736646
30925,70.91603337105789
30926,25.76613125986542
30927,73.38299925917075
30928,28.725063616832852
30929,75.81842324795153
30930,79.07897241419874
30931,36.69226066227977
30932,12.882078485312126
30933,23.883340172048687
30934,16.757907572621463
30935,45.628643706360265
30936,33.01718491630075
30937,55.944206473789244
30938,35.99191206392005
30939,65.83753059829347
30940,7.495446669938638
30941,6.092628356847221
30942,39.6180970376028
30943,19.393834626134048
30944,8.4974280457104
30945,27.969019238316115
30946,29.609569148563363
30947,7.727067917433478
30948,29.046502570510995
30949,29.36152963684303
30950,54.18494342598364
30951,41.45276713949419
30952,31.048174692387736
30953,12.390560904250757
30954,34.30136008227969
30955,8.651223985255406
30956,58.69119186824612
30957,30.001921693090086
30958,13.48663107134574
30959,5.8256980254956385
30960,37.83866910888102
30961,28.45552076082051
30962,34.4423589473654
30963,35.29188908826785
30964,72.38520113189796
30965,42.214509458697854
30966,32.49323663849385
30967,34.18179578736916
30968,37.1116444688699
30969,35.384850164948986
30970,37.11129344108113
30971,34.28625027737891
30972,62.69872575878986
30973,35.05822669003794
30974,48.214258433499644
30975,70.39978592335075
30976,53.117805868283256
30977,30.066093528904617
30978,52.967420811906145
30979,32.374400826468865
30980,70.3562301876444
30981,30.226113563155526
30982,34.92748270949869
30983,39.982465862074555
30984,51.34888786521069
30985,30.39234243586713
30986,35.58517065444362
30987,6.7366626158953435
30988,67.87798621725511
30989,13.793930992271608
30990,32.91660858455853
30991,17.860890634338457
30992,10.62473707128133
30993,32.1088916985754
30994,32.8038256049143
30995,31.443265124562792
30996,5.7763768250953405
30997,36.46179151898936
30998,49.12775515673798
30999,55.8833531981606
31000,37.45051985016552
31001,41.46913177297028
31002,34.042009181270586
31003,29.865636017781426
31004,36.94692281428628
31005,27.30714024382035
31006,23.93892291897374
31007,36.409187346105035
31008,62.7587182858233
31009,36.25985953624495
31010,35.58860013200882
31011,51.09755789519619
31012,29.03092301457492
31013,40.441490575932846
31014,2.4897466215584507
31015,43.41079835308251
31016,27.781852058027003
31017,31.472494153919868
31018,65.4604669071538
31019,28.901161886502386
31020,84.2733118531481
31021,29.319130009976185
31022,31.21459538980167
31023,39.788375802382916
31024,19.539317169582773
31025,22.32687701336725
31026,20.94086094802618
31027,20.735103092084486
31028,11.030738628493125
31029,23.01660597710603
31030,65.75153022626783
31031,14.848560740051921
31032,19.0024920573358
31033,16.41068311038432
31034,3.2225210426942477
31035,14.272643647013151
31036,14.27203141422296
31037,20.552961328684386
31038,13.042396934243849
31039,13.532975109026575
31040,0.0
31041,13.367205965932081
31042,18.170315736689624
31043,8.329150075783371
31044,40.78600039401423
31045,22.20516700207634
31046,20.705580718101082
31047,15.811234504419478
31048,27.64282727610326
31049,1.0959396358403772
31050,15.54341691146029
31051,9.868294034190368
31052,13.005134747830118
31053,18.47665720844209
31054,19.44968228269374
31055,12.385841749962674
31056,13.838323811378258
31057,9.038862504259729
31058,8.502238403780659
31059,18.100577070579913
31060,14.134598906429483
31061,19.069860742502108
31062,12.150089927182725
31063,24.30123477621358
31064,21.129163431649815
31065,19.210207742463236
31066,14.276483928329506
31067,18.111277648546693
31068,14.607432901875539
31069,8.886110196689934
31070,15.086252258661585
31071,13.425177660888309
31072,20.986099466690526
31073,11.279357359357554
31074,14.607645778554346
31075,9.301472711643486
31076,14.126423951183817
31077,19.20865198842146
31078,22.74353414635587
31079,17.4928884820592
31080,23.63903961729302
31081,21.133563967447394
31082,19.663233086712047
31083,23.47375510550321
31084,4.991375973515881
31085,18.31957219234701
31086,17.508611355381728
31087,12.54504928258796
31088,9.997871802924898
31089,13.886738021909377
31090,11.26950232372686
31091,14.322874339707269
31092,12.61447932267028
31093,18.882682628170123
31094,13.530803879410342
31095,4.468973591635384
31096,12.54001284865034
31097,16.865516994124942
31098,16.297432875086454
31099,21.307313226597056
31100,18.016551089001958
31101,18.99192596554607
31102,19.451730340236868
31103,22.869832218365847
31104,19.935498896793625
31105,12.939564470373966
31106,19.675102727327765
31107,15.39301008178409
31108,21.158783681038102
31109,21.3725571228365
31110,18.71612176702827
31111,19.04580495368066
31112,8.918596620185534
31113,9.963810950408208
31114,20.538311825777544
31115,26.575508033933783
31116,27.62869161900093
31117,20.570912548005317
31118,19.945330740946233
31119,28.436942820401043
31120,18.400982702951293
31121,20.992209321793073
31122,8.877076760531203
31123,23.567471260537598
31124,21.055505036512486
31125,15.439982732430256
31126,24.4140798564792
31127,37.41684317856317
31128,32.73371372613366
31129,18.321433553729527
31130,24.5540643886953
31131,28.766454294237107
31132,33.47745543203211
31133,18.274335099740174
31134,28.7653403395888
31135,20.354942210571956
31136,30.475721456177443
31137,69.39726719983771
31138,14.276953216275734
31139,26.547148585500064
31140,15.060566257358314
31141,17.354890959146832
31142,33.61321555008621
31143,19.288661991463737
31144,32.051333911495774
31145,32.11412384350922
31146,14.408415439461368
31147,31.452454493250915
31148,19.319608001000667
31149,24.537083227181927
31150,10.993900202974912
31151,28.966936522668693
31152,12.401642562981227
31153,17.621974723066803
31154,19.302587016999095
31155,17.240964183546193
31156,13.724070235231796
31157,27.5048423447999
31158,24.90092009744767
31159,15.792135791587526
31160,12.738575124945491
31161,24.419862144073996
31162,26.204400636427756
31163,16.46134269197456
31164,19.811193303967286
31165,21.86043404578345
31166,24.075185055265848
31167,19.14910154789193
31168,14.367943756502687
31169,22.723611594687945
31170,24.04799751327504
31171,22.34028885177645
31172,12.938454203964191
31173,21.35511172134172
31174,10.65366805478688
31175,14.163939622458562
31176,16.945126700884504
31177,14.484371867963537
31178,23.71540804688846
31179,27.100173205385815
31180,27.676591718341182
31181,15.534563909151933
31182,15.303198857909075
31183,15.334157395427825
31184,14.58671834691264
31185,34.17387999840876
31186,19.024738072175126
31187,21.670095612343037
31188,21.015727227700715
31189,23.039765978810014
31190,28.07803123527226
31191,25.600544396958117
31192,21.603301328019896
31193,57.65847999153131
31194,16.56293741151853
31195,25.868918205662716
31196,16.86444711289855
31197,25.464902483609187
31198,17.523656201933345
31199,16.342476778856316
31200,25.317961380302656
31201,14.579452370390646
31202,19.182213745288045
31203,21.25339681658183
31204,21.549530446201697
31205,16.921753981004187
31206,26.823727035414745
31207,20.55959146318319
31208,20.54061449755033
31209,20.88379230339236
31210,33.16656567563795
31211,18.097975445518426
31212,13.014301944264984
31213,15.669482888406904
31214,10.5953502905181
31215,12.02602142657129
31216,30.643504834695342
31217,9.943066712049397
31218,18.393834273154425
31219,28.471743790570443
31220,48.09357917543523
31221,39.24554955441799
31222,43.302667440378016
31223,34.54078379265763
31224,38.317980198031854
31225,40.33638231517488
31226,34.4135153172843
31227,38.60191662196542
31228,44.11125002359096
31229,34.653984591514316
31230,37.458607251237595
31231,39.39837328329665
31232,29.914401214477458
31233,39.00212168483887
31234,56.58695431588914
31235,35.629967311845135
31236,36.41828872253308
31237,33.774270003898266
31238,35.51120792475499
31239,43.971099071088894
31240,41.86637239673498
31241,39.063335940977396
31242,32.90353315240752
31243,34.60814487962381
31244,32.086893544192115
31245,37.46099213425999
31246,38.71185321364405
31247,41.438240591174115
31248,37.82548767972788
31249,42.01853205038786
31250,37.58275544941257
31251,38.09959060400381
31252,38.632029204689296
31253,33.926916441019756
31254,38.60572848898266
31255,49.66590788697998
31256,33.011554057030914
31257,35.783600032114165
31258,41.818962642649275
31259,50.418688699827726
31260,35.65031561155058
31261,41.0255621267432
31262,45.673427650269424
31263,34.377678328654504
31264,44.57334425266433
31265,34.592743808274854
31266,65.46060243850681
31267,38.73879395178796
31268,40.246181471106325
31269,37.68548234546373
31270,35.08872297289199
31271,44.27453795825104
31272,32.45451305660258
31273,34.91393934982248
31274,33.601015718391146
31275,35.4601666982049
31276,31.966210358110455
31277,32.21164988970825
31278,33.09981357986451
31279,29.682985103507658
31280,35.02077127414471
31281,43.647897531112406
31282,46.48976897554903
31283,38.36932120683605
31284,41.147974089561465
31285,37.64050479389236
31286,49.74226672977177
31287,41.024293962065435
31288,45.095168086905524
31289,33.185442412301136
31290,28.25867374717643
31291,32.47934715241403
31292,35.17203708736043
31293,48.87709343592776
31294,37.02870514932858
31295,43.00321214996191
31296,33.81990753142707
31297,34.76832462158543
31298,36.13945923908456
31299,37.733829699306305
31300,30.673854151787978
31301,33.7456031329387
31302,32.23714971496493
31303,33.40658095346304
31304,28.95091874403344
31305,29.695633325962557
31306,33.88404044222563
31307,27.551491607485318
31308,24.864246551237873
31309,49.79931222918492
31310,26.529864367237526
31311,20.848649028530687
31312,37.528137378400935
31313,43.38733816888043
31314,38.51743846104691
31315,24.558952258343904
31316,46.69715746928969
31317,27.35447060838201
31318,36.620784236094245
31319,36.58715333656754
31320,49.151621586180426
31321,33.408964344861474
31322,35.98984587042437
31323,30.675188333316726
31324,28.340788603925105
31325,28.67257994653981
31326,32.94507912521206
31327,29.719524783837993
31328,21.650935731261956
31329,32.38972853450249
31330,31.911613108647956
31331,26.638047003718107
31332,30.983996015010735
31333,29.64199254513613
31334,23.188945933316596
31335,19.94851425542326
31336,44.810086272659426
31337,71.40351026878768
31338,24.678840486652913
31339,29.817741282304123
31340,31.18621587274379
31341,36.18028326531211
31342,32.89856851619011
31343,54.53564271480755
31344,34.32186239667923
31345,38.876817849372976
31346,71.46654506514635
31347,23.559798672172686
31348,29.336509529791083
31349,30.876543377638992
31350,37.351706356821715
31351,48.61621544772803
31352,63.433834091227894
31353,29.331141600217347
31354,31.12928356280969
31355,20.548837325866636
31356,32.620281256998595
31357,42.42697584070149
31358,72.41206197333291
31359,27.263591703011862
31360,27.645141206201508
31361,32.184211219691726
31362,35.7312830515939
31363,32.418260591997644
31364,0.9529769221610722
31365,26.76979910175301
31366,28.64294872406792
31367,26.83099349730781
31368,27.975744845032875
31369,28.6258052915175
31370,39.30392025116352
31371,25.89181952050258
31372,26.877781095783963
31373,34.569966070524906
31374,22.237667081859737
31375,27.459328010293415
31376,27.823844400820345
31377,37.20129662959407
31378,39.01911549653695
31379,20.812297046411867
31380,27.5549343278877
31381,35.08184612196225
31382,31.16834287179911
31383,37.30191864291602
31384,34.7037236502931
31385,31.00636103133957
31386,28.03911148848277
31387,33.17042452178978
31388,67.97235143790607
31389,26.457855653332164
31390,83.42292219226792
31391,31.96631968460195
31392,27.24916491981656
31393,30.517120381284673
31394,30.18902439566713
31395,40.853367600711906
31396,40.61509234920021
31397,65.51356943310277
31398,20.752120046901037
31399,24.875777309317165
31400,28.1629523748029
31401,28.922014379752156
31402,24.61312811606825
31403,31.224372786227406
31404,75.82384834241044
31405,44.936799112617656
31406,14.495312986964384
31407,27.195710330067254
31408,55.750126220971595
31409,26.153916266348247
31410,29.21933415595795
31411,36.85985004195496
31412,28.708452279198106
31413,34.055423403374164
31414,17.850337749156242
31415,34.76794046293573
31416,38.08654583915552
31417,28.809102790037905
31418,19.887208439800123
31419,20.081586163722832
31420,20.094045862040943
31421,21.744195063409983
31422,15.214071821829808
31423,15.841607658952027
31424,20.456675346502088
31425,13.973350735616751
31426,23.372958614163235
31427,19.516983627690557
31428,21.71015668619928
31429,20.595404121171534
31430,33.30491053988139
31431,27.213595508266447
31432,27.041989607816486
31433,22.38628225517518
31434,12.777020119379083
31435,17.882433898581333
31436,20.823139485967015
31437,21.018961869741798
31438,20.706950019142646
31439,15.444181775621422
31440,24.572089235355413
31441,37.10202602237149
31442,16.158947483668218
31443,26.939550204568512
31444,22.364017172694002
31445,21.811080349931874
31446,15.05912402977853
31447,34.155444068350356
31448,28.39751946268484
31449,22.911392794894326
31450,20.755644019383286
31451,22.137695044883674
31452,23.098326965162396
31453,26.21127359766037
31454,21.103837550892056
31455,17.183203581784408
31456,20.22407649412511
31457,25.221518272086264
31458,20.169553047357034
31459,18.89841021574323
31460,17.75411458270363
31461,12.164053153251317
31462,12.657090881073906
31463,27.567410516204124
31464,22.74433217616071
31465,23.818463535400266
31466,31.81405893156002
31467,17.372956620438288
31468,18.14045631587151
31469,16.840386233590397
31470,17.275273410513854
31471,21.08671300250794
31472,14.630545977937542
31473,19.47909507667983
31474,15.708830896044002
31475,28.996495405183563
31476,25.01928221458857
31477,26.067720657126184
31478,21.746019557136467
31479,16.545523470545515
31480,27.93192911125619
31481,23.511263248141177
31482,29.013415160779306
31483,17.913263005138894
31484,22.30736615048766
31485,19.103865434375898
31486,25.283051091142053
31487,23.29393613780074
31488,26.500169768044213
31489,19.968288319229806
31490,17.855166387670188
31491,17.16592402605613
31492,20.305919874512654
31493,14.385492070680456
31494,10.632257543258877
31495,18.533549804182226
31496,20.411216650060503
31497,19.07327462232763
31498,19.964024567196386
31499,14.743021212112794
31500,17.338301724738347
31501,27.58886271462578
31502,15.964119702112638
31503,20.734144505249844
31504,31.883789891662595
31505,18.467155771391948
31506,21.404241374868953
31507,23.444722401653035
31508,15.24084108994254
31509,18.26981233213374
31510,19.04720810205499
31511,29.911403699961628
31512,23.896905837712307
31513,19.69891132573797
31514,28.118039168733866
31515,23.555645069564626
31516,51.03415005352821
31517,58.77884809265404
31518,48.421291285104985
31519,40.919328237569076
31520,47.84245718774645
31521,58.2368805571786
31522,52.35330565871068
31523,51.87378845279985
31524,34.23211711708956
31525,39.56998890793776
31526,66.53983713302762
31527,23.61159578381199
31528,47.38588116138965
31529,76.64707344098993
31530,31.493350535265996
31531,43.507309794524495
31532,26.113833829934187
31533,27.37972173041744
31534,49.75568080426567
31535,35.272116130279365
31536,27.197562002386256
31537,32.86996483621441
31538,26.256369788140457
31539,34.259756343186986
31540,34.65797841618444
31541,32.317478964959264
31542,31.019677016102673
31543,40.260700005138006
31544,33.68871626936098
31545,29.818513996665384
31546,40.842949498487776
31547,50.21854773544414
31548,31.507411771709076
31549,43.98069786281902
31550,22.71929004634321
31551,36.9605183553643
31552,19.637710441229203
31553,32.53465321383821
31554,32.02579934732289
31555,34.99140656154726
31556,37.05715189938002
31557,30.031611648745876
31558,35.781788471927
31559,37.07586253664741
31560,29.59942236250228
31561,38.313145108856524
31562,22.37283032150279
31563,38.408041023046295
31564,28.360689303355688
31565,34.67796365954346
31566,41.762295056836116
31567,32.67469936331802
31568,23.027267545040075
31569,35.908988872003754
31570,38.39746064821807
31571,26.413476128763303
31572,28.384213178046554
31573,30.214670027514764
31574,23.020910083086136
31575,29.704663755139435
31576,29.6610146813498
31577,17.30820710532722
31578,24.531748136576166
31579,16.373688223211854
31580,41.602592019867856
31581,32.094812367560664
31582,28.95250205664538
31583,30.21755476305916
31584,43.188481640936054
31585,1.9006835577357408
31586,25.55788731388046
31587,21.24916381655097
31588,20.12114517192952
31589,20.169067938579314
31590,24.301992470786203
31591,26.97143187107295
31592,24.56952417278829
31593,24.433791509131115
31594,30.104186824463763
31595,24.285289154299175
31596,20.256427701806125
31597,38.60537125928694
31598,22.129286460962028
31599,19.614662290286198
31600,26.442477177474185
31601,35.39006796804856
31602,32.24762564345472
31603,25.420362396611004
31604,29.32816664733193
31605,18.859494683699758
31606,30.6359278888264
31607,28.721775313459638
31608,10.614625557525663
31609,25.827016030731045
31610,22.276699071302044
31611,22.434660244115012
31612,20.50332487166792
31613,23.91124371122212
31614,24.512548620339533
31615,18.70029602542657
31616,40.68378633941725
31617,16.839133485966524
31618,11.089950263639706
31619,15.081452266023206
31620,28.917663711209535
31621,18.528986121106026
31622,20.153804242824112
31623,17.161219312409617
31624,19.216534498020494
31625,28.26939624375663
31626,23.851073839690923
31627,19.990423027770227
31628,16.90876396497809
31629,27.17578777034276
31630,26.71532820899779
31631,23.29463097426507
31632,22.63240895012161
31633,16.218327502115347
31634,21.389391766822868
31635,31.567576777292096
31636,20.593425935678244
31637,13.159696722649475
31638,25.23143132485806
31639,0.02982120959241215
31640,16.84420167625831
31641,14.573815240363531
31642,18.368843025452314
31643,19.098980698682237
31644,14.627051808396741
31645,20.824572452435028
31646,13.610264570823318
31647,19.478163540367902
31648,17.079721298176942
31649,23.67568508128913
31650,32.99214234289734
31651,19.95492442077589
31652,22.53115738749364
31653,24.107701267406583
31654,43.40208020657944
31655,18.821495338877693
31656,15.997792042673133
31657,34.72061126872365
31658,29.463615092708867
31659,16.766563819177065
31660,12.454980294612614
31661,20.600285810814007
31662,19.63461035350893
31663,20.050357845487504
31664,35.265075800989344
31665,19.749747234864667
31666,33.505400206689856
31667,21.438718085610976
31668,21.660130404843034
31669,15.164463135113664
31670,25.278072559145915
31671,17.53076559681557
31672,30.924353898499017
31673,14.57240843402342
31674,27.778104460518694
31675,27.92502934806839
31676,18.165282203289056
31677,16.681315647311322
31678,35.080900238640446
31679,26.530052382113002
31680,17.189568813761515
31681,13.328248134180694
31682,27.474716340064194
31683,31.386916176380677
31684,22.77930858668762
31685,19.620633911070257
31686,20.71088536263384
31687,23.847811635738132
31688,21.288098822935176
31689,36.37978837361378
31690,26.847696935437153
31691,33.56153969351655
31692,15.696118760373572
31693,22.4660816898932
31694,30.057060597991104
31695,27.303511971494704
31696,25.405231701363082
31697,26.31795965803755
31698,13.432302332036828
31699,34.06723940058374
31700,27.889326191131342
31701,23.250745824810462
31702,17.93909830523781
31703,24.850544167936555
31704,25.134722014277838
31705,17.612176695993195
31706,31.317126551653313
31707,15.985213973727104
31708,21.533838514408988
31709,18.800519978387467
31710,20.719500330681996
31711,36.57029687024123
31712,30.353853708319647
31713,23.03815723817602
31714,23.591118279053262
31715,22.959834441281416
31716,38.11301781768515
31717,27.794606915960685
31718,17.022686204142136
31719,23.847139080618728
31720,12.37943685065851
31721,11.528061687126792
31722,34.883411588082836
31723,54.61295872173224
31724,42.05423763615926
31725,28.367083665795583
31726,21.27634186219048
31727,39.60194408913352
31728,17.65257507008337
31729,18.416655258076847
31730,22.179407445558088
31731,12.917090359886942
31732,21.501950916904146
31733,26.655943851205425
31734,24.12044448945193
31735,60.11551712967461
31736,15.285862116945513
31737,22.771483275991844
31738,21.993953484553494
31739,7.9447818686601135
31740,10.442720089217048
31741,3.4257164478759363
31742,20.531891386963274
31743,4.7993887598700935
31744,18.387194576847133
31745,44.89535710863264
31746,28.911165645078267
31747,45.7696729646289
31748,25.932129770395672
31749,13.014439769753556
31750,23.57318271015008
31751,34.902698606691146
31752,34.63028813864043
31753,27.746141625881517
31754,21.929934405823225
31755,26.707062723295174
31756,38.93366555185821
31757,24.577154447197294
31758,23.132966529163415
31759,33.98353333970065
31760,24.67495848786893
31761,31.602451278058606
31762,33.318381980103695
31763,24.956405609518335
31764,29.516066762043145
31765,15.02480023376183
31766,22.801756429967668
31767,26.466007002899463
31768,18.19368460480035
31769,43.735094863635766
31770,39.40355008911641
31771,25.831097743708526
31772,19.045681023365265
31773,27.89407386611376
31774,29.157637872502807
31775,18.614408904801515
31776,21.465060999638855
31777,16.283213126983732
31778,15.435428536249239
31779,13.221752728235558
31780,15.380589314329105
31781,27.397595479200675
31782,25.50167809677673
31783,17.11271691289954
31784,19.320703817455257
31785,31.526050003716012
31786,29.10386615572266
31787,72.6916007488678
31788,22.36905470707087
31789,22.24011450971032
31790,46.8641416087521
31791,34.06857008329156
31792,28.015432698339453
31793,29.528590278658122
31794,36.53427512353456
31795,15.44441113384126
31796,27.55853184207575
31797,24.967685582455953
31798,25.59239087671129
31799,39.350033856317594
31800,24.85210936328789
31801,27.71388445227574
31802,49.154057542623164
31803,25.57735883105327
31804,25.93106052409967
31805,51.32930897966403
31806,23.295787192744985
31807,20.787481497177495
31808,27.647506735269417
31809,29.642734126254165
31810,24.12591525014269
31811,25.058321528948177
31812,28.75390076976154
31813,38.801589984703845
31814,17.407960305296626
31815,24.963378221656193
31816,20.844871079480775
31817,34.415058571873345
31818,29.974610278861263
31819,32.60039280761636
31820,24.35253176762377
31821,20.387448332550488
31822,21.60713237696966
31823,19.35177643076132
31824,20.05312720537156
31825,24.322546979967306
31826,8.556314152517743
31827,20.528290176215354
31828,18.10895784575953
31829,11.682342362886327
31830,20.41004287418613
31831,42.445922926599245
31832,32.345887432084105
31833,22.264515863314198
31834,11.677063774037684
31835,24.675827527916105
31836,28.757584668407127
31837,30.271481385725625
31838,15.664712408205254
31839,56.80893632624345
31840,57.52866955620972
31841,27.75742866775705
31842,23.71823593568202
31843,22.356816506960204
31844,24.80546821894345
31845,20.406930115777083
31846,32.57717823410538
31847,25.43772124239809
31848,18.395040053326422
31849,22.039331359235195
31850,39.03971040648896
31851,50.123879871786464
31852,20.439025491727662
31853,13.15431962915218
31854,12.604691109777711
31855,24.975149176078734
31856,30.13561800339933
31857,57.00911753066851
31858,26.142118781112718
31859,20.433469971682285
31860,30.358814924991474
31861,12.37921459636096
31862,21.576273789124258
31863,24.746075355032605
31864,25.117517235567526
31865,21.378933218798494
31866,12.545836416654327
31867,15.23065243341036
31868,20.11687853171745
31869,16.66241726079914
31870,17.077427915329405
31871,15.149400027674467
31872,16.300412749478568
31873,20.72084935892766
31874,33.339301476894306
31875,24.324271293370863
31876,34.74434850689218
31877,32.926821018484866
31878,18.036761173930792
31879,21.65160643106832
31880,15.9541125552204
31881,20.316215078487325
31882,20.08266683171507
31883,18.31996942060373
31884,21.565400182461673
31885,17.1351645422802
31886,20.30962221094254
31887,17.118356606864637
31888,17.908117453246238
31889,20.847237238978618
31890,12.902806451763665
31891,20.961603563842324
31892,20.51367277427811
31893,25.555934318413986
31894,18.762221067858867
31895,19.02714050793298
31896,15.078273236213192
31897,18.88124195528125
31898,14.664348208590866
31899,16.943981028075857
31900,19.262434313277424
31901,20.28937382245258
31902,22.312815375714614
31903,20.737869725997715
31904,21.375347513677475
31905,24.67392670279568
31906,23.162779318008717
31907,16.240515504832434
31908,16.82962264194926
31909,26.87743008097252
31910,12.399412580010935
31911,16.222269764291436
31912,18.13075529754175
31913,20.213143154324882
31914,14.44988676704486
31915,15.607960301161752
31916,17.5216963582128
31917,17.84129180410584
31918,16.803138423095028
31919,16.272991248502986
31920,14.696289738179024
31921,20.423318438975826
31922,15.605702575481404
31923,16.435985667954895
31924,21.267783365952113
31925,20.22675257498722
31926,22.38679487977599
31927,23.302467388185537
31928,19.97733197640448
31929,13.300817110854032
31930,21.59585904178826
31931,17.107804918241133
31932,18.643912093452894
31933,18.560699349910198
31934,18.177376989648838
31935,19.438958580251434
31936,14.394961789236389
31937,19.062647132652064
31938,15.5872896440841
31939,14.584211538957252
31940,14.742386454214898
31941,14.909651225002492
31942,16.758959154726057
31943,19.014416527592477
31944,23.509905031471707
31945,33.39639327051969
31946,20.852404723886433
31947,18.34691044920773
31948,18.92247776640131
31949,16.251543557878783
31950,21.956646053341043
31951,19.89413117947633
31952,24.862489300144784
31953,12.672490479347957
31954,17.811730642381807
31955,21.564848725574816
31956,14.968896312639355
31957,21.28795987116681
31958,27.407536700205853
31959,19.154045543326124
31960,30.29427432661278
31961,22.233354386551415
31962,22.335477344387986
31963,18.362632681072828
31964,23.780024048399493
31965,22.138291225894612
31966,24.20822991234966
31967,55.59766215561663
31968,42.233705957453516
31969,38.8019245278695
31970,24.754453187718237
31971,31.780956423387448
31972,42.416711861844384
31973,30.98309920432238
31974,21.238641275670574
31975,36.95071123670321
31976,40.86041047193315
31977,20.907237995261575
31978,22.53979481882936
31979,22.220424123746838
31980,25.78089474087083
31981,26.843563381531578
31982,41.78603848148575
31983,47.27754623270581
31984,23.440922192187784
31985,21.40746134242159
31986,21.22876644577822
31987,23.87642860973258
31988,23.403225056333156
31989,26.440523656542894
31990,24.75211721365665
31991,23.896881950392395
31992,23.65342997842284
31993,25.3232367393307
31994,28.84979648908273
31995,25.38288519793235
31996,20.193676657550984
31997,25.775023860078157
31998,27.870115945466075
31999,24.66018520161408
32000,23.01758301187581
32001,20.393985825657932
32002,21.591294141181173
32003,25.527511320355472
32004,24.11592891035869
32005,20.591886193191893
32006,24.613053683497153
32007,26.30134703282242
32008,20.951197080602338
32009,23.43409760255091
32010,26.097303566560154
32011,29.91539668708051
32012,21.774692726451896
32013,30.08955516112942
32014,24.06276333554742
32015,28.28407453169774
32016,20.186103616832415
32017,24.926640888515546
32018,26.189537134573396
32019,28.656728873665703
32020,28.724639239399135
32021,24.87512468313104
32022,25.866851343387673
32023,24.842866076726565
32024,28.06718619234196
32025,20.20138577263826
32026,31.938058049256977
32027,28.774553334460393
32028,21.755247106970426
32029,25.348074292544695
32030,25.739541260791405
32031,27.045669520437073
32032,30.659006058102975
32033,28.492458415985713
32034,25.60565053021719
32035,25.46233534617443
32036,21.22014414866348
32037,22.759049865076896
32038,28.52706641757092
32039,27.292550694103497
32040,29.240816389751558
32041,23.494546785863317
32042,20.29368445158957
32043,34.93531760885216
32044,31.74759694813487
32045,31.260305488927994
32046,29.910670583073934
32047,21.369970263658757
32048,30.49889074253523
32049,31.760709064336492
32050,30.20747319884108
32051,26.4398171830335
32052,25.028192047075567
32053,25.23039391611983
32054,35.1504150333516
32055,38.06850739847319
32056,34.293694728231785
32057,29.31116282789961
32058,29.132170902841086
32059,32.925172947304524
32060,26.77441999176594
32061,32.57304476738296
32062,31.774827124052155
32063,51.98053399726712
32064,78.40424609646217
32065,36.058130619626574
32066,40.41948957283521
32067,35.17370083569534
32068,73.59560655133257
32069,36.137222985684645
32070,32.7687619149829
32071,44.708029070859084
32072,40.308631594401426
32073,75.37709132773735
32074,40.24609103800999
32075,49.701747685834604
32076,38.86330912521395
32077,45.855092382456235
32078,49.204010033258456
32079,36.42995209030348
32080,52.65469744385622
32081,47.92268155500026
32082,31.80321573242294
32083,51.533083181525704
32084,42.656508869541426
32085,38.1764480124196
32086,40.373661608847414
32087,42.34721221600549
32088,41.873773153264686
32089,47.93907868096005
32090,37.194940294332966
32091,40.58414505618181
32092,48.74445977368267
32093,37.815502082078005
32094,39.585966051897366
32095,38.92843453244893
32096,39.328151858505414
32097,39.42416269747446
32098,38.088044352157524
32099,36.23578953668692
32100,41.770794173023916
32101,39.59358497092757
32102,43.69273641617709
32103,42.747516695255804
32104,34.01716542316085
32105,34.60266023146544
32106,35.945784684846075
32107,38.84311253187168
32108,44.68169567140867
32109,47.24396025229671
32110,46.60258295747963
32111,34.898323340859896
32112,41.29484846817058
32113,35.92117288300198
32114,43.14459489121088
32115,44.73337953516601
32116,59.66518198754498
32117,45.050416217334366
32118,67.55269777111315
32119,34.0815063599524
32120,34.518551284773366
32121,36.73619400269497
32122,33.9857435497821
32123,20.88036570595704
32124,34.08489995268598
32125,31.083797224580294
32126,40.584781596139095
32127,34.552547540693766
32128,30.288668601357283
32129,67.6858065251987
32130,32.138278434883496
32131,34.16498284196167
32132,24.359387905126614
32133,32.160677548555476
32134,38.39061687332746
32135,47.83102400359807
32136,38.501907829653426
32137,31.636700854134375
32138,26.01458074319854
32139,28.811667434014375
32140,36.60923921837979
32141,31.862794866858184
32142,35.300735914346944
32143,46.44033176317281
32144,29.712097082054687
32145,42.259303507138675
32146,35.664157394086224
32147,25.225741583402847
32148,36.98319140883243
32149,24.071378034011136
32150,38.181923312763566
32151,66.61719838365008
32152,39.3979937819999
32153,25.65497601570812
32154,28.63390083302371
32155,30.004153720154264
32156,33.6021871284117
32157,35.66141829108298
32158,31.195924884006892
32159,37.62795522345538
32160,33.4729858054415
32161,17.687534922769878
32162,34.58358333323203
32163,29.143471214063478
32164,35.91065176350062
32165,26.60389133712555
32166,41.58706428608048
32167,38.83608159406511
32168,33.43275528028856
32169,38.04709426403272
32170,31.34336310224278
32171,28.26661615714023
32172,25.0548051747091
32173,36.70423038226533
32174,26.797391587635243
32175,38.3097519148848
32176,41.067512848447166
32177,31.778586272399597
32178,27.826176459962014
32179,31.20947209266876
32180,45.41765054208054
32181,41.23469967714303
32182,37.01321609650483
32183,34.46529558768958
32184,38.29948000995327
32185,33.25169631032395
32186,40.75719962504983
32187,35.43457088708982
32188,38.02777187300692
32189,37.7890821175147
32190,40.722621119027394
32191,41.8970628532534
32192,36.562769502041625
32193,40.694489055974316
32194,29.00566190395145
32195,48.6147024731477
32196,42.079686229478106
32197,37.020298347282164
32198,46.31238597472372
32199,37.89444292137516
32200,31.261074701039835
32201,38.008094852429444
32202,41.501102052031314
32203,42.77291163376948
32204,30.768553202595335
32205,44.14810223485076
32206,40.60979616020722
32207,56.69478332420478
32208,33.69296300468834
32209,38.172798378199325
32210,43.89478450205483
32211,43.49199931291827
32212,32.910595632303746
32213,39.04729178459283
32214,37.10299747432962
32215,39.47782359220696
32216,52.48387762890156
32217,32.838169906122246
32218,40.67555518753782
32219,41.331133152088306
32220,44.198013292627294
32221,44.67151889692176
32222,44.07952584919495
32223,34.89088515987813
32224,38.207382694106904
32225,37.78719563214159
32226,42.10401274166486
32227,31.7424232699523
32228,26.73085493201781
32229,32.31482837523666
32230,25.504932346039503
32231,22.74339436074673
32232,20.14557006991644
32233,31.722551363079464
32234,25.392788273394135
32235,16.890837715023444
32236,35.287822328989165
32237,20.838531601930374
32238,26.386576420070348
32239,28.52344441391586
32240,27.95220781124028
32241,24.978110204834888
32242,30.680427821858732
32243,25.49415456913297
32244,22.025826448203755
32245,30.92333321821582
32246,26.09963621290987
32247,15.51631308033119
32248,25.579840113761893
32249,33.092713710546604
32250,27.188691606034904
32251,26.867606700774367
32252,18.757285677957718
32253,34.118913297659724
32254,12.313902961283729
32255,31.752851789643948
32256,21.271962859755547
32257,65.86822022522817
32258,37.14366909792317
32259,25.898025400870008
32260,18.32870300364611
32261,15.57295026015308
32262,25.667862038216732
32263,32.67195360200771
32264,36.98154979220797
32265,23.09848802155637
32266,24.077319876875222
32267,18.178833049795152
32268,20.80929701540129
32269,34.703334521983635
32270,25.534025978383255
32271,6.571502732865479
32272,33.57737624690359
32273,42.97725167107269
32274,25.96076152709997
32275,32.99206563574936
32276,22.198607582149485
32277,18.03701167227146
32278,24.20806687409989
32279,28.685937947591942
32280,26.94689710826807
32281,24.87609569068652
32282,30.212863410895928
32283,33.07783186884422
32284,20.5719946655489
32285,26.861247543258198
32286,22.66006167131406
32287,1.9250638130739555
32288,27.745382070248194
32289,36.169259050410176
32290,30.151802399473876
32291,25.8915714940438
32292,26.830807679563737
32293,70.82825404160222
32294,44.10791039212765
32295,33.15641949298883
32296,24.591199549678898
32297,31.138096606830047
32298,6.583817846665325
32299,19.726876451431945
32300,21.670514745015996
32301,27.126719511522396
32302,43.29510416728263
32303,37.28320676834125
32304,22.003963894712207
32305,34.74384775616791
32306,30.74168387329457
32307,31.39386141478108
32308,30.29686832294213
32309,30.32279365793154
32310,26.526453897091663
32311,3.7440998075570366
32312,24.287496453816868
32313,14.380770480125197
32314,25.80031813597246
32315,66.98785452663486
32316,27.62638329981182
32317,34.8416772933618
32318,20.96752957286461
32319,24.630456545248286
32320,19.806634424633664
32321,26.93554219670704
32322,24.69015684834065
32323,25.16503334388479
32324,26.796058984195035
32325,22.56608089220516
32326,14.965490282859156
32327,15.026203976728786
32328,21.97062084038605
32329,17.393860124263213
32330,10.17514583348302
32331,24.866746485002093
32332,18.397851117053765
32333,14.555519715022804
32334,17.549056538084784
32335,12.555014866004983
32336,12.537860245098694
32337,10.88068273299064
32338,13.482372503199715
32339,11.132201594373683
32340,14.232880965237847
32341,18.3264133023989
32342,17.687742551827682
32343,24.325233547043304
32344,12.737407820560088
32345,15.435239320499822
32346,23.469276877446887
32347,18.935939715932662
32348,18.225619496542848
32349,15.623942687133916
32350,20.804188002901448
32351,17.93763790180356
32352,16.89063674263878
32353,18.423051835187017
32354,17.30507326662059
32355,19.806751989941745
32356,11.222939336410905
32357,17.70664158304558
32358,11.769132952129926
32359,17.592743811697172
32360,21.21935742789657
32361,14.299616724801968
32362,25.27707416822847
32363,16.146695450912766
32364,14.085672414889917
32365,16.27132568727615
32366,9.12744763661186
32367,13.738378464805187
32368,20.15080683731572
32369,13.910374119131902
32370,12.1221424241571
32371,21.995783134106293
32372,19.185811590440547
32373,11.74499051457715
32374,18.817689916124575
32375,14.473303331110767
32376,16.128634658154546
32377,34.87206345213085
32378,21.75141488568806
32379,18.57937363946121
32380,27.380474943894505
32381,18.449390042764392
32382,23.33684508121141
32383,27.825685944991985
32384,11.246318409590893
32385,20.048917349881794
32386,19.76415916608001
32387,23.337720085226607
32388,24.94784982743169
32389,21.886975169599726
32390,18.057890475188703
32391,17.280347188478938
32392,19.61978554194216
32393,13.00184756296617
32394,17.774741575158735
32395,8.65840373083782
32396,11.04247158425896
32397,8.666176688988397
32398,21.74650277747944
32399,8.433094180562229
32400,18.22242722592702
32401,19.419179248547206
32402,19.455516653508273
32403,13.362907822712824
32404,22.43354143069914
32405,18.88652791044493
32406,10.200346435896863
32407,12.527394038943168
32408,7.831275083989421
32409,70.83868845333755
32410,36.04511502470365
32411,55.26282129178169
32412,15.498297768822784
32413,48.305439830723685
32414,46.01753287434653
32415,59.854997392163234
32416,57.50439325390099
32417,51.54244206576305
32418,39.589835526193625
32419,35.852227691837065
32420,37.491632594406965
32421,50.172389282085355
32422,36.113928354243384
32423,76.84475250674741
32424,75.86607691536786
32425,35.919782154996085
32426,24.809054627580164
32427,34.18179753131675
32428,38.22539889918658
32429,27.79895576977091
32430,45.06902982193874
32431,34.88474604136422
32432,50.09109256586274
32433,39.84712611475912
32434,27.693786756014084
32435,40.89950845815575
32436,35.271852764416025
32437,33.969341217397975
32438,46.215358762300006
32439,49.05252175572773
32440,48.51837054293459
32441,39.28998309145112
32442,46.671719462464736
32443,62.48253577071202
32444,38.52859099473118
32445,33.474868865031546
32446,32.07473427360345
32447,36.18711562735569
32448,37.422947464973035
32449,42.67590838508846
32450,41.55392444045055
32451,44.65236266545239
32452,38.24461034007275
32453,50.610819372695694
32454,51.16693082243962
32455,47.72122491870634
32456,38.61809798167933
32457,44.39894194135927
32458,36.11707891539161
32459,55.76392613457707
32460,59.438330404956076
32461,82.74147768735514
32462,47.6087087576929
32463,37.52640921239335
32464,33.1833057606941
32465,48.81476911993397
32466,37.30864457842546
32467,39.84429905088127
32468,32.455285538235565
32469,44.38014142081919
32470,50.98550431229272
32471,36.57508042522567
32472,35.21999402052611
32473,37.94928284286957
32474,40.71352996461242
32475,47.56538094787098
32476,32.28274085879021
32477,37.506817540520004
32478,43.51567631331926
32479,24.871961499109105
32480,28.838808335802796
32481,36.52269998146216
32482,39.68679634086758
32483,23.955616620167543
32484,20.333712919962977
32485,52.05068784949075
32486,24.814779914607833
32487,56.804219960112185
32488,54.39171927707381
32489,34.67674962343225
32490,24.606006316615748
32491,30.284895847174322
32492,34.1470054828246
32493,32.49391836030579
32494,32.19229162855226
32495,27.386560318446254
32496,29.426483796368
32497,27.394071646156497
32498,25.370904176185345
32499,27.957032184856423
32500,33.07557937009735
32501,35.92531839970507
32502,28.25040952904317
32503,70.49555863204199
32504,64.8700106162108
32505,44.96876957820396
32506,33.74470864917075
32507,56.54621225508571
32508,39.89443379738139
32509,40.61693672825227
32510,39.12288538897019
32511,40.1966163671998
32512,32.11963966690726
32513,45.016137815442455
32514,35.404976220282556
32515,39.3450783693989
32516,36.60141027301874
32517,38.50556948377463
32518,48.41257229918563
32519,48.508963168021
32520,68.31449817208657
32521,40.52757260637876
32522,53.38672530299827
32523,30.677536342803304
32524,33.538881243492675
32525,37.296619151766
32526,43.946498100527336
32527,39.866190579037074
32528,38.268210355006396
32529,68.41288137443287
32530,75.84329597306345
32531,6.425973899594341
32532,3.4050908505450246
32533,1.0395366827827215
32534,39.97621418504399
32535,31.814850447449558
32536,36.49215073043596
32537,28.804880183708125
32538,24.65796395687433
32539,39.904947635996514
32540,33.21098785383169
32541,38.50498914181208
32542,35.85853414702943
32543,3.3484950167606606
32544,40.61003935522099
32545,66.53995639587751
32546,33.411321707896214
32547,33.379974206419355
32548,25.928161727743785
32549,39.497037607790745
32550,26.01571782545217
32551,31.688510685145395
32552,10.181432759363245
32553,42.280565397280135
32554,30.465012815182916
32555,31.029055589909383
32556,43.998930153010605
32557,7.30933270913564
32558,41.43942534755953
32559,38.708680204574186
32560,2.779708378963985
32561,31.07440159542424
32562,42.782473542630285
32563,42.432007574199396
32564,27.21250853222164
32565,24.615943378510032
32566,36.53346244434731
32567,45.96256883043668
32568,32.51536257754251
32569,37.94416970713765
32570,52.969446539333326
32571,39.12994489020216
32572,39.04779670208896
32573,4.572867189401943
32574,44.151214412407015
32575,29.773663227940865
32576,44.00348840087619
32577,41.67427811471662
32578,29.420100403772718
32579,52.14721298585981
32580,36.00068964122102
32581,37.37345799961512
32582,16.99032899538737
32583,16.70896512645161
32584,25.766199959120787
32585,21.559574746357676
32586,21.05734461357311
32587,0.5672756268417274
32588,23.050560406413986
32589,13.097840758645127
32590,2.2843750189626877
32591,11.562008445621439
32592,23.06656484004321
32593,12.978676736531161
32594,18.311553551203453
32595,8.876721183375757
32596,16.31416176112163
32597,18.54897875912821
32598,23.940864223540785
32599,21.696930493957627
32600,22.874598804746004
32601,22.163358001553828
32602,24.543153539500736
32603,16.729642908345763
32604,9.8702602869352
32605,7.5927142454325125
32606,4.219161785970151
32607,20.834541920005243
32608,9.990142117298157
32609,9.151478634304528
32610,19.272083510367025
32611,17.737713236094468
32612,20.441402655276942
32613,16.241020593677234
32614,11.379355331257601
32615,10.175326764051063
32616,4.705663092058773
32617,20.540980097712367
32618,7.407915839993492
32619,20.234673188494618
32620,9.451907218546404
32621,4.78276192599046
32622,0.5542272747071262
32623,8.750493614675895
32624,0.9521329641924675
32625,13.209243313851104
32626,7.623463467652167
32627,9.787159379148742
32628,13.87480413038914
32629,5.380849381266196
32630,15.736766926167485
32631,9.812964872953268
32632,24.22816498926196
32633,24.684692112948515
32634,16.37131438842248
32635,6.088365464780445
32636,16.741761230357934
32637,16.29982248697225
32638,21.960293572050254
32639,7.143434716657815
32640,11.7319927271216
32641,15.543233769241738
32642,24.91216449513439
32643,14.278070572898947
32644,7.836363518475777
32645,2.3692101013253577
32646,23.379527731690413
32647,10.167104420751315
32648,4.871248845722719
32649,16.722689275091916
32650,15.516231964333963
32651,0.7402630558259602
32652,25.659437294708138
32653,32.22997507649324
32654,18.996135537849234
32655,19.78706644622333
32656,18.498931992070894
32657,6.696576369026931
32658,14.279917052513621
32659,14.913865829300825
32660,14.457749228665527
32661,13.18433998159766
32662,18.60679267640516
32663,21.71965840251212
32664,6.9297397912761145
32665,18.46620583421113
32666,28.975816058826616
32667,14.282621592627166
32668,17.61221139989992
32669,11.608743100898986
32670,23.774065032590553
32671,6.572229367376706
32672,15.39594159898168
32673,14.641744922356073
32674,34.37253303401711
32675,34.22835133219694
32676,36.46641676688234
32677,34.71878631751933
32678,34.62027105857667
32679,21.92803917776515
32680,31.50844813820912
32681,34.380221361746834
32682,38.109104645964734
32683,47.879859091570765
32684,36.509679708890616
32685,32.69190339943281
32686,34.29782886369684
32687,42.301278716481455
32688,37.918952716889166
32689,32.38777090822603
32690,36.45608319309914
32691,31.14754161132773
32692,41.84358332824909
32693,36.40043071937479
32694,36.26182736943988
32695,34.55654646012268
32696,41.79197054086873
32697,41.518660308515464
32698,34.22242039893509
32699,39.39688938392585
32700,43.62249249508782
32701,40.8056285236374
32702,33.8511692913631
32703,33.32305761810273
32704,37.524959011192685
32705,37.99262093528301
32706,35.08916555019672
32707,46.56096427244472
32708,44.42766081622543
32709,37.04471146297502
32710,38.75239786560395
32711,39.92227743401718
32712,46.621770037369735
32713,45.03378400281148
32714,42.61262511812916
32715,43.227852816094796
32716,36.02750029278333
32717,41.16370019989731
32718,40.2460163802135
32719,44.2189873068442
32720,32.315909912358606
32721,45.630259040751646
32722,43.32289568715176
32723,39.38357800138413
32724,28.987424195932476
32725,41.79327887783471
32726,36.17209713962617
32727,37.56337757898922
32728,32.69317450240524
32729,34.87209513661445
32730,34.18929115437413
32731,19.332781057890266
32732,35.73162054281544
32733,33.93719685518033
32734,53.94798804460714
32735,38.12215413928318
32736,31.895077610119984
32737,27.106551851343454
32738,33.95493462309588
32739,25.382291390910872
32740,23.82925630234988
32741,43.2679449461608
32742,36.8437689533045
32743,49.164508096448614
32744,38.129370542864464
32745,39.494780620310806
32746,41.50376732748764
32747,39.95319863396215
32748,33.91546791349681
32749,38.6584025084566
32750,47.58176989852233
32751,34.79155455483035
32752,33.957587742608624
32753,34.721016783522
32754,25.48958821289245
32755,41.49656965499151
32756,25.426621506207425
32757,26.480896356989568
32758,51.028614602600705
32759,62.42555472810469
32760,27.5503744643356
32761,26.557637417060278
32762,15.542753329947384
32763,14.719017336166463
32764,28.86613466383113
32765,17.42555296302523
32766,33.159950165936934
32767,36.40919713773501
32768,18.24972234180944
32769,25.219225319846938
32770,24.627468740158967
32771,21.63808463978768
32772,21.373158298345857
32773,44.56196232613648
32774,25.17688656590544
32775,26.224680204407374
32776,24.401779938677457
32777,21.787783611618405
32778,29.90672981145444
32779,24.56912391883576
32780,35.43611304182045
32781,23.995547666618897
32782,18.376736331603603
32783,53.7116562396613
32784,14.466625220339798
32785,28.311365192900116
32786,32.761533134402136
32787,30.04725272218598
32788,28.134512179971082
32789,23.97687720367385
32790,29.717225495829005
32791,25.28234437045232
32792,21.040634360848806
32793,28.403606045594998
32794,23.45056401283806
32795,19.13515885936808
32796,20.66177989967101
32797,12.989827547726078
32798,66.11905220193667
32799,20.98963380087605
32800,17.316262133471422
32801,12.300759423649351
32802,40.36037882901426
32803,21.400984844287006
32804,0.6555146410701045
32805,14.398345803817083
32806,24.053813028628973
32807,19.840428761543453
32808,50.569025745500404
32809,22.979279795954998
32810,14.68391865015706
32811,21.86301119706132
32812,30.0226017057331
32813,25.37379087859778
32814,20.704286507187994
32815,22.4944719084942
32816,16.671401622357763
32817,17.36247643889464
32818,24.29949798148122
32819,17.665675427329024
32820,24.43640113688143
32821,22.28460674278076
32822,24.346839609499245
32823,20.010346928656077
32824,38.72071227633227
32825,15.166694360222916
32826,24.84416461880306
32827,20.376087296227663
32828,20.663322964843413
32829,20.515370330026037
32830,22.840016075156765
32831,14.084595549493205
32832,13.273881641960617
