ID,track_popularity
26266,26.0999354710415
26267,30.954688580148883
26268,30.621761879998104
26269,23.127205570017935
26270,33.801868203483004
26271,32.173699929804734
26272,32.338788840427256
26273,38.16879453529148
26274,37.22736601779165
26275,34.32370694038841
26276,35.71383985741662
26277,38.89625724916703
26278,38.332214827477216
26279,33.61430290882542
26280,28.750943908184077
26281,27.806012430919765
26282,27.78578583044945
26283,29.957797810606966
26284,29.533821330739297
26285,26.99168501220148
26286,26.536621283637317
26287,29.157982684608363
26288,25.045889887675774
26289,24.994504679209598
26290,27.80821525837874
26291,28.048343741185782
26292,24.682091520391523
26293,29.783523736062673
26294,27.56383453493218
26295,26.83506288439779
26296,19.842083613625523
26297,25.40128680709566
26298,28.701306441658673
26299,36.47634817928232
26300,34.519188682914084
26301,30.592171588494814
26302,29.291312643208414
26303,33.04766284892754
26304,34.630454196646745
26305,30.882032536825538
26306,33.9286216223095
26307,26.504170201417086
26308,23.80773015567495
26309,34.1488504277217
26310,26.891164935647684
26311,29.694014871652197
26312,25.832030858149555
26313,24.697811934400846
26314,30.36242158621171
26315,27.822918931534844
26316,27.889145156679643
26317,29.395930276873823
26318,0.0
26319,30.13629288277091
26320,23.49278415214403
26321,28.42519190872596
26322,27.25432460895949
26323,23.03892532883504
26324,31.60037931685141
26325,24.38267056199439
26326,26.339647898540164
26327,27.313888458421307
26328,28.604433069896903
26329,24.652043666594672
26330,25.57122847319997
26331,30.85133456045279
26332,25.548262178260405
26333,24.84753175574864
26334,23.99886447813168
26335,33.677987349046106
26336,37.62741101419782
26337,33.09017280174618
26338,35.23060412555578
26339,22.60012755826194
26340,28.663724281871215
26341,25.640320262134903
26342,24.181289653335917
26343,38.30443716293189
26344,36.837334020448175
26345,36.53092999885095
26346,35.60052600800111
26347,37.36548882546502
26348,32.53926927703359
26349,35.66106546613828
26350,30.541735852598446
26351,35.168702835977356
26352,33.24570368553965
26353,31.140790027693946
26354,19.788608527974016
26355,29.600247259956994
26356,24.412726244697957
26357,24.741925719876864
26358,23.700202068704993
26359,27.32012158949622
26360,25.232716897132825
26361,23.771251631304295
26362,35.27930571222298
26363,39.81495376265128
26364,41.66500716639643
26365,43.564161683103954
26366,44.68914824553983
26367,58.78260771264121
26368,29.960632847539898
26369,30.662816600845115
26370,42.80929227827053
26371,51.85383422403012
26372,29.3793231416919
26373,42.61403656537058
26374,42.82868856542697
26375,40.01551993255203
26376,32.445753661703336
26377,49.47367373031469
26378,35.58223986240952
26379,40.758082655313615
26380,30.536730512023112
26381,34.93148898835233
26382,27.178948644071454
26383,26.17076450853228
26384,43.379752555084245
26385,24.03920482901622
26386,29.326162059490684
26387,33.10106326881067
26388,33.2699386007301
26389,41.215563713182746
26390,33.673020884755914
26391,42.30865416306141
26392,21.284292868840197
26393,21.621024721897488
26394,24.85191756296917
26395,37.8409001241753
26396,28.07491599826018
26397,33.90816170616436
26398,31.093894901862868
26399,31.79144702248326
26400,32.01076374032034
26401,21.601391018946472
26402,41.339164964230946
26403,16.33953253622998
26404,46.62254485423755
26405,42.18901195075239
26406,42.09151197937797
26407,18.412188960339147
26408,22.768761824984203
26409,28.597236327217658
26410,27.931690385350592
26411,29.196698317943593
26412,39.34055303313198
26413,24.438227188943866
26414,42.219565110919646
26415,30.387622856597147
26416,30.699340130257724
26417,33.7914250052479
26418,33.96651623215648
26419,52.123768655012526
26420,52.666244447555684
26421,30.448871432662806
26422,29.65897124565164
26423,37.42255171473193
26424,25.66183539340111
26425,28.079962594664035
26426,28.08607415430277
26427,26.482030080018674
26428,27.89670564602066
26429,39.623819386290265
26430,51.826195903369126
26431,54.087718281194086
26432,32.65927087075044
26433,50.22980502005488
26434,31.02906721914846
26435,29.51964264132814
26436,29.793699643410637
26437,28.833677316986382
26438,36.50342360439495
26439,35.40124626838289
26440,21.576529584041303
26441,31.643925845911426
26442,34.77053735257421
26443,29.775474057127333
26444,34.521399575295185
26445,52.94705548694587
26446,36.93747768873419
26447,16.524085324788416
26448,28.56441306866506
26449,52.23902661754691
26450,53.016813147130755
26451,27.813532503980877
26452,28.401112435323544
26453,28.79220784874903
26454,30.41681927814206
26455,30.445057637926297
26456,29.0622349426975
26457,29.946654509364116
26458,25.306506350762312
26459,23.87605603810604
26460,30.454439850435758
26461,30.21026418551336
26462,25.258726928168176
26463,24.20553354007752
26464,23.36060920042534
26465,27.208543847510587
26466,25.623544779014594
26467,25.591986404942684
26468,28.049022059229117
26469,27.305760468202113
26470,27.678723917838756
26471,32.25095443966924
26472,28.89465552566341
26473,31.096093104916417
26474,22.194688490830384
26475,21.97726677599539
26476,29.69164307092582
26477,29.408940051626445
26478,30.089156061983918
26479,30.13227234550051
26480,26.964975968675137
26481,32.628298393243156
26482,24.292085717148357
26483,31.86293475312798
26484,26.462846553191973
26485,32.95082034929545
26486,27.34365909657437
26487,29.334846273892985
26488,29.072310287654687
26489,30.530067634286596
26490,28.089498027519454
26491,28.543460551197033
26492,24.34936886710658
26493,26.698992692147726
26494,26.192963924950444
26495,30.429538999428527
26496,26.86675438496573
26497,27.71572650010761
26498,30.494151553115998
26499,29.757688734348626
26500,27.18689953096554
26501,33.06218777314896
26502,29.68030574314738
26503,27.710655030431344
26504,27.65849626325086
26505,25.846274473213633
26506,27.559219375776713
26507,25.890099518296964
26508,26.582004399557157
26509,29.691713019988583
26510,32.03022154037174
26511,25.21849291086346
26512,32.685276842412
26513,21.45561045073816
26514,28.379600403396353
26515,25.657821907591444
26516,26.765181392318194
26517,28.660656638273334
26518,29.86882281469795
26519,22.39290566787951
26520,28.092570544920058
26521,29.2780905246345
26522,30.017299835683037
26523,25.296307837756213
26524,25.970797725059597
26525,25.588070432683566
26526,32.46138259045957
26527,26.821925883437114
26528,29.847058823195702
26529,34.393488374082324
26530,28.35415488584133
26531,24.57637115700865
26532,32.0466227845938
26533,27.60807588556762
26534,27.78021643156836
26535,23.7980725400998
26536,28.460417784826507
26537,32.1014999195486
26538,27.393677737801756
26539,28.14425889253912
26540,25.075375514533153
26541,29.03611477480647
26542,30.085979249127497
26543,29.518994819110624
26544,30.860831948359845
26545,31.62793547870723
26546,30.250740778734276
26547,29.824687890072575
26548,28.75399669970682
26549,27.09797808526018
26550,27.317536815140862
26551,30.56462929257188
26552,33.98872500260495
26553,28.314303234042534
26554,31.16427506520386
26555,24.794890410388234
26556,61.894000620148255
26557,26.577763519172795
26558,29.67685211310794
26559,23.07994336084846
26560,22.95989099242451
26561,36.54242038051438
26562,20.17787048639113
26563,27.61980972968678
26564,31.885952205774256
26565,26.422884568954167
26566,20.577790511828983
26567,24.487660361781415
26568,37.2257106373368
26569,0.0
26570,0.0
26571,0.0
26572,24.087411560994255
26573,17.23039295086843
26574,30.690340424172238
26575,21.18961019071935
26576,20.46148573375596
26577,36.028682723260104
26578,24.084078463535427
26579,26.883044577352738
26580,37.7422713079345
26581,30.49103802128535
26582,25.369565648651772
26583,25.593545847381286
26584,28.337516617100896
26585,30.769131768117663
26586,29.02772616406598
26587,25.48306485874013
26588,28.71927918470565
26589,0.0
26590,23.37955999462055
26591,28.128331679267884
26592,20.991527576410917
26593,45.14259776018179
26594,23.87642352701734
26595,61.687419386032005
26596,48.10652584710208
26597,21.259309158253775
26598,50.19612816700595
26599,28.052963639893555
26600,47.754779317176045
26601,56.71717321544301
26602,31.459353849342847
26603,20.373103476823232
26604,21.007825644446648
26605,20.04089077070806
26606,43.26231314774822
26607,35.26693763741598
26608,32.54734197773343
26609,26.18440880761938
26610,30.587707999726366
26611,47.33814949976972
26612,26.27595012482858
26613,46.30722812845623
26614,47.5966339350249
26615,43.46959057462714
26616,34.716800064127014
26617,41.148486343407676
26618,48.76748591115589
26619,36.262947796203875
26620,33.728821916200985
26621,34.79256803503411
26622,0.0
26623,25.846589706759836
26624,42.14037875584071
26625,29.30713950700088
26626,45.81373395608724
26627,26.41464683448896
26628,25.395286619066578
26629,25.253288001071496
26630,38.191962124886324
26631,40.67631063222904
26632,26.393798164416964
26633,33.45056387191637
26634,43.59428785873174
26635,26.61306349268667
26636,31.26272539365138
26637,30.692406267985323
26638,24.14834119819581
26639,36.82101116920539
26640,28.447982602342364
26641,29.72296665257648
26642,27.01172400000872
26643,42.86424424169324
26644,0.0
26645,21.576529584041303
26646,25.093527352899944
26647,40.93211256132151
26648,26.583921243423497
26649,23.456284302746933
26650,47.62641448134194
26651,25.737111613527098
26652,35.365807443126684
26653,29.177625365190636
26654,31.98034117197664
26655,27.92592730431363
26656,0.0
26657,35.86162311264237
26658,35.50381981029031
26659,28.362072697570433
26660,46.100932904272575
26661,24.638378195130255
26662,23.622042784135623
26663,45.77181443801388
26664,28.564260812521752
26665,24.680664852584883
26666,27.960373894575138
26667,37.082036608121214
26668,30.2659991800681
26669,27.458477942992523
26670,23.160205966802554
26671,26.727756814487513
26672,34.985490791706596
26673,46.89767753825928
26674,44.001864761543345
26675,23.280302851143013
26676,41.14134881460989
26677,40.949366930978606
26678,29.302507136012924
26679,28.82401121284982
26680,28.539824546657098
26681,29.87169939831923
26682,25.834992498901087
26683,25.158872376618948
26684,20.951737052033966
26685,29.082330934678204
26686,21.84523493394871
26687,37.49271960967264
26688,29.049056170268187
26689,37.74681887347584
26690,33.31271437250146
26691,33.06192964842408
26692,26.868892048111757
26693,36.50272075054608
26694,28.43975936883104
26695,35.866509011857886
26696,43.35018214669501
26697,48.58817086217766
26698,32.29549091790761
26699,33.54944103429716
26700,0.0
26701,37.84116789482264
26702,34.09568025047298
26703,41.96457902910633
26704,29.366862627707437
26705,36.76911998553011
26706,47.20246905830921
26707,40.85487474952276
26708,37.092003901180206
26709,44.522779548270215
26710,23.131887809460725
26711,35.81976817755766
26712,31.32565425768173
26713,19.954643201283805
26714,27.56528878447388
26715,52.36505776004576
26716,42.60984814093334
26717,35.94512883483586
26718,31.896612025451624
26719,33.4080189707414
26720,34.43809517376959
26721,31.577672515828873
26722,22.417666530963
26723,35.66190337772132
26724,34.60184412522338
26725,45.273582031222425
26726,40.35427966707798
26727,30.746330234100807
26728,45.95015113359936
26729,39.35477271626083
26730,37.61065438880329
26731,36.42013482320344
26732,39.30979431807576
26733,24.265338618993624
26734,27.82616953910824
26735,46.22416408239074
26736,36.41429213611343
26737,30.756569733736754
26738,38.241264893665885
26739,29.5456008919612
26740,43.70214086367513
26741,36.36183160875605
26742,27.958402132197136
26743,26.54480637855425
26744,31.25583362685064
26745,37.69589077659818
26746,29.12844568351412
26747,32.580942241519
26748,30.863366843096983
26749,48.79651695889951
26750,37.1315235834616
26751,42.73545921113571
26752,43.56201147374287
26753,46.835340222009386
26754,43.3025255332292
26755,31.11018703539832
26756,42.80833087541385
26757,26.70104553147953
26758,21.539096742794026
26759,35.827396980558596
26760,30.653442989553493
26761,40.88945946905628
26762,42.46221378953083
26763,32.81284183808214
26764,52.31082166583448
26765,45.23730644207845
26766,30.217427397728216
26767,29.236237006963545
26768,28.64168519665671
26769,39.37972573802381
26770,40.999983180242566
26771,48.71734416998491
26772,46.58401568380598
26773,39.845006818044354
26774,26.71778596091795
26775,26.81947446159099
26776,49.01885694339824
26777,28.40534472288254
26778,50.24306328652214
26779,40.453574721315974
26780,24.396846008113755
26781,29.037141347375613
26782,47.58017288281388
26783,28.327882362379814
26784,31.276554875303976
26785,29.52797122942748
26786,25.368740323883916
26787,33.87952602607347
26788,29.149888725445873
26789,30.27634171931213
26790,0.0
26791,0.0
26792,51.26036458277645
26793,33.612210039353414
26794,39.19043923915514
26795,38.64458810204544
26796,48.20452359851303
26797,34.90638526328899
26798,39.140571809104394
26799,39.41753110902531
26800,40.116387971681135
26801,41.87352441224411
26802,33.09613967827865
26803,32.68221978574226
26804,41.88775464313106
26805,57.05332814520652
26806,41.1496197205021
26807,45.26836691338479
26808,39.04931358238375
26809,31.98826339197882
26810,41.00376279876499
26811,38.441281634767385
26812,59.57759384473094
26813,41.18914273247861
26814,43.72279268838816
26815,59.22574798655632
26816,37.03711651247014
26817,56.986361462778504
26818,53.02589120924033
26819,35.783210719762316
26820,32.23287591185047
26821,0.0
26822,37.02949445337482
26823,37.42282733309614
26824,55.96618567908325
26825,31.977833283689137
26826,32.757463717642885
26827,59.844434229269694
26828,54.22507248501086
26829,41.36798510986773
26830,35.89648321356483
26831,64.92003166665373
26832,37.60225099608396
26833,41.31894302596564
26834,41.30703201324521
26835,36.19639556671368
26836,37.799043923039974
26837,66.84315794782462
26838,51.025728724958356
26839,0.0
26840,37.64997913044445
26841,38.68745185807065
26842,44.52624053621927
26843,40.12058479937056
26844,37.58570914122474
26845,30.717820092821697
26846,38.449376524280865
26847,28.911515690091115
26848,38.521736827794015
26849,43.171880948221656
26850,41.74101720197803
26851,29.946664350829455
26852,47.927978184420354
26853,62.566281683320966
26854,58.412355671392646
26855,49.7022621580537
26856,51.613585536513334
26857,55.09807828594996
26858,39.304105242579695
26859,55.69577122658494
26860,51.44772029483311
26861,40.83583422573109
26862,60.123566971704435
26863,38.79210251052783
26864,37.490191570604836
26865,36.921764172066034
26866,41.045015964918406
26867,52.01953249705964
26868,58.175170025943466
26869,44.96114452429012
26870,40.79241679269016
26871,53.28097150699114
26872,56.807701959484746
26873,33.22709244092775
26874,40.43464541793769
26875,41.675167928445354
26876,40.11671301072252
26877,45.138886672896
26878,61.916139711085
26879,37.93975974648687
26880,60.814446111138906
26881,44.6798940664488
26882,54.80570316799064
26883,43.005117019300016
26884,52.889265244020294
26885,43.46762010721833
26886,39.36106202678891
26887,56.35226552984234
26888,53.838134984109814
26889,40.74298458436702
26890,47.395695883388825
26891,55.7180119941028
26892,66.76893476572906
26893,40.0656568198338
26894,35.751394951650774
26895,60.95631898968314
26896,40.581330071828894
26897,58.9060371831775
26898,40.106682559172626
26899,57.203932775827916
26900,43.26126771143456
26901,42.043287077327186
26902,71.63112817788631
26903,39.174065371658145
26904,36.31261192274134
26905,40.85145941329005
26906,54.325029614623176
26907,42.24262679574896
26908,43.13311561791355
26909,39.431564972287354
26910,43.20986304737979
26911,44.0505741641327
26912,41.37777914541552
26913,42.287385284900786
26914,59.124142473834624
26915,39.212773100406686
26916,39.05354004427307
26917,66.74359973131858
26918,39.557720053153346
26919,42.06146796709526
26920,39.29776095813794
26921,51.928477358206464
26922,34.97457550487738
26923,55.8997540227638
26924,38.16904600836698
26925,42.067639099867236
26926,50.13001394013403
26927,37.296453746289984
26928,39.08882951566672
26929,38.28453565240695
26930,38.92074236992158
26931,37.037157938804576
26932,43.19175473747553
26933,53.192037497233656
26934,36.80936509346735
26935,35.9077309930916
26936,56.51677050998857
26937,56.57876838709887
26938,39.97156992320766
26939,35.22312818303328
26940,41.25301268002839
26941,39.60717652084531
26942,40.62535760244527
26943,39.39843162533846
26944,42.798671058782304
26945,47.96351064911123
26946,51.37268670375223
26947,36.44018307782615
26948,37.901603100314944
26949,34.84992708491748
26950,47.04357408036155
26951,37.56877121809988
26952,38.85157214703335
26953,40.44632813980097
26954,47.75123044554625
26955,37.55218646656567
26956,38.76345667480549
26957,35.64599856236814
26958,53.48230150375473
26959,28.902685532078834
26960,43.92179944284587
26961,36.510981844279726
26962,41.44447628678092
26963,36.937559699306675
26964,38.85900788005212
26965,36.01204006782366
26966,40.84109460756855
26967,40.338328149860544
26968,41.03296136176974
26969,41.64739407738817
26970,36.836304175823166
26971,34.076641837861715
26972,40.06981320897243
26973,46.950719283657044
26974,52.13708891780052
26975,38.1544689420566
26976,36.76778861806779
26977,39.290779863882854
26978,44.77415668648938
26979,33.74789876750451
26980,35.76426917839006
26981,34.90927085986511
26982,41.066190411331355
26983,43.55414913543222
26984,38.99096632580957
26985,42.12050963886581
26986,39.355943596377216
26987,35.90635084487843
26988,37.92619805014664
26989,36.20029531761189
26990,43.18386089945656
26991,39.59643622242107
26992,44.10471689408903
26993,34.244404111032885
26994,35.199254550799964
26995,35.09999317101357
26996,41.80737418238738
26997,36.632578369918335
26998,43.101296630213405
26999,38.90095717664843
27000,37.757131095673465
27001,36.738897734125366
27002,40.64073368922429
27003,41.38678578006393
27004,38.38839861959771
27005,35.279856388513295
27006,36.709133999341674
27007,32.918192002539
27008,39.42138625142577
27009,36.79383666342565
27010,32.993652943338134
27011,39.961648797590215
27012,45.50464086558997
27013,36.40631150368496
27014,35.88920038104243
27015,39.327347745293324
27016,34.41111513345573
27017,42.87083983867398
27018,37.43223096661819
27019,41.56867946807772
27020,36.89049870908107
27021,34.804385902996124
27022,37.145135177632895
27023,34.30177664870894
27024,33.85848029817891
27025,32.85082414980597
27026,33.16933643782064
27027,36.22803311746703
27028,38.60695114750674
27029,34.29810099254674
27030,35.84792388455513
27031,33.856712139390154
27032,37.80705798767316
27033,52.25016201347053
27034,36.66934179154161
27035,43.9219304860213
27036,36.88189899215031
27037,37.30058318892921
27038,36.85836590649553
27039,49.86523008466675
27040,39.131776562964795
27041,35.82951703380702
27042,34.675114033970964
27043,28.9662198930608
27044,35.101701922294595
27045,36.97796690296648
27046,39.29586317343238
27047,42.46803869790845
27048,46.69425882591928
27049,32.57897705636205
27050,39.28936883392111
27051,30.161427518167088
27052,36.863943488939675
27053,46.24627516506135
27054,29.501590055969103
27055,33.08108141410976
27056,38.11248171770039
27057,38.52938279885233
27058,28.289141831840215
27059,44.9491143521199
27060,37.995355580675565
27061,32.111751832025746
27062,37.34331153067802
27063,36.760384922274994
27064,39.01655990887227
27065,44.72280723536844
27066,28.197630659028125
27067,34.031043405923754
27068,38.008207837391424
27069,37.0357098342179
27070,37.09606050519147
27071,31.05771182786606
27072,37.20973399879905
27073,37.45031753603884
27074,38.58616010274445
27075,34.78196551280033
27076,39.613458949892795
27077,33.94739898117636
27078,35.86983024831869
27079,37.373513166500956
27080,36.10128055139361
27081,48.832905907981065
27082,35.97720296220031
27083,42.873060905307995
27084,35.24604342073249
27085,37.794789643424416
27086,39.07918059070676
27087,38.61612378474063
27088,38.50465803526168
27089,30.376014299926958
27090,38.97646335349502
27091,35.637716200626954
27092,32.2594336589503
27093,37.07827738407887
27094,38.856590031522856
27095,36.719570491791124
27096,35.82194955714871
27097,30.489893069692485
27098,36.51230134178413
27099,42.64031621609573
27100,38.19890709253486
27101,37.352189635612284
27102,35.28799286294671
27103,30.95755633153768
27104,35.11316684699179
27105,37.78569770757581
27106,40.13086375413726
27107,36.67260564900213
27108,37.58965098909879
27109,33.470136172979345
27110,45.72017829644568
27111,35.33549409335379
27112,42.5313380898356
27113,37.44714837220979
27114,36.667275789073116
27115,35.2747636653491
27116,34.720789397279205
27117,35.72466646683648
27118,38.188758882529925
27119,34.55909231617154
27120,35.23703483382742
27121,40.25903131888329
27122,38.79349084273273
27123,27.45907790577671
27124,29.87013292056102
27125,29.59981768440916
27126,32.60420602411629
27127,34.12375843594453
27128,37.00649401099607
27129,33.8375731124786
27130,38.922353542303064
27131,39.43070534726485
27132,32.17768983805557
27133,31.784191509844348
27134,40.51309145604354
27135,34.80420573357162
27136,33.305085400389245
27137,34.51854040414088
27138,29.698826606833222
27139,37.8139572801426
27140,35.11162578902619
27141,33.77284891148926
27142,31.645320007560855
27143,40.68971088573828
27144,38.31236239057197
27145,30.43726014842769
27146,29.225737499113393
27147,34.0893349672513
27148,23.708816417521607
27149,40.706345097573994
27150,30.843685662385283
27151,26.96173519524274
27152,31.994944788054163
27153,34.276093114022366
27154,33.97038485477843
27155,39.830838271906465
27156,35.03220727167496
27157,37.488615233009405
27158,31.69495064535093
27159,36.3112583879134
27160,32.1143591169956
27161,30.017987161449476
27162,37.14800401155035
27163,35.232544540609716
27164,37.386341563653204
27165,30.284056946472298
27166,38.23292460931346
27167,31.076586076339286
27168,32.67040080641671
27169,35.908265111639636
27170,38.734636577040504
27171,38.50664570094639
27172,29.5438134224612
27173,32.52213518833042
27174,35.77375577123867
27175,35.33127332593592
27176,76.62966670679398
27177,28.71533252789545
27178,30.330286647278406
27179,34.79090210893059
27180,31.99816876091853
27181,33.87648314967382
27182,34.742937452839826
27183,29.788651500839254
27184,32.6564374121806
27185,39.55474602511558
27186,30.160388806028898
27187,38.7627665052907
27188,33.22553651604875
27189,35.866747716514205
27190,32.68129887820925
27191,43.04701822983745
27192,39.69784515252176
27193,25.70413767535215
27194,42.39389999664927
27195,33.56240544599784
27196,36.640572603890796
27197,26.336639146458566
27198,39.082024485508846
27199,41.15286234875615
27200,28.855235914377417
27201,27.71998450343961
27202,27.615311726687906
27203,34.735051660700464
27204,29.8457655633522
27205,30.853113498042234
27206,35.44150793714138
27207,32.72017126660563
27208,33.043056080519094
27209,30.286322566588453
27210,33.308628589729075
27211,36.56642861407548
27212,31.225245642061918
27213,34.16424744792921
27214,29.30266218278323
27215,30.90094726705092
27216,60.711167187279585
27217,62.24010491136232
27218,39.14261898642174
27219,55.96938393575228
27220,58.66814764001094
27221,38.30363157434133
27222,43.62932462012472
27223,75.43250326245348
27224,64.09261606987437
27225,35.56348857221966
27226,66.89810458169656
27227,36.480587865670984
27228,36.921764172066034
27229,40.96666263816722
27230,67.2532843498648
27231,75.10901400262762
27232,34.17506347037808
27233,39.010330943005684
27234,40.27715759927318
27235,62.570128145394534
27236,36.34883798006419
27237,59.45334702943679
27238,35.76780826566993
27239,41.99886237560119
27240,47.246260014527905
27241,42.47088097823335
27242,43.466415653579006
27243,49.81307310902409
27244,34.60103644412441
27245,33.48012686969259
27246,50.503117302333436
27247,38.5899050801399
27248,62.12361128733953
27249,39.26803072560041
27250,45.65456932087159
27251,36.65553375801956
27252,55.790700932748614
27253,39.02649766770122
27254,40.36448500177103
27255,37.962148987229334
27256,54.53182150801847
27257,61.07918211600835
27258,60.010730937399245
27259,41.70572724039372
27260,42.69542825803127
27261,56.9520228895611
27262,53.21374258496398
27263,42.429482125121
27264,38.76463206624919
27265,43.622397818216335
27266,40.48028840198047
27267,48.42817106134801
27268,43.0934894083202
27269,69.06686677702942
27270,43.28866953775301
27271,34.35852062480223
27272,41.499618140409126
27273,38.22340630033339
27274,40.78034199821287
27275,39.39308463487764
27276,38.79166250328487
27277,30.04922745654995
27278,28.49364486757596
27279,36.344594503911125
27280,39.42380065783003
27281,40.442962826335936
27282,35.26469312916483
27283,42.55229655711034
27284,38.50453131236538
27285,36.20851315237748
27286,36.15008689604
27287,36.42261031861632
27288,35.87654636431012
27289,44.707470098142956
27290,37.13619950785015
27291,40.88097715476065
27292,38.333083992444806
27293,44.60883923076401
27294,40.75963802675232
27295,39.42855837801866
27296,30.035646536673465
27297,36.81992194887928
27298,41.68320878278863
27299,39.85524405277856
27300,35.4413031250007
27301,39.23498747747429
27302,30.39027504594451
27303,39.6756242345045
27304,37.510195025051274
27305,35.65234377960081
27306,41.45242118278764
27307,39.144751648710866
27308,43.23240742257572
27309,37.62697873891357
27310,36.853607252178705
27311,53.05362660891489
27312,44.68243991684787
27313,42.632973102915805
27314,35.982254270095275
27315,36.93322403069574
27316,40.828581674219066
27317,35.800800803869876
27318,38.1531153919767
27319,40.418307179572224
27320,43.28516305796799
27321,39.356539574357
27322,39.036797808975855
27323,41.197467626885015
27324,39.305268848451846
27325,39.922463832404496
27326,41.26222244050941
27327,41.572512108110786
27328,43.36365646531556
27329,39.6285422651992
27330,38.270623946774066
27331,40.205021923574286
27332,40.372836601272674
27333,40.82862367247146
27334,36.110967922008214
27335,39.21314848818719
27336,34.75602123050029
27337,37.91404135089003
27338,36.63304863739125
27339,31.78305309832067
27340,34.57510442032715
27341,37.323715355912185
27342,36.198408870208944
27343,34.063972295420996
27344,39.82699076978528
27345,29.395360319685196
27346,37.21975407192899
27347,31.931552754960872
27348,33.96928696429129
27349,38.28512613927995
27350,44.46797224165422
27351,40.331484433678256
27352,30.056905853159126
27353,34.06795665252049
27354,34.703368145455364
27355,31.20877370465846
27356,55.20790969487965
27357,40.594224267967995
27358,37.45943800855169
27359,38.03736401999608
27360,27.508961208963026
27361,41.11283325782159
27362,39.06376944230434
27363,35.66939450830532
27364,39.60594148471488
27365,37.67315287014372
27366,35.936457139029045
27367,35.63991734277033
27368,34.24884970378839
27369,36.990462734087316
27370,43.087472844902145
27371,38.88501832930422
27372,34.593001869868914
27373,32.650353727683495
27374,37.28144255223542
27375,32.17962566944752
27376,38.31444379941084
27377,32.63488726339852
27378,36.57949256687071
27379,32.038129419281745
27380,33.87588292856941
27381,41.82444228667359
27382,36.09100787649118
27383,35.02041673569041
27384,39.383613706849864
27385,40.98579631110981
27386,40.97841861551258
27387,29.76576514897222
27388,34.36534344883715
27389,41.96899453758629
27390,39.669937953688496
27391,39.31534472664319
27392,34.8639967015652
27393,38.77206328632347
27394,33.88825605069499
27395,41.38511777823314
27396,38.29832283282072
27397,37.78369054424384
27398,29.923552341955848
27399,29.06156949467598
27400,32.23952745832878
27401,33.45477376412558
27402,29.604398886768024
27403,42.02132278331411
27404,33.754825989097625
27405,31.688785235085383
27406,35.974899756701504
27407,41.019433780209035
27408,36.73190307289066
27409,30.628246363246586
27410,32.3314054377523
27411,41.13497534818591
27412,41.5350792163496
27413,37.64555752417797
27414,40.52990972664635
27415,35.269613587773
27416,37.05684045806209
27417,36.456253483541005
27418,34.99609188260722
27419,49.47001675993907
27420,36.559184486783224
27421,43.580409416933605
27422,35.162630848036265
27423,37.37641542906101
27424,38.215043656511725
27425,39.514028838753106
27426,40.045996725393366
27427,41.809866573289
27428,35.52426221172828
27429,39.04196158024237
27430,31.193316046527887
27431,35.66065619106184
27432,44.19074769808031
27433,36.83229739878931
27434,34.78527499879712
27435,40.94518576607566
27436,37.83827853833205
27437,38.9279425407904
27438,33.541800637092564
27439,42.970793612954665
27440,36.29886838970697
27441,39.078179506167146
27442,39.087880393040905
27443,40.945361246647636
27444,35.25821905413393
27445,36.68327113302636
27446,32.48752056879017
27447,33.18256517695956
27448,37.98090076239559
27449,36.907898424411314
27450,30.458042875736027
27451,32.58430334584157
27452,35.310759081256144
27453,30.137599315971833
27454,45.6351288071127
27455,30.987099947667563
27456,37.03595945691907
27457,39.40866422979718
27458,36.09460199358481
27459,31.527140181289866
27460,33.49032625440866
27461,33.64701988362121
27462,38.392412376070794
27463,35.873106195944985
27464,38.052790564961946
27465,38.02627252847985
27466,30.74536609333882
27467,31.950945494590883
27468,35.383963582147416
27469,43.04216684835927
27470,24.63941530799049
27471,36.66536609396137
27472,27.72771960001116
27473,30.57840848937007
27474,35.49366892288508
27475,33.3563684949569
27476,32.74677591582149
27477,26.850419080296362
27478,35.90043035980089
27479,58.159720266493125
27480,34.12766441352863
27481,56.577924618414194
27482,34.29642557595341
27483,38.672629737208624
27484,39.11150964978091
27485,40.308025634450054
27486,38.15466354787171
27487,36.93764902515475
27488,35.71104177582926
27489,42.59402298890279
27490,38.66766769099354
27491,41.92197918392238
27492,37.000717215007
27493,42.723995844235695
27494,38.0315100224118
27495,39.47967501983008
27496,34.67463184149071
27497,40.44356310211566
27498,39.85567962562912
27499,35.68715066616529
27500,34.94393963731267
27501,39.47121432820733
27502,43.513667971315535
27503,40.92274950634151
27504,32.72447625014774
27505,38.55079841187582
27506,39.13932638989867
27507,36.262810301145734
27508,33.82915308316322
27509,39.47837869109143
27510,36.94628526090163
27511,36.30794663686627
27512,44.798450046551245
27513,39.37750020396756
27514,35.61125926726574
27515,40.100288808737844
27516,36.501388513344345
27517,36.1413152838941
27518,37.498945677569935
27519,35.713691143750175
27520,39.82204738676498
27521,39.34646459687402
27522,37.99836174784158
27523,38.21512915589949
27524,36.52605068922345
27525,40.639977138639196
27526,29.66833314955374
27527,42.586360834684015
27528,43.83186922251223
27529,54.399314075905664
27530,42.73391707417753
27531,47.66854610733732
27532,39.05267794808173
27533,40.13412458934092
27534,34.02378482615402
27535,45.69909289781997
27536,39.204260982445284
27537,34.7908092181636
27538,38.701574065132164
27539,41.70391319436949
27540,35.2266351929687
27541,38.5733400251153
27542,32.967095329569105
27543,36.813961092773475
27544,37.953746277768445
27545,41.64894759809316
27546,40.86479661621914
27547,41.68694290888782
27548,58.10207133832459
27549,42.669189569109015
27550,41.283464703641336
27551,46.34266874393908
27552,55.556111502719205
27553,37.0032524299883
27554,39.63480927795932
27555,47.73369697368176
27556,53.58786804950956
27557,54.744349074571595
27558,61.361325630853365
27559,58.01693455391576
27560,65.6960595933584
27561,38.870592536373934
27562,70.58379303899376
27563,62.75466096175084
27564,43.58505952463653
27565,46.78781674034261
27566,76.66455816172652
27567,41.873615919936775
27568,44.53967078724619
27569,37.62499027586755
27570,41.05741067964378
27571,73.24501495631198
27572,58.34506958616954
27573,62.23495639956369
27574,42.27662897803696
27575,43.94488362350016
27576,41.7498748357749
27577,72.20641214605277
27578,54.67191732755425
27579,41.98132015876368
27580,68.36582883378838
27581,60.532573922221985
27582,49.79437895346469
27583,37.9020640195797
27584,42.65567225870198
27585,64.30389369817344
27586,75.56320118251875
27587,44.25214605061842
27588,48.70877541783799
27589,36.48128006659303
27590,54.06856014619929
27591,41.3160768609698
27592,72.68814859398458
27593,74.24081125734496
27594,38.37287042810217
27595,58.773531458799994
27596,45.79248708755225
27597,78.41334030498615
27598,60.52099898828354
27599,42.07690109611217
27600,53.74659134152784
27601,60.47333252103211
27602,51.97297303060347
27603,51.803003066601846
27604,48.02631006134239
27605,53.62982670100112
27606,75.3542892689041
27607,42.79305188262464
27608,40.588927581412186
27609,40.60674804505149
27610,41.60479731648109
27611,51.62583259603116
27612,39.61778824752267
27613,59.029941723947374
27614,54.67895993234304
27615,40.24670966874383
27616,44.380300217069
27617,40.60602039776904
27618,58.30278112654655
27619,41.38343795104065
27620,44.8162626987403
27621,42.15599416765089
27622,49.024649116753636
27623,53.02168067679941
27624,44.630582241535286
27625,56.94977066502304
27626,47.26380467348287
27627,47.94524525760079
27628,52.064921606670815
27629,54.213782113182994
27630,49.47135538966589
27631,56.78071025644724
27632,54.11568566355423
27633,59.92054433536948
27634,52.743610034520714
27635,51.64647900744306
27636,50.94025420981595
27637,53.27259737862291
27638,50.72510921217579
27639,40.521470599133444
27640,40.10792875883169
27641,64.26660461280125
27642,40.07379707980555
27643,46.74225249759802
27644,53.590123641056124
27645,38.12259453882981
27646,40.04278092918301
27647,44.70228305361209
27648,35.55469747649024
27649,51.653151810502635
27650,26.22255751289124
27651,35.082092041498036
27652,28.86207457185997
27653,41.15584778252142
27654,39.542592695053166
27655,49.579754046528656
27656,37.68085016951926
27657,41.13962793021902
27658,36.646679486288946
27659,29.70371683701912
27660,38.80508325597113
27661,35.359253898165285
27662,38.31818804142088
27663,38.764764056748454
27664,33.14701754848235
27665,0.0
27666,41.08862433007759
27667,28.660729860968335
27668,29.266631459459163
27669,47.63252264422701
27670,37.03253912515606
27671,52.70745487398144
27672,33.269741200006195
27673,26.12890463717149
27674,27.341268059538418
27675,39.31288383147069
27676,0.0
27677,49.46395112612525
27678,0.0
27679,0.0
27680,55.90052991070101
27681,28.93414518510008
27682,48.44183380957895
27683,45.30757705346779
27684,35.33312105669596
27685,36.71474606410972
27686,34.46236194418568
27687,54.84961284642482
27688,37.21052190098486
27689,42.422886117475755
27690,33.96482467227388
27691,37.10260560657103
27692,47.48427180012728
27693,38.49748118494817
27694,43.19798691474958
27695,33.521078669109954
27696,49.544475496230476
27697,33.68428156787656
27698,34.22437475659596
27699,50.293506471560605
27700,27.33403161501126
27701,33.41027574876693
27702,43.81468902115744
27703,35.221481954644666
27704,33.00484136272108
27705,0.0
27706,32.77775907605072
27707,0.0
27708,0.0
27709,31.633214854060697
27710,33.55215783860752
27711,44.02546696580062
27712,53.46646798443276
27713,44.85395029185607
27714,48.806862996349906
27715,33.497881444901026
27716,0.0
27717,30.166947624206585
27718,35.933932048437526
27719,41.54509365003143
27720,35.31020143359548
27721,57.4470731336421
27722,30.13026640804525
27723,33.32853626013984
27724,38.009230883068
27725,48.4363443489427
27726,35.832041248253006
27727,34.81285605920208
27728,29.92222213491487
27729,62.610209885914784
27730,0.0
27731,34.602016701808935
27732,53.592069454583395
27733,49.82815347222177
27734,36.2274125114629
27735,32.07163181671441
27736,39.66932880508151
27737,34.59663980490129
27738,39.45360146897202
27739,38.502546703502006
27740,36.595988601964635
27741,31.149703774278134
27742,33.56290834511143
27743,39.42636449267005
27744,36.332275155001696
27745,44.848026008250095
27746,39.1394556031045
27747,33.01467643754998
27748,54.89088860290871
27749,46.91890155470534
27750,38.048019238902086
27751,54.989008756919766
27752,51.71060121830768
27753,49.60567602607109
27754,43.38563305256633
27755,67.82023518096027
27756,62.597223802925
27757,42.52724683679768
27758,52.75955021707998
27759,50.87864220074725
27760,53.5924265958135
27761,38.352649300096054
27762,46.14316207355262
27763,31.277269666569143
27764,48.62069230986216
27765,53.347308083338476
27766,50.15122730069642
27767,47.925855477918425
27768,54.18555373194905
27769,51.288986243440334
27770,51.31215065410727
27771,49.17074807542975
27772,43.55376886741249
27773,59.851046543151654
27774,50.671933146500486
27775,51.89539753691582
27776,37.09387845220341
27777,53.498739956177815
27778,48.736790187164765
27779,53.16190605190185
27780,46.70391325124466
27781,46.79005397349559
27782,42.878647719417124
27783,35.93186504548094
27784,38.451796940121596
27785,38.824887633194905
27786,36.73466684112444
27787,37.2434465391119
27788,43.398030465732404
27789,58.09251494843092
27790,40.87956195351798
27791,61.70837814277759
27792,44.1158498948474
27793,53.46646798443276
27794,34.64547977651265
27795,38.90315344798712
27796,39.74805815226389
27797,56.69507903863727
27798,48.3260790276661
27799,47.448832583923426
27800,49.230883809602716
27801,52.12216076709244
27802,34.958316379967684
27803,34.157274089605124
27804,56.709202746135745
27805,52.3696930333662
27806,42.34537315700434
27807,40.36551609011913
27808,36.37548216680678
27809,35.2625580927529
27810,35.2928201135579
27811,37.56066591852019
27812,34.84334507144375
27813,37.10072345133608
27814,33.48186905993268
27815,32.428869999377255
27816,37.198143417205415
27817,33.31288964623975
27818,34.7937928286563
27819,30.450566726117238
27820,34.21184386404514
27821,33.64983534086331
27822,39.42508257494517
27823,38.5163490533171
27824,35.701589545226796
27825,33.96974226275429
27826,34.578277553609325
27827,36.319093449010204
27828,38.28451835090648
27829,39.184237937810515
27830,42.81589144712933
27831,37.88348277243715
27832,38.26008373970302
27833,38.01312861012048
27834,51.12023190084245
27835,39.47911337008355
27836,36.95912976110317
27837,38.538201072948105
27838,35.0405788716757
27839,39.40116487898791
27840,37.57060764208961
27841,36.859088257229786
27842,34.94765496128723
27843,41.400019051897516
27844,36.05702508279326
27845,33.042693316793006
27846,39.74401882951148
27847,38.42259633275066
27848,38.493264847728796
27849,48.90216459602772
27850,42.03484921222918
27851,33.362395670453
27852,35.25997425810896
27853,50.89158557507246
27854,34.31648406700275
27855,40.90088372713449
27856,39.75652645546097
27857,40.217201777531045
27858,41.58062645212238
27859,40.23130801880605
27860,43.194177896062214
27861,40.507937679567945
27862,35.014078669102275
27863,40.92665529706588
27864,34.184407438161614
27865,36.888167607743455
27866,35.92805581542078
27867,74.73701414563834
27868,48.831218939353036
27869,51.30395162760131
27870,48.813110939174706
27871,38.468440653624384
27872,42.459411428271615
27873,43.312547549917355
27874,47.61160232454901
27875,46.38603011124313
27876,27.18173743994256
27877,38.45412881079949
27878,26.849368763253768
27879,43.57803066236923
27880,44.00357610581927
27881,41.780006432466855
27882,46.26759541721873
27883,31.881930931869654
27884,23.53476704091302
27885,27.24814938425387
27886,37.282016589937285
27887,30.522870395345883
27888,35.176012942043165
27889,30.42074563809785
27890,35.803043412483035
27891,33.29840645132785
27892,0.0
27893,45.117829917350605
27894,37.256501305365276
27895,36.64083614109764
27896,28.281704299168826
27897,32.204038325051116
27898,32.64605219281593
27899,0.0
27900,40.145250931891
27901,32.15597694574628
27902,30.07990436129824
27903,39.60482468424041
27904,34.8704916296808
27905,24.741142162347113
27906,32.42884988661852
27907,28.069932605340515
27908,27.149833398327367
27909,33.37442197210294
27910,35.34250350499782
27911,35.690307253002786
27912,24.712385906985094
27913,28.034283252726198
27914,31.178790991701202
27915,26.921319488583173
27916,34.86749075473601
27917,37.42363265510783
27918,23.07380249808048
27919,32.7596147675448
27920,34.703565024357054
27921,39.02997780793511
27922,26.87455732108985
27923,28.61483234872644
27924,33.168062352847706
27925,25.876724164039246
27926,23.710337000239786
27927,24.371826363999425
27928,27.782365849643334
27929,26.041093942076888
27930,26.622424296226907
27931,35.8443418069487
27932,31.86390436944666
27933,26.308795034363214
27934,37.352122955726955
27935,32.71912547033605
27936,25.580716973828206
27937,33.08463836682904
27938,31.091932004300048
27939,28.894816479459678
27940,41.19639105344572
27941,26.689979018519182
27942,23.525479039781587
27943,26.027364251960712
27944,30.04876239327939
27945,25.206837229750988
27946,36.64401520732387
27947,29.182905510645814
27948,30.85862275883558
27949,38.18311329609315
27950,35.10712788286825
27951,37.971143079068426
27952,47.08764097133804
27953,29.033191741809425
27954,33.78445184192296
27955,34.74283081426395
27956,22.37243175951884
27957,23.79957556544061
27958,27.687284667866567
27959,41.95074444677392
27960,40.63107339351926
27961,27.37332224957681
27962,35.79795891102789
27963,34.90465493916364
27964,37.61557426918522
27965,0.0
27966,48.904731322475804
27967,37.45813604048779
27968,35.61935552737196
27969,36.784433027189195
27970,36.81931140973971
27971,53.32986698623518
27972,29.743824886517146
27973,25.147523738929628
27974,30.5331369535964
27975,0.0
27976,0.0
27977,44.31989259445395
27978,29.101951827903505
27979,39.47563422983096
27980,0.0
27981,45.1686402372205
27982,29.288721701404395
27983,39.61302962291579
27984,0.0
27985,45.301662903887475
27986,35.220783223665286
27987,0.0
27988,0.0
27989,0.0
27990,37.47999905019576
27991,27.81776908272694
27992,29.379094949555494
27993,0.0
27994,0.0
27995,0.0
27996,34.5441537753872
27997,25.437463566942466
27998,31.744481312855136
27999,0.0
28000,35.041042011515245
28001,42.91750292164285
28002,35.51835737523011
28003,27.65886170848443
28004,27.88376602431124
28005,25.10993150355331
28006,23.341860327465007
28007,0.0
28008,30.520085612773023
28009,30.76237215807526
28010,0.0
28011,27.45370052632978
28012,0.0
28013,24.49903368840717
28014,34.261377760633
28015,40.25699060078936
28016,35.992299298689005
28017,32.395177909958136
28018,28.49027312959445
28019,39.0342409309049
28020,38.11321029691355
28021,0.0
28022,43.08469152509904
28023,28.260888327707185
28024,0.0
28025,0.0
28026,34.83190467386224
28027,0.0
28028,34.76083761854506
28029,29.806923988844026
28030,32.45582537267241
28031,0.0
28032,32.27859241267294
28033,33.325676379263996
28034,31.288641894546632
28035,36.73996034642398
28036,34.571844728085026
28037,39.161134975495905
28038,44.22389897951972
28039,38.84587820447423
28040,26.37365877144938
28041,30.74937426283502
28042,38.787699708269564
28043,43.064054537847916
28044,52.91403048646797
28045,35.1095710850828
28046,34.26347479609758
28047,0.0
28048,0.0
28049,34.80314908207404
28050,37.12207392541926
28051,44.0841886891075
28052,33.98713101189218
28053,30.03475507972974
28054,47.994652115971405
28055,39.545745948501335
28056,29.08994099914389
28057,0.0
28058,39.61439766474523
28059,76.53376046938878
28060,41.103583747158304
28061,40.62276474644334
28062,51.44149099796182
28063,33.002977813402964
28064,38.90637743368548
28065,44.48107227874348
28066,39.98236310425839
28067,39.57625165785057
28068,37.75266472181519
28069,37.28686821264992
28070,42.1520036913623
28071,37.00557791943824
28072,33.409274800350744
28073,59.754408760218624
28074,39.16668912911876
28075,35.912109754795054
28076,43.948144586017015
28077,39.22972955868089
28078,38.45412881079949
28079,39.13851531210493
28080,43.832423988792534
28081,57.4573018288973
28082,35.56348857221966
28083,43.37749925667407
28084,44.197858124547
28085,41.08388988702
28086,44.68262712133796
28087,45.010161293827395
28088,42.54308723229204
28089,41.15914700556037
28090,65.75215230949941
28091,59.748615313633444
28092,32.391140879698774
28093,42.673329714181534
28094,36.5127745773317
28095,45.82421711368149
28096,41.852115050498426
28097,42.460595984069
28098,65.1519439928035
28099,50.33859352489188
28100,43.10092137882805
28101,36.76045302571261
28102,55.547306790333664
28103,37.683716984339426
28104,35.18855956664797
28105,34.54266761114991
28106,33.09583550280976
28107,33.41660193405506
28108,32.4370993747503
28109,38.166843979126355
28110,32.934843987828216
28111,40.16913257123451
28112,34.44347170289643
28113,31.375539930355785
28114,32.78063170464356
28115,36.00374625132237
28116,31.223152633595518
28117,30.818311305198094
28118,32.841650889027335
28119,31.59473266891802
28120,35.566892437672706
28121,31.932310378322953
28122,38.224898260916305
28123,32.429945321558904
28124,34.96048244353304
28125,33.36105223857532
28126,36.217882560409834
28127,32.24100221720622
28128,31.730238137788383
28129,31.85225840832819
28130,28.985507176747895
28131,34.221459746637954
28132,34.73256349251471
28133,34.35245039139126
28134,30.255104182453657
28135,34.171331316823384
28136,35.29208446424187
28137,31.151746242849157
28138,31.608744378193258
28139,30.988483880778794
28140,33.37916483687148
28141,38.66511436790788
28142,33.95998938485374
28143,34.43765685886736
28144,31.69703543649757
28145,33.313348377904354
28146,31.61183119965999
28147,33.02290073516695
28148,33.36033297811889
28149,34.58623530040394
28150,33.37265512533891
28151,33.93061860364887
28152,35.826570819261036
28153,32.22574865226145
28154,40.50876946805959
28155,31.024457554637834
28156,35.788659496521106
28157,32.069555159125805
28158,35.4510335809522
28159,33.76017582871709
28160,33.83808683810023
28161,31.358101242843652
28162,33.86136098914225
28163,33.840456243484425
28164,31.65695758494492
28165,40.44442831065114
28166,35.29231407263036
28167,31.126464572518458
28168,32.15875155716597
28169,37.59240115286731
28170,37.37220516331917
28171,40.42154067006942
28172,35.54941571406061
28173,34.05217065319907
28174,36.46154071235357
28175,37.933865061665465
28176,36.10269100092684
28177,36.406662394212205
28178,38.06415590098255
28179,36.93072938441047
28180,33.13669744783671
28181,37.03473353042818
28182,36.75618844583474
28183,33.504879459977914
28184,35.17526719415992
28185,34.5419967986241
28186,36.56741294472069
28187,34.280983012226045
28188,36.80572267125254
28189,36.66303836783613
28190,42.11150467943079
28191,36.0380944544241
28192,35.524703519632574
28193,33.604286342954055
28194,35.16292200069152
28195,34.926099564209565
28196,34.035063473764296
28197,39.08119970467273
28198,37.2095543930089
28199,36.744873292789435
28200,35.86694960223099
28201,38.67192656220973
28202,37.3559149742719
28203,36.5185593017077
28204,0.0
28205,39.289343723882624
28206,37.256586823582566
28207,0.0
28208,52.41894192885393
28209,46.63873686589817
28210,37.0284041093624
28211,37.62154216817037
28212,45.52286814183836
28213,45.72362269994891
28214,34.4653345344086
28215,37.50561710683847
28216,32.551841983890554
28217,41.533507786960385
28218,0.0
28219,36.86069103423219
28220,31.366788877750526
28221,36.02462333275044
28222,69.23049003106779
28223,0.0
28224,45.18994236839134
28225,0.0
28226,33.64151685475858
28227,35.83037082516193
28228,44.87252310076918
28229,34.86187431269155
28230,36.18220456416024
28231,30.69696552243383
28232,0.0
28233,39.65244505963321
28234,0.0
28235,64.85879185121873
28236,0.0
28237,34.79845075692536
28238,45.28831465326284
28239,0.0
28240,37.89688856643812
28241,0.0
28242,40.227552917503054
28243,33.49847558231815
28244,35.0385659895455
28245,40.85284428613105
28246,34.02682020164548
28247,35.779149439654724
28248,48.05563917325038
28249,33.23868468217903
28250,0.0
28251,0.0
28252,46.21558218021634
28253,34.52937650405132
28254,0.0
28255,38.262692281292715
28256,38.8023135511708
28257,36.16376919008627
28258,32.22487183350585
28259,38.59105279396325
28260,39.884702321189984
28261,0.0
28262,34.87944202209577
28263,33.351266232029424
28264,34.20818553108198
28265,36.585468240295725
28266,33.324323024518726
28267,40.48886095847914
28268,38.9612920645869
28269,47.760272911667684
28270,33.34787399908433
28271,42.3724657491026
28272,39.0831632305751
28273,35.97609177071522
28274,39.793876476987315
28275,37.69011428239865
28276,34.76929246825637
28277,38.444606946434604
28278,39.28603834907266
28279,31.9216389426948
28280,40.06759597605739
28281,36.757335107004565
28282,37.766703679446294
28283,42.06657872907081
28284,35.85833752913865
28285,0.0
28286,35.25916524189667
28287,34.90203978779085
28288,32.11050852105764
28289,36.88717405085465
28290,56.88295773601182
28291,48.73476428549723
28292,37.517735500199
28293,39.8754648815996
28294,36.8939192105352
28295,34.38116943327593
28296,37.160963217113846
28297,35.01612276682394
28298,28.342085209205273
28299,36.02492520505004
28300,36.83346003013464
28301,41.12182257872455
28302,68.66143423496611
28303,41.48731894044941
28304,40.34482196450801
28305,37.261848912434196
28306,33.64629366223331
28307,45.41325393322346
28308,42.283029469494466
28309,35.37723028029374
28310,43.616564301886335
28311,41.753327872806615
28312,42.88592862078582
28313,38.20002753869812
28314,41.537642258082535
28315,40.16257878327127
28316,33.346570183009895
28317,40.33147689330272
28318,43.90444966225506
28319,38.94754544731457
28320,36.34050891369159
28321,43.09389084224692
28322,41.15156891646362
28323,45.805375594613416
28324,42.459122120810335
28325,42.764335772478105
28326,35.57702592430435
28327,47.84398799699058
28328,40.545176352050404
28329,35.172271347972426
28330,39.16757893682473
28331,34.76651962752435
28332,40.235978188622745
28333,36.252685109735175
28334,40.70640889898806
28335,38.155470152558024
28336,41.540802837597454
28337,43.758984829414445
28338,41.04577028049843
28339,38.904417348148364
28340,43.76258508676353
28341,35.19125594665636
28342,41.27709566082922
28343,40.836744696938986
28344,38.51095872562295
28345,50.19242719218094
28346,39.12786219549885
28347,44.58305388609633
28348,36.840382318240714
28349,37.05964835650011
28350,37.67873341218053
28351,39.819144894758026
28352,40.093564873750594
28353,34.5009492904786
28354,39.66788087917542
28355,35.75059506557314
28356,44.95936760914279
28357,37.38886045400141
28358,43.658359732215395
28359,37.192948677408154
28360,38.48560871699585
28361,44.08051162968295
28362,43.84779925049677
28363,41.43572415128348
28364,44.149348266984255
28365,38.99194231033894
28366,42.499344896842906
28367,44.73332020684854
28368,42.38022615946239
28369,40.47044886486097
28370,35.97363365956615
28371,41.95288729321793
28372,39.9706205189817
28373,40.01517419264428
28374,45.115429737075054
28375,40.421168691726024
28376,45.81904318991994
28377,44.36689075210311
28378,40.068577416603695
28379,36.120455212690004
28380,40.46948225832454
28381,39.857765360613186
28382,40.97591983044572
28383,34.501556050191006
28384,39.06137329733382
28385,42.249950165984274
28386,35.648777375054344
28387,38.59192445875703
28388,33.39396341842058
28389,38.94419341158814
28390,36.234162274251254
28391,39.03371367950755
28392,41.20349887333865
28393,37.29972648498873
28394,34.92093869535796
28395,37.94948742272551
28396,33.55295654339557
28397,34.748430478964416
28398,37.83652109817951
28399,39.56482426659504
28400,43.194816062095676
28401,45.67120323451179
28402,42.17711306824671
28403,36.3467096802588
28404,30.869269085946836
28405,38.87665898511072
28406,41.64382176147507
28407,52.14347945360944
28408,38.47183544112209
28409,47.11196855457207
28410,42.22200647304005
28411,42.55551164887012
28412,32.56077748227812
28413,34.59285270323506
28414,34.639080349194955
28415,39.48828044586274
28416,0.0
28417,43.41443613197609
28418,37.01224749018309
28419,39.20659325071738
28420,42.20717412509238
28421,28.1382092183012
28422,45.23877610658434
28423,30.16384209876926
28424,31.682954700294026
28425,40.14170787909526
28426,44.09918929865981
28427,0.0
28428,0.0
28429,45.93627204531086
28430,39.1958799110537
28431,35.38683167930627
28432,33.874715256007136
28433,38.41690430890739
28434,39.11892229470395
28435,42.38099198503776
28436,42.26935661578522
28437,37.65303926862143
28438,41.73659129634797
28439,39.88590836758456
28440,41.11863500265633
28441,40.82760826691171
28442,34.928891832141616
28443,39.800921814261145
28444,38.731166477693264
28445,42.92989233822355
28446,38.26730830009077
28447,39.36470616257513
28448,39.22199466729462
28449,40.22933646541085
28450,40.93290041781272
28451,42.21625362983639
28452,38.096786015178836
28453,38.36426835999201
28454,34.99303247982714
28455,40.21162805190332
28456,38.726249533092236
28457,38.9811620339877
28458,34.5300751113991
28459,40.8343915484317
28460,37.908678629478544
28461,40.463165805158646
28462,38.76620243425809
28463,36.6327057155358
28464,39.9425687269659
28465,39.74410168403797
28466,38.16191632386273
28467,38.57115852561618
28468,39.12152237144296
28469,0.0
28470,39.971925583433624
28471,34.535772313548556
28472,38.96427467889365
28473,0.0
28474,27.769941311016066
28475,35.863606236950915
28476,0.0
28477,27.592872633944175
28478,46.29968405924686
28479,27.43151031618337
28480,41.06746123078044
28481,36.505679579925065
28482,38.94426235050027
28483,0.0
28484,32.93350766528786
28485,0.0
28486,0.0
28487,46.842077591494494
28488,0.0
28489,42.20759526076757
28490,28.318879667507908
28491,33.09620977807781
28492,30.963888471698034
28493,0.0
28494,38.02387493989136
28495,43.341231149934714
28496,51.224178494308255
28497,52.21506542037547
28498,43.06994342595189
28499,47.51598594119192
28500,47.36296736680746
28501,50.624985026179026
28502,36.488023903742395
28503,0.0
28504,36.38583154095056
28505,36.36076727948601
28506,36.085220104899975
28507,29.09979351454313
28508,36.48182836269635
28509,0.0
28510,51.152975460728875
28511,38.06314971374202
28512,33.819903505077
28513,35.53742478070029
28514,46.45223789206202
28515,28.606645351339253
28516,36.052117775048494
28517,35.12413378486414
28518,29.483655079515433
28519,30.048231962959207
28520,0.0
28521,35.293466197715915
28522,48.497058917520455
28523,40.06030223841622
28524,52.775215147833634
28525,36.48722645556017
28526,44.052779169595986
28527,36.41666891382465
28528,50.084455537581846
28529,32.45022063077775
28530,28.716844000623148
28531,34.287308121739926
28532,46.87927971141785
28533,32.83526251918847
28534,41.20957242483356
28535,32.61510770608474
28536,35.387310189676505
28537,0.0
28538,37.10201048557016
28539,38.01085460898891
28540,37.953999966234484
28541,35.395027359377636
28542,0.0
28543,35.61627939257845
28544,39.24651533053802
28545,36.88896418182161
28546,31.238425530064273
28547,35.49989735427684
28548,0.0
28549,29.457230178755417
28550,35.10189736382845
28551,0.0
28552,0.0
28553,0.0
28554,0.0
28555,31.27733304363153
28556,0.0
28557,32.724142301094545
28558,0.0
28559,37.56586516484844
28560,39.62311337244248
28561,38.72306258905708
28562,40.395807413937874
28563,32.15690951480854
28564,36.44151567837181
28565,36.59674704003173
28566,31.77688467850718
28567,0.0
28568,34.30502049189381
28569,39.71335168082191
28570,46.77652901954753
28571,37.274920058026254
28572,73.89670707682927
28573,38.8582232352558
28574,36.674697650504314
28575,47.278549071350675
28576,50.61234898207544
28577,60.130408014431595
28578,74.97635534398837
28579,36.78170267081673
28580,54.81590690290096
28581,57.951477333416705
28582,56.00056620423156
28583,38.339459124778074
28584,57.58227880625633
28585,43.04240562187414
28586,39.30244482963593
28587,35.24767911908159
28588,39.21616220277923
28589,58.42265359278974
28590,55.64956082166619
28591,43.94325572032039
28592,49.85687615328343
28593,34.29543762859441
28594,38.111542382082746
28595,60.25712208824111
28596,50.895003075117216
28597,34.92305481574438
28598,35.647519467069145
28599,39.53179243373941
28600,33.404049145694486
28601,39.34050460781646
28602,57.23049781895463
28603,38.15484454260942
28604,40.28431550810278
28605,38.326284937653085
28606,36.62330932675376
28607,55.18390779051529
28608,39.50754005695413
28609,42.57444834445931
28610,44.41452260425632
28611,53.885487424546426
28612,42.98033673383341
28613,55.9086737520941
28614,35.923252802548
28615,34.67119529107582
28616,42.006395322674834
28617,43.622397818216335
28618,41.637482370886744
28619,51.00764274769321
28620,77.78282361219652
28621,45.204565888229276
28622,39.25463637809724
28623,39.155802105810835
28624,55.790700932748614
28625,52.995468613800185
28626,71.63112817788631
28627,35.60759878793382
28628,64.14336598230793
28629,42.234658322871056
28630,44.2602355135458
28631,35.640671117167955
28632,39.335319704465505
28633,42.8292123778968
28634,38.13528524260887
28635,54.55666700343592
28636,42.763847314502655
28637,52.234383478256156
28638,34.82301907097714
28639,37.4977317712302
28640,38.80193910894477
28641,39.544584847482426
28642,44.66873116850173
28643,31.86985056038434
28644,46.81298963261136
28645,40.07402583147857
28646,50.524420001121236
28647,37.84107904123393
28648,40.407951615025546
28649,74.97626376321894
28650,69.2155011834846
28651,61.37519542420265
28652,62.00542086402365
28653,40.78418425233546
28654,37.00553369225963
28655,42.088632053484076
28656,46.62554200330251
28657,34.93926579180507
28658,67.8311694026128
28659,61.744231554010945
28660,60.04199306514348
28661,38.40954247986415
28662,62.44666812715312
28663,37.77399564363205
28664,0.0
28665,42.10538246348034
28666,36.42560724388853
28667,33.869805619371576
28668,35.961832190329275
28669,55.286638253185735
28670,41.322339100599685
28671,32.49861197075539
28672,54.672083349668576
28673,39.939285748265114
28674,57.18910607231746
28675,35.709813283836354
28676,47.85735436822149
28677,34.98535179909144
28678,55.682845076094466
28679,39.93884679918068
28680,53.07772948677525
28681,34.50938684760231
28682,33.08281962855446
28683,32.84060377811183
28684,59.187159544782446
28685,37.57060764208961
28686,33.09635062083851
28687,37.86617757173112
28688,40.72221933961843
28689,41.7432662305556
28690,36.05702508279326
28691,36.635009127272234
28692,42.934330238343094
28693,35.97292921991945
28694,37.21295167107253
28695,36.117595037399674
28696,42.78534755103769
28697,39.38719594206275
28698,43.04616362722109
28699,41.601524496464826
28700,35.70625043379329
28701,33.351243725755666
28702,43.7629707334263
28703,33.48186905993268
28704,35.102683773847644
28705,41.10900502364977
28706,40.26738264037186
28707,37.00958447981618
28708,41.498614112492284
28709,36.08805524781108
28710,41.94934704555123
28711,36.4728096109421
28712,56.02577687072212
28713,42.16349387532172
28714,59.12570719309139
28715,38.14240804097875
28716,46.68219457036974
28717,45.747337368037606
28718,27.034950883352494
28719,0.0
28720,36.7584152243534
28721,39.586397468508665
28722,30.854083884364044
28723,0.0
28724,44.65232321815747
28725,50.97449455649514
28726,31.776942438703585
28727,39.31288383147069
28728,0.0
28729,46.02650443930916
28730,27.53960906097862
28731,27.55722399125736
28732,38.80508325597113
28733,38.74481139190293
28734,31.15558969072559
28735,38.80214387056169
28736,35.18347812225565
28737,33.39766147927104
28738,34.98988030783551
28739,0.0
28740,0.0
28741,0.0
28742,0.0
28743,31.29507250584561
28744,32.72213074982514
28745,0.0
28746,37.46050245907585
28747,36.52131510993168
28748,49.230883809602716
28749,0.0
28750,35.26455355479252
28751,36.14938021115487
28752,40.86406632178986
28753,32.35033618485356
28754,0.0
28755,33.450301484378436
28756,44.91889229285345
28757,43.195315633288054
28758,35.11898212676692
28759,36.39920087577699
28760,35.61754171324843
28761,37.75805729663609
28762,34.030118304859016
28763,31.660307312219103
28764,33.25449323342908
28765,0.0
28766,33.253358601800294
28767,41.885109962326794
28768,32.06527636132965
28769,30.31399155426765
28770,35.43430719648887
28771,35.85377012857187
28772,29.59978980742651
28773,33.80045249943059
28774,36.673892524741646
28775,36.726849484170955
28776,38.547998925499805
28777,37.743886423695315
28778,39.44559176563996
28779,39.22110958910637
28780,27.381767539059283
28781,34.56720047271454
28782,34.6890741196635
28783,0.0
28784,36.216112178263415
28785,30.78359055573594
28786,35.12167285325774
28787,35.63222305464893
28788,47.53770583925773
28789,36.55922769940078
28790,38.33732092213986
28791,30.146538125813265
28792,0.0
28793,0.0
28794,45.27405685270352
28795,29.231410660392633
28796,35.292551027208816
28797,34.80464677041696
28798,32.82676456800515
28799,32.14906429691925
28800,54.3818143439522
28801,38.64305417483587
28802,49.737051379137554
28803,66.09815033597334
28804,71.22687699894243
28805,78.1491989038735
28806,58.656694213901574
28807,59.290777206306274
28808,54.41972215991959
28809,62.94453167699358
28810,56.35447143854174
28811,43.68614804644244
28812,64.39343990375045
28813,77.16064270842844
28814,40.34868473800052
28815,69.06686677702942
28816,60.481908188287605
28817,58.1440629766365
28818,59.43529670133703
28819,57.15969320838029
28820,38.03384828023674
28821,42.630615732876905
28822,42.99852941572327
28823,38.826837180076346
28824,33.85848029817891
28825,60.86626176355989
28826,43.818077045863
28827,55.48809491952432
28828,61.502102442307375
28829,33.08948396929719
28830,41.367016721489655
28831,48.813110939174706
28832,32.8911526566377
28833,57.22540795642885
28834,62.14376565027854
28835,42.32983046048703
28836,30.296504764331885
28837,51.613585536513334
28838,61.07076071628279
28839,73.76401358749175
28840,75.43250326245348
28841,39.46389137755304
28842,56.93006727420688
28843,65.20370519586648
28844,51.95996362585722
28845,41.071971710405535
28846,79.45738636297096
28847,51.012996966415045
28848,58.21505481395436
28849,49.0289697349003
28850,42.167710093694424
28851,38.20748880889502
28852,61.47175940117683
28853,62.39793410150094
28854,71.49901331367886
28855,40.84760448448415
28856,30.24678312478376
28857,39.80427752643151
28858,61.170702335299225
28859,39.315013752691904
28860,66.86386662224172
28861,38.19978452869582
28862,44.040068191116205
28863,60.70567696456229
28864,37.22766096234187
28865,37.57574174406448
28866,36.88166478161996
28867,37.42684510399879
28868,40.887090163325
28869,36.2184798644506
28870,42.369066411406266
28871,36.47385022716199
28872,36.689624318433374
28873,34.758629477495084
28874,35.406675554729404
28875,38.35541616432758
28876,40.58976023694933
28877,42.318949900685226
28878,35.66209114059009
28879,35.65911711448166
28880,41.12246602877484
28881,45.35756203846483
28882,42.209153172239034
28883,38.57725826037946
28884,41.40619715050097
28885,35.20488615557558
28886,35.14309631129626
28887,38.976878225305015
28888,36.64790340507961
28889,39.49221218419782
28890,43.46400189149624
28891,38.25472654431963
28892,34.45461873965654
28893,38.311114728453546
28894,35.87855765543623
28895,36.51964263521262
28896,42.03339666821724
28897,35.73429047388763
28898,44.40287116713632
28899,37.74546076454011
28900,35.21145862814339
28901,42.58872319927804
28902,35.22773335615254
28903,37.70568439748721
28904,36.90708317556853
28905,39.38836815259386
28906,44.718686091692106
28907,54.52568877540391
28908,40.976300985723256
28909,42.499484638050525
28910,41.884817080727906
28911,39.12710402795743
28912,46.42345305631322
28913,36.73981739585431
28914,36.630458386538066
28915,34.10134735058304
28916,40.151943163128976
28917,41.69000019876156
28918,40.005215804348275
28919,39.42349396373223
28920,36.3786470866103
28921,48.619701795107574
28922,58.533764723911965
28923,42.76984140890616
28924,40.964182854012435
28925,41.68400941906218
28926,42.76021145709729
28927,41.26705428433148
28928,41.46685761819947
28929,34.98000382163101
28930,34.42136227850353
28931,37.714172011758194
28932,42.71122748185071
28933,39.84751220827529
28934,36.14880672188701
28935,40.21614380095391
28936,35.68034684755066
28937,44.38552937391246
28938,36.77219539738511
28939,39.43274562922348
28940,36.735404498156186
28941,40.5363963381259
28942,35.35951560515569
28943,35.27933368595382
28944,38.10322456158083
28945,44.79427143987152
28946,43.448221788296294
28947,37.28451518003925
28948,39.31762861721378
28949,40.072195402469255
28950,38.19817602353737
28951,33.77719827250783
28952,37.37300228975945
28953,39.39572815890718
28954,40.29079855584362
28955,34.91774737205931
28956,32.98056950463979
28957,35.55171463874066
28958,38.5534700943393
28959,38.83856290690387
28960,44.09999748385287
28961,58.66585866858462
28962,38.253630175171544
28963,30.958521894642416
28964,42.5684555484986
28965,36.881004905581555
28966,57.22369828726278
28967,0.0
28968,40.15763638348796
28969,53.20918324559146
28970,33.87347226168611
28971,59.587970290605654
28972,41.82110314409294
28973,39.851734483678484
28974,30.219891970802948
28975,49.63012834871626
28976,52.66645272390568
28977,56.54967971127989
28978,38.04679032337492
28979,43.567368271211386
28980,44.16645878251083
28981,53.83064773297786
28982,36.682957192093305
28983,35.01713216819876
28984,35.86698013223347
28985,34.31402292459697
28986,37.58233533246907
28987,34.91541876567959
28988,43.24276650166164
28989,39.368067800137695
28990,42.3550278169588
28991,39.538517180786734
28992,40.585688779207544
28993,36.03463599649598
28994,38.8866479641903
28995,35.171349205004056
28996,33.871746122108135
28997,40.05884224378294
28998,35.125422410029316
28999,35.06093837424836
29000,36.41375555415894
29001,34.17341136767717
29002,34.34800775871987
29003,43.66102872698466
29004,37.121294519941905
29005,36.61906246879245
29006,38.27597271451936
29007,39.56700430512367
29008,35.68318066598742
29009,34.611892049500376
29010,38.50140870617782
29011,35.16993859818136
29012,36.221236093429766
29013,32.993538583607645
29014,35.72101312999077
29015,40.171510985895964
29016,33.57138710499961
29017,37.91727606158911
29018,35.43987557780089
29019,35.43820604052413
29020,39.36791844461516
29021,35.95491164522129
29022,53.259714504589255
29023,36.55454271781316
29024,39.482266152839564
29025,37.29145625920718
29026,57.04387864808969
29027,38.931540067957954
29028,34.413859246498916
29029,42.33170701752049
29030,35.27694957081848
29031,47.64256649724648
29032,33.95149351388589
29033,29.39574440828426
29034,40.1206071340571
29035,37.54061642406031
29036,43.93879485846261
29037,39.45166495322659
29038,32.78218884811557
29039,34.54850357201068
29040,51.65469949882239
29041,32.13877094373909
29042,34.67643822150188
29043,32.80057345496015
29044,33.6162869316088
29045,35.205961386023176
29046,31.21170254764241
29047,42.24340538902524
29048,31.20338921587227
29049,31.573646777069364
29050,28.472932827437855
29051,35.10552072743427
29052,42.02173607125812
29053,37.44388322207122
29054,0.0
29055,31.757504613878037
29056,41.14439102833594
29057,34.85448801761539
29058,36.13905987217205
29059,29.46321509868116
29060,0.0
29061,43.30057101304508
29062,39.277482401960135
29063,0.0
29064,39.114230144409326
29065,27.203750699972034
29066,35.290767325520974
29067,32.99956052191518
29068,30.078762480397224
29069,0.0
29070,0.0
29071,27.576440025974097
29072,0.0
29073,28.373840011129754
29074,49.46925877839853
29075,30.621218010075246
29076,31.36010356043925
29077,27.642902088149434
29078,30.886981225454168
29079,26.12790319277838
29080,27.113110839031012
29081,36.4306984592451
29082,0.0
29083,26.948245792481117
29084,0.0
29085,32.513339972359
29086,0.0
29087,0.0
29088,28.23788773133795
29089,25.963489185032127
29090,28.75159331328191
29091,0.0
29092,29.043193974569153
29093,40.2669849581998
29094,27.305939078620813
29095,39.450084986322764
29096,39.513871421449785
29097,39.13715259702587
29098,29.203178494261184
29099,0.0
29100,26.647641204578864
29101,27.648015745649996
29102,41.77848733713986
29103,0.0
29104,24.307540933121597
29105,0.0
29106,36.692899008321675
29107,39.533220867503026
29108,0.0
29109,40.72187247149335
29110,30.068482588293
29111,36.27886352753613
29112,41.07918788167523
29113,39.91160901506543
29114,40.75237601078603
29115,28.65492514144138
29116,29.223863454845656
29117,27.120516431623994
29118,40.41271281586854
29119,0.0
29120,31.30554661777358
29121,26.154811154861786
29122,0.0
29123,0.0
29124,50.70920670361141
29125,0.0
29126,46.92418827666325
29127,40.09727513329274
29128,46.5633413626622
29129,38.179722893057786
29130,41.63141055278909
29131,40.01960890076486
29132,45.641729379787066
29133,43.801715759138624
29134,55.996384563027846
29135,40.26252814123596
29136,41.18304675160301
29137,39.779415461033246
29138,66.73937118714792
29139,39.258135515267284
29140,40.728237152145084
29141,52.73911276731941
29142,39.108680560758
29143,60.187923160975075
29144,75.6281281063514
29145,54.59962060339978
29146,37.561892606463395
29147,44.1448037272557
29148,49.2392559501776
29149,43.255921399920936
29150,36.24708145417871
29151,63.54462588448847
29152,43.209159547565875
29153,39.89600716753624
29154,58.76686477778087
29155,40.92475778966172
29156,40.393329558800126
29157,39.72993815427505
29158,38.20067879193437
29159,41.17408209854666
29160,42.2925460354902
29161,40.68808402282332
29162,37.488444409954624
29163,36.825921427294766
29164,52.23489840387294
29165,68.65732245891733
29166,46.56104032031518
29167,40.6295679341039
29168,52.384144588285835
29169,39.32540497483888
29170,40.49514827191551
29171,41.036297383425605
29172,41.40452196565325
29173,35.96986649140784
29174,33.679763184261994
29175,35.87933948395387
29176,40.55547389720407
29177,33.775003234584936
29178,39.087253755394265
29179,59.419001052753394
29180,41.55961921211363
29181,38.72548577382558
29182,58.76953707325628
29183,45.14499420657328
29184,33.97271778401728
29185,42.15304823222495
29186,39.117451705337785
29187,39.8955351570066
29188,33.92096834317234
29189,33.868678430181596
29190,36.88137820085428
29191,42.27152906017464
29192,41.00534756656493
29193,42.46517588878673
29194,42.33520402783687
29195,41.24266986907177
29196,31.663141492523078
29197,32.718818710433865
29198,57.50453164826774
29199,0.0
29200,34.45650549486817
29201,46.06798888523919
29202,32.480364209471986
29203,29.403032052271932
29204,33.0799437189155
29205,35.95905917097191
29206,39.23405357739106
29207,36.77354976223579
29208,34.26578157047862
29209,36.028685730224446
29210,28.400611028792845
29211,38.887122615439694
29212,38.921572457289805
29213,39.19700744681013
29214,35.02677814464894
29215,39.49409218473156
29216,40.558014546186925
29217,34.84284548997354
29218,34.28809144451583
29219,38.74195049514856
29220,38.77806887535313
29221,39.19096956582189
29222,42.633795786395865
29223,40.34802246237922
29224,41.244215433128716
29225,36.94402157691092
29226,38.86896300391163
29227,30.971329142148996
29228,38.450759925232276
29229,34.32820042182562
29230,45.89498512191142
29231,37.12565047491984
29232,36.872568506762704
29233,34.27422089522383
29234,39.38128380227638
29235,43.689579878541316
29236,39.58903733291967
29237,38.89109937648222
29238,33.84353744959644
29239,63.70941208826957
29240,36.173345690838
29241,37.17478342156503
29242,37.23354278928672
29243,34.38810203494691
29244,34.31385583340813
29245,36.30916907843696
29246,36.41862832900012
29247,36.97791443651026
29248,35.05773046539751
29249,41.402349415083044
29250,37.19392965889428
29251,38.64152391258379
29252,28.121959547483193
29253,38.12602251936074
29254,36.536477456559496
29255,41.740585562958906
29256,35.840212174041405
29257,38.82369076392812
29258,42.716091727667106
29259,34.985223997158
29260,36.81443769200248
29261,42.81799756692697
29262,39.396787505561065
29263,36.1628332547122
29264,39.767535526883734
29265,54.35580604863969
29266,42.5692813900748
29267,34.28667270443609
29268,43.09741542076007
29269,36.40670560400524
29270,42.328857548689605
29271,38.213574812750366
29272,40.06347574327605
29273,37.966600482175664
29274,58.45875569130104
29275,44.331547228664824
29276,39.14261898642174
29277,39.5458633324066
29278,49.36257127195648
29279,51.44149099796182
29280,39.80162673227458
29281,39.687665351122156
29282,34.58939421224896
29283,48.53106666847381
29284,45.68026879996959
29285,49.19882161998319
29286,46.67891369593562
29287,48.84447810612038
29288,56.6939493031161
29289,52.2641962770828
29290,38.957318247109676
29291,46.90437782375456
29292,45.47487598199322
29293,30.570984585140366
29294,0.0
29295,51.831250004372606
29296,31.018215151436603
29297,45.73456523477461
29298,46.95000261807001
29299,34.50009548298113
29300,39.48265432495312
29301,35.60550851618183
29302,79.74293968266569
29303,44.759374487242326
29304,48.38826736875711
29305,51.72366202057386
29306,47.95454251383564
29307,53.14859162216409
29308,56.01373353688044
29309,26.203886942611586
29310,53.42400867599353
29311,34.677538377391585
29312,53.283645733870316
29313,42.04752342331715
29314,40.6886630717703
29315,39.55125369575283
29316,32.01973700236853
29317,33.86964238205582
29318,58.609977545298335
29319,58.77976844187228
29320,28.96957637834743
29321,34.42238273878313
29322,33.130922979118296
29323,38.91971571582944
29324,0.0
29325,31.06131294750148
29326,35.90759451928515
29327,43.00717880981504
29328,37.2267957213577
29329,51.46321792660199
29330,36.411551316196224
29331,36.27704414741141
29332,33.506388703873014
29333,40.30393344130548
29334,50.99753939430864
29335,46.756385526195594
29336,45.73383300256108
29337,30.058331809553565
29338,31.561556165071032
29339,33.823402749909945
29340,35.98939013947249
29341,44.074130016851115
29342,41.12672973075554
29343,32.93288267214466
29344,42.09062290732827
29345,54.50361040453263
29346,44.26784696292548
29347,44.00962494483153
29348,43.00382904360925
29349,38.14306366147102
29350,45.3917330438186
29351,40.12351773441348
29352,47.52806719703281
29353,0.0
29354,42.89848151677683
29355,38.52769363301944
29356,44.96362328478766
29357,40.730398353261
29358,42.74275835313961
29359,37.79267575748537
29360,0.0
29361,35.579351015920615
29362,45.779616816854926
29363,35.22733199544682
29364,34.76756482698153
29365,36.34298172177288
29366,53.468178906876645
29367,34.15692657110313
29368,48.20619721738655
29369,32.878760909609376
29370,0.0
29371,38.09398237705711
29372,42.659131873404846
29373,44.35472454274806
29374,51.050015192421185
29375,33.27164996024398
29376,36.87829064334807
29377,31.923288278992942
29378,36.147699182402896
29379,42.79146131882419
29380,45.74348997921602
29381,38.79695823732289
29382,36.26782502370938
29383,32.60226935046138
29384,30.753557959488983
29385,33.93314471969113
29386,37.33746788009829
29387,33.902521471540084
29388,32.54671414133759
29389,35.124186002573296
29390,37.47572745684032
29391,30.017741016649847
29392,31.63143566725805
29393,51.26757189098072
29394,33.767415941776825
29395,35.47925232883671
29396,25.439472501109893
29397,33.28457936627207
29398,34.65176604488742
29399,46.64774705876335
29400,46.10824792824306
29401,37.80112847594932
29402,34.411289837510836
29403,34.22297582825943
29404,35.84042310619316
29405,27.346689326453784
29406,21.088745876681525
29407,38.92990606437855
29408,28.637661725192018
29409,36.36223334328926
29410,35.84340273735147
29411,27.3443467550207
29412,0.0
29413,27.825533015815754
29414,32.99356048772947
29415,33.88848727645997
29416,33.56194198442271
29417,46.21986419058021
29418,35.916456027982676
29419,60.25938818388202
29420,35.57639683583633
29421,42.7913817501562
29422,43.10312277515476
29423,42.84623515198338
29424,55.433263118580186
29425,56.69862433342471
29426,45.31993840057289
29427,36.10068496122763
29428,40.95800610308446
29429,42.633566101221845
29430,36.69007924013181
29431,41.68664762138648
29432,41.266460138072695
29433,40.8316444433757
29434,44.12505364470054
29435,39.46004078357267
29436,44.70841594918961
29437,33.46502705369754
29438,38.378508298376346
29439,45.32204964006643
29440,44.194849659878834
29441,41.425163390990846
29442,44.20989108691412
29443,44.406722137982634
29444,43.749460903945106
29445,40.6324372349884
29446,53.63942865973168
29447,37.927121290572984
29448,41.22363457690629
29449,38.537300002642255
29450,45.04729259525405
29451,36.96257426065649
29452,35.08276855869489
29453,41.77716319358951
29454,37.31791429069612
29455,34.96072302420674
29456,37.369347998005466
29457,41.84558068948168
29458,42.746480433521455
29459,35.71421109112819
29460,46.17314507644219
29461,39.6298175308409
29462,51.91134947110843
29463,41.279678181882666
29464,44.31313960964527
29465,40.47897390909555
29466,43.73375945111849
29467,47.16802343839077
29468,39.24211855859642
29469,40.876192882431155
29470,43.46236125130554
29471,40.51013375232463
29472,38.478124141518
29473,44.09399509376742
29474,52.37981694501192
29475,63.2333256062504
29476,36.20218844210148
29477,36.7048562470078
29478,49.094073377298976
29479,45.54245441455854
29480,41.70217992694887
29481,42.54844984687466
29482,37.80476937557945
29483,44.29613753541436
29484,53.829634211401405
29485,49.78381048315128
29486,41.65290903414373
29487,42.33750399166451
29488,57.58748368372961
29489,50.41549171823974
29490,36.459602586957864
29491,38.13743115580222
29492,43.26154943864918
29493,35.397173691660704
29494,39.76816250484717
29495,51.3400986331554
29496,41.8008126454631
29497,44.65807407350513
29498,60.817016916248434
29499,37.27154176814152
29500,38.09569960735388
29501,39.666384223377904
29502,45.15248296485648
29503,35.96512434001508
29504,31.40918644130405
29505,36.81858359505231
29506,36.088723460856876
29507,37.843889889315996
29508,61.81695871739926
29509,64.04821599268836
29510,33.50123718112192
29511,39.66869132061258
29512,38.82247086906033
29513,35.31806050240512
29514,33.26553507183905
29515,65.55072204812649
29516,39.85495935911003
29517,37.64281168546136
29518,39.33903336026886
29519,40.51789140560414
29520,24.97048167969256
29521,32.6369056139582
29522,44.6145958409422
29523,46.05889457049749
29524,46.38851596219768
29525,47.539283930574676
29526,34.93555373636426
29527,33.200603582234066
29528,31.623094727194314
29529,28.55977418512128
29530,35.12278969523665
29531,41.30007987227387
29532,31.637002071278765
29533,43.20247292245
29534,39.38051977800303
29535,51.250027031355216
29536,58.99583778234936
29537,34.03499626547413
29538,36.73356945443402
29539,36.81521038330901
29540,37.26292372956186
29541,36.048822462431225
29542,51.32363341735388
29543,40.962848918296814
29544,36.8774654101404
29545,35.563022297310226
29546,46.571492217492484
29547,51.97264599890252
29548,53.18899193665985
29549,45.63644245105819
29550,32.61461433490372
29551,36.05575716445654
29552,67.05393084248004
29553,32.82680953256746
29554,38.52334776746551
29555,39.240804743732774
29556,32.122261501510295
29557,38.87363479397433
29558,36.276145818311214
29559,33.191251778717984
29560,36.04013062303103
29561,38.307130029798316
29562,37.1378925276029
29563,41.03149035260707
29564,34.8797866537457
29565,34.33314713623351
29566,40.58021592560223
29567,62.54670131339587
29568,39.246637116176416
29569,34.48926712280233
29570,28.995427671051086
29571,32.96626171071341
29572,36.75149478713785
29573,33.65124548831786
29574,37.33954157898376
29575,34.87504317926742
29576,35.06266787275161
29577,32.9841001115701
29578,45.32457773785548
29579,34.072407673351016
29580,32.14000224611554
29581,49.901425436262095
29582,33.08083753745709
29583,32.128347495884455
29584,34.68326079191517
29585,32.07669929175883
29586,38.70447182209479
29587,32.59303920719312
29588,33.09213366712949
29589,31.763561679370873
29590,29.666897166127484
29591,30.700950812622775
29592,35.04794357934732
29593,45.30645097206989
29594,39.47973710809125
29595,37.16292945642723
29596,35.64914907398821
29597,25.747937246388428
29598,44.39658338336071
29599,44.183566397513836
29600,56.401071843060784
29601,36.49227291546775
29602,35.42856437009153
29603,43.002131567233235
29604,51.863927942030216
29605,41.94533268539701
29606,52.38223228161315
29607,62.94453167699358
29608,54.536496700479816
29609,54.82746398321928
29610,71.63112817788631
29611,67.8311694026128
29612,43.510811611215466
29613,71.22687699894243
29614,59.53593047947082
29615,41.742113352640146
29616,46.457954691766616
29617,43.46762010721833
29618,46.86114187714262
29619,50.35910465000414
29620,70.85956978703229
29621,37.460942254726895
29622,72.28274580269115
29623,62.566281683320966
29624,36.38804494520908
29625,54.703342070475664
29626,36.33349641867849
29627,56.07654841465113
29628,56.35693281546517
29629,62.300474955122525
29630,44.61205725319665
29631,53.626184818332455
29632,66.8306077453419
29633,55.419211118485116
29634,37.69490305094941
29635,69.06686677702942
29636,44.96114452429012
29637,39.60412183979197
29638,41.60882786949188
29639,71.08493856456892
29640,53.113813846842504
29641,73.1149183044476
29642,79.45738636297096
29643,37.16264343848687
29644,55.547306790333664
29645,72.68657713222652
29646,49.7022621580537
29647,60.481908188287605
29648,41.81875904356284
29649,77.78282361219652
29650,63.16728475547451
29651,67.72432259655751
29652,60.95631898968314
29653,39.10157298332464
29654,56.75180452175998
29655,38.03773076019324
29656,41.87068903856253
29657,39.207761696587305
29658,44.10088129208149
29659,34.592844895887815
29660,44.19414485257698
29661,41.045015964918406
29662,37.393802243688874
29663,41.12463341006093
29664,39.244297500405814
29665,55.97648328206411
29666,60.27315993029268
29667,61.10719531884658
29668,59.371811960717224
29669,56.43718767346921
29670,60.36403648247088
29671,57.57436549288158
29672,42.316229600782066
29673,46.24536639210604
29674,63.547996945684105
29675,59.935246196962005
29676,62.28293105193808
29677,61.86504346356718
29678,68.98905902149374
29679,59.67618163471304
29680,73.09232530114663
29681,68.1381586762441
29682,72.20641214605277
29683,59.39105745113236
29684,75.37361689054937
29685,62.11329025931161
29686,43.69133999380724
29687,66.77540700449076
29688,69.57761731631919
29689,58.41763217413511
29690,67.83289158853445
29691,60.190343627939484
29692,61.04817732271145
29693,61.50987241590272
29694,60.82761278654114
29695,62.34802058252439
29696,54.77484071835268
29697,66.63621045276939
29698,64.86877083703953
29699,59.726225764681104
29700,57.93324451174679
29701,68.0600819703151
29702,57.67031060135031
29703,41.37050296189684
29704,68.80556112954486
29705,50.9363625942466
29706,57.16875164995651
29707,52.24169460611437
29708,68.11676986645162
29709,56.18122611377652
29710,58.53363384456447
29711,55.3934790264683
29712,52.90533709336435
29713,59.31297290550822
29714,57.52671101076862
29715,56.80125843976693
29716,69.50736958791812
29717,44.50118674208296
29718,50.486081483444806
29719,54.213782113182994
29720,67.83471845752867
29721,51.45204711253002
29722,34.905218321664776
29723,58.27622089648801
29724,54.58364641821325
29725,58.9623709155661
29726,56.744770379138
29727,51.067315832466704
29728,46.63558938526932
29729,39.503329717920124
29730,47.39085471841483
29731,42.1143943077678
29732,56.05470752486862
29733,48.11143819168682
29734,48.74848893103906
29735,56.52119784388076
29736,46.364414218261444
29737,51.12938681732668
29738,53.324926923303735
29739,52.20648741183087
29740,44.72820510133137
29741,66.42432318433683
29742,50.72510921217579
29743,57.20315659886671
29744,48.520019685340976
29745,44.71981053064889
29746,46.84135236767688
29747,49.10935645182837
29748,44.2935574065099
29749,48.690927934252
29750,53.964000350567375
29751,45.015513831469576
29752,50.800336547149655
29753,37.1633966471351
29754,62.97733393688428
29755,58.60846507214287
29756,47.54234606761118
29757,55.783530305615784
29758,57.225567464611956
29759,62.08319418061622
29760,49.47468391791647
29761,52.23497018752893
29762,48.52734081997456
29763,53.95768940969395
29764,43.061816839701144
29765,34.026977642388516
29766,41.74769438783702
29767,33.91896602098294
29768,35.86671667749626
29769,31.37892169028236
29770,42.81726185534012
29771,35.524795697665226
29772,34.12377951796007
29773,35.887796499707726
29774,39.298303836454544
29775,75.23400574282846
29776,42.72141832233038
29777,42.433478272128646
29778,63.886988464846596
29779,39.99000119557934
29780,68.8145030066524
29781,38.950043165081446
29782,36.61729588492578
29783,40.47357610084738
29784,44.89321788120276
29785,73.24501495631198
29786,53.31827462295141
29787,40.37888388885302
29788,58.29159610506631
29789,41.570640383988554
29790,61.17619929420287
29791,54.82974415565242
29792,44.149348266984255
29793,41.48476889637018
29794,59.563784781809716
29795,64.30364544129966
29796,58.56156332735856
29797,43.64320988765979
29798,60.746015385304034
29799,43.5561825810813
29800,44.23036798646927
29801,35.87576872535755
29802,36.73297595232943
29803,50.30104520119242
29804,56.78950196433016
29805,41.64382176147507
29806,58.935482260622145
29807,59.90401505954821
29808,36.03059487559376
29809,41.47664104250021
29810,45.28948102124919
29811,53.36149844326299
29812,40.834080826121955
29813,54.42542546649273
29814,42.606631738858404
29815,59.232052967169494
29816,54.0040206592974
29817,38.301896405512764
29818,39.0508179503515
29819,50.214180695406256
29820,40.97893143090404
29821,44.66497624071512
29822,39.39558104564253
29823,52.64639986573336
29824,61.24450167617362
29825,57.128861518756985
29826,44.28064290685414
29827,33.68505246318628
29828,30.00848606266455
29829,57.38834724431127
29830,41.12182257872455
29831,62.90254510036148
29832,37.26236431182061
29833,37.90009947098421
29834,44.911752481620226
29835,44.9448644383078
29836,55.79823413063369
29837,40.421168691726024
29838,42.950481821532364
29839,44.65895005027574
29840,38.21291371899355
29841,35.32501486824092
29842,43.04164182479362
29843,38.647900734308635
29844,43.212071342541265
29845,32.05601345563946
29846,44.836517523634825
29847,42.814287043455195
29848,42.378477261359485
29849,40.25043270737467
29850,41.40441176848358
29851,37.81592522086416
29852,32.55119577235051
29853,43.250431960104045
29854,37.15688474701104
29855,33.13092020367658
29856,44.933050925403315
29857,41.68320878278863
29858,37.56723857289487
29859,38.37520894781781
29860,34.74540889583609
29861,33.249815540035044
29862,38.03901683252348
29863,32.62112793857167
29864,34.15772836524275
29865,38.98680212120402
29866,39.84064130231538
29867,38.09495589767049
29868,32.149361294250646
29869,35.8444391745594
29870,39.08740113380485
29871,36.80886092377354
29872,37.88186663356795
29873,41.92409066736055
29874,36.601694305447275
29875,34.71202484918551
29876,44.98460311953143
29877,45.575539162939364
29878,31.28037088592963
29879,40.19794403860712
29880,43.81718198352787
29881,34.876718707972664
29882,39.731317330897376
29883,33.30793488832306
29884,35.02677814464894
29885,44.497086925329924
29886,30.63051221903086
29887,42.12024227899444
29888,35.4413031250007
29889,31.925053835768757
29890,41.2451262437143
29891,35.36152092251844
29892,40.8376280728855
29893,44.70202623895582
29894,40.377524209094915
29895,30.39027504594451
29896,41.246308230505484
29897,32.2129592445062
29898,40.30371074917423
29899,32.72036980967333
29900,36.10013370512567
29901,41.28614388727469
29902,37.19830604666542
29903,37.785034346452825
29904,40.4937579436451
29905,42.3366369655446
29906,36.395898383958354
29907,43.30085401695196
29908,43.80148559654698
29909,31.693607652122623
29910,37.529111641940325
29911,40.70626121593609
29912,42.16911917588423
29913,43.267747814395264
29914,37.62697873891357
29915,38.558799684282256
29916,39.50876303101322
29917,39.93961972146194
29918,34.33810753832052
29919,41.572367093054325
29920,40.661537092868166
29921,39.888975497466085
29922,41.47765102681544
29923,42.85951765893628
29924,35.182921830813896
29925,34.2343842449712
29926,44.2652938185835
29927,36.46458127648167
29928,43.93906076304927
29929,41.1289257269571
29930,38.89507891963741
29931,43.17780483396291
29932,43.41119595122712
29933,41.576373913509535
29934,29.541435959770673
29935,35.44750355747061
29936,38.90228164251599
29937,37.89272700688536
29938,38.82143341903261
29939,41.468224739113964
29940,42.087693685527185
29941,68.77594199661024
29942,38.715335972002315
29943,64.09261606987437
29944,40.362531719458815
29945,60.711167187279585
29946,39.14261898642174
29947,55.96938393575228
29948,38.30363157434133
29949,43.62932462012472
29950,75.43250326245348
29951,35.56348857221966
29952,66.89810458169656
29953,36.480587865670984
29954,36.921764172066034
29955,40.96666263816722
29956,67.2532843498648
29957,75.10901400262762
29958,34.17506347037808
29959,45.26836691338479
29960,39.010330943005684
29961,40.27715759927318
29962,62.570128145394534
29963,36.34883798006419
29964,59.45334702943679
29965,39.431564972287354
29966,35.76780826566993
29967,41.99886237560119
29968,47.246260014527905
29969,42.47088097823335
29970,41.31894302596564
29971,43.466415653579006
29972,34.60103644412441
29973,33.48012686969259
29974,50.503117302333436
29975,38.5899050801399
29976,62.12361128733953
29977,39.26803072560041
29978,45.65456932087159
29979,36.65553375801956
29980,55.790700932748614
29981,39.02649766770122
29982,40.36448500177103
29983,37.962148987229334
29984,61.07918211600835
29985,60.010730937399245
29986,41.70572724039372
29987,42.69542825803127
29988,56.9520228895611
29989,59.124142473834624
29990,53.21374258496398
29991,38.76463206624919
29992,43.622397818216335
29993,55.7180119941028
29994,40.48028840198047
29995,48.42817106134801
29996,43.28866953775301
29997,34.35852062480223
29998,41.812832405416465
29999,49.97061398201379
30000,53.21426644869795
30001,49.783396669040144
30002,52.92761724823515
30003,53.96377442825692
30004,38.71783905948985
30005,36.66712556555415
30006,38.99952795196738
30007,57.87963760519489
30008,37.00772337144134
30009,44.03621148830409
30010,38.259377238107355
30011,37.9250824685421
30012,63.91348541677239
30013,58.35242439222701
30014,40.10196577200299
30015,37.5827392467065
30016,40.04682090961535
30017,37.65446168569441
30018,40.17042259709243
30019,41.51293182814641
30020,53.19562658899396
30021,40.77967671718242
30022,53.161259951520094
30023,37.601592972341855
30024,45.003363269389126
30025,49.6143232363857
30026,37.60126311718088
30027,41.890751194869935
30028,57.95467616654009
30029,42.513174010637776
30030,42.504406560534186
30031,41.00980593473547
30032,38.412984584317876
30033,54.77191865600403
30034,56.54145521610851
30035,36.9509705249973
30036,39.031727197598855
30037,37.52606467287962
30038,45.62820441331155
30039,40.927049673691826
30040,36.39305699696578
30041,68.21354822415643
30042,60.69996278678669
30043,42.89915487009738
30044,41.76808718375989
30045,43.34333511842289
30046,41.9306081980101
30047,40.688039946818506
30048,39.627250948747104
30049,41.18914273247861
30050,57.05332814520652
30051,53.59043572560452
30052,66.13984770213713
30053,42.84813545943028
30054,58.4150567759158
30055,36.33190971127514
30056,41.19079919903591
30057,58.46692315985648
30058,48.21703398709957
30059,37.17040446156684
30060,51.40535144289239
30061,37.48786934887805
30062,57.45286240095569
30063,52.861337760979595
30064,33.8740256927504
30065,37.79503124856747
30066,54.358931584869225
30067,47.55132439686629
30068,37.03260668009819
30069,46.85219055978231
30070,42.50165711336495
30071,52.91226058773647
30072,51.58442475250224
30073,51.692736020743226
30074,35.516214887963294
30075,51.95852868281021
30076,63.11782612882418
30077,65.68593811675885
30078,35.57304119283779
30079,39.605990846498095
30080,37.87394476126844
30081,40.420657370910675
30082,38.331058685357064
30083,58.87713704673344
30084,37.66347707296945
30085,51.43104462440421
30086,40.64901073058725
30087,34.39595778262176
30088,54.95947577718408
30089,35.71216388116581
30090,53.41556807902824
30091,52.6375490887457
30092,51.324871294688414
30093,50.75868477110362
30094,36.383726395376584
30095,57.80071061102324
30096,52.98331731543106
30097,55.21992622341886
30098,46.16290210961001
30099,28.422607425763154
30100,0.0
30101,34.43247874351833
30102,39.889902542168834
30103,48.20621913591243
30104,43.90451230169019
30105,51.407924949942924
30106,55.98936190801115
30107,40.68334415699752
30108,39.30044821919834
30109,47.656126380975564
30110,51.92954923117449
30111,39.47293559806445
30112,43.144911199001974
30113,41.1439245641822
30114,60.12635093454848
30115,46.21650818868659
30116,48.63305673616648
30117,64.72243101125599
30118,36.882881116994035
30119,45.229414615599445
30120,48.585807230592636
30121,51.801781065485066
30122,43.37881342250408
30123,43.505298050718295
30124,47.55051179140128
30125,39.985197152553376
30126,31.98826339197882
30127,39.53956313589336
30128,46.7074024603854
30129,39.5734725027101
30130,48.271213895662456
30131,44.73588694319224
30132,36.80197125190672
30133,54.470830298431466
30134,53.27838775405687
30135,44.47052122521739
30136,46.27096643131063
30137,49.29975931760248
30138,44.09406245101567
30139,36.786067994133035
30140,53.33556862557993
30141,30.49869888087903
30142,49.76897169794254
30143,49.00891973520544
30144,36.07583086299218
30145,40.91914232951043
30146,54.20771146519689
30147,43.235462567596215
30148,45.468240726838246
30149,46.2371307866351
30150,46.779160101020395
30151,37.59870810265834
30152,42.255001650113634
30153,37.317523674336286
30154,45.99895019914012
30155,34.15556828772836
30156,45.7342473111929
30157,44.771968905460824
30158,62.08566591991971
30159,33.661908679885855
30160,34.040585978701074
30161,45.948334125806376
30162,53.41142102988309
30163,35.086231820257964
30164,63.1121834415255
30165,50.12795909407721
30166,30.563854200971882
30167,69.45400108200805
30168,53.233311440176024
30169,49.569686027336815
30170,49.612115712876054
30171,50.079117714711174
30172,43.95635734242068
30173,38.562922569758726
30174,50.207966044612775
30175,65.69276495054822
30176,38.19674549860779
30177,47.90479014796169
30178,54.29325203619808
30179,64.27660165757052
30180,47.04167348628462
30181,46.317433343497996
30182,69.57044161202653
30183,47.20163666800483
30184,49.59357438407797
30185,34.61020140566873
30186,42.886075061708986
30187,47.79011053278785
30188,37.45462029632864
30189,52.54681404629885
30190,39.02806544199114
30191,49.89844222469673
30192,46.81515355767054
30193,38.42323664864099
30194,50.13021500826745
30195,48.87882297104535
30196,76.43044603791941
30197,81.84420198588751
30198,76.71039258469132
30199,80.8289805951124
30200,34.66214328148572
30201,81.58721715773581
30202,79.46688773920131
30203,82.8183330293492
30204,83.36308706607201
30205,38.29475351325821
30206,73.7210652700101
30207,83.3095080785135
30208,33.47955416351799
30209,75.02065333850764
30210,84.2174090860304
30211,36.444567537942575
30212,78.85791780606374
30213,42.7775574662856
30214,76.59009472160298
30215,73.20102652778883
30216,82.09044242485
30217,35.68409949171016
30218,79.15298837235072
30219,81.35070028364993
30220,37.51013105639243
30221,77.19577763744729
30222,41.972470194210786
30223,79.29446844572048
30224,33.296218889983706
30225,76.19670555703904
30226,76.82802344521787
30227,67.35549229945732
30228,34.19177208826656
30229,79.6554001670496
30230,38.51704350304017
30231,80.46375370313845
30232,81.77847717258477
30233,37.28816612615012
30234,71.04028257655273
30235,76.98216422182483
30236,34.40478158872008
30237,78.83402457242943
30238,48.00695613824441
30239,72.56310891192936
30240,37.74926222862395
30241,73.03115452635642
30242,80.40538503721808
30243,38.65636332837154
30244,81.07208446261743
30245,82.10775676297376
30246,36.52238779458668
30247,79.7417021307712
30248,81.9032856580009
30249,38.986331669109084
30250,77.3836221348167
30251,37.002054709825636
30252,66.66385839072852
30253,77.67441552132482
30254,37.70162382151243
30255,80.33607420341271
30256,75.79140715807476
30257,37.95079170318157
30258,62.24632646530189
30259,74.65404637323311
30260,30.141652512123237
30261,77.2485500500492
30262,77.20419077111939
30263,37.828216456855564
30264,77.27545887650825
30265,80.16299049049638
30266,37.43420010581262
30267,57.258810875270285
30268,82.20064205091344
30269,40.38794137317831
30270,76.77412070649923
30271,62.10746427154493
30272,36.23803049322323
30273,73.44559133148631
30274,68.76743950029828
30275,39.569852064706176
30276,61.584147423221864
30277,40.29700086165763
30278,36.68218512259939
30279,44.11938739567412
30280,42.37919672183446
30281,57.07824092466884
30282,77.41395018876983
30283,36.9688336572012
30284,60.38146233243132
30285,60.550163450098786
30286,37.171950066961394
30287,79.11488947886969
30288,72.56310891192936
30289,36.52406015061734
30290,60.04067085992537
30291,62.37420676668195
30292,62.534415252213435
30293,34.94179437180667
30294,43.079491743275
30295,52.59215349641279
30296,44.59096310442434
30297,61.790563482009645
30298,54.73481884120008
30299,51.320746183833634
30300,73.83061497098036
30301,46.40905381404853
30302,53.49772736375457
30303,43.29316337378238
30304,59.652620140516035
30305,57.34429454923591
30306,40.42640751388291
30307,78.79049458900286
30308,76.07852561776465
30309,44.51538656912519
30310,72.55207310461847
30311,42.864980476392184
30312,37.232754184970204
30313,77.07437495651408
30314,43.21182314822747
30315,41.708485248641914
30316,40.28545771049711
30317,38.96026277837832
30318,47.45052775550446
30319,40.793380210951305
30320,46.29044712197308
30321,72.70875504644842
30322,75.08658747294253
30323,52.83564920956371
30324,42.822706777647745
30325,38.73637451970093
30326,40.96130209105532
30327,37.726370890563274
30328,38.40198827015083
30329,44.475426124046145
30330,51.35620872378564
30331,55.9955933409962
30332,42.321848417754744
30333,43.93033891841618
30334,43.747307777678536
30335,77.15202926643683
30336,63.843170621678546
30337,78.77354882861937
30338,58.15756734062036
30339,40.295781666733006
30340,41.351043512978436
30341,38.26653361913435
30342,37.16745911465559
30343,42.491618064479596
30344,57.82348386453555
30345,43.74503217360036
30346,35.74252128205585
30347,36.96856923872487
30348,43.072967038053235
30349,43.697831773033535
30350,43.41645135872136
30351,56.95379161974694
30352,41.80315255426071
30353,38.93155409155471
30354,43.410393078279405
30355,44.55926457724515
30356,44.00133392440953
30357,37.977124937287
30358,40.36077837050666
30359,41.676161191697744
30360,37.99346100863795
30361,44.54266265509996
30362,41.55339863250386
30363,75.70481979547837
30364,75.46743540718919
30365,43.07847574908448
30366,52.76718884035068
30367,43.61486255338558
30368,53.83019211104153
30369,68.51926141046421
30370,43.245238392780465
30371,79.25494761626823
30372,40.23859658778528
30373,39.855660097117934
30374,37.962995090338424
30375,43.63589245450742
30376,38.238019811978276
30377,37.413110605394905
30378,78.71694831804297
30379,43.274795807155364
30380,45.06768150109482
30381,76.42877858944007
30382,36.982032162615454
30383,47.077922097875096
30384,43.595718696770085
30385,46.04480745843387
30386,73.64838090774748
30387,77.8883074337561
30388,78.96764475048201
30389,66.84342506814797
30390,73.81328347990089
30391,38.32127037454166
30392,78.79887763214224
30393,69.88183932063743
30394,50.38605511738384
30395,78.97054694844991
30396,68.74201664205965
30397,43.44026475320924
30398,67.62438366176757
30399,73.09644146056355
30400,49.94298610508316
30401,42.5001667645821
30402,70.52069739673013
30403,51.559954118115314
30404,31.0149295196155
30405,31.966061166966078
30406,69.9012633171463
30407,70.89496178714849
30408,40.32245197708238
30409,40.49891067439524
30410,47.82986323384524
30411,38.39476677291423
30412,49.78396140351275
30413,46.203477031886706
30414,63.0409353121962
30415,26.4805879879352
30416,0.0
30417,52.49055575472711
30418,72.63085842702007
30419,61.6630602855861
30420,46.877251769629105
30421,48.807202284171666
30422,56.56089429357432
30423,79.1462009965823
30424,47.36433645987925
30425,39.052836181867825
30426,52.92241934689693
30427,55.289496983186126
30428,80.88236689514454
30429,41.67964105577702
30430,35.86013946848387
30431,37.02813315670286
30432,52.063726375219225
30433,29.267343439827222
30434,34.902208188074866
30435,52.02568030525961
30436,49.53284445600919
30437,48.9223070866893
30438,59.59060402042829
30439,50.58342184220763
30440,52.6641699626782
30441,49.583712737820214
30442,60.08189177665395
30443,40.484905529901354
30444,58.61877318152473
30445,51.39173256997953
30446,52.216222989816025
30447,55.00446718745995
30448,61.465674038729624
30449,61.146061645093404
30450,64.59268576640926
30451,57.65134346767363
30452,61.00899933087376
30453,48.46472338884986
30454,54.941604207255395
30455,35.66660342027221
30456,64.39338004118818
30457,67.86886718907925
30458,44.59366655195812
30459,53.55843903531275
30460,47.45655950943034
30461,65.86148549689784
30462,39.07261536414658
30463,59.93811642566974
30464,57.72418156591666
30465,38.924047042705375
30466,49.43515110342733
30467,51.46256706723219
30468,67.96695273350073
30469,36.5024498870646
30470,51.78411676792192
30471,49.718478879881
30472,36.66511742512931
30473,40.882305555346015
30474,57.04863450846957
30475,37.664687741788526
30476,34.051046148903595
30477,41.698535470812836
30478,43.367932192761444
30479,48.87626963175714
30480,0.0
30481,36.699146171094036
30482,34.98574911913242
30483,50.19536165510763
30484,62.24308264582581
30485,37.28435191421562
30486,56.56298151331383
30487,40.88389106949209
30488,36.477556924300686
30489,39.603484356923815
30490,37.683379445299906
30491,37.77806271527327
30492,38.98880235810139
30493,37.41496796467965
30494,42.55905112837718
30495,47.19826034308187
30496,38.90141147548417
30497,41.58026972665295
30498,47.055584090317076
30499,46.684775654925176
30500,41.99283577060644
30501,52.91086281191673
30502,41.818955651903444
30503,37.06535284838075
30504,42.297953047858485
30505,50.89923747816894
30506,46.39358971653284
30507,50.94598467872988
30508,43.96935869751736
30509,49.51754639287353
30510,43.30784023810996
30511,42.31043122273785
30512,41.181823382672334
30513,39.93779965521622
30514,44.208647616705576
30515,41.52155698714582
30516,39.889310852377406
30517,44.53774195830245
30518,40.95588090455309
30519,39.045978376150174
30520,41.82359507289604
30521,61.646145496552506
30522,61.2129874462557
30523,45.08419658314399
30524,41.4415280097084
30525,43.77543464193254
30526,40.17615073902468
30527,34.81276154001923
30528,41.25785026811619
30529,43.55581215118634
30530,74.34269936512807
30531,54.77466707657246
30532,42.70589748349359
30533,56.363556243673386
30534,42.52914009616124
30535,44.331495786431304
30536,43.250731476380835
30537,45.294296880726975
30538,43.02522437677368
30539,62.57892012776018
30540,44.791535707733175
30541,51.322483447838664
30542,45.67227564244685
30543,43.82379425764997
30544,43.895767659431
30545,38.41408305180921
30546,53.95160568170033
30547,54.03591763811178
30548,37.03505612576943
30549,45.0839761229531
30550,41.332095946160344
30551,39.29998018582823
30552,40.87656545954697
30553,41.91196789565429
30554,40.77059670726111
30555,48.73711282517995
30556,52.255334615927
30557,41.03267624645966
30558,43.15658987151866
30559,42.697214850742405
30560,53.13655318339991
30561,41.81415038056968
30562,45.83768761152359
30563,40.58799965975245
30564,40.74740080576351
30565,53.18992313381344
30566,40.39668973066822
30567,38.81871390119996
30568,42.00708644409327
30569,40.43414686875153
30570,38.25392931264837
30571,58.94380175421721
30572,54.11568566355423
30573,63.107114242842385
30574,51.07986194988989
30575,40.42515340085506
30576,40.77589245414668
30577,48.01984347501209
30578,50.580732833662516
30579,38.80747871660372
30580,39.28237628610037
30581,55.55766408969091
30582,38.68340369070424
30583,52.14411370970559
30584,55.95892773654052
30585,46.31185509119181
30586,47.99390393717493
30587,36.57425494473133
30588,51.89154094734707
30589,36.058812646573564
30590,48.494044655830365
30591,64.64726540706243
30592,36.78816791066308
30593,37.69112839131079
30594,39.91311937296957
30595,41.795351130799766
30596,45.70462135385411
30597,39.7261705585303
30598,35.4123594621315
30599,47.2795256160461
30600,37.55188989518422
30601,38.390215496226865
30602,39.68368076868059
30603,41.64380663428308
30604,41.288612932744755
30605,39.874556939871496
30606,63.1487750471408
30607,41.87797071675178
30608,41.22626850475687
30609,50.18605493020314
30610,47.248514341254406
30611,65.12130532479776
30612,37.54263312514509
30613,40.18865768982646
30614,39.51518502912148
30615,39.89821366169804
30616,38.95800820289918
30617,56.42039649073884
30618,48.76309402789147
30619,34.19113082074683
30620,53.65390673371793
30621,52.02872916655324
30622,57.93240557215293
30623,53.65935336420135
30624,48.9654526329975
30625,45.49617110633174
30626,54.16342909953327
30627,50.67210099526662
30628,67.52471262736393
30629,73.9490243961029
30630,63.49917195438163
30631,41.0977591820415
30632,54.259100077279676
30633,52.70474246728227
30634,56.68283675052007
30635,52.54560877058561
30636,53.11652095661234
30637,69.66486706317282
30638,63.375027653519595
30639,57.84345944338737
30640,54.018181264737024
30641,54.85126767328677
30642,43.04117873455614
30643,53.88555485567618
30644,54.22511390553373
30645,43.15322628472992
30646,53.283645733870316
30647,54.14480772058109
30648,64.15511034710211
30649,53.00189642216883
30650,45.294398540895585
30651,43.13330363690795
30652,43.20419874530541
30653,57.724935834036216
30654,63.01993854301713
30655,53.78800936918438
30656,65.24886566153155
30657,65.60522534968399
30658,55.923151908517134
30659,62.48844002918452
30660,40.842972473761385
30661,52.6303837237144
30662,55.21069694120375
30663,44.89729792012999
30664,51.56156081980901
30665,49.217736253695385
30666,49.70260555987613
30667,51.6575472905572
30668,51.920899454139345
30669,55.465841455204234
30670,54.47554493744886
30671,43.968998964993496
30672,64.50719281065247
30673,64.64277094610684
30674,53.33581240002029
30675,54.868842551977
30676,61.326525597365524
30677,46.59175067799903
30678,50.99753939430864
30679,56.46140305818443
30680,62.561484909961166
30681,63.72153188451395
30682,56.44928950500885
30683,51.50192320290476
30684,51.34061553098847
30685,53.87761861541823
30686,50.09951361542002
30687,59.96814035602577
30688,50.787311664188195
30689,40.50860830753065
30690,43.82593094700732
30691,54.68583214126025
30692,45.69905061851902
30693,43.88095189796129
30694,35.48425258076065
30695,45.263237449073834
30696,56.86651527457863
30697,53.11366707731984
30698,56.93585137998697
30699,56.09441499783125
30700,61.438143408525875
30701,49.6780031384338
30702,49.73098122025851
30703,49.70191828065217
30704,41.068644291340505
30705,53.70533308816488
30706,52.965337547638526
30707,52.03451735999349
30708,52.20276424434549
30709,59.41205982178112
30710,47.94023044104803
30711,40.49556471248098
30712,47.510841313060354
30713,53.52056431176064
30714,54.425042051457325
30715,50.253466932705614
30716,46.79810554139867
30717,49.9301356699288
30718,44.194282192335116
30719,36.153984205105246
30720,44.42852213058042
30721,41.775248574015215
30722,44.97173660455777
30723,56.37512798574433
30724,56.79404037595138
30725,38.307006937542134
30726,36.716770079308674
30727,39.38936362957949
30728,48.29157477417334
30729,54.83134968366977
30730,67.48076026274217
30731,37.48408376039139
30732,49.594147224209074
30733,39.545744728399356
30734,48.99840731023288
30735,42.82604363303224
30736,53.412340906665875
30737,48.95253864808718
30738,47.94269902748832
30739,40.27574349911703
30740,43.024696392362785
30741,42.126418763210744
30742,53.943064615807714
30743,40.524866206143315
30744,57.54858054819192
30745,56.20533618166567
30746,53.23711372270019
30747,39.91870929903683
30748,50.53327795221684
30749,66.15210352815788
30750,42.08734732416455
30751,49.61778594963146
30752,37.53376954418509
30753,41.19953620419093
30754,38.21111913871924
30755,39.59366241156804
30756,40.18213413877489
30757,39.639375521698575
30758,51.72366202057386
30759,46.348358665409975
30760,54.969582471553224
30761,52.11697881049985
30762,33.34757769560161
30763,40.12506572718152
30764,39.62737818086125
30765,44.358531629100845
30766,45.10972888451177
30767,51.78776034990014
30768,57.982492762440444
30769,46.50427998821685
30770,40.47461830064376
30771,40.65535135752088
30772,52.825762932977696
30773,35.16967501939783
30774,51.24450918239067
30775,38.22341593267548
30776,54.71877839381409
30777,63.50123888411279
30778,42.90595860894608
30779,48.106061906713045
30780,43.21390620371744
30781,61.086820144943225
30782,49.52326722156088
30783,51.71209998569185
30784,58.49638332199747
30785,36.16764677848044
30786,54.230580336284945
30787,48.88688765040613
30788,56.642697676214695
30789,42.43546101281795
30790,55.984649232281924
30791,57.86853316101994
30792,55.3239953849037
30793,46.50414141482257
30794,76.0981939414946
30795,42.17947382319834
30796,49.36379479411009
30797,40.48090744132729
30798,38.40939826179232
30799,46.19403170433632
30800,64.30364544129966
30801,42.947892146900976
30802,43.15638060940791
30803,43.52270136150383
30804,40.87638991370415
30805,35.857075349470705
30806,36.432404994383695
30807,37.61379200651901
30808,30.387029695011037
30809,38.736823706463
30810,33.47877929606584
30811,40.81784591626488
30812,35.01052910637572
30813,37.081209760145775
30814,35.33828398784222
30815,33.258683557138085
30816,38.11470779423374
30817,40.827725638620436
30818,30.225532841128683
30819,35.50377078104006
30820,31.61701768480662
30821,34.758124373662525
30822,38.197604854847626
30823,41.87616593124205
30824,36.74151618467096
30825,36.97744035616943
30826,58.609280230578996
30827,36.96330157161919
30828,40.168452123513696
30829,36.86614246246348
30830,36.84524545036368
30831,34.28793696323264
30832,30.967833142328722
30833,36.046492325768504
30834,37.51477193187865
30835,42.59719104149228
30836,37.79114443105183
30837,41.85849184969703
30838,36.959937597565336
30839,33.94428658209236
30840,36.67376306962798
30841,39.64648966612121
30842,38.74619539936291
30843,38.195988795487395
30844,60.4663785268136
30845,45.38146554751808
30846,36.86482169886405
30847,78.73490182107687
30848,41.97436803093784
30849,43.64596471007955
30850,47.917598605438606
30851,47.1767350165018
30852,54.83134968366977
30853,40.55165252267394
30854,62.74909954684889
30855,47.84707993395218
30856,67.23817684221191
30857,47.996752842319246
30858,47.917911230501396
30859,35.07669888446932
30860,51.91985654766586
30861,35.98939013947249
30862,46.95059703869443
30863,55.12603174474681
30864,37.51777684615824
30865,61.09070290661971
30866,57.2933702960716
30867,61.326525597365524
30868,51.1689787587373
30869,50.882544124710314
30870,64.84646814772694
30871,52.45057010231211
30872,62.23260224457813
30873,60.96775481089808
30874,53.36331472497734
30875,52.22010720302172
30876,61.37637650472686
30877,51.70162821085036
30878,49.55688886018022
30879,41.81194861411943
30880,39.284550555240024
30881,37.83669711811617
30882,39.171339982300395
30883,36.45015348707677
30884,45.1953092866336
30885,36.7340707008329
30886,37.87722274532704
30887,55.11371919350589
30888,37.31155719144947
30889,52.29504825052446
30890,40.70797844331385
30891,44.11470543180897
30892,37.303792064238195
30893,38.43946216504803
30894,31.67613679214434
30895,38.22458597862554
30896,34.7134502476583
30897,36.77454548473416
30898,43.87332851490477
30899,46.87768755824058
30900,42.53203898325557
30901,38.31009110825567
30902,50.42639249056744
30903,55.98536129515806
30904,37.73619139591878
30905,39.27782692924357
30906,44.73979443468647
30907,47.27766157905743
30908,51.04222989456803
30909,36.28632735126448
30910,36.52094621773088
30911,69.68803698045758
30912,37.215987733994716
30913,69.51224200099688
30914,36.63511893788453
30915,40.04278092918301
30916,65.36740581473622
30917,35.266810006046484
30918,36.139438290884634
30919,42.74725041858
30920,33.37811089966459
30921,28.342945785368848
30922,36.185576053674716
30923,30.09131434733944
30924,40.40225478409589
30925,47.311197845202955
30926,36.98936298026953
30927,61.902191785262
30928,45.58296366258929
30929,55.18003313448413
30930,67.41186950934465
30931,48.102678441059474
30932,0.0
30933,36.84378459301833
30934,35.34706120659123
30935,46.920953987588796
30936,49.21003296270331
30937,49.34522954565123
30938,54.013910514109824
30939,48.33628610520093
30940,56.539796974625254
30941,49.55688886018022
30942,49.914161396505804
30943,62.32325592239985
30944,58.56387396445081
30945,34.7274995146321
30946,41.35298169237657
30947,38.20310451312319
30948,39.185232015822805
30949,33.37404502060602
30950,49.24734930865959
30951,46.96850460392378
30952,36.078811154843216
30953,28.75050737070698
30954,37.569565915839156
30955,39.346228920962986
30956,48.1862682863014
30957,31.534934775732758
30958,37.14318659226515
30959,46.44989387066463
30960,42.32522888318682
30961,38.06041618832381
30962,41.151749168059794
30963,44.074130016851115
30964,55.39178982313041
30965,40.47859060589996
30966,42.50962568065455
30967,40.71488492508531
30968,44.58756486737651
30969,42.11648021977979
30970,41.741999422112926
30971,43.2045266814532
30972,57.93701739857528
30973,44.97592288569131
30974,56.22925699245022
30975,66.91466040517429
30976,54.53818015664647
30977,38.66922813193838
30978,39.954665478739486
30979,47.62269573728277
30980,55.370306216165936
30981,34.1265089049271
30982,48.46460421850208
30983,41.55738322100144
30984,50.82388218440508
30985,42.91131157074096
30986,46.2557921703201
30987,62.11940473294662
30988,53.03241764296869
30989,63.200096060158074
30990,43.54162461042094
30991,36.41311100038097
30992,34.879651839308785
30993,42.56349763469864
30994,41.68757470286418
30995,36.75511857997012
30996,35.41871128868555
30997,48.39451840549474
30998,49.14747539713796
30999,58.72005477984353
31000,52.22410488410405
31001,57.5932969144029
31002,28.349918128912762
31003,37.85555472039265
31004,47.324187720593535
31005,40.59018585708325
31006,32.43687882919808
31007,47.50313637940323
31008,62.25005210340994
31009,42.64047156554181
31010,42.92605129054308
31011,51.91167696093543
31012,37.17858415931204
31013,48.8586027816419
31014,38.00026884530261
31015,38.9784431658891
31016,36.89568257812162
31017,37.00549646408574
31018,56.29911344437539
31019,37.92502956813424
31020,70.05619962846598
31021,38.35861629948845
31022,44.56446191216534
31023,50.81525510892807
31024,35.79795891102789
31025,34.90465493916364
31026,37.61557426918522
31027,38.64675705820357
31028,0.0
31029,48.904731322475804
31030,37.45813604048779
31031,35.61935552737196
31032,36.784433027189195
31033,36.81931140973971
31034,53.32986698623518
31035,29.743824886517146
31036,25.147523738929628
31037,30.5331369535964
31038,0.0
31039,0.0
31040,44.31989259445395
31041,29.101951827903505
31042,39.47563422983096
31043,0.0
31044,45.1686402372205
31045,29.288721701404395
31046,39.61302962291579
31047,0.0
31048,45.301662903887475
31049,35.220783223665286
31050,0.0
31051,0.0
31052,0.0
31053,37.47999905019576
31054,27.81776908272694
31055,29.379094949555494
31056,0.0
31057,0.0
31058,0.0
31059,34.5441537753872
31060,25.437463566942466
31061,31.744481312855136
31062,0.0
31063,35.041042011515245
31064,42.91750292164285
31065,35.51835737523011
31066,27.65886170848443
31067,27.88376602431124
31068,25.10993150355331
31069,23.341860327465007
31070,0.0
31071,30.520085612773023
31072,30.76237215807526
31073,0.0
31074,27.45370052632978
31075,0.0
31076,24.49903368840717
31077,34.261377760633
31078,40.25699060078936
31079,35.992299298689005
31080,32.395177909958136
31081,28.49027312959445
31082,39.0342409309049
31083,38.11321029691355
31084,0.0
31085,43.08469152509904
31086,28.260888327707185
31087,0.0
31088,0.0
31089,34.83190467386224
31090,0.0
31091,34.76083761854506
31092,29.806923988844026
31093,32.45582537267241
31094,0.0
31095,0.0
31096,32.27859241267294
31097,33.325676379263996
31098,31.288641894546632
31099,38.74782524987952
31100,36.73996034642398
31101,34.571844728085026
31102,39.161134975495905
31103,44.22389897951972
31104,38.84587820447423
31105,26.37365877144938
31106,30.74937426283502
31107,38.787699708269564
31108,43.064054537847916
31109,52.91403048646797
31110,35.1095710850828
31111,34.26347479609758
31112,0.0
31113,0.0
31114,34.80314908207404
31115,37.12207392541926
31116,44.0841886891075
31117,33.98713101189218
31118,30.03475507972974
31119,47.994652115971405
31120,39.545745948501335
31121,29.08994099914389
31122,0.0
31123,32.93858863113599
31124,26.200850663175306
31125,24.428604638875075
31126,26.843979298079407
31127,38.60199684800121
31128,29.692296441922338
31129,22.46841581368594
31130,28.1558928022649
31131,30.88241312982474
31132,32.283224991713716
31133,27.175529986219534
31134,34.808981128069824
31135,31.710927555216088
31136,33.87716665195654
31137,53.215813939945214
31138,30.17342216321784
31139,30.185570416306703
31140,24.187865591133853
31141,24.016837476682195
31142,32.26633244264641
31143,34.48022391971127
31144,31.95705586983027
31145,27.3291003790624
31146,29.006523302175584
31147,31.50419967207334
31148,27.135173624874813
31149,31.269015408728656
31150,0.0
31151,29.479389984808023
31152,21.745939586368586
31153,26.154474000172616
31154,32.03991972852832
31155,28.989305975979885
31156,28.405803956692793
31157,33.97160347001911
31158,31.53632103850962
31159,24.340288662757505
31160,25.32137063197768
31161,42.09141626675719
31162,34.530363872958624
31163,32.61203303856112
31164,28.941170439564107
31165,30.26377646221521
31166,30.22077660376232
31167,28.638550218145795
31168,22.12159741076366
31169,27.0846193299278
31170,39.667364961320864
31171,28.79329416225619
31172,26.22516384750994
31173,27.39199653404895
31174,21.547555792253338
31175,24.261839148772825
31176,26.420393801840913
31177,25.483819813363606
31178,30.088954711353466
31179,33.852778431001546
31180,36.63853904482693
31181,28.006381604893143
31182,24.025996558961864
31183,25.95369900433601
31184,0.0
31185,33.01222881986129
31186,28.176927095058915
31187,28.32628200628283
31188,30.5609940485221
31189,31.84318189481378
31190,34.247013483751346
31191,31.30302377619075
31192,31.66926025996156
31193,57.76903890841255
31194,32.37887155478979
31195,36.006583693277975
31196,29.20244982420102
31197,31.218555377300945
31198,29.296064285351505
31199,23.734293968455425
31200,30.168588871457498
31201,22.966591091145734
31202,31.747809081974143
31203,32.24165105192713
31204,29.64037338872699
31205,0.0
31206,35.16799030816901
31207,25.18328456713627
31208,26.71904177123278
31209,27.391491681611278
31210,32.046906137381
31211,29.630836629871773
31212,22.04399584373602
31213,23.073722796035167
31214,27.043657008975813
31215,23.91647718978586
31216,29.328248348507895
31217,22.21424972626853
31218,30.01842203359705
31219,35.225132782919054
31220,49.26651677239836
31221,40.95324740101726
31222,47.856122646729794
31223,38.271799038258244
31224,37.89955622154917
31225,39.644389723066624
31226,35.176867031216624
31227,46.45467673453932
31228,38.67191265615185
31229,32.35726263214858
31230,36.49461774246816
31231,39.12996686949793
31232,33.700820241651414
31233,38.55577344924446
31234,33.10525235505053
31235,48.8116949749882
31236,34.52950973911327
31237,34.61180442049491
31238,34.848318303121204
31239,48.61461634720256
31240,47.73390419008658
31241,39.77034159841226
31242,33.10807417492718
31243,32.73235354585101
31244,29.842083108369675
31245,37.64142438564636
31246,36.86887193812574
31247,40.224285461304085
31248,36.754548334008746
31249,54.44947580531673
31250,35.49002617676764
31251,37.46410227526824
31252,36.13811459292235
31253,34.90374578040931
31254,33.85607580893724
31255,48.37743341404567
31256,33.795733071765895
31257,34.84149005540023
31258,46.30520883052704
31259,59.03312442049044
31260,35.401903324808
31261,38.20267713330527
31262,49.72691044392099
31263,31.990293883857227
31264,52.58851368536445
31265,37.439463498678286
31266,48.65123803141677
31267,37.02116262458532
31268,39.646827410975376
31269,40.96252405733557
31270,35.10175409305204
31271,45.473508611099014
31272,33.17131325668875
31273,35.703817438065315
31274,32.19850130236226
31275,33.971061328087316
31276,31.866609450343645
31277,31.441554320935243
31278,32.41879292820755
31279,31.095767849266423
31280,41.91373201976065
31281,47.074919253453594
31282,52.59669601293474
31283,33.65605216536716
31284,46.84032651196753
31285,34.59803033534131
31286,54.64167006909083
31287,46.91509199913076
31288,52.91292442080356
31289,33.18394062090839
31290,32.94880013517036
31291,34.411936512953375
31292,35.59958867265058
31293,50.89852182565076
31294,51.438448005936124
31295,46.926689735032554
31296,35.250434656710475
31297,34.25861463322152
31298,36.2175830030986
31299,31.938640388207947
31300,37.75974267514542
31301,35.10163986172299
31302,36.377574880806655
31303,38.345485494223354
31304,42.36427393946555
31305,34.691026235558894
31306,39.7252756186467
31307,29.11389903927101
31308,32.580853936349435
31309,50.276589048159835
31310,33.99544673983143
31311,31.238938501666766
31312,41.33140856675584
31313,48.84807648940528
31314,49.92718185351955
31315,31.752606245384264
31316,60.065934400315356
31317,33.84751154767131
31318,40.05635217842917
31319,42.148354658137045
31320,57.3582399375583
31321,39.82902647391745
31322,41.83364690715733
31323,39.31202851091424
31324,39.536016698277116
31325,40.23129758057596
31326,40.108268162905276
31327,38.0068023035646
31328,35.0958655814859
31329,56.835315732090145
31330,50.80808377488816
31331,36.01031218794318
31332,40.72979730816885
31333,38.13498857830049
31334,39.224037218515946
31335,36.94369316891013
31336,55.63295040327478
31337,67.69896076012387
31338,37.02975407602317
31339,36.72018192702069
31340,40.906431737956346
31341,42.41630130340663
31342,39.22506570808725
31343,55.775617553337554
31344,40.732290085817986
31345,50.27990744702132
31346,66.64860048709394
31347,49.8349911137883
31348,37.60602371869447
31349,39.482906231898006
31350,40.565999380687956
31351,54.40371199398739
31352,48.19630852315169
31353,45.34484205960049
31354,36.429362018716894
31355,36.36377053104303
31356,35.131264354173936
31357,50.74167222578621
31358,61.21714016485997
31359,36.264569138754815
31360,36.40862701195283
31361,40.061802551047535
31362,39.85759262626647
31363,39.576984909139895
31364,34.436537147789025
31365,39.75050440954786
31366,39.18801585345092
31367,38.89551648786657
31368,37.25450862023265
31369,39.64267072010397
31370,51.88760199117207
31371,41.370986221900075
31372,38.67837512348625
31373,38.928685031605625
31374,36.7972758435544
31375,36.72855899103266
31376,36.434355559807415
31377,52.30203739832151
31378,46.41099858403447
31379,35.67724323376946
31380,39.15847736774779
31381,43.15720561678137
31382,39.51867756715526
31383,57.1183941671585
31384,41.11751086568077
31385,37.96950825120118
31386,48.404031006924136
31387,45.76454841493931
31388,60.16540021460518
31389,35.35769160216631
31390,73.07504216593074
31391,39.529081398563
31392,40.69521962643992
31393,38.600186358217385
31394,43.396088339606436
31395,56.51021763024056
31396,46.585658005712794
31397,52.93570890525621
31398,38.55133358367054
31399,36.28682337728875
31400,38.984669075406465
31401,40.29946045403396
31402,43.11960910595426
31403,37.8397636198699
31404,46.35439434052666
31405,55.090243894337135
31406,63.86173725846464
31407,37.201570788814145
31408,48.779512041181235
31409,38.61897914393873
31410,39.75232194768204
31411,45.89268159524024
31412,46.72785283078904
31413,44.030581551941786
31414,33.857290412656894
31415,40.59855306166922
31416,49.54733458220511
31417,48.94724946727421
31418,33.040173306143615
31419,30.22637352666183
31420,29.66254874897251
31421,36.12930030547459
31422,25.503214948979057
31423,31.28421613460116
31424,32.72503059870314
31425,26.220412348300584
31426,33.14131131846619
31427,34.420707153983614
31428,38.56808360771231
31429,30.426666766076274
31430,46.478693781315364
31431,35.47810602842964
31432,38.57922979662698
31433,41.11144775113817
31434,0.0
31435,30.789623751279272
31436,34.62565235671761
31437,32.80395651996017
31438,35.67101009687094
31439,0.0
31440,40.9254969561666
31441,50.582131706826544
31442,27.565223406365995
31443,57.74489132222156
31444,34.86005263144183
31445,36.94919962490453
31446,24.826882820711518
31447,52.67547074594945
31448,46.644659358409314
31449,35.90861355125492
31450,34.36517026344946
31451,31.805128629286347
31452,34.57429501036184
31453,41.4409976658695
31454,37.8580015829103
31455,29.420039705095025
31456,37.92216585669453
31457,34.82328912336188
31458,36.15650657428078
31459,35.12974285112233
31460,29.97169001380626
31461,29.867200956562247
31462,27.50995827331083
31463,44.220662848305814
31464,38.17211769442888
31465,37.67412310788109
31466,45.008568285283225
31467,32.82796086246726
31468,33.32657199174034
31469,32.602183913508085
31470,29.399309986790428
31471,36.734656581947014
31472,0.0
31473,33.28796556821739
31474,32.30884561834289
31475,53.426875264601
31476,35.331131665087085
31477,37.34220032944994
31478,37.643739168247336
31479,33.61348829122788
31480,37.18987526489508
31481,42.07845412689458
31482,53.08233149010013
31483,34.37374508891356
31484,30.499058043877156
31485,31.267155365906966
31486,36.682114193706425
31487,40.175391567874826
31488,45.019995238846114
31489,37.27278085578693
31490,31.373452646495377
31491,33.166705713501244
31492,34.864190713919996
31493,0.0
31494,24.053964086288982
31495,31.942213378532404
31496,33.7086770502991
31497,40.81912043721814
31498,30.84193946446036
31499,0.0
31500,29.72729351455967
31501,43.337761507584894
31502,27.05807897604495
31503,31.024067965952547
31504,48.78415539537143
31505,33.34586723885438
31506,32.65916140583483
31507,33.14870945404434
31508,28.67666865518295
31509,33.59251905910065
31510,34.09727729625178
31511,44.47377475574609
31512,31.76193958118261
31513,35.89154787925671
31514,33.52664178049637
31515,35.583605569741415
31516,56.467042351135795
31517,62.566281683320966
31518,55.7180119941028
31519,55.81751144321978
31520,56.60935384473831
31521,67.82023518096027
31522,59.09467891586401
31523,69.83301423687085
31524,37.14913396062728
31525,50.87864220074725
31526,73.89670707682927
31527,43.38563305256633
31528,60.130408014431595
31529,74.97626376321894
31530,46.14316207355262
31531,51.289311818252386
31532,43.03087359531605
31533,39.06655331054165
31534,58.09251494843092
31535,52.55304906150322
31536,41.7776647978136
31537,41.5697798434161
31538,49.230883809602716
31539,53.347308083338476
31540,39.68271837424278
31541,42.68479276077185
31542,38.02759512756588
31543,47.50552726065615
31544,42.83133669995655
31545,47.520411875068284
31546,49.290139870866675
31547,56.20948268662359
31548,49.834753329856014
31549,55.959398740183644
31550,36.352597659445
31551,45.09949393256987
31552,31.277269666569143
31553,44.44414335656649
31554,59.62552937562632
31555,48.09719159187412
31556,52.50115869746821
31557,40.43184552977223
31558,58.98853481854567
31559,49.7971751034883
31560,49.82815347222177
31561,62.610209885914784
31562,37.2434465391119
31563,54.16404067941488
31564,52.3696930333662
31565,58.63798166556566
31566,51.31215065410727
31567,51.89539753691582
31568,35.30713709730077
31569,51.66784661070575
31570,48.806862996349906
31571,51.36332491968283
31572,32.82934808634043
31573,42.260961824381425
31574,35.018046847204644
31575,43.469394668206725
31576,40.4429888817972
31577,39.13387309449461
31578,36.869823354522474
31579,30.7722290164685
31580,52.12216076709244
31581,47.58416559434984
31582,32.76192847553323
31583,38.71564183188569
31584,53.46646798443276
31585,46.70391325124466
31586,36.59259794399413
31587,34.6890741196635
31588,30.257916667315836
31589,33.02614031643306
31590,35.471693806974116
31591,41.87903444666297
31592,35.221481954644666
31593,35.53211844324032
31594,40.096050933802324
31595,38.29878873560556
31596,35.40684421581395
31597,44.85395029185607
31598,30.03762128858051
31599,29.42950141340246
31600,32.99664489718718
31601,44.1158498948474
31602,49.76897169794254
31603,36.30905436979766
31604,37.98441336520925
31605,33.41027574876693
31606,38.72485039622199
31607,37.76633311450806
31608,0.0
31609,44.82373644648585
31610,34.56720047271454
31611,34.91597141050052
31612,31.056080400874055
31613,36.69760079969506
31614,33.521078669109954
31615,30.278399169326164
31616,37.994933668606144
31617,25.483892029447112
31618,0.0
31619,23.884122597178404
31620,31.836596070288067
31621,26.43733638678945
31622,30.072995971853
31623,23.949556578739898
31624,26.30061492748911
31625,29.629480814282452
31626,39.32410110713228
31627,29.096132805338797
31628,0.0
31629,29.920652445196342
31630,30.517031307282164
31631,31.56143982942135
31632,33.75440072348193
31633,0.0
31634,29.69403511404456
31635,35.1083313022112
31636,27.057067272602172
31637,0.0
31638,25.802971889775993
31639,30.502018342267192
31640,24.80178847733277
31641,28.21261294069011
31642,29.205822455224677
31643,27.093191835710808
31644,0.0
31645,37.62033150391585
31646,0.0
31647,26.232459398102286
31648,0.0
31649,30.503310778424684
31650,42.17992385160176
31651,27.944577953618992
31652,31.02301153234826
31653,30.857051480863134
31654,31.571144706069987
31655,28.85289363907402
31656,27.417463235998593
31657,38.84494873074969
31658,37.45888421050592
31659,0.0
31660,0.0
31661,29.96337950202901
31662,30.748075835781037
31663,35.4455546141771
31664,39.83665556124793
31665,31.743590157837943
31666,41.66967418423285
31667,30.876295828694364
31668,30.649491563295246
31669,23.15704564622242
31670,33.16938548887853
31671,28.63505077931552
31672,38.18063571954989
31673,24.686684150818824
31674,35.87380429593932
31675,37.71384904050604
31676,30.573655804087267
31677,25.03901506853241
31678,44.1828006316296
31679,32.82521993231732
31680,28.181901314033013
31681,25.66265047480196
31682,28.727363126112913
31683,33.551894498604966
31684,27.928213136660048
31685,28.201069374587565
31686,32.08714078111285
31687,38.915064045896635
31688,25.03767651147287
31689,32.26129886333091
31690,33.25002357467456
31691,37.8486603682386
31692,29.696608206026013
31693,33.29915253973645
31694,32.471430364188464
31695,32.022289739067595
31696,32.44948306827018
31697,30.982210635754228
31698,22.011796394792132
31699,32.77073771873971
31700,29.367970391235367
31701,32.052405212622325
31702,25.98897831017949
31703,37.50421749053701
31704,39.881950724897074
31705,0.0
31706,30.8031188136546
31707,24.181909138533513
31708,32.37290782829591
31709,28.952353985496455
31710,31.468545012481776
31711,39.712273382243694
31712,36.42887356863024
31713,33.68505246318628
31714,35.57054311597694
31715,34.0754376643894
31716,42.142246260127024
31717,22.301177259426453
31718,41.01153391813353
31719,42.32820674983068
31720,27.931916694432953
31721,0.0
31722,37.77880093509823
31723,57.996719121930106
31724,51.91134947110843
31725,39.37486628285902
31726,31.05943040348277
31727,43.665411323744955
31728,29.3491512415807
31729,0.0
31730,34.11058148997982
31731,24.421426318045377
31732,32.79631932775803
31733,41.91330754541086
31734,44.57346611371642
31735,49.22907198219364
31736,0.0
31737,37.05066457729065
31738,40.55160913925693
31739,0.0
31740,0.0
31741,0.0
31742,35.78114339855852
31743,0.0
31744,0.0
31745,45.54148480983612
31746,36.314555940844414
31747,50.29706419269091
31748,39.233451053644174
31749,0.0
31750,41.29260603785173
31751,45.94749566241779
31752,33.46502705369754
31753,40.372492262000655
31754,32.269305747644495
31755,40.78414105595527
31756,44.06019925122709
31757,35.68022181767047
31758,36.012308212746035
31759,40.01414290098885
31760,31.89297246488386
31761,50.82597521551692
31762,36.03059487559376
31763,34.601902936985226
31764,38.56374410276346
31765,30.94540761224815
31766,37.007314555612666
31767,34.75467267230768
31768,36.361061839724094
31769,50.82836743551588
31770,40.005215804348275
31771,43.635683484109734
31772,30.890781704506686
31773,37.10134524293649
31774,43.21239312259276
31775,27.789374537486076
31776,42.78482889384329
31777,27.164001318245838
31778,27.260184669428003
31779,29.36655362714475
31780,29.61435811808776
31781,44.178872252321916
31782,39.9719251272799
31783,30.374995907504708
31784,27.97190136176458
31785,47.95454251383564
31786,44.194282192335116
31787,57.87522272855937
31788,37.12221660517305
31789,37.89322506718517
31790,55.886106547850474
31791,47.430099233818886
31792,48.13554921105173
31793,44.361477162650765
31794,47.862121917986016
31795,33.26755850954039
31796,44.37730730832102
31797,44.178872252321916
31798,43.460479094233484
31799,41.072991130212436
31800,48.550994348081474
31801,44.11894047057615
31802,45.73456523477461
31803,35.94328834177034
31804,37.20403673488871
31805,39.964353254473096
31806,29.39364445531699
31807,29.700284563670557
31808,50.279519962788996
31809,37.72360587176529
31810,38.40939826179232
31811,36.51017322067254
31812,42.78909346150379
31813,46.77321524020026
31814,32.91477229368379
31815,38.223863655340146
31816,38.818565539146505
31817,56.15381943552938
31818,47.85134872526086
31819,49.10472898439477
31820,38.30771679738223
31821,39.04885212544769
31822,35.5390070766981
31823,32.348565813079475
31824,29.963733272060146
31825,36.837235495088024
31826,0.0
31827,33.02485194122343
31828,29.36021463381436
31829,23.806486225024766
31830,34.73378751792678
31831,48.81870149168621
31832,49.59442104102051
31833,46.52931247412986
31834,27.063831206118337
31835,41.293851158366955
31836,34.67189193712797
31837,44.50179759439519
31838,0.0
31839,57.2933702960716
31840,51.3617367258625
31841,39.6971421659755
31842,47.18218109141587
31843,28.00836548418851
31844,40.5039073314855
31845,46.83924183846593
31846,48.93678927114632
31847,41.59886513150371
31848,31.349203398242416
31849,36.23030216102681
31850,46.375687186495135
31851,44.8766256058603
31852,36.23536891772545
31853,25.155584717812804
31854,24.890366606656112
31855,39.65448692442101
31856,38.85134588108873
31857,43.99306034180162
31858,42.85416104548391
31859,34.082752413882766
31860,51.8623478634478
31861,0.0
31862,25.948049656731605
31863,40.5039073314855
31864,36.09751950563161
31865,40.40666553413054
31866,0.0
31867,25.63374002936857
31868,29.854289205630693
31869,28.928575548040847
31870,28.26378090232211
31871,31.024180612956478
31872,29.552473024247014
31873,32.1978984910845
31874,45.156391880931245
31875,37.14591598164766
31876,42.738316304704306
31877,44.484654755680616
31878,27.570038407170657
31879,29.405789878871165
31880,26.63796747093987
31881,30.162196663049613
31882,33.308270976120504
31883,29.04246588583093
31884,37.00391142415145
31885,24.344021778998144
31886,31.643081292276186
31887,26.906416200870975
31888,27.504784495159537
31889,33.37264043069078
31890,0.0
31891,28.117715968702594
31892,34.64350731949315
31893,36.861619806107484
31894,29.95756623748602
31895,34.03712720121346
31896,27.122405493513092
31897,30.81522260968185
31898,0.0
31899,33.88332836235646
31900,34.83092936736908
31901,37.27262662173139
31902,32.010612817520524
31903,32.86738727768828
31904,34.294325574105095
31905,39.8764244103237
31906,37.13247745173479
31907,26.09597184596738
31908,30.633908814865077
31909,34.03433985098097
31910,0.0
31911,26.963141388740453
31912,0.0
31913,33.72793092313523
31914,26.474686853037117
31915,28.578393725216696
31916,33.67741358902608
31917,32.14194612399149
31918,36.7408131896013
31919,30.16559564937604
31920,0.0
31921,34.03072800915212
31922,30.578894508307357
31923,28.09648367587486
31924,34.414548203908005
31925,29.953626918515795
31926,35.32019065089116
31927,34.09721613392673
31928,33.991554133274406
31929,0.0
31930,26.87392008360101
31931,0.0
31932,32.028071395365785
31933,31.414735826817953
31934,32.310559034061406
31935,33.67116962058982
31936,28.35945679199548
31937,36.567415507868084
31938,28.827164976076077
31939,27.120939270318367
31940,0.0
31941,0.0
31942,28.010458342562327
31943,36.6963872963066
31944,33.694763037012336
31945,47.214888898307606
31946,38.45127532229192
31947,34.92000906036311
31948,32.25119849795257
31949,26.723605219650477
31950,26.51069077415463
31951,27.17282365695449
31952,36.72397127239315
31953,25.80373455481979
31954,28.07965647679472
31955,33.084952396116805
31956,0.0
31957,47.66727290832509
31958,46.40090509793085
31959,44.07547054092964
31960,39.35020882846431
31961,36.7791308572477
31962,37.99116535020751
31963,34.55780028674507
31964,44.1722016123802
31965,32.45367585934716
31966,36.136044349423685
31967,57.28850042899886
31968,44.07849112228332
31969,35.804587574034336
31970,33.82044321738731
31971,38.99353146909405
31972,41.01386578888927
31973,34.68640541785029
31974,35.78613757994606
31975,39.04412421823198
31976,38.70885889870156
31977,30.48556556113174
31978,27.243863869024263
31979,36.14813849075351
31980,37.148787526172086
31981,31.809914512265642
31982,42.62302035029065
31983,52.15495590987362
31984,36.871118678005026
31985,35.6706140919584
31986,35.46947411529617
31987,37.642104589541276
31988,37.534448707322305
31989,38.22647715059637
31990,38.8535358760375
31991,36.49816495363252
31992,32.106274781887876
31993,39.53895757551778
31994,41.21295394185874
31995,38.799348486555864
31996,37.25273801408775
31997,33.84537439599808
31998,36.89613242538114
31999,40.33363525188653
32000,34.91451115164421
32001,34.68436532948029
32002,34.64241737702346
32003,37.955474137495735
32004,38.180967202247345
32005,29.02414451267536
32006,34.52946471768989
32007,37.34758945731548
32008,39.30009579939138
32009,35.68114980319251
32010,39.75435023118104
32011,40.177565726067506
32012,35.022245768530816
32013,34.11685322786441
32014,36.32167122552666
32015,38.65150089768716
32016,36.080051981607426
32017,35.39294141869877
32018,35.999304625899526
32019,38.643968615551366
32020,37.91290866378484
32021,36.418163678075416
32022,37.83898069599121
32023,35.4435088286534
32024,39.76058109060657
32025,0.0
32026,40.04085672502335
32027,41.576664310889484
32028,35.73185956896434
32029,36.851318872606214
32030,39.56855774520996
32031,37.425218467919144
32032,39.784326176449454
32033,41.661877282971325
32034,35.10837949096076
32035,32.94033814429566
32036,34.64206203397505
32037,31.2705873329458
32038,39.38586780847203
32039,34.51872830277774
32040,39.858041098878054
32041,35.16709823745511
32042,31.850279406916016
32043,40.46168277854131
32044,32.78486111748988
32045,42.38100080679875
32046,39.83775330410466
32047,33.4967076171609
32048,40.52513860500975
32049,35.705062789682614
32050,41.482802110897545
32051,35.485901101956046
32052,32.59296875739374
32053,39.87451572101524
32054,39.83903177815951
32055,41.35277981423183
32056,33.348686810905825
32057,31.056139937831816
32058,39.903934932979
32059,34.59126337331963
32060,32.87239349913582
32061,34.8969502568992
32062,39.939285748265114
32063,59.50832225143643
32064,59.175763556233186
32065,36.1786814035396
32066,38.013455268556555
32067,34.66194192004843
32068,57.24855847517234
32069,35.65115848324545
32070,33.869805619371576
32071,43.37191253699764
32072,40.15550699348272
32073,66.12671926899081
32074,41.369327623105534
32075,54.748824434629775
32076,39.363776714076444
32077,49.307741607686665
32078,57.95480052333986
32079,39.0225176069885
32080,52.670737010286565
32081,54.738569157527905
32082,46.85927534716403
32083,53.00758080608668
32084,42.78534755103769
32085,40.12900053554348
32086,42.487820264655106
32087,42.97841055666598
32088,42.921322350254286
32089,59.336807242686795
32090,35.13895766699874
32091,41.54443638247978
32092,54.0404915203417
32093,40.110704760846005
32094,39.70788175834663
32095,40.777934744599825
32096,42.48600675835432
32097,40.76983944935156
32098,51.97824187106653
32099,39.22427035842444
32100,50.810134147942364
32101,43.78568258805159
32102,52.653524629169524
32103,40.15209608614724
32104,35.44715158752252
32105,35.64879132288794
32106,44.9770776319285
32107,39.36877915798665
32108,52.64699878372148
32109,52.28540065842868
32110,55.38880027091785
32111,41.29514443304371
32112,41.80189410732699
32113,38.227955874314006
32114,50.882333611332285
32115,45.60359679921926
32116,49.88120631051832
32117,43.95610873278837
32118,53.518848562075405
32119,43.71421536406556
32120,41.42626615437899
32121,43.033333146132215
32122,39.08235010537573
32123,31.307019318761945
32124,47.15823238496946
32125,36.50065590223999
32126,50.401350104246724
32127,37.634950169773994
32128,38.032486393580555
32129,60.61880550393583
32130,39.89288881049053
32131,39.475235702340356
32132,30.786020997019317
32133,46.26245468079069
32134,50.695145138871055
32135,60.138192088291746
32136,51.52328590999903
32137,46.921273532531686
32138,29.796866872417198
32139,34.78669459839199
32140,49.456377904018055
32141,38.22619587479308
32142,39.81344387918763
32143,58.666857163345945
32144,36.516677353400866
32145,55.78207076580408
32146,48.73818053983333
32147,34.20160454541759
32148,40.950448233404295
32149,36.25147429431156
32150,46.79979047727377
32151,59.87295073327801
32152,50.04729483389288
32153,36.37853856495385
32154,39.060459251675006
32155,36.410675315421464
32156,39.98464282660908
32157,51.280724266776
32158,36.65543677200672
32159,42.68998339162731
32160,41.48731894044941
32161,36.833044909452944
32162,43.700059426393146
32163,35.37828063961449
32164,41.42928052141214
32165,34.58017865183987
32166,40.545176352050404
32167,41.12117150551313
32168,40.34482196450801
32169,41.753327872806615
32170,41.46102775564283
32171,36.96878314791291
32172,33.346570183009895
32173,36.34050891369159
32174,32.4152791278826
32175,42.88592862078582
32176,38.55890887415407
32177,30.528284498882414
32178,35.89944868449483
32179,38.470700998665
32180,46.12385626688908
32181,42.15656890800023
32182,42.283029469494466
32183,41.26437873094968
32184,39.34570842989199
32185,37.780719096051605
32186,43.616564301886335
32187,36.647633023092375
32188,40.33147689330272
32189,41.584734600948465
32190,43.90444966225506
32191,45.166506505687586
32192,39.36332071337016
32193,41.75386714934701
32194,35.24378971130068
32195,52.182393289514934
32196,41.537642258082535
32197,38.84908637985889
32198,45.41325393322346
32199,39.81358559670453
32200,39.01930458290752
32201,38.95643562494959
32202,43.09389084224692
32203,43.23666127483205
32204,36.897313107487705
32205,41.89250813934258
32206,41.97195932169743
32207,55.61640852323774
32208,38.57725826037946
32209,39.84622451384961
32210,43.777742657246016
32211,40.67067614898683
32212,36.91670391444574
32213,40.79640833912645
32214,38.94754544731457
32215,40.44255328920094
32216,62.925902177058504
32217,44.26923413288408
32218,42.764335772478105
32219,44.51164349549206
32220,41.188032439469524
32221,43.393910030758015
32222,43.471916157495
32223,35.57702592430435
32224,40.81777279190484
32225,40.590459073142114
32226,44.1347856154112
32227,32.75040982219889
32228,38.21361634404646
32229,42.715680255847296
32230,35.81224719890733
32231,37.90076232692652
32232,37.92318743840897
32233,47.804334538782996
32234,37.847400376618324
32235,33.30450650231634
32236,41.39409683348614
32237,40.17962383813136
32238,36.2448760457119
32239,43.927876283146674
32240,38.95064614931166
32241,38.92076084119863
32242,38.2342163974108
32243,43.3156230447847
32244,37.10347643915236
32245,45.49538791940367
32246,39.65363252105834
32247,32.74957189408942
32248,38.78430293427184
32249,51.00201012963491
32250,38.41166182427958
32251,41.72361325349826
32252,0.0
32253,44.75521712815391
32254,0.0
32255,34.19623434743005
32256,37.47446081493788
32257,46.05937688301678
32258,52.185515853806415
32259,33.430606480032
32260,30.514561105804745
32261,35.31190706170641
32262,38.23904194577044
32263,46.69465961537582
32264,42.678803759206964
32265,38.029446368980615
32266,34.149599751493014
32267,35.64668681173699
32268,36.3817018598595
32269,45.29540072234961
32270,37.342880421742464
32271,53.75311418515137
32272,45.760644896572124
32273,48.58112949916417
32274,38.79118140486351
32275,45.45841559394985
32276,37.282500578166605
32277,34.307295838116175
32278,34.70810081346248
32279,37.75823421343565
32280,37.04133825559137
32281,36.45755925266324
32282,39.779732714820824
32283,43.82602608133185
32284,32.48247921181235
32285,38.02006467181522
32286,41.671482244515595
32287,43.79454187761575
32288,37.786048173998225
32289,41.76097323905661
32290,38.93376861450694
32291,37.432396014274296
32292,36.99394561672259
32293,59.00891398707887
32294,55.483358131443204
32295,46.136590132481345
32296,36.52428145674553
32297,44.48361162197613
32298,47.04910662833676
32299,33.81259971267748
32300,38.22225461118708
32301,45.98275465438703
32302,56.69986677246837
32303,50.7432828671951
32304,35.111812364025056
32305,57.586392323157895
32306,48.487357043275125
32307,38.690669329784654
32308,38.42825519830242
32309,45.41473851667456
32310,38.03483747481636
32311,35.157178576379195
32312,36.82545069250507
32313,34.047859689807275
32314,38.85693016367275
32315,62.48904755921765
32316,37.62810127177893
32317,41.05467446682624
32318,36.76368322890466
32319,34.179114843701505
32320,32.437889323088115
32321,36.922596790205866
32322,38.99331354867503
32323,35.03030654140287
32324,51.055731609439825
32325,35.36209295478412
32326,27.471803881093013
32327,30.66818658752921
32328,35.813252013871505
32329,31.29490201942921
32330,20.711592950617423
32331,33.194391490268806
32332,32.33144120112877
32333,30.30830121825209
32334,31.511929190758128
32335,31.161189620339428
32336,0.0
32337,26.560696540316055
32338,0.0
32339,22.58469115041907
32340,31.46851928754985
32341,30.391724393763653
32342,32.90674452031202
32343,46.108722596471466
32344,29.52712492697467
32345,27.719838762041714
32346,38.94064858805241
32347,28.238858756441317
32348,35.192870927830775
32349,0.0
32350,29.031235093543913
32351,30.067263577501983
32352,31.827731546770693
32353,36.32562944203053
32354,30.176743536472173
32355,31.585635477608022
32356,26.283684575749067
32357,35.52274238444819
32358,31.38431084231916
32359,37.49063453097642
32360,33.68339974323713
32361,27.93224902153516
32362,38.13955372856783
32363,30.582329282640387
32364,31.1411480976925
32365,32.031776848245045
32366,0.0
32367,0.0
32368,33.50793481288651
32369,28.493712271591523
32370,0.0
32371,37.16357710091904
32372,40.68782204941904
32373,23.514436551424996
32374,31.417311467152786
32375,27.864315569454238
32376,0.0
32377,52.775215147833634
32378,32.441915538784905
32379,33.602163756775
32380,39.13702512330526
32381,29.80712712270379
32382,43.20861642063798
32383,44.90409147905869
32384,28.033437060992767
32385,33.663740951777015
32386,38.72306258905708
32387,38.5985643305865
32388,43.00966608385687
32389,31.605270639808914
32390,34.554109723726285
32391,28.210808468674315
32392,34.01985022423084
32393,0.0
32394,38.2100821675362
32395,33.565803795582056
32396,0.0
32397,0.0
32398,45.0331927422277
32399,0.0
32400,36.229793076068574
32401,48.05408023597252
32402,32.91554277520797
32403,25.444216973511356
32404,43.529631104415884
32405,37.350356703305835
32406,0.0
32407,25.49829299315421
32408,0.0
32409,79.33353588600446
32410,42.08078365567013
32411,58.77158936671714
32412,68.0551267170234
32413,54.574022546777066
32414,53.15761330707417
32415,67.6679511446577
32416,61.853417323355714
32417,44.573969624823015
32418,55.256994520629235
32419,42.863699868048215
32420,43.917546428644144
32421,61.40721320366755
32422,50.2077547765687
32423,71.8811094191249
32424,75.90848851155255
32425,39.05459280571791
32426,31.45539681470186
32427,43.06405686975471
32428,42.64448301403004
32429,37.269527893096594
32430,55.57665300725044
32431,43.637003154263645
32432,61.23856231775788
32433,38.46936105865736
32434,35.95629906451974
32435,59.3983567519822
32436,42.88282143530558
32437,37.321482583354666
32438,52.721071810763
32439,56.373648316925326
32440,53.50953875274938
32441,55.81031170385667
32442,53.80848162718992
32443,53.53163474637793
32444,44.261530699919746
32445,40.301350776464005
32446,37.97775036523616
32447,37.55249651896514
32448,42.228497561140415
32449,51.587192222753934
32450,43.66803878089876
32451,50.597670559299964
32452,43.155499658146
32453,59.56010092447868
32454,62.2196307336167
32455,54.67075680258839
32456,42.839219125310365
32457,56.202780697114264
32458,41.06455090732757
32459,62.15420185002806
32460,63.02958117771199
32461,74.20707278308885
32462,40.77508354433322
32463,42.51792204719239
32464,39.27912930479182
32465,52.82061989158364
32466,42.79962402966473
32467,43.823970051240266
32468,36.83449575683461
32469,49.88411230000517
32470,62.96157419048069
32471,45.53898521326678
32472,53.44764564394894
32473,53.57880893875985
32474,42.12876720927326
32475,60.02112024083062
32476,37.56043299466474
32477,49.55997168009885
32478,52.39789883346094
32479,34.95624754851028
32480,38.13031629212763
32481,46.04640317167605
32482,50.9746187819818
32483,33.847202427291805
32484,32.88858454955872
32485,58.7017595663522
32486,37.30710530835236
32487,58.12172915427534
32488,58.62631014786352
32489,46.53003625638732
32490,39.02727144169943
32491,42.38607420813098
32492,41.992274856364816
32493,41.99007062519584
32494,40.06757388212261
32495,35.49798575671406
32496,41.02805771860065
32497,36.912935759058165
32498,37.847727466283565
32499,35.88229046179234
32500,36.95126686243657
32501,48.609713432709164
32502,36.88512290950303
32503,50.385989151409696
32504,63.42233198362691
32505,55.35238418684829
32506,34.348068773627716
32507,67.68502954125795
32508,44.10790043484551
32509,42.19564505966234
32510,39.65601409722332
32511,43.89456029367414
32512,36.51023227909628
32513,53.514203908823234
32514,35.711475694898326
32515,45.13534617132031
32516,36.86650262838229
32517,41.231741276138564
32518,60.883494587894866
32519,51.44253522986513
32520,55.79348072722537
32521,37.50016291598591
32522,57.95445358159079
32523,35.76255109963801
32524,36.11238744787759
32525,51.86151035622599
32526,54.09701188187455
32527,43.432517235287776
32528,40.950036684831986
32529,72.2568991018712
32530,79.29169050060696
32531,0.0
32532,0.0
32533,0.0
32534,42.44649579044583
32535,49.772735656208134
32536,56.68813255691554
32537,37.40396478367134
32538,44.75196655436675
32539,41.02241788819947
32540,36.28974141520422
32541,50.92663726231462
32542,54.491743398489504
32543,0.0
32544,49.80235756197647
32545,75.96675793079598
32546,40.21497751771157
32547,40.26864916092962
32548,51.702170118634136
32549,56.11211265787987
32550,41.44907715437128
32551,43.026004781052954
32552,0.0
32553,59.90108344469476
32554,40.76830715909884
32555,36.74422443286491
32556,43.87022491628553
32557,0.0
32558,43.59000739707118
32559,43.35070670894173
32560,0.0
32561,41.04039652359815
32562,60.57564846024816
32563,43.97690956702241
32564,32.53076058434979
32565,43.792148594045656
32566,39.21391668268539
32567,55.82291956843894
32568,48.673044632801016
32569,39.85650786622365
32570,61.404892531908835
32571,32.23682245023342
32572,45.872257231634464
32573,0.0
32574,50.56327256957975
32575,46.207451617986315
32576,55.31543757758981
32577,43.59913328896772
32578,53.55652557165659
32579,61.16458330694603
32580,36.521259887080646
32581,35.21930093645858
32582,30.637304691109584
32583,29.57397269058847
32584,30.14154121313559
32585,30.795820212859375
32586,29.60250842671534
32587,0.0
32588,31.523310245806243
32589,27.837057457756256
32590,0.0
32591,0.0
32592,28.127098656820927
32593,27.509716787597405
32594,32.27693025567453
32595,0.0
32596,27.40502876177295
32597,27.834247729571544
32598,31.19661408662196
32599,27.954279330913174
32600,29.18365993937539
32601,30.524410448889775
32602,31.706581260845926
32603,32.828779950669905
32604,25.98613985844221
32605,0.0
32606,0.0
32607,28.822524944358694
32608,0.0
32609,0.0
32610,27.69813960086153
32611,27.321953091590423
32612,30.696302580734734
32613,27.545586253565133
32614,0.0
32615,0.0
32616,0.0
32617,33.65955182329205
32618,0.0
32619,0.0
32620,0.0
32621,0.0
32622,0.0
32623,0.0
32624,0.0
32625,28.082084800301466
32626,0.0
32627,0.0
32628,29.727841752113797
32629,0.0
32630,0.0
32631,0.0
32632,31.65566315829804
32633,43.39531362854851
32634,28.51734784722343
32635,0.0
32636,28.472664980404048
32637,28.445857202308122
32638,29.74340105898162
32639,0.0
32640,0.0
32641,29.018273260516153
32642,30.12027976461168
32643,27.510244231613438
32644,0.0
32645,0.0
32646,31.99808193794553
32647,0.0
32648,0.0
32649,26.574619503467435
32650,30.48446666790641
32651,0.0
32652,32.152830514117795
32653,32.34810088347572
32654,27.389119906585943
32655,26.003698929040258
32656,28.341320379215894
32657,0.0
32658,28.431708382637378
32659,33.159813181526204
32660,0.0
32661,30.034830565469683
32662,29.73386308289917
32663,28.439852483129247
32664,0.0
32665,29.195545507389177
32666,32.0787951488898
32667,0.0
32668,26.147180802450578
32669,26.72956529086569
32670,28.4913895731705
32671,0.0
32672,28.76776092565619
32673,28.884290290406824
32674,45.17467581767671
32675,36.1628332547122
32676,47.346650433448396
32677,39.22189348207572
32678,40.843823930395416
32679,36.34187709150937
32680,35.15619747203558
32681,35.18671299835644
32682,39.85044319512306
32683,52.51934659908242
32684,39.31503025549867
32685,33.917350914893866
32686,38.54774983814739
32687,42.47142767557328
32688,39.74675909593071
32689,39.30119296610697
32690,39.81486755215164
32691,32.81677995313719
32692,52.13256459792075
32693,41.450308707795415
32694,37.72331428406329
32695,36.56086710039355
32696,42.25087005055132
32697,44.38978636888226
32698,37.165403826750705
32699,38.275181093415476
32700,43.920454933426214
32701,42.36784186764936
32702,34.5996025766059
32703,33.984084511858505
32704,40.127402583553376
32705,37.65436389648696
32706,39.04228699263177
32707,57.81921986032492
32708,54.484008456953006
32709,41.44064288089196
32710,40.38264915170259
32711,43.39221457152299
32712,57.40133309975941
32713,44.78158937341439
32714,44.47727529121049
32715,45.78104876120113
32716,36.486529987303946
32717,43.58290038843991
32718,42.548763381840246
32719,44.70152430730273
32720,38.07562658196485
32721,39.7388343350139
32722,53.442740690805685
32723,38.7130273836525
32724,46.61563364997289
32725,42.83871706939482
32726,37.041210507633906
32727,42.62025644659908
32728,36.14593696341296
32729,33.820555638927594
32730,35.37906059235041
32731,30.207603006164774
32732,37.75773074179136
32733,47.56639708481784
32734,56.66018869208502
32735,41.778929121071485
32736,38.200328411412436
32737,36.05748978779127
32738,48.38235686464809
32739,37.042592172419916
32740,33.15245085035174
32741,42.48356566201435
32742,37.4806379958083
32743,56.7349806828829
32744,41.851244433817044
32745,39.918581691975184
32746,44.0291781837795
32747,43.695371148375706
32748,37.78705104587668
32749,40.91918317782559
32750,55.43492300485023
32751,37.21696591840059
32752,36.639418203232715
32753,47.579116076007594
32754,60.99939687257629
32755,50.07517885767403
32756,45.35996482329447
32757,52.701916715675054
32758,53.02589120924033
32759,61.26769537814074
32760,47.803751522293155
32761,40.87166049890374
32762,0.0
32763,27.29500207399273
32764,46.46644321502298
32765,46.2371307866351
32766,38.07140005125564
32767,49.22840504947023
32768,35.41418468798608
32769,38.97226157614341
32770,45.618487329819196
32771,36.469751006132135
32772,39.794616332299086
32773,58.17341837484489
32774,38.50727271380093
32775,34.48869872522016
32776,39.78009074073585
32777,43.60123618783183
32778,53.9743393607847
32779,36.26323663503668
32780,37.39548593879062
32781,37.580981290652616
32782,34.78056983803247
32783,48.585807230592636
32784,0.0
32785,36.90736586284325
32786,52.367155651331494
32787,47.89958827780956
32788,49.17944396776595
32789,38.12524208396863
32790,46.14596782365434
32791,37.61921109412977
32792,31.11002768342346
32793,46.09727413028153
32794,38.95985101209774
32795,36.44230820637276
32796,36.59860283025819
32797,28.322390630453704
32798,55.627458977878945
32799,35.208944493970684
32800,30.862226831434054
32801,34.019307636136034
32802,51.63815486180788
32803,34.944655312627354
32804,34.52005305971082
32805,36.655147951020325
32806,38.43671146233498
32807,35.452330339862634
32808,40.976866308972504
32809,37.300660791204045
32810,0.0
32811,36.745156167311585
32812,42.94234705288108
32813,40.51617973772022
32814,33.99909487181975
32815,37.706763463094084
32816,27.513910522739195
32817,41.36445564345565
32818,36.11756322710691
32819,26.76685698605768
32820,41.673718503989406
32821,35.444135843742856
32822,43.17032161448176
32823,39.17825387175846
32824,46.56693299767242
32825,36.24293170751783
32826,42.91359904412284
32827,33.15855278154974
32828,0.0
32829,33.755527627982694
32830,36.31407855101609
32831,0.0
32832,0.0
