ID,track_popularity
26266,31.201338775992213
26267,30.17918243072119
26268,30.559359317658533
26269,27.249432797268536
26270,46.36114130688571
26271,46.107374027440606
26272,42.2155721614361
26273,45.45376099870305
26274,48.54857352095259
26275,30.492372071555604
26276,33.316153478548465
26277,32.604853011092935
26278,41.31261645620101
26279,39.989412260992104
26280,23.031849968058147
26281,24.404157050461247
26282,24.11463481768041
26283,27.876678470713404
26284,24.426464069613203
26285,23.334159139401656
26286,22.00163736753295
26287,26.0656735921574
26288,22.469604874798776
26289,19.89622544583291
26290,23.716220693851366
26291,24.624971082234126
26292,33.83892284795047
26293,28.412199940303992
26294,34.50647488141788
26295,27.18893787731371
26296,22.75044326428145
26297,27.7216564015261
26298,35.142212201507235
26299,42.18815914609743
26300,37.531791100895504
26301,39.90413035038648
26302,32.54696513355183
26303,36.93595693020608
26304,40.52698354479916
26305,38.18260235670862
26306,38.22961195972913
26307,30.781041379585673
26308,27.618169048201036
26309,33.39842926963444
26310,31.553536302056294
26311,34.47519259365324
26312,30.277549867926687
26313,32.76017168931968
26314,36.88449466571662
26315,36.352777912638714
26316,35.460289494242815
26317,31.634279777853504
26318,0.0
26319,29.322372706479996
26320,29.358154644178065
26321,26.85395454872649
26322,28.22906813933044
26323,24.864155578248567
26324,29.61084896641053
26325,28.826178270311093
26326,31.961509167600553
26327,35.0652709989356
26328,31.890392994425962
26329,26.634835515616544
26330,28.81512394738879
26331,45.32631611009784
26332,28.290037307256405
26333,37.52296660052067
26334,25.255695596072336
26335,36.28659013441653
26336,44.247471764948436
26337,33.625600830279
26338,36.260410428276494
26339,24.550239014148325
26340,30.183260170816606
26341,25.983300605647322
26342,18.572210835871562
26343,33.918165931373466
26344,25.147257013261534
26345,30.996228579041638
26346,38.82324653206278
26347,35.69488382097034
26348,33.81253017687574
26349,43.77844412952321
26350,36.730545961379036
26351,35.82828505267663
26352,31.43156653375681
26353,38.24733370721859
26354,34.93542771493228
26355,33.82501889043045
26356,23.016851458011086
26357,33.6309252704609
26358,33.37488408819567
26359,35.64778807638026
26360,28.526579890031645
26361,26.01738424855307
26362,37.83003329695967
26363,31.130256599619116
26364,38.29480134759069
26365,38.933689884886526
26366,38.98494505366581
26367,58.016588137550826
26368,26.29850906922657
26369,32.0421898581828
26370,34.70022142034037
26371,48.37423850767116
26372,15.525507513831956
26373,46.35371788369565
26374,43.93893733657423
26375,38.06498687531848
26376,33.48924065414712
26377,39.00909026972158
26378,31.518636696808066
26379,27.85943121403734
26380,1.8691573463319529
26381,42.0919589037065
26382,15.587911929287086
26383,32.814661662130725
26384,50.7729491031688
26385,21.19915372864902
26386,29.271117937752326
26387,30.793966680902766
26388,30.18670424274499
26389,47.41002393132998
26390,28.198112196077478
26391,46.332521671337815
26392,19.74570482598617
26393,21.658547393883566
26394,38.812148491715824
26395,35.5057519801978
26396,30.35095409614338
26397,32.997659290589596
26398,28.400058663799417
26399,29.576744040532503
26400,40.85994606967247
26401,36.65903231805947
26402,47.66089173004684
26403,19.283191692005314
26404,32.62796216711056
26405,47.323839195626235
26406,46.41549350246381
26407,1.906994220014506
26408,21.459216927431374
26409,26.253232602981655
26410,27.44638576526749
26411,26.350669633734512
26412,39.906771204509546
26413,25.13764043512029
26414,37.89811761507817
26415,39.82867164588028
26416,28.162174976604586
26417,32.65460536011045
26418,34.85307774416259
26419,57.20397972690919
26420,34.24054699097134
26421,28.89695497235969
26422,31.150623935548147
26423,38.15124939749286
26424,34.13649796279764
26425,29.382234543340612
26426,26.9349672399483
26427,25.854994911205615
26428,27.827097780985497
26429,36.13891062130891
26430,63.325722619062525
26431,49.51639324593336
26432,31.052519351220443
26433,39.70248344551727
26434,24.956105472153844
26435,30.12937622357788
26436,28.843284053787563
26437,30.204658263882813
26438,23.383623971768827
26439,33.26933347045561
26440,36.574871426481664
26441,33.041432903297306
26442,33.45194926580756
26443,27.401144693228467
26444,33.85207181264785
26445,58.91596006650841
26446,55.24936256796648
26447,17.6148763836035
26448,37.777835209664254
26449,50.431418600257345
26450,60.06379037447627
26451,18.21017526611978
26452,22.26294486162786
26453,25.162993216418677
26454,24.110217100223135
26455,26.031695425615048
26456,21.82942012225757
26457,23.25898949027863
26458,16.020192010296416
26459,20.419489342470662
26460,20.043505738378936
26461,16.950193412677496
26462,13.330181364478616
26463,15.946297071156534
26464,14.664303599582336
26465,20.212464089550018
26466,18.587279364416815
26467,22.123013636254253
26468,21.902065498616277
26469,23.843035095425424
26470,19.46326761847589
26471,28.13085880899416
26472,17.843389894962318
26473,22.803464759969135
26474,15.367565645288982
26475,15.30497517685326
26476,20.748729181149095
26477,21.348316740145282
26478,23.062102641159402
26479,24.156499824772094
26480,19.69397247684177
26481,27.124923220324824
26482,17.230468977357237
26483,25.249167621889768
26484,22.447559636970123
26485,23.342286704135017
26486,17.570588904382344
26487,20.933070114623987
26488,22.716050842281817
26489,23.231371886206073
26490,21.11450714494077
26491,24.696300770263875
26492,20.408217470605646
26493,18.629365188396527
26494,19.02111142315561
26495,23.912688119422054
26496,21.063329311141697
26497,22.696848058385736
26498,25.586680049842503
26499,22.973491854102367
26500,21.75281479707661
26501,26.05834671396749
26502,24.185909023322253
26503,21.358190385696727
26504,16.763855355188092
26505,22.88725031853734
26506,21.181429145842287
26507,4.624028245940524
26508,20.89556540328693
26509,21.54289374729765
26510,27.113624114710028
26511,18.615184384054974
26512,30.113568414534953
26513,8.457950683321535
26514,18.697995978818216
26515,18.310480419338152
26516,19.899602424283653
26517,21.72769918261986
26518,23.360608239085877
26519,15.528421685093214
26520,20.299744247594877
26521,21.897307493804583
26522,23.049417743084078
26523,19.19194613721208
26524,17.24589466582148
26525,22.29679499804039
26526,26.836688711027694
26527,20.014727988405106
26528,25.86526630390031
26529,31.531198348719883
26530,22.557036382487198
26531,15.62140608247832
26532,25.46638057004895
26533,20.4613031936649
26534,19.765964358634676
26535,17.912346415454373
26536,21.38123107595744
26537,26.084713619325548
26538,24.022358017163434
26539,23.250276739402608
26540,19.76079324376801
26541,25.220715225194862
26542,20.725133963335583
26543,22.162901724063218
26544,22.98757632965544
26545,25.37554289550064
26546,22.489235271669987
26547,23.349169096894332
26548,21.958317456034003
26549,21.163045074854836
26550,22.45957562200797
26551,33.723910108063755
26552,31.918570683665486
26553,25.499852794723452
26554,14.257741542926745
26555,11.473920543341919
26556,77.94568923908997
26557,24.022136791576386
26558,14.762652264691878
26559,24.845241843104013
26560,21.190319102833527
26561,31.971066065515284
26562,34.83032399875311
26563,21.16710560931986
26564,24.033923356461607
26565,12.213457898308242
26566,19.137480272127544
26567,22.348783608908818
26568,29.414367554834012
26569,22.215866161757393
26570,12.251413081871744
26571,41.0373258407125
26572,6.379972253515951
26573,28.564732980392954
26574,29.309568279193385
26575,23.74538538912827
26576,32.74884414810789
26577,12.485331599851783
26578,29.995508867547475
26579,25.09982747158689
26580,29.31541230969457
26581,33.5136180377207
26582,24.43672263238311
26583,26.70509701931809
26584,19.853358709349973
26585,29.275544770224244
26586,30.214192582775574
26587,14.006243582333889
26588,20.706117601176576
26589,7.777686857849188
26590,6.414643665170832
26591,25.61376181658947
26592,16.432956104383145
26593,40.44354351696228
26594,22.292482469200838
26595,76.24353269029345
26596,43.26109285816568
26597,22.059147359667175
26598,46.88359469367607
26599,44.351405649366825
26600,47.35605282813652
26601,80.95802186556443
26602,18.550369139953478
26603,18.618043854146162
26604,16.881181043622814
26605,20.65279953958305
26606,39.43606495757828
26607,33.830302993123546
26608,34.852679582014574
26609,25.198959874099632
26610,35.71298923961103
26611,39.68238115935374
26612,21.236950342252296
26613,42.266865776762586
26614,60.156377977191305
26615,42.432025618232935
26616,29.59595985459222
26617,59.523668521899154
26618,56.90242290047461
26619,41.46409634736154
26620,43.299560157655975
26621,35.97400003136508
26622,15.149550214604659
26623,24.235747474470763
26624,31.838175827435098
26625,25.454502538942375
26626,48.58057892064282
26627,21.203841381057135
26628,20.513201429707657
26629,24.576781021311582
26630,35.85675660751149
26631,31.27218306190981
26632,22.579378808794825
26633,29.833827045197673
26634,1.1574686056867978
26635,39.64877845594461
26636,34.005427957409175
26637,0.20723244430746326
26638,31.596621384350005
26639,37.68940977072389
26640,40.78701803207154
26641,35.62356377396888
26642,0.10715831321056792
26643,32.776365544907826
26644,5.933207569402695
26645,29.284258339103264
26646,20.595988187394607
26647,33.17670111532633
26648,32.35355694639831
26649,20.884415433228217
26650,48.506334894017435
26651,17.767394958554203
26652,34.59238009418891
26653,39.53341073633973
26654,27.79554480421536
26655,22.928280455343497
26656,4.852601745970356
26657,34.87147096501577
26658,53.9594807612214
26659,19.04264059155989
26660,28.936696088623044
26661,20.407409636967756
26662,32.540534921602976
26663,34.5029060142315
26664,26.631963627364225
26665,23.859974235207627
26666,27.647442768968116
26667,26.294535124521826
26668,37.027781022789036
26669,23.509900372443667
26670,19.91715226016041
26671,30.025034971697046
26672,27.4942626227083
26673,28.176222052308617
26674,51.80984311076402
26675,22.034145775170266
26676,41.5729058309261
26677,37.67446579992689
26678,28.94453338113577
26679,21.992713508620255
26680,19.56141993318299
26681,23.322497507411008
26682,21.77509216751922
26683,22.02961247646465
26684,32.824762933919864
26685,23.789925088245262
26686,13.037692161235816
26687,49.10484860158253
26688,26.9123368869624
26689,42.12455653533244
26690,30.48842438414982
26691,28.131471700523242
26692,22.473590063468663
26693,31.584368265506267
26694,20.7833920713689
26695,16.858856779017117
26696,36.542319453131995
26697,38.389383539512096
26698,26.402074305470947
26699,26.37470718408747
26700,22.636303479792822
26701,40.703843360751264
26702,33.44001010392251
26703,38.67168217349378
26704,25.13530334481661
26705,29.279911528698552
26706,61.73713227041647
26707,35.37830624849741
26708,26.647719131912698
26709,37.44978520221232
26710,25.021325472845607
26711,27.545642235896665
26712,26.849326255447657
26713,31.28691093253591
26714,25.55621781399741
26715,59.259788557328896
26716,32.77814945225041
26717,33.51144348829594
26718,30.63472676510068
26719,28.430210657967528
26720,35.8080267199235
26721,26.553685648748974
26722,20.79744891562025
26723,30.658678267273796
26724,28.348442266898285
26725,34.78004936492994
26726,31.96944813469815
26727,28.806036898146527
26728,31.40745900504074
26729,28.001351170994177
26730,29.535133587691337
26731,29.15330147920502
26732,45.62525692150776
26733,22.073898137984905
26734,22.93847480295628
26735,37.004309655072454
26736,31.188862217577874
26737,25.10930487547109
26738,35.61438670351646
26739,23.90855272407581
26740,36.94961038112005
26741,38.26395826444643
26742,26.57118410657931
26743,22.26800031513652
26744,25.29970159530854
26745,29.631176846194265
26746,23.55752267459153
26747,25.06369593856431
26748,22.980641083634215
26749,46.779453184698525
26750,18.480462471496
26751,44.46536376776124
26752,43.287720141053796
26753,30.477656795009498
26754,36.1650074203492
26755,28.45904766586355
26756,44.82542540682065
26757,22.90876727844305
26758,18.335610400610513
26759,34.23151083122199
26760,21.6413998977941
26761,40.76519108321844
26762,37.57708506832953
26763,25.95194194433429
26764,37.87413047720763
26765,38.42805676064428
26766,25.817913387863737
26767,26.51242251418993
26768,26.169724036475777
26769,38.97055111568204
26770,32.57496505224832
26771,65.63308684817585
26772,31.104923684565
26773,36.960990291953024
26774,25.080607198483822
26775,19.711853493823394
26776,50.544185802676665
26777,20.46586891234924
26778,38.37597921488389
26779,38.875563619525195
26780,23.851644841886806
26781,20.621505455391123
26782,59.15166481161052
26783,23.823669763904725
26784,30.139470627885807
26785,26.159488600901565
26786,24.436385379151393
26787,28.09083416362914
26788,23.70963248789796
26789,29.65083358365653
26790,9.638066736623522
26791,9.57492137229961
26792,26.603068854857803
26793,17.89980720943829
26794,36.49515612898424
26795,29.988991175581802
26796,32.70661514812528
26797,31.73192987367185
26798,34.05422289783762
26799,37.149859962018304
26800,36.82575042437254
26801,37.404544553574134
26802,22.85120215469789
26803,32.555000943520724
26804,39.908594201827704
26805,50.108583540643494
26806,37.66476897866293
26807,46.67654888316254
26808,38.982300990516336
26809,22.26438482719793
26810,37.884253262538486
26811,38.05479638632224
26812,40.556657435659055
26813,40.342763953630936
26814,40.776239734657516
26815,45.83082494973058
26816,36.214198354473
26817,71.94666132845444
26818,17.569170670299485
26819,36.231792418396424
26820,20.659788598577332
26821,7.01272410008876
26822,40.25693810183507
26823,32.70062217479026
26824,62.890728355262524
26825,20.92166715721215
26826,20.41642773583417
26827,63.67461174920039
26828,27.004276342271762
26829,37.595108835338515
26830,23.4055020288347
26831,44.42581329579049
26832,29.313815785357697
26833,34.60671622164335
26834,24.36513084914891
26835,18.8217761839898
26836,39.06033631031564
26837,63.10632152340209
26838,38.979717138971246
26839,9.435336945744169
26840,26.612212095660098
26841,27.397105737887518
26842,41.638721971423884
26843,35.8369956179503
26844,29.514612093592632
26845,14.672009516320067
26846,32.42912045447241
26847,12.69368443167692
26848,36.379905002888144
26849,41.96428702164006
26850,41.166647987592086
26851,18.878293751595894
26852,32.92759569503486
26853,58.31725359881867
26854,78.20811647363519
26855,39.42966504719071
26856,37.58353024999311
26857,57.04506354066506
26858,37.325765827741016
26859,43.62665787584371
26860,40.87308697103783
26861,30.852546628841154
26862,41.29290940847368
26863,31.618811446006426
26864,30.249175356207576
26865,35.622271410145636
26866,31.38392630034276
26867,47.57107705358905
26868,48.858557547674636
26869,45.522633754276335
26870,38.70374340632165
26871,39.581908511029745
26872,51.89083182521651
26873,25.18638010737941
26874,34.61760306197788
26875,38.32762046497971
26876,36.756427749751865
26877,45.24445924610563
26878,66.34073093590511
26879,29.012078704688513
26880,58.504301340952736
26881,41.15476762725373
26882,37.99416130503233
26883,36.09456739737143
26884,47.10966727450018
26885,33.14902369731674
26886,30.780978509201788
26887,43.02143883686552
26888,57.408421825461055
26889,37.76056747532228
26890,33.049348229011116
26891,47.45904939088233
26892,56.5725346528557
26893,32.495778842761915
26894,31.80065604407511
26895,70.13893869643778
26896,37.244226831203314
26897,51.42369842801618
26898,38.7446784704964
26899,52.17472204977599
26900,40.8306226694539
26901,39.17728405298344
26902,64.6079619747452
26903,38.67810946355912
26904,33.921087344175255
26905,41.58174155997819
26906,44.35841498036062
26907,36.791259160052896
26908,43.693180981319315
26909,43.4089765312735
26910,40.672349583564596
26911,42.9502091503255
26912,39.86713680763603
26913,40.8418553325887
26914,54.53280523681183
26915,34.74206826855723
26916,39.53422046956893
26917,70.21395283682787
26918,39.33380875852988
26919,38.21863427832312
26920,38.339346637429614
26921,47.156107482078134
26922,26.990850614899724
26923,46.83586497193619
26924,33.56636863258722
26925,37.870574046066
26926,44.09771921060351
26927,36.651355711401976
26928,38.66706904415271
26929,34.989655736778715
26930,36.74400188126334
26931,32.562870186852535
26932,37.64369305720877
26933,34.41944241286596
26934,38.87773728472452
26935,35.21537585576686
26936,41.682717160346385
26937,54.437394543875634
26938,38.419073072988894
26939,32.92914939368255
26940,36.67798643552444
26941,37.483379950250935
26942,37.194012523860316
26943,38.47014477856633
26944,41.279975624825994
26945,41.94867112089752
26946,41.8264662020726
26947,34.69319695177061
26948,38.17053959267544
26949,28.503363689005962
26950,43.951776285737466
26951,26.700143298790515
26952,33.03149036713288
26953,37.34386704707853
26954,36.92817271091397
26955,35.37643193229668
26956,38.45430662594154
26957,30.676409940938278
26958,46.58936315275049
26959,19.34847403453361
26960,41.145426084746596
26961,35.31585945948595
26962,37.46189343829798
26963,31.888219668194942
26964,36.52393801933734
26965,31.423339076503627
26966,32.72769444689407
26967,37.76431011196523
26968,30.460957665453417
26969,38.14410334643213
26970,34.168724132094965
26971,34.47203779406931
26972,38.40362603594623
26973,51.34236531924526
26974,44.478733652139965
26975,22.352895574538028
26976,35.18478657033733
26977,30.794681455041086
26978,53.384992122587555
26979,30.479489314696533
26980,30.587280963070896
26981,32.77720509176166
26982,39.678325732673855
26983,40.57186344746222
26984,35.91467020451399
26985,36.17726163057823
26986,39.26081909102925
26987,35.71487360886141
26988,36.57252667927962
26989,25.970085748799175
26990,40.36299112291145
26991,37.97944436166932
26992,41.66499121455244
26993,34.23067157467784
26994,23.484207613289932
26995,31.98124014168038
26996,37.725891136109496
26997,34.09078901707761
26998,40.64969814268835
26999,36.173873018396016
27000,37.16429115423316
27001,29.953199583417057
27002,36.83520770611978
27003,33.65084002026322
27004,37.22653389476006
27005,33.40877396968037
27006,31.76648062875159
27007,19.106168525159415
27008,35.883164889578545
27009,24.761770737100527
27010,32.58963238709692
27011,37.52190559894211
27012,42.318034532111646
27013,28.95321921629896
27014,28.33202455560274
27015,35.26871843688873
27016,30.21980520777005
27017,28.44159804482815
27018,32.55159789487245
27019,35.13612913901338
27020,35.96443327657531
27021,36.35044490533539
27022,35.82004590715081
27023,33.472727563050555
27024,56.30303173362135
27025,28.21378603310966
27026,24.036618437735115
27027,35.38563396214197
27028,34.16732684721387
27029,28.904787345361438
27030,37.76663487891186
27031,29.102627722785627
27032,18.885583929514265
27033,54.04058088136844
27034,34.82588400360487
27035,38.4348237018429
27036,35.51347742849468
27037,40.9943762377949
27038,36.54920977589262
27039,49.859449909994375
27040,39.85263736712709
27041,32.369914512592
27042,36.40874353402667
27043,14.121867529880467
27044,37.45978267352112
27045,35.242219022683095
27046,39.74082036382231
27047,34.846259759206376
27048,41.028310251843315
27049,35.09806056177809
27050,43.61638243559011
27051,18.62277604609493
27052,38.753067363884306
27053,50.71450002149745
27054,14.516240448216362
27055,29.85769730171961
27056,42.85408711633232
27057,36.15789907635408
27058,12.395790298818907
27059,40.882057261491255
27060,36.59693155504393
27061,34.35269671999899
27062,43.921654123460776
27063,41.64282501800281
27064,42.68815182197159
27065,29.43340704599936
27066,20.898841599913993
27067,36.134725855584705
27068,42.72116689641499
27069,37.70750990335873
27070,37.234159559517956
27071,21.959027522627462
27072,40.90234942116698
27073,39.38560563260979
27074,38.54630055420437
27075,36.04809504517557
27076,40.55656718599498
27077,32.21779641554427
27078,27.830606851561033
27079,40.19973200803401
27080,32.24452969785719
27081,39.75302575614018
27082,35.24841781133213
27083,43.17491913941814
27084,36.010183690866434
27085,37.135405174502566
27086,38.01625959378222
27087,40.59342206771965
27088,36.944561551682305
27089,19.058780986064285
27090,28.235324018664052
27091,31.764232554160746
27092,32.92584797254072
27093,40.90855537811733
27094,42.32932565351539
27095,38.184041812050495
27096,35.11549957043526
27097,32.39969153179752
27098,39.626125042112655
27099,42.580985478080756
27100,40.93239725009278
27101,37.428678204362974
27102,40.16094351614573
27103,26.38327968656969
27104,33.11813722531956
27105,36.32897564076137
27106,27.518268505673163
27107,41.37925736812406
27108,34.36862613022731
27109,25.86124584353309
27110,30.904631651517104
27111,32.36619193295593
27112,37.615054968579116
27113,31.659098713489392
27114,36.34070141946005
27115,32.96292957196631
27116,30.014538739787763
27117,23.367354731123307
27118,34.86204403493422
27119,34.04826325346268
27120,36.3425403833191
27121,40.19058580788974
27122,29.665061773039792
27123,20.799654658543
27124,16.32109978130763
27125,17.531694595351333
27126,30.789375782918377
27127,33.47145513162821
27128,37.90791498930715
27129,28.75011807268619
27130,34.83924845883477
27131,38.43652775200383
27132,32.43062009527946
27133,28.66850700276521
27134,37.28155198105701
27135,38.12494804631184
27136,32.65694410634149
27137,31.720049767426534
27138,24.53460905427771
27139,26.99484443019632
27140,34.587188743161605
27141,36.11261524031396
27142,29.703015124505104
27143,40.68953777308458
27144,38.32946374627666
27145,29.04634798321783
27146,13.075327281636714
27147,33.21000547083031
27148,13.562373066753658
27149,35.38212053209359
27150,31.23025702437222
27151,24.453412192144597
27152,22.040967085946026
27153,37.46102999954189
27154,32.70614023486953
27155,42.26792713725518
27156,35.291085958055
27157,38.30591771137672
27158,32.900620619847146
27159,33.87692302191078
27160,35.22399150301026
27161,26.647114728500394
27162,35.43966678766339
27163,32.70242620688609
27164,35.744794716517895
27165,27.810995001989266
27166,36.037989705526755
27167,29.250895513593044
27168,26.656777400297543
27169,30.95788071029442
27170,33.10598649750831
27171,36.16251791720367
27172,25.110859412321126
27173,34.511429988432404
27174,35.503539386318664
27175,27.846730927606202
27176,90.66538732530078
27177,21.670744380484713
27178,29.278583701281548
27179,32.14058297147975
27180,28.829913723926108
27181,25.17047907793605
27182,32.86132988091214
27183,26.07552241085641
27184,31.996659756063497
27185,36.98497010255949
27186,32.0231214950153
27187,36.33946692803182
27188,36.84745477038697
27189,33.471831678148824
27190,31.191243928265337
27191,39.61716758976353
27192,36.65261466101096
27193,24.24279019023453
27194,58.79128464431872
27195,21.308414062293235
27196,34.718258992096516
27197,8.492356683128602
27198,39.96759664302755
27199,38.82109624858171
27200,31.43410465729372
27201,16.59507730152774
27202,28.840494918987503
27203,29.03001731743549
27204,28.68637869053157
27205,33.75358017199388
27206,23.357606506775518
27207,34.9738475807513
27208,28.740260503434914
27209,31.239896316026044
27210,33.804914997404
27211,29.696572070208724
27212,25.78771760109379
27213,30.25401765295481
27214,30.948138604606736
27215,27.325384657109723
27216,51.71296649266642
27217,67.2968518987906
27218,38.74775362121977
27219,64.36424700138429
27220,49.50710566814084
27221,29.074433031042027
27222,38.9862865382905
27223,85.29566813829764
27224,52.30318545994646
27225,33.36526691313447
27226,47.12277912202289
27227,36.94988287464819
27228,35.779091325973894
27229,39.18580939735371
27230,49.20810646631824
27231,85.7470501594066
27232,36.26788908975298
27233,66.44717386996787
27234,40.14314985389519
27235,59.816624362218725
27236,26.34427715149478
27237,47.24520721848965
27238,33.16580995761034
27239,41.01504677699642
27240,31.678780454683316
27241,36.99059088437678
27242,41.1695036141053
27243,45.87661032659382
27244,31.34650143373111
27245,15.740259545897779
27246,43.88099051370929
27247,34.75397743443672
27248,82.81107903478073
27249,29.620173461171714
27250,45.567484789540735
27251,36.56438891796657
27252,67.1178634593286
27253,39.235621687488695
27254,36.115349432135815
27255,40.17117063680502
27256,50.492649226881234
27257,46.6588869413414
27258,62.18194527661671
27259,41.38460141493467
27260,41.83390603944877
27261,74.44315744873103
27262,66.27456411935987
27263,39.59323164017986
27264,41.690308606402354
27265,38.550654585100574
27266,39.29850270174221
27267,64.250062476498
27268,41.798431921981
27269,82.35399681745274
27270,40.771347365947705
27271,30.38133764643678
27272,40.09945268780161
27273,37.08180870290885
27274,37.72050305652706
27275,41.61522910691867
27276,35.35736762325212
27277,24.20894385580194
27278,16.69865257442819
27279,36.73397851997608
27280,31.184440511399085
27281,35.23916621792882
27282,30.603075169956853
27283,23.838318440936483
27284,40.0671348459407
27285,34.29274246591741
27286,32.66013123533631
27287,36.73043544389319
27288,36.13071774119106
27289,42.675601089571785
27290,35.15663736579481
27291,40.94868874635219
27292,39.40743275175133
27293,42.46920837132369
27294,37.902446741720496
27295,42.699649533633455
27296,25.571883937361616
27297,32.386731451167456
27298,33.42223426749016
27299,37.787880063360234
27300,37.739818036020736
27301,39.10626423342842
27302,32.74441156523047
27303,42.71777174687835
27304,37.626090163239795
27305,33.45224602405651
27306,42.603779955077925
27307,33.468199262737954
27308,43.71799447217571
27309,39.57743726675397
27310,40.37271230670839
27311,49.770628398520174
27312,42.64837399653664
27313,43.739040581001554
27314,36.7663835001607
27315,35.01949252731904
27316,42.4716872036025
27317,20.366745723464764
27318,38.17262422773398
27319,40.60593752590688
27320,42.47146099687748
27321,38.813844743809454
27322,37.81814037749127
27323,40.12581106309957
27324,40.68010415542801
27325,37.067878440354654
27326,39.47156909943992
27327,38.711264337372135
27328,39.20930673224457
27329,41.750931760183406
27330,32.18504943619125
27331,40.42685340166631
27332,39.83822381914653
27333,43.163258876190085
27334,22.733818074812394
27335,27.912769576500445
27336,23.538193775683002
27337,38.48118111708242
27338,24.490689486889337
27339,20.293842374111264
27340,17.178811797485334
27341,22.016934786604633
27342,23.416036759045234
27343,35.065606167025855
27344,38.943916835318696
27345,12.404618019226763
27346,31.49185816692285
27347,10.724480233650352
27348,12.11537930990136
27349,31.72733965788669
27350,39.76065026515723
27351,33.156900897518774
27352,14.561311315701046
27353,18.7773803373392
27354,21.56602032429839
27355,15.455319530038379
27356,46.51666551688929
27357,38.19550749828789
27358,37.66083891129063
27359,35.80670480143143
27360,13.760890348864287
27361,37.55086869382534
27362,35.96469405180519
27363,17.741948730550785
27364,41.76026428270967
27365,34.139923848286706
27366,21.72564376118785
27367,16.965068916825896
27368,19.27142136182896
27369,21.11252894879399
27370,25.638441461678116
27371,29.779023898564727
27372,17.34755351279148
27373,16.245320066845345
27374,37.02811003783184
27375,17.53939950823901
27376,29.302805819759936
27377,22.065796840326342
27378,23.99236867035496
27379,17.220613307685007
27380,25.314790104170246
27381,33.77220192924991
27382,19.776764174566186
27383,21.014128091219384
27384,40.69591951414569
27385,38.03353877669682
27386,26.79000127284727
27387,18.98812397236245
27388,30.162297074091835
27389,37.762124406700025
27390,33.28133542819477
27391,33.215622079810394
27392,21.091665085450938
27393,25.242633547738805
27394,22.1967347389111
27395,42.658844289065335
27396,34.644905870162525
27397,21.517079170801647
27398,15.574875124628514
27399,17.120196108403597
27400,18.33669957297369
27401,17.93450152106448
27402,16.73645247513962
27403,38.216671837953356
27404,13.006811748578244
27405,17.27618772491644
27406,20.159215490301072
27407,40.255541787926774
27408,22.31594660468694
27409,19.780941951029348
27410,27.495635182422145
27411,31.59858550131607
27412,42.16256109058915
27413,31.041160845451063
27414,33.90238824707158
27415,29.44141811024562
27416,33.200042718579816
27417,31.335961738680925
27418,30.68476502758355
27419,41.11747638702406
27420,31.303531835143556
27421,30.702813136700712
27422,20.77117616321891
27423,34.746579455015834
27424,32.98431180857678
27425,33.534456926424234
27426,34.618133213781626
27427,34.57664015337644
27428,24.331602528576276
27429,30.15306038243822
27430,25.28065589758687
27431,28.905616500739686
27432,33.34143189118778
27433,27.846449307858737
27434,24.457728823096744
27435,26.931917984265695
27436,36.70715115309538
27437,29.13176177404957
27438,24.031118597204706
27439,28.70099576412567
27440,24.64638041023313
27441,25.925061654812982
27442,28.11132986638569
27443,31.5776747149294
27444,26.457516077967885
27445,25.60763662294134
27446,21.393057400624418
27447,24.06527225255289
27448,26.987586759619266
27449,19.30549250664797
27450,18.360013664312763
27451,24.164657531778822
27452,25.78932756063574
27453,16.753393741459345
27454,29.523254471769338
27455,20.82033737889254
27456,23.940931845967135
27457,27.01736915393136
27458,23.547397776618286
27459,25.314163265220124
27460,22.12100417513453
27461,14.712976545724475
27462,19.744218772618325
27463,18.303776879781573
27464,25.72304436716521
27465,25.037888938916634
27466,16.41530365231246
27467,12.336491709242392
27468,26.942726322875338
27469,34.512866286983105
27470,12.88889651380401
27471,22.53863937135991
27472,19.864780986418175
27473,20.80271434327749
27474,19.634874434405745
27475,19.03065359902324
27476,15.217446238742367
27477,13.397154119697142
27478,33.992804181832454
27479,54.17459714140149
27480,33.83274579653692
27481,38.499689670444916
27482,33.12958166800228
27483,37.07639473775789
27484,29.902135225571048
27485,39.937616516380096
27486,30.01518233668581
27487,32.69483708795284
27488,31.501101223200944
27489,38.61785767530831
27490,35.63266559689616
27491,39.55024921399206
27492,32.39970031663527
27493,40.21072211272554
27494,38.03175957502196
27495,30.693487921974068
27496,34.31744345479139
27497,33.728052601241835
27498,39.099921716391925
27499,34.496705638726176
27500,24.04627980787036
27501,37.1414263976494
27502,40.21409806486219
27503,38.99409808093669
27504,25.806459014007757
27505,34.19616917034904
27506,25.81098813183585
27507,34.10025836653467
27508,23.67758881477245
27509,39.27992361813731
27510,36.469663071681204
27511,37.03890676780865
27512,41.80868655407338
27513,25.81741624807976
27514,35.45483972130309
27515,29.13795726012479
27516,28.96010914206769
27517,22.289650697715196
27518,33.71028894354254
27519,21.809179904308433
27520,30.900635721281628
27521,26.08559960776282
27522,30.624619261694164
27523,37.23204566012088
27524,30.14247792292737
27525,28.08914547531739
27526,28.015874321204926
27527,55.041075814264154
27528,41.38169281447434
27529,46.29679386695109
27530,38.374370585629286
27531,41.48068885014055
27532,37.23018506519703
27533,37.065603701936844
27534,30.599751559879813
27535,40.328137008276244
27536,36.87034621624173
27537,32.01290575443985
27538,33.83118966311069
27539,38.187046352455184
27540,37.6267384948648
27541,38.122788838861354
27542,32.08043797912254
27543,36.98909569786608
27544,35.284413785003494
27545,40.5809618190001
27546,39.174164456011034
27547,41.16394965850556
27548,69.2215441954719
27549,44.1974067269036
27550,32.95094278620799
27551,42.81700111960283
27552,52.51098665265647
27553,38.013639442043036
27554,37.70855470932115
27555,42.00368316275491
27556,52.59649257407183
27557,48.72042893905298
27558,75.3621316320085
27559,51.844303811496324
27560,69.84481106335872
27561,47.05426086457831
27562,48.670743283830646
27563,54.86217136918188
27564,43.103023682688
27565,50.686451181803804
27566,55.573723715581124
27567,40.047154532207436
27568,43.446459082196014
27569,38.71523257646172
27570,45.746324944087505
27571,70.4297348126598
27572,51.61695407283705
27573,65.4986952438011
27574,43.54404192915889
27575,42.40537071113159
27576,44.66889375625111
27577,64.9524664277474
27578,68.47339081245632
27579,38.14240228248262
27580,65.5912057814585
27581,74.25953107599602
27582,49.49936571358646
27583,43.880961733651375
27584,42.94321115807043
27585,79.28711883073804
27586,66.50833112686162
27587,45.66295355081512
27588,58.49361982194866
27589,33.37630568268229
27590,49.90045000258616
27591,42.66198300051159
27592,62.446593390307626
27593,66.22388564477453
27594,34.1225059227896
27595,53.89195563807438
27596,44.36469802950595
27597,70.83291233336858
27598,45.938335715931004
27599,32.100701895346745
27600,46.71619221587896
27601,66.21857091424779
27602,39.67024640502798
27603,63.800510715062046
27604,28.106374011797524
27605,34.74867224235695
27606,76.5193068246948
27607,33.272026581289325
27608,36.015748380840904
27609,30.571369330005513
27610,31.947772589696132
27611,42.79843873651448
27612,26.57833670754047
27613,48.30503610274731
27614,46.16332714964551
27615,33.94296802513303
27616,34.530112382034986
27617,28.970241620360152
27618,51.74316362028717
27619,33.84080483812219
27620,47.5981320442951
27621,28.720166137912457
27622,56.113914667936015
27623,43.336659265459744
27624,65.2226703460243
27625,47.77481429798848
27626,34.723882942570896
27627,38.985005342128986
27628,71.79115329689488
27629,38.65952538660753
27630,32.95823847970079
27631,41.82871053734298
27632,62.119990652058924
27633,34.24073370653193
27634,35.02772200898594
27635,28.271559238350743
27636,52.58292959071839
27637,32.03115060964297
27638,39.691994518090816
27639,30.21970805488249
27640,26.101368669960003
27641,52.702501856627855
27642,26.16316478693308
27643,34.716125419052986
27644,40.37876963352576
27645,25.625298702529626
27646,28.489798464262407
27647,29.253626826525
27648,25.022440735685496
27649,37.207304483425595
27650,13.642139242758626
27651,17.782434257538057
27652,14.521123977250092
27653,16.64362272030395
27654,15.073733254621404
27655,30.529095523456277
27656,17.01812476629855
27657,21.480769296034502
27658,22.492026823002238
27659,15.826973146395122
27660,22.23780947069466
27661,16.442388099454604
27662,19.875322759755292
27663,21.75117825193475
27664,16.331268491432898
27665,16.299244124153265
27666,22.10809001019112
27667,14.266628284547416
27668,17.563051704047766
27669,27.4499406137221
27670,19.157469780006
27671,35.37969828973561
27672,19.64002191883887
27673,15.604682073368064
27674,9.96316977208678
27675,18.73651323418971
27676,2.3931608507585316
27677,30.046164637155922
27678,8.521090602957786
27679,15.116637346871366
27680,32.88252857854384
27681,14.304741834442117
27682,29.117479690837836
27683,28.20207618207702
27684,16.146497190668843
27685,26.19556130748052
27686,18.69929535791453
27687,42.23557356061119
27688,24.715410783779674
27689,27.136883808680746
27690,25.56069610128296
27691,25.81960667712495
27692,42.14323639205674
27693,27.24277351905416
27694,1.9034088317199236
27695,21.820478589130385
27696,38.02926219031334
27697,20.938158125122257
27698,21.789006374084707
27699,76.7895785042173
27700,13.526116664502085
27701,16.291757309739438
27702,27.809341608802697
27703,21.914172292678817
27704,20.569473106966775
27705,8.073872076502822
27706,18.30746444314465
27707,16.538491919845526
27708,0.0
27709,21.520984797912273
27710,19.543032881002574
27711,34.21923940952663
27712,37.346312900379594
27713,27.519466969054402
27714,36.25189034228009
27715,20.59920368970942
27716,17.939782509052616
27717,20.17104623444089
27718,22.682652252191826
27719,20.87923116838707
27720,17.917588876504816
27721,70.81255446628194
27722,17.703447861136823
27723,16.546281038089138
27724,22.942470689895305
27725,27.521065497636513
27726,20.32168514664797
27727,19.156986769401403
27728,14.183909698534599
27729,36.051899263976374
27730,11.377056361652018
27731,22.65039417448288
27732,29.127272524810675
27733,26.563691836236476
27734,20.694970059306463
27735,19.073819087587363
27736,28.933914807551844
27737,21.927684588968546
27738,20.64204654496301
27739,20.164927118893143
27740,20.259223369804957
27741,21.54243719000848
27742,18.216141933767737
27743,20.587242246144307
27744,20.780253886117826
27745,23.715426191445935
27746,23.909384715709606
27747,20.851305253992177
27748,33.126075349855206
27749,21.882393242787185
27750,39.91820986062733
27751,60.506642234668085
27752,62.27881536008326
27753,42.86587486120482
27754,19.794912564494137
27755,57.862474918853714
27756,50.91792132420205
27757,41.97230469874626
27758,47.963593587115184
27759,39.31055632932246
27760,44.735583912836944
27761,33.87030362301674
27762,29.190326683112445
27763,17.49712551208328
27764,38.98506396739349
27765,32.04166986905753
27766,26.4305742007789
27767,35.93623568448611
27768,36.67176352849539
27769,34.789624866955926
27770,39.627831501305124
27771,28.79426116468232
27772,26.05942373142878
27773,42.924827898865594
27774,46.789130850726146
27775,29.739754950304476
27776,25.591017842026183
27777,45.15548636873529
27778,31.370787543056988
27779,45.72054594346113
27780,1.868686401149527
27781,39.12172728743193
27782,39.8161936718795
27783,28.13846268520577
27784,26.753502348838936
27785,19.005891183736644
27786,27.19324357487264
27787,20.05817970514205
27788,40.44900658975879
27789,46.88983225947941
27790,27.31876308573721
27791,49.68492593083622
27792,33.30673657674617
27793,42.64915170833694
27794,24.510637898817535
27795,29.926966993925458
27796,23.98037524322203
27797,37.949567291509936
27798,30.946232501436054
27799,32.673099984092225
27800,22.826765924892925
27801,40.77049104083952
27802,22.299550256882775
27803,15.965773141676038
27804,42.11323879366752
27805,25.094471315577795
27806,43.41061736297202
27807,39.48727097847706
27808,34.0213153683443
27809,31.582424904183323
27810,32.905648645921545
27811,36.85835144118537
27812,33.1893045760925
27813,32.741370316859665
27814,30.750801649870716
27815,31.46200903393253
27816,32.41557497577954
27817,30.90132616985957
27818,32.62544362733567
27819,20.740388184896325
27820,34.93643692036976
27821,28.24521542946327
27822,38.35884830289689
27823,36.28900301236425
27824,33.294951207636686
27825,27.23827259689267
27826,31.939620094444813
27827,35.53251304793089
27828,35.572149497502856
27829,33.88233237179254
27830,40.249371736943196
27831,37.14153189902394
27832,34.54151286210886
27833,37.44281374157233
27834,46.061479430407076
27835,40.104482828483526
27836,36.251446606606116
27837,37.13014961935007
27838,37.049309133088705
27839,39.12338085160434
27840,37.573715314956736
27841,28.996030158205638
27842,31.425283621578796
27843,41.90848265713765
27844,38.23633795892612
27845,28.8738353236239
27846,31.87764511322198
27847,36.30899432404175
27848,39.76703858551094
27849,40.16949030647864
27850,40.89395998063348
27851,34.52275352757405
27852,32.20572232721796
27853,42.51684947142144
27854,34.53570138767543
27855,39.779092019747196
27856,38.24858589664066
27857,30.927318192812102
27858,36.37198233350812
27859,40.37341399872472
27860,34.727811215804444
27861,39.6329871048606
27862,23.915709465842923
27863,41.12544262481922
27864,24.39377753230595
27865,35.074543574997
27866,22.838748264920508
27867,87.22609902469318
27868,41.08562731411797
27869,38.44245382879842
27870,35.86960430151395
27871,35.3239112266689
27872,27.268787733414186
27873,43.75101812441474
27874,29.174685114522763
27875,32.82555006430548
27876,15.818472862888715
27877,35.67616054759099
27878,15.775831209008922
27879,31.83188155697531
27880,33.47897479364266
27881,27.278696005630035
27882,30.505532388472417
27883,13.859650199050348
27884,13.340869671645075
27885,15.679402412377145
27886,16.71892595761776
27887,19.261315192479614
27888,21.16296682655288
27889,15.895339336773514
27890,21.452744828412573
27891,26.68164614389934
27892,15.058224669151707
27893,31.394154550019888
27894,28.18217977331482
27895,29.19257820229693
27896,17.9956911811771
27897,16.590664030915217
27898,19.979591867069235
27899,15.051944430394496
27900,35.79954374591558
27901,21.26771131184537
27902,21.48182029999206
27903,27.777769883922023
27904,23.75701221032961
27905,11.67673960553865
27906,22.590234042501166
27907,17.741348722809388
27908,20.947343507084504
27909,18.343843327409903
27910,27.14103515423155
27911,26.60471492492048
27912,14.083875040664957
27913,19.333531293285105
27914,25.646545417853403
27915,18.77490333792845
27916,18.575014916472576
27917,26.73646702579006
27918,11.312807370006844
27919,22.81064093227479
27920,25.643840903310423
27921,26.150396128641177
27922,19.534988534046416
27923,22.05884744761751
27924,22.93556966424585
27925,13.017552102876051
27926,11.893729681639101
27927,8.831258373006953
27928,23.598692830578536
27929,11.823062912179537
27930,14.498896319431903
27931,29.44896781374288
27932,25.92671538528841
27933,22.571822188828378
27934,31.31076937408436
27935,21.613213348532938
27936,12.112564990078587
27937,25.614164168873735
27938,20.44405596083731
27939,16.855711858919886
27940,57.6755249194047
27941,19.476552077883145
27942,12.244816706237268
27943,15.556152541427444
27944,18.36886290752074
27945,13.210501612004169
27946,25.833633392602458
27947,22.237203098408777
27948,18.97780458415804
27949,28.08859751235539
27950,29.929309262396828
27951,29.84426600268289
27952,38.54297134816908
27953,25.14186949826537
27954,25.194298375829007
27955,27.78385087185835
27956,9.879943405391941
27957,14.58905420832622
27958,19.195702335406562
27959,42.35797811450767
27960,36.0364333949133
27961,15.958120113605741
27962,15.867057797868416
27963,19.37875829013547
27964,17.512588640813703
27965,8.921130088794264
27966,19.564659159152992
27967,63.79162332696737
27968,11.660891388094342
27969,15.68516173507743
27970,13.100600997463843
27971,2.7835841043470793
27972,11.76876884296392
27973,11.541413419742408
27974,17.153819560569826
27975,10.074923297284801
27976,10.552576830987611
27977,0.0
27978,10.548126482418208
27979,15.440790848566486
27980,6.3546075080661355
27981,39.30122042063026
27982,21.457712029955257
27983,17.291261223076077
27984,12.988165515462043
27985,24.106892334009387
27986,0.8968204717852563
27987,12.42450701241631
27988,7.086755297205695
27989,10.33325093771704
27990,15.155589329483144
27991,16.51951153566046
27992,9.468710572156828
27993,11.185615542559084
27994,6.806190796704796
27995,5.973759433407658
27996,15.039023100185368
27997,11.711243947510994
27998,16.11744476778439
27999,9.56295784032043
28000,21.50764804147328
28001,17.89598673916937
28002,15.941824013184426
28003,11.313038789737345
28004,15.865789282214294
28005,11.557395504826633
28006,6.66252627040964
28007,11.960543719857633
28008,10.82654005446406
28009,18.29983319483016
28010,8.311316821352566
28011,11.77017536714471
28012,6.678591153815827
28013,11.436155025826828
28014,15.956081887547006
28015,19.130977364374317
28016,14.655111450559547
28017,21.425444534867825
28018,18.106123241686902
28019,16.178098642314595
28020,20.65915634509275
28021,2.5661533115076574
28022,15.54460992905841
28023,14.94832454044388
28024,9.596401742018555
28025,7.883258037528667
28026,11.657248639485447
28027,8.418778253909343
28028,10.843838963593013
28029,9.731273543649579
28030,15.90189197791517
28031,9.91760011513026
28032,9.811280727186503
28033,14.25380828297403
28034,13.535525087043826
28035,14.75935174529091
28036,15.592047200944519
28037,15.85264721726505
28038,19.466252770452108
28039,15.95953139174133
28040,10.687502771363464
28041,16.90233497489186
28042,12.48510704570451
28043,17.635421650367416
28044,17.26585557588062
28045,15.680192054285172
28046,15.959687847746943
28047,6.814094320605333
28048,7.390563601652057
28049,17.694337238264783
28050,23.7652363216053
28051,24.450107484312163
28052,17.67181300731654
28053,17.015469935814565
28054,25.2509830010364
28055,15.36922237738319
28056,20.07255140609532
28057,6.260043278905729
28058,38.95639745797141
28059,60.788811071475386
28060,40.04835170387599
28061,40.25317587626875
28062,43.64672257938616
28063,33.817235712371144
28064,36.803932461625436
28065,41.81688795911631
28066,38.64815477230526
28067,46.681825657000104
28068,37.330873435346334
28069,34.4683969680059
28070,40.12496377711448
28071,36.703396836556365
28072,31.457338808362366
28073,53.24992751035947
28074,38.34028075111713
28075,29.168694507382366
28076,42.126898546543856
28077,36.99672248484616
28078,36.231592660196455
28079,35.46262688147349
28080,48.731959829357386
28081,48.30043483070172
28082,33.31373728485759
28083,41.662460651121386
28084,43.4825691051679
28085,39.89851776545745
28086,43.09212367362244
28087,41.51299679257
28088,40.02787199183839
28089,42.42865424527977
28090,71.45018331205327
28091,49.443065787527104
28092,32.52048392417823
28093,40.18408189712929
28094,35.46861869440667
28095,46.23431730140066
28096,39.1416150390858
28097,39.7029799731802
28098,46.50091468473418
28099,41.200303742528824
28100,38.22798303098355
28101,38.272952581920435
28102,36.66375133185701
28103,35.579409446035534
28104,27.7801244201871
28105,27.340571145037647
28106,22.898013587141556
28107,24.75235753117103
28108,21.109634578772617
28109,27.978616067626863
28110,20.70479419310501
28111,39.41663675730641
28112,23.10543406104072
28113,26.107453528135284
28114,32.093593848461026
28115,26.140537883779427
28116,24.362137402146967
28117,25.705661206847576
28118,25.491481327676286
28119,18.784365974668887
28120,25.85746515171131
28121,24.536151225036285
28122,28.803068991941576
28123,25.37644813156649
28124,31.34742995275027
28125,26.377586093681387
28126,23.50617993029519
28127,26.56753889927466
28128,23.631090971843275
28129,21.670720814399125
28130,23.065670484338234
28131,23.936487643580318
28132,26.251399771141084
28133,25.857470062873652
28134,23.01021850581586
28135,24.72417383833268
28136,26.026973922453553
28137,27.178017453604802
28138,25.834962951903258
28139,21.372806521338006
28140,26.150251203346453
28141,33.74739025170174
28142,31.209063376930693
28143,26.87402231211068
28144,25.8890618678602
28145,23.62204914909194
28146,24.134684788379722
28147,26.446752181423225
28148,22.903645989663644
28149,33.70890342347146
28150,24.077243980757782
28151,28.243172075004487
28152,32.185433443939615
28153,25.784685904289212
28154,32.380198790369185
28155,25.59072744256951
28156,28.18902277995793
28157,26.059960408492053
28158,26.617517939066452
28159,25.97733284391034
28160,23.449747192537068
28161,20.555496645667734
28162,26.82886719339769
28163,26.779177128988565
28164,31.155387940490613
28165,32.3223039257732
28166,30.03061224426351
28167,21.038635057724374
28168,20.001774481144924
28169,30.615575232390174
28170,37.03956347083383
28171,37.2574393496384
28172,33.94013830488316
28173,37.11293864610796
28174,33.87711113150881
28175,34.96108153893106
28176,34.97966827472787
28177,30.959837659424636
28178,32.91627089548004
28179,33.9336132040702
28180,30.485921295165685
28181,34.71269439787053
28182,36.14399254461436
28183,30.917771193178133
28184,35.07590975219756
28185,31.911911724682547
28186,33.008265474120584
28187,31.588962342115376
28188,31.15591804995313
28189,35.36731644038123
28190,39.08950941769719
28191,36.20764279209523
28192,31.916856586656323
28193,31.81575807725555
28194,32.73519391386377
28195,32.37287522569728
28196,31.255783837041022
28197,34.667177150121375
28198,36.389781680207264
28199,35.99336510715825
28200,34.75790467363766
28201,33.960183841592944
28202,36.11714294754723
28203,35.87266643843057
28204,9.476796316293182
28205,21.178433563012227
28206,29.71373646072475
28207,8.574129718397112
28208,37.9067716855119
28209,35.433848044012144
28210,21.269211950758294
28211,20.1642395934487
28212,29.9457235600463
28213,19.898951213510465
28214,18.73682639040094
28215,11.448649948106377
28216,16.34202139677391
28217,29.164160223542474
28218,10.335471221945218
28219,14.32222773374541
28220,15.493826923556263
28221,14.356742721157822
28222,70.51886887195067
28223,2.1072644369957696
28224,26.285542050267956
28225,13.670861612794916
28226,25.26298204371401
28227,25.91495975159565
28228,26.868817257385935
28229,29.20163874893509
28230,30.96982213396572
28231,10.686868416384812
28232,1.8650976621239534
28233,24.276464012778384
28234,7.2797598701447885
28235,80.73539279059828
28236,4.922692778768539
28237,14.551737191209382
28238,25.60934080605975
28239,7.01647105604641
28240,30.11608911393795
28241,6.356978632200396
28242,14.894441671478027
28243,18.016734234502593
28244,17.069911446255436
28245,21.770016195130495
28246,24.168049845915863
28247,21.767756853748278
28248,28.5350943419648
28249,24.911516245384266
28250,10.650948847871568
28251,7.885156463895973
28252,29.58728425860969
28253,28.989894384642884
28254,8.277738438663606
28255,31.711818115765553
28256,25.106285298000863
28257,28.949924451103566
28258,15.569625870138701
28259,27.792626821372487
28260,29.525411587153627
28261,15.410891788793654
28262,21.395728860521185
28263,26.969233644745376
28264,30.01283689396517
28265,29.549945625656346
28266,28.679814645442505
28267,31.27423066502773
28268,35.020848484840265
28269,27.79055699378367
28270,13.23158383582228
28271,22.62552516807419
28272,30.202662825003763
28273,27.84959301796304
28274,31.28882353135689
28275,23.264780808818674
28276,33.35636596421227
28277,30.449079866383386
28278,31.86255610248833
28279,15.355112947030433
28280,29.103377956261024
28281,29.871021682931342
28282,33.41433127546116
28283,32.056963509765694
28284,30.16928711163651
28285,19.14864869802485
28286,21.331671235154808
28287,26.276956476341
28288,14.252015980501954
28289,30.619328008895216
28290,41.04928578819513
28291,28.09039970282667
28292,31.30936093850411
28293,29.06482278106203
28294,26.205844491904593
28295,13.066684993773183
28296,34.64611157785202
28297,30.218494283957238
28298,16.488393007544037
28299,35.824564166107905
28300,36.44758311142308
28301,40.71102526127683
28302,71.23024159157816
28303,32.425900524507256
28304,32.693714838219876
28305,28.375281164382898
28306,33.28979695590073
28307,46.082532643626124
28308,35.92601411162415
28309,34.16124033714821
28310,40.39962853786634
28311,37.63100576748089
28312,37.980107460715026
28313,35.24782465853715
28314,41.3847889131717
28315,39.663983464736084
28316,23.617925764992652
28317,37.70725044659021
28318,40.421258565045
28319,36.73609117331319
28320,36.60616684953664
28321,41.23255845242319
28322,37.35850319873555
28323,45.54419568837501
28324,40.98651591122978
28325,40.33610804954465
28326,34.661908888019376
28327,35.195861834564674
28328,41.24455491939152
28329,33.59258591541588
28330,37.607082749766114
28331,34.39998545578792
28332,36.65163379605247
28333,35.39287676588669
28334,35.906144850151556
28335,35.56575179260382
28336,39.33904989885605
28337,43.1975337591646
28338,37.165992366386604
28339,34.22359266776089
28340,41.31213120707241
28341,36.897032376063486
28342,44.28113201646414
28343,38.45692868785548
28344,35.17228631430202
28345,41.84090059502123
28346,37.84478478825521
28347,29.063529948431718
28348,34.63864810899309
28349,33.52258627920785
28350,35.985332195365984
28351,37.97602586574505
28352,34.35204568434671
28353,36.012702752702985
28354,36.291445996384994
28355,33.006733897783676
28356,44.0631940037708
28357,34.876248586981355
28358,40.19029396079545
28359,35.71210727440415
28360,32.8748019861737
28361,40.57055442657202
28362,41.43803143675261
28363,38.833828267805906
28364,41.546247280984026
28365,36.04220253233803
28366,38.420312636408994
28367,41.62785513945708
28368,38.428467278893336
28369,33.70346569397018
28370,30.65609349576373
28371,42.008436075877206
28372,36.82614729768771
28373,34.548780426158714
28374,41.764992863500574
28375,36.80435345994911
28376,44.27034283898002
28377,42.100918983448835
28378,34.42804814058758
28379,31.661298385973634
28380,34.57977727488689
28381,31.874326980771983
28382,36.46925735659484
28383,31.531711175146345
28384,37.5378788495679
28385,41.07178256990172
28386,30.139298255018563
28387,29.414202517953186
28388,25.998416505725007
28389,31.620703360970133
28390,27.997645554722375
28391,30.500648397570128
28392,35.145737951195436
28393,25.597109287257464
28394,24.558911641758204
28395,29.94150891583228
28396,22.125035517574553
28397,21.663273043363105
28398,24.792230346086143
28399,32.72907951838541
28400,31.44023214846631
28401,30.90891213444446
28402,37.23673489876382
28403,33.986049363117004
28404,17.061327411613718
28405,27.091015962859675
28406,34.94431342481122
28407,27.14215286485303
28408,29.208147385174833
28409,30.872636773062066
28410,27.715479676253963
28411,23.117247711100212
28412,15.529399795792385
28413,21.10399116143161
28414,19.59793423068853
28415,38.88548919106673
28416,3.4405082724150478
28417,41.187863241000024
28418,16.093723394352537
28419,36.598337543418985
28420,38.84004307094059
28421,13.947568482653514
28422,14.30525799900203
28423,14.764449445919656
28424,15.985673626433352
28425,24.255469215006187
28426,29.971487947549367
28427,7.819254727924055
28428,1.6489929727831116
28429,30.611360854486946
28430,17.87006768334268
28431,18.18945783480728
28432,22.62660000004185
28433,36.65170262790712
28434,36.595124853803625
28435,42.27100840699248
28436,38.66844731578876
28437,36.92486269620468
28438,36.63883304707381
28439,35.45374555321061
28440,40.557538819094596
28441,39.00755959194289
28442,33.93804287395273
28443,36.10043703563493
28444,18.428172940690228
28445,41.47820391152236
28446,34.93825973968983
28447,34.15130759354511
28448,36.18861791674729
28449,38.535503796304404
28450,37.651410017371134
28451,39.60323422185029
28452,33.74841373701612
28453,36.694629313204075
28454,32.89782441633326
28455,38.95157641572055
28456,35.69147427229957
28457,37.691213958800255
28458,33.78112384029247
28459,37.84953795841847
28460,32.577729879470105
28461,36.21274551597592
28462,36.88199365684296
28463,33.757085836654454
28464,34.16932381957313
28465,36.104477883306394
28466,32.2453190877734
28467,34.86035479503229
28468,37.1206189505984
28469,17.2314619592732
28470,21.528278803489535
28471,26.63984779882792
28472,11.803656923495774
28473,21.34944033545759
28474,14.891728584742896
28475,20.276456792056376
28476,7.964571353271511
28477,11.584572694997007
28478,21.0577163657484
28479,15.308961404291116
28480,21.4671101626137
28481,10.881979565882986
28482,20.94502997527491
28483,11.56258344773543
28484,10.846437427826233
28485,8.362957727841264
28486,12.353261956474297
28487,26.351943677054674
28488,10.324329311954488
28489,12.673167493341355
28490,13.730841191299778
28491,19.88039834919667
28492,18.475552976854793
28493,14.628510899048702
28494,22.881354654241196
28495,20.787892785830476
28496,30.725919300722317
28497,34.77831227364722
28498,1.9030293941608614
28499,32.1689988647292
28500,26.21125845824404
28501,26.756191966244522
28502,22.67495013970898
28503,7.214796845045233
28504,19.21663403104931
28505,15.355960236250553
28506,19.839939760326825
28507,12.868612413906671
28508,13.616350416831606
28509,12.879843531929948
28510,59.46491078693051
28511,25.859301428045885
28512,18.77850813796939
28513,25.96374599782898
28514,19.157527899647693
28515,13.225898226890529
28516,26.62513463242387
28517,23.1848506926023
28518,13.186449184989712
28519,13.827011217331641
28520,9.501430581368883
28521,23.726976502295596
28522,27.45682119404694
28523,25.042500273207786
28524,31.595665837589447
28525,20.305223664358117
28526,31.540861955604232
28527,22.19635339262815
28528,43.27542591899935
28529,25.487438884189668
28530,12.619081189110902
28531,20.048452752789903
28532,31.28952547200131
28533,17.46313154170824
28534,20.090307457719504
28535,19.733403070014756
28536,22.076861442747035
28537,11.306993491733321
28538,18.11406490445841
28539,21.997102268869263
28540,28.17204364697399
28541,21.209626423480955
28542,10.29107905450447
28543,20.061169066237504
28544,21.847883049481034
28545,23.008802949191928
28546,19.86064354128373
28547,23.553381625145015
28548,9.153716663939864
28549,15.59385052626968
28550,0.8794302924828011
28551,11.1627744782744
28552,4.226448018738758
28553,17.47056668167303
28554,8.47695364359085
28555,17.254439266332067
28556,18.534173292200716
28557,13.120978782359183
28558,3.8743041792535244
28559,16.364312414727618
28560,18.329264627349254
28561,16.493367662862003
28562,20.780897243921746
28563,18.375941411640603
28564,20.37883498162839
28565,21.057745171738734
28566,14.864168920053745
28567,14.908062855472997
28568,19.35612313705648
28569,42.040601069423374
28570,40.50546466822811
28571,36.05058936066479
28572,66.0601172932626
28573,36.06786469343604
28574,35.06152185322125
28575,41.7286803561562
28576,42.63342405863056
28577,45.88666071946164
28578,75.84745096750686
28579,33.12240953799439
28580,38.71811666882237
28581,42.074131261486684
28582,38.71116235458798
28583,33.46096043909184
28584,49.26240389550661
28585,40.96019292490404
28586,35.414841317909
28587,35.06386867183553
28588,27.232413498587732
28589,49.59765748671238
28590,43.71016786244836
28591,42.521472898213595
28592,27.19938164836568
28593,24.19314654461525
28594,32.86382562113219
28595,53.267344082145364
28596,42.29588115573841
28597,30.623488742875228
28598,33.97688052483897
28599,35.32382375443891
28600,30.742605257256855
28601,38.97641452885283
28602,47.60757147814337
28603,35.109389122386794
28604,36.13972956146084
28605,34.5971538628699
28606,33.84019891693994
28607,45.6555908993731
28608,31.026127865022747
28609,39.917777982605784
28610,42.22611302953245
28611,44.124489698053665
28612,41.09083075415578
28613,42.537122874767384
28614,32.165498997570786
28615,33.40524443290752
28616,37.94411058557361
28617,38.53980419440972
28618,37.830236763914684
28619,35.98268867312955
28620,90.80140575053032
28621,44.691212884661795
28622,36.92927331277216
28623,33.99354353563985
28624,67.1178634593286
28625,38.83526719361485
28626,64.69857755709211
28627,28.96938513701233
28628,74.71245877878572
28629,39.76768925206499
28630,40.53822060553634
28631,26.987643169981872
28632,27.937461381564145
28633,29.746815419426383
28634,28.752458958656916
28635,44.52929110095769
28636,36.20299365859874
28637,36.544583809476265
28638,30.79150637791105
28639,36.6613384867301
28640,31.54888251248098
28641,27.3169803744077
28642,34.574668592968756
28643,14.217180682767943
28644,36.93977597644568
28645,35.862807980780524
28646,30.39654089638622
28647,27.95115987724766
28648,23.639185875557196
28649,76.5297910938055
28650,63.49705813427924
28651,65.43577332950254
28652,82.42003001657437
28653,32.867488808703726
28654,35.75047724660294
28655,40.50006878060991
28656,29.446168207678614
28657,30.497787821139365
28658,50.61902848291416
28659,64.26724538957647
28660,69.25818725646738
28661,30.247290542791493
28662,69.35387238474038
28663,36.926603662654344
28664,12.954324725857969
28665,32.75956695389547
28666,20.952761009326238
28667,32.74339632170317
28668,36.69667569378486
28669,49.8641913359983
28670,40.96018189575476
28671,24.151596470188526
28672,43.3111793610851
28673,30.633896546517402
28674,43.78335048188337
28675,28.900180785765563
28676,41.33672644576274
28677,31.861250638968706
28678,44.41283924332312
28679,41.77554528056878
28680,39.10641217069572
28681,35.11936835498579
28682,26.79615819826852
28683,32.737342348540004
28684,52.26720121991787
28685,37.44271458941726
28686,33.49356288617481
28687,35.00407682105294
28688,40.52291331793809
28689,32.97543478873011
28690,38.23633795892612
28691,36.52163708645708
28692,36.14666573480256
28693,34.284214831258176
28694,35.40385088142018
28695,31.058760607803396
28696,42.3565993904994
28697,36.911566228712964
28698,33.3887755619065
28699,40.445709578898715
28700,31.79517722643425
28701,34.38687182390521
28702,44.20341650780819
28703,30.687937321541042
28704,35.53529963420852
28705,37.30049819046123
28706,37.734644354881105
28707,36.205025756183176
28708,40.23803138074974
28709,30.930204209936143
28710,41.13976989632373
28711,34.60139031371447
28712,46.148974649962426
28713,40.78290033626606
28714,56.66496326434359
28715,33.721601986699156
28716,19.615147414848227
28717,20.924982281167797
28718,10.422380064599285
28719,7.107714015949737
28720,18.488744243126334
28721,15.112582523515144
28722,17.046630979578094
28723,7.557442899390428
28724,13.068739677475852
28725,24.147102244184712
28726,12.895757738755032
28727,18.68895022686387
28728,14.732449213332714
28729,32.457515017088525
28730,13.054978409299666
28731,14.191461088533428
28732,22.341091100720575
28733,20.81239303379278
28734,19.774235313660803
28735,23.401817180971896
28736,13.32289222239688
28737,21.087407764102196
28738,21.777444508041892
28739,10.074605519482034
28740,9.016946998907217
28741,16.055712517353236
28742,9.571657422120998
28743,17.59763386783619
28744,18.167111123364723
28745,11.926959556207306
28746,22.00793211010846
28747,22.236248465184314
28748,22.793876202141345
28749,15.328716038140191
28750,22.80424861714612
28751,20.376616947537922
28752,18.009198535916287
28753,19.83612213418853
28754,9.344053532958956
28755,17.155474580528352
28756,29.07916506555953
28757,22.50034027567142
28758,17.889453243560027
28759,25.940876368318918
28760,19.50615137959368
28761,25.080072376721382
28762,19.06925275334655
28763,18.881913647714327
28764,19.13364482910785
28765,11.54396876892963
28766,16.95039608814511
28767,27.863986454385923
28768,17.063794706120188
28769,18.24194387204731
28770,19.847813905848387
28771,21.875263953507623
28772,15.374702032587562
28773,19.026132781994846
28774,18.36607270331454
28775,21.158204575443513
28776,22.785439639821575
28777,28.457373670141383
28778,26.215794031179072
28779,28.834258100532175
28780,15.79672719206294
28781,21.285470388037375
28782,18.194594348440308
28783,11.63410367557057
28784,18.20475369030546
28785,16.106834019589453
28786,21.636818342152626
28787,21.945996806648818
28788,32.22988296270716
28789,24.306741280485276
28790,7.605996250648408
28791,18.333188776253017
28792,12.780244380060653
28793,16.481471076652333
28794,28.57482849290647
28795,16.62211325388103
28796,14.85686930984519
28797,12.366158998157566
28798,18.202404025706265
28799,13.317089656280816
28800,29.481517083867224
28801,23.51213671726676
28802,43.39156026488136
28803,52.12136557690242
28804,84.49199791014617
28805,93.75480143465566
28806,49.45854089641313
28807,64.31999694419486
28808,50.7933414242514
28809,68.46915536924213
28810,40.64109942868505
28811,27.409383756383967
28812,57.54403367076034
28813,84.85653861999019
28814,40.37234219694371
28815,82.35399681745274
28816,47.38185750021342
28817,57.99491306421962
28818,51.6759435291134
28819,50.65896227913258
28820,37.76207241123809
28821,45.54465951797139
28822,42.98881545594574
28823,48.14218799416874
28824,56.30303173362135
28825,52.57773297884337
28826,41.82428766970684
28827,56.52612256375439
28828,75.25560693198543
28829,34.10624003547012
28830,38.92984594470542
28831,35.910090167503334
28832,31.846901487367155
28833,50.81090241507134
28834,55.37323850408624
28835,42.53479598376167
28836,28.740184474565556
28837,37.487803548788186
28838,65.86652667191295
28839,51.608427824870766
28840,85.29566813829764
28841,37.23402908004521
28842,52.84342968986339
28843,69.83317500389786
28844,43.861222327676764
28845,40.14316042011859
28846,86.80482327188443
28847,49.63262770133385
28848,52.84738726425032
28849,65.32121492125995
28850,39.16522172495571
28851,43.1344885485246
28852,63.32152760384299
28853,54.23369936508964
28854,62.789354565798966
28855,41.891293631921
28856,32.74867350167701
28857,32.06686915867437
28858,65.41334518446148
28859,37.9803515147992
28860,51.655670222073034
28861,34.68847243404091
28862,42.3083607591553
28863,48.63085595516404
28864,32.76577931379305
28865,32.5198091174581
28866,36.47404782460759
28867,31.40629134312938
28868,34.61586059079002
28869,35.897341128423946
28870,41.2084579736052
28871,23.99506989574719
28872,38.683695494277934
28873,35.05095355198122
28874,35.459669886044594
28875,38.03516322620861
28876,36.74125622297684
28877,42.544324881045064
28878,34.8255334632282
28879,35.84945401865489
28880,33.056763198420484
28881,44.4634132767124
28882,37.039888489637704
28883,33.27842727396689
28884,41.42332581461507
28885,36.623248979554766
28886,35.08504633803478
28887,37.47469579551719
28888,34.88027503098279
28889,66.51027789725681
28890,43.457366312068196
28891,36.2500001178712
28892,35.160630888785846
28893,37.00923136235347
28894,34.43787608758962
28895,33.42234033456699
28896,42.36653745175752
28897,36.73952937086418
28898,41.62716406672709
28899,35.66275538944371
28900,37.617994853042255
28901,42.20055987986077
28902,33.723391717488525
28903,40.32424606753466
28904,38.45298776219837
28905,43.99823082831396
28906,43.87046600400367
28907,78.8234697230802
28908,39.31797372900107
28909,43.28665508150187
28910,40.260365021292756
28911,38.41932835254879
28912,44.940269986566946
28913,37.187469693241326
28914,37.882413897771954
28915,30.127741112712073
28916,40.287884513486475
28917,40.503919059954406
28918,39.137690285974095
28919,37.55857906964785
28920,37.68901474459196
28921,31.263971437614863
28922,52.41503449355389
28923,38.31438952540781
28924,40.22192022478274
28925,41.82497975251171
28926,41.6510017412797
28927,36.05587762739952
28928,38.544126954337564
28929,35.25386691457363
28930,34.672272713611655
28931,37.5317773402322
28932,40.7158125536191
28933,39.531633790613654
28934,34.54019335459835
28935,35.555042668468296
28936,37.36422232011044
28937,45.10627449470526
28938,33.95473591734617
28939,38.497339598620485
28940,32.30752988593141
28941,39.76441794586781
28942,33.69937389673342
28943,34.45728366562271
28944,34.27974933959234
28945,43.68594129236051
28946,45.20600461376335
28947,34.678404598794764
28948,34.27753723707706
28949,35.875408106797195
28950,38.53730627127159
28951,33.58117467252799
28952,37.49633854615046
28953,36.48519292435842
28954,38.574762919410816
28955,33.24392940559126
28956,32.04832896909507
28957,34.72188185189977
28958,39.52270245176306
28959,36.33738415685741
28960,43.929490429081646
28961,50.49246294288936
28962,35.31367838742337
28963,20.46212546215281
28964,61.857392556426426
28965,22.982310241472934
28966,30.516002894599488
28967,13.112244625169353
28968,49.36715043458711
28969,60.009166755085154
28970,1.1205299888860094
28971,45.02934074663333
28972,38.810230893154746
28973,24.191752611689882
28974,15.886716751960751
28975,56.63736025325732
28976,41.259596079478484
28977,62.424296587299935
28978,59.05130188260339
28979,20.46112454245525
28980,59.29942865044887
28981,66.98821660470266
28982,18.211954866650917
28983,27.845880373486153
28984,31.3962491855606
28985,31.711170469856558
28986,34.22247067264045
28987,34.77865777868634
28988,37.45654575168622
28989,36.60503460282737
28990,35.310896973567345
28991,38.49493206901596
28992,36.7317168191814
28993,32.56876195195312
28994,36.37963934276537
28995,35.43004883165089
28996,31.33955393852432
28997,41.24663948488317
28998,32.51764108045124
28999,33.70521949340229
29000,35.56212482082891
29001,32.7962464689433
29002,32.92382684749162
29003,41.35443193157124
29004,33.78125900447615
29005,34.606572940795644
29006,36.27855394191222
29007,34.97745503724872
29008,35.591879758760165
29009,32.66217106349625
29010,33.99036232072256
29011,36.7324200352413
29012,35.69399901978323
29013,29.745309357343857
29014,33.51616199699742
29015,36.21972747498131
29016,31.82780965683412
29017,35.40263467348401
29018,33.71668002620079
29019,33.11159395574734
29020,36.93321857556217
29021,35.77488296759786
29022,41.26386106342079
29023,31.014335144362644
29024,35.656161929607904
29025,37.89115167273734
29026,49.480769527694505
29027,37.6899107642931
29028,32.183111797952705
29029,40.414952286955604
29030,33.18263750541006
29031,38.03037148179527
29032,24.132325312567957
29033,16.071568937962947
29034,21.196788512166904
29035,19.066873720776133
29036,29.559076730169913
29037,27.103252016145227
29038,17.58992694297324
29039,25.72811904615518
29040,31.1823961188374
29041,19.02601320447605
29042,16.881796756126963
29043,23.249098614682747
29044,23.59997352105371
29045,19.456890223876474
29046,14.580663271079544
29047,26.36008972533552
29048,14.519217633264885
29049,21.878582811869205
29050,13.90471754031612
29051,25.05947595026557
29052,21.113601424919167
29053,20.33449876336486
29054,5.434810137207766
29055,16.759855392945685
29056,22.22188658419299
29057,14.202741571673206
29058,15.541190267264259
29059,11.477831531277207
29060,7.786716287538753
29061,19.22719351474981
29062,19.056381851188874
29063,7.931612838570615
29064,25.081474147709983
29065,10.654295244431653
29066,18.024602306727292
29067,17.04697439762481
29068,14.352791874342525
29069,9.24850957347051
29070,9.104308221083214
29071,9.214592111672285
29072,4.186145999067771
29073,7.794509799653902
29074,19.206055292148545
29075,1.1511314494875156
29076,3.6997307612400743
29077,9.569292364116755
29078,12.582917608905445
29079,5.768408785919762
29080,8.570257127475545
29081,15.269843022839378
29082,3.7602835461110384
29083,6.938199408870033
29084,6.7055823375699
29085,14.80616726725115
29086,4.40048050818645
29087,5.657288399461261
29088,11.260365105365842
29089,14.035172635007443
29090,11.485481349270634
29091,1.4067799496026308
29092,12.022837348499287
29093,25.062904270333284
29094,18.52916812894598
29095,22.32420294892785
29096,15.619095664342804
29097,13.958338512181001
29098,9.8419678694893
29099,5.520995128636129
29100,10.273110660773149
29101,14.246660038953173
29102,16.415934372129808
29103,4.434499219848081
29104,6.19275823469429
29105,6.584862675398383
29106,13.944439966986517
29107,17.3733997668911
29108,4.057041196446726
29109,11.242788789791277
29110,10.126587817171297
29111,15.343739264940746
29112,18.652503784192827
29113,17.545945661845014
29114,18.672385385189518
29115,16.261545781027056
29116,11.821732574910891
29117,9.612273983089894
29118,17.016057976216857
29119,3.280532481025951
29120,15.198044382463847
29121,16.63318394168165
29122,6.034485507233293
29123,4.481702214349121
29124,22.951690091711487
29125,9.536257531436883
29126,21.20831490889705
29127,31.41541782915338
29128,37.74071327828918
29129,31.61734006761733
29130,38.815274578774165
29131,36.809233612988855
29132,51.19790757171946
29133,40.13047669308147
29134,48.677605244771485
29135,36.480184558120904
29136,40.138670246108724
29137,37.6120158207958
29138,47.05347088139966
29139,39.50889025568032
29140,37.83000802638497
29141,39.42263480347362
29142,38.12453037881316
29143,70.08383488797902
29144,85.7337806605117
29145,46.787686216462184
29146,34.99282119717705
29147,41.55402332698448
29148,42.120631819436255
29149,45.72064431145541
29150,39.56353049111966
29151,56.78434370001774
29152,39.12878002261937
29153,40.20675539469015
29154,46.25832459024324
29155,38.42995571635982
29156,37.38401461490665
29157,40.01851373529112
29158,35.69194309043234
29159,41.66644836435823
29160,41.22990132347076
29161,39.65884493200845
29162,36.40184738461203
29163,34.14217173351615
29164,65.36920717010581
29165,49.35572732427388
29166,42.49413930489268
29167,40.128610009110915
29168,41.98457523665554
29169,39.886593336571096
29170,38.32932585631744
29171,40.72317845802945
29172,40.577423353638615
29173,34.38084458669541
29174,36.415470314475265
29175,34.48760169168199
29176,38.24826793400032
29177,32.744611775385934
29178,35.3640927787174
29179,52.92344151754405
29180,41.88726555878236
29181,35.30496613012998
29182,67.32841857130214
29183,40.4394789395227
29184,34.84293142513659
29185,43.31738714753437
29186,36.41164967207496
29187,34.816045308628425
29188,33.54280703184815
29189,31.020198373153455
29190,34.95021630684326
29191,41.86781712714335
29192,37.43594698332294
29193,39.90312143290811
29194,36.05233349386771
29195,32.58210626013618
29196,22.235014583016703
29197,19.295447198832022
29198,70.93108423420534
29199,14.140424334355915
29200,17.299604097981902
29201,19.42914391923356
29202,20.505964913438504
29203,32.70064285970525
29204,35.4275272748562
29205,33.910218992771874
29206,32.844179555234255
29207,26.797526121263076
29208,34.970986814951644
29209,32.664422947449204
29210,15.371842905319031
29211,37.794511690745715
29212,40.65578474446873
29213,34.23212354558078
29214,32.326176610808815
29215,27.970404939644418
29216,28.980971604720906
29217,26.754393236901404
29218,33.46518197402097
29219,33.66895570520397
29220,34.74699250844008
29221,39.177013218693325
29222,42.85353054464937
29223,43.58816205952379
29224,40.126606767692145
29225,37.80085277849978
29226,44.64146900595727
29227,31.834154073399
29228,36.95041482805827
29229,34.36472602826212
29230,47.76150259284216
29231,41.66325353873796
29232,34.39790097545181
29233,32.09272822016977
29234,39.41235868830145
29235,41.49199340981626
29236,40.6724244163232
29237,39.15965674190046
29238,21.38647771323373
29239,51.46328388430739
29240,43.54325069895133
29241,31.268835933453964
29242,32.89400697130934
29243,33.03950301480163
29244,36.82785720055486
29245,36.91134510100095
29246,39.38134611258072
29247,37.23061944208557
29248,36.660864255786805
29249,41.091874183444624
29250,32.07871781706201
29251,28.43300174083999
29252,14.82833129087243
29253,31.22427251067026
29254,29.331522117012373
29255,38.09756971121977
29256,35.282674815615465
29257,39.474724418292645
29258,37.40327769061699
29259,30.409817749526763
29260,34.85208693357302
29261,42.408148350274175
29262,37.37240362076438
29263,33.6644950740751
29264,37.293337664598205
29265,42.808806289083236
29266,39.42485025389945
29267,32.46854111459292
29268,39.154107035332416
29269,33.69677481606247
29270,42.325628147334605
29271,38.67908715459512
29272,41.54668363317129
29273,33.64997840232954
29274,52.51757798318967
29275,42.475656416090786
29276,38.563804905291825
29277,38.343864812744854
29278,45.432980894447795
29279,43.727391539860896
29280,37.283427917143406
29281,36.20770580358858
29282,31.81531084885619
29283,35.80122500619163
29284,26.371999541229403
29285,32.11991792354498
29286,24.167619298001284
29287,23.970622152219242
29288,33.79546761767012
29289,38.64762260582985
29290,22.01968601351714
29291,40.80423563300042
29292,27.358666362016898
29293,11.647802579816405
29294,9.543495634624021
29295,63.77641920375945
29296,25.23462293935997
29297,44.555144130060874
29298,20.22308846633477
29299,22.37247794754561
29300,30.206694486855106
29301,17.79527761993088
29302,75.82174137801421
29303,33.704677257753936
29304,28.564204066750367
29305,44.671048040508566
29306,28.84707002829406
29307,57.852923209821256
29308,65.91115391740068
29309,18.658396001587896
29310,56.0353831995779
29311,14.356683029999463
29312,72.02283734685115
29313,70.35059870711396
29314,16.94425830512948
29315,17.13420707072219
29316,18.78927293333449
29317,23.5943069032769
29318,24.4331461037879
29319,25.760014631676015
29320,42.63065157284941
29321,35.67904262670093
29322,25.875146039494627
29323,22.25457227495527
29324,9.07665316654992
29325,16.110736359905122
29326,22.319887597019246
29327,52.9016822690395
29328,29.69525189711662
29329,47.101872993777
29330,18.770965884119995
29331,20.180514075093363
29332,19.920049494468103
29333,23.926452203208125
29334,76.90000788676868
29335,28.95435977402858
29336,34.85624098112351
29337,20.08039939063836
29338,12.1339338254257
29339,23.049352718211992
29340,18.643537859360528
29341,33.20343992826397
29342,23.592991203893792
29343,20.467217975056077
29344,20.99122096186876
29345,29.944501247786082
29346,27.258400597342412
29347,25.42063649221599
29348,29.35119576376054
29349,23.360092284013785
29350,31.328846262153284
29351,6.685402862997759
29352,29.56154632769593
29353,2.5923387244720826
29354,18.644772063171086
29355,25.919119316764288
29356,32.15173608880204
29357,20.261675308321205
29358,27.546871591269518
29359,26.38198171132382
29360,16.990733666784855
29361,19.361455975412767
29362,26.740466885926224
29363,20.58505186780156
29364,18.920456172967977
29365,18.79261408456067
29366,34.18629482759122
29367,22.284947476927623
29368,31.003206730566923
29369,14.06952001070078
29370,4.5344807533813345
29371,23.953610460291408
29372,29.107049221883532
29373,26.382478402892957
29374,38.8652347367028
29375,22.534788562701568
29376,23.94797251182268
29377,13.271426919489848
29378,19.768172773314674
29379,23.573739728966967
29380,25.507417752371648
29381,17.674038155956875
29382,23.776702812346244
29383,17.58402451377038
29384,14.719890337641791
29385,23.47367228314291
29386,20.837032038810385
29387,19.123344654926903
29388,14.282349803485138
29389,23.45792365524983
29390,16.023493160452325
29391,17.286590904200057
29392,18.92774967004106
29393,33.483320586939065
29394,11.973580567842907
29395,17.463366241278884
29396,34.0644745893865
29397,22.381458952938583
29398,17.161109006741246
29399,28.826123250039927
29400,22.4715340156022
29401,23.153544727093
29402,23.92344736176031
29403,22.515810552313283
29404,19.188800735251807
29405,17.282293405324612
29406,10.475512632803941
29407,22.4011870190558
29408,18.92071974946876
29409,24.252537289083552
29410,19.02207502140284
29411,10.624246847535833
29412,3.5351916415747895
29413,10.581067254524584
29414,0.12123742865944201
29415,9.723571560216335
29416,14.22702847958359
29417,45.12812619205106
29418,34.6291147508414
29419,49.84950276363946
29420,33.973641118933095
29421,41.61191702657052
29422,40.01461321725194
29423,40.58532983504265
29424,48.5746163475768
29425,47.44705168396845
29426,45.01285329882619
29427,32.719358885894344
29428,37.508177152233856
29429,37.90820032993081
29430,31.863268898690126
29431,40.90136945558475
29432,34.64179242011283
29433,39.24281582261102
29434,41.08846959715763
29435,33.92440777720482
29436,42.912875211923904
29437,33.89625154342837
29438,35.53300454531688
29439,43.37631199057405
29440,40.13618539389379
29441,38.1403456229812
29442,43.504520992585
29443,38.699848767049076
29444,42.78487295686591
29445,36.97074268862227
29446,62.47475225083835
29447,35.11259453393347
29448,35.92015744679955
29449,32.853551514270286
29450,41.837569967666624
29451,34.334402693829105
29452,32.15389045044376
29453,40.62183008039885
29454,41.05040361074806
29455,29.88322528895652
29456,26.391890418962305
29457,34.48817757159388
29458,35.20361252375787
29459,32.129533919940314
29460,40.90459879608164
29461,38.76385173830279
29462,41.62695645192444
29463,34.05201405113854
29464,36.26684670484217
29465,37.86291379809377
29466,42.28672629650616
29467,44.16034934114607
29468,33.07230357472379
29469,34.7338474234653
29470,40.237892584219225
29471,32.11879859001968
29472,34.1958580140575
29473,40.9642382850942
29474,37.82289806705005
29475,55.73107721457522
29476,33.19720309657729
29477,32.42193729711413
29478,38.11071707471201
29479,39.66213545118249
29480,36.209596133044776
29481,32.57194888992666
29482,34.64234935241261
29483,40.09696828003345
29484,42.742521488311354
29485,39.432613880540586
29486,34.22875090289223
29487,36.08737953273563
29488,51.197285643356146
29489,47.638277838987236
29490,35.730478461573874
29491,34.057621597893615
29492,40.53396916850118
29493,32.854562247265626
29494,35.84262710663535
29495,41.758040826353565
29496,33.51345006784312
29497,41.18953158870869
29498,64.37539054741605
29499,30.83362812812593
29500,35.86344603488275
29501,37.37353269001595
29502,41.51535111704032
29503,33.88034092897617
29504,32.942074971338386
29505,35.963166576176924
29506,34.166671099757785
29507,40.15432477137797
29508,72.22155265067452
29509,77.2080989367305
29510,17.90602739021275
29511,25.027930323068567
29512,22.42123696076181
29513,22.191446657321475
29514,19.481461653486935
29515,73.4816819941066
29516,22.543611057614058
29517,19.021967733198352
29518,27.367148329609336
29519,25.483932963963806
29520,17.085789759081205
29521,2.849122089457511
29522,35.768589286510704
29523,34.252292758900225
29524,53.209194000891806
29525,32.31140365072096
29526,24.089446752245426
29527,24.26597491339662
29528,16.336344870257857
29529,17.372634841903768
29530,24.07098430382786
29531,21.577234626232077
29532,19.34059199225478
29533,29.426549285729674
29534,32.062375417634264
29535,30.087171295396043
29536,70.46740511695398
29537,22.313433544433988
29538,21.75816997308357
29539,27.149382107586003
29540,24.542249414979064
29541,25.02396224380219
29542,49.34556893903081
29543,28.17909056363104
29544,18.088379330677107
29545,26.57011716449051
29546,27.21800067352776
29547,31.912443148783346
29548,28.76954968934476
29549,35.607804137990364
29550,20.668196527599385
29551,21.32376532457035
29552,79.85908809451595
29553,19.194545481611843
29554,13.54751614293216
29555,21.932698670990817
29556,24.11055394190757
29557,22.523540198524174
29558,23.866892600198913
29559,27.045377443063373
29560,22.0447248276512
29561,29.081504934886222
29562,20.15181963800731
29563,18.479045599912332
29564,29.296253081053546
29565,16.674390771556283
29566,15.117148706538364
29567,50.58463788861126
29568,23.865198576096176
29569,17.314855011315203
29570,14.691603256967255
29571,17.94755113309385
29572,23.987514926660083
29573,22.72802870645026
29574,23.267962504653358
29575,24.385485092047016
29576,20.511825560108992
29577,16.79381886740748
29578,23.069220891420365
29579,19.92862828454177
29580,20.7459747599833
29581,52.03873136245049
29582,28.79192626950588
29583,20.50442063095861
29584,23.746045204470015
29585,18.995650903358005
29586,26.30985314380294
29587,11.979210698761396
29588,23.367109751996328
29589,21.000503607740598
29590,18.54626129737867
29591,11.540405448818435
29592,20.114463582694235
29593,35.18109735454245
29594,23.324393696485537
29595,26.714957971393453
29596,13.382091519591835
29597,7.515031672513992
29598,31.630490085450045
29599,29.83395093465033
29600,25.107696297478974
29601,22.840830691242633
29602,24.905835823517524
29603,16.572476564147856
29604,32.72401307406722
29605,36.8266478705819
29606,46.784616320398214
29607,68.46915536924213
29608,72.6223220341975
29609,61.80732268794436
29610,64.69857755709211
29611,69.11063688470594
29612,34.56387794769749
29613,84.49199791014617
29614,53.99095092081545
29615,40.131718126002475
29616,31.238514447518575
29617,32.941305968515536
29618,37.302624094040816
29619,39.5021379304394
29620,76.82763802859596
29621,42.233415416816015
29622,66.35272637694989
29623,58.36469456776185
29624,35.58775898931272
29625,56.43518362957978
29626,32.57097905176603
29627,40.53423485676425
29628,47.742046867948964
29629,71.91601602439222
29630,46.35849357339989
29631,78.7983443729754
29632,54.42147921454376
29633,51.413521391441456
29634,32.648911877101185
29635,82.35399681745274
29636,45.493272986335654
29637,39.329700362489156
29638,41.0232865624017
29639,79.23163796179931
29640,44.91775384927471
29641,70.05397700427693
29642,86.80482327188443
29643,40.37812645005855
29644,36.66052541465673
29645,80.56215890855408
29646,39.665418531609895
29647,47.42117107885117
29648,42.39045197505485
29649,90.80140575053032
29650,56.194924240135585
29651,79.83727884089784
29652,70.13893869643778
29653,39.24238380951828
29654,73.4531492376821
29655,36.672158823713715
29656,42.2537366119036
29657,32.589879697875695
29658,41.32450823025098
29659,35.18581720037966
29660,43.543068365530495
29661,31.45716361513189
29662,33.952287409314515
29663,41.093416475965675
29664,40.23816389133005
29665,44.99511211225385
29666,69.36700527183542
29667,52.284524928087166
29668,49.74124457275113
29669,53.40049039878554
29670,55.796644502312404
29671,50.83856303132239
29672,41.65492050005649
29673,44.238926313272074
29674,65.39545790694572
29675,53.18092242270343
29676,66.43060364217081
29677,65.47463587761293
29678,65.56177207446869
29679,53.286182669793114
29680,65.52395954771903
29681,56.4875419081478
29682,64.9524664277474
29683,67.40017453284251
29684,65.41328273314618
29685,65.53998607141865
29686,38.07738295707456
29687,71.85654112522757
29688,45.50165563106087
29689,53.58358285904518
29690,48.89677239791816
29691,52.36275909405413
29692,54.360772627253624
29693,68.5830331204606
29694,56.31828686867878
29695,8.976652677396768
29696,40.2904807325571
29697,44.56049060253506
29698,63.3147824808271
29699,41.95716850949126
29700,38.20562111960509
29701,64.27007262401715
29702,42.62769324440211
29703,33.3514862044888
29704,56.68696569488284
29705,36.04663267234022
29706,41.402810205759316
29707,32.645360217954526
29708,36.55245586445066
29709,36.328049513660744
29710,39.38916057097377
29711,41.56982194958385
29712,31.053227423625867
29713,30.53518649972442
29714,49.5977601060045
29715,46.28180104569654
29716,46.87136246952348
29717,34.2417637424631
29718,36.282034202912506
29719,38.975951483979465
29720,34.09614260319315
29721,39.26327983007131
29722,30.540132811072926
29723,43.90049267373441
29724,41.066927400309915
29725,44.955260355706606
29726,32.88135241762073
29727,32.362635357024104
29728,29.165559334663847
29729,34.52309002846879
29730,35.34424671837782
29731,34.33795620922783
29732,40.82927685713013
29733,34.96467099973543
29734,36.62560567318139
29735,39.979777172331616
29736,31.18368642951488
29737,26.0360097950911
29738,40.312001612020524
29739,40.45837846295284
29740,34.25704077475122
29741,36.20858107017578
29742,39.567513232138246
29743,33.94720102550067
29744,37.238085888677546
29745,35.771218913584605
29746,30.439883141570682
29747,32.692875799699856
29748,24.849998667038307
29749,32.959444969226595
29750,34.98191603811008
29751,32.268210068987116
29752,32.869886667684284
29753,23.54862894159718
29754,36.70112434313567
29755,39.18897989550909
29756,30.142399476431294
29757,29.626818436424262
29758,39.10398231365539
29759,34.17778829135876
29760,35.04803225849725
29761,32.21854739724793
29762,36.585610398018815
29763,43.46674177119813
29764,40.242565819625234
29765,20.254541409586473
29766,38.29334084101003
29767,27.855717628540997
29768,17.233919966567843
29769,16.920373391426484
29770,38.847118794458744
29771,20.47844076692642
29772,21.805010449069123
29773,21.89742882589607
29774,38.813187469720184
29775,87.32217352467023
29776,40.78486191533003
29777,39.63758103924641
29778,39.11821916833152
29779,39.03307121221659
29780,74.85641131438751
29781,39.131611648727215
29782,30.481101720939098
29783,32.41461351599224
29784,43.81380268493683
29785,70.4297348126598
29786,42.64488125936068
29787,23.84950361607518
29788,45.35036868430895
29789,38.91552087363357
29790,53.57492449145991
29791,41.113417040664636
29792,41.44007131366589
29793,40.21727918006822
29794,57.02671324595167
29795,61.89168273991586
29796,52.407832362358796
29797,41.90628386586293
29798,87.81157735585843
29799,42.49236849523579
29800,41.299114234041724
29801,21.714791579127976
29802,37.07029035083698
29803,46.337736687871335
29804,59.54348122648501
29805,34.94431342481122
29806,50.18207207485761
29807,52.51785089260419
29808,33.00267108291735
29809,27.780987893769442
29810,27.763248834507287
29811,31.879633282014296
29812,38.7139428007584
29813,50.425695306176706
29814,40.19435578607003
29815,51.80904310816034
29816,67.46904478155646
29817,35.39358792294689
29818,30.516618211672224
29819,59.442427738624644
29820,34.34173695045456
29821,45.06219921046956
29822,35.32648527746757
29823,54.556772786000046
29824,67.31336861284836
29825,39.46401356420663
29826,38.47667401389665
29827,21.44733356753504
29828,18.549811155207898
29829,49.25600756747353
29830,40.019208325842826
29831,67.39110273132408
29832,30.518870118727037
29833,37.06096324759632
29834,40.04804786751558
29835,41.48683480217388
29836,49.72746383138533
29837,36.477947275918446
29838,43.160769454848214
29839,41.93649468468709
29840,41.71804097189708
29841,38.67860918581855
29842,34.50921327058446
29843,36.02887455385306
29844,41.820505038196536
29845,35.781557072398286
29846,45.12592948623606
29847,43.76158456351569
29848,40.14249411857569
29849,40.09603437336847
29850,40.099585776192605
29851,37.9806322652497
29852,18.406562090380916
29853,42.92201681586951
29854,37.63448154776106
29855,32.85076800086751
29856,42.74988693938545
29857,33.28192714708743
29858,39.238297372663034
29859,22.526299585095863
29860,31.32372467036451
29861,35.82118108359705
29862,37.07488167326469
29863,29.267275336326218
29864,20.737763689119554
29865,32.129343383178025
29866,32.67495800111451
29867,38.90102974461469
29868,31.843415354829716
29869,43.865326560693255
29870,37.728450418374216
29871,25.31318891566035
29872,41.78082083213658
29873,39.95915741309126
29874,37.64218517936953
29875,29.737710951169735
29876,40.75690775929324
29877,42.992164506135936
29878,26.278046906033847
29879,39.375773706158746
29880,41.78286630694052
29881,33.29838855998167
29882,36.64497337220812
29883,43.30597567261624
29884,32.326176610808815
29885,41.36949889170488
29886,31.062709556424764
29887,37.87589608243479
29888,37.739818036020736
29889,17.365621639370087
29890,39.79718844480914
29891,34.15680950135489
29892,35.58475787408862
29893,44.60756300524847
29894,43.71756353425743
29895,32.79333938860416
29896,45.163893348402965
29897,33.88246873092706
29898,39.6789647787231
29899,31.010152116725422
29900,33.61338024866389
29901,35.98415382733784
29902,34.563269558990854
29903,40.5861643359879
29904,40.557272884053624
29905,42.9773489146242
29906,38.39390160360643
29907,42.54532805868396
29908,41.49769255979431
29909,25.007783543748488
29910,37.647861901691805
29911,42.68561923821915
29912,36.760355657570734
29913,41.81389811163167
29914,39.57743726675397
29915,47.47818112106843
29916,39.78365842938577
29917,41.26887632429113
29918,27.789278020162268
29919,46.24141582087867
29920,40.67691545185686
29921,43.36205528286697
29922,39.5237972063624
29923,43.22759307525845
29924,35.69464738912883
29925,31.785042795091865
29926,42.44445153441527
29927,32.28333846074768
29928,41.46932782601304
29929,41.78527870704329
29930,36.50901232301824
29931,44.487517257732605
29932,42.94364015035866
29933,43.72343412373375
29934,35.256893808212396
29935,31.24190085439127
29936,45.969054324981315
29937,33.83779092886699
29938,29.221240193830926
29939,41.857390414712505
29940,43.81560464039238
29941,66.82510207972827
29942,39.92004832651374
29943,52.30318545994646
29944,31.593088981376102
29945,51.444813942420964
29946,38.61201192140043
29947,64.36424700138429
29948,29.075573449411472
29949,38.42896920263577
29950,85.29566813829764
29951,33.26223492770156
29952,47.17313261133066
29953,37.00575242908717
29954,35.78031510402971
29955,39.225742210202505
29956,49.1275601585133
29957,85.7470501594066
29958,36.31458401649981
29959,46.660832893318435
29960,66.44717386996787
29961,40.08932706484247
29962,59.52128983900802
29963,25.323170076784216
29964,46.986563599611486
29965,43.21451217346871
29966,33.24103332377296
29967,41.1426254382508
29968,31.53437831959488
29969,36.96965131881202
29970,34.50647556564331
29971,41.37281920932196
29972,31.783714858710177
29973,15.764565056959873
29974,43.66506816550201
29975,35.093554477643984
29976,82.81107903478073
29977,29.4586837973146
29978,45.38498184886029
29979,36.5784830775352
29980,67.1178634593286
29981,39.33681864164086
29982,35.74171383537433
29983,40.178897372779524
29984,46.674827409403335
29985,62.18194527661671
29986,41.07791002364499
29987,41.63276353234778
29988,74.44315744873103
29989,54.591194813978895
29990,66.27456411935987
29991,41.695889362760504
29992,38.518599232881805
29993,47.45904939088233
29994,39.285566712323146
29995,64.250062476498
29996,41.076471099702296
29997,30.38398421065191
29998,23.258100959113555
29999,32.72457707933035
30000,71.6383710688498
30001,64.74117697777736
30002,28.441471345993836
30003,52.635609615057994
30004,44.08927360179997
30005,38.66647973302858
30006,20.32036432183855
30007,67.84322395391412
30008,47.55761685683105
30009,44.087117089307974
30010,45.67625776568514
30011,61.435635279153104
30012,66.44883724861157
30013,53.258161503145374
30014,39.07565499799847
30015,23.459068914759257
30016,36.6492517603439
30017,38.211675477333266
30018,34.628220360180286
30019,44.963530135423625
30020,56.34319847786241
30021,44.43786470053749
30022,55.54165695837075
30023,36.63901365110179
30024,43.90775700603538
30025,42.62996972473372
30026,38.417950288543764
30027,42.68510521841053
30028,63.87133523449154
30029,43.65123457331612
30030,53.56951159785228
30031,44.52056246674484
30032,42.52264403902897
30033,49.60925903713028
30034,64.2489649078468
30035,45.45652944071414
30036,39.601625459220465
30037,47.608386617117695
30038,44.33264974044276
30039,42.439160153806554
30040,43.49327779955325
30041,80.18660114522379
30042,56.71470060884678
30043,45.496132826364885
30044,51.64423620393209
30045,44.452246690265866
30046,43.2101888175564
30047,38.939334331686766
30048,43.86497326398817
30049,40.41076973173846
30050,50.005444928884586
30051,55.64572966666869
30052,30.290539268430617
30053,42.62950470083465
30054,48.90888066215761
30055,27.358444377140145
30056,37.85598926419305
30057,77.59095710309695
30058,45.40782971067533
30059,44.62669687228083
30060,47.8899185327517
30061,35.17469810166055
30062,73.20363001726348
30063,66.41384542491058
30064,35.47556871548555
30065,25.046985082712325
30066,25.772099204993953
30067,20.288013375532685
30068,35.87980750492012
30069,17.074413216496225
30070,41.67223814819585
30071,27.43062909427587
30072,64.94072527164973
30073,63.57327282018445
30074,22.61283869847642
30075,69.47004213639121
30076,35.92197932144722
30077,32.14534898650563
30078,32.45103352117207
30079,28.961602791124474
30080,20.57706642220398
30081,29.571300186823
30082,34.78171102114499
30083,26.902583934809755
30084,31.112188529365163
30085,64.75815710773996
30086,32.19773958332885
30087,28.316858809569435
30088,35.90209876595215
30089,29.869234963960707
30090,48.166013037322905
30091,31.63384505562621
30092,71.05308651896522
30093,21.459697543725365
30094,31.13806153537147
30095,75.27208111496043
30096,31.24026929490143
30097,22.465435121075853
30098,32.03259214583942
30099,14.887406733894043
30100,18.684501991262927
30101,24.427772393899737
30102,27.834385139238787
30103,40.99755569325054
30104,26.12680509528522
30105,26.466169144028424
30106,32.95050173287566
30107,22.791956115791187
30108,15.914546976782898
30109,32.229489286838316
30110,27.455730762837007
30111,23.37821908537425
30112,27.97120229954687
30113,23.985681548176583
30114,23.446255216786653
30115,28.04340840995034
30116,23.27318103463814
30117,35.62864542923808
30118,18.503227393101277
30119,24.441139286543738
30120,50.663835842204854
30121,37.886529374174955
30122,18.685527730203027
30123,21.0756719525743
30124,32.92678384816022
30125,27.157430454460265
30126,22.287073135869157
30127,30.312027128579835
30128,34.49928259961143
30129,0.20217162156340268
30130,31.641967844703686
30131,23.699442255094564
30132,19.494495057336287
30133,25.263929200016428
30134,24.906835784744477
30135,31.165375018383028
30136,19.173527023170845
30137,41.71723045804587
30138,15.201165918195848
30139,27.20252674561873
30140,40.35404385527183
30141,23.237197930553112
30142,29.666254244593784
30143,26.308498669543628
30144,34.61933194797303
30145,29.706490440043552
30146,30.0387535467422
30147,29.724623304712612
30148,23.155808881853233
30149,20.7433634240298
30150,27.072659574684405
30151,25.582028434098408
30152,21.54386003189969
30153,19.51023133385917
30154,29.149027672031995
30155,24.261955507924725
30156,25.37608523892979
30157,33.295485036333694
30158,36.64760964489646
30159,32.06954609468996
30160,27.986409581673144
30161,3.915172638274898
30162,0.0
30163,41.649803245776596
30164,35.95534331347132
30165,40.82643084059225
30166,28.190679865113893
30167,38.63845390556822
30168,32.64272349367966
30169,38.533195105980724
30170,32.55205030802716
30171,39.48324331396955
30172,24.809930958557754
30173,22.758968987113253
30174,31.250665026899675
30175,30.449853453406057
30176,26.856763265400414
30177,37.95477538124908
30178,32.99845855338278
30179,35.75422837385313
30180,0.9451743137702049
30181,33.901242403819865
30182,35.724355174172494
30183,18.234048428026558
30184,40.977925094836834
30185,21.106992219532632
30186,28.66961806093356
30187,31.929874551425918
30188,23.220531653423638
30189,36.46560642347142
30190,3.948103205006832
30191,33.82425018156516
30192,33.21889515221535
30193,22.48518908457494
30194,36.703654374255656
30195,31.516942850085975
30196,78.77944427754844
30197,97.6795083903172
30198,92.35878209695825
30199,94.44151894316245
30200,28.083500167259842
30201,97.66931734639604
30202,98.18169468585388
30203,97.77230535874202
30204,96.72171870005974
30205,46.708399354454436
30206,96.24044426585361
30207,97.75487915447204
30208,42.075051064418616
30209,97.28388508220996
30210,96.68068697516401
30211,28.232752843507377
30212,87.3670825719568
30213,22.786583120510638
30214,83.5641138242227
30215,95.73161522210421
30216,87.7671445029596
30217,24.22643074183146
30218,93.81737785128139
30219,87.33815404652562
30220,23.784045266382257
30221,93.78661008780003
30222,56.52170426582457
30223,94.64679574604237
30224,22.793852738538884
30225,86.31720247947662
30226,93.7501345155515
30227,51.58396095663984
30228,20.47445196247915
30229,92.65850172367016
30230,45.36669487322279
30231,92.72974510987635
30232,87.2497161373991
30233,25.43120629180896
30234,85.54434873810696
30235,82.82482017744374
30236,24.708897401739836
30237,93.74209738517747
30238,48.989445425158266
30239,85.37832558614288
30240,26.771045436017364
30241,91.80756419350855
30242,89.750406541411
30243,13.866252236446464
30244,93.75466050868769
30245,83.35914968534827
30246,17.82437773294531
30247,91.75148914780242
30248,91.7082451709838
30249,35.761289381526154
30250,90.18791543608377
30251,38.72094673228176
30252,86.80284012818838
30253,92.67915185808188
30254,44.46435102878223
30255,90.37591628315452
30256,92.73654539609655
30257,25.730327899146744
30258,89.56754884067773
30259,90.68801990995053
30260,18.811397191768247
30261,87.23961115802547
30262,87.75540977258922
30263,41.653182015036016
30264,84.69852867213766
30265,90.80163644336595
30266,36.88494550571225
30267,89.17235735698448
30268,88.33312807507527
30269,13.870977001063483
30270,90.72197534390509
30271,13.693610072023224
30272,26.77533020451038
30273,72.56724130020942
30274,71.36877179976011
30275,27.721853385238877
30276,60.399041970540424
30277,76.2826542198678
30278,25.770495756121598
30279,66.51286088386983
30280,46.84770924590155
30281,64.94292544338185
30282,82.38248060335619
30283,44.61952726539883
30284,63.67623945975966
30285,62.516518439470666
30286,28.743520874076
30287,79.78353798192585
30288,89.78883147259239
30289,28.882670533176114
30290,74.8862310980769
30291,68.33753949686685
30292,77.75124758721844
30293,45.71328547060753
30294,40.09052528873812
30295,52.950143680305466
30296,42.43558290751033
30297,81.53296032310166
30298,68.24716581309531
30299,50.364130745472956
30300,76.40537493192379
30301,47.204958026700766
30302,49.964714288492374
30303,44.41960283007021
30304,78.07038353955126
30305,48.309686218569986
30306,40.20380211210662
30307,82.67602987414666
30308,78.2660894222429
30309,34.84339515256613
30310,78.17080548650286
30311,44.546846941376764
30312,38.86816596257927
30313,86.71968305045273
30314,43.57004687765382
30315,35.32198462429913
30316,34.62952996159892
30317,43.375673368938294
30318,46.425374635036476
30319,37.101491165718464
30320,45.74364072575318
30321,56.55380298445375
30322,87.6553484815991
30323,61.345090060650215
30324,39.04746558032041
30325,44.53382866902023
30326,42.50785886264015
30327,32.74081423214587
30328,44.25418852522321
30329,48.21042940955401
30330,46.915525149435275
30331,53.78264503990182
30332,44.825797528424175
30333,45.161320907718796
30334,44.564622227925334
30335,39.655061499169506
30336,54.6004558611313
30337,90.77505758903739
30338,53.79608471714714
30339,39.02709575608568
30340,37.09649119135652
30341,41.7221237922777
30342,41.032027597527964
30343,43.00171630027624
30344,49.87796565929116
30345,45.49949250645264
30346,40.26334453294433
30347,42.59114869417009
30348,46.195772310403974
30349,70.2976084879945
30350,43.18587473707658
30351,52.01965566663503
30352,41.90666891319816
30353,40.28853956424399
30354,41.155020475327454
30355,42.18355245158382
30356,42.47792203993781
30357,44.07750511179504
30358,43.55536759374228
30359,42.04854011720664
30360,41.38456675346478
30361,45.62213724817548
30362,41.499884795079566
30363,77.43947278321039
30364,73.4062406031241
30365,42.75240242999517
30366,64.4318873655569
30367,42.53428953816568
30368,53.01249848134331
30369,84.69816940380575
30370,43.88833619145105
30371,72.30182341994403
30372,43.6488274135905
30373,40.49495424191526
30374,37.43618101519882
30375,43.266670299780834
30376,35.78616348983634
30377,34.17943249682625
30378,86.26583593437633
30379,38.35976520132831
30380,44.02038081810893
30381,12.903995283328818
30382,36.86404544514079
30383,34.75339923582403
30384,39.55993269739398
30385,45.71211609867164
30386,85.19320805188804
30387,90.78172928379854
30388,92.76716023830893
30389,76.23742968435329
30390,48.645756717930254
30391,37.82036571130297
30392,70.83533879749582
30393,50.56108678447542
30394,59.50207861166234
30395,85.79207531392136
30396,78.27168128199841
30397,25.80201672804929
30398,74.95741819104265
30399,80.4781389111201
30400,50.72366050275618
30401,40.984850004142174
30402,73.3502187849348
30403,39.551413545170334
30404,14.288033394727318
30405,36.94188951847457
30406,84.6943013141192
30407,79.39051494385454
30408,61.424041169721605
30409,80.17252757559008
30410,48.56429114951933
30411,39.734544358124246
30412,65.20958640957552
30413,46.8207306496326
30414,84.13745073138779
30415,8.013602409560558
30416,55.105266827193184
30417,68.93018094848016
30418,78.73477933454971
30419,48.92635516362698
30420,30.988573708694457
30421,27.081665058073156
30422,52.48336524253986
30423,92.77577417579592
30424,83.44395590088804
30425,42.8175188813643
30426,46.2166976032567
30427,70.92431730749281
30428,89.75291950480194
30429,42.50643934222719
30430,29.12795913441591
30431,36.140459191746416
30432,70.2897789869735
30433,20.828567355699306
30434,34.131607783816456
30435,55.63660994287847
30436,52.511722073036374
30437,58.54317745950738
30438,73.01331049676287
30439,71.63059027256332
30440,49.992238958550914
30441,68.37699053784856
30442,64.75725784972842
30443,37.34975040434682
30444,74.08059526362233
30445,26.942074993443242
30446,78.75990442748244
30447,73.40227049805749
30448,75.53704000583778
30449,75.68315520751845
30450,80.49088529325604
30451,78.43709216052864
30452,64.91350607518791
30453,62.06145166443209
30454,76.16452489616313
30455,22.82654986502688
30456,77.78908564403608
30457,62.90627707918911
30458,75.45994016338724
30459,73.76114979890437
30460,48.731881954132625
30461,72.9127712596274
30462,43.41565500337225
30463,71.90825326843677
30464,79.9164732602662
30465,41.572361899385136
30466,81.89270701733216
30467,75.90407319003728
30468,81.66126108124963
30469,37.95437047755779
30470,75.08318029390625
30471,36.82326839052731
30472,19.373221069846455
30473,43.4907830207674
30474,53.5046646647771
30475,20.104681700318377
30476,17.112355054477984
30477,31.792634375886223
30478,26.25953685327166
30479,33.74048269242242
30480,13.633462805033304
30481,15.095063078840118
30482,21.773435320454414
30483,33.92460594927059
30484,64.91998344170128
30485,17.697945889715793
30486,54.28699374645495
30487,39.213643999221354
30488,14.641676157695022
30489,22.90216663346543
30490,19.985095961889073
30491,16.143942554480557
30492,23.213885848373476
30493,22.100482096865456
30494,24.564424942215144
30495,32.08847709666326
30496,20.38115672887491
30497,26.001295987407538
30498,23.78702327760371
30499,31.311024371162315
30500,33.07568817903256
30501,47.141202176401706
30502,28.803821476800998
30503,20.579199206934543
30504,39.98418256471988
30505,35.36191000803257
30506,28.750817980823324
30507,46.0628342481184
30508,32.85427726480388
30509,38.013048350645605
30510,35.45524196635436
30511,33.08774716325495
30512,35.644877377161116
30513,33.00263341794998
30514,43.82991972742919
30515,37.604696745775605
30516,33.61931767431157
30517,38.083629546484325
30518,30.822218932313312
30519,34.02949892760962
30520,36.30366477635108
30521,58.04750677812847
30522,53.699592339114126
30523,44.78617914585298
30524,43.48512333790192
30525,44.722140311476466
30526,44.93022576597929
30527,37.903632560453275
30528,41.86793979632605
30529,41.6590143260055
30530,81.05616922899966
30531,57.50896888253733
30532,42.108256754861785
30533,53.52334210149059
30534,44.09577759564465
30535,43.84094372082454
30536,43.8193659158829
30537,45.96789639918918
30538,43.55165516674026
30539,64.97732747244993
30540,44.398816111870566
30541,51.475168063061965
30542,43.945388475210045
30543,40.02134903301109
30544,42.66519430932404
30545,40.29166552236629
30546,43.65649243887784
30547,42.03520370567659
30548,32.01163825218684
30549,42.00061709416187
30550,35.70551743524883
30551,35.69688008053675
30552,32.38343968383534
30553,36.18111202288689
30554,34.42037715094704
30555,38.7016615739188
30556,40.47927968449609
30557,32.745579719179304
30558,32.309694067134274
30559,34.30986320974098
30560,40.99831649792073
30561,36.05467552320105
30562,37.88317648866362
30563,29.705876300456577
30564,33.418346407129434
30565,36.3297107965774
30566,27.183290519356845
30567,27.850031901632818
30568,32.41179790936643
30569,30.098460859634766
30570,23.90976092549666
30571,35.94740825618479
30572,62.119990652058924
30573,42.86184413002245
30574,37.672376741583584
30575,28.542775404634913
30576,24.764572872060715
30577,38.95399424230001
30578,39.92842074712967
30579,31.762611848230314
30580,27.23327721880845
30581,35.12892902335943
30582,27.2903902455358
30583,32.903571420024065
30584,35.921754488355816
30585,37.85417545666278
30586,31.72259268900669
30587,29.284443222667026
30588,34.13563560775789
30589,20.928820251470725
30590,32.00735921082037
30591,73.09396616019227
30592,28.301135049257216
30593,29.52862021142204
30594,27.479164183491612
30595,29.28603236257794
30596,34.91362997024389
30597,27.421051577222507
30598,27.682122739293366
30599,37.582727080263524
30600,28.170897303226457
30601,30.090711646952773
30602,30.646295665380364
30603,24.64440214517137
30604,28.86832750595459
30605,29.038640534592577
30606,39.419826012930905
30607,27.817760305540013
30608,30.622692669851496
30609,35.37340938975166
30610,28.041092208672474
30611,67.36730317318317
30612,28.189082174360642
30613,27.915565734021758
30614,32.20024895111272
30615,28.92085391927138
30616,22.97826571514947
30617,36.657598251291404
30618,37.33398403480893
30619,19.816307628260713
30620,63.568641634827586
30621,45.39749311705188
30622,61.43477194632573
30623,39.46391113988416
30624,71.42999827810071
30625,44.306164168048916
30626,72.07567167083633
30627,52.39003543897745
30628,77.70713071350187
30629,84.17523887527561
30630,63.938920393760036
30631,41.432416340164394
30632,67.52090311355867
30633,54.49353777170459
30634,43.71637037065942
30635,37.94660094436289
30636,38.475093079908845
30637,75.83525241171552
30638,75.00284515214585
30639,72.57153383640846
30640,37.92300486617456
30641,67.05751896298017
30642,44.992499889590604
30643,46.05143925556292
30644,49.128272568188834
30645,42.09456202164135
30646,72.02283734685115
30647,28.831807643322364
30648,77.9940926825349
30649,48.19449134169103
30650,42.03435687479706
30651,30.420878485052615
30652,44.99921091479711
30653,44.18283926027955
30654,55.67301353414152
30655,50.314095057841314
30656,72.3381900890555
30657,74.0674249376838
30658,30.405581817645796
30659,81.15312080058393
30660,41.8233882143878
30661,74.42258072271169
30662,60.0811392418682
30663,25.339300940388355
30664,33.95543217237889
30665,73.02790520899609
30666,35.073901153350775
30667,45.917309632993394
30668,73.67949751414733
30669,63.71885176355153
30670,48.47033931927879
30671,42.46829804132304
30672,77.69565912608167
30673,67.89638247832781
30674,66.2436071691362
30675,63.33522687136743
30676,64.47388906676831
30677,75.21883933977665
30678,76.90000788676868
30679,81.62367540038495
30680,80.95693408037535
30681,75.86429302729229
30682,80.22133961250361
30683,37.59813136348029
30684,55.44311516620655
30685,49.11072591396979
30686,47.938635528117366
30687,73.41906830880393
30688,43.40870335594311
30689,43.414621509938144
30690,69.32866983344734
30691,69.21835386028529
30692,29.744832406194814
30693,66.68398661695531
30694,28.01460282138665
30695,42.53825946496788
30696,58.92624626554762
30697,42.419262058279884
30698,33.29250623309913
30699,52.04286346347361
30700,73.33127523326598
30701,30.970530018927178
30702,36.146002486848
30703,31.09378926083614
30704,41.21647137301605
30705,38.49319670319906
30706,34.003817229968035
30707,44.02751068055007
30708,46.62141182554685
30709,57.28136628642171
30710,35.53941314932077
30711,39.31192059098204
30712,38.682380070756835
30713,58.54924318080349
30714,39.97681787231029
30715,63.1281817136818
30716,19.754834834430074
30717,30.463599564336253
30718,26.138083881354596
30719,28.96550792160684
30720,31.21905080521002
30721,32.04834704227528
30722,32.98214028116464
30723,61.76397900380746
30724,54.32848194648713
30725,57.973145965924
30726,23.315668365908294
30727,25.672483492397404
30728,72.04315725578039
30729,58.016857361237456
30730,63.165133413760074
30731,29.25053736705372
30732,33.921997941122775
30733,30.282429299950188
30734,37.775468129101526
30735,36.17675645994857
30736,73.44309275360867
30737,34.03760187963629
30738,32.8129773615958
30739,31.66029186372617
30740,36.828733081395484
30741,32.72428471955204
30742,39.98447996628422
30743,29.42334760025486
30744,64.62735939889068
30745,44.29206764471452
30746,45.34630489628796
30747,33.71911342769384
30748,43.16632137940132
30749,46.69242795430317
30750,24.29254779637
30751,40.822747429136804
30752,23.226365922851315
30753,32.41184413391503
30754,26.884507796171004
30755,26.16361431597772
30756,28.34439736531432
30757,28.68655474076627
30758,44.689263490589255
30759,35.018129574301945
30760,10.589724593234571
30761,44.0048822154027
30762,25.225844056635832
30763,29.06510819295456
30764,33.476665622753636
30765,35.362597339551385
30766,36.16773047809437
30767,37.81534059377904
30768,43.150024598045185
30769,30.92817900602359
30770,32.69811733133157
30771,41.55421392107667
30772,43.27482454233215
30773,25.6093981747333
30774,22.864003018915998
30775,28.427940450238115
30776,43.250944227620174
30777,72.0254230694607
30778,40.128382853368116
30779,55.707622318209204
30780,36.622547004040115
30781,7.20293268073534
30782,33.261152173746936
30783,30.745931024931622
30784,51.78538939792687
30785,22.923320586645975
30786,49.141623246377144
30787,33.599762723233255
30788,47.60772849488355
30789,32.46957596286736
30790,55.02537290452744
30791,52.97778197652882
30792,55.77852239775957
30793,41.80648996851671
30794,74.2990494548485
30795,34.874149450278175
30796,36.96480782204483
30797,40.05789422918895
30798,21.488304313635872
30799,36.62138102910017
30800,38.765906717040544
30801,44.302498503152556
30802,41.98771535612118
30803,42.82704199020442
30804,41.087364954927814
30805,22.254940354918777
30806,34.6512780659611
30807,39.00141042194623
30808,31.800218923309835
30809,41.25279722711913
30810,32.088149344627915
30811,42.95354330265223
30812,33.9240601610116
30813,40.85523330525659
30814,32.99332928450569
30815,37.67808373891623
30816,30.368892473262708
30817,43.07384316088405
30818,31.922412471703602
30819,36.70405861764775
30820,32.85519058957075
30821,36.75691797107818
30822,36.51174543577835
30823,39.74917643166087
30824,42.15767446634626
30825,36.33302663043502
30826,77.26227448781117
30827,38.90146866115363
30828,40.78379821591032
30829,41.51852081867301
30830,40.3055373713034
30831,36.0713323388245
30832,28.141442854067076
30833,39.502341324433466
30834,36.02895215095451
30835,40.67092296996812
30836,39.24265939118465
30837,35.4587432481242
30838,25.039287020054516
30839,29.005469470727107
30840,28.620887953544116
30841,41.6464274417537
30842,33.15180189891674
30843,29.08998978931621
30844,79.23172123435143
30845,43.82670602218823
30846,46.672633827862384
30847,86.7908914992389
30848,32.45381189292394
30849,41.65709564338343
30850,47.27686343731324
30851,33.80437555961491
30852,3.0317716480644576
30853,21.305886441276577
30854,47.341965903529385
30855,43.65787793333359
30856,75.27471289046565
30857,35.14903881487233
30858,44.48030293827803
30859,22.98664467960059
30860,2.8744946408404735
30861,18.643537859360528
30862,75.3678150615118
30863,54.59642212059106
30864,30.24010273420767
30865,67.39389085144316
30866,55.47691025032161
30867,25.686513411719982
30868,41.782616099351316
30869,41.33176721594992
30870,69.55598865277817
30871,68.76446494795987
30872,65.79549274239753
30873,67.54579695250762
30874,48.753483297696405
30875,64.37841603149344
30876,60.07698513851062
30877,37.69661327429952
30878,15.731146562998063
30879,36.64537761783255
30880,28.191457953815313
30881,26.104982034868204
30882,32.57163631214574
30883,30.115631685179256
30884,31.391085388604946
30885,24.65926242611254
30886,22.408025137447382
30887,44.954755793929046
30888,27.003748761967103
30889,53.690175296627004
30890,29.48500210059112
30891,23.680010194443494
30892,16.684229400505068
30893,26.925921999513484
30894,20.005981185749263
30895,17.54566743123417
30896,18.876155659471433
30897,27.635132837303296
30898,28.688864350209386
30899,26.114356609339723
30900,32.02548452491909
30901,26.597539221891655
30902,43.06757759561022
30903,38.09034946357693
30904,27.065493439351417
30905,24.487355719812566
30906,25.105663418700647
30907,33.80230270100748
30908,33.34277018387695
30909,23.485081443392684
30910,32.14168067119309
30911,73.24563156756767
30912,25.02164162582372
30913,51.309090104071196
30914,32.67479035200803
30915,28.444588572464944
30916,80.14377599455877
30917,14.078494637683226
30918,12.473124322207363
30919,42.96956068034215
30920,29.36263130056584
30921,7.6402201247059285
30922,22.448900797494243
30923,10.334210923241509
30924,22.236594138092737
30925,69.29810895716187
30926,23.380326929236237
30927,72.2154910821765
30928,25.79293290840119
30929,75.42860737574263
30930,78.12860540642383
30931,34.31306554441203
30932,9.892045433998172
30933,20.925626643221587
30934,13.451250941585391
30935,44.12385020829924
30936,31.603329854819012
30937,55.275264098920104
30938,34.30208107595426
30939,64.81591864038269
30940,7.334435533665123
30941,5.165030811916456
30942,39.16298360215928
30943,19.195889979009127
30944,8.048531739103623
30945,25.973880276254963
30946,27.667096451292686
30947,7.638175691454562
30948,27.26366757126194
30949,26.997175681391848
30950,52.96986114677723
30951,39.589030516644
30952,29.392393546902372
30953,12.193830998170903
30954,32.22398638211639
30955,8.537995179254775
30956,57.94117441119145
30957,29.46181911765509
30958,13.31972601100153
30959,5.479798792646917
30960,35.59761868727619
30961,25.732216834969186
30962,31.694532293290965
30963,33.301963659733886
30964,72.18142095376268
30965,41.82332432635636
30966,32.08022393356633
30967,33.710293665016096
30968,36.687111504483845
30969,35.020028089862514
30970,36.788791133375284
30971,33.91982608751401
30972,61.025120919346975
30973,33.702430885783436
30974,46.9432784391959
30975,70.20084425496134
30976,49.66102940226264
30977,27.48150712156348
30978,49.72999817647019
30979,30.49079748641188
30980,70.14294002423894
30981,28.008958661194043
30982,32.121600030890626
30983,37.884376801716165
30984,48.483962971740716
30985,28.054904905971263
30986,32.88596614015463
30987,6.651103665108893
30988,67.18504088098946
30989,13.72591758006117
30990,30.762751394652984
30991,17.814760163774597
30992,10.502516202237443
30993,30.518290296897447
30994,30.97775468102905
30995,29.759897683464256
30996,5.703703472896401
30997,34.659558080048036
30998,48.51907372932651
30999,55.19511112415706
31000,35.661506539684204
31001,39.49597547703766
31002,31.739772962281837
31003,27.75026536705026
31004,34.899819504221234
31005,25.52214754317196
31006,21.552588341963865
31007,33.400906505915465
31008,62.028931726409816
31009,32.9293078813086
31010,33.22432885285593
31011,47.90743981769906
31012,26.89405620158808
31013,38.43367545982375
31014,2.1257892435377057
31015,42.893635727682856
31016,26.297167733419563
31017,29.9947276216536
31018,62.5583151730395
31019,26.977289714212805
31020,84.03246569311595
31021,26.818699721796214
31022,29.244603843252627
31023,37.39636674331847
31024,15.869218250879145
31025,19.315695554057022
31026,17.666088724172184
31027,16.24555307862682
31028,8.919944965961896
31029,19.56970565182109
31030,63.79162332696737
31031,11.67137374204846
31032,15.694778378838649
31033,13.193635750681386
31034,2.7835841043470793
31035,11.77280848418498
31036,11.541413419742408
31037,17.162221767236478
31038,10.123619860648216
31039,10.584744536570405
31040,0.0
31041,10.48976143752219
31042,15.294941709089937
31043,6.300685617102977
31044,39.31508758119054
31045,21.47802269621944
31046,17.37059769723546
31047,12.931591177707023
31048,24.14366979632815
31049,0.8968204717852563
31050,12.335817790955923
31051,7.120627943036069
31052,10.284315115830998
31053,15.124733047310917
31054,16.51951153566046
31055,9.474332785506784
31056,11.155046690718944
31057,6.766327564002563
31058,5.921106312925572
31059,15.031384368281872
31060,11.673070879735143
31061,15.999416737740399
31062,9.558308799687575
31063,21.459371696680318
31064,17.88504782913863
31065,16.00468090743349
31066,11.249853533603922
31067,15.80362695858514
31068,11.561822514696765
31069,6.72646349222835
31070,12.07922673399871
31071,10.773499472885335
31072,18.339941410439693
31073,8.265890814083301
31074,11.738018307976914
31075,6.6881980896338185
31076,11.481836985667112
31077,16.067809030397544
31078,19.0556194135878
31079,14.692317980903153
31080,21.388669166138804
31081,18.034427625205968
31082,16.416475771725736
31083,20.69057516908794
31084,2.5661533115076574
31085,15.134754817897988
31086,15.084900360669232
31087,9.562370970257462
31088,7.360562733645596
31089,11.197870743939056
31090,8.464546964421398
31091,10.8103829698059
31092,9.818272799311899
31093,15.835127909072634
31094,9.948070234552475
31095,2.245475002482899
31096,9.801127926571278
31097,14.319550647169756
31098,13.492495412441357
31099,18.259418881947276
31100,14.795268727938288
31101,15.630381456034165
31102,16.228065735168276
31103,19.74653818209796
31104,16.03007371820996
31105,10.609669927056537
31106,16.94801795536335
31107,12.48510704570451
31108,17.432766567048926
31109,17.142938537444635
31110,15.622932218998857
31111,15.921781750329801
31112,6.8047879433964935
31113,7.375393372629999
31114,17.694337238264783
31115,23.750870498028267
31116,24.440272403721735
31117,17.67181300731654
31118,17.03526699753797
31119,25.02287326514119
31120,15.440540030289798
31121,20.22584766802625
31122,6.253223143231138
31123,21.196371427690405
31124,18.806034626854718
31125,12.260765676617066
31126,23.04939366757949
31127,37.152366477762264
31128,32.356609617856876
31129,16.472190457579366
31130,23.133366380937943
31131,27.769086997144058
31132,33.10507167425841
31133,15.943442859008131
31134,27.37185288161061
31135,17.22333363021811
31136,29.256752924828184
31137,67.92754491921549
31138,11.584004051985628
31139,25.122928264931108
31140,12.740723675837867
31141,15.107761506507464
31142,33.3496183529835
31143,16.392814432891832
31144,31.753549282148338
31145,31.814471190536512
31146,11.816524813961856
31147,31.105595843905512
31148,16.21195672642212
31149,23.139298194848777
31150,8.621720281757527
31151,27.657649216129286
31152,9.910893041712374
31153,14.73653818990533
31154,16.871497286716647
31155,14.34099106466476
31156,10.876986695398251
31157,24.94773419444094
31158,23.3632939251042
31159,14.064129424548232
31160,9.94936384706163
31161,21.39753316303849
31162,23.442229010971964
31163,13.439715742453748
31164,16.71610432277543
31165,19.62675519371036
31166,21.672317124906932
31167,15.609406919929686
31168,11.658957871343778
31169,21.06741860180924
31170,20.86154294175986
31171,20.04148622565589
31172,10.235134542864989
31173,18.034140973448864
31174,8.291719369765383
31175,11.527675289130398
31176,13.912535337676339
31177,11.848364045981914
31178,21.134622020915504
31179,25.79093552933138
31180,26.20961266554079
31181,12.879346370767063
31182,12.17870891959941
31183,12.581498064508478
31184,11.553571010364793
31185,33.87104279040153
31186,15.863982760369892
31187,20.131019161630892
31188,18.10273257511715
31189,21.58465323785736
31190,26.72305486145096
31191,24.328429805440404
31192,19.07975900764553
31193,57.18077362523625
31194,13.468323279561407
31195,24.325062719590512
31196,13.760087103800554
31197,23.894710500473277
31198,14.669275277252156
31199,13.640820801934414
31200,22.848003559614057
31201,12.04602776682257
31202,15.787711953602665
31203,19.199715151676397
31204,18.518950630754706
31205,14.454416982808489
31206,24.766419084283932
31207,17.510346055187426
31208,17.74370790470246
31209,19.501976596469046
31210,32.80846618109142
31211,16.269031297618234
31212,10.457805983929576
31213,13.058116943035113
31214,8.08573979757699
31215,9.301115957518565
31216,30.323437163456322
31217,7.887960577979364
31218,15.339342386493065
31219,26.94230606095805
31220,47.65031831651436
31221,38.94022190073783
31222,42.99381059076617
31223,33.529111286545806
31224,37.9768403730876
31225,39.96739712508402
31226,34.003815801091875
31227,37.54801963006986
31228,43.745525295066706
31229,34.36927835747983
31230,37.17198501162634
31231,39.11988199861837
31232,28.738283740274085
31233,38.69745942632727
31234,56.12363111600432
31235,35.34947297734257
31236,36.109408294398854
31237,33.35699657260021
31238,35.19408049475549
31239,43.57255798975242
31240,41.537469772655506
31241,38.78393808463638
31242,32.420959151345286
31243,34.224755143723634
31244,31.695839461190012
31245,36.94000619467118
31246,38.36796797382753
31247,41.138921765410444
31248,37.40532368417639
31249,41.615365945384866
31250,37.176876672262196
31251,37.765756048238586
31252,38.2869224176878
31253,33.569136936696715
31254,38.22052763437707
31255,49.555040665923485
31256,32.518542582674534
31257,35.45856710031555
31258,41.31579297844961
31259,50.03593770413297
31260,35.240167990330406
31261,40.67719694205134
31262,45.30893296301355
31263,34.07559295075657
31264,44.03021491537821
31265,34.249648326240965
31266,65.28178466530187
31267,38.4878800519005
31268,39.92680354342723
31269,37.35960792742196
31270,34.7707145143835
31271,43.95372531030248
31272,31.98608274818229
31273,34.58590850117633
31274,33.222942316062635
31275,35.10452212361843
31276,31.59204448467991
31277,31.857557896221252
31278,32.613257113669704
31279,29.046622063605728
31280,34.748496882002705
31281,43.26086291245537
31282,46.07760115496234
31283,38.038652649800056
31284,40.747412716263334
31285,37.3693045289243
31286,49.294266158959154
31287,40.59773532227162
31288,44.64107910815575
31289,32.86362995808888
31290,26.837151000458704
31291,32.13738218858058
31292,34.77360442490371
31293,48.421415411696515
31294,35.155178052646335
31295,42.54387142251223
31296,33.47631643318045
31297,34.45995124552951
31298,35.81372254508326
31299,37.317067818733896
31300,29.127508981489314
31301,33.38479545690814
31302,31.88609798876341
31303,33.09007350096025
31304,27.47566532333597
31305,28.057909636664586
31306,32.326641715270824
31307,26.194385962691626
31308,23.006778761559715
31309,47.33202972437675
31310,24.97206588324521
31311,19.043473195060585
31312,35.89277998695552
31313,42.8597690387508
31314,36.790367562432756
31315,22.90770242457152
31316,45.03517996184433
31317,25.633689743351848
31318,36.43323402240205
31319,35.63502919288613
31320,47.83670264811954
31321,32.17928870599553
31322,34.630475352771526
31323,29.234279595388973
31324,26.08754026653083
31325,26.55166440066967
31326,31.8507197462146
31327,27.69861323735227
31328,19.11215584247874
31329,29.00262318791636
31330,28.951822443645664
31331,24.331251025515687
31332,29.253831005292824
31333,27.32334997056132
31334,20.74255804337047
31335,17.604582196117583
31336,42.83586551895202
31337,71.20578053524991
31338,22.572492432008996
31339,27.371115497814042
31340,28.90428209233633
31341,34.985259745079915
31342,31.713578129457627
31343,51.43626938097293
31344,32.98227227582076
31345,37.274583792167164
31346,68.82935832724955
31347,19.325553506714
31348,27.867411675425526
31349,28.657314169370665
31350,36.06080643247106
31351,46.105200187921795
31352,62.92021004621832
31353,27.4965538124557
31354,30.720417663519726
31355,17.69273209540894
31356,32.18818220832646
31357,41.045753604105165
31358,72.21713679208047
31359,25.63305424010158
31360,25.653337946516416
31361,30.413541410901956
31362,33.98628224939176
31363,31.185187432733493
31364,0.9377991717771207
31365,24.43865593217582
31366,26.461494615822243
31367,24.507806804096294
31368,25.862202845819365
31369,26.40625951573238
31370,37.72331897456723
31371,23.385526041745347
31372,24.426262755288988
31373,33.33015694116472
31374,19.358615287329478
31375,25.433283655836306
31376,25.63146020865332
31377,35.154278755766214
31378,36.75925282220068
31379,18.014638341259296
31380,26.22968572572622
31381,33.83110521373972
31382,29.11182990122346
31383,35.471407626840445
31384,33.54164328282104
31385,29.908686397801162
31386,24.190170412673133
31387,31.01012836478428
31388,66.07428703901584
31389,24.47339044390015
31390,83.2314452739858
31391,29.554081067285892
31392,24.95582912194087
31393,29.315058569983922
31394,28.226279452777817
31395,38.715963344843566
31396,38.38005229897027
31397,64.70512967787506
31398,17.833490917391796
31399,22.447756398973116
31400,25.669704365316033
31401,26.866477677165946
31402,22.4290719530484
31403,29.342931478360466
31404,75.11204093176259
31405,42.11800533031299
31406,13.745287322383968
31407,25.125791656569188
31408,55.019732613136256
31409,23.95811148050991
31410,27.166579365482963
31411,35.97195940047033
31412,26.08593839647867
31413,32.271827435717306
31414,14.822750678089676
31415,32.96507615019767
31416,36.735351990869276
31417,26.388469764101803
31418,17.03415825897846
31419,17.00045371360909
31420,17.044874866040598
31421,18.632804681581465
31422,12.43654301258282
31423,12.678037695871891
31424,17.588418539595683
31425,10.993044594327786
31426,21.05657803016889
31427,16.676411031702344
31428,18.342151516435525
31429,17.561896100561018
31430,30.423806812521214
31431,25.003203254222363
31432,24.579608759812803
31433,19.152421115128824
31434,9.693013138836141
31435,15.084494250599882
31436,18.383446257733734
31437,18.405006084787058
31438,18.102561207786238
31439,12.165313519101693
31440,21.133186500496393
31441,34.17965274617836
31442,13.364597744180946
31443,23.74306908856623
31444,19.907287884991494
31445,19.140024928052444
31446,12.12666789698279
31447,30.303217788552114
31448,25.402892518801785
31449,19.740783916533722
31450,18.127445721976567
31451,19.61862830187498
31452,20.508173614626894
31453,22.751877971691385
31454,17.907502436330383
31455,14.162509973185447
31456,17.18160678459413
31457,22.270709891297628
31458,17.59175180290762
31459,15.845754110397673
31460,14.69156172400309
31461,9.45319935854416
31462,10.000374008695738
31463,25.220348416034927
31464,20.318918595737554
31465,21.274077943020096
31466,29.58213451408373
31467,15.217943931189213
31468,15.773722426631442
31469,14.30908634207736
31470,14.221461258821952
31471,18.653467024329004
31472,11.565213445159806
31473,16.485041136824094
31474,12.64119885614168
31475,25.90178771414142
31476,22.717544242680198
31477,23.088956012390575
31478,18.438085239801698
31479,13.425558085653595
31480,25.11515258379023
31481,20.5845908452801
31482,25.852076510407596
31483,15.14796704978279
31484,20.0977398833361
31485,16.034025113743716
31486,23.079584100388345
31487,20.105583272197947
31488,23.07756874925675
31489,16.941333884909366
31490,14.724873441860229
31491,13.893200735433641
31492,18.154328252513483
31493,11.75981403143292
31494,8.533285223812584
31495,15.440107796872459
31496,17.648282760816222
31497,16.18373328360682
31498,16.58611902718626
31499,11.4305788243844
31500,14.276830111905326
31501,24.76216487592803
31502,13.29328683481107
31503,18.320879962606302
31504,29.544230853645313
31505,15.50675037720369
31506,18.17677240189603
31507,21.336730061550124
31508,12.366192002659208
31509,15.200946871167158
31510,16.184681739469326
31511,27.417578504363178
31512,21.463489146612783
31513,16.972067406127618
31514,25.83638326544129
31515,21.208557417489914
31516,50.61429255447936
31517,58.37670763378914
31518,47.847417636610274
31519,39.35048093642305
31520,47.17353458369195
31521,57.88553596736544
31522,51.7062212174818
31523,51.26096429679662
31524,33.68699786791534
31525,39.239871801099405
31526,66.0601172932626
31527,19.90328602406993
31528,45.8826612439193
31529,76.5297910938055
31530,29.158633676025424
31531,41.80381001937899
31532,24.92963139092933
31533,25.620994508837406
31534,46.90996295717949
31535,33.89459138014945
31536,25.82933747870379
31537,31.540327592091327
31538,22.826765924892925
31539,31.877968345814537
31540,33.572570206252486
31541,30.914086003831034
31542,29.616616125454964
31543,38.481101678735904
31544,32.16066638154321
31545,28.064609668646963
31546,39.55803694306726
31547,46.81175993394636
31548,30.004537368394807
31549,40.981297751611244
31550,20.045570183050717
31551,35.56084546998081
31552,17.32567049709855
31553,31.146121809563592
31554,29.852489439512183
31555,31.29451516203819
31556,34.32080197810116
31557,28.426650776260477
31558,32.93935453358074
31559,34.65400568457292
31560,26.683058207505933
31561,36.05436722107935
31562,20.115168894656833
31563,36.416651771830416
31564,24.972401369698805
31565,31.754609295260316
31566,38.98636031506773
31567,29.735226667837996
31568,20.5409890771781
31569,33.665142316827634
31570,36.194657390837264
31571,23.743313265991162
31572,26.326841645398762
31573,28.06486462430707
31574,20.650949711043584
31575,27.638381898552243
31576,27.433825338812973
31577,13.588385420384144
31578,22.322212456851286
31579,13.808025474369575
31580,41.04480426428425
31581,29.647057638599502
31582,27.168295086896244
31583,28.392686631505704
31584,42.649051832477646
31585,1.868686401149527
31586,23.34217055933472
31587,18.138351246570164
31588,17.91882636118743
31589,17.628894103411124
31590,21.430619878996342
31591,24.746619205894795
31592,22.07313153501687
31593,21.896355070667795
31594,27.989449219880985
31595,21.75372180743774
31596,17.119754087809287
31597,37.816823179446025
31598,19.64979501793867
31599,16.77635269882301
31600,24.36105197435835
31601,33.25109965863163
31602,29.74508548810955
31603,22.850618352778223
31604,27.423892247314743
31605,16.24429023672989
31606,28.434373658368784
31607,26.365489722080266
31608,7.256474527413495
31609,22.868894820771327
31610,19.72498018834261
31611,20.193200812461303
31612,18.29617762030853
31613,21.372657491326947
31614,21.837412211874906
31615,16.048099593798483
31616,40.262709430356715
31617,13.60613670668349
31618,8.105763941336335
31619,12.030797175926372
31620,26.294393474869757
31621,15.294422406919312
31622,17.202462754101056
31623,14.411389038101774
31624,15.951959427946754
31625,26.401291210994163
31626,20.927936014406338
31627,16.868776294149917
31628,13.52983068575238
31629,24.40889194600805
31630,23.693130332397406
31631,20.199393381132424
31632,18.913921682783734
31633,12.987780722415428
31634,18.54367435228782
31635,29.173258791788232
31636,17.785478332181224
31637,10.365916723882517
31638,22.79166867190662
31639,0.003062742449249407
31640,13.751876371777062
31641,11.620091265571265
31642,15.54071038841087
31643,15.669954886462431
31644,11.159863516249985
31645,17.931724815985138
31646,10.841099160314458
31647,17.137157389995988
31648,13.812013336877632
31649,20.64287487037602
31650,31.027486924801266
31651,16.819753181113153
31652,19.808034082331773
31653,21.196080085631788
31654,42.569130842003126
31655,15.919054504437003
31656,12.904601514533281
31657,32.284240051376095
31658,27.22689673353615
31659,13.560844032812232
31660,9.368284411557656
31661,17.79580348411128
31662,16.953055914932744
31663,16.567145515974413
31664,33.23571048286376
31665,16.579590896916656
31666,31.277645630242457
31667,17.973885790336368
31668,18.66722414475605
31669,12.584893851649706
31670,22.470714690031524
31671,14.874197975283312
31672,28.4993795598933
31673,12.036833952244102
31674,24.97114756100037
31675,25.517314717814298
31676,14.949549222877339
31677,13.563047820552887
31678,33.114432916442375
31679,23.751255369773787
31680,14.25419441176068
31681,10.337784679768964
31682,25.89143524574475
31683,30.92765893109492
31684,19.59560817801125
31685,17.184833297314878
31686,17.80079276316277
31687,21.08603695283277
31688,18.372303351915747
31689,35.85521730742198
31690,24.26480784202049
31691,32.0840856517525
31692,12.634703366522292
31693,19.86322135052719
31694,27.46828998319162
31695,25.592582362421783
31696,22.629033974079903
31697,24.632785372878043
31698,10.701732265927824
31699,33.7321823677525
31700,26.00012851278442
31701,21.069732787616633
31702,15.222746015871861
31703,22.127028080580633
31704,22.249679882299617
31705,14.530622793950634
31706,29.75285913843461
31707,13.445102366874623
31708,18.469106218405393
31709,15.95590356283698
31710,18.39083326903891
31711,36.14849322598706
31712,28.753530118607625
31713,21.59830794563387
31714,21.178094144728252
31715,20.322323324623945
31716,37.761275905011594
31717,25.73898205632064
31718,13.474250678857256
31719,20.132677832687598
31720,10.370698651746387
31721,8.690487846134879
31722,34.50911057920743
31723,54.18354718894984
31724,41.699639198066755
31725,26.89538233538033
31726,18.765884690211962
31727,39.37853989609961
31728,15.441900409533416
31729,15.842230049972535
31730,19.94364531385283
31731,11.016726731489035
31732,18.817951989122705
31733,23.967144343382767
31734,20.73520259950005
31735,58.570329100271394
31736,12.675617010841247
31737,20.142238469455197
31738,18.858586255304846
31739,4.143620388522596
31740,8.191662016090339
31741,1.6188336908621959
31742,17.9210428914172
31743,2.700445958985239
31744,16.09274676994683
31745,44.60630629938738
31746,27.659536145884257
31747,45.417557301312684
31748,22.572627068682817
31749,9.998212357127404
31750,20.00808357497702
31751,33.401943057296485
31752,34.27203179381198
31753,25.61863397853106
31754,19.31110240332135
31755,24.0512233598116
31756,38.53485733545929
31757,22.13414978531929
31758,20.71493108439521
31759,32.781876010824234
31760,22.06429284607084
31761,29.18555886297214
31762,33.00267108291735
31763,23.481269055465308
31764,27.710741265730068
31765,12.158541701585351
31766,19.96331242620432
31767,24.739333286849366
31768,15.40173697419712
31769,43.32189110001573
31770,39.00643242377992
31771,23.521462602640234
31772,16.494283265282565
31773,25.66750130317997
31774,26.415999329570106
31775,16.367708059494227
31776,17.990824312929185
31777,14.090514098317819
31778,12.918753207398664
31779,10.434038735338731
31780,12.623898792058151
31781,24.712759180630584
31782,21.893142806487866
31783,14.221285912207641
31784,16.848857335897737
31785,28.959107126586517
31786,26.280914093040245
31787,71.30972064062584
31788,18.952856019033263
31789,19.575817044341107
31790,41.19436935340842
31791,30.757117493107355
31792,24.018875248722697
31793,25.646972066836295
31794,33.082052600476196
31795,12.51464131419723
31796,25.0195710653876
31797,22.484062017139813
31798,22.998223618855096
31799,38.48791013615325
31800,21.357518508422388
31801,24.615442797190283
31802,44.555144130060874
31803,24.88643420322682
31804,25.29098491892549
31805,50.16101629340686
31806,20.63608069924951
31807,18.464114326961276
31808,24.377725439431295
31809,28.72682348477718
31810,21.748740071449383
31811,22.633876784011342
31812,25.542710344217973
31813,38.14439346091728
31814,14.280518334200114
31815,22.53567202538008
31816,17.446118072735317
31817,32.05755107506505
31818,26.701286099480864
31819,32.13975437220101
31820,21.558799470012115
31821,16.910548421898227
31822,19.315019029900025
31823,16.43916270560076
31824,17.598084652319784
31825,21.616778701846524
31826,6.349902306646805
31827,17.68134942695403
31828,15.720492442679271
31829,9.234774777718199
31830,17.30112524293858
31831,41.99496094010503
31832,29.729727049339214
31833,19.068527142273705
31834,9.39988009666623
31835,21.573122116159183
31836,26.548996279772023
31837,27.673911489538103
31838,12.824363134065441
31839,55.47691025032161
31840,56.11106916283957
31841,25.588383422779135
31842,20.43146178481418
31843,20.16809087535749
31844,21.63292064060458
31845,16.978308923716728
31846,28.80858943785813
31847,22.254873775196305
31848,16.06225433228066
31849,19.62687352489056
31850,37.99880208694291
31851,48.59653942682444
31852,17.536400637961744
31853,10.47743588583339
31854,9.886496447038098
31855,21.273571448577613
31856,27.00001632664577
31857,55.73771315641589
31858,23.520192588578354
31859,17.630141722346963
31860,27.255948330194016
31861,9.414900691246691
31862,18.882372188467446
31863,21.596677367678172
31864,22.611106853709067
31865,17.537201770837882
31866,9.896867284551389
31867,12.488557534404428
31868,17.086055031527575
31869,13.85618177279135
31870,13.772876781506273
31871,11.892157021910732
31872,13.444079032615463
31873,17.55635352503239
31874,30.497449189720523
31875,21.078229200004937
31876,31.838873141901736
31877,30.11274220501302
31878,15.10840193828225
31879,18.179205385667938
31880,12.878745249384046
31881,17.005403159812428
31882,16.704279295959637
31883,14.952825386211837
31884,18.63140883520986
31885,14.117373274514092
31886,16.79329584705655
31887,13.498758616134337
31888,14.646401131656372
31889,17.75515188906423
31890,10.005117052566385
31891,17.779787773545674
31892,17.125538190533383
31893,22.476517967708347
31894,16.02972021475414
31895,16.22508671461621
31896,12.236192052737385
31897,15.48374961044591
31898,11.740339798148948
31899,13.71214722705084
31900,15.994214466244715
31901,17.295544775171003
31902,19.25339265865118
31903,17.966019404720925
31904,17.952494939401276
31905,21.73049452028814
31906,20.194319353899672
31907,13.355253291695512
31908,13.377216963004265
31909,23.596573734677477
31910,9.467397837023443
31911,13.354614273407776
31912,14.729085730499305
31913,16.958454399151798
31914,11.513328337279669
31915,12.994449679815524
31916,14.248124638179931
31917,15.33558636417782
31918,13.590117068263543
31919,12.843526402236071
31920,11.548634329840478
31921,17.37282330748118
31922,12.539831009659144
31923,12.888852410684356
31924,18.31973860760174
31925,17.610588052670902
31926,19.147959499522855
31927,20.269983145214937
31928,16.852321381084284
31929,10.1407063121821
31930,18.687316471232386
31931,13.855612347404064
31932,15.910665086771042
31933,15.452716916881302
31934,14.911226836095436
31935,16.348621748147394
31936,11.14295332815936
31937,15.187130469619333
31938,12.551846724095517
31939,11.523035786597193
31940,11.744948423496346
31941,11.625425801415334
31942,13.665370768542324
31943,15.930669220567777
31944,20.274757646317696
31945,29.988408499722023
31946,17.772270254396126
31947,15.520809914343486
31948,15.616952354666727
31949,13.087238892776519
31950,18.71595643287759
31951,16.97961760674162
31952,21.826409980131146
31953,10.084918125100769
31954,15.398540056947853
31955,17.926215706339622
31956,11.751264641933945
31957,18.500857224678292
31958,25.379035668486413
31959,15.986039492335111
31960,27.15273254489621
31961,18.830830178130515
31962,18.87507949277577
31963,15.373014623159323
31964,20.34184251684316
31965,18.912536851504125
31966,21.423462938068678
31967,55.46419293354064
31968,41.88132727216374
31969,38.483787819334076
31970,22.361553744031408
31971,30.551569329584677
31972,42.07140850307239
31973,29.60919194172527
31974,18.400903516113658
31975,36.69090626135527
31976,40.63734679131632
31977,18.330526542310658
31978,19.81863923956872
31979,19.7012008496535
31980,23.022827212382065
31981,25.6498003383768
31982,41.474572151419736
31983,46.97315579299676
31984,20.911936566983993
31985,18.355194791721118
31986,17.867844288633485
31987,21.13097966016734
31988,20.13566260272086
31989,23.594149801805415
31990,22.05953373326683
31991,21.09073291734754
31992,21.036186260397447
31993,22.57274225227209
31994,26.549975521419945
31995,22.602994670026153
31996,17.030980487134645
31997,24.517370856390347
31998,25.848153359557454
31999,22.69212871312126
32000,20.29014630148129
32001,17.19929473529262
32002,18.778528921316163
32003,22.451303760124397
32004,20.896291094053737
32005,18.059160346258462
32006,21.413028944829517
32007,24.090102451855092
32008,17.93523552167338
32009,20.885952974315558
32010,23.256179496941954
32011,27.91875195172382
32012,19.66559374727934
32013,28.070023834307634
32014,21.478931703106618
32015,26.113616508962803
32016,17.339642285440757
32017,22.67305515879229
32018,24.12301085100384
32019,26.933635017060215
32020,26.55656812654994
32021,22.23250302165744
32022,23.55755735937893
32023,22.370188587389425
32024,25.89503505419583
32025,16.808956240754423
32026,30.315354831654094
32027,26.79336645165365
32028,18.700145503560794
32029,23.036980342115896
32030,22.3275278893856
32031,24.04649461868214
32032,28.84058563831273
32033,25.690365196233415
32034,23.414644203631582
32035,23.11234364953504
32036,18.647473822248045
32037,20.510093200092648
32038,26.059555944134402
32039,24.891016210322533
32040,26.339586584522884
32041,21.234518147081623
32042,18.176202489826167
32043,33.77646148006106
32044,30.148774619554437
32045,30.10474426530914
32046,28.450440558205628
32047,18.632795468060717
32048,29.43180492964491
32049,30.232362353204838
32050,28.020577657332968
32051,24.116091272417382
32052,23.470649932945914
32053,22.776942200245404
32054,33.66004721200075
32055,37.706098575056714
32056,33.946246833230944
32057,28.01646310722482
32058,26.78548598720417
32059,32.5188244904457
32060,26.69964625360857
32061,32.21771644359965
32062,30.623875855637888
32063,51.59103357285634
32064,78.20666151645453
32065,35.64103916467352
32066,40.030513408590636
32067,34.615229954575234
32068,73.46130042613035
32069,35.664713825473505
32070,32.1677812274702
32071,44.42847312513321
32072,39.86234021513372
32073,75.17059172457817
32074,39.90658587948688
32075,49.60272612623228
32076,38.58246816452065
32077,45.48241468384883
32078,48.821025866880184
32079,35.99150830577389
32080,52.36653295280753
32081,47.520375256091604
32082,31.3824826765459
32083,51.12514080505728
32084,42.33948639290787
32085,37.73762493861292
32086,40.06138540989466
32087,42.024302734152904
32088,41.551957877343845
32089,47.50918771836351
32090,36.838424221804175
32091,40.262930194307934
32092,48.41911216987123
32093,37.407191290625185
32094,39.241223735571914
32095,38.54659996570389
32096,38.92357811591051
32097,39.07637561985354
32098,37.816625540673606
32099,35.774091946752804
32100,41.50285776700187
32101,39.29542461018765
32102,43.22548354516983
32103,42.663685470692265
32104,33.62426507972215
32105,34.176278186360996
32106,35.63551581484721
32107,38.528587666329024
32108,44.08781240308217
32109,46.904231386358404
32110,46.18368032741181
32111,34.37212743591609
32112,40.95928318853899
32113,35.58970246435661
32114,41.060969149259805
32115,44.37058889945417
32116,59.226765357397504
32117,44.754538974152545
32118,67.40425184043416
32119,32.838021458678796
32120,33.178255315354896
32121,35.59364995079914
32122,32.49849840537609
32123,19.058514425771943
32124,32.877043645396995
32125,29.646255662101616
32126,38.886574355560484
32127,32.9326275073734
32128,29.07438083129303
32129,66.9315369163483
32130,30.719367072135203
32131,32.299353318057484
32132,22.408930642559323
32133,30.715595212057547
32134,36.62976837075017
32135,45.72586260485297
32136,36.96568220573351
32137,29.843746836528766
32138,24.59167045694984
32139,26.906590637061154
32140,34.85076339438392
32141,30.340450403348935
32142,33.939792707800805
32143,44.720258130111496
32144,28.152750538644373
32145,40.02443983705186
32146,34.425651948711725
32147,23.747950047713356
32148,35.88779893025198
32149,22.309918638527247
32150,36.95750199009652
32151,66.1625418161529
32152,37.99969524485761
32153,24.295949701835188
32154,27.328159234410013
32155,28.26130158679354
32156,32.199771149048836
32157,33.818283433603554
32158,29.91223972094544
32159,36.85757367869173
32160,32.425900524507256
32161,17.58458994404002
32162,33.88826823128508
32163,28.249127907464455
32164,35.06624840533928
32165,25.850020257623147
32166,41.29882206916444
32167,38.00258266477637
32168,32.57670671492682
32169,37.7027364786122
32170,30.245261258988727
32171,27.23418363992106
32172,23.71314881423585
32173,36.60616684953664
32174,25.87483557883741
32175,37.31667886799971
32176,40.82872454484777
32177,31.39592838768697
32178,27.76847541021831
32179,30.170473732613164
32180,45.17459163812986
32181,40.98839522255944
32182,36.181501898201454
32183,33.59558069567591
32184,38.05622597629332
32185,32.27077774703307
32186,40.447550214937436
32187,34.63770544774269
32188,37.697389016790225
32189,37.237966445137346
32190,40.40441542945453
32191,41.59065273702042
32192,36.20830900757868
32193,40.38872011092341
32194,28.122106335632143
32195,48.30727504048591
32196,41.66114891137954
32197,36.69937659314472
32198,46.047303020256386
32199,37.62500795616524
32200,29.978063843969075
32201,37.62348969208465
32202,41.23255845242319
32203,42.553357134676936
32204,29.701199165403168
32205,43.88431147224796
32206,40.361958329242114
32207,56.59340805144516
32208,33.259934382621275
32209,37.83122495005504
32210,43.58854329918301
32211,43.21999538817158
32212,32.56777270215456
32213,38.79786125790957
32214,36.70109264119344
32215,39.126379288593846
32216,52.15549073919392
32217,32.78440309084033
32218,40.30185624407407
32219,40.95581066024862
32220,43.95990572620536
32221,44.29173450213888
32222,43.81465586613328
32223,34.576817105159776
32224,37.9325986339954
32225,37.716526001847086
32226,41.811705357528204
32227,31.370716224909717
32228,24.53791374348497
32229,30.0228184284481
32230,24.863768240604298
32231,20.71546093440608
32232,17.5174320848728
32233,31.10515551202076
32234,23.129352649878747
32235,14.099478290046694
32236,33.98269919182664
32237,18.13814356985617
32238,25.878123263999825
32239,25.591625364283654
32240,25.89683877178307
32241,22.08054514689234
32242,28.529749463636453
32243,22.87314279653718
32244,19.34755644879736
32245,28.24373310946887
32246,22.84868501655145
32247,12.273614689497656
32248,25.021601783930038
32249,30.591023565017256
32250,24.954782385276122
32251,24.833084428998642
32252,14.719745314547158
32253,32.885217097190605
32254,8.900971667444303
32255,29.510361334638933
32256,18.156691125647612
32257,64.54588479336215
32258,34.605696542110664
32259,25.216048241121523
32260,15.545978661745554
32261,12.370401382131265
32262,23.366610537102588
32263,30.13920970281248
32264,34.2263289256433
32265,20.125212209079056
32266,21.7422706359358
32267,15.05487254709792
32268,17.988847459342225
32269,31.16064703647314
32270,23.039731446916612
32271,6.434580578277855
32272,31.06423061423322
32273,40.02924810607314
32274,25.300884733183587
32275,30.635648101061044
32276,19.405574598253523
32277,15.573397858148109
32278,21.63872389324656
32279,28.01887370003401
32280,24.921772460182922
32281,22.538227630378366
32282,27.80865498916379
32283,30.929076598833397
32284,18.088320439910095
32285,24.51779831794822
32286,19.944292596950447
32287,1.9007142988124308
32288,25.10903090638072
32289,35.00443663740842
32290,28.196932028105255
32291,23.476624999067926
32292,24.904954967974565
32293,70.44192510475797
32294,41.149104834149036
32295,31.541863846677305
32296,22.307247305337707
32297,29.090130967313815
32298,6.450663623579821
32299,16.892023538779345
32300,18.934524137771227
32301,24.057143793405626
32302,41.78456364041271
32303,36.10439619009728
32304,19.587235863893063
32305,31.312768521483374
32306,30.103799750560142
32307,29.377012786382508
32308,28.293672945445895
32309,27.693365932233935
32310,24.197842058046916
32311,3.6624909425217855
32312,21.666753015020337
32313,11.696005767447483
32314,23.342938496382363
32315,65.39591076484548
32316,25.563490387023876
32317,33.48742656973405
32318,17.90837839347386
32319,23.984659441063318
32320,17.288178051614857
32321,24.890299464566702
32322,21.36740747215615
32323,22.559138027853777
32324,23.924194818216712
32325,20.06210223326279
32326,12.111541560029439
32327,12.036411604202423
32328,18.80443221354239
32329,14.353398816685223
32330,8.128721535429195
32331,21.573181128944938
32332,15.21498179676711
32333,11.581595171566102
32334,14.354755957013294
32335,9.890049590882661
32336,9.643456583072444
32337,8.282735619618112
32338,10.754227232917723
32339,8.421624327768173
32340,11.408001651208274
32341,15.687802066987738
32342,14.464348502090326
32343,21.045015304721012
32344,10.04195493751035
32345,12.353347266499743
32346,20.425590825261995
32347,15.770381915567627
32348,15.190655354068356
32349,12.739052355038975
32350,17.74571049336882
32351,14.867392497010623
32352,13.831460262411975
32353,15.427927418227627
32354,14.374188187662511
32355,16.724823718729194
32356,8.273876646356813
32357,14.921478690084694
32358,8.974147867426172
32359,14.41465847148075
32360,18.052122742772784
32361,11.350838293252396
32362,22.864159366251634
32363,13.299008578595265
32364,11.07370726770404
32365,13.34701189196759
32366,6.904124389985274
32367,10.96047864375254
32368,17.147677785550723
32369,11.072600977434371
32370,9.515096998528083
32371,18.849044970744846
32372,15.423863093949928
32373,9.197637518114508
32374,15.805598411810553
32375,11.592339728750945
32376,13.143634476619127
32377,31.589570318720014
32378,19.456788379319445
32379,15.545931811649375
32380,24.3908216835946
32381,15.84764063165486
32382,19.41419236341785
32383,24.69199765337731
32384,8.937471091814999
32385,17.012781710179063
32386,16.466850907002005
32387,20.0539563097621
32388,21.987441146011985
32389,18.823380192542135
32390,14.671084756119608
32391,14.223621127140683
32392,16.53569103680575
32393,10.075378626137764
32394,14.058302793316404
32395,5.62275259535473
32396,8.133596743906935
32397,6.088588797261887
32398,17.852737836523794
32399,6.243170735619483
32400,15.027638374777728
32401,15.673274295476109
32402,16.66175175553325
32403,10.868114651320123
32404,19.072340705896643
32405,15.805253357980211
32406,7.690111035940961
32407,10.371684249407956
32408,5.8902868829358095
32409,70.7849994231212
32410,35.79492073981007
32411,54.82952614491368
32412,15.334584279786428
32413,48.01500913965066
32414,45.700721261707976
32415,59.80674110458609
32416,57.01433064721216
32417,51.07596640941089
32418,39.30113811819578
32419,35.587729824413266
32420,37.18933212875509
32421,49.76901357461479
32422,35.76596615691412
32423,76.79307293133976
32424,75.82148835037657
32425,35.60994879538795
32426,24.4243036199089
32427,33.916098853347016
32428,37.984577323147526
32429,27.56482059937274
32430,44.73235371409514
32431,34.64893120707967
32432,49.62551890134017
32433,39.47008426230718
32434,27.42539455496746
32435,40.58705463037995
32436,35.04013568099556
32437,33.600809229643296
32438,45.72266717167833
32439,48.70196773088766
32440,48.174099386840226
32441,38.91005038964929
32442,46.33069171594411
32443,62.310993936469515
32444,38.11820040023421
32445,33.160256913299925
32446,31.687121505102283
32447,35.787063226557024
32448,37.08789473539693
32449,42.27837671058618
32450,41.26759537999077
32451,44.34499292623863
32452,38.009511729403776
32453,50.0612512642949
32454,50.82145104282251
32455,47.26143662598248
32456,38.274537522193825
32457,43.807130716306915
32458,35.79563105455406
32459,55.32992547552291
32460,59.252278064279224
32461,82.65548264634245
32462,47.478988469258624
32463,37.21635073968312
32464,32.82897798315394
32465,48.49787347169764
32466,37.03707564822562
32467,39.53972970727021
32468,32.102338552353864
32469,42.93443748417434
32470,50.508347902941004
32471,35.24428142986331
32472,34.86208469253495
32473,36.24832457253094
32474,40.412714308158876
32475,47.16826374632528
32476,31.09551825404258
32477,36.04034512398604
32478,42.1883865340836
32479,23.52744848361098
32480,27.681133092266666
32481,35.15191716472278
32482,38.1050218487622
32483,22.613661073434102
32484,18.861541361380993
32485,50.20642517325854
32486,23.507953992011203
32487,56.41113220379646
32488,53.86595615967641
32489,33.208857717460674
32490,23.692781275410386
32491,28.752814921633625
32492,32.71987385546881
32493,31.350132126337567
32494,31.00379260979826
32495,26.212274326574672
32496,27.940931728555924
32497,25.942632923084645
32498,23.81955858115407
32499,26.437252846876632
32500,32.003825593091236
32501,34.49683702388059
32502,27.065523778193647
32503,69.67998606506148
32504,64.34581427540553
32505,44.16967394673939
32506,33.18216810012724
32507,56.15511978708119
32508,39.53200759887654
32509,40.23815905897038
32510,38.74441324843614
32511,39.87892591384216
32512,31.276092874254147
32513,44.49946536790031
32514,34.88633709621312
32515,38.65232296149781
32516,36.472792745904044
32517,37.76109805117361
32518,47.47401830763245
32519,48.09955250983243
32520,68.08751432450987
32521,39.99787793890271
32522,53.2034215247876
32523,29.763371300669192
32524,32.6039308588809
32525,37.00066390022365
32526,43.72974781945984
32527,39.19352333945575
32528,37.7151134448167
32529,67.77717251168423
32530,75.79113313195985
32531,3.6140577761404655
32532,1.5431177751450336
32533,0.3537074384188107
32534,39.373877931950666
32535,31.27780893761209
32536,35.82255622503898
32537,27.072554126996803
32538,21.013334140806716
32539,39.57903694470375
32540,32.776136981608516
32541,35.71367084941727
32542,33.74116967651271
32543,1.6050611841669622
32544,39.204593114514424
32545,66.38731155926601
32546,32.61820607157466
32547,32.61617629936388
32548,23.873388455425815
32549,36.97818089568156
32550,23.342604875548066
32551,29.195342843966458
32552,6.870071558798959
32553,40.2651267001272
32554,28.901855712825153
32555,29.64668568058502
32556,43.75540191053981
32557,4.559620793065763
32558,41.12785122037882
32559,38.4578412310014
32560,1.2148467398354656
32561,29.637752893732067
32562,40.3862864485281
32563,42.110778333372785
32564,25.00062991747603
32565,20.885637498196832
32566,36.01882332966013
32567,45.27214690241794
32568,32.263790747153145
32569,37.531639085011186
32570,52.443928027735105
32571,37.34864156623452
32572,38.064346825250965
32573,2.3748793793783762
32574,43.61843397547818
32575,27.231494763921994
32576,43.535094037407724
32577,41.41943016446669
32578,26.97689378212422
32579,51.47220888187589
32580,35.42843236789004
32581,36.37083569418161
32582,14.432662495307545
32583,14.028593965842374
32584,24.20758026279218
32585,19.220284585833504
32586,19.64138922324583
32587,0.16452379749449633
32588,21.125806316194033
32589,10.69598661495025
32590,1.0856048097080022
32591,8.640388150825956
32592,21.323509046678943
32593,10.286483036500181
32594,14.908206385741416
32595,6.08692229704585
32596,14.38826922463733
32597,16.2495819526563
32598,22.14971881046932
32599,20.287797639738322
32600,21.027509180577628
32601,20.529126851776972
32602,22.606941709105314
32603,13.62450358036083
32604,7.203764607073069
32605,4.980011728235372
32606,2.3781467416610718
32607,18.80449843791252
32608,7.068622753168708
32609,6.606879898693085
32610,17.39955225633951
32611,15.493158787215942
32612,17.300497254577806
32613,13.908686907044707
32614,8.284744428005883
32615,7.094038262137721
32616,2.6101957827722946
32617,17.492871707797875
32618,4.758678913148028
32619,17.370571461985843
32620,6.55490314116233
32621,2.6810166225281424
32622,0.16140925889936586
32623,5.9596033308428025
32624,0.3184226369126382
32625,10.572252502170416
32626,5.226365202392255
32627,7.051621900766843
32628,10.966490552685556
32629,3.201298079562198
32630,13.140031867512734
32631,6.936783677630436
32632,22.50090036452036
32633,23.153468743514566
32634,14.109258668188026
32635,3.573118159237049
32636,14.72944358212901
32637,13.538241619319317
32638,20.679859806561197
32639,4.65104678420029
32640,8.958085927751412
32641,12.73887929907829
32642,23.778644661853203
32643,11.538462448371197
32644,5.438797832858069
32645,1.0600614779313493
32646,21.99513996296703
32647,7.356936343234995
32648,2.8042228314868165
32649,14.807436715824224
32650,12.286161523743088
32651,0.24052956784143312
32652,24.349737539648217
32653,30.82443391148524
32654,15.776800622025647
32655,18.228552842360585
32656,16.19726784614476
32657,4.344570134268266
32658,11.356865927652617
32659,11.922073688902111
32660,11.357721279855424
32661,10.230964838436755
32662,15.93273187029589
32663,19.82807100393043
32664,4.346130029075472
32665,15.931928937808037
32666,27.622968962073788
32667,11.576819713725595
32668,15.537855921397187
32669,8.676600175901651
32670,22.381710466813356
32671,4.070636737678793
32672,12.879484612063173
32673,11.90621646109641
32674,33.15748697740314
32675,33.618995417415796
32676,35.2854960634169
32677,34.190682504116076
32678,33.667544721083495
32679,19.043383750770857
32680,30.741223474276254
32681,33.90992966696622
32682,37.56573729240784
32683,47.39816174148426
32684,36.030269508188496
32685,32.335134504033455
32686,33.821920667851664
32687,41.92323980651779
32688,37.543948038805254
32689,31.393593819443737
32690,36.12865256609779
32691,30.77680843820592
32692,41.150139262876856
32693,35.94965451369006
32694,35.76295312904427
32695,33.970250437562306
32696,41.4646252521716
32697,41.24882183512128
32698,33.61977050719074
32699,38.98778923076978
32700,43.30360020955676
32701,40.50470753632424
32702,33.42096422737916
32703,32.96239972536397
32704,37.06258169467447
32705,37.60278496512242
32706,34.58943148444376
32707,46.05046976982887
32708,44.04329610611246
32709,36.48836160914835
32710,38.37073889818983
32711,39.50100522828124
32712,46.29806151975338
32713,44.74126832990679
32714,42.27198347104515
32715,42.9535741540367
32716,35.56824709893095
32717,40.82773935564552
32718,39.967625559097755
32719,43.937773162895446
32720,31.919293757632193
32721,45.50767366489189
32722,42.71936150518413
32723,38.93707729954986
32724,27.653664857044916
32725,41.39964000950353
32726,35.77100392858078
32727,36.98352557151768
32728,32.21360159016099
32729,34.445299010798955
32730,33.847031373716874
32731,16.097776583115586
32732,35.112899735276876
32733,32.147763202435776
32734,53.485269155056685
32735,37.67917345646517
32736,30.44038470275292
32737,25.531614065445112
32738,31.964923565842327
32739,22.803224502820107
32740,22.17599130550108
32741,42.92136895443264
32742,36.54936498121999
32743,48.56628171363102
32744,37.86183426592529
32745,39.17955582342148
32746,41.17823895217316
32747,39.655404572230104
32748,33.5071209412082
32749,38.20758507114001
32750,47.38326712847754
32751,34.22066175627968
32752,33.562989559143
32753,32.03563893863366
32754,22.45968918684653
32755,40.69415519904604
32756,22.294037099742784
32757,23.568684362487534
32758,45.287402998462234
32759,60.9712285702402
32760,24.952992529401534
32761,23.042561666630665
32762,12.789230321156715
32763,12.342369803070595
32764,24.92881544744082
32765,15.321516822704703
32766,32.17347131422982
32767,35.03339950449514
32768,16.030322925630973
32769,22.817293245572593
32770,21.622687037959913
32771,18.46175840176133
32772,18.85148829526383
32773,43.727644993323494
32774,22.044879211600346
32775,23.519104884351627
32776,21.535663638999292
32777,18.67055742859458
32778,25.120594494076908
32779,22.061925020673637
32780,34.54706815610962
32781,21.328132847940626
32782,15.510074778581494
32783,50.663835842204854
32784,11.268301753884103
32785,26.265339998650415
32786,28.81993908081722
32787,26.434139202274032
32788,24.995336468537158
32789,21.319827713925413
32790,26.89080241329281
32791,22.641282935689745
32792,17.866908329485106
32793,25.502657838329657
32794,21.233960821422745
32795,16.527635262289387
32796,17.594635174326005
32797,9.81368180445318
32798,65.82798452502611
32799,18.78001396812398
32800,14.879880134981219
32801,10.076247352831428
32802,39.34588581643682
32803,18.265060879086633
32804,0.5694337381806213
32805,11.863879046121067
32806,21.01540632207374
32807,17.31570174384244
32808,49.47451311463712
32809,19.614459904603365
32810,11.49117432702039
32811,19.207366160307757
32812,26.90751084821417
32813,22.943348486973008
32814,17.926191344618925
32815,20.015029462240427
32816,13.773391966019478
32817,14.341485520297637
32818,21.911790553730906
32819,14.75906734403163
32820,21.001147977870687
32821,19.222508611092845
32822,21.418054480984893
32823,16.857059574575462
32824,38.04788780576777
32825,12.130579573485239
32826,21.29982697193379
32827,17.65908718924821
32828,17.794413360996433
32829,17.596106492080395
32830,20.173973160981905
32831,11.061448416739715
32832,10.120994687428249
