ID,track_popularity
26266,25.41190444604244
26267,27.05919406470839
26268,27.082134034180154
26269,26.219090357957107
26270,49.381880715598314
26271,48.796312423651585
26272,47.965906631715086
26273,51.2852402210191
26274,51.4455196455005
26275,32.193061688416215
26276,34.42533973582395
26277,35.09576698514213
26278,41.428260608477956
26279,38.25459529930996
26280,21.44771309795218
26281,20.447529185029264
26282,22.231810413761195
26283,26.769138197788713
26284,22.045091159982142
26285,22.971001360061248
26286,21.94886320917493
26287,24.502073789005397
26288,21.378622374027902
26289,20.081017864496143
26290,23.072948878416145
26291,23.725765797297427
26292,29.7583049318343
26293,25.208079675863058
26294,32.183871723492324
26295,22.888374732736697
26296,19.789958360160394
26297,22.99002209096836
26298,26.18853407618572
26299,36.09232365259565
26300,31.31508329825243
26301,29.98054023055993
26302,27.52421588256401
26303,30.517939353199466
26304,33.198637303778796
26305,28.81516054934582
26306,31.206982813266798
26307,24.982192175458454
26308,22.907758433270114
26309,30.898999897564757
26310,28.135487808857512
26311,34.219560635996025
26312,29.9271737846602
26313,28.23843422468366
26314,33.77170023094468
26315,33.38399275375201
26316,32.56716880397938
26317,30.847229129642976
26318,0.0022442088123144147
26319,27.529986620783927
26320,22.851424287746443
26321,25.499269729845363
26322,24.3813687924548
26323,20.292812837424005
26324,28.794913136443878
26325,25.20542153703455
26326,25.640882864588168
26327,31.28175296140268
26328,25.455951063657366
26329,20.000088716479137
26330,20.308998887562726
26331,23.574958758598765
26332,15.714643496221244
26333,16.2159538183943
26334,18.12472050874674
26335,31.114542210389274
26336,36.057156842511084
26337,29.249201924669336
26338,29.81335857256722
26339,22.310344650173395
26340,24.20690206664563
26341,24.298589742075496
26342,15.52098717674728
26343,23.969934163193567
26344,19.085528367661496
26345,18.83706332959526
26346,19.33781530622973
26347,16.96745827276101
26348,16.305481846656694
26349,18.08109220450083
26350,30.93755095673674
26351,29.024930435100835
26352,24.325580678136706
26353,16.06888266575055
26354,19.509153819829216
26355,26.10499598091102
26356,19.889650186578617
26357,27.67551909355386
26358,28.454810548479276
26359,33.17463159227433
26360,15.994812524716972
26361,21.859034214625893
26362,31.094210783379484
26363,41.00561157609395
26364,39.699781775626036
26365,38.66946646527206
26366,46.10753748070559
26367,64.74219501768445
26368,27.377162840189758
26369,31.533202904353136
26370,43.92031676174045
26371,43.219623761568144
26372,18.716428763331287
26373,35.82515177694934
26374,34.674108595543395
26375,39.24712099650919
26376,35.34075541308215
26377,44.53092195340054
26378,36.16681898912248
26379,40.20299752414067
26380,19.94760170696135
26381,41.724788087920054
26382,19.464359130308708
26383,18.3719279984458
26384,57.02079747067878
26385,22.191565964856864
26386,28.382640559176544
26387,31.653869995474057
26388,31.79590715986432
26389,52.30776494021475
26390,30.908700646356955
26391,57.498918241570024
26392,18.525280076230544
26393,23.10936474044886
26394,20.808508297137926
26395,37.79665779068125
26396,31.63263490364447
26397,32.7026727504207
26398,31.49807780396867
26399,32.079490260661615
26400,23.55091662496917
26401,19.730221379805688
26402,25.635006185124904
26403,20.992876602329744
26404,41.37856825085199
26405,53.93355121895762
26406,55.82116273130445
26407,18.781725872136256
26408,24.58514166475769
26409,27.066314704622773
26410,28.78559443070475
26411,24.94972845386873
26412,35.11393627033507
26413,24.25478348129128
26414,41.29272175535657
26415,21.032887481604586
26416,28.57402924161046
26417,33.05889553187428
26418,34.994182170355025
26419,65.47784571391131
26420,40.020672630094154
26421,29.25360808833727
26422,29.968646310856716
26423,37.1859978197694
26424,23.709841838150833
26425,28.288840842768334
26426,28.32383312932883
26427,27.444260908447973
26428,28.80784437037827
26429,37.10556616147569
26430,61.40864135713726
26431,63.95662259235769
26432,31.833359998519057
26433,25.25788109804851
26434,29.269125113570322
26435,32.73001297673143
26436,30.77733847327042
26437,30.906058184003435
26438,39.53699902842934
26439,14.062789682048033
26440,20.47710555860163
26441,34.0189393177157
26442,35.615840478718994
26443,30.512234034072858
26444,36.5434709367202
26445,65.38353231404645
26446,55.76675638965332
26447,17.427279902458203
26448,31.2729332826534
26449,60.73436104059438
26450,67.20285902458666
26451,20.804094107506224
26452,23.86133510902834
26453,24.61392066410227
26454,28.757312357459217
26455,24.650278736424774
26456,21.69019617711283
26457,22.65014048520861
26458,18.383952970661248
26459,20.165166281775576
26460,25.333402950865803
26461,21.89129622744695
26462,15.832518346693096
26463,17.311428586609868
26464,15.79363401263395
26465,21.043282284874792
26466,19.975270214714634
26467,22.842574660313318
26468,23.096608642838866
26469,25.286010482426008
26470,23.34993177089377
26471,27.199594551385786
26472,20.637752144069257
26473,24.185473004854824
26474,16.3251968313492
26475,18.25838039598998
26476,22.713494679586578
26477,20.395183644384684
26478,24.47362739041715
26479,23.511325775675257
26480,21.78782219763043
26481,29.769938294892352
26482,20.105509735560258
26483,26.113842438693492
26484,23.545237242319576
26485,27.164005251143546
26486,20.7831700612139
26487,25.77891259911519
26488,25.251564951211183
26489,26.40130316649253
26490,22.652917507797174
26491,24.053295830067455
26492,20.23213799296637
26493,20.462151860097826
26494,19.972096925296913
26495,24.706352901883445
26496,21.77982952684716
26497,23.629920206307673
26498,26.54493396331394
26499,22.30622232642477
26500,22.440298315410015
26501,26.02062016374096
26502,23.326728894179976
26503,23.05913420464415
26504,19.36867552424988
26505,21.912180184185992
26506,22.61866152522483
26507,19.041979200763738
26508,19.52743976967569
26509,21.856949672124664
26510,25.89919309666816
26511,18.835718488979765
26512,29.839796297270208
26513,17.763329475990396
26514,20.68788549808352
26515,18.153833137021046
26516,24.81316616001879
26517,22.10434820204437
26518,25.489553275900423
26519,16.434298921487283
26520,22.753189959963265
26521,21.7720975154873
26522,21.017868444936045
26523,21.2860341075333
26524,19.545830900639558
26525,21.60637191511403
26526,27.221053125612798
26527,21.874955267571192
26528,26.68874773242528
26529,30.605686421230654
26530,22.67639770096772
26531,16.988870120893463
26532,25.805516644076086
26533,20.217468959656028
26534,22.291538346633878
26535,20.10719554591449
26536,23.337242951607905
26537,26.38617575149431
26538,23.707359105281373
26539,24.124136853047244
26540,19.616361467725962
26541,26.538369685979163
26542,21.845039613091227
26543,21.934598227613304
26544,23.01471230490646
26545,26.818405121727015
26546,25.50902125848069
26547,23.939981844437114
26548,24.1861506771916
26549,21.58462037808364
26550,21.911174550139407
26551,35.87060285223397
26552,24.98000773220362
26553,27.660104799189245
26554,14.131415032965302
26555,13.853600433345846
26556,70.23887415860813
26557,24.72033991231024
26558,18.09554609625864
26559,25.57569971415285
26560,19.96137753109518
26561,28.424907189321498
26562,26.62235842204421
26563,22.23629063581927
26564,24.225787954003405
26565,15.701164122946764
26566,18.844393975143625
26567,19.50840888907897
26568,31.430959105803456
26569,21.984328398621926
26570,14.441020245908337
26571,42.8437465954512
26572,9.472529519826013
26573,11.546815216941482
26574,25.490029732744407
26575,11.340721768788473
26576,26.90583038066592
26577,15.181423645636148
26578,18.3781877028309
26579,24.352129195117467
26580,29.057558973845417
26581,34.812942208332665
26582,26.689153413391814
26583,29.596147561279874
26584,20.453730419026385
26585,29.060532778773137
26586,29.160929380835416
26587,22.41360957257004
26588,21.108319701986296
26589,11.186448951869613
26590,21.379804656574542
26591,25.301772265156384
26592,18.669539672473874
26593,44.4550002316319
26594,21.82816228380397
26595,73.48375268926505
26596,45.73488658736509
26597,21.679731902918494
26598,50.932301811345745
26599,29.870463853407834
26600,57.05525565279873
26601,73.93564107469611
26602,23.447054197042636
26603,19.988258066065814
26604,19.70778786916959
26605,22.76083136046693
26606,43.72807861633452
26607,43.417479883410074
26608,37.5905637052956
26609,26.38501500614417
26610,36.6337659837658
26611,55.302390343898125
26612,25.540340614229873
26613,47.98588122709073
26614,59.12030653360695
26615,56.69054757626782
26616,27.79337111423726
26617,53.766323669130465
26618,57.53601923525603
26619,41.51198216124524
26620,43.120846357807615
26621,33.58024734936118
26622,15.4250395303075
26623,23.017589266970006
26624,35.10518576193425
26625,23.62505132069987
26626,53.17915402374204
26627,20.012137547892042
26628,20.698545374636996
26629,19.675095563210125
26630,49.38125823885392
26631,35.25060488617283
26632,18.256081103655674
26633,24.06735437185082
26634,1.725365167050941
26635,34.45623212159758
26636,19.164455347474878
26637,0.5393313658261667
26638,19.340535317557226
26639,33.96639791056031
26640,41.589592571100006
26641,20.10617149942681
26642,0.30166617338280693
26643,34.22907613001706
26644,8.155078790083717
26645,25.52404893874122
26646,18.768563358838797
26647,34.25515459251811
26648,34.7126554733031
26649,23.741976037910835
26650,55.811602247181845
26651,19.90884655542084
26652,30.026714161187012
26653,41.24981199230872
26654,29.127553021489103
26655,20.03446200011308
26656,8.602468037876234
26657,29.43079016196342
26658,43.64658625224736
26659,18.540550817258968
26660,33.7260358926819
26661,21.481632185395668
26662,20.727054793075272
26663,27.622870924436935
26664,26.238500503971352
26665,14.980390388996577
26666,24.914965519863415
26667,31.305436275748328
26668,37.434201496773795
26669,25.07095397702262
26670,19.76991295486485
26671,13.14042718386737
26672,30.039825168468077
26673,28.110888794280257
26674,20.627318477392002
26675,23.415860916939792
26676,41.763478634098476
26677,39.496252028831286
26678,30.29158050464762
26679,22.824583164236113
26680,20.66546651134842
26681,25.31254194834538
26682,21.775440394335114
26683,23.459702000243038
26684,20.005943450291394
26685,23.949792395696957
26686,14.789003853892591
26687,42.213603272278725
26688,30.323738281299264
26689,41.451552872447884
26690,30.899054062494884
26691,30.35538780033428
26692,23.397910903949008
26693,31.98176155079393
26694,27.486119990140264
26695,16.41911773188121
26696,39.61859769258523
26697,45.087725344535805
26698,27.546439344608107
26699,27.051692247785635
26700,22.415682800858914
26701,54.17870457685496
26702,30.890350209580816
26703,39.181090616162756
26704,24.547618253842174
26705,29.77912761129171
26706,47.305655302373985
26707,36.00171006132341
26708,33.94905930284698
26709,39.14602933006319
26710,22.58287818376314
26711,31.422231737610268
26712,29.085078856614604
26713,17.326723463584162
26714,25.45188340122828
26715,64.23218700925759
26716,33.113225023634136
26717,32.54382267749266
26718,34.59425670878803
26719,31.283301900589624
26720,36.002116482883984
26721,27.279841175918218
26722,23.22372275989088
26723,29.884744271147323
26724,29.198458434139802
26725,34.77504653641313
26726,31.462183829251625
26727,29.30618811529653
26728,31.304768385231036
26729,30.922326222086312
26730,32.52070691869929
26731,30.86764982101531
26732,53.46690719321718
26733,23.386719407973015
26734,25.95033198015101
26735,39.47212652184244
26736,32.86928023900412
26737,27.598167022944253
26738,37.524453800475975
26739,25.25882180902129
26740,34.971697763965054
26741,35.70564629957757
26742,29.856514714999264
26743,23.869936291622594
26744,26.577646627216716
26745,36.04447533650608
26746,23.915259320325756
26747,27.00904733817478
26748,27.637581377980204
26749,50.34603439767901
26750,19.166896241869637
26751,43.26158384652344
26752,44.35771059728452
26753,47.360942853236324
26754,39.68258692414946
26755,28.085071116425794
26756,43.61950353550521
26757,24.884802674479563
26758,21.117102780809024
26759,31.43466191149352
26760,25.621721817497313
26761,42.40366909269254
26762,38.23488410581932
26763,28.093132444423837
26764,46.69118158089802
26765,39.79362789801492
26766,29.442531607846313
26767,27.466393173880103
26768,27.59002175349992
26769,38.003040213015886
26770,28.571265381377916
26771,42.552025348340614
26772,37.75086988886997
26773,53.814793422160655
26774,28.06293009570728
26775,23.160814065199816
26776,53.607685927719125
26777,23.10784109133544
26778,43.91577780935476
26779,39.09242649884026
26780,25.68208766554544
26781,26.12083588561836
26782,52.188973577677224
26783,22.975820099036543
26784,31.428883829153673
26785,29.082982756317747
26786,23.786239462591062
26787,27.80180629341189
26788,26.828570938630254
26789,25.224881450814618
26790,11.717110536802526
26791,12.596288732463192
26792,33.12779503188793
26793,19.456102616470062
26794,38.034267741639646
26795,33.91292734266094
26796,40.89745844694248
26797,35.634948173017555
26798,38.415379924070784
26799,43.76290919603678
26800,41.81841717050514
26801,39.492946492466
26802,28.09266354778713
26803,35.23706306578743
26804,43.45223116234306
26805,53.600910362357546
26806,44.83019965775292
26807,47.01064735917977
26808,41.27554673904418
26809,22.828022866823023
26810,39.2715557274504
26811,40.411360397795335
26812,45.60329776451538
26813,40.06017865293448
26814,41.788270350351354
26815,50.001410640712734
26816,40.500198210333956
26817,60.71700105269157
26818,28.88359708667822
26819,36.32676208904486
26820,27.758196432935158
26821,12.79509010758707
26822,39.62318179676177
26823,34.68440974130101
26824,52.86248579777013
26825,17.451455200070562
26826,22.81239815449184
26827,62.837537529636194
26828,32.90734266186098
26829,38.641839065617226
26830,26.907976486963612
26831,48.438402417441765
26832,30.674965210591782
26833,36.37223733546643
26834,25.38797748955526
26835,22.621999834624724
26836,40.60559542072296
26837,67.57935899487137
26838,46.44401982377596
26839,12.74575820788923
26840,32.04025682348234
26841,39.90417929543321
26842,44.64143520366727
26843,37.613704408756504
26844,36.331936053866954
26845,18.726604592542525
26846,34.55434680728525
26847,14.89863573449556
26848,39.19204664521808
26849,43.834991803361866
26850,42.751991128090054
26851,21.64278847551877
26852,42.447293065704706
26853,58.867258960579726
26854,64.72087178965121
26855,45.394937530978446
26856,52.16893459504146
26857,62.72895698243087
26858,38.85294346523741
26859,56.03609236150941
26860,47.19227124069241
26861,35.8885038710921
26862,53.45699929426344
26863,33.12344826306854
26864,33.886975518836714
26865,40.076796448413795
26866,36.446581982278
26867,53.38337225634341
26868,53.77028342595075
26869,45.318238371600074
26870,42.24957068585635
26871,53.70297581649501
26872,66.66962947309734
26873,29.0033609542037
26874,38.9111880644444
26875,40.837169771138
26876,40.98136286221741
26877,48.07369103070297
26878,68.55803827675567
26879,34.10826942984776
26880,54.54162664839086
26881,43.731974763749264
26882,49.62963734750493
26883,39.5586415070922
26884,51.62536751485729
26885,37.533624420787866
26886,36.14743728217813
26887,51.66756010275276
26888,60.89911459379163
26889,40.51367548362256
26890,47.434498695537144
26891,50.356720241728475
26892,58.18637392772549
26893,33.130907892946276
26894,38.57300100190519
26895,57.26614909443992
26896,40.82366827732429
26897,58.11839255083936
26898,42.48101189918858
26899,58.322200964035176
26900,46.05179606329693
26901,41.30016700416494
26902,58.566505861929244
26903,40.36930177448512
26904,36.93857478058502
26905,44.16910955899377
26906,56.34931124777608
26907,41.146532148665166
26908,44.51975905610458
26909,39.10809339979321
26910,41.56235404761882
26911,47.4254828463198
26912,42.093235563028315
26913,41.96154029777527
26914,54.06357087486518
26915,39.402713396607446
26916,41.53848017519726
26917,69.72425885722397
26918,42.7356984547163
26919,39.055986074325425
26920,40.6684104677759
26921,51.27516615884041
26922,32.29504426731114
26923,51.85744286044578
26924,37.451872250655406
26925,38.75241691817329
26926,49.230687057499985
26927,38.05195184037825
26928,41.13316477830836
26929,36.283177075475585
26930,38.159239099982614
26931,36.50333771792918
26932,42.40332820662512
26933,39.30481394473341
26934,39.59591118046352
26935,38.6031939998515
26936,50.487711721675375
26937,53.39319909491047
26938,38.42085393136673
26939,34.29529410167803
26940,38.1387193367852
26941,41.264833665865524
26942,28.386386994872197
26943,39.953118730982524
26944,44.19543287623439
26945,46.22265051133753
26946,49.21701974856935
26947,37.278679827264
26948,36.33771803123199
26949,32.723005449781546
26950,43.722611266568165
26951,31.551604160678117
26952,36.175638231047685
26953,39.34490552856756
26954,48.30539661323336
26955,38.312025031533466
26956,40.320231573936105
26957,36.84026208575713
26958,51.43306566197675
26959,29.219449847342247
26960,44.77513849058094
26961,35.004389550673196
26962,40.01248154250704
26963,34.7823869719855
26964,40.51864063695132
26965,39.31499534753476
26966,37.332086022149255
26967,39.89911001232963
26968,33.86940138007404
26969,39.10565449073825
26970,36.45645796812041
26971,35.09898605231958
26972,41.887460032307715
26973,58.44828737145165
26974,54.819028711578135
26975,27.95519678088394
26976,36.55616406222591
26977,36.371357265659086
26978,60.3741580577798
26979,38.4779978040569
26980,35.92935990271497
26981,33.355966164122634
26982,40.22907461016855
26983,41.66657712162366
26984,36.77497845434304
26985,42.36375900252465
26986,37.77691869618254
26987,38.41985456867421
26988,39.717198124843016
26989,30.69778370609413
26990,43.947569009400354
26991,38.73420160352274
26992,42.10459397591939
26993,35.762247353227394
26994,29.377794787794375
26995,37.92742675954788
26996,41.65958635328475
26997,39.030825190629265
26998,39.63467089642291
26999,36.05776526930649
27000,42.399677515205056
27001,35.64942369479639
27002,38.731204451897504
27003,37.687976330806215
27004,37.755343231697346
27005,39.79338657823084
27006,35.93677986889114
27007,23.56006213933676
27008,36.928490837609246
27009,29.389822254461276
27010,32.594451684980356
27011,39.08545985939611
27012,45.11844630909541
27013,33.86964550838066
27014,30.528725211909475
27015,36.60586719661224
27016,30.863143300871094
27017,37.09869047357498
27018,35.39310023565907
27019,39.19403266769352
27020,39.35448808001721
27021,37.152046277207084
27022,35.537083505172774
27023,35.749419151668725
27024,35.04046636660388
27025,32.67844331960063
27026,31.792593506716027
27027,38.62774771162997
27028,37.03274505645161
27029,27.298606231037144
27030,38.72342703976138
27031,32.9849401011009
27032,20.92879199667422
27033,61.254687437234416
27034,38.806659280545254
27035,43.033508263205256
27036,32.92950544535345
27037,40.7430891168306
27038,39.097366275937055
27039,45.50753458830697
27040,40.22617979347493
27041,35.46523364753393
27042,38.80094554502574
27043,16.810789179364214
27044,37.133286791172296
27045,38.085906354540974
27046,42.3307181260363
27047,38.74077803454118
27048,44.734712516837845
27049,38.08086257428472
27050,43.56323819242402
27051,24.316248791178452
27052,40.13598555175839
27053,57.84380492471441
27054,17.162378342335042
27055,31.83912174772199
27056,44.403908053581176
27057,38.5214754917094
27058,16.031690969193374
27059,42.81532223738431
27060,39.56728120189622
27061,37.38192621339483
27062,31.170150612953613
27063,39.857928235349824
27064,42.25520092486274
27065,34.04870453149549
27066,23.987525758561812
27067,39.94869673038241
27068,42.2529670892135
27069,39.14587055840715
27070,39.67011717233994
27071,23.57723118430023
27072,42.20313807851835
27073,41.56825843996096
27074,41.77763238703977
27075,37.930320990374554
27076,31.790016236802106
27077,31.838385401615064
27078,33.5795124333051
27079,42.336350542566265
27080,32.91243787909167
27081,44.86186673894388
27082,37.31884069678293
27083,45.233871167228
27084,38.14258232895242
27085,40.58733821036268
27086,40.43532098808788
27087,42.25986091454724
27088,40.61676175198878
27089,23.646955973750874
27090,30.524023692972353
27091,35.349704833897576
27092,37.09221552203036
27093,39.79247335225534
27094,42.29779784702114
27095,39.05593877116498
27096,37.942897040498735
27097,35.30237242077469
27098,39.96978517822464
27099,45.02249164542283
27100,41.28602613744183
27101,39.01113033488887
27102,38.747959999051595
27103,28.025220009498867
27104,37.62179859987739
27105,38.461638667511295
27106,32.443411114734495
27107,42.749342481348734
27108,35.47281499283605
27109,28.952796524147622
27110,36.79130398160433
27111,35.34530448704818
27112,42.06621672569887
27113,34.21691938917591
27114,39.1702905588624
27115,34.48783583360266
27116,33.873441798901695
27117,27.14455028810746
27118,36.76166706019098
27119,35.90704422721999
27120,38.61585345452638
27121,44.94904590599059
27122,37.05317455718258
27123,25.867617569196774
27124,18.915121461630356
27125,19.760118293070484
27126,36.01164541463502
27127,36.94764832523373
27128,41.62846213980542
27129,34.29345867831115
27130,37.80701591535992
27131,42.175507475291596
27132,36.10163351492301
27133,32.22781089542091
27134,40.47839753969102
27135,40.0476062686784
27136,37.03450858008245
27137,37.649469739154725
27138,27.46891057019863
27139,33.24436720539074
27140,38.30738963885809
27141,37.017375499426535
27142,31.628629767132797
27143,42.35768676519417
27144,42.45329702111666
27145,30.938437578176533
27146,18.21874111507292
27147,36.01466217727452
27148,20.34681014685861
27149,41.9980199201205
27150,33.907597897621116
27151,30.071615465075784
27152,27.861076315002745
27153,28.773447220281543
27154,36.21602421208931
27155,44.19810401104158
27156,36.80320683649891
27157,41.69244654405144
27158,35.45955484860469
27159,40.3054595849866
27160,36.95095242843258
27161,32.1692335754322
27162,37.49767624200719
27163,37.29336311035522
27164,39.39301607950277
27165,35.13672492466803
27166,41.69237610160233
27167,31.94573425955447
27168,30.89913002305344
27169,34.39528967651469
27170,37.23474469073738
27171,37.02282819375964
27172,30.122071420990135
27173,34.4994618995821
27174,40.11387997500499
27175,30.603244796393284
27176,85.35437251504331
27177,25.663888990078753
27178,31.593416449138125
27179,37.59733262109974
27180,34.4206646882147
27181,28.501221089044492
27182,34.18273094936687
27183,30.565968252489554
27184,35.98361470712075
27185,40.96381747571556
27186,34.16519725713569
27187,40.71771068796815
27188,39.4294794191607
27189,35.056588151826475
27190,33.29774026630148
27191,41.90542012036368
27192,38.36091650087302
27193,28.176297055920188
27194,47.81867624136311
27195,27.14684290287073
27196,38.21413121989344
27197,10.293812736372487
27198,42.99704517927146
27199,43.64864204971638
27200,35.39218561331934
27201,22.108820656215986
27202,31.24854237209288
27203,32.860013619066514
27204,33.14565917013285
27205,35.50204324341216
27206,28.204384434329583
27207,35.825045570865385
27208,34.44058102195132
27209,33.57210743167875
27210,34.08268394283298
27211,35.822190392203595
27212,34.24410259481347
27213,33.075308532813395
27214,32.544315628281346
27215,34.79138923641346
27216,51.16339286545005
27217,66.50166897021339
27218,39.664003764314934
27219,62.263328254066565
27220,55.50882414895609
27221,33.843995543228985
27222,42.14728394328264
27223,64.55378594486136
27224,60.35910771584173
27225,39.04619966789437
27226,54.02115305994392
27227,37.01019486148278
27228,40.25866088252102
27229,41.817182415886705
27230,54.903090270270695
27231,83.91290481154411
27232,35.780655691374825
27233,43.05800557673098
27234,41.68428358917449
27235,57.290531785827355
27236,31.561164466098823
27237,50.24819926893125
27238,35.05548737768624
27239,45.861788003755876
27240,46.992947218417534
27241,37.52261536601358
27242,44.83775539742579
27243,49.702981240467935
27244,36.495757459126565
27245,16.860529082483723
27246,49.96109797862675
27247,40.89418957475588
27248,77.50027574322517
27249,32.389614897260614
27250,47.547685217094156
27251,37.98248809518632
27252,59.45152271370908
27253,38.678426769987446
27254,41.0551336521188
27255,40.50414304776705
27256,53.4810447959969
27257,43.91967301561406
27258,58.721977489526914
27259,42.747569504614255
27260,45.64462000358699
27261,64.87055105379295
27262,51.10906733459123
27263,44.95548676939128
27264,40.502377902488405
27265,41.99073365845436
27266,41.1828287216865
27267,47.67444861149095
27268,42.268239982379086
27269,60.72821585264217
27270,43.59365521444374
27271,34.562289760864836
27272,43.35641389962778
27273,38.69774958841343
27274,38.91221088714097
27275,38.32423285364104
27276,39.31223974627589
27277,26.911075819003116
27278,17.317501695226834
27279,40.14435304294294
27280,28.66309224041237
27281,37.50276050370011
27282,31.879564612964426
27283,44.530839851925926
27284,41.305172409047834
27285,38.71479933822214
27286,37.352285652281644
27287,37.501585705930616
27288,23.289778413788284
27289,46.985357475262475
27290,39.097942215937906
27291,33.566584751935835
27292,40.107819230823836
27293,41.719510289677046
27294,38.46321830606074
27295,31.217583100620445
27296,28.60779471364511
27297,33.89131350545304
27298,37.33429059366261
27299,43.237319740995154
27300,22.062630127928173
27301,41.280478531496186
27302,36.755059493273365
27303,41.76645107223551
27304,31.31364165166702
27305,31.27499012649095
27306,42.72644456919096
27307,35.16934293438571
27308,46.28929335117369
27309,31.601018886429543
27310,40.421037591290535
27311,56.22330994905969
27312,44.674857672774515
27313,46.94678679043394
27314,29.768966838001546
27315,37.880985818877534
27316,42.49693914372062
27317,23.14867858075183
27318,39.73157209945307
27319,43.87122998573639
27320,47.015497736493984
27321,39.64161977738586
27322,41.164016341342744
27323,40.58403482296374
27324,41.697897294673375
27325,40.419820637726346
27326,41.92205412502616
27327,41.20574583944365
27328,42.29593973611417
27329,43.206110879522946
27330,35.49646482330702
27331,44.510532315172476
27332,40.378313340807836
27333,43.03884970157551
27334,26.882038890951446
27335,28.35616589470125
27336,26.777341098279006
27337,37.33082321805216
27338,27.951307667282453
27339,18.1907890934776
27340,19.482916126384943
27341,22.293540596799982
27342,26.556210793483892
27343,37.17281028336642
27344,42.307459768676935
27345,15.414725753137395
27346,33.620072885687776
27347,14.551529264381628
27348,16.00716536292536
27349,34.01184594858608
27350,43.94282652336202
27351,36.747212913714634
27352,17.80906386258884
27353,22.27416941845334
27354,24.84914547303791
27355,16.99583379960256
27356,54.0043313046794
27357,41.285138588986115
27358,40.28619608056233
27359,38.54213949703919
27360,15.531594202189229
27361,40.66068193470122
27362,36.894405590702426
27363,20.823851102995256
27364,38.574157879595944
27365,38.605657307193695
27366,25.38121869147137
27367,19.46510184861895
27368,20.882275596762845
27369,22.948697206216835
27370,31.62341677306081
27371,31.005375593066965
27372,18.999423668591344
27373,20.707009435952543
27374,38.319792791675304
27375,18.994118204159026
27376,32.341524080319836
27377,23.156146209695518
27378,23.234545642525948
27379,18.541858100567868
27380,27.568841964484573
27381,38.16361118804004
27382,24.892541359425806
27383,25.60055340767166
27384,43.804123425152696
27385,42.831057939023815
27386,30.20408551733066
27387,19.56954236503222
27388,32.03808360243356
27389,38.38040646064898
27390,36.523537530675604
27391,36.11850477215571
27392,21.63100496107214
27393,26.722246272934726
27394,21.103975344554623
27395,45.05818573303287
27396,39.2749180895128
27397,27.02493768748832
27398,16.294917960097358
27399,17.278492706530496
27400,20.657759972338592
27401,19.35744411312824
27402,18.48387149987715
27403,39.635060317589144
27404,17.223478421237516
27405,18.74488538238972
27406,22.47510054347527
27407,42.568419367743026
27408,28.107204919060493
27409,18.26031763146556
27410,25.69587995894701
27411,35.47707628278243
27412,43.511350884254945
27413,32.514165161225854
27414,36.24565968308719
27415,32.616891854127005
27416,33.73273585156937
27417,33.70820293875407
27418,32.827534100657005
27419,45.737370420689466
27420,33.03523665825185
27421,34.62986741678441
27422,22.09611550775607
27423,38.42094946652504
27424,34.9001300104963
27425,36.884465673420934
27426,36.82515386195569
27427,33.89728539428658
27428,26.48924901281815
27429,33.72653275556097
27430,25.897234788601487
27431,32.92243889893881
27432,35.600464988621624
27433,30.94870837631719
27434,27.895097578681273
27435,29.69577918183881
27436,35.574408319057234
27437,30.6140539220533
27438,26.891562343697977
27439,35.1717189422361
27440,26.22590848508568
27441,27.860398490153223
27442,30.202316524279983
27443,35.69267993375431
27444,27.726327474499083
27445,28.765623888302688
27446,21.361567131625865
27447,26.054981578500286
27448,30.84601414254692
27449,22.65498769289258
27450,19.335708539457748
27451,23.352821152612595
27452,26.707922356774954
27453,19.511947173233946
27454,34.48756810667013
27455,21.168419893977745
27456,27.43141065632963
27457,28.0287977436867
27458,25.88167277153417
27459,25.349601189794463
27460,23.360115173492915
27461,18.24214246722092
27462,21.595239448045223
27463,20.010608591363038
27464,24.034051360217084
27465,25.882776538255506
27466,17.967311451506834
27467,14.204567322359035
27468,27.605590094984084
27469,33.901503345207715
27470,15.391864246121134
27471,24.305044059619892
27472,18.500300892102533
27473,22.15589625064809
27474,21.915637733278647
27475,21.36754453380802
27476,17.467990001399425
27477,15.60352461139103
27478,37.94182587527336
27479,62.22859859729179
27480,37.995609980126986
27481,42.923123966985045
27482,34.72292771422545
27483,40.51952736278272
27484,35.44468222382908
27485,39.48091201662781
27486,33.52195428935631
27487,35.48344506359987
27488,38.14176733818051
27489,41.59089726451316
27490,38.919075667641756
27491,39.42077825113841
27492,36.67400366367036
27493,40.450158408927024
27494,42.54458889984755
27495,34.44720408773787
27496,35.968670746800804
27497,38.59724503561232
27498,39.09746460297808
27499,37.644612958972196
27500,30.98571003812677
27501,39.43433705610515
27502,43.128417463951195
27503,39.996218180168775
27504,30.829312946638584
27505,38.69867341648195
27506,29.98348993641667
27507,39.117369261276245
27508,29.96981723851184
27509,40.18403550994089
27510,39.490847510275806
27511,36.87080440328688
27512,43.01734980381206
27513,29.314186365556285
27514,38.62214071554006
27515,33.39454706563036
27516,33.52526395398982
27517,30.113886565501694
27518,36.90081613680187
27519,25.438214856587493
27520,30.879917368005486
27521,31.693578580165347
27522,34.423192028204625
27523,39.22267111403118
27524,34.31186748364562
27525,30.559674578219354
27526,35.779660441797986
27527,59.329143161521955
27528,44.49200275844439
27529,50.726529288711234
27530,38.677436597830635
27531,48.79564587614804
27532,40.0087264933059
27533,39.53314888785103
27534,38.56666638327992
27535,44.93554954422912
27536,38.99805564237522
27537,38.04261652767496
27538,38.10164600984215
27539,39.51690478468956
27540,38.30307269877205
27541,38.87492478916828
27542,34.2847779188237
27543,39.420710927061755
27544,39.95634500615188
27545,42.018013892983184
27546,39.241311723353434
27547,44.570330981938135
27548,65.15922757477537
27549,47.772560188023505
27550,41.101583551332276
27551,43.54221211627153
27552,62.67234452007234
27553,40.90324763471561
27554,39.0126984330459
27555,47.02967280494399
27556,64.84856195988438
27557,69.08619411031134
27558,56.23401152553271
27559,55.18052284766521
27560,71.80115178897337
27561,32.31172158987858
27562,73.70565532145669
27563,59.10456896157078
27564,41.35428440236711
27565,48.40977240848473
27566,70.30147429955852
27567,42.138253250258245
27568,45.91649245037151
27569,31.831404920544447
27570,32.12253753390289
27571,74.09693890332858
27572,58.28193379458086
27573,69.49713426468644
27574,39.957211331343274
27575,45.72002332162879
27576,42.98735837198784
27577,57.156491543519245
27578,64.10279030544831
27579,41.976355909472964
27580,73.38235413353603
27581,65.3314604733017
27582,50.971873406303466
27583,40.88319377413255
27584,43.7656474900367
27585,71.76888225133328
27586,69.53616776896997
27587,46.15310236046287
27588,59.30005876502781
27589,35.21719679940322
27590,56.07371248850038
27591,31.5171288196038
27592,67.18641263132157
27593,72.95915242554433
27594,38.529287877780234
27595,56.26266071987601
27596,45.625004401191475
27597,80.783114091652
27598,49.62155844978609
27599,36.82398914542327
27600,46.252086366412414
27601,52.10762315628078
27602,47.21476449057024
27603,57.189025771042616
27604,35.555568276325666
27605,39.009437015131326
27606,81.79496953428465
27607,37.66991658836243
27608,39.62791423848937
27609,35.86793091920543
27610,36.80334194889689
27611,43.43243240604734
27612,30.134573820372687
27613,62.690793225206015
27614,49.86551703411443
27615,34.430857023374934
27616,38.255044926927994
27617,33.238641560822174
27618,62.58358244377903
27619,34.805580612380005
27620,48.242627387602866
27621,31.845012034572218
27622,61.10700423445503
27623,42.75518848567158
27624,41.32100134067996
27625,50.954220325505474
27626,42.4121306791256
27627,43.45372108073178
27628,47.05195448780334
27629,41.03592168189684
27630,33.8681393092877
27631,36.60060795381234
27632,60.53840971920105
27633,37.51252070391567
27634,41.42037967014917
27635,34.75838108440445
27636,57.809649674238884
27637,34.413484542112656
27638,41.46423193066767
27639,32.806156585841954
27640,29.30098440504904
27641,58.64624502038597
27642,30.370219592017122
27643,40.53655347984452
27644,46.48917454204172
27645,29.65668205166881
27646,33.1911533909128
27647,37.2913946419251
27648,27.749535836458804
27649,40.9534998326763
27650,14.73396098157523
27651,23.170513480032014
27652,18.294737342347887
27653,21.301929839428063
27654,20.007901094953098
27655,29.39019174860296
27656,19.80609112980833
27657,27.84637868473609
27658,27.2128590500531
27659,20.102249145615698
27660,27.365826837505075
27661,18.01447742764975
27662,25.335573896194838
27663,27.63092093156392
27664,18.940563781604187
27665,21.190671050458228
27666,26.9301517574126
27667,18.207939064976763
27668,17.762419110123695
27669,30.360434271405992
27670,24.197788099491014
27671,35.765831365017625
27672,21.603984149090063
27673,18.354722378791475
27674,12.807919117953247
27675,23.822436370317664
27676,3.8942482788767707
27677,33.803160881533756
27678,10.510288290054795
27679,17.733748165680375
27680,28.68691648380755
27681,16.67068794530641
27682,39.80084663501783
27683,28.755339777607418
27684,19.624107575025466
27685,26.240284374156012
27686,21.92727245030067
27687,35.31444480616158
27688,28.977331849214814
27689,33.062236972986945
27690,25.290773389592015
27691,27.531993534739232
27692,23.756205882727873
27693,30.65421718976502
27694,18.574583782689643
27695,22.693311380609735
27696,39.26933686217309
27697,22.54100205400454
27698,24.710942891748147
27699,61.63417532733279
27700,18.122400230370783
27701,18.99520729480212
27702,30.525484314925492
27703,24.730284415588606
27704,22.5761167068432
27705,11.071126101696745
27706,21.505900313328628
27707,18.908347858338086
27708,0.01000617921009527
27709,22.46499080341894
27710,20.140705137200275
27711,33.124565147709134
27712,36.76170089385394
27713,31.93038667865223
27714,38.098937157291765
27715,23.46147003857328
27716,20.963723543812595
27717,21.75380206072694
27718,23.7676540384969
27719,21.38800972383262
27720,20.182181451961505
27721,66.30166654753234
27722,20.884682264522542
27723,21.87902823037341
27724,27.07887442914049
27725,28.77305479443817
27726,21.549397249144086
27727,24.213633336388487
27728,17.237509515124678
27729,42.93778866114609
27730,19.3725304506611
27731,25.742085064584543
27732,33.91517800162973
27733,31.21363843428412
27734,22.306231629910478
27735,23.937867288661504
27736,31.310609600851986
27737,23.900113325404472
27738,33.356387937453334
27739,23.918209708328654
27740,23.923575867238043
27741,25.56848548397532
27742,23.06502985911295
27743,24.366921252049135
27744,25.526061329793187
27745,30.683718201942767
27746,32.24266191360133
27747,25.127837116739876
27748,35.55775733432342
27749,34.80137150277715
27750,41.020552477793764
27751,63.14337268318928
27752,63.65055262798933
27753,56.167749660115724
27754,27.387411111079032
27755,58.20877667562954
27756,54.79864486569734
27757,42.376880895198234
27758,53.32541621572711
27759,45.82420577832993
27760,45.64762603206158
27761,36.54895379744503
27762,37.44699708994419
27763,19.97538388473802
27764,44.612482288762486
27765,39.020175151992184
27766,29.22886460644843
27767,43.16653115870615
27768,41.72559357179902
27769,32.54426510394145
27770,36.41894927860181
27771,34.4677935077819
27772,32.603368893184346
27773,46.04229021114147
27774,52.886383083967964
27775,32.4978613460768
27776,29.326290878420853
27777,37.362026661675344
27778,37.63683666986416
27779,51.3229308961507
27780,18.93967263102847
27781,45.683858717935216
27782,42.42253726242392
27783,29.213348663297605
27784,29.9010995146282
27785,26.073140024339985
27786,30.134035240141458
27787,25.852535060134812
27788,43.81701045844488
27789,39.48565170362874
27790,30.712869162663118
27791,49.65809459870259
27792,36.40327481767192
27793,44.40275879209177
27794,27.895684336542473
27795,29.1961220804366
27796,27.778480909896167
27797,40.52570813987186
27798,33.70202865504087
27799,38.35313500295638
27800,30.545075089478143
27801,57.159258410426304
27802,24.507064284298846
27803,18.488575051445792
27804,33.45355025975583
27805,26.2731776213905
27806,45.32226635697727
27807,42.92902778645696
27808,38.12929586061144
27809,38.32353350036175
27810,37.36034017483957
27811,39.86426188201806
27812,40.07097361121656
27813,36.823136886361766
27814,36.77190627919542
27815,35.301660330429954
27816,37.34164024141405
27817,37.0953707624668
27818,36.18371131167122
27819,30.16507347038192
27820,37.25939523328518
27821,37.22386604858923
27822,41.796118424654225
27823,38.220261311082595
27824,35.78563214709127
27825,32.61781851386585
27826,39.487437079945835
27827,38.78563980874312
27828,38.637943599826066
27829,38.2925582299421
27830,42.603192147471994
27831,41.71229991017331
27832,38.72073628633478
27833,39.410819161498985
27834,50.61245630560898
27835,41.077056604456345
27836,38.470632811299964
27837,42.72807942138928
27838,38.25759161823924
27839,39.194971958114344
27840,39.11282550279507
27841,33.665047063615624
27842,33.88095628932932
27843,38.421399507051724
27844,39.294382882018795
27845,37.127466579668905
27846,34.251685600663365
27847,39.086948084789974
27848,42.34789497411428
27849,46.273055509763864
27850,43.706239798084276
27851,37.561349830833066
27852,35.23093542958647
27853,47.02536318485473
27854,36.29491577209159
27855,42.69674862172797
27856,39.691427886762334
27857,36.540069178271324
27858,40.84543364199571
27859,42.98661492431588
27860,41.30421039228638
27861,40.01948043223406
27862,30.823368724012315
27863,42.40957693135666
27864,31.58061965676491
27865,36.400899236428394
27866,27.31034153065513
27867,77.09112735584056
27868,50.08292326393888
27869,46.04294596243578
27870,48.85225215364653
27871,37.52861015496829
27872,38.075416880281345
27873,40.95863153363161
27874,41.42678218719973
27875,39.64190931969509
27876,19.020630491749788
27877,35.55695258334549
27878,16.56998813466236
27879,37.044657313468264
27880,36.677029903490094
27881,25.958567265636106
27882,37.71013035356995
27883,17.353166459155904
27884,15.042580079848998
27885,18.16078726997166
27886,31.20974908686702
27887,21.09066411974746
27888,22.098995265417138
27889,19.64125426621133
27890,25.949308395706367
27891,30.740280763084954
27892,15.647376072558254
27893,36.40311395570983
27894,30.90198123215784
27895,32.50844671400369
27896,21.20135235823485
27897,23.065733895632558
27898,26.46242727775791
27899,17.270952497734523
27900,36.6004001606463
27901,29.77474168889527
27902,24.469834578261658
27903,35.83425791900481
27904,30.24122129305897
27905,15.382990724768453
27906,28.15891271352822
27907,22.754727043165
27908,23.19535420837914
27909,23.83068552742849
27910,25.7461138430964
27911,29.004029658303832
27912,18.111787257782524
27913,20.242115061525276
27914,27.769693093009064
27915,22.4058701178851
27916,25.690800754974568
27917,28.75546757803334
27918,12.24901988542154
27919,26.651536644332733
27920,30.93397490559837
27921,27.930786136362876
27922,24.14230171640482
27923,25.271455239883505
27924,24.54377308775767
27925,14.508994436298153
27926,13.107853793134616
27927,10.248013546112192
27928,25.618413719379348
27929,13.937835650207846
27930,15.631033139957236
27931,32.184732949969856
27932,26.50410484062692
27933,26.048163133593487
27934,31.88850955208504
27935,25.965660338114205
27936,16.7566601275744
27937,29.807243578092457
27938,22.575407880364242
27939,17.679891062509707
27940,47.14183526209526
27941,21.245584917547696
27942,14.101259615525413
27943,17.330440001570413
27944,22.07008415852298
27945,12.79313691458505
27946,30.456321203103105
27947,24.401367313655467
27948,23.654185161245678
27949,32.36027225899011
27950,28.60037447178779
27951,33.01037742324378
27952,44.49253527445394
27953,27.292476453673746
27954,29.792787737080843
27955,31.672649389799417
27956,11.655086483499929
27957,19.078590910900253
27958,22.244930782427367
27959,43.68221764824998
27960,38.93805540484839
27961,16.419933357347258
27962,19.024720898157195
27963,22.021542661030633
27964,18.305708261943114
27965,15.464302098292071
27966,25.086764884054645
27967,48.38689548516509
27968,12.406995167285029
27969,20.876539402363715
27970,17.166563919961245
27971,13.456682004258436
27972,17.377180299186946
27973,14.045627364579692
27974,19.067086509529254
27975,13.477673376590092
27976,12.841162066212576
27977,23.725276803055838
27978,13.672143208300254
27979,20.272607928931425
27980,11.297036366332163
27981,51.33563508042569
27982,28.59065772795644
27983,22.279776981513823
27984,15.37595983490522
27985,30.94369302480067
27986,9.594122830518351
27987,13.894743508016948
27988,9.449927025040042
27989,14.42467971724495
27990,17.964415335793028
27991,17.1878989490691
27992,13.06627573584574
27993,14.516947308986952
27994,12.399359871383716
27995,9.826645357232733
27996,17.613778347395005
27997,14.89612794458655
27998,16.920174876929856
27999,12.021114039788113
28000,20.73014672605597
28001,22.815255474293476
28002,19.275511353634897
28003,13.845800828358163
28004,16.023948322971222
28005,12.978744744342478
28006,10.199102390015192
28007,14.873939692031534
28008,15.033494762867795
28009,20.61945430929513
28010,9.492523875964817
28011,14.477623760206805
28012,9.419241718706633
28013,11.921602770478671
28014,18.722044809920547
28015,24.799879287472855
28016,16.65120160325103
28017,23.013437361160822
28018,18.372282707562917
28019,19.862757154528563
28020,22.77226864021499
28021,3.9294172328530115
28022,21.22167213972735
28023,15.764127617293047
28024,12.247670240986466
28025,12.009366663708354
28026,16.353836714801393
28027,11.128490576735697
28028,15.059878564641624
28029,14.000458874910999
28030,17.032401544371822
28031,15.120269559590568
28032,13.222476980229654
28033,17.894787578881733
28034,17.306384092947916
28035,17.90761520727984
28036,20.36418875766461
28037,18.049059343102094
28038,27.33631166066913
28039,17.92370832337022
28040,15.198050757281965
28041,19.810507599545463
28042,18.67862999699591
28043,22.764335716568873
28044,21.01170183379585
28045,20.2400113304062
28046,17.643788093519888
28047,12.8106584367175
28048,9.453336668487948
28049,22.08604961617837
28050,27.25697404753389
28051,37.82484714909563
28052,20.822764218104773
28053,17.755506992889792
28054,28.978281104226312
28055,20.492887260265604
28056,12.842100082294975
28057,10.168256854539543
28058,41.31632723107322
28059,58.91845855270657
28060,43.10496734305335
28061,41.3732584748179
28062,50.46167349590789
28063,36.01175820770959
28064,39.47551116198357
28065,44.344984125068116
28066,42.47337171859997
28067,34.939991299902125
28068,41.91305472142212
28069,41.09040641008114
28070,43.837146250978186
28071,38.24746680138314
28072,38.42575783892883
28073,56.15662398160158
28074,39.02160604384885
28075,37.54982009092975
28076,43.2004366969989
28077,39.522895039527626
28078,35.30026430354637
28079,38.3150539307992
28080,48.19892865608285
28081,52.278714975716184
28082,39.04619966789437
28083,44.937577526430125
28084,45.210347562749945
28085,43.08886900561308
28086,44.373649195199896
28087,45.44640214510364
28088,43.30932448628924
28089,42.635987825410645
28090,70.78378170075464
28091,53.99437327051549
28092,35.056116420166184
28093,40.94232555850205
28094,38.819524734149695
28095,47.39176832187197
28096,41.66106877890666
28097,42.89833905690953
28098,49.67139856310145
28099,47.38183022901437
28100,42.04046898964445
28101,42.01434389254861
28102,48.193386637578726
28103,30.82591916990259
28104,33.42855125985992
28105,33.324346609291155
28106,30.437764558417204
28107,30.683714122207274
28108,26.34065988537813
28109,32.86589148962226
28110,21.671801418632974
28111,41.92221947502373
28112,23.919682537764793
28113,32.42079915938743
28114,32.379229915176154
28115,29.618575108461727
28116,28.303914940325832
28117,30.06970825230112
28118,30.114439204702254
28119,23.843540848598572
28120,28.865529089237626
28121,32.77115214687293
28122,32.68961329505775
28123,31.514918997870115
28124,33.11833774520957
28125,31.454820964850136
28126,27.45925065789539
28127,30.75710394726265
28128,28.063953271933705
28129,28.837807143023444
28130,28.827467746216065
28131,26.814769617579383
28132,32.45517791338723
28133,30.337248022292517
28134,28.14132405827723
28135,32.490226315743136
28136,30.511978126261106
28137,31.254209543052667
28138,32.72783452407204
28139,27.68118173516334
28140,28.3002313298158
28141,36.47671707231696
28142,34.21376673427902
28143,31.108323644945756
28144,30.017786216760022
28145,29.197015222759607
28146,30.50968714045128
28147,31.398364514366325
28148,28.162079734165555
28149,35.00500788410969
28150,29.936429743007153
28151,31.5779235628542
28152,34.48502844782625
28153,32.958557585202854
28154,35.88542691868601
28155,31.973748503884334
28156,30.195200478664788
28157,30.091802771834352
28158,32.29306986965642
28159,32.31654023894215
28160,28.25469924021332
28161,27.20120733306527
28162,31.34150225320929
28163,30.332552573369952
28164,32.68088494726753
28165,34.946652632529144
28166,33.994881519843624
28167,29.34959451743871
28168,28.221052055958847
28169,35.10691150105804
28170,35.970301694875275
28171,39.475861732903084
28172,38.294340150008914
28173,39.375247191654054
28174,38.18819981737039
28175,37.94767461054382
28176,38.666517194284104
28177,37.55978486434073
28178,37.16231735305777
28179,38.775843901161
28180,35.14264906776728
28181,39.25199337775095
28182,41.40972973650822
28183,34.977919386892026
28184,37.748377817692464
28185,36.976792068420146
28186,34.26926645201105
28187,36.545910801972724
28188,33.47288313393559
28189,37.52867914350679
28190,42.0250289414503
28191,38.7800152631732
28192,35.71985150157483
28193,36.80661040931697
28194,37.796614532569514
28195,36.696534449381666
28196,35.35910615242391
28197,40.45909164449095
28198,39.33001530251189
28199,37.96361715933376
28200,38.597650711222784
28201,38.34236459125373
28202,41.713348798290674
28203,36.74179781936131
28204,13.226955391324099
28205,26.28148441777542
28206,34.785979842702105
28207,10.65050100334848
28208,43.77142023452252
28209,36.52766882262083
28210,26.637800096619078
28211,24.79170738104477
28212,37.44364410328684
28213,30.083768677869422
28214,25.1280779616786
28215,16.145529613016134
28216,22.735692130482665
28217,35.75073030647103
28218,15.521338213598854
28219,21.081039379533603
28220,20.39264374773068
28221,18.72847990552081
28222,74.81646277606822
28223,4.114220679819781
28224,36.80209586701408
28225,19.741704467942306
28226,33.07091025030665
28227,30.85328075503155
28228,32.28859582590911
28229,34.51412645106704
28230,36.14184584671221
28231,16.427915739951732
28232,3.4774356402526623
28233,28.627070030432265
28234,11.431545487485916
28235,69.36955036897024
28236,8.729605193985227
28237,17.131997897799078
28238,31.924049358319415
28239,10.554923216902848
28240,33.886800603761536
28241,10.375996767460231
28242,27.137971239913572
28243,23.173226562853152
28244,20.144377580468095
28245,32.179507759901526
28246,25.555584689964967
28247,26.574367681926127
28248,41.22822532179861
28249,30.245745746558224
28250,15.388678079082828
28251,13.62752441146717
28252,41.39005480171316
28253,33.396784233916
28254,11.794975676341688
28255,34.954782147359516
28256,31.974053564953252
28257,33.337902616803014
28258,21.883807509039976
28259,32.75410855339067
28260,35.328191255198014
28261,20.390549221026603
28262,22.083855011791545
28263,31.583988497729447
28264,33.04752870876981
28265,33.31467818462326
28266,31.006841679417956
28267,34.37314358425097
28268,36.556724094574925
28269,41.21602489165069
28270,19.69219061780432
28271,32.03342927097036
28272,35.96552637584975
28273,31.932156124319008
28274,34.27893914832561
28275,32.009848523773755
28276,34.22442605710143
28277,35.02809368277547
28278,36.95326138589119
28279,17.143188430251108
28280,33.4238125966546
28281,33.55297772674287
28282,36.44984352830152
28283,37.417938580061545
28284,34.10437463490738
28285,21.08226140134219
28286,23.447260394459562
28287,30.22163767028023
28288,16.678703904571616
28289,34.27464544353293
28290,43.41449364974469
28291,41.451588301692034
28292,35.532215485797316
28293,34.59700351022806
28294,29.62713531292533
28295,14.510376980210323
28296,35.94409342481958
28297,33.79469064309645
28298,16.365953095744775
28299,37.17281896434511
28300,40.70016508480764
28301,40.518399556472104
28302,75.3817961458492
28303,36.7197812663447
28304,33.369375245330055
28305,32.04537116587257
28306,36.00660319200305
28307,45.431350191316476
28308,39.74284354071033
28309,36.56875227254062
28310,44.993445848279364
28311,41.04495842526005
28312,40.30653962533557
28313,36.8290004147301
28314,43.83262432044347
28315,42.835242374455085
28316,29.189350274108524
28317,41.69607454921999
28318,42.71644123276722
28319,39.71428208526685
28320,30.451797595322528
28321,44.98738601782285
28322,39.721881349177984
28323,47.174920973838915
28324,44.774882531265874
28325,41.45822978945738
28326,36.52450352256923
28327,35.95200466300344
28328,43.291113237846204
28329,35.571598251875926
28330,36.49484308019539
28331,38.799490670516974
28332,37.91433754789326
28333,36.68796969212595
28334,36.62919917622518
28335,37.06035463430059
28336,39.20469327331786
28337,44.97475383424856
28338,37.78338415147435
28339,35.07099966552267
28340,43.9725154389057
28341,38.51891644928665
28342,43.98587263366324
28343,39.62245826589772
28344,38.74072691457315
28345,50.403702177670276
28346,38.387917137823294
28347,31.867892795852104
28348,36.91903090863518
28349,39.76784916596612
28350,37.7432248467902
28351,39.423948900498445
28352,39.04068910572228
28353,36.11861465046181
28354,35.50545592947742
28355,36.06086501225204
28356,46.44035148382941
28357,35.30475890586581
28358,40.84030079141223
28359,37.25153087414578
28360,36.04361902526795
28361,40.931225121519404
28362,45.16446486768954
28363,40.27611598549032
28364,42.35835574463363
28365,36.34771707787394
28366,40.27636764727501
28367,40.91754664062781
28368,42.030419868770934
28369,35.834591247421905
28370,36.74054252976218
28371,43.36171434573581
28372,37.73653357835489
28373,36.928951523039636
28374,45.22586720355927
28375,37.7537904941189
28376,46.66268966386853
28377,45.33405975019454
28378,36.13106086227598
28379,35.13136351297169
28380,39.352434475552926
28381,35.621415941452355
28382,39.76815887345095
28383,35.816505662216365
28384,29.828725096356404
28385,44.074467044841406
28386,32.1487104947596
28387,33.3983809505156
28388,29.782520550545463
28389,32.59089273818046
28390,30.718420086130013
28391,33.93324614063107
28392,37.59273389301445
28393,29.929808192770206
28394,27.275443306393278
28395,29.06047522666197
28396,29.606713593782075
28397,31.16470545362885
28398,27.764058081520375
28399,37.70629255264691
28400,35.672174555502735
28401,32.193725717323176
28402,40.62531199940257
28403,36.63886864989484
28404,20.818387082600808
28405,29.886980941808964
28406,36.57818907410929
28407,33.17074425953736
28408,29.8913637287334
28409,38.530410903391044
28410,32.19800955958831
28411,26.620352062915455
28412,17.72311895622435
28413,25.660390688139014
28414,22.877923606285766
28415,41.23907918453528
28416,6.2934798286010984
28417,44.05499278347492
28418,19.649707168536576
28419,36.34584858530556
28420,39.31126350871439
28421,16.46654639473149
28422,21.910096539880225
28423,16.98453026986451
28424,19.01345873044962
28425,26.725677752271746
28426,32.15323951542227
28427,9.446144825360589
28428,3.5959556224106737
28429,33.774819131498795
28430,22.333597129920822
28431,21.24523826220091
28432,27.92249035613048
28433,37.4450354434131
28434,35.866070248145654
28435,41.74023764503717
28436,41.97991453283572
28437,36.652749437286445
28438,38.80499314561188
28439,35.70294603417092
28440,42.33439952811868
28441,41.32834444509508
28442,36.426390397710115
28443,40.625109358473054
28444,38.02222177047452
28445,45.00150355451529
28446,39.4405939837905
28447,35.63916353806605
28448,38.317842119737044
28449,39.35170545287031
28450,39.6929563168923
28451,40.88017471822345
28452,36.66039475144949
28453,37.90513659107444
28454,34.61232915658984
28455,40.964661074681906
28456,39.330218992635146
28457,40.63301280766404
28458,34.69957372543069
28459,37.16851621226112
28460,36.9788622050357
28461,39.248807131218705
28462,37.55491492555946
28463,37.465053893338975
28464,37.12821816754867
28465,36.539208706546034
28466,34.78673603569387
28467,36.41008688545863
28468,40.00000873035332
28469,19.52391371322686
28470,27.490930983015797
28471,25.586427203289325
28472,18.415397480106275
28473,24.9165016310824
28474,18.320760554015692
28475,22.251161174562615
28476,10.690792612427245
28477,13.68396827721115
28478,27.247677213126217
28479,16.21273313013401
28480,26.288241675874517
28481,16.08777965010722
28482,26.04041609793512
28483,14.265451543112116
28484,13.827582097918071
28485,12.225302126570126
28486,16.323924402984204
28487,27.757665288153472
28488,14.01773828822527
28489,21.04991427202804
28490,15.90957691565091
28491,21.866009645432097
28492,19.945393263676966
28493,18.99833756153057
28494,23.83911599983483
28495,25.776256411990833
28496,35.46367716178885
28497,35.12762098381932
28498,18.571806632196648
28499,31.478117483009484
28500,29.2240436650052
28501,28.97821859390335
28502,27.251786349775042
28503,9.548967977920489
28504,24.88307935698062
28505,19.686103169971048
28506,20.90967819616506
28507,16.64185258449608
28508,18.847403284209186
28509,15.934593931425272
28510,52.84529286103672
28511,28.902012649313072
28512,22.78231615982654
28513,26.664951331294535
28514,24.565634337971915
28515,17.567884144578002
28516,29.031035624757937
28517,23.730119611504353
28518,17.673165098337616
28519,16.940323892253733
28520,12.685105479899589
28521,24.82842800472591
28522,19.950364627297137
28523,24.08673922163442
28524,31.00568577805998
28525,24.475454713023424
28526,33.10177487021929
28527,23.866800424803554
28528,56.1498226283404
28529,21.702157404682254
28530,14.39369020150192
28531,24.69256492651965
28532,35.55353899807695
28533,20.6606600804002
28534,23.94542066117067
28535,20.429204375760968
28536,25.277792559054404
28537,14.39102897503762
28538,20.86065888233915
28539,24.67902862555274
28540,28.791629833337172
28541,24.277154942628744
28542,13.735978141655007
28543,23.54679258551684
28544,27.77484823664838
28545,24.69728222087304
28546,18.983859311883123
28547,23.298444612366907
28548,11.393748680183005
28549,19.4151728185153
28550,9.454252674227599
28551,14.915323535432051
28552,7.377112784478724
28553,19.625376724231923
28554,11.075438720938195
28555,18.956163841873146
28556,21.479836908862
28557,19.02218986313647
28558,6.950321567301585
28559,21.46171782632049
28560,21.187573608591368
28561,23.21005492080051
28562,25.595643872256623
28563,18.963180121683926
28564,23.96306752175512
28565,24.32947024455944
28566,16.819604200600576
28567,17.73799459292767
28568,20.855714069722076
28569,42.35064354424846
28570,45.29018928154398
28571,40.515962875180946
28572,72.82379230635009
28573,39.292878861207925
28574,39.34944475096183
28575,46.04919377611287
28576,46.955834339139805
28577,49.44206835775451
28578,82.06812694448273
28579,36.9152882801993
28580,50.216851011044504
28581,51.164798948821854
28582,46.52589547952229
28583,36.52723599512842
28584,54.75559075774808
28585,42.71143936637261
28586,36.80857046479113
28587,36.35384647590436
28588,30.680560072291343
28589,53.19032221653848
28590,50.75087501335331
28591,43.59278353857486
28592,35.590619968430865
28593,26.42484246232774
28594,39.11816941629654
28595,57.87563699447404
28596,48.46170344376407
28597,35.1690537366497
28598,36.06538636631894
28599,39.08839359022745
28600,37.074198493992895
28601,42.090600713484456
28602,51.61836240670466
28603,37.29634767232891
28604,37.96417685372738
28605,38.78788774045829
28606,38.18568395660683
28607,45.98035920838522
28608,35.14544462892978
28609,41.709708653483226
28610,45.9529498350103
28611,49.4159877282497
28612,44.341124271365835
28613,56.33552321426899
28614,34.06717872794025
28615,37.58247153585482
28616,39.259066786894884
28617,41.99073365845436
28618,41.36838719828179
28619,40.72531499574509
28620,85.45039254993051
28621,46.128142219156494
28622,39.00712198857716
28623,36.864618378501945
28624,59.45152271370908
28625,31.13119554453058
28626,58.566505861929244
28627,23.190665755235187
28628,69.9886088542667
28629,42.49971806637077
28630,45.56538645484893
28631,35.8015924837928
28632,30.914862360817512
28633,45.99388010417216
28634,31.220925328106972
28635,51.044762590163394
28636,38.59863516789559
28637,48.522283014906435
28638,34.70101808429113
28639,30.614334227498624
28640,36.45382389415924
28641,32.21474494395307
28642,38.71980521023449
28643,17.29136661112532
28644,39.96286536240813
28645,37.9847133344689
28646,40.00515370137798
28647,29.221332011676076
28648,33.07343510563709
28649,81.8033747246375
28650,65.60719459398771
28651,69.44705596128371
28652,72.88115705475808
28653,36.400070946368594
28654,38.945420574211155
28655,43.33641284830223
28656,39.917907181490094
28657,35.324611170875066
28658,67.72310909325724
28659,67.4327505895695
28660,66.3314631233816
28661,35.90771293587286
28662,70.0648685674773
28663,39.68914109259497
28664,17.130819229358515
28665,38.28953898362118
28666,23.250081021717985
28667,34.98967818796006
28668,37.67100801620945
28669,53.787598382636105
28670,41.90889382028002
28671,28.271927001232875
28672,47.17374172436769
28673,35.62363541854307
28674,51.693610913516366
28675,36.879103835619915
28676,47.02143689104013
28677,38.468589386505734
28678,56.40175417704491
28679,44.10410391966448
28680,53.63575466142754
28681,34.30566719620178
28682,31.863792808572217
28683,36.13852030515487
28684,56.05379165159253
28685,39.11282550279507
28686,34.84791074342494
28687,38.524507469655774
28688,39.99439823068843
28689,40.98544224514934
28690,39.294382882018795
28691,37.19103584200421
28692,38.15984063643278
28693,36.99492710578109
28694,38.60819432191785
28695,36.871122939734846
28696,45.45324826505835
28697,40.97497249606172
28698,37.76374499626541
28699,39.10198801110787
28700,38.674564845968305
28701,35.581761077349945
28702,46.811964467956365
28703,36.77190627919542
28704,36.36410529043958
28705,39.53669851750263
28706,40.602841714684395
28707,38.439758478593966
28708,41.65233537377991
28709,38.33462641110139
28710,43.636437518043735
28711,38.14877470821474
28712,49.19951463750601
28713,44.657076293889006
28714,58.719686986516706
28715,36.3078187145717
28716,25.964069086090753
28717,25.160435129708226
28718,12.915084533919666
28719,11.908960695402245
28720,21.8648864708119
28721,18.636258192856495
28722,22.151643259334165
28723,10.414673459945844
28724,20.700408633153238
28725,30.67615191434519
28726,15.107404978643178
28727,23.822436370317664
28728,17.733748165680375
28729,31.72674836248223
28730,15.605447995224782
28731,15.598929609071684
28732,27.365826837505075
28733,20.735638866681327
28734,21.706998814265667
28735,27.88307071738006
28736,17.306693867871306
28737,23.746254748266693
28738,24.19538211261195
28739,12.36660467444811
28740,13.023341900634543
28741,18.86104214161551
28742,13.329598719039414
28743,19.883733553056192
28744,21.540945113657333
28745,15.619720053224599
28746,24.939898877422856
28747,23.247570635316986
28748,30.545075089478143
28749,19.236611604722746
28750,28.52260526945696
28751,22.265446553950472
28752,26.546707977812588
28753,25.708844829239496
28754,11.606372981012768
28755,19.213205911168465
28756,32.73330708293689
28757,27.969097397575755
28758,24.530229375581385
28759,28.236094876412835
28760,23.475379220521553
28761,23.287757472877377
28762,20.88414691639466
28763,21.799590075634477
28764,24.12681256298324
28765,15.040496000952432
28766,20.14269221429643
28767,32.82690977011616
28768,22.80305270310171
28769,20.57004888632574
28770,20.770345442248544
28771,25.91432649518517
28772,18.862364569600043
28773,20.79635404901427
28774,23.509049323456694
28775,25.430600062151314
28776,23.125286131275207
28777,29.194657190503783
28778,26.689701305078447
28779,30.89707210866432
28780,18.41308434908605
28781,22.281063732700428
28782,19.2974324913469
28783,15.420124528656743
28784,22.50019232526909
28785,19.33700324561816
28786,23.12099892417566
28787,25.274640227745106
28788,36.48586568317853
28789,24.488651717431985
28790,12.152903072156526
28791,20.2094746160403
28792,19.343441449419203
28793,18.907106803675557
28794,32.64607647916606
28795,20.227177880716145
28796,17.571089830142114
28797,21.97022188106944
28798,20.563341332882604
28799,18.229684591387226
28800,32.40800950806329
28801,26.457965250204538
28802,47.879191312443545
28803,49.748682262612114
28804,83.21911246793398
28805,88.22802353500254
28806,58.54406092596921
28807,44.2435285714749
28808,51.26723115275823
28809,69.02545553219797
28810,54.99409201469835
28811,37.660197940703526
28812,67.49906140880978
28813,88.20726752093164
28814,41.282831438263685
28815,60.72821585264217
28816,55.13565455184428
28817,62.753481816799265
28818,52.391694724587985
28819,51.95458223137622
28820,38.60914961908005
28821,45.986131567697086
28822,47.37225229905669
28823,39.023251136612686
28824,35.04046636660388
28825,59.00239683342553
28826,44.74575715293027
28827,64.62230983652044
28828,56.174385721571284
28829,34.80618867028658
28830,43.04188488251675
28831,48.85225215364653
28832,32.6109119458806
28833,59.12795701199285
28834,61.63820872769134
28835,46.25108493738928
28836,36.1361156008725
28837,52.16893459504146
28838,75.1651098682492
28839,56.824552126877954
28840,64.55378594486136
28841,48.19488631695896
28842,54.37173435886453
28843,71.79218011456918
28844,33.912878617860684
28845,40.60545736203564
28846,87.16375091711316
28847,54.192418225275304
28848,58.011381979692736
28849,59.47254612094696
28850,39.1687264411216
28851,42.754157170268144
28852,58.425285886904035
28853,58.645237887593275
28854,78.17905008267304
28855,40.68736964728397
28856,34.84099934543447
28857,33.293080419418445
28858,64.8339467546261
28859,40.75390642471379
28860,73.47677814760254
28861,37.68991470694027
28862,42.20348607236205
28863,57.37968508577634
28864,36.62437372691467
28865,36.2635789987265
28866,40.26257443394596
28867,36.94530007647361
28868,38.09605749114643
28869,38.6509991471007
28870,45.136253347517965
28871,26.779260633354248
28872,40.17289757530362
28873,34.11685542520729
28874,36.44148523377718
28875,38.569878936339414
28876,39.613586971197385
28877,44.60121935551011
28878,38.74594567615977
28879,36.09235085218576
28880,35.07159987526477
28881,47.79637453346028
28882,42.52737805092196
28883,38.22715723283847
28884,44.85656661541151
28885,36.70845180036069
28886,36.70637097116759
28887,42.44091633688837
28888,37.752363930801316
28889,43.08867066346346
28890,45.26756006932394
28891,36.20097780563638
28892,37.972141432667904
28893,39.641925820843426
28894,36.2327314297695
28895,38.392634242349175
28896,44.60298019034503
28897,40.058216162695686
28898,45.348607959805285
28899,39.07328293537187
28900,39.458336799500536
28901,45.886990874186125
28902,34.46410572890144
28903,41.403114395886675
28904,38.100479743155454
28905,43.49341968702613
28906,46.75172371333671
28907,63.73705632199503
28908,41.303809111359655
28909,45.04374390928361
28910,45.51721287445415
28911,40.890036121569985
28912,46.7266060131525
28913,38.162676684453906
28914,37.15726571454942
28915,34.46128951320206
28916,42.38143227290049
28917,42.396828596383045
28918,42.680198807756604
28919,40.07473555263439
28920,37.63655015914074
28921,36.859063967302596
28922,54.191053457028914
28923,39.23181618676306
28924,43.585463026363
28925,40.25902502819886
28926,43.72231060519723
28927,41.04952846373884
28928,43.74287321927227
28929,36.780959163065695
28930,37.903376967757396
28931,39.819703754101276
28932,42.77619524644581
28933,41.7960028601592
28934,40.715376486288946
28935,37.200383322034185
28936,39.078656335665144
28937,47.26923016702215
28938,33.654533289340925
28939,40.99121440833302
28940,39.745963751911795
28941,42.23074144916836
28942,36.73117454853175
28943,35.83698816139066
28944,37.52853126382454
28945,46.305349998580695
28946,45.25793359285294
28947,36.85546189518264
28948,39.385016438904316
28949,37.12092476091623
28950,40.036891815718356
28951,38.332196741204925
28952,41.06408767803472
28953,38.80658784565634
28954,42.20424862995926
28955,36.32863191688629
28956,37.85463563457943
28957,36.82215672849437
28958,41.863078189205964
28959,38.45553634354021
28960,44.750016290366766
28961,51.445740381493984
28962,36.98631523543531
28963,23.330377936321646
28964,40.55933933532827
28965,18.144970570228846
28966,32.21015703974331
28967,13.183334403784075
28968,44.3435315737176
28969,53.80519941618505
28970,5.471913449727516
28971,52.68587300310084
28972,12.439233040155619
28973,27.43957062294878
28974,17.520666460727234
28975,53.69693958068539
28976,46.401421890601156
28977,57.54003433441055
28978,32.70877623607242
28979,21.45530114773151
28980,47.06235449563409
28981,47.83156897643604
28982,22.80003631488149
28983,33.33214828896198
28984,35.00136966550631
28985,35.425193443700906
28986,37.436753813143824
28987,37.515312260338334
28988,41.326994470644216
28989,37.21139739673005
28990,40.967130665444216
28991,36.74655313878618
28992,38.52253650862585
28993,35.89466229373758
28994,37.754459336268205
28995,38.57749149145796
28996,34.8130939209553
28997,44.35117906086599
28998,33.75484567296813
28999,36.93249615774052
29000,38.6105648589382
29001,37.12083452587736
29002,34.88621157289078
29003,45.6668640413134
29004,34.46294584229535
29005,34.374830498120815
29006,37.69872524943115
29007,36.86099050596972
29008,37.66240704392068
29009,33.86109401463495
29010,37.02181163032115
29011,38.7263719235902
29012,36.3162701015101
29013,33.22081196029369
29014,36.47124956981479
29015,40.484087739143185
29016,35.53694772612556
29017,36.77347186732716
29018,36.45674353024876
29019,34.38396260909069
29020,39.08270137210326
29021,36.5632223133101
29022,49.688615878117545
29023,35.84424218552445
29024,37.294625374557484
29025,37.72025529559817
29026,50.69742929252174
29027,37.00053967377345
29028,35.36756373374691
29029,43.089164250293294
29030,36.118193938765174
29031,41.77681463366867
29032,26.98409967987266
29033,18.611338026249683
29034,25.178233442916383
29035,26.139946074742017
29036,32.827620564977394
29037,33.50200247479536
29038,22.06533540139745
29039,29.116181149513107
29040,32.693772434317616
29041,21.926402894648664
29042,20.96021450340556
29043,28.151140191144663
29044,25.593607653802287
29045,27.059407544695457
29046,17.501734147228902
29047,24.408505095224143
29048,21.69918031584998
29049,25.86172125500275
29050,18.902535806068848
29051,32.11516718524588
29052,28.14993535623195
29053,22.349399365708713
29054,8.48143414890516
29055,22.68621140252544
29056,27.524743797438592
29057,17.27923683922961
29058,24.842243951365827
29059,15.54061404331114
29060,10.031396078741542
29061,22.53130775955206
29062,24.61208928735369
29063,11.348396504017085
29064,29.822016896440157
29065,15.594333839886227
29066,21.904917619754933
29067,23.5855742149139
29068,15.993956306022401
29069,11.42617375161386
29070,11.979001357392017
29071,15.117523379069128
29072,6.812453459077214
29073,10.38041281923894
29074,24.649007606457644
29075,15.36593068004125
29076,18.864472465282645
29077,12.714887251163
29078,15.994761721699533
29079,10.110552656887002
29080,12.515956892716371
29081,22.082330241802406
29082,7.166142799387961
29083,11.882533079821487
29084,11.804559560744957
29085,19.91351538863151
29086,6.796403186447391
29087,8.675767184562593
29088,14.262920734919648
29089,15.899835825321603
29090,15.274865779615624
29091,3.469329337371509
29092,15.061462690260935
29093,30.953436398253043
29094,20.3506941337223
29095,28.30318971575426
29096,17.972661313435285
29097,18.43127556414023
29098,14.770920135135027
29099,9.19736383206135
29100,14.384953560911816
29101,15.659332059672243
29102,22.102639698162644
29103,7.337642254237554
29104,9.3017064247562
29105,10.624945981727736
29106,19.853146116072168
29107,21.968805324200886
29108,6.6953985728572665
29109,18.83224696386594
29110,11.671157253320509
29111,21.10555063093064
29112,22.311077358624487
29113,22.214407190224648
29114,24.762872271675835
29115,16.878034154385343
29116,16.008413996738632
29117,13.016121641374978
29118,20.694471276555134
29119,6.0056612989019875
29120,15.2996518305177
29121,18.510521685436782
29122,9.917758692786567
29123,8.928154582334537
29124,22.32574838289739
29125,15.819481904390686
29126,24.941371184484613
29127,36.58202470593868
29128,43.26152438640509
29129,36.52617988206519
29130,42.15377381974834
29131,39.1186205552463
29132,48.99304576226423
29133,40.86830323011968
29134,50.57519449382148
29135,38.64423221520695
29136,44.57874948817351
29137,40.228215801641404
29138,53.95859642118782
29139,42.501948677903336
29140,39.8751286388121
29141,47.17565800106044
29142,41.63547017544
29143,57.23240293683969
29144,83.90316537675187
29145,53.90286437233133
29146,38.998434010908646
29147,44.31287869697771
29148,50.02491621693684
29149,46.16778562822171
29150,39.038388888948774
29151,57.56633679342299
29152,41.21442277969123
29153,42.85964629634411
29154,50.517747974458594
29155,42.483516109978886
29156,42.07537756318603
29157,42.3454111565155
29158,38.977183344766836
29159,45.057308708136425
29160,44.934549604586266
29161,40.839184394368786
29162,41.2215175550945
29163,40.02412539870812
29164,61.383586583990905
29165,54.84472806762676
29166,48.12662238030741
29167,41.84588998067814
29168,49.057301371589084
29169,41.10528795996244
29170,41.4218484908262
29171,44.002856608594044
29172,44.922182361944394
29173,35.37144059377788
29174,35.741588946750106
29175,38.1023759711845
29176,39.342546244067655
29177,35.71136032394574
29178,38.65717696340468
29179,56.347271748643074
29180,45.13547293307622
29181,36.87282857293165
29182,64.67791641886588
29183,41.57908528844725
29184,35.54036775059305
29185,45.999672087279066
29186,39.45384204093907
29187,37.07330287125232
29188,35.056642821529515
29189,34.27869324564391
29190,39.20379562299737
29191,42.20179920678647
29192,41.20765649557665
29193,41.87193653396664
29194,41.00944812997755
29195,37.84423830600327
29196,26.692439244322134
29197,24.567366313463776
29198,66.38488354974285
29199,16.75710779947007
29200,21.358810164169423
29201,11.282145662619254
29202,23.57130830479418
29203,17.592869042997815
29204,29.635746202626784
29205,30.307533018066376
29206,29.79281078819624
29207,28.699424194415098
29208,33.225516109554995
29209,37.929819741791114
29210,19.59134801884014
29211,40.410585629491884
29212,30.050008968243908
29213,33.36982951155996
29214,27.385295095242356
29215,33.80995209040542
29216,32.281553384470556
29217,30.33692181458108
29218,24.23488896748708
29219,32.9007404192056
29220,30.846764533321487
29221,40.82485168608096
29222,43.78177270537375
29223,43.4188873242901
29224,38.55558539827028
29225,36.94348576724382
29226,32.92680206606195
29227,32.14985515274433
29228,36.29877193773829
29229,39.29457127983812
29230,47.11851953385419
29231,34.23272317321478
29232,37.26290664059451
29233,29.59548387095499
29234,38.09761282997618
29235,39.49870136475745
29236,40.06249493211467
29237,41.03502250843419
29238,24.979730049984102
29239,68.47187748423559
29240,28.718121104781364
29241,33.18143460735664
29242,40.48810156578222
29243,35.95919810804751
29244,26.804571994832404
29245,39.91638043021359
29246,39.86360005807381
29247,37.92310446477369
29248,38.5281713747369
29249,43.073529167018556
29250,32.76236398606671
29251,39.17418701008911
29252,24.138621062592858
29253,30.74133284024821
29254,33.207297372116436
29255,39.629777713303696
29256,37.74398750808792
29257,39.005527751900246
29258,38.490221221998056
29259,35.308521901858
29260,35.81714314288815
29261,44.189404361079816
29262,38.453666119687206
29263,37.487757328992984
29264,40.08001767981738
29265,55.4853148224652
29266,40.54721207539814
29267,36.01492134872467
29268,41.346333748968014
29269,37.73188217661442
29270,42.69568614136407
29271,39.85767291942368
29272,40.26759408274226
29273,38.62055475106727
29274,58.93645252437508
29275,42.94815726765844
29276,39.664003764314934
29277,38.542055808426746
29278,51.2290743244542
29279,50.46167349590789
29280,40.071530651304364
29281,39.045440926935115
29282,35.30526362381689
29283,32.424954740308884
29284,26.241589823293282
29285,34.1817950591242
29286,26.0401157461881
29287,24.011620711551807
29288,35.51135320782514
29289,36.79263340146587
29290,27.085427212994034
29291,54.73022542122885
29292,33.07538607805684
29293,15.761363932200513
29294,13.408237367968558
29295,56.613250461686526
29296,22.726075972816986
29297,26.743445920847208
29298,26.069125444370787
29299,24.66106489234584
29300,35.04062720822368
29301,25.338836419802615
29302,85.2763605501276
29303,39.806978659097894
29304,31.173458870823914
29305,50.952000004482606
29306,34.457424449384305
29307,49.89220144793291
29308,67.3096034843162
29309,20.963588392774902
29310,56.559002993689575
29311,19.818580730447195
29312,57.81636735524919
29313,54.56909564248479
29314,23.375908077868942
29315,20.714327261538394
29316,23.26128492011503
29317,27.186026563370813
29318,17.071457468919863
29319,18.334288164915407
29320,23.913836369684848
29321,29.254494499212004
29322,30.621846881853617
29323,25.8674523493389
29324,11.948478769954736
29325,21.72854747698861
29326,22.81271877708584
29327,33.466667020010306
29328,31.87032284625631
29329,49.61907688727542
29330,20.584103480285826
29331,21.52422172340023
29332,21.39707092587915
29333,28.57116747307887
29334,61.70063943586471
29335,31.34779996156416
29336,39.60947432192141
29337,21.924877083575915
29338,15.735324485745199
29339,25.030150891393312
29340,17.13126317839464
29341,36.34662575248247
29342,29.406166397283723
29343,22.96257369068554
29344,24.505045478911892
29345,34.65065969162907
29346,33.47400978209739
29347,31.771314761936697
29348,32.549851242349945
29349,26.05085368341692
29350,37.97436565536051
29351,10.02134894003734
29352,34.44968566094377
29353,5.001037221716787
29354,23.89583779360772
29355,29.027541765995768
29356,36.55895787296658
29357,26.237615180882717
29358,25.385309279987236
29359,27.47501030455205
29360,18.290404012845325
29361,21.919319890148746
29362,29.74255365365184
29363,21.43884902206433
29364,20.24471872446652
29365,20.31938960850686
29366,39.44639117813728
29367,23.488382518341982
29368,33.241325178414
29369,16.472546332386685
29370,7.025109589018156
29371,25.621091011724832
29372,33.70015688832558
29373,31.29854286703879
29374,33.94243307371731
29375,24.175291913400912
29376,23.15812951794889
29377,20.413253223508928
29378,22.4943881455348
29379,25.49887345512327
29380,25.90389182749246
29381,19.602681228919703
29382,24.00768416920657
29383,18.76770278021302
29384,15.33713687556291
29385,25.41901647650849
29386,21.55905777120556
29387,20.66965117343376
29388,15.589804521011244
29389,25.524400585784704
29390,22.46319677113054
29391,18.428453489304136
29392,20.707845544469347
29393,31.59205882800169
29394,14.904483926485284
29395,20.220771264446032
29396,11.950904431235838
29397,21.900904862638722
29398,20.880344334816666
29399,31.578895580186376
29400,25.08082414214661
29401,25.17070160289162
29402,25.405050857295734
29403,21.116310780216654
29404,20.326595943181772
29405,18.57618696902246
29406,13.714741793361256
29407,22.950034221290057
29408,19.720873292119485
29409,25.447998677038775
29410,22.914615319727528
29411,14.37302767329521
29412,6.3324975756609545
29413,14.181265415256163
29414,0.46143389921685807
29415,12.08607667902949
29416,15.746437286554364
29417,44.894807942848345
29418,36.84493606798207
29419,54.54276654697354
29420,37.27972133142587
29421,44.51423548340042
29422,42.22469559531288
29423,42.664175930411055
29424,53.04629952873595
29425,49.67233712842368
29426,46.63025649228015
29427,35.6665031809908
29428,38.07566693687419
29429,40.0703276096835
29430,34.97093310128087
29431,44.224809062906765
29432,36.86182792492048
29433,41.49886947294108
29434,45.202087736399676
29435,37.93707205027396
29436,46.055635863473505
29437,36.83240566295918
29438,38.47364354894733
29439,45.2694402533414
29440,43.678049914145966
29441,37.73203313320709
29442,46.10077890397295
29443,43.73891694000639
29444,46.213848862320155
29445,37.61793489291835
29446,61.45035873506648
29447,37.153971795954526
29448,38.24873118959889
29449,34.68701618520242
29450,46.55461400870665
29451,36.23631865640236
29452,36.223478071673874
29453,41.60600615947069
29454,42.317335179668376
29455,34.92110164875986
29456,31.04315343404783
29457,38.554766974596035
29458,38.93386871583886
29459,35.256052903787904
29460,44.57355452537977
29461,37.675403568024024
29462,46.31645281788303
29463,40.11037278041441
29464,37.035728736873864
29465,42.00312789206141
29466,44.61198235997115
29467,45.143469529176485
29468,37.394577467107716
29469,38.45973783528486
29470,42.26805466009087
29471,38.053026975878865
29472,37.00214233652485
29473,43.436569347227625
29474,45.553616641662295
29475,52.562658359359204
29476,36.49902328769122
29477,34.80438282394799
29478,45.57740023077864
29479,45.5699792709923
29480,41.507549062466474
29481,39.15722418068483
29482,35.79575249328792
29483,43.445708050456965
29484,51.37434250002978
29485,45.66369465944005
29486,38.44934957494846
29487,38.267216121752284
29488,57.078457113469945
29489,54.26447620643119
29490,38.2312499795469
29491,39.045055980494055
29492,44.466079994929196
29493,36.11585946211633
29494,37.10428215736726
29495,48.549469990581166
29496,37.69847059344877
29497,46.657464975570996
29498,67.4684895964841
29499,35.676657433964785
29500,37.639307925208
29501,38.353403868957564
29502,44.0717573592945
29503,36.11901301920211
29504,33.64189628902328
29505,34.647975586568094
29506,34.700316850864624
29507,27.45404699832114
29508,75.02119295091344
29509,70.68462526444507
29510,21.623261724558258
29511,27.80275153831055
29512,25.891770824814323
29513,23.478323395706315
29514,21.505278154299692
29515,70.2654721889657
29516,28.45641375942593
29517,23.37267898205762
29518,30.47098961866315
29519,29.651678574994907
29520,17.21023843049808
29521,20.905769335328493
29522,37.7637945086836
29523,37.91802933131022
29524,53.372373531765845
29525,33.53098748116637
29526,28.21582404768735
29527,27.13246460501018
29528,21.863583672301342
29529,19.415442314346738
29530,24.27565393972807
29531,27.307680409465508
29532,22.694916857174018
29533,31.764332099391453
29534,36.061770255504534
29535,35.28927467259725
29536,64.59476559086279
29537,24.775396259675926
29538,24.047361407307722
29539,28.087828172815748
29540,28.767800828093264
29541,27.679338088999334
29542,50.269758417782576
29543,33.56319512056166
29544,18.515323154950778
29545,28.776960968694475
29546,29.322784377442794
29547,37.507985629415195
29548,36.43152636127278
29549,32.92740442860882
29550,22.530322171285864
29551,24.219850284055475
29552,77.56636827524784
29553,23.674026325913147
29554,17.237703429053255
29555,25.212362329850475
29556,25.07315217991356
29557,28.661929229096636
29558,18.98789290929759
29559,24.796986179505293
29560,25.370333131832144
29561,30.157050132853314
29562,24.511430964133414
29563,22.618137286104552
29564,28.500406399679346
29565,19.419236124732162
29566,17.97518991714241
29567,52.94040627246823
29568,20.921110483777593
29569,21.862292906442466
29570,16.81703033614521
29571,19.166631179834347
29572,26.645231041218302
29573,22.73816852695875
29574,25.04624904663358
29575,24.664325701015557
29576,23.544494305932083
29577,18.846541191779913
29578,29.060093912109785
29579,21.590639840750203
29580,22.614399594657787
29581,56.63915003242977
29582,27.234212815680664
29583,21.722223739938073
29584,26.94172417984836
29585,22.517800058173115
29586,28.036580386075055
29587,16.417380697194986
29588,23.78308182549446
29589,22.986308999141077
29590,21.22482285119587
29591,17.496199249145292
29592,22.095868263013823
29593,36.54504292402448
29594,29.475341787914118
29595,29.275355895252687
29596,14.448920899972556
29597,10.357184100721138
29598,33.60339027052304
29599,36.60271081823011
29600,23.603933600580454
29601,23.903187811679633
29602,26.154467382595406
29603,17.21922395426618
29604,33.16578802993507
29605,40.86288024999103
29606,48.761777525060324
29607,69.02545553219797
29608,52.66622932979599
29609,58.894423444543555
29610,58.566505861929244
29611,67.75837012829406
29612,37.895484830441596
29613,83.21911246793398
29614,52.13965068852521
29615,42.60956691216791
29616,33.835181713984255
29617,37.533624420787866
29618,43.51669632296667
29619,43.49885682684217
29620,76.52713714315563
29621,41.32829230940459
29622,64.42082748548357
29623,58.867258960579726
29624,37.263388037740285
29625,66.40406515770202
29626,36.94941961520825
29627,55.011599045777274
29628,54.95845065254658
29629,63.942312039086616
29630,48.20551511243447
29631,63.72181835090413
29632,65.39873051779942
29633,51.04437303349287
29634,38.25852263077133
29635,60.72821585264217
29636,45.318238371600074
29637,40.272263906637875
29638,45.050613233592564
29639,62.78163736489174
29640,51.44980661289482
29641,67.3421073305457
29642,87.16375091711316
29643,41.862912615974864
29644,48.193386637578726
29645,83.74447234851971
29646,45.394937530978446
29647,55.13565455184428
29648,43.978883214396745
29649,85.45039254993051
29650,57.25775811859006
29651,73.52609096436238
29652,57.26614909443992
29653,42.926635056762464
29654,67.24560557985443
29655,40.021835037935624
29656,45.63952291638526
29657,34.926101127597896
29658,45.05526994657832
29659,39.95457741591448
29660,46.511668744623506
29661,36.446581982278
29662,38.26793856547356
29663,41.60248548187301
29664,40.05438537219909
29665,57.223802889187326
29666,66.40961245596468
29667,57.35168984819879
29668,55.64985058926361
29669,54.57970558713062
29670,60.937133728174246
29671,52.18964866410286
29672,44.04252943302985
29673,45.321028351182264
29674,70.46635710306877
29675,56.502091573490134
29676,68.62768388008337
29677,64.87950227885402
29678,69.02487614920588
29679,58.474726508314745
29680,67.74278176611125
29681,68.10762062288487
29682,57.156491543519245
29683,64.72960790566528
29684,70.63137432004501
29685,69.03831061830374
29686,43.88932161402686
29687,55.36120090997126
29688,61.15381250191455
29689,57.04479405894153
29690,52.97731999989362
29691,54.90396526859081
29692,56.483280181134376
29693,67.26471885963892
29694,50.120959525608335
29695,20.753113825093383
29696,41.74445553352315
29697,51.802867095471555
29698,51.37627390976127
29699,48.03141840721374
29700,39.76391199771663
29701,65.85606997282767
29702,47.291055957426586
29703,35.1085325417953
29704,62.76193373352144
29705,42.95366562647346
29706,44.50737354787071
29707,38.12752984760949
29708,41.70567139535112
29709,43.78483037936555
29710,44.79319919290112
29711,45.11432940290908
29712,34.62839625424085
29713,39.948824062579746
29714,62.56139101671982
29715,45.40150772929354
29716,51.93270901627303
29717,37.89373768294007
29718,41.329197136257605
29719,41.03592168189684
29720,46.181285927057274
29721,39.84874460876901
29722,35.31603650549499
29723,51.883682909525824
29724,45.1039637375418
29725,49.01107665582066
29726,33.871237063538594
29727,34.60380021662643
29728,33.296465580075655
29729,36.36027632200043
29730,43.86106018322833
29731,36.81373375723968
29732,34.63086054030323
29733,42.77987064692768
29734,39.393547390221514
29735,39.912023132191834
29736,39.609373905223364
29737,30.086074914825765
29738,43.09550790595328
29739,44.456347986704536
29740,40.525639542657736
29741,44.146851531489276
29742,41.46423193066767
29743,40.91074371990759
29744,39.946639070450445
29745,38.07441457574299
29746,32.715729062304106
29747,40.0559319023949
29748,33.4775478423434
29749,38.23081719010984
29750,41.85878642514173
29751,37.96635126985677
29752,39.80022355367974
29753,24.5455689995543
29754,21.009201260480506
29755,43.85529104280965
29756,33.64042046999559
29757,32.879248825023325
29758,43.68353588830594
29759,39.298365527733324
29760,40.55507986594339
29761,39.970282867716506
29762,43.006391795214796
29763,42.46617471882591
29764,44.36029231781705
29765,22.02728140327448
29766,41.3214838471974
29767,34.88678910515964
29768,21.147031624521762
29769,18.95751477096311
29770,40.37377410320369
29771,22.337107162658562
29772,23.6196079078437
29773,25.92306492470456
29774,40.743213862001845
29775,77.15480215331654
29776,44.99263195128333
29777,40.83581359870382
29778,49.14114290654514
29779,42.538784097650364
29780,76.13937001626009
29781,38.74376415083913
29782,31.521156104494363
29783,36.90684234686238
29784,45.315325464447405
29785,74.09693890332858
29786,50.401368714353126
29787,32.90290399251705
29788,56.700753005181916
29789,41.6568249552126
29790,58.3669108921348
29791,51.77050178044626
29792,42.35835574463363
29793,40.11806405169869
29794,56.76942496938405
29795,76.13513473314545
29796,52.6683047579209
29797,43.627098676135056
29798,75.86986768621908
29799,42.45932827016349
29800,41.94906338769861
29801,24.80488906387151
29802,37.06622142112322
29803,49.86018339756709
29804,63.32983068829973
29805,36.57818907410929
29806,51.47170855888947
29807,56.302087095619775
29808,38.760956100806965
29809,31.607490460516935
29810,32.70808677329667
29811,38.12525167678179
29812,42.33013700656051
29813,53.65515706185322
29814,45.076898541016504
29815,56.550716946523416
29816,61.38786027496123
29817,37.433442375131875
29818,33.47416380114061
29819,57.974562795411465
29820,38.09334302286395
29821,48.67248777531931
29822,38.47910178601821
29823,59.78908516259395
29824,67.0944986639835
29825,44.851264137974916
29826,43.126365256659774
29827,27.377278807194187
29828,21.512289145384376
29829,50.90439710380452
29830,40.518399556472104
29831,66.5715096185474
29832,38.15388843784509
29833,38.64511835962566
29834,44.68733496764001
29835,44.3574108535732
29836,53.98415718200116
29837,37.7537904941189
29838,45.61769596827278
29839,43.81343780142998
29840,40.58601137648915
29841,36.81402847986296
29842,36.07632708607363
29843,41.26436309767243
29844,46.100631112289925
29845,35.70013982634428
29846,47.567937240789064
29847,45.9409971933555
29848,45.12802014603785
29849,43.348226238226935
29850,42.52455648019073
29851,39.41067489124917
29852,20.296688608061583
29853,45.315819605291885
29854,40.95532003461169
29855,35.75313637930364
29856,46.67760560412239
29857,37.33429059366261
29858,38.87403163105827
29859,26.446944260637554
29860,34.78641541018326
29861,32.88827734537518
29862,39.38622753222094
29863,33.16556058414635
29864,22.929693627342218
29865,34.60574549216576
29866,35.96915509361256
29867,38.859930682001284
29868,34.815607416677835
29869,29.98138181470002
29870,40.92716102848372
29871,37.233696337293516
29872,42.57465518982164
29873,39.22083513539413
29874,38.400893758182875
29875,32.30347132322044
29876,43.50903198406306
29877,45.97505946594259
29878,32.65522279245925
29879,44.13242763990723
29880,45.28355252167181
29881,36.23503246994707
29882,41.037436888709074
29883,29.26767008509875
29884,27.385295095242356
29885,45.55637835419141
29886,31.995191274154042
29887,41.64925276078304
29888,22.062630127928173
29889,19.696727427443648
29890,45.21853062879353
29891,38.00283988769806
29892,42.429571451787666
29893,46.04693304799204
29894,44.992087153740016
29895,36.755059493273365
29896,45.52034855334959
29897,26.182919854781993
29898,43.790614314359075
29899,29.03234396521917
29900,30.608435813038806
29901,38.87605060052812
29902,35.744801832283386
29903,38.83187573367067
29904,40.48578337056387
29905,43.6380653061603
29906,39.69071714396834
29907,46.5405880443251
29908,45.618446551863514
29909,27.98409064636835
29910,38.071452149921534
29911,35.21350532692225
29912,41.35790327468753
29913,45.40483489376544
29914,31.601018886429543
29915,43.71145300181935
29916,42.74203521890657
29917,41.719854334274984
29918,31.7345708619038
29919,45.064710788032784
29920,42.948668772449686
29921,44.358166635944656
29922,41.41972635222063
29923,45.80216704184382
29924,36.69973348751148
29925,29.274144539688184
29926,41.606632721164324
29927,23.360432607116383
29928,44.64462167200566
29929,43.194482159609976
29930,40.02255229050439
29931,44.84500625645834
29932,46.080097096458246
29933,43.643041315963316
29934,35.14679174754146
29935,35.963537459920644
29936,44.26536474234692
29937,36.31247055511257
29938,33.992870306700695
29939,41.45278471904903
29940,46.397772867456005
29941,83.25664715145098
29942,40.95666877499035
29943,60.35910771584173
29944,35.752136147445384
29945,51.16339286545005
29946,39.664003764314934
29947,62.263328254066565
29948,33.843995543228985
29949,42.14728394328264
29950,64.55378594486136
29951,39.04619966789437
29952,54.02115305994392
29953,37.01019486148278
29954,40.25866088252102
29955,41.817182415886705
29956,54.903090270270695
29957,83.91290481154411
29958,35.780655691374825
29959,47.01064735917977
29960,43.05800557673098
29961,41.68428358917449
29962,57.290531785827355
29963,31.561164466098823
29964,50.24819926893125
29965,39.10809339979321
29966,35.05548737768624
29967,45.861788003755876
29968,46.992947218417534
29969,37.52261536601358
29970,36.37223733546643
29971,44.83775539742579
29972,36.495757459126565
29973,16.860529082483723
29974,49.96109797862675
29975,40.89418957475588
29976,77.50027574322517
29977,32.389614897260614
29978,47.547685217094156
29979,37.98248809518632
29980,59.45152271370908
29981,38.678426769987446
29982,41.0551336521188
29983,40.50414304776705
29984,43.91967301561406
29985,58.721977489526914
29986,42.747569504614255
29987,45.64462000358699
29988,64.87055105379295
29989,54.06357087486518
29990,51.10906733459123
29991,40.502377902488405
29992,41.99073365845436
29993,50.356720241728475
29994,41.1828287216865
29995,47.67444861149095
29996,43.59365521444374
29997,34.562289760864836
29998,25.484189925419507
29999,38.47101655430306
30000,59.21756406937087
30001,60.608979567563566
30002,24.702245641304696
30003,56.20968775657466
30004,40.547051820958345
30005,40.340789572112435
30006,34.69873924139855
30007,67.51352944427848
30008,32.8042208544985
30009,48.260912936834046
30010,26.119784638665198
30011,43.027691047512754
30012,71.5762322376032
30013,66.38729272000428
30014,42.35285843837202
30015,29.610924453728515
30016,42.01245573530158
30017,39.123349620705234
30018,31.821092736625875
30019,43.936072919218
30020,64.14702234907419
30021,45.25399223254189
30022,60.71653326508384
30023,32.507911019562044
30024,46.19522568526888
30025,52.389549268953736
30026,40.653004511755285
30027,45.074269023952
30028,59.5798904352954
30029,45.86157779548455
30030,43.913638192548255
30031,34.52199889639751
30032,32.19540850057435
30033,66.3713376573988
30034,66.56690894181499
30035,31.882639653128006
30036,33.49283453595015
30037,32.38623274114416
30038,46.675542318400225
30039,43.800128164752486
30040,41.101686483216355
30041,74.85136731189196
30042,59.98863695679556
30043,44.47238259390842
30044,44.74816567248598
30045,47.83145682438775
30046,44.89341772552664
30047,42.57623933451245
30048,43.55156986412137
30049,40.06017865293448
30050,53.600910362357546
30051,62.06202322647715
30052,33.442846505867124
30053,42.30183466419413
30054,66.5263510607689
30055,36.36454403662628
30056,40.94735436339467
30057,61.88815943443574
30058,53.74441750921233
30059,31.25266435470411
30060,54.00026183959476
30061,37.654714247854585
30062,70.44473561476944
30063,52.908547004457176
30064,28.836648661319135
30065,28.364475051163044
30066,28.8096494289022
30067,21.416936634493375
30068,41.0961279753164
30069,20.700141511706576
30070,42.396066076550376
30071,31.16801136646987
30072,69.66887615459011
30073,61.85686371075569
30074,24.175429002778003
30075,51.11721487733219
30076,39.65479348851258
30077,33.31865071849134
30078,36.75612475246641
30079,35.06010314537126
30080,24.22060415743291
30081,34.582709696686976
30082,36.474088017242764
30083,26.817184836041637
30084,33.64045079566482
30085,51.98535714191084
30086,35.25744280854808
30087,32.986667523789
30088,23.840490016007266
30089,33.28163658475259
30090,27.359265050203927
30091,36.66319471615059
30092,59.194069057696495
30093,22.42127995747841
30094,34.463786048787206
30095,56.38642773589551
30096,33.281853583120544
30097,25.265777098150895
30098,38.24053136708489
30099,18.591250609934345
30100,22.61704869663541
30101,22.311234336452326
30102,32.78256195497993
30103,18.207520007051674
30104,27.65919215117265
30105,33.320927961364745
30106,28.536116581188065
30107,28.15015042687882
30108,18.673927400528743
30109,35.77907760076688
30110,33.52944423976675
30111,32.13619050168163
30112,36.29767260276697
30113,30.877916801960314
30114,28.595151141003026
30115,16.66764624361686
30116,30.679204533361627
30117,35.0715291649874
30118,21.5693016510457
30119,30.102130402335757
30120,26.544301398976085
30121,36.90657718115746
30122,23.1078751491162
30123,25.09234040772097
30124,32.096094705669266
30125,27.627550791023864
30126,22.828022866823023
30127,33.51884355257712
30128,37.33919505560046
30129,0.4867889014490484
30130,32.27568587027076
30131,28.032286103051423
30132,21.68112970563452
30133,26.27040289951636
30134,32.796080030176284
30135,36.56736683242229
30136,20.68410590796094
30137,33.365646167793386
30138,21.203922056346965
30139,28.31559171844834
30140,39.49363195786006
30141,23.105105559272385
30142,30.845926522220537
30143,27.135793576786998
30144,32.84311668709588
30145,29.333449048068303
30146,26.86888442593915
30147,33.223788947457074
30148,20.02579405797918
30149,29.7174824559983
30150,31.533570555874817
30151,26.466218348940277
30152,22.296404685739756
30153,21.866619174402054
30154,39.375332441952544
30155,27.499065242608953
30156,27.248389435776918
30157,39.95257485003804
30158,37.15704739253216
30159,35.266751096782805
30160,26.713697852684287
30161,13.847424180643044
30162,30.179375528256024
30163,36.28584551227261
30164,38.780294973124406
30165,37.56542661362484
30166,31.320039603304323
30167,41.23849273691579
30168,38.22166715806139
30169,38.10027094874519
30170,37.659432964591524
30171,37.61458962199894
30172,32.92895376628933
30173,25.270454759417095
30174,35.068932133426955
30175,37.377458440282346
30176,29.22742390036694
30177,43.29627862503602
30178,31.762489506693775
30179,41.12551359995982
30180,17.028388300172523
30181,37.47530198816377
30182,37.07565272382653
30183,19.717925678120455
30184,38.797852529962086
30185,23.566142069033507
30186,34.95677498535582
30187,34.54382898833542
30188,25.418308704499673
30189,38.941012177592924
30190,21.19602565220547
30191,36.39419952797405
30192,39.794833220899726
30193,22.71520496730232
30194,39.103669450315834
30195,39.524279510055756
30196,59.074524628107774
30197,90.50483435472607
30198,85.35848083189589
30199,86.04503970525357
30200,26.478251596698424
30201,90.78723015544364
30202,75.90589713906921
30203,90.63117437368068
30204,90.80597441078301
30205,33.86891681924605
30206,85.47752354432868
30207,93.1924733468224
30208,24.35346382093812
30209,86.88249914652233
30210,91.39198078919488
30211,29.133214076286674
30212,86.23319199311439
30213,45.4826696225494
30214,78.52539191074527
30215,84.67755060938896
30216,89.14985922764617
30217,29.56396796212452
30218,88.33059932681968
30219,78.42951661203331
30220,34.87665327313193
30221,88.87050684380114
30222,56.89025147923491
30223,87.24219783883115
30224,32.22646337370811
30225,80.05235547395996
30226,87.7243901435934
30227,73.47286885754032
30228,30.43543400632032
30229,87.7921855953528
30230,33.566970614229746
30231,89.71922141180329
30232,76.55032649988003
30233,28.174051138472976
30234,76.10861092856628
30235,71.40997305809334
30236,30.57661404340448
30237,88.21905701692722
30238,57.155879064052066
30239,72.18986254711228
30240,32.72366577385867
30241,79.63730500241735
30242,88.60087020839188
30243,31.654513262292582
30244,88.39311366320894
30245,86.84182311411868
30246,33.6880745768714
30247,88.87237694816363
30248,90.54991510319799
30249,40.56595796400111
30250,87.57719097981236
30251,39.262907700482124
30252,73.68411037687548
30253,87.58492917840823
30254,41.866762878923964
30255,89.55962687187906
30256,82.43005072525341
30257,32.85602634644281
30258,81.26395561309066
30259,85.7431769175278
30260,28.210570736726876
30261,87.05253059789302
30262,83.52671161104728
30263,31.69918479544259
30264,77.44943417052781
30265,86.58023264974928
30266,26.157583899448625
30267,63.07694314545199
30268,88.12894381970712
30269,46.66086820633931
30270,83.86940833336989
30271,32.32637251400184
30272,31.92949863560116
30273,82.994415428613
30274,75.30263515867742
30275,32.20886347977681
30276,62.8295361134753
30277,43.84319178118365
30278,31.568552296690388
30279,47.790166497188814
30280,30.158867451180935
30281,65.14745826448764
30282,84.48405954671249
30283,30.89762414066547
30284,59.80494595359628
30285,62.88718563193394
30286,34.317712074306776
30287,77.16776051764597
30288,76.76809505812186
30289,29.915993465476028
30290,65.42311757461589
30291,68.1372865549892
30292,68.92557636840988
30293,37.921862649322364
30294,45.49969013673914
30295,55.930499778036115
30296,46.742468333486535
30297,72.2920584238324
30298,63.94388568564318
30299,53.6243813507287
30300,76.72450006217468
30301,49.35014142431093
30302,53.78793804433851
30303,45.64246210870465
30304,64.6353676268254
30305,54.521213674455545
30306,44.08865839383516
30307,86.3831054028118
30308,81.24923900152686
30309,43.380762898232916
30310,74.10283165928192
30311,47.33220182466194
30312,42.25649067396917
30313,81.33512493409995
30314,47.61583739049235
30315,37.52112010338043
30316,38.18069523414783
30317,44.05178332899767
30318,49.820336697035515
30319,38.410743905453316
30320,48.27563181999465
30321,58.681298265826776
30322,82.32395030763514
30323,64.01223854720273
30324,44.26436939832552
30325,43.30804125381355
30326,45.35859491998046
30327,39.37499504483533
30328,43.1910230045401
30329,49.678580458490664
30330,52.60999444364147
30331,56.24387109004738
30332,45.70482847489937
30333,46.28786552753019
30334,46.259879767664
30335,32.170228800747076
30336,65.38632268605146
30337,87.91133360741966
30338,57.10861967367502
30339,44.54753280128292
30340,40.422554345198144
30341,43.9715164599144
30342,44.45660209885205
30343,44.709933884461364
30344,56.40928869394608
30345,46.442055057991716
30346,43.65584382292508
30347,44.43305882165427
30348,45.939983424049636
30349,48.05129492512172
30350,45.27341873050064
30351,57.90554492749152
30352,44.64700004299273
30353,43.48065052577698
30354,45.27085254066047
30355,45.75289142290999
30356,47.63539172051688
30357,46.195954657974895
30358,43.595710950991055
30359,44.49204385623216
30360,43.626233811379336
30361,47.55090909755198
30362,43.53984781205085
30363,70.72360871436663
30364,83.33681947852754
30365,45.739694150749386
30366,60.63629444016059
30367,46.09717820310169
30368,52.67250470250556
30369,81.62957748181489
30370,45.62441622683183
30371,83.12177536982107
30372,44.46215065561763
30373,44.37169824009521
30374,42.792107675916164
30375,46.21298962266226
30376,35.43547042058034
30377,33.45868135627074
30378,82.59460460519264
30379,43.12683161430169
30380,46.41788057230767
30381,60.523918815510996
30382,37.75574742571057
30383,46.655009885853794
30384,44.1542386770365
30385,48.079426027614325
30386,82.6762389240529
30387,87.56946104532207
30388,89.95231152319762
30389,63.14426958053414
30390,34.43790240834665
30391,40.45388239267126
30392,86.27266017436169
30393,74.93241225370163
30394,55.12016554982067
30395,87.24231557037979
30396,81.37549482205556
30397,33.57295635327727
30398,70.41133695821021
30399,84.7718272895821
30400,55.79925318963417
30401,45.22070043652748
30402,65.85019041454242
30403,42.833067874381115
30404,21.658071542458345
30405,41.037346325535324
30406,72.29532041703189
30407,78.2050555662212
30408,57.34495900696172
30409,51.79599750470725
30410,37.40722734436142
30411,44.586473117313616
30412,60.71243035034343
30413,54.08297152035769
30414,65.39911822342661
30415,11.510408531877689
30416,35.29283435951848
30417,61.54129545114089
30418,75.74837536619519
30419,42.665543856001726
30420,24.75303316467257
30421,42.92167169715631
30422,58.50832440635693
30423,89.43366334364228
30424,61.16712208288566
30425,46.74619662667541
30426,55.61741834456566
30427,66.38013358359001
30428,86.87061820621224
30429,46.149815535622984
30430,35.79958924467741
30431,39.93201909220335
30432,58.986120513538246
30433,22.609659726673296
30434,37.62070004876584
30435,55.04967040636887
30436,45.38083880309223
30437,56.76571410932226
30438,71.09373796718974
30439,66.85766020081715
30440,57.342238440481246
30441,33.1960927697062
30442,54.792394483627554
30443,40.964135297946505
30444,73.80016941158391
30445,25.705606574349723
30446,59.12771954641179
30447,64.0160716625979
30448,71.54842918020037
30449,71.24160175382485
30450,73.61544723598429
30451,68.93479090174354
30452,67.52295635350825
30453,50.335855986235195
30454,67.26808748609588
30455,27.25955710816024
30456,58.595113295707165
30457,41.394491967859715
30458,54.59966331055612
30459,50.35354545086575
30460,40.37173994786332
30461,66.1106484032339
30462,43.783809682098486
30463,64.24997436085471
30464,71.46341732364091
30465,45.22327187782683
30466,53.22250257412117
30467,69.79482459936375
30468,74.68181784222033
30469,38.72936741981817
30470,59.840576266103085
30471,41.16680725824486
30472,22.956475096704963
30473,44.82195062533399
30474,54.68064498461302
30475,23.622083928506495
30476,21.215103279040257
30477,36.31584912361526
30478,33.072574265860545
30479,38.8402859040907
30480,19.247277814503395
30481,18.084436715386648
30482,23.865915777823723
30483,38.31842748175537
30484,70.30275757912783
30485,20.138966616479465
30486,61.66544276694611
30487,43.042458553882575
30488,18.880116069505583
30489,27.788007690400583
30490,23.247595294162533
30491,18.83798296073467
30492,26.68527428946338
30493,25.689687270132787
30494,28.265543496892107
30495,36.848233441479735
30496,22.976035964147183
30497,29.421282165496915
30498,34.57054057461863
30499,37.864281142577305
30500,34.31685607105843
30501,59.73795221332331
30502,33.7570811342831
30503,25.952405589706967
30504,41.38573951145567
30505,42.592113519499826
30506,34.82409641528702
30507,58.65691110185981
30508,40.56085168659922
30509,47.24130245713737
30510,38.05098381035372
30511,35.931913760247205
30512,38.988572542730765
30513,36.67180294548341
30514,47.03988638611579
30515,40.56447876307734
30516,36.803947173816596
30517,40.70508136273334
30518,37.276401870336706
30519,34.91797574037811
30520,37.51770654399069
30521,67.03792161031501
30522,59.096511508007154
30523,45.35647263663091
30524,45.722099099948906
30525,44.60874187209549
30526,42.8704167390978
30527,31.878202654247307
30528,42.78084085734827
30529,42.50436743989753
30530,74.76367048802702
30531,53.74326336317431
30532,44.37898152073201
30533,57.13161956368696
30534,45.422140415608816
30535,45.89074004779805
30536,45.904643938148865
30537,47.097545786294695
30538,46.41742570131303
30539,64.96927622595729
30540,46.26252783593612
30541,54.68389292637949
30542,46.63234739242699
30543,41.7127266675609
30544,46.0233615409736
30545,40.30743635927962
30546,48.264686629348304
30547,49.40660991779341
30548,35.07588356440587
30549,44.59147043150878
30550,38.11675869108238
30551,37.073919432992305
30552,36.54589441970056
30553,39.74477345768137
30554,38.268829713717686
30555,41.9109013137888
30556,47.86988945711093
30557,37.21659654902292
30558,33.83860213705446
30559,38.21337332691068
30560,43.71312729506543
30561,40.48207311186748
30562,40.68832568053748
30563,33.82441866159537
30564,37.9230014550332
30565,42.37475856558138
30566,33.0985391916657
30567,31.971370958156527
30568,35.93390790774148
30569,35.3134939627872
30570,29.20727636454333
30571,49.11152370318252
30572,60.53840971920105
30573,39.61007816211207
30574,44.052070497689876
30575,34.989307078988645
30576,31.317473097224234
30577,44.93603077771235
30578,44.75106671997069
30579,35.77250973410989
30580,32.10352676416691
30581,43.77320286835104
30582,32.032235341458474
30583,35.51533544792546
30584,44.30444216614486
30585,43.21931185560299
30586,40.41604406244317
30587,30.98887525694742
30588,40.9611089725794
30589,27.10731310269216
30590,39.35979980968457
30591,63.129587341522665
30592,29.550245209172825
30593,31.304782478333593
30594,30.92330007432807
30595,35.13249604637868
30596,40.313201077577375
30597,31.368537890179095
30598,30.438567321700795
30599,44.347268383753494
30600,32.38665686164933
30601,31.469653255244605
30602,31.781863932485937
30603,28.286221926481172
30604,31.71814992840992
30605,33.42105614489662
30606,44.187950299995755
30607,30.871714693702497
30608,32.98817760569298
30609,41.899419021138065
30610,32.35005490662198
30611,74.93580163923346
30612,31.15591975218976
30613,34.452222433832674
30614,36.77795924448158
30615,31.145451063309356
30616,27.782764767980087
30617,41.16690403767107
30618,44.419735304893415
30619,24.251321375765137
30620,53.55694100916144
30621,52.42202825667626
30622,58.96564396911451
30623,55.128408736852485
30624,53.35009226802573
30625,53.38652262011394
30626,59.57303938833916
30627,31.74685388025175
30628,75.69823693627785
30629,82.54084131033244
30630,40.337321217600135
30631,44.272486133504536
30632,63.153164748475774
30633,57.024290023537255
30634,52.6109642504441
30635,52.82923336612456
30636,34.91927877583205
30637,73.91986472532416
30638,70.07414085283158
30639,62.70509063744768
30640,42.25502491516002
30641,59.45969487989193
30642,45.84026017624477
30643,37.9166481561125
30644,61.08410210286375
30645,42.627942550900414
30646,57.81636735524919
30647,18.93542829501082
30648,65.759324216107
30649,60.628231471999996
30650,37.93012201869851
30651,31.89418271953317
30652,44.779921725834605
30653,39.714964538005184
30654,57.53431798773614
30655,60.44907546834357
30656,69.68463494882835
30657,74.34754141342144
30658,30.748189251029252
30659,78.87468698234555
30660,42.01498311385456
30661,58.88509694069725
30662,54.365024886894496
30663,33.233364854203444
30664,39.77016181261665
30665,56.659780651066505
30666,41.38546678182273
30667,54.958302474309775
30668,59.77018656714831
30669,57.89239103165896
30670,57.048562305038395
30671,45.237614898319585
30672,71.05563999776483
30673,61.73372177617284
30674,57.1464759380821
30675,59.76893559408995
30676,68.17492314359784
30677,51.57462115367842
30678,61.70063943586471
30679,58.52179914900705
30680,78.43143459581435
30681,74.58555043920285
30682,74.36171332281918
30683,50.11238108335905
30684,46.2079799302945
30685,62.03232169180826
30686,56.61570460839976
30687,67.86105664321796
30688,58.129241937798476
30689,42.79765324587317
30690,45.991409663004475
30691,56.99394842264353
30692,29.296262699334964
30693,49.839442842614055
30694,50.74905971559399
30695,38.079282624219495
30696,61.58715136846066
30697,44.442294127103786
30698,34.991739155648744
30699,59.51665772659023
30700,59.29738777451338
30701,32.96612978097072
30702,37.9389432476813
30703,33.157107181756444
30704,48.90841784757348
30705,41.0712243325473
30706,37.52263820147594
30707,56.406242904800514
30708,58.163586826595356
30709,58.122071082091544
30710,42.020596082234135
30711,49.911720783011376
30712,44.88493082154691
30713,59.18845271281769
30714,44.09718636862113
30715,56.21322828587718
30716,11.42369253906986
30717,26.49358505155114
30718,30.37862731939421
30719,22.625858346210208
30720,34.20106599950577
30721,34.08649300908624
30722,36.89695338531882
30723,64.32315121449516
30724,46.22478096263156
30725,23.386555756318895
30726,27.209222405348505
30727,30.179596420674205
30728,44.77404747030671
30729,55.27332209242258
30730,67.62658889515983
30731,32.255727588187334
30732,39.811115739807605
30733,28.403691244275315
30734,46.96880515363782
30735,37.404113606310744
30736,62.81672008920837
30737,48.746273658619955
30738,41.549688149912114
30739,31.900317709857497
30740,40.725524575621414
30741,35.110098086212425
30742,46.4405647627907
30743,33.34482495064691
30744,57.44214469847428
30745,58.30445364624475
30746,45.370580016622576
30747,38.59215554120783
30748,50.36077407435166
30749,50.91553237173735
30750,29.136470962932627
30751,48.20519022520584
30752,25.877619845278833
30753,36.03325055320388
30754,28.506766787529386
30755,29.643693999098986
30756,32.69867104084915
30757,34.08448583446964
30758,50.952000004482606
30759,43.742508434763444
30760,22.415244235814907
30761,50.60705174431824
30762,27.647233547511835
30763,35.01924142157785
30764,34.6099512967048
30765,42.33674207385381
30766,41.2052904883801
30767,44.32440969270883
30768,47.53713249270192
30769,33.79576577875214
30770,33.703095489589664
30771,36.552667483473684
30772,49.32402102744556
30773,30.206216145202077
30774,36.46194258664504
30775,30.45477824952372
30776,47.38650058686526
30777,72.82895568376128
30778,40.49725196119462
30779,56.325884482392674
30780,40.76397023118167
30781,38.95669038752811
30782,46.9115325959591
30783,35.79525313155102
30784,57.9330600281483
30785,27.381985655019438
30786,55.655553871621585
30787,41.29381551583744
30788,56.07001071707805
30789,36.69033847875542
30790,64.50520786424727
30791,64.87094069121427
30792,63.3205115518481
30793,44.94187793052839
30794,73.06944765701331
30795,39.69556602778609
30796,43.057631125379764
30797,39.75669279678863
30798,26.20344703505847
30799,42.86776186196355
30800,26.603514529615893
30801,42.66855472924463
30802,44.69891223177279
30803,45.39189394691265
30804,31.57530908929625
30805,26.655281007395704
30806,32.13434283827973
30807,40.90783160555259
30808,30.551149102283983
30809,40.084256901303085
30810,34.139042798537425
30811,44.12760456191822
30812,37.4034043020173
30813,37.64277996299887
30814,37.85984622845322
30815,36.545713068526844
30816,32.05730211219034
30817,45.34593080694957
30818,31.872833102892415
30819,29.731111453530232
30820,29.76832076680156
30821,38.25747910268115
30822,37.81185885538768
30823,41.03681626416281
30824,39.82169569384439
30825,37.95370011615952
30826,52.845114332814674
30827,42.40374544769596
30828,40.34501004125055
30829,39.45675721063608
30830,37.790675340433204
30831,34.42093472420796
30832,32.02504485405657
30833,40.35803460933902
30834,37.43921484224469
30835,45.975644283208894
30836,38.002466857991756
30837,40.1390207959121
30838,28.319708839331312
30839,33.41799010758498
30840,30.638884251004836
30841,42.05573499977562
30842,34.210617531939
30843,32.348465717561226
30844,69.26177257218323
30845,48.82583334393422
30846,32.499745480747706
30847,86.27553606415646
30848,35.12619411890962
30849,44.634028374894086
30850,49.80311304437053
30851,39.62751626871787
30852,18.423984704885342
30853,26.94506791900369
30854,37.184715069171645
30855,56.65114890538187
30856,69.2948004557037
30857,37.898439925792864
30858,55.43366839660044
30859,28.906442183209315
30860,19.942546400100248
30861,17.13126317839464
30862,62.43345080538629
30863,54.76786312545641
30864,33.36143713363602
30865,65.44456884234653
30866,57.58498668596402
30867,30.017472308936956
30868,57.06670838690237
30869,54.92115528399285
30870,72.62584762174221
30871,61.886910596684125
30872,59.402793979473174
30873,71.16912959876969
30874,60.596413172224324
30875,58.46402362132823
30876,56.579595300333075
30877,52.26105646305558
30878,28.53675800357383
30879,31.51370394499843
30880,31.849188616405144
30881,32.16978927197973
30882,33.42481563612303
30883,24.43130097871087
30884,37.2898364382031
30885,26.03379399915309
30886,25.06591320947347
30887,41.18855551957278
30888,32.49886557351184
30889,49.26894268707189
30890,32.61399548653992
30891,30.422451289226167
30892,19.457954347615953
30893,27.36640595657093
30894,21.087756411616336
30895,22.852726115476262
30896,17.698727848900248
30897,28.431750255488744
30898,34.44010138063572
30899,33.67073469032727
30900,35.75714296093871
30901,30.50043194067726
30902,42.29001785194538
30903,42.945121380884
30904,29.18010624377952
30905,29.109332957148286
30906,31.33831770466434
30907,41.67242393348049
30908,39.55820127820708
30909,24.42800278422178
30910,25.718477049435787
30911,76.88775856105586
30912,27.01372533988146
30913,55.39472964958874
30914,25.92716812300756
30915,33.1911533909128
30916,71.65257037114633
30917,17.768859768450444
30918,15.954156646125917
30919,22.086951437983565
30920,29.04023124233619
30921,16.116877161800872
30922,23.51786041095101
30923,12.947177610343964
30924,24.139145601447623
30925,51.07576215261744
30926,25.211761587480986
30927,66.55751452170851
30928,29.642754755842162
30929,63.552599166565905
30930,70.88629977411001
30931,37.761248917160074
30932,12.719817835223397
30933,23.88056535926713
30934,15.800869716117973
30935,51.607967400288736
30936,41.68296569333438
30937,57.9866055624863
30938,36.117438700987854
30939,53.010624910716885
30940,11.809571723657022
30941,10.280502574788494
30942,55.26964910482765
30943,21.42939160315867
30944,17.861187247473694
30945,26.546505726070876
30946,28.39766289274909
30947,19.669708030640418
30948,30.453416008506196
30949,29.02001384606628
30950,50.95679953829826
30951,39.76830866827322
30952,32.69173928538884
30953,14.973736075535502
30954,30.930443103216795
30955,20.382299493221574
30956,54.334104659007856
30957,23.514941340973003
30958,20.072739064662805
30959,16.1822345974527
30960,35.61505971860099
30961,29.26592187554505
30962,31.801971493052122
30963,36.20993273737566
30964,62.06743219868874
30965,49.20540911279741
30966,54.01630008015036
30967,52.66942176681365
30968,56.497477112391394
30969,56.71409367818396
30970,57.2403080993328
30971,55.832521615492645
30972,65.56702678053564
30973,32.515902445307326
30974,57.94705657759749
30975,77.05692015387486
30976,48.290027691026154
30977,29.87462015588256
30978,33.498235889359435
30979,34.18323347789149
30980,61.96895915848489
30981,27.47793068913884
30982,35.35960657989914
30983,37.95333258746577
30984,49.11221894705503
30985,31.079504404151447
30986,36.260506272278704
30987,15.467239947673976
30988,56.00639374661153
30989,19.093630368231672
30990,35.56027593671251
30991,19.87866689993309
30992,18.397803409769608
30993,31.214126628843744
30994,30.71368369411131
30995,31.85843780759019
30996,22.195995638136683
30997,39.66618806534798
30998,54.249015399520154
30999,67.03750912780596
31000,35.52331675111347
31001,19.84407239648062
31002,17.011363142857697
31003,26.908232267709145
31004,38.38419078803897
31005,30.25049011724283
31006,22.221639915901314
31007,36.0711525595544
31008,66.77586923661295
31009,33.190262227488375
31010,34.777565627230224
31011,50.334871774823185
31012,29.107409056037252
31013,38.453505219053284
31014,15.413102441444243
31015,23.51111552914802
31016,29.159654442799255
31017,30.81278626583081
31018,54.84450418877017
31019,28.230504310430184
31020,77.16528138745439
31021,28.232274137556967
31022,31.671628631979853
31023,42.28255718377952
31024,19.024720898157195
31025,22.021542661030633
31026,18.305708261943114
31027,19.3844463135516
31028,15.464302098292071
31029,25.086764884054645
31030,48.38689548516509
31031,12.406995167285029
31032,20.876539402363715
31033,17.166563919961245
31034,13.456682004258436
31035,17.377180299186946
31036,14.045627364579692
31037,19.067086509529254
31038,13.477673376590092
31039,12.841162066212576
31040,23.725276803055838
31041,13.672143208300254
31042,20.272607928931425
31043,11.297036366332163
31044,51.33563508042569
31045,28.59065772795644
31046,22.279776981513823
31047,15.37595983490522
31048,30.94369302480067
31049,9.594122830518351
31050,13.894743508016948
31051,9.449927025040042
31052,14.42467971724495
31053,17.964415335793028
31054,17.1878989490691
31055,13.06627573584574
31056,14.516947308986952
31057,12.399359871383716
31058,9.826645357232733
31059,17.613778347395005
31060,14.89612794458655
31061,16.920174876929856
31062,12.021114039788113
31063,20.73014672605597
31064,22.815255474293476
31065,19.275511353634897
31066,13.845800828358163
31067,16.023948322971222
31068,12.978744744342478
31069,10.199102390015192
31070,14.873939692031534
31071,15.033494762867795
31072,20.61945430929513
31073,9.492523875964817
31074,14.477623760206805
31075,9.419241718706633
31076,11.921602770478671
31077,18.722044809920547
31078,24.799879287472855
31079,16.65120160325103
31080,23.013437361160822
31081,18.372282707562917
31082,19.862757154528563
31083,22.77226864021499
31084,3.9294172328530115
31085,21.22167213972735
31086,15.764127617293047
31087,12.247670240986466
31088,12.009366663708354
31089,16.353836714801393
31090,11.128490576735697
31091,15.059878564641624
31092,14.000458874910999
31093,17.032401544371822
31094,15.120269559590568
31095,3.6475818107848927
31096,13.222476980229654
31097,17.894787578881733
31098,17.306384092947916
31099,25.773430294883756
31100,17.90761520727984
31101,20.36418875766461
31102,18.049059343102094
31103,27.33631166066913
31104,17.92370832337022
31105,15.198050757281965
31106,19.810507599545463
31107,18.67862999699591
31108,22.764335716568873
31109,21.01170183379585
31110,20.2400113304062
31111,17.643788093519888
31112,12.8106584367175
31113,9.453336668487948
31114,22.08604961617837
31115,27.25697404753389
31116,37.82484714909563
31117,20.822764218104773
31118,17.755506992889792
31119,28.978281104226312
31120,20.492887260265604
31121,12.842100082294975
31122,10.168256854539543
31123,22.30569993174085
31124,20.53386122059276
31125,11.790205520902013
31126,25.721401163254782
31127,36.81702478169038
31128,32.37016567771413
31129,20.17228786648438
31130,25.138295942594034
31131,29.778885905602426
31132,33.32829449031093
31133,16.7104190920779
31134,30.399537411627794
31135,18.759484721266954
31136,30.78088379952262
31137,54.638477945156446
31138,15.544752111237642
31139,27.523636890705234
31140,15.10780358801488
31141,18.7959410350739
31142,34.29282027074378
31143,20.878229669951974
31144,33.854271431014354
31145,32.930088900966446
31146,16.675361673077415
31147,31.174489374424855
31148,15.991617598791182
31149,26.148137706623636
31150,10.97720501559394
31151,26.46148990074031
31152,11.359209591621372
31153,15.717408305722516
31154,22.110667805309628
31155,16.73780261646386
31156,13.613752103224865
31157,23.83581774281596
31158,24.914973479159887
31159,19.76592817496848
31160,12.274472587269226
31161,24.61669222249512
31162,22.940914014723877
31163,15.6229074729386
31164,18.28608149471628
31165,19.617954019937844
31166,20.43197080929517
31167,13.983979931560082
31168,12.476315737572078
31169,24.20095885420048
31170,23.046495374731546
31171,19.996339347555637
31172,11.996342654345211
31173,16.468570735349715
31174,10.541057869580424
31175,13.697416901840995
31176,14.192283873431501
31177,14.361132283571386
31178,18.177523092282264
31179,30.494479329294094
31180,34.5721393161984
31181,16.15230889367023
31182,12.66321288839011
31183,13.957706158938237
31184,11.932041418581614
31185,33.14264122521412
31186,15.472837446015234
31187,23.331427144755644
31188,18.550073252270135
31189,27.591198437974317
31190,30.6541961858809
31191,29.553544787301067
31192,22.800377991874306
31193,60.118611340861456
31194,15.691683382211147
31195,29.81796514827333
31196,14.758802174178038
31197,24.190769643867814
31198,16.813093669913172
31199,14.767869655459751
31200,22.15842124307931
31201,13.17413051737511
31202,16.71477960949998
31203,24.835436783119977
31204,18.402386594309288
31205,15.412830649254085
31206,28.633760551426
31207,16.19598276645768
31208,17.09361131503208
31209,24.47544638054863
31210,32.59069511765232
31211,23.87241414265485
31212,12.011336580953072
31213,13.853581380041426
31214,10.73277092050033
31215,11.71876321052487
31216,31.234777845601524
31217,11.203389656045657
31218,17.364530606556727
31219,28.128756873512003
31220,49.27021926046424
31221,42.6030912739679
31222,49.061334806710484
31223,35.77564948022892
31224,42.25547223782795
31225,38.14730558023725
31226,35.0967806593225
31227,41.680149246922426
31228,40.21873795091406
31229,36.73749018466081
31230,38.34334339102245
31231,40.857491173785334
31232,31.05426252799552
31233,43.000579836311985
31234,34.956694833040864
31235,48.79946143739021
31236,36.065850475761
31237,35.87246605843266
31238,38.11061658605978
31239,49.32668225874186
31240,47.651133863251424
31241,41.94222239441099
31242,37.76039337541399
31243,34.99479185637654
31244,29.929713803992655
31245,38.29044636671647
31246,38.96750799136326
31247,42.52055891821839
31248,37.404374677409386
31249,51.08773479146686
31250,37.220039310741974
31251,39.70587567894048
31252,37.581195370066915
31253,34.69208995203339
31254,36.9146905522671
31255,56.00972712002006
31256,33.45304549514887
31257,37.714597927871345
31258,46.56181710560403
31259,52.839960738229905
31260,36.29935268137661
31261,40.58624005481148
31262,48.25729380484415
31263,34.63128792638557
31264,49.528126765910415
31265,35.24690256469863
31266,59.4456192484263
31267,41.24485227407364
31268,41.54272550319407
31269,39.703133357959466
31270,40.63545754907737
31271,46.112429172858484
31272,34.13995260777266
31273,37.33241100139272
31274,32.66711288741842
31275,34.76012151941652
31276,32.36753804272366
31277,32.81969337193992
31278,34.36160394800365
31279,28.32557987470389
31280,38.85700340825469
31281,44.024291621460435
31282,50.954656587736615
31283,37.002961551912485
31284,44.6832072373224
31285,39.69598189397244
31286,53.504599967963784
31287,45.8408962284929
31288,50.62213452540502
31289,35.13643027874995
31290,31.298591131778604
31291,35.50727603790783
31292,35.62220755865215
31293,48.60004122408672
31294,52.36275094129144
31295,45.80946937178825
31296,38.37369623811589
31297,34.90546375429744
31298,37.456330561074815
31299,36.50647289651414
31300,32.617754430848265
31301,36.23018860396885
31302,37.43639549870861
31303,35.443480563789606
31304,38.05321140876968
31305,31.491647404093086
31306,37.0792701130833
31307,27.734146926715702
31308,27.649264130527662
31309,49.23779110024353
31310,28.766237427350266
31311,24.998548966480403
31312,38.679234959171666
31313,46.625670518466876
31314,41.62028632604812
31315,28.10256682856182
31316,46.13449119083882
31317,27.10706070455712
31318,37.40158256908405
31319,39.59414274644034
31320,47.760271878213786
31321,37.6021873529756
31322,39.377313239818356
31323,34.23262995613618
31324,31.1090438679604
31325,31.642818135772863
31326,36.62251204160494
31327,29.855346509335128
31328,22.768131638886874
31329,32.91390252609687
31330,34.03391881990491
31331,26.885601436214728
31332,33.93546412607468
31333,29.29967384788958
31334,25.84006749382656
31335,22.431795790111355
31336,39.875589242561134
31337,75.36238026134689
31338,27.607713882643267
31339,29.83838774310473
31340,30.338874051376717
31341,39.12990278987154
31342,34.71721641331223
31343,50.0640436043186
31344,36.48319627708651
31345,44.28059532841809
31346,66.12974614512709
31347,26.522549338035905
31348,32.2702187364087
31349,32.40768238327337
31350,37.24782894403713
31351,54.038509436079885
31352,56.07427790632618
31353,34.42410859534203
31354,25.540218050794163
31355,21.17816093701938
31356,25.58694327619759
31357,45.010977603735036
31358,75.01775264639735
31359,28.575305918428988
31360,29.154648965641396
31361,34.459904773147564
31362,35.82276729239848
31363,34.133738377686356
31364,21.94659575083636
31365,28.45258656386152
31366,30.98612525246559
31367,27.498434545028324
31368,30.14214886764179
31369,30.42267286801644
31370,44.0312303813552
31371,28.33294322954697
31372,27.679774702943618
31373,36.591778198107924
31374,23.853541440560544
31375,25.85956344038241
31376,27.695272963272348
31377,41.22470839348558
31378,41.94639043292568
31379,21.74205618318617
31380,33.942368066249855
31381,38.34678433581638
31382,33.56992757664647
31383,36.605169298874394
31384,38.224634571723215
31385,33.33826419763621
31386,35.41962510313363
31387,36.28149387702539
31388,64.48112076273614
31389,29.249939728301044
31390,84.19094971073478
31391,32.745285441146954
31392,30.06842087483666
31393,36.040178902979356
31394,34.600032625140024
31395,19.549413012716556
31396,38.8285808774836
31397,56.75631887826408
31398,23.875616163624002
31399,25.86805816836554
31400,29.296521670295576
31401,33.34507166331675
31402,29.540682620200133
31403,29.706115017478982
31404,62.274474006614795
31405,40.473018261318764
31406,18.577999438183436
31407,29.591253100672436
31408,57.78543986943321
31409,27.46240171085852
31410,31.451612387098496
31411,41.22667224988966
31412,32.71607653941532
31413,39.88319661887577
31414,17.88300788211237
31415,35.58931786377598
31416,46.605576077935105
31417,35.67430729128618
31418,19.4872539955422
31419,17.393448844037714
31420,17.81440743955917
31421,19.389142661051316
31422,13.85722660325978
31423,14.686583830091674
31424,19.395226911560034
31425,12.265644982287581
31426,21.525738735331995
31427,20.54896018533302
31428,21.76064929979045
31429,16.622113898882567
31430,35.797326483693915
31431,24.379403946633612
31432,27.14441390129467
31433,23.52439940855635
31434,11.157554923173874
31435,18.47032979429044
31436,19.44776904042763
31437,19.039110305066085
31438,24.46288059811449
31439,13.454189632552819
31440,19.87497432486847
31441,32.2778181226433
31442,14.42611868680744
31443,28.17715821243269
31444,19.914850116859657
31445,24.164776990802185
31446,13.053960343889603
31447,29.16320110700303
31448,29.071809421798864
31449,22.985414405164747
31450,21.564388391963785
31451,20.650166442068144
31452,26.122730285618623
31453,25.030245866865585
31454,19.97536498500711
31455,16.27543374191421
31456,21.29477002433455
31457,24.68946222431737
31458,18.426684613492156
31459,18.661652666654135
31460,16.353480456719492
31461,12.115964505840614
31462,12.680459411376875
31463,34.090748175131715
31464,28.15315216104989
31465,25.55224702867973
31466,37.666004348641266
31467,20.967451650505897
31468,19.682386011191756
31469,20.810821279248774
31470,15.882679770162108
31471,23.827736968864556
31472,13.009395696578569
31473,19.406876636885404
31474,14.66828179962019
31475,29.69193746317047
31476,24.963940592160885
31477,25.907672517653214
31478,20.02720622851858
31479,15.477936938313881
31480,28.112572464857095
31481,27.460618275076122
31482,29.220504088318364
31483,19.80922102539177
31484,20.71870939947888
31485,17.20550030528411
31486,23.4725351064686
31487,24.49918471909556
31488,29.59126012292028
31489,21.530357848213015
31490,15.606508469424138
31491,15.870904988379792
31492,21.849939383609538
31493,15.077511731809926
31494,11.121614565451349
31495,15.842055816436353
31496,20.84056482442975
31497,25.429853331725962
31498,17.089128182001296
31499,14.22262485454785
31500,15.874861374971935
31501,30.043919079342242
31502,15.571632965327227
31503,23.992867755266275
31504,35.27709259077396
31505,18.180754477732588
31506,18.495546527770276
31507,23.43880676284134
31508,13.26009338419017
31509,17.59346140188865
31510,19.759525820269616
31511,34.45085833425054
31512,23.005963059162404
31513,21.682893632868712
31514,22.722497252787793
31515,23.47849166222116
31516,52.04104960566124
31517,58.867258960579726
31518,50.356720241728475
31519,43.992802954216856
31520,50.129644190491824
31521,58.20877667562954
31522,55.828763861765346
31523,55.583941550236
31524,36.585812115951896
31525,45.82420577832993
31526,72.82379230635009
31527,27.387411111079032
31528,49.44206835775451
31529,81.8033747246375
31530,37.44699708994419
31531,43.06491782537069
31532,44.092065649744235
31533,29.476436939527726
31534,39.48565170362874
31535,38.56638176674779
31536,29.230210494766084
31537,36.50027689857064
31538,30.545075089478143
31539,39.020175151992184
31540,34.24718427629234
31541,35.80998080256964
31542,34.01793367019346
31543,42.90158136436037
31544,38.186302118717634
31545,36.87343958387806
31546,44.97048588771526
31547,50.18190359721928
31548,31.720786731694517
31549,36.125307874695494
31550,24.150086784620317
31551,42.264446964405714
31552,19.97538388473802
31553,40.44334801128775
31554,34.840283638527474
31555,32.52018547223992
31556,41.07777401829413
31557,32.997022040448485
31558,36.72688628692642
31559,32.0653000324153
31560,31.21363843428412
31561,42.93778866114609
31562,25.852535060134812
31563,44.42366057703975
31564,26.2731776213905
31565,33.93739495379216
31566,36.41894927860181
31567,32.4978613460768
31568,24.121504011562234
31569,40.522969023826725
31570,38.098937157291765
31571,29.893510889024896
31572,24.866830768804597
31573,33.07861493165194
31574,24.273544461427246
31575,36.48507229940851
31576,30.864447968537647
31577,18.598298949082285
31578,26.627353809744232
31579,19.238298686145534
31580,57.159258410426304
31581,35.82252306283335
31582,30.953350110410064
31583,31.78170313396944
31584,44.40275879209177
31585,18.93967263102847
31586,25.220118811886234
31587,19.200333660682446
31588,23.117891890922348
31589,20.34669855317255
31590,22.382270623316614
31591,25.932234397578465
31592,24.708874828206827
31593,23.270934201501927
31594,31.136449560376686
31595,25.62229250780865
31596,18.319059436065256
31597,40.25476864711312
31598,19.827859267582035
31599,18.940790505884927
31600,21.71603455261024
31601,36.40327481767192
31602,30.845926522220537
31603,25.678193930911263
31604,27.492824666385914
31605,19.00279982918733
31606,30.330982767853857
31607,29.822078775631383
31608,8.777102588174174
31609,30.02966088767884
31610,21.628803577329258
31611,23.39354755139709
31612,20.859898105632098
31613,24.57816663830699
31614,22.693311380609735
31615,18.18902314258654
31616,39.88362428088256
31617,12.957110342066773
31618,10.250637621164046
31619,13.448123979195744
31620,23.795476081973426
31621,15.44472333800546
31622,18.00198563999496
31623,15.301118419276314
31624,15.221190782290234
31625,26.60838193306322
31626,25.73227454231409
31627,16.046717619055052
31628,13.58768577318191
31629,22.459061325875613
31630,20.767254479173175
31631,19.77641023781089
31632,18.31464563115915
31633,15.127105956019141
31634,18.843339081280728
31635,27.984962041776686
31636,17.668231719636935
31637,11.47137421120368
31638,18.83978976159691
31639,0.015173008827121769
31640,13.69535655604935
31641,13.789877077180616
31642,16.7448406914935
31643,15.430166749044638
31644,10.972091776877585
31645,24.955269695600904
31646,11.467430673900024
31647,18.672125132805107
31648,15.0480600418374
31649,20.248782806930112
31650,30.897234560864245
31651,19.055011339445404
31652,21.6505680170178
31653,19.71728771936797
31654,21.980135867455253
31655,18.822448365660563
31656,15.136647952957292
31657,29.98289929641928
31658,29.501680502809247
31659,15.021865443640072
31660,9.909046819846557
31661,19.248218292211696
31662,18.796946335526904
31663,18.818693473070248
31664,30.534548611451342
31665,18.701922937364216
31666,27.533385964569913
31667,17.794936785597326
31668,19.330400397140423
31669,14.42195372798449
31670,20.806708198010295
31671,16.24172297005837
31672,27.71420535650092
31673,14.362766509186061
31674,24.404638049581386
31675,27.780447695439378
31676,16.04922504300732
31677,13.938904271641634
31678,31.101941552940342
31679,25.29099872607838
31680,14.896804410179794
31681,11.61321583865473
31682,26.52133384521195
31683,32.97403069388335
31684,18.341046016785278
31685,21.328236760419717
31686,18.8279311547346
31687,21.045397311295886
31688,17.531123638577615
31689,22.892665030733756
31690,24.804557466734966
31691,33.271524976644606
31692,13.842453293114474
31693,24.079384201642885
31694,23.074158213373313
31695,28.87494720325395
31696,22.57689333018591
31697,26.822378920926816
31698,11.988157786895854
31699,35.28326037487058
31700,26.801932948895768
31701,26.130907074794024
31702,17.428739127108955
31703,23.75767910836856
31704,23.62990356193445
31705,15.772882512703807
31706,28.622313805321404
31707,14.963828784483825
31708,19.016028191852286
31709,18.5366863911782
31710,22.08745669590908
31711,36.13841881943774
31712,31.250911918395317
31713,27.377278807194187
31714,25.32485295529353
31715,22.203828289016787
31716,41.25354897528575
31717,9.964912985002373
31718,19.83947225687642
31719,24.161470171704718
31720,17.282268923128917
31721,12.331505878378787
31722,36.449019374241615
31723,54.85270891753909
31724,46.31645281788303
31725,31.789635667013215
31726,19.777777153104154
31727,42.1020873059941
31728,19.528804253112522
31729,18.654200178546677
31730,25.202889042860914
31731,15.76003666447915
31732,18.88590413007248
31733,29.69587834845308
31734,26.62717186142713
31735,53.30348936006509
31736,22.368736793615764
31737,27.817655647483598
31738,23.787362444845353
31739,6.635894499537112
31740,12.888793373183178
31741,3.5959556224106737
31742,20.109871187739344
31743,5.709334753526873
31744,20.608180211430167
31745,46.05964037625654
31746,33.1522590457773
31747,52.3146374674565
31748,26.578318363173008
31749,11.5431632188056
31750,22.554419758337325
31751,39.006225877599405
31752,36.83240566295918
31753,25.08465489532343
31754,20.895755873313398
31755,30.234072472960065
31756,42.690712881897085
31757,23.015132476152385
31758,24.56547008327342
31759,34.98138700110009
31760,20.82197750748466
31761,35.09044576952859
31762,38.760956100806965
31763,29.85925899576235
31764,29.81069468297115
31765,15.237115246449514
31766,20.900918019510957
31767,28.772743921434934
31768,17.830404796596234
31769,45.84991835154484
31770,42.680198807756604
31771,28.64365000533076
31772,19.95409875861536
31773,26.516551158821446
31774,31.310161366691904
31775,16.838811325504476
31776,22.641686198333574
31777,18.964730673527598
31778,16.728784817668163
31779,13.261971684882191
31780,15.910806857660301
31781,27.27790664716921
31782,26.657995675810927
31783,15.8579306172007
31784,18.39713396717301
31785,34.55169514733885
31786,30.37862731939421
31787,66.65048288939315
31788,22.658836284928274
31789,24.19843983127204
31790,40.16794770506667
31791,43.94953267339291
31792,35.394926290183456
31793,36.303871545617625
31794,44.14091137689093
31795,13.36439802068379
31796,28.469409617519506
31797,26.87213644874197
31798,24.14003574976338
31799,46.542288453757905
31800,25.571898883689705
31801,18.962198739071134
31802,26.743445920847208
31803,47.47152063210438
31804,46.31667833095344
31805,47.76160276070439
31806,16.25311597466424
31807,19.448783848296635
31808,31.5386399775581
31809,30.40006895938255
31810,26.20344703505847
31811,24.181335217864508
31812,27.10030129075014
31813,42.03689621281743
31814,16.327772608261157
31815,26.79731633834538
31816,23.267538560662654
31817,35.888589356721106
31818,30.063927195565306
31819,25.893681108250853
31820,27.039648264394568
31821,22.312157780042664
31822,24.71548766994866
31823,20.949119299002902
31824,20.108367805874767
31825,21.369425313004815
31826,10.431678504221603
31827,19.59119396973412
31828,19.327237340130775
31829,11.844945601117644
31830,21.07423818388093
31831,41.26051338523311
31832,34.48624397853175
31833,26.666056032292143
31834,13.616323105089428
31835,23.95357388334605
31836,28.59395088222537
31837,35.265084552689274
31838,14.854921920351227
31839,57.58498668596402
31840,56.43534559718719
31841,29.616874066872978
31842,26.435537322217453
31843,19.65725718398675
31844,23.407611095270937
31845,23.888984052625258
31846,26.76566855155545
31847,27.3975676617783
31848,20.729967575003098
31849,22.90660552573322
31850,50.673574041371936
31851,49.54750217488804
31852,21.02419737487972
31853,11.884390192703027
31854,11.973147808430628
31855,26.444982386224773
31856,27.33615654539538
31857,47.44954509383336
31858,30.53457308062793
31859,21.24225983159753
31860,30.58439989469565
31861,11.335333049159184
31862,18.144710954552156
31863,23.513867320096676
31864,23.904342131549107
31865,18.98273590191531
31866,12.007971741302923
31867,14.604008022909335
31868,17.55170702059747
31869,15.933549833019176
31870,14.73311497544504
31871,13.392976890908441
31872,16.14557290776484
31873,17.625867932608717
31874,33.56162118714833
31875,24.189540446655624
31876,34.23740960501088
31877,32.002416099331974
31878,15.433033023857543
31879,17.046252612206516
31880,12.22497748024978
31881,16.915614418079265
31882,16.9541098246574
31883,14.161925119641683
31884,21.33836850468708
31885,13.553520097984237
31886,16.166995277924322
31887,13.050195798235267
31888,14.393849656626129
31889,20.216907529442445
31890,11.15479534923643
31891,16.596839182752714
31892,18.326556389442974
31893,26.583207666182854
31894,18.980887020451956
31895,19.25582158235753
31896,14.111326751832298
31897,14.742616588501251
31898,14.57046579444312
31899,15.599052757622408
31900,18.749014999589424
31901,22.566145792108077
31902,19.290827002264166
31903,20.727754731603067
31904,19.69005321459888
31905,25.604961681771133
31906,20.7791076648442
31907,14.66073378708754
31908,14.870500812007329
31909,21.384446075603503
31910,10.636114091450224
31911,14.822457366715271
31912,14.345484577117617
31913,17.533292633409463
31914,12.61310722606282
31915,16.34382777418406
31916,14.717125048037277
31917,19.368668350445464
31918,17.479794402242376
31919,13.607927096549492
31920,12.243197954157324
31921,19.47066340538526
31922,14.860406386362683
31923,12.863899576935129
31924,20.945686945549046
31925,17.243183932759795
31926,19.422421743254947
31927,21.262894589475643
31928,19.82886374203447
31929,10.382704311009077
31930,17.791734250500557
31931,14.50757021751931
31932,19.41698931334783
31933,17.565681357689222
31934,16.15149935462706
31935,17.51636174992674
31936,11.14400028799989
31937,15.36885108016226
31938,14.916905590798182
31939,14.439013906021609
31940,13.030649873353518
31941,11.575231660624645
31942,14.795296995596043
31943,19.42985813183704
31944,18.83605756006767
31945,31.163019885957937
31946,21.183613130150064
31947,18.825644022280915
31948,17.72869616751308
31949,12.600774373190411
31950,16.672015522874666
31951,16.01886692085461
31952,23.97136294053527
31953,14.05313610636722
31954,18.833998030280917
31955,18.718024968440588
31956,12.006236730547494
31957,28.568436958894164
31958,35.50356900459355
31959,23.566360231379512
31960,28.30161580214398
31961,20.688792492745886
31962,21.74060258843875
31963,19.869890239862826
31964,23.73351215942741
31965,19.268430405176613
31966,22.25201640648271
31967,64.25879131548594
31968,45.133630653823815
31969,40.03054571584418
31970,24.00244643889321
31971,34.96497360034154
31972,41.70523400480465
31973,32.623758472083566
31974,21.831109528980907
31975,41.98769931518172
31976,42.26176397600407
31977,21.642976765787648
31978,20.66115450214846
31979,24.663124086095802
31980,25.176042252485487
31981,26.43974617446196
31982,46.47302291708854
31983,51.345069792204264
31984,24.1928752665473
31985,21.50461767941818
31986,20.61678263875625
31987,25.47017822645424
31988,23.25790074806902
31989,24.97989664715554
31990,25.150291239435006
31991,24.90203648241194
31992,22.080797987831335
31993,25.80430263253744
31994,30.668605732615738
31995,25.918344283062208
31996,20.82358053118705
31997,27.51712632665923
31998,26.749343418398958
31999,27.151575560400904
32000,21.81222349435609
32001,18.646716134863492
32002,21.88384358170757
32003,25.917398800209636
32004,25.329423854438087
32005,20.73807578293748
32006,21.384549658484776
32007,28.451488529806383
32008,25.37289573025134
32009,24.91258214769554
32010,26.050601300614463
32011,34.00957667805087
32012,23.38049259425315
32013,29.53626121986663
32014,25.161571539395762
32015,27.849137223235587
32016,20.18237508205161
32017,26.04043876180654
32018,27.61900646161881
32019,30.35266509912849
32020,30.636536637635984
32021,24.53917245397694
32022,29.201756234829208
32023,25.128910414063654
32024,32.43420212878753
32025,22.300007867239334
32026,32.00911763952668
32027,31.900160599352674
32028,23.20156353600698
32029,28.37767131107132
32030,27.729208782875418
32031,28.443275863397755
32032,30.235577265472347
32033,28.836496080889262
32034,26.097090417413558
32035,25.53608453426187
32036,21.232574656296425
32037,24.93291653168819
32038,27.560284549306836
32039,26.448368439479445
32040,28.996640179971198
32041,25.98647252647402
32042,23.21564290956864
32043,37.00574284381362
32044,31.269323200147507
32045,36.637865496010654
32046,33.34978894129428
32047,21.464836793482274
32048,33.14789761884669
32049,30.680280912006193
32050,32.913175008983345
32051,26.939998146372126
32052,27.96231034104751
32053,28.818478151869343
32054,34.94071246735513
32055,42.30318094574424
32056,37.845464931884294
32057,27.921168250973217
32058,28.097548230003454
32059,34.53617932615034
32060,36.10303521578698
32061,34.67342643567411
32062,35.62363541854307
32063,58.49123793150677
32064,64.71996875374802
32065,35.92495744616889
32066,38.95115528025843
32067,38.07922253139681
32068,67.25120224935822
32069,36.49245660956089
32070,34.98967818796006
32071,46.64407246061514
32072,40.37554502012735
32073,66.16309489772308
32074,42.61796899861333
32075,64.26754867178904
32076,41.054705907668506
32077,49.62777690083402
32078,52.22100076558558
32079,37.01675408168247
32080,57.00367971402371
32081,55.00274102712772
32082,46.81946351463152
32083,54.51058224232519
32084,45.45324826505835
32085,38.12460719297451
32086,42.23292474148623
32087,45.327969942991366
32088,45.175352478681184
32089,50.20278111675346
32090,37.08169835085227
32091,42.55312300516494
32092,54.90367747429218
32093,39.47739700453632
32094,43.48319885194891
32095,41.16842633099951
32096,43.22105845405411
32097,39.960306262581625
32098,49.9307923113822
32099,37.36445821380375
32100,48.42439762712896
32101,45.436069697500024
32102,51.10615405437527
32103,34.11525711876374
32104,36.16804733002615
32105,36.21460352667798
32106,42.973496154013304
32107,40.33486762267729
32108,49.15801156932764
32109,53.9203719360222
32110,45.93083486865292
32111,38.62077257241569
32112,42.14974277843368
32113,36.74777380300708
32114,41.65220526653944
32115,44.73372737905501
32116,57.81673851636465
32117,46.48840692043852
32118,61.3436402439
32119,42.83118901763638
32120,37.41530775371879
32121,40.801898158541775
32122,36.54594691558153
32123,25.83496371681424
32124,43.669931372018134
32125,34.54231742611327
32126,43.27960778531575
32127,34.28957464282239
32128,34.357893871662554
32129,66.80885316342463
32130,34.723311452418095
32131,33.074530137480465
32132,26.283245409219994
32133,39.65177926310529
32134,41.09029158131853
32135,44.03957425571434
32136,43.374836276634895
32137,40.53173655475744
32138,29.749517865650684
32139,29.71083042428713
32140,36.05007829116295
32141,34.25094949699528
32142,36.755463098502176
32143,45.779011951228334
32144,29.167853580799157
32145,40.771648287759405
32146,46.65685304775495
32147,27.60453802099428
32148,39.300109155055566
32149,28.70525759163047
32150,37.90125888498953
32151,52.074552538951785
32152,44.86869740668315
32153,29.379191254797714
32154,31.304836116794032
32155,30.665411561001587
32156,36.60787143399111
32157,40.82974544559509
32158,31.862586349017615
32159,39.750312747527865
32160,36.7197812663447
32161,24.587674849404678
32162,37.89174337828782
32163,22.579881887858733
32164,39.82955670845711
32165,22.770521147374833
32166,43.291113237846204
32167,40.44917087569451
32168,33.369375245330055
32169,41.04495842526005
32170,35.56967853920215
32171,32.56198432674381
32172,29.189350274108524
32173,30.451797595322528
32174,31.386324661844135
32175,40.30653962533557
32176,43.549544130632285
32177,32.40926426273438
32178,30.906276887194306
32179,32.940331142503545
32180,47.64504251792413
32181,45.78187771356178
32182,39.74284354071033
32183,38.77113782047052
32184,38.124434485424366
32185,34.11808893288261
32186,44.993445848279364
32187,35.217106524316755
32188,41.69607454921999
32189,35.682541155865856
32190,42.71644123276722
32191,44.60099658917002
32192,39.183451811645675
32193,43.88713107506386
32194,32.25847041293984
32195,49.26727668233163
32196,43.83262432044347
32197,30.407378528940168
32198,45.431350191316476
32199,43.92445302119454
32200,32.277671280747846
32201,38.751260380883146
32202,44.98738601782285
32203,43.330265591109374
32204,31.8380881205712
32205,46.04039782277746
32206,42.663327632162456
32207,64.67999330369835
32208,38.22715723283847
32209,40.99626657916348
32210,45.462537664645
32211,42.322054268420544
32212,36.371649247799844
32213,40.27686211997805
32214,39.71428208526685
32215,41.25928512702529
32216,54.89418278851219
32217,46.98992815430828
32218,41.45822978945738
32219,41.7973702615195
32220,45.78031331316346
32221,44.838934199751726
32222,45.424315305505736
32223,36.52450352256923
32224,37.8126462951926
32225,32.251390671738356
32226,43.83740591718199
32227,34.81558685790858
32228,28.710830387052273
32229,34.08358096401092
32230,17.36549245925021
32231,24.35178300423769
32232,20.53364404299787
32233,25.217766381831286
32234,26.240561928926162
32235,18.56872819720552
32236,38.82679004910056
32237,20.248153975915567
32238,18.725937113271836
32239,29.797957908234086
32240,26.05762128461844
32241,23.635849960994378
32242,30.32018734491818
32243,24.891496259692943
32244,24.068207566788402
32245,33.5605010543767
32246,26.555757343329738
32247,13.100644799501456
32248,18.402534444692613
32249,35.63329795963713
32250,30.227136251618603
32251,32.02484209160027
32252,18.32516763292988
32253,37.258757888592555
32254,13.810651293794187
32255,27.680246906504888
32256,21.65193166699322
32257,41.67641288370403
32258,35.29171568756633
32259,16.00619738201117
32260,18.572945337887447
32261,16.590931742378405
32262,28.66531170136316
32263,35.25835505526206
32264,33.943447280350156
32265,23.803519027048946
32266,21.433883550334638
32267,19.069536706851867
32268,22.57518660358545
32269,25.99607067310618
32270,26.298173961894232
32271,20.398715433875925
32272,35.54450376251608
32273,37.174069661055725
32274,18.92119790036426
32275,35.88204546764861
32276,23.726730106624426
32277,20.636278192702008
32278,26.415764658630817
32279,22.40570694193696
32280,26.550346272304797
32281,27.818636000752814
32282,31.45348804086713
32283,36.12354498794639
32284,18.674971179191175
32285,27.53864318437109
32286,28.71686359442226
32287,18.55485916224378
32288,31.76516459273045
32289,39.714593850986425
32290,30.59440907544107
32291,26.47938967493736
32292,28.876817749404278
32293,64.57724738708286
32294,34.73456165955804
32295,36.95393421951355
32296,27.197702972974202
32297,32.49207407319644
32298,42.047587669024836
32299,19.248029255231103
32300,23.1206977938687
32301,30.32545168255585
32302,46.59432032394657
32303,38.77261816376881
32304,23.699941812122116
32305,33.653687781240954
32306,24.328168717547044
32307,30.23403362182673
32308,29.109507435577985
32309,33.63532753165739
32310,26.86721883886415
32311,15.804845313990954
32312,24.567181945168667
32313,14.205876525017883
32314,27.50676837093263
32315,59.1320191543729
32316,31.005534813031787
32317,37.617240102852676
32318,22.168695966018618
32319,16.80708725156495
32320,23.321204275953
32321,29.01168350041718
32322,26.737774758831648
32323,23.08240720411952
32324,30.975399245203917
32325,23.485975994690882
32326,14.688575143312612
32327,13.330024108204006
32328,22.3790631096531
32329,16.070584316576433
32330,12.071759475600029
32331,16.967307931361873
32332,17.333161469436725
32333,14.597582577501312
32334,17.91574661855721
32335,15.066352985676527
32336,13.64419778446839
32337,11.957780158343963
32338,15.496904145108216
32339,9.740968493380613
32340,16.73429794910154
32341,19.488218592072986
32342,18.67561952284093
32343,26.357959565164265
32344,14.474551100106877
32345,14.386528654739191
32346,27.041141450349457
32347,17.311702260530208
32348,20.525940616869818
32349,16.751836348225904
32350,18.891912188921076
32351,16.50361335605772
32352,17.63317432472489
32353,19.848905069495274
32354,17.50240648509765
32355,18.150472220383264
32356,9.58382737256454
32357,18.24330866460103
32358,13.002788888736196
32359,21.12100594342226
32360,20.99102769523166
32361,14.615144235122546
32362,25.870012741119698
32363,16.069834372846703
32364,14.273959897644433
32365,17.503095453585917
32366,11.610016492827345
32367,14.854918707902282
32368,19.645541734829376
32369,15.297954826454584
32370,14.201985991247918
32371,25.418155669354526
32372,20.078596352889292
32373,12.062698897333364
32374,17.292578752424177
32375,15.52210380505115
32376,14.88627712433771
32377,31.00568577805998
32378,24.068306854950496
32379,18.803142539604863
32380,28.857607048960705
32381,17.294749399264095
32382,21.36716838688633
32383,27.534123226068523
32384,15.028486469765665
32385,20.52743972858614
32386,22.592667861282973
32387,25.375026971280818
32388,29.371988094602955
32389,20.42404775115921
32390,18.007312027629318
32391,16.66315260748369
32392,19.675496837880733
32393,13.782716288928096
32394,18.321814172784297
32395,9.78726618252979
32396,10.925608822175677
32397,10.212625618639102
32398,22.134378665024876
32399,10.854832252959381
32400,16.794392156254514
32401,21.01541375941008
32402,19.578709531665947
32403,15.155603623000903
32404,26.810696183740475
32405,20.72155741082991
32406,11.617895701104821
32407,13.747866280614252
32408,10.25235169663709
32409,80.74212804442983
32410,43.906342390167225
32411,54.303620807101204
32412,54.32418296072428
32413,55.50470479387031
32414,52.31597741137401
32415,71.26459423982685
32416,63.670002692548564
32417,46.87014166836115
32418,55.04208701700619
32419,43.6449687582179
32420,43.200999514112446
32421,53.48561812456654
32422,44.39593970554762
32423,73.56497310038303
32424,82.0470570748443
32425,40.01392878012364
32426,32.666496411468394
32427,42.63448020878196
32428,45.864926156216875
32429,37.33512979624304
32430,53.0975026740089
32431,44.369223078750025
32432,52.79126768638538
32433,27.042970733996427
32434,36.67621081527157
32435,52.85467824356712
32436,45.07813362004986
32437,38.635673119137216
32438,48.649593074370706
32439,54.03011394040281
32440,55.56891080448909
32441,51.87500131026395
32442,53.056430456187485
32443,61.32951422338482
32444,41.108802607778074
32445,41.42360007283987
32446,38.2107573032744
32447,38.40854096569525
32448,44.218177620697965
32449,51.885374765486254
32450,45.79808691481995
32451,51.78013072189904
32452,44.48143934992669
32453,51.54292127813696
32454,58.37708139393402
32455,52.76475525513048
32456,43.624188138492286
32457,49.18219625886
32458,43.59094150765473
32459,55.72446615018396
32460,57.55071635485661
32461,80.41819039875223
32462,34.370061716691275
32463,44.63676205168621
32464,39.53715292000332
32465,56.021069560824614
32466,44.21426360401727
32467,46.350164787647365
32468,38.10656134564503
32469,42.994534873461504
32470,56.07158831072266
32471,37.30695543863197
32472,48.0964076407624
32473,45.53563467791284
32474,44.206109871124795
32475,54.34855534789134
32476,36.65027022138211
32477,44.564822001948905
32478,48.6452215259616
32479,31.598619848106512
32480,34.94036655621301
32481,42.69263076823123
32482,46.05211983169203
32483,30.963591370921254
32484,28.301853417187708
32485,59.52085554291545
32486,32.40351805185987
32487,66.82801957737566
32488,61.96251439454014
32489,40.76904410558388
32490,35.35921037951575
32491,35.57479711559955
32492,37.71835503633998
32493,37.186313143051045
32494,38.27643780512178
32495,31.01734813549616
32496,34.8184569157041
32497,33.36389503175324
32498,31.79605436228526
32499,32.16847006610564
32500,36.60665828912436
32501,45.20006667568567
32502,33.249749580554706
32503,57.297656676252515
32504,55.69509266971675
32505,45.8993816776234
32506,36.55317496318242
32507,58.08274483582121
32508,43.58693983206546
32509,44.248005324571245
32510,41.42881066771346
32511,46.80886650779692
32512,34.62526623014165
32513,51.25671905100757
32514,38.373150391090476
32515,44.03257357793498
32516,53.62508584250944
32517,39.37199121675383
32518,53.049875569149876
32519,53.20112326435285
32520,62.100682417740984
32521,39.600605555848695
32522,64.49575173325573
32523,34.81197655988899
32524,35.37784145510037
32525,45.10269381372735
32526,56.44196967651356
32527,41.991697701884775
32528,39.3048726659495
32529,63.91596255731798
32530,85.25054053288734
32531,7.427630058906439
32532,3.042851103320973
32533,1.010484724952766
32534,39.303222632816976
32535,45.85707441737231
32536,49.35218068208453
32537,32.36662772383189
32538,26.45606612372074
32539,41.97601845684461
32540,38.82155775491698
32541,38.78903509582157
32542,39.96957407182068
32543,3.3707489584892483
32544,47.62966983853166
32545,69.44124936934267
32546,35.31112503156705
32547,37.23760020961838
32548,34.92013651540682
32549,41.42076735526928
32550,30.919703689090657
32551,33.61981462454993
32552,10.663447664289043
32553,42.751499878933494
32554,31.92094697339901
32555,32.86483776075596
32556,47.36758137528869
32557,7.448436263582799
32558,44.30904270688189
32559,43.42664095249967
32560,2.9707740286397653
32561,35.29077606453847
32562,44.155936195344985
32563,45.89506618500745
32564,29.04864811779572
32565,25.93505416274876
32566,38.712977416499974
32567,48.91953274332536
32568,48.43792770595899
32569,40.43758628905151
32570,56.205810858620005
32571,17.95659502551042
32572,46.442182042064566
32573,5.234610200303146
32574,40.436742056836856
32575,35.2712731170711
32576,47.77862576145443
32577,43.48456745759041
32578,35.593085862464655
32579,55.53989868549161
32580,37.80425394483492
32581,33.78533009514358
32582,19.171195003310025
32583,20.02111265018558
32584,26.80885404273957
32585,20.503362805984747
32586,24.990156473814544
32587,0.5419785171935665
32588,24.283852600786513
32589,14.98218129578161
32590,2.63650386332614
32591,12.407845601260878
32592,23.714110489133628
32593,14.837040909903086
32594,17.86729110880502
32595,8.317395173914589
32596,20.112942142394875
32597,18.360511366700706
32598,28.32448895100338
32599,25.74825951975396
32600,24.78276163758035
32601,25.76109296076116
32602,26.379571593150757
32603,17.01260894988971
32604,10.875982423613877
32605,6.710976205361367
32606,4.28648214680203
32607,22.620096390241088
32608,9.600529554592175
32609,10.913534119977289
32610,22.724008878791725
32611,19.07146689515069
32612,18.31603291907703
32613,18.266379122575128
32614,9.85087184439706
32615,8.903842127590716
32616,4.2109856520513365
32617,19.17342535007866
32618,6.879644912166174
32619,20.94043822648824
32620,9.661517444314125
32621,4.178055241440745
32622,0.5578472278781056
32623,9.291670297021897
32624,0.8728212884653633
32625,14.603978217168331
32626,8.389710423947353
32627,10.648160443184937
32628,15.397615110396144
32629,5.795431340268713
32630,16.765221457714237
32631,8.717695016776053
32632,26.15923662070081
32633,36.0060217959623
32634,22.35267480428127
32635,6.152988508001842
32636,20.24321743404385
32637,16.1930222013474
32638,26.761754559432987
32639,7.09810962366617
32640,11.273375637656969
32641,16.449134586986617
32642,28.533449825384675
32643,15.035955251870021
32644,7.943911505447901
32645,2.2016373141022028
32646,27.499826496653036
32647,9.409374085203824
32648,4.794706775796405
32649,20.841356233862005
32650,13.980595124563296
32651,0.7537548282989416
32652,28.26793733915461
32653,30.771202992222925
32654,16.630224088045885
32655,23.381842489453565
32656,20.61308078782819
32657,6.524175621519926
32658,14.597245547314326
32659,17.063959181929384
32660,14.264887930735226
32661,14.23561895776544
32662,19.528135740132733
32663,23.72847928358038
32664,6.6801287909886895
32665,19.303263297720644
32666,29.69068246269316
32667,14.093543490912882
32668,19.523089312092782
32669,11.017200875882251
32670,26.843399616434986
32671,6.938064152065733
32672,17.767528528953928
32673,13.588615718482787
32674,39.59142261981372
32675,37.487757328992984
32676,39.88478357417254
32677,36.24324808551124
32678,37.97341366202794
32679,21.457513096363837
32680,35.86514429804263
32681,35.082947523009686
32682,38.46586264769694
32683,51.93731519168597
32684,39.61789791735973
32685,36.986539630445876
32686,37.04203117312873
32687,44.60894783079753
32688,38.129478768304864
32689,35.641464518791416
32690,41.19231762023735
32691,32.43151829894233
32692,49.92290724604209
32693,40.5492367499881
32694,37.20611908477656
32695,36.787944507251076
32696,43.30207571096645
32697,47.6486393494394
32698,37.91112158389893
32699,40.72299724757571
32700,44.80461476144191
32701,45.31377761560178
32702,36.52343218596038
32703,36.28124439083208
32704,39.892481127999076
32705,36.64775271194791
32706,36.11206831799449
32707,52.20778525550402
32708,51.416535353234124
32709,38.47178367990275
32710,38.568882446873005
32711,42.27040135744708
32712,50.05201093120156
32713,47.042131399368856
32714,45.04975826087783
32715,46.393667918515376
32716,38.38237159067111
32717,44.14354993133142
32718,41.65789124669724
32719,46.818693718468715
32720,34.36073581381187
32721,33.1889471867114
32722,50.267893818415885
32723,37.900273291092205
32724,30.34824522701858
32725,39.093032547716554
32726,37.019698484864136
32727,37.88530325937519
32728,34.865760756448715
32729,37.24694691954392
32730,35.60663720305962
32731,16.312574050491577
32732,35.943101757019825
32733,38.888047778685596
32734,51.435730811972455
32735,40.45333186843002
32736,33.87270601355199
32737,31.22755805545242
32738,39.92674776164211
32739,27.503292401971223
32740,28.376871869124155
32741,42.474934276990005
32742,37.867388336328716
32743,48.853489798923746
32744,43.08807228491663
32745,40.60307244355483
32746,44.302777413160356
32747,43.16510754254556
32748,38.678694310068
32749,41.3541939672504
32750,50.592376435046525
32751,37.434520965428675
32752,34.11547157562764
32753,38.33023456252286
32754,30.537228783923663
32755,38.936205846765404
32756,25.27510440750048
32757,25.084800369436437
32758,39.32472376404435
32759,58.87901417599329
32760,32.21891055411349
32761,22.290733056364243
32762,17.23509728189281
32763,16.50205245235053
32764,23.975763435475077
32765,27.633725738425266
32766,31.71287233888257
32767,52.662238191511626
32768,24.03311785079881
32769,26.558615606062183
32770,30.627831114317065
32771,23.63330013840575
32772,25.3202626425528
32773,58.96667553499152
32774,27.703186654278404
32775,28.09356944463623
32776,26.430312939375664
32777,24.139370062350455
32778,25.065287497855863
32779,27.46307202072731
32780,10.94286567215546
32781,28.012862292030604
32782,20.350574424262547
32783,26.544301398976085
32784,14.27142785301649
32785,35.46713341649432
32786,28.295353565556283
32787,30.26386007387195
32788,27.123381789797453
32789,22.772244277363498
32790,36.16708533428827
32791,26.83077319147251
32792,18.634560416234162
32793,32.91305829121444
32794,27.328344166306376
32795,19.013819928925983
32796,21.442154163687068
32797,10.916192832256309
32798,67.24589292157357
32799,25.241774170548812
32800,19.75682645126102
32801,15.487477881444304
32802,58.90739241696244
32803,20.99610386795208
32804,22.679627788220905
32805,17.060075228173048
32806,27.217798441160824
32807,18.42950031251188
32808,46.175394637083365
32809,21.42725224389518
32810,13.417975499502363
32811,25.281299220583726
32812,23.617952438490732
32813,30.03971505012538
32814,20.02277759582873
32815,24.552874651416506
32816,14.021228008095141
32817,20.80925840559179
32818,25.705976007587413
32819,16.19863644722873
32820,27.470560581365074
32821,20.94966007967876
32822,28.141976783615938
32823,18.88064820022298
32824,16.87468308070028
32825,18.346486456838907
32826,25.763653128542376
32827,23.764327147576186
32828,20.998963126971866
32829,19.51218215206769
32830,25.382770483224025
32831,13.260500023726834
32832,10.256521680225902
