ID,track_popularity
26266,43.45871247274354
26267,44.96205770243174
26268,44.15985739882217
26269,36.13401848412871
26270,47.09703513608985
26271,45.510983999609806
26272,41.99525261851672
26273,42.75
26274,45.62938733931922
26275,43.532309628257245
26276,41.25906618990067
26277,41.24520179162892
26278,47.15895925464596
26279,46.34218074266197
26280,39.92860378122279
26281,41.47876525096511
26282,40.33100844251614
26283,38.19257234439712
26284,38.82807281980627
26285,34.28781750562233
26286,35.64497828242553
26287,41.54527419531471
26288,34.47498282179264
26289,33.11848725842755
26290,33.48558988646356
26291,33.262956297093794
26292,39.64833036239984
26293,40.44835750825421
26294,40.36674020477112
26295,40.83955789652011
26296,33.37646396224061
26297,40.19319563808243
26298,41.8543636492034
26299,43.34463595726437
26300,38.19611396073272
26301,42.951408139238254
26302,37.18739861270826
26303,39.823574634740496
26304,42.62876655177196
26305,43.07101266762208
26306,43.03907567529686
26307,41.56734009210528
26308,40.11184747274978
26309,44.08516556309134
26310,38.2658520357423
26311,38.57134127102364
26312,38.6742595604626
26313,39.85031067797437
26314,41.060872503920486
26315,40.56360777206195
26316,41.101141383701766
26317,38.081861469066936
26318,0.0
26319,40.57110749673294
26320,39.91254608843464
26321,36.544994677108754
26322,36.81381520075555
26323,38.93769501436071
26324,36.88568296925884
26325,41.328050810049405
26326,42.56804922282246
26327,38.93191313652633
26328,37.972123167593175
26329,39.4695201122719
26330,39.81401735805527
26331,44.16466539653167
26332,23.75
26333,33.75
26334,37.87639615558259
26335,41.44107781555709
26336,47.94978232158766
26337,42.19737676210661
26338,44.37563898557746
26339,38.27910029311473
26340,44.59064231705969
26341,40.84137845051208
26342,35.04885862475828
26343,28.75
26344,19.75
26345,25.75
26346,33.75
26347,30.75
26348,28.75
26349,38.75
26350,43.794002353737305
26351,45.059246880119
26352,37.88746416307727
26353,33.75
26354,30.75
26355,45.03856213395811
26356,39.04896120940322
26357,39.373376483636186
26358,40.813391800413775
26359,40.1991487114245
26360,41.19791484697956
26361,40.27766301207906
26362,41.14360260332867
26363,34.65697314778226
26364,40.22844624125907
26365,43.5399744264608
26366,43.45946570761385
26367,54.68231734099072
26368,34.17274211443967
26369,36.88934631827289
26370,39.67680064618232
26371,50.89439216662621
26372,28.445550161428137
26373,46.17857234594774
26374,43.70760707033298
26375,40.12961611288658
26376,35.822585492160336
26377,43.94535909078028
26378,33.12585458148396
26379,31.58370287524346
26380,0.0
26381,35.93155032842589
26382,28.203516164134427
26383,28.451240235977984
26384,43.41062752799269
26385,27.64507431648667
26386,31.486861482196154
26387,34.514829156939584
26388,35.38577276238012
26389,42.28283667452735
26390,32.660842718263225
26391,39.47361956591941
26392,25.58172444653088
26393,24.813950655676724
26394,34.51369385589408
26395,36.49846523829228
26396,35.72100850130533
26397,36.28670730970352
26398,33.870003779349645
26399,33.417167785626795
26400,36.00053474102966
26401,32.52553641516765
26402,35.60653158609354
26403,23.5890135761878
26404,40.963287290713474
26405,39.00699500348413
26406,40.560631626534175
26407,0.0
26408,27.377506478645856
26409,30.908232302757646
26410,31.74880055921104
26411,34.00035923872859
26412,45.038318827083344
26413,30.007017423807177
26414,41.79615890110295
26415,32.56211801139699
26416,33.49014547166827
26417,35.343966183531904
26418,32.61812279016889
26419,53.380761436656094
26420,49.54290837461748
26421,31.694284366558726
26422,35.70746531896979
26423,34.9931394346737
26424,27.988872729174417
26425,32.57981608184234
26426,29.921367119431807
26427,31.73381043888873
26428,32.78074749456207
26429,38.58530078163678
26430,59.75
26431,39.0777814659502
26432,34.873079754403534
26433,46.73569715775319
26434,28.913101063983504
26435,31.221318989477055
26436,33.75623038486784
26437,33.20228895306935
26438,30.71714446930546
26439,40.75
26440,32.739917993970224
26441,33.96692137461743
26442,33.120357290327334
26443,34.381865371854715
26444,32.70623805139891
26445,53.64219801481168
26446,50.75
26447,21.94533605530552
26448,37.410597058485365
26449,45.75
26450,51.98363172780886
26451,29.200326411752684
26452,27.59907318762488
26453,29.061322752744616
26454,30.875303785118
26455,33.04528427404503
26456,29.048318382217474
26457,31.70311867487966
26458,27.255078714576342
26459,26.197377107646673
26460,30.39285938628195
26461,29.075918231049158
26462,26.983172212827995
26463,23.91002980526271
26464,25.817408460385536
26465,26.769374964793776
26466,27.720506532686407
26467,30.79985330352976
26468,26.49773803030358
26469,29.180290785383903
26470,26.287948241135105
26471,33.693801309822355
26472,27.60248677820735
26473,29.63274683650782
26474,24.141409760507432
26475,25.978079244797065
26476,31.367046239944173
26477,30.314107832767128
26478,29.956508750501868
26479,30.35839141331968
26480,28.70680365425453
26481,32.17133293989389
26482,26.159122122099234
26483,30.92719200795524
26484,28.976792921348967
26485,31.837889917148225
26486,29.285648573192496
26487,32.11819310824193
26488,30.224216243813302
26489,30.95108931564011
26490,27.250753121108225
26491,30.642081635622418
26492,27.54522292964785
26493,28.01767446370242
26494,25.36865607837573
26495,30.700026497072315
26496,27.85566640872233
26497,29.260555071549348
26498,29.351591523562362
26499,30.664894114695414
26500,27.824096619014085
26501,31.489706810958204
26502,31.142659069817995
26503,27.987932899049355
26504,27.48434812363758
26505,28.167360052628197
26506,29.0096349054554
26507,0.0
26508,30.31276225027615
26509,28.9270913633424
26510,33.05237122368086
26511,25.610584220073907
26512,34.411852703089174
26513,2.75
26514,28.56129032340384
26515,27.775137514196885
26516,25.257177110898525
26517,30.29096047368804
26518,30.89154279040114
26519,23.770290606315328
26520,28.098585924024768
26521,29.509553667216593
26522,32.12698314212398
26523,28.875678832100718
26524,25.48481412723475
26525,27.09443352964368
26526,32.034748167843816
26527,27.573883283617164
26528,31.573604822682412
26529,35.75515984732204
26530,30.389868387009372
26531,23.67142480827589
26532,31.266945987710272
26533,27.34351580288329
26534,24.444549600976693
26535,24.836539342766592
26536,27.689944810175177
26537,30.63974434913237
26538,32.214126981779394
26539,31.361242717133443
26540,30.226787324619345
26541,31.914614236523214
26542,31.049469108264653
26543,31.938157838881345
26544,32.48916641572915
26545,32.30561167006591
26546,31.661049996589682
26547,29.94355317715744
26548,28.730009879578
26549,28.3051999021432
26550,29.29057055670836
26551,34.403842142184246
26552,38.242880122776825
26553,32.451264658636134
26554,30.292886711640328
26555,28.773154176959835
26556,72.75
26557,30.584052572083564
26558,9.75
26559,30.00525237126184
26560,27.221067829124912
26561,38.015085054759446
26562,31.410321648232454
26563,32.30050767963171
26564,31.587850186452712
26565,28.453909548430545
26566,26.085595448594603
26567,29.120165193516115
26568,36.46107821663292
26569,31.733384453566885
26570,29.018401843621064
26571,32.031990941121826
26572,2.75
26573,22.616175494313403
26574,31.220729286511443
26575,26.869040404138076
26576,29.636918307128283
26577,33.15515637373119
26578,27.30178122047912
26579,32.29944789706499
26580,38.62609502713174
26581,31.72048629414187
26582,30.0327400548912
26583,29.258364117633647
26584,31.484789704287707
26585,33.695858287509566
26586,31.85591758738738
26587,33.45269351977806
26588,31.327221008660047
26589,27.69650097551756
26590,2.75
26591,29.068415845423786
26592,25.97742523927598
26593,44.69417092489175
26594,25.24623273911713
26595,73.75
26596,48.02156337084356
26597,25.82925928903701
26598,49.421919997888125
26599,38.75
26600,47.30791468239734
26601,78.75
26602,35.681502503863456
26603,28.576007962449346
26604,27.115210256931263
26605,27.239309524531976
26606,41.843558879575305
26607,36.39823721816877
26608,37.63148882873404
26609,31.185676920143955
26610,34.63047618806152
26611,34.6485158484374
26612,29.14141946087539
26613,42.63596113149998
26614,60.75
26615,38.67107721332979
26616,33.12493946629251
26617,56.75
26618,51.52776822219066
26619,38.78440956334791
26620,39.30578078766155
26621,39.103625005069176
26622,28.598840637352467
26623,29.251394828874382
26624,41.47398347692883
26625,31.276298221408027
26626,40.017799405928685
26627,28.84050714398107
26628,27.815166695877707
26629,32.78491490417496
26630,35.32632892494951
26631,40.79684424123049
26632,33.54916774652175
26633,35.48470682773099
26634,40.781378551323066
26635,33.13704543388929
26636,36.5337269433474
26637,33.571834061855284
26638,31.923633625550075
26639,35.28333858168543
26640,29.927369251358343
26641,32.3381915688799
26642,31.394717785184618
26643,43.04876206659995
26644,28.650325128934583
26645,32.77157981771524
26646,36.20980163874704
26647,39.36090218683906
26648,27.75
26649,27.43845926528472
26650,45.17206469557007
26651,28.821336310289766
26652,39.11860307035803
26653,30.223913292793377
26654,33.03534776468293
26655,34.43587822883977
26656,25.859113318512954
26657,35.70786094881982
26658,50.75
26659,33.56013770586305
26660,36.16838122118025
26661,28.314993042050105
26662,29.033963084095888
26663,45.19414926186262
26664,29.29304106292122
26665,28.381320986559246
26666,32.54713534468192
26667,34.50651293749641
26668,31.16175371045405
26669,29.239187739541883
26670,28.652711923328766
26671,31.63834234643585
26672,32.21087979440172
26673,43.97257501766014
26674,40.8269901559519
26675,25.66464747405353
26676,43.16200712019905
26677,41.69970053285238
26678,31.866996844487772
26679,28.210015046504523
26680,26.61105671505358
26681,31.12336793108782
26682,29.06123785640854
26683,27.21042517928356
26684,28.025132722094
26685,30.956295702409754
26686,29.045456280659323
26687,55.75
26688,29.10182570867964
26689,39.16832633149419
26690,32.95568440895941
26691,35.291304372101344
26692,28.26898081060083
26693,33.30395747586604
26694,28.194365377980134
26695,11.75
26696,35.71031577967247
26697,37.769374714527125
26698,31.18185810927953
26699,30.67095925789784
26700,30.25259133385488
26701,33.45322703715576
26702,37.84054097572015
26703,39.68775292693411
26704,33.06751418291151
26705,33.0588957338351
26706,70.75
26707,33.115168131455846
26708,28.855192094864336
26709,38.665859089287885
26710,28.56967367456621
26711,30.44684505298438
26712,33.83219553238722
26713,28.027142909108164
26714,28.804931492724123
26715,53.75
26716,40.35298347748143
26717,37.085799427120456
26718,36.78687273491232
26719,33.33433858505287
26720,36.64568156795339
26721,32.97776295119587
26722,25.39386953656795
26723,34.505492625534224
26724,33.06343672602228
26725,40.78790439962201
26726,39.20902309842944
26727,32.28224647703987
26728,42.03128799028882
26729,32.52628679309427
26730,31.995778204655835
26731,31.989636199291034
26732,40.86773363009247
26733,27.192203479377554
26734,32.80660003708961
26735,38.95640675796253
26736,31.827341237450966
26737,30.097303673206042
26738,38.87519265903796
26739,32.450099872332494
26740,39.68066984114155
26741,34.038856916619
26742,28.639841737325483
26743,28.426313068312396
26744,31.203759221371087
26745,30.225017885220893
26746,27.288314829283493
26747,25.901007204964813
26748,28.947621556366386
26749,43.67976764182055
26750,34.0146965478238
26751,39.74228921560329
26752,38.30191391394061
26753,33.513826384605395
26754,34.74842685261394
26755,29.297919752045118
26756,39.35821353313419
26757,29.895228846960755
26758,26.45810827099352
26759,36.50175636086532
26760,29.368007784851528
26761,36.05546190274033
26762,37.8077883776636
26763,34.58971721190984
26764,38.26276647749728
26765,40.27352480888143
26766,31.753836742912647
26767,31.79067179140918
26768,32.413953539335495
26769,39.58676996962499
26770,41.36658174365695
26771,69.75
26772,35.8605344392249
26773,34.75905828356389
26774,35.77645441978829
26775,25.082876106866603
26776,50.75
26777,28.034566888584507
26778,39.52457067794875
26779,37.37282468923955
26780,26.891230106002553
26781,24.90488996380399
26782,62.75
26783,31.155357633262952
26784,31.330706829196963
26785,30.208286256860873
26786,26.549171669515744
26787,28.456755561137626
26788,30.22942499975928
26789,40.75
26790,22.47437864740098
26791,20.858343145953327
26792,34.91145288367407
26793,25.81491229307425
26794,33.07672017135191
26795,30.15958858461775
26796,32.81183183552232
26797,29.0754447688509
26798,35.04598929342385
26799,33.86172246047425
26800,29.41599056305091
26801,33.45608506683168
26802,24.0365116718066
26803,28.793717063709536
26804,35.98039832511021
26805,49.12030035740526
26806,31.75
26807,39.86891607916685
26808,34.74257098869211
26809,26.423801062788954
26810,37.30418010921992
26811,33.887938740252615
26812,44.56415202702745
26813,34.76241650362509
26814,36.18341685101399
26815,49.11399342057307
26816,34.27752387914359
26817,68.75
26818,29.751515761192486
26819,31.337435443733426
26820,23.500511311408445
26821,15.757644746997983
26822,35.756421401059264
26823,31.036750094136323
26824,62.75
26825,29.305871685439158
26826,25.84277167078426
26827,59.75
26828,27.872535666112555
26829,33.04000075055227
26830,27.754606821723698
26831,53.81916165830504
26832,28.890028884435964
26833,33.4947997379443
26834,35.79635724971892
26835,25.71219490760597
26836,33.77021731999093
26837,57.75
26838,39.93450814852473
26839,19.095905105673555
26840,24.201722893577625
26841,33.53842327693877
26842,36.61500215352142
26843,32.55353429028986
26844,31.32337723373344
26845,21.521017703307063
26846,32.47722485113511
26847,23.831137727344963
26848,33.728314918458665
26849,37.30553874178929
26850,37.14634585629435
26851,22.95736913971092
26852,30.45187801054206
26853,58.64347797676673
26854,72.75
26855,37.48965243349684
26856,34.75902308946668
26857,52.75
26858,33.40879684901165
26859,41.63182929469584
26860,36.85079523412539
26861,26.701131985859995
26862,44.41210956105324
26863,28.719859786550956
26864,27.798169899773683
26865,32.17494117983652
26866,27.633032511684746
26867,43.10527533636343
26868,46.80590392054834
26869,38.72538198440776
26870,34.199739169467165
26871,35.30764283719608
26872,46.69064302063787
26873,23.539617838913006
26874,29.09260823957291
26875,33.81584251831214
26876,33.162993625269515
26877,40.881525281754186
26878,60.75
26879,25.829557387928944
26880,50.37658930558352
26881,38.14931959334204
26882,35.4907883655122
26883,30.523773305848216
26884,45.89211406246887
26885,30.7847545662017
26886,28.31096279480562
26887,43.05133129598624
26888,51.75
26889,35.45794196243259
26890,29.701704357773437
26891,45.87163866638802
26892,61.76398407885128
26893,27.178090056719064
26894,32.933647940142905
26895,65.75
26896,32.525990664256646
26897,45.94789337930353
26898,34.01734746778975
26899,50.14172759608254
26900,37.30384418195791
26901,34.679140221225744
26902,65.15651872008955
26903,33.16293322920576
26904,31.395925789122714
26905,36.28518412178109
26906,38.49366496109791
26907,36.52401436935936
26908,38.517701295667
26909,37.19143852264576
26910,34.7386842279358
26911,39.518628572011984
26912,34.36738572157139
26913,35.64264302647103
26914,54.22559550808036
26915,28.652687380949672
26916,34.59134429233838
26917,65.75
26918,34.01395340225837
26919,35.29485425413006
26920,34.53073427093189
26921,44.272549121225566
26922,27.351416822325348
26923,47.5108956399892
26924,30.917791759804366
26925,36.357010862056455
26926,40.51848901507878
26927,34.77362832486997
26928,35.04697865282452
26929,33.751323922818926
26930,32.92057487533581
26931,29.269392583655033
26932,32.02752496803947
26933,39.177025286544
26934,35.3340537862377
26935,32.537131492715986
26936,38.92756090225611
26937,48.83695097564448
26938,34.09972480471377
26939,31.03034057784796
26940,33.984558773753335
26941,35.0904933596327
26942,36.23815355201685
26943,34.54167181401648
26944,38.773763963957975
26945,41.0611561116497
26946,45.43530737684341
26947,33.1168615994567
26948,34.14065000581304
26949,29.59922261057592
26950,40.0116835352452
26951,28.70805263032588
26952,30.628099331603394
26953,35.70848510437039
26954,37.20990023786848
26955,33.356104950065685
26956,36.03906954532321
26957,26.915150629478937
26958,42.87423427377582
26959,22.43239873643996
26960,37.3793526729224
26961,32.28256660288742
26962,30.353288213054483
26963,30.21806961035073
26964,33.613499001262205
26965,32.737596359485686
26966,31.05582290108952
26967,34.77028546692144
26968,27.96967285954203
26969,36.35113632031669
26970,32.54840293730125
26971,31.77368157786146
26972,36.22506900552796
26973,38.739691945965575
26974,40.62705718390932
26975,27.342446461758996
26976,32.741272210949376
26977,30.48678469727662
26978,40.17403590617722
26979,30.074187001276428
26980,30.731115096155875
26981,31.55531339202887
26982,35.23515341956518
26983,37.6683638162795
26984,33.18846844497786
26985,34.10139503343642
26986,36.34744240577852
26987,34.05109653515467
26988,33.39844171281911
26989,27.120998029942143
26990,36.826454201747374
26991,35.63256433670922
26992,39.867193787897634
26993,31.761147486952737
26994,24.09682129470213
26995,30.454010919021577
26996,34.46008711795076
26997,33.47271136812694
26998,35.55792079524208
26999,33.55658354927767
27000,34.02231809886549
27001,30.35485853111153
27002,35.8960276922046
27003,31.106389353124435
27004,33.01107093546283
27005,32.85040712071314
27006,30.199784138341563
27007,22.21621423339629
27008,34.73648213491644
27009,26.556986536489845
27010,31.578895602370693
27011,32.241324494368314
27012,36.82496463441054
27013,28.53934032041434
27014,31.27168112178832
27015,34.512349810264354
27016,27.05479480566347
27017,30.388498743313384
27018,32.75594924330867
27019,32.94634411469632
27020,30.92402455263901
27021,31.20082539434128
27022,33.30836807961194
27023,31.087351745027973
27024,51.75
27025,24.03035403044841
27026,24.506070600414223
27027,30.670555958944533
27028,29.760755922254603
27029,33.332199367631475
27030,32.15481228476107
27031,25.090054840480114
27032,24.280018952117484
27033,43.88946309126911
27034,33.058704343643264
27035,33.320689944857534
27036,32.17480469286584
27037,35.12188119467437
27038,32.32867169909391
27039,43.646713256276506
27040,37.03197928341476
27041,29.925089131469264
27042,33.5724167767228
27043,23.317632622458746
27044,30.844433036506757
27045,31.956479883398373
27046,34.5139245999484
27047,32.21811832072257
27048,41.223693002923
27049,30.65208170406855
27050,37.76618190351969
27051,22.282473175815788
27052,33.77779756657315
27053,41.23461125981363
27054,23.4541524798863
27055,31.063231097896363
27056,36.85266565941028
27057,34.03369864851217
27058,23.68485051228029
27059,36.06916119690234
27060,32.96445747376177
27061,30.265293850822857
27062,38.75
27063,34.92509672040797
27064,37.71774502592345
27065,36.8749343529138
27066,22.34446959104604
27067,31.37314819535157
27068,36.77777325562033
27069,32.201240780075544
27070,32.4889484935234
27071,25.96462691798996
27072,35.305365248816415
27073,35.46049781828764
27074,33.93858539148969
27075,31.332632491571964
27076,36.68930324771614
27077,32.69604199396546
27078,29.355244556987813
27079,34.556936834210155
27080,32.1099049629881
27081,35.38016275695215
27082,31.1757984065218
27083,37.144669813602825
27084,31.961238489088963
27085,31.49893745028519
27086,34.84873572220111
27087,34.79081179819394
27088,32.984247737054744
27089,22.3163214451585
27090,28.98044483836067
27091,30.026560576495868
27092,29.82092248394885
27093,34.44308727930769
27094,35.732009727105634
27095,35.72166734764179
27096,30.94520145625497
27097,24.85905615763961
27098,33.8417780727618
27099,37.17778690060992
27100,35.85561023243897
27101,32.258034660768324
27102,35.08660403975751
27103,31.32991608640411
27104,31.734122166141688
27105,33.11242342156045
27106,31.08489468972448
27107,34.9125046589294
27108,32.659456658884665
27109,25.467030365276067
27110,34.01782532592985
27111,33.61718636973913
27112,36.4230187497142
27113,29.514964323447984
27114,33.112188336169986
27115,34.78143076121283
27116,28.144047282946225
27117,25.815052627151907
27118,36.33507968653984
27119,28.582449049280527
27120,33.655059491936896
27121,36.79748437874075
27122,30.27600216834074
27123,21.385379226493583
27124,27.8309491481796
27125,23.954329490609684
27126,28.154070936687276
27127,31.075633556523258
27128,36.7477431562578
27129,27.088978483340604
27130,32.89061703854548
27131,33.91466063356183
27132,28.793941668304264
27133,26.224412656044507
27134,33.85454030960116
27135,34.85414848895678
27136,31.3289063099037
27137,30.47310650799576
27138,25.03228535360157
27139,28.092525645595742
27140,31.56103721978755
27141,31.953649137580364
27142,25.849473455464732
27143,36.480012089694014
27144,34.78805237354249
27145,25.285466054027506
27146,21.008695761873536
27147,31.654394327610568
27148,16.851877633467325
27149,34.6012532866852
27150,28.22903043327684
27151,23.38957739098528
27152,22.947006185617568
27153,31.75
27154,27.2915087479444
27155,35.19981519922555
27156,30.866243027997818
27157,33.23147295417111
27158,27.580518788898743
27159,30.527005442310397
27160,29.318849197570685
27161,25.346304701454564
27162,31.9829888502682
27163,29.756393645270755
27164,31.872156913151365
27165,25.25655870806576
27166,33.24988579620335
27167,27.407437785345465
27168,28.40265553462752
27169,31.51348991303677
27170,32.83807582874479
27171,32.67594224321825
27172,21.79437925433521
27173,27.828351877828993
27174,31.141096396371623
27175,27.487108594289303
27176,84.75
27177,22.163043773609
27178,27.892878650875005
27179,29.847516412365337
27180,27.773628827518678
27181,31.92779655411487
27182,29.887087711468922
27183,25.52836614421281
27184,28.111469969991063
27185,32.149489812337485
27186,26.831411985577105
27187,33.78259615374684
27188,32.40474339308294
27189,32.044916396444194
27190,27.29803047007595
27191,36.773193997606384
27192,33.855359230157895
27193,23.13139691988203
27194,58.75
27195,26.957388123295424
27196,31.97747186357911
27197,22.45269174057175
27198,34.745892731723416
27199,35.28284939664086
27200,30.05050343331738
27201,17.554964790537312
27202,26.730595767720146
27203,28.89571654963042
27204,26.50589603787948
27205,31.094328408394773
27206,24.16995875495658
27207,30.868609049663817
27208,27.899390609978823
27209,27.416786682283274
27210,28.327946642243027
27211,31.365632833140822
27212,26.550036499700283
27213,27.16645101723249
27214,25.29827576038816
27215,27.060360010009767
27216,46.11145053286229
27217,61.75
27218,33.17467954649221
27219,58.75
27220,48.848856666346336
27221,28.817129175496014
27222,33.39693213378655
27223,81.75
27224,47.75
27225,32.60701411622213
27226,52.11635032433215
27227,33.03463688889729
27228,32.367639944669335
27229,36.111325439814
27230,51.11214029885264
27231,79.75
27232,31.448642022116864
27233,60.75
27234,34.09986704473488
27235,51.65491570907891
27236,23.873154394841187
27237,49.742611848105575
27238,30.01661249579152
27239,36.30812076279422
27240,28.866938989045863
27241,32.922910203488
27242,37.0898645492721
27243,41.64324296510279
27244,27.77875966164725
27245,25.46279971283793
27246,44.56552664852331
27247,30.411728523178525
27248,77.75
27249,29.618568343557428
27250,39.71401082968314
27251,31.18480660628085
27252,63.75
27253,34.29853000087768
27254,32.670178203531705
27255,35.12376453079453
27256,49.034834613349375
27257,51.19074296663426
27258,56.75
27259,36.36750342078203
27260,37.3152070270641
27261,68.75
27262,60.75
27263,35.53700463404372
27264,36.57861669528521
27265,35.43879532168552
27266,34.95493581049912
27267,76.75
27268,36.44825642196565
27269,76.75
27270,36.25121283138495
27271,24.884939146667605
27272,34.63496496531117
27273,34.25968948732391
27274,34.72099824645707
27275,38.22907102895752
27276,34.02199475816645
27277,18.75
27278,26.02713335950098
27279,33.081354001085614
27280,25.75
27281,35.50119994843829
27282,28.137759067609935
27283,17.75
27284,35.041396350567815
27285,31.621755905646793
27286,31.557551458792673
27287,34.321567725833695
27288,34.75
27289,37.86411997497285
27290,33.833416389792895
27291,35.75
27292,34.31903232235708
27293,36.8821791874127
27294,34.464205118530955
27295,36.75
27296,23.38854085610229
27297,31.25325200804673
27298,32.1300690251918
27299,32.42630998919091
27300,37.75
27301,35.37172738443312
27302,30.05774486253256
27303,35.27483772396203
27304,31.75
27305,27.75
27306,37.326679155235205
27307,35.24621585151113
27308,39.62042266772093
27309,33.75
27310,34.76835688504008
27311,46.3797394498667
27312,37.4930173122648
27313,37.61158006927005
27314,31.75
27315,33.192186487294514
27316,35.74838218930766
27317,26.007712570663855
27318,34.271194321263415
27319,35.61077866820557
27320,37.97144144443152
27321,34.85434656183154
27322,34.7260911603191
27323,36.4333660594753
27324,36.360196955716106
27325,31.327762285981528
27326,35.58788051643331
27327,33.44060162509811
27328,36.885829386189165
27329,35.537091737284925
27330,31.945997623800906
27331,35.67024791623324
27332,36.38857111633256
27333,38.7791046836641
27334,32.27306357174751
27335,35.053866277235066
27336,28.531529946593437
27337,34.25640342659112
27338,30.18566082397836
27339,29.3507741384217
27340,26.8559578976919
27341,30.80405431841948
27342,32.92880585797458
27343,32.09523480944888
27344,34.79116371378814
27345,22.55457580780972
27346,33.51630360881168
27347,23.29673297316475
27348,22.405113859435048
27349,34.30227216308305
27350,38.579757989180194
27351,35.93124348701909
27352,22.16188016415755
27353,24.537443042496463
27354,29.828220035232462
27355,27.69898894900156
27356,45.87180847805075
27357,35.99843795014353
27358,34.94781861632117
27359,33.43476101275063
27360,24.60910545034111
27361,35.51660241095646
27362,32.42856376999801
27363,29.62426928672994
27364,36.52983526025335
27365,31.845080811889048
27366,32.36400666660936
27367,28.38098143501238
27368,29.296910991036427
27369,32.242441538918804
27370,35.45514094240893
27371,35.14826161594719
27372,26.690944043692163
27373,26.13388136761491
27374,34.89358814293218
27375,24.57152313699758
27376,31.072847847480496
27377,29.49092601977417
27378,30.329397546287808
27379,25.320222092996715
27380,28.184449820486
27381,35.70809755431045
27382,25.1152426765006
27383,29.232902124684117
27384,35.927197846264
27385,33.645309524192825
27386,33.20905273549284
27387,26.684023787156995
27388,33.6649351127255
27389,37.40248453411248
27390,36.37674671974699
27391,36.4430528981156
27392,26.429658394982553
27393,32.49638209879641
27394,30.820433953053538
27395,37.76999214300719
27396,33.6560557754719
27397,31.505977399089105
27398,26.672697085105185
27399,24.073355822705988
27400,25.965471008556086
27401,28.212745660108254
27402,26.06596736585984
27403,33.448493221438945
27404,22.31538454444913
27405,25.414322633138777
27406,27.747863522415244
27407,37.280809576193406
27408,32.40079323024633
27409,28.114054879725657
27410,29.359086811760676
27411,29.847320103432352
27412,36.24720102475918
27413,30.953704894656333
27414,35.6095780962354
27415,31.86704015192138
27416,34.65791510044804
27417,33.99679505615313
27418,33.52802018798427
27419,41.72310586557317
27420,32.62019722356017
27421,28.62244859127656
27422,27.339018059815388
27423,35.670619152249486
27424,33.255236918336955
27425,36.939512778124026
27426,33.441202819810194
27427,36.27555747931751
27428,30.357567901046608
27429,30.834717288712334
27430,24.126688185861905
27431,31.221960949966657
27432,32.01346422361984
27433,31.040306662185237
27434,30.867283081668177
27435,32.49462321430704
27436,37.48625496190958
27437,34.22118644021051
27438,30.12383123834679
27439,30.795055671978503
27440,28.815222058471477
27441,32.52749541656211
27442,32.7753108577266
27443,36.66754571536994
27444,30.456239303802
27445,30.453370737218023
27446,30.273701706579942
27447,30.826710983642705
27448,33.037358569974664
27449,26.90226552511359
27450,24.84381637985388
27451,29.724862081651857
27452,32.34996138189732
27453,21.376306990540485
27454,35.71803943990192
27455,27.292007779843445
27456,29.617778268098306
27457,30.80388123821897
27458,30.36356867294178
27459,29.028954517880123
27460,26.648509391256084
27461,25.555224792256208
27462,28.274346533993395
27463,27.412047053005224
27464,30.856010409450406
27465,30.318728980350443
27466,25.147717312825318
27467,25.955796249313323
27468,29.739726735443128
27469,37.02496453929306
27470,23.31386396861465
27471,30.462329417439406
27472,23.746748254937277
27473,23.440329531025867
27474,29.568047011434665
27475,25.70186236837809
27476,26.15198963800679
27477,19.71734604001765
27478,31.445908072346157
27479,49.75
27480,32.40054407415121
27481,42.11838681049526
27482,30.147832830961143
27483,33.89303388774666
27484,30.103383041050314
27485,33.71648752353456
27486,29.232238011231907
27487,31.66414434028807
27488,31.62214754265095
27489,32.42012714536687
27490,32.65059870510672
27491,36.79972459054914
27492,31.374606889338622
27493,33.91273855820362
27494,34.844377162420265
27495,29.848255445939543
27496,31.912316527790978
27497,31.576813226552048
27498,34.50247080614806
27499,30.973515566054047
27500,23.906556830944023
27501,34.339397812325814
27502,37.678071221839495
27503,34.80673307296829
27504,25.783333807231628
27505,30.557418017114657
27506,26.944407192155467
27507,32.34786030881889
27508,26.016118411311773
27509,35.65207381855293
27510,32.886642504632746
27511,34.471263086686385
27512,37.485004839739126
27513,29.219617387336434
27514,32.760056434910084
27515,30.73174202397022
27516,28.499259440062204
27517,26.320527173752637
27518,33.86254020105525
27519,25.54645493405826
27520,33.07632885553666
27521,25.291032592738453
27522,33.84729191138392
27523,33.05963797753343
27524,29.883080299977983
27525,29.911271365649
27526,27.003251453740923
27527,36.59831858180791
27528,36.89725400901569
27529,44.21671839074416
27530,34.46742138344514
27531,42.61056011032994
27532,33.2403038320017
27533,31.353215906220456
27534,26.52421005218745
27535,36.80530277159439
27536,31.301172909399057
27537,28.054370941421382
27538,30.35781904680144
27539,33.431609121747606
27540,32.59265739605355
27541,33.527569450910754
27542,29.440584826147003
27543,31.371954280567955
27544,30.02232788068524
27545,35.87234533544106
27546,34.313133878677334
27547,37.14369968812063
27548,63.75
27549,39.71719429127492
27550,34.41059533369106
27551,37.019310395531015
27552,46.75
27553,32.77207795722096
27554,33.75135405979726
27555,38.02631283700465
27556,46.75
27557,43.75
27558,69.75
27559,53.01901200570176
27560,63.75
27561,41.75
27562,42.75
27563,50.9919427335668
27564,37.83562526423025
27565,46.52816897343893
27566,49.75
27567,33.86759818124428
27568,38.38340882992702
27569,32.75
27570,40.75
27571,64.75
27572,50.00955844351044
27573,59.75
27574,36.81679189881178
27575,38.04468106085365
27576,38.68643698302136
27577,68.57030150670931
27578,62.75
27579,35.570936836870125
27580,59.75
27581,68.75
27582,46.5328577323881
27583,37.551845429453145
27584,37.80801418718121
27585,73.75
27586,60.75
27587,39.17368549737703
27588,53.75
27589,28.376931497340706
27590,49.930223211509855
27591,36.75
27592,56.75
27593,61.75
27594,32.88512687635243
27595,54.007422275952905
27596,41.68169676630567
27597,64.75
27598,49.58044106397899
27599,31.52128830402944
27600,48.03445939063201
27601,61.75
27602,39.06306285132864
27603,65.75
27604,36.888007691440656
27605,36.13474942805196
27606,70.75
27607,31.883780320588286
27608,35.086720528646325
27609,31.532507405871073
27610,32.47134352710763
27611,41.73397779242204
27612,29.434929722062975
27613,43.75
27614,48.50561775923618
27615,32.44305759104518
27616,33.1754253256995
27617,31.167672958697054
27618,49.48857405942345
27619,34.32710219709539
27620,48.175725268414816
27621,29.481433793585005
27622,46.30526731017719
27623,45.5817813629571
27624,62.75
27625,55.75
27626,40.64568053786296
27627,38.18050105918893
27628,68.75
27629,40.94294302879302
27630,36.45548705264687
27631,39.276871447906885
27632,59.75
27633,38.79764712825527
27634,41.07636475420852
27635,35.63281924855184
27636,48.75
27637,37.196769255086224
27638,42.046622607410285
27639,32.94667929608772
27640,31.918459216716364
27641,61.75
27642,28.547296846258227
27643,38.817678356072015
27644,48.07688501522233
27645,29.12198109112225
27646,29.827621455386947
27647,36.44965997861628
27648,29.05775956376887
27649,43.8014890956453
27650,21.46515302932923
27651,25.75026016553892
27652,22.034910436425893
27653,28.88071024081416
27654,30.93788194651519
27655,39.56449098875226
27656,30.834432428866727
27657,30.98133885410799
27658,32.149222441019134
27659,21.5310471282124
27660,26.843858939260542
27661,25.804708464267648
27662,28.402367224639363
27663,28.717084864750568
27664,23.972176762711
27665,26.740500547059867
27666,27.287216221019648
27667,21.75126927469706
27668,23.139154893526708
27669,38.502997531431866
27670,29.29662570306043
27671,43.03840514199613
27672,25.852471644275184
27673,21.891279262866373
27674,22.020168526547103
27675,24.527231384545985
27676,23.688081531892827
27677,39.536065665084855
27678,21.10103884528444
27679,22.38317234943096
27680,43.90490954315365
27681,24.52438271561609
27682,37.77177795219752
27683,36.95879492401213
27684,29.658877108864047
27685,29.661464777284422
27686,26.004057962748625
27687,42.59128022168239
27688,28.696892969848605
27689,32.952718668069856
27690,30.303046298410962
27691,28.14054979392087
27692,41.20150613006936
27693,30.631896420181974
27694,0.0
27695,25.85899529622253
27696,42.90615715374081
27697,25.559833408889475
27698,24.88421694605409
27699,73.75
27700,21.847677856645667
27701,21.73628574314388
27702,34.299528850660465
27703,27.578969598204722
27704,25.773200471311114
27705,26.268776991771844
27706,25.915879656192374
27707,26.261133346929405
27708,0.0
27709,22.778723984998564
27710,24.817915167445957
27711,35.19946759082827
27712,42.360208811771535
27713,34.957924672591325
27714,42.24919165215203
27715,27.010998276851097
27716,25.598025340768707
27717,22.31512196883572
27718,26.48800067606522
27719,36.68144269099723
27720,25.66666795202472
27721,70.75
27722,21.05007542881813
27723,24.384263548412186
27724,30.754224327485886
27725,38.38900888749846
27726,27.075397436803243
27727,23.98643105507871
27728,21.28474056902473
27729,43.638514573928326
27730,25.881967271580187
27731,26.923308420612187
27732,39.40582725604964
27733,34.34334878100107
27734,26.750135830845423
27735,24.346016334169924
27736,33.784227478428434
27737,28.671882243094387
27738,22.54414186308861
27739,26.25429348741826
27740,24.75795141051271
27741,25.4002715106072
27742,23.889566173985862
27743,27.214141082449913
27744,26.744664871568133
27745,33.01284577078547
27746,28.62245060396262
27747,21.092228240074363
27748,39.00143502961683
27749,27.476665070305884
27750,33.105124825892574
27751,54.75
27752,56.75
27753,35.82592330128165
27754,33.26772570673798
27755,55.65587218275528
27756,51.03357524209667
27757,37.05193633905464
27758,46.60249905927432
27759,40.502418018617625
27760,47.715036231092405
27761,34.26598406981263
27762,36.3651010219238
27763,22.054179975839904
27764,40.89041855969157
27765,39.38960362660775
27766,37.75489014911736
27767,45.75
27768,41.53067641685755
27769,41.38612986147965
27770,39.64187220757269
27771,39.77611775503603
27772,33.06227868794687
27773,46.57887933030084
27774,46.134785230915625
27775,36.22024738086928
27776,29.274307354696205
27777,49.75
27778,35.73999819204016
27779,45.67817191963953
27780,0.0
27781,45.88927349047878
27782,36.37447772105602
27783,31.798991675132534
27784,33.67251737334511
27785,29.131068160600563
27786,28.009025176547624
27787,24.221625252973745
27788,37.00267964858544
27789,47.112219217602615
27790,33.0459651117777
27791,53.3558479660085
27792,35.7237718251386
27793,42.33056813473753
27794,25.38380871488165
27795,34.293429676720386
27796,30.063985967447223
27797,43.69006365630701
27798,29.86873474439807
27799,37.56572069602119
27800,35.21123396549652
27801,37.55859710457848
27802,25.54544775893492
27803,26.82683869520156
27804,45.360384914312576
27805,35.93107966409184
27806,37.19175912906502
27807,37.242207465710536
27808,30.960239511023843
27809,27.988393352031068
27810,31.918340572944402
27811,33.68238048406151
27812,29.857044594320172
27813,29.52123265745862
27814,28.823858312975155
27815,29.05899036234313
27816,28.30535991825041
27817,28.61306824511854
27818,29.483325430615807
27819,19.347021422043497
27820,29.439528807883903
27821,29.584691474534644
27822,34.081889284341564
27823,31.409075459511328
27824,30.913197930974427
27825,27.04077761053874
27826,29.42697504106677
27827,29.52045564950876
27828,30.83271724753265
27829,30.226264747463915
27830,35.631390826804136
27831,32.057691331577665
27832,30.826473528874267
27833,31.052486694577773
27834,41.33982675038972
27835,33.76702064712961
27836,32.12740215617353
27837,33.674854778804026
27838,33.77738292127591
27839,34.561308207674735
27840,28.651046586850896
27841,26.609606519300897
27842,29.83163718219076
27843,35.69660184246287
27844,31.65539369401229
27845,25.937732181280964
27846,35.14929180828717
27847,30.710736868500305
27848,33.94433867919136
27849,40.76714483484634
27850,35.12402166128961
27851,29.664249699221443
27852,27.771807861334075
27853,39.20360074684866
27854,29.553147432107437
27855,35.624537988614655
27856,33.66804943085018
27857,32.45542518982505
27858,34.184495871918266
27859,34.85870751010688
27860,36.86817485592407
27861,34.70932763133823
27862,25.013947630582766
27863,37.71669275261488
27864,22.997917085681088
27865,31.386295694262806
27866,29.73079482716384
27867,81.75
27868,36.711127844210594
27869,37.635198536212776
27870,31.311043237495575
27871,30.807219034526106
27872,27.486936445492262
27873,38.91852282961466
27874,29.999624813707968
27875,37.04598039857763
27876,21.439583576448623
27877,31.874975551944537
27878,21.096261503554764
27879,37.75612366763304
27880,37.37289632363371
27881,33.79100792119979
27882,35.85730027391267
27883,23.08639064604629
27884,20.121738029647936
27885,18.792134620514485
27886,16.32869778223327
27887,24.55788655546997
27888,28.532327819533805
27889,22.596485797732697
27890,28.074639953877707
27891,29.43835249763989
27892,23.98081642878111
27893,35.758042050262816
27894,28.638962195185066
27895,31.00449179761584
27896,22.02876711107049
27897,22.921895918114267
27898,22.364174046181223
27899,23.13860129724801
27900,35.1962339898577
27901,21.698588849830795
27902,22.49565000336168
27903,26.35956048222819
27904,21.756432985103825
27905,17.948359013766016
27906,23.97516977052267
27907,22.920347684081143
27908,20.220386725955745
27909,25.14280333580806
27910,28.19247875095577
27911,31.097974250982602
27912,20.56583710701465
27913,23.3472471197396
27914,25.988609104159778
27915,21.863471903097064
27916,20.988600403491517
27917,31.0500825913106
27918,19.64839467298939
27919,23.601361304039983
27920,26.80358371040687
27921,33.86265190477848
27922,19.837795884999277
27923,21.151556310982983
27924,28.289638165379685
27925,19.72041811856336
27926,22.56674693302738
27927,23.987809960701377
27928,23.81285383038911
27929,19.836204009251837
27930,19.66804047978316
27931,29.718492483598567
27932,27.38686878835287
27933,22.56130229186954
27934,32.259460732463715
27935,27.126666222283333
27936,22.483927970639368
27937,26.625969177503023
27938,27.98310703055482
27939,24.44853962834961
27940,56.75
27941,23.576830481984214
27942,17.933792096333733
27943,21.784891823327047
27944,22.80611816580564
27945,24.430152654555936
27946,28.805247855381765
27947,20.916495815317337
27948,22.576540796234163
27949,26.23511987715665
27950,32.08026992442776
27951,32.83781344702783
27952,38.91354274593986
27953,22.824236798278157
27954,26.758987574510684
27955,25.68655288682631
27956,18.421126214546646
27957,19.21162930922033
27958,19.44657325541516
27959,35.43263732503352
27960,32.40570964825939
27961,22.839565718975013
27962,30.265942934036005
27963,26.822745338310995
27964,28.133593151085407
27965,17.595318094516514
27966,35.900510766922864
27967,65.75
27968,28.46358515970922
27969,26.606984949328208
27970,25.583821593485865
27971,0.0
27972,21.229237811644445
27973,22.727288590751208
27974,26.75941193156583
27975,24.16245476314905
27976,21.84006781956432
27977,0.0
27978,23.44105564442552
27979,29.264459812791813
27980,19.303313350334264
27981,33.009611092407006
27982,20.93869147609119
27983,30.45569255084228
27984,23.46545010428576
27985,34.87417834473085
27986,0.0
27987,23.979689090684573
27988,20.05693388125959
27989,22.78140601226972
27990,25.992291728544686
27991,27.22812850177747
27992,22.67208074614855
27993,21.73176068154662
27994,19.905786640456096
27995,22.16086973587558
27996,26.590361744282248
27997,22.35530130775853
27998,24.954204870843046
27999,21.00179454098747
28000,27.946658580094834
28001,33.353857236463206
28002,25.49683312823411
28003,22.5885148352436
28004,24.68687897411448
28005,21.75678033920047
28006,15.771116865664172
28007,23.10125530229427
28008,21.75352673386912
28009,24.391259309041157
28010,21.376853596052623
28011,23.67416976842597
28012,21.94213265089371
28013,20.87019731392185
28014,25.785539746171537
28015,34.34952183931322
28016,23.16309159599531
28017,24.895538107210896
28018,24.439047647540907
28019,26.41414143698519
28020,28.174151583424134
28021,24.68948871316949
28022,30.385495475123577
28023,21.55288959576508
28024,20.940090956954155
28025,23.31654136290936
28026,21.926166950961218
28027,21.84570210645057
28028,27.19750561881832
28029,23.027920364334445
28030,24.438290772074083
28031,28.861112894928965
28032,21.165562594323
28033,22.497340916454547
28034,24.683946566567737
28035,25.77426896001593
28036,26.274068970113063
28037,27.089734644216023
28038,29.712973874601445
28039,35.37649133360671
28040,20.644688313156976
28041,23.28764136666716
28042,29.182921989488875
28043,31.990066966337622
28044,34.696507545950425
28045,27.114177332057885
28046,25.8930521148295
28047,18.4007261319223
28048,20.17542425657856
28049,26.80302745623615
28050,30.519519306879303
28051,32.006742486323674
28052,25.250509771132936
28053,26.649202806725214
28054,38.12520492209997
28055,24.963698024988453
28056,21.887592602052933
28057,20.85873541864106
28058,33.60510284168999
28059,60.882600264782525
28060,35.60883647691775
28061,34.120244520954586
28062,42.43084517962521
28063,30.009353173273134
28064,34.54214319962737
28065,34.47942555714088
28066,33.34582335478941
28067,40.75
28068,33.918816221728314
28069,31.6527391936321
28070,35.824812197344606
28071,31.61056541336285
28072,30.153807802527545
28073,55.03779647445008
28074,33.38586489904142
28075,28.807131471596783
28076,38.91533784320494
28077,32.17710519129883
28078,31.95943846573227
28079,32.6227869033466
28080,41.71176191314553
28081,47.14087626087839
28082,32.41520294995019
28083,36.8151602832808
28084,39.09377851138823
28085,35.18013061853944
28086,38.26531137148763
28087,38.21600415943799
28088,35.62112899750028
28089,36.897826114118445
28090,65.75
28091,51.240031811330496
28092,29.454001175962325
28093,33.65690418671458
28094,32.96935072397692
28095,40.44503985677775
28096,35.71434415132176
28097,35.854535989171126
28098,50.070861333665874
28099,44.24492283414347
28100,35.03842156661821
28101,33.39392631839618
28102,32.101428280835464
28103,30.75
28104,30.607421599830573
28105,30.76770159199036
28106,29.97064868977914
28107,27.427218307014627
28108,25.10316251464709
28109,29.735355410658514
28110,25.6933092350883
28111,35.22317674347009
28112,26.7557870360328
28113,21.53649612577101
28114,31.485251645574344
28115,29.182123828432523
28116,26.498060994319133
28117,27.14908091832524
28118,27.35084128830661
28119,20.07938999127244
28120,29.512396618237176
28121,23.442272711362712
28122,27.39557212082714
28123,23.935561506395505
28124,29.997116209532777
28125,25.71362067054647
28126,26.480306928731196
28127,28.963128965126003
28128,23.845791806653462
28129,23.01916550620829
28130,22.571302628062863
28131,25.742621700691537
28132,24.46004347716384
28133,28.648309139403622
28134,26.455003620782605
28135,23.22599821110241
28136,27.772058188531048
28137,25.018187766136823
28138,27.05204368583059
28139,21.71286476361166
28140,25.81472586622516
28141,33.84333188381596
28142,27.718514824834926
28143,24.973751230957756
28144,27.42488961156323
28145,23.05504099749709
28146,24.63541702073425
28147,24.99509591481068
28148,26.62713787967492
28149,30.255107306286483
28150,25.380210532009635
28151,28.58538223794359
28152,33.25120184466379
28153,24.169599005028715
28154,31.99657083771646
28155,24.71987409405135
28156,30.384446125337206
28157,26.98793947574866
28158,23.98684155180725
28159,23.854769237901333
28160,23.73284610172735
28161,19.89443464881196
28162,25.947874708847017
28163,25.55448710807554
28164,27.9936697968692
28165,31.351188539243843
28166,30.058524009357285
28167,22.00728483239148
28168,21.002195937169187
28169,29.994044202607093
28170,33.9698176801758
28171,34.06938089166041
28172,30.905811703880424
28173,32.84309767904866
28174,31.609950866454078
28175,32.402135896580404
28176,32.9707719867304
28177,28.17189528249279
28178,32.701092287092145
28179,33.08392814575724
28180,29.129528413555576
28181,33.502787756065096
28182,33.47827879985936
28183,28.620739043116785
28184,32.94150248178758
28185,32.21284133726628
28186,31.540469325522103
28187,29.381955391025286
28188,28.44880443780456
28189,32.07475606037615
28190,35.66966883145509
28191,34.93731142805552
28192,29.629960417851095
28193,30.6163663379928
28194,30.650140637865093
28195,32.84172982620546
28196,30.89800167662775
28197,33.91101384523184
28198,32.798152650127214
28199,33.897117041787986
28200,32.05750512731809
28201,31.39355707789948
28202,32.556477810428675
28203,32.48476297820878
28204,25.080275545588503
28205,29.640734161037386
28206,28.508132077892235
28207,25.30285427616657
28208,41.42208861932178
28209,57.75
28210,29.19694351350158
28211,28.97988545086983
28212,35.089278580476034
28213,27.81919862508262
28214,25.49410246109772
28215,22.763408814944025
28216,24.703923404503445
28217,31.368471728016004
28218,24.42700970770456
28219,26.129569244416672
28220,21.534381606321517
28221,24.188772481903406
28222,65.75
28223,24.29682602129288
28224,28.43347278683104
28225,23.9149804456176
28226,24.91230277896558
28227,27.828633772106343
28228,36.93128450858282
28229,28.746225940602365
28230,30.371086476092856
28231,18.77498045498849
28232,21.314279747677997
28233,31.9900739208109
28234,26.031943434355128
28235,77.75
28236,23.208164088867647
28237,25.97654893925594
28238,34.86822349563564
28239,25.05452531377145
28240,29.446067813374356
28241,24.43978543863004
28242,21.667791101649037
28243,24.82154801762678
28244,25.32571526038946
28245,27.54059043640423
28246,32.381640312834776
28247,27.556634541721763
28248,26.992632971707017
28249,24.962661275762574
28250,24.36268439603751
28251,21.5316201601888
28252,31.308277038599208
28253,28.24052351991029
28254,23.778008505243967
28255,30.530634063980827
28256,28.604250148372337
28257,29.265863361796683
28258,23.27857517785059
28259,29.055810097659155
28260,30.788490480417387
28261,27.10722696771795
28262,26.110477464845417
28263,27.49779550000217
28264,28.455123016342085
28265,30.57250941427754
28266,27.31358675969124
28267,30.033380601679795
28268,35.36612319617996
28269,29.506015786206312
28270,22.39796775738532
28271,25.127116663531176
28272,30.67931575269975
28273,26.065964873946115
28274,31.675834280261682
28275,26.386851136707477
28276,33.722790726111675
28277,29.04977785412934
28278,31.767504957782897
28279,26.151550124430244
28280,29.486939976123836
28281,28.260794793936547
28282,33.393945441376324
28283,32.32711603443228
28284,30.551796086552628
28285,30.715176881746736
28286,30.24416917223447
28287,26.67482317653439
28288,28.021502427722922
28289,29.430394539796197
28290,41.99193175778946
28291,29.606318933159045
28292,30.809857020842898
28293,30.622722580300525
28294,26.620601478182834
28295,28.351162502810865
28296,33.708239240403145
28297,28.494592779834854
28298,26.99505458331228
28299,33.93974752251158
28300,32.634939217307426
28301,36.213463529697336
28302,65.75
28303,28.271625524623772
28304,27.078000755243565
28305,25.382585967137132
28306,28.944413408394922
28307,39.12158676055005
28308,31.484503477597904
28309,31.507941326362698
28310,36.11155715409771
28311,32.80603031762385
28312,33.69194977128999
28313,32.35355431920284
28314,35.07434370241803
28315,34.66299451620767
28316,23.756059704729573
28317,33.55736505603161
28318,35.32203309657717
28319,32.52775881683038
28320,30.75
28321,36.56394834098833
28322,31.862928031693343
28323,40.4880434880417
28324,36.08542787438073
28325,32.75449683871814
28326,31.393367520149447
28327,36.900886871726456
28328,36.22067064956563
28329,31.360711710637744
28330,33.02513045409176
28331,31.656451968300033
28332,33.44817266142022
28333,31.78973073339958
28334,34.290306684827215
28335,32.3064108112295
28336,33.53908972801612
28337,36.69027110414298
28338,33.70765775854379
28339,31.62693551810318
28340,35.69329516164893
28341,33.869282219093314
28342,37.95265204617342
28343,34.48928959066715
28344,31.986046934458294
28345,40.24323677145754
28346,33.659015859915215
28347,33.58056020937681
28348,32.17591520128416
28349,30.63731865237183
28350,32.76141834281785
28351,33.836366437684674
28352,30.556423595425173
28353,30.588507895154123
28354,32.21581595827632
28355,30.577826030972815
28356,40.42125139023906
28357,31.291884454539584
28358,33.90134717506841
28359,32.700830923339055
28360,30.52712089602575
28361,35.01453520571024
28362,37.38975547763937
28363,34.45564819006859
28364,37.30002629583938
28365,32.75940133655385
28366,35.1077224333751
28367,37.15098664507876
28368,36.14400917951239
28369,32.31831271926557
28370,31.375144910531994
28371,37.22458647170654
28372,33.59452194056169
28373,32.89639251634297
28374,38.47026737741716
28375,31.384070894319294
28376,39.37582340155574
28377,39.7662962738571
28378,32.62515859047757
28379,31.87258269503853
28380,33.76792827537765
28381,32.572427110799794
28382,31.723089874725567
28383,29.33133213523817
28384,31.75
28385,36.3853969218984
28386,28.430558688164638
28387,28.7464143859672
28388,26.91900396973888
28389,31.127416222292275
28390,27.333582795155408
28391,30.59015184378466
28392,36.684895296280594
28393,27.610936503806933
28394,27.64077127072423
28395,30.21722246860108
28396,22.72890329651045
28397,21.92563736063038
28398,27.98291697625124
28399,30.656743019022116
28400,29.702592184697814
28401,34.14284981318404
28402,32.30087541767008
28403,30.048573939920324
28404,23.27560901197133
28405,28.95944870231712
28406,31.165503231303667
28407,38.8206677630558
28408,28.73238190670868
28409,36.89922784410472
28410,29.47644771269202
28411,33.35625709683746
28412,26.350837900678314
28413,24.043428795373764
28414,24.21968886710761
28415,34.25271453351077
28416,28.76147294935295
28417,37.12045065988439
28418,22.370441027541464
28419,32.41370874497463
28420,37.098470097289415
28421,23.115217691923668
28422,32.724957352500255
28423,23.70972860437208
28424,26.34727486866801
28425,25.675639947605152
28426,29.9438511007966
28427,23.29168099227228
28428,27.88680698193135
28429,34.16503084612818
28430,27.18530631849157
28431,27.190884904728016
28432,25.567946312879823
28433,32.47557636556504
28434,32.36997335290069
28435,36.41037432993903
28436,34.455679537891086
28437,33.22972647601698
28438,33.61044491863422
28439,32.315332865291154
28440,36.82961037276095
28441,34.08635211870761
28442,30.16703830124542
28443,33.133571469426364
28444,12.75
28445,37.135450064213714
28446,32.20007048461333
28447,31.75846166649658
28448,31.713517722842525
28449,33.499122661932844
28450,32.55715505490477
28451,34.43348655856819
28452,32.764686386640015
28453,35.205519456860586
28454,30.688371966806592
28455,33.74841876716267
28456,33.38339335926105
28457,31.96284700731374
28458,30.961160279556438
28459,32.19038103400618
28460,30.49015905344524
28461,31.472385869042178
28462,33.440569867209035
28463,31.085223574746905
28464,32.06300665959356
28465,32.00190535633355
28466,31.113930250660005
28467,32.03436679849175
28468,33.645613144672375
28469,24.41489179072921
28470,29.881271029540827
28471,29.069144595252013
28472,27.446914948798465
28473,27.399119937097666
28474,20.98766782560423
28475,26.31185196449973
28476,21.07837052536789
28477,20.48061119342985
28478,34.56485162936854
28479,25.027770987868863
28480,30.8333903036279
28481,25.098663600014184
28482,23.97181086153923
28483,21.16680291591379
28484,24.126636023074163
28485,21.897553060119144
28486,21.905680334482323
28487,33.093501837975545
28488,21.826267712816385
28489,29.158879463389184
28490,22.011856853136315
28491,24.97951815505648
28492,23.527381160816464
28493,23.244478405184942
28494,25.911405152424962
28495,34.88868714851131
28496,39.23520450352324
28497,42.81331767091423
28498,0.0
28499,38.2522830273399
28500,38.31187929972447
28501,40.526625913522246
28502,32.04764968908903
28503,19.933597091326902
28504,28.768406510341848
28505,25.36656722937436
28506,26.923041866916314
28507,22.048232903166067
28508,26.953654784057292
28509,19.77240775143772
28510,58.75
28511,28.119041708565987
28512,23.91028630738247
28513,27.635543239711254
28514,31.163555571424148
28515,20.823991826482946
28516,28.665787092204205
28517,23.47355512535373
28518,20.24853407251724
28519,19.46436811176569
28520,22.246969467071096
28521,25.933882298658204
28522,35.60169708181064
28523,31.476534000433233
28524,39.37370022229381
28525,25.860694919552905
28526,33.0149651418931
28527,24.56174814264237
28528,36.59720403382322
28529,24.59800768182952
28530,23.28469944315199
28531,23.594496967410336
28532,33.27718553122752
28533,22.369805280060604
28534,32.054798489246586
28535,25.68385125667467
28536,26.367843294688782
28537,21.719602742765773
28538,25.262161286231187
28539,27.972673576549056
28540,28.993006784654042
28541,27.269916792863583
28542,24.818538362459627
28543,25.014680666019814
28544,28.175469175199964
28545,31.41290304660791
28546,28.12070742033538
28547,25.855866415115656
28548,20.22378355920332
28549,21.205331807046093
28550,0.0
28551,21.341898033090057
28552,29.026529992676736
28553,25.276939941105223
28554,24.339890441227507
28555,23.81720521220297
28556,29.512755178436137
28557,25.39140131222255
28558,26.64017152499374
28559,25.956640967973968
28560,29.238391787846545
28561,27.495110770060094
28562,33.75847317376288
28563,25.14754149801461
28564,23.857256507065216
28565,25.623328851247223
28566,24.88714672770633
28567,20.86649090762509
28568,25.94292860899492
28569,36.45830851874016
28570,36.01662838906213
28571,33.140596378864004
28572,61.75
28573,32.497477293767865
28574,31.739480980827764
28575,40.48040643145072
28576,39.69726224012152
28577,49.69759573722179
28578,69.75
28579,31.79162792323882
28580,36.51644607652374
28581,42.05548092220503
28582,39.796458448903934
28583,32.445381733425194
28584,49.54752484137377
28585,37.1071774912233
28586,34.47368202258911
28587,30.69884919701309
28588,30.289600584616608
28589,50.08389615567365
28590,44.49000201282573
28591,38.80337134809144
28592,36.98109034703111
28593,25.786737953598035
28594,31.55806647814071
28595,52.00345560632918
28596,44.85157771090091
28597,30.782602659077632
28598,29.68958168162103
28599,33.680885281145834
28600,30.33075674986422
28601,34.8757446072811
28602,49.13181479166602
28603,33.32279926442933
28604,33.92580306620257
28605,31.968685190674705
28606,29.09634544547076
28607,45.60657402668728
28608,34.17219145103583
28609,35.7538476167914
28610,39.08784381813545
28611,44.84886803973346
28612,38.8280657353636
28613,41.124271724474966
28614,31.134438034215833
28615,32.80310624432401
28616,33.97501188603452
28617,35.332013187051096
28618,35.29459473612762
28619,41.51823609604014
28620,84.75
28621,38.75772371092466
28622,34.96594524312887
28623,30.897384326421957
28624,63.75
28625,33.75
28626,65.19235203560257
28627,27.75
28628,71.75
28629,36.87569091932964
28630,38.709284706654415
28631,28.84283169906201
28632,30.782449610159745
28633,23.75
28634,22.75
28635,43.31668400009677
28636,36.39745684238655
28637,33.32620535504301
28638,29.148307050169137
28639,30.75
28640,32.96267809862526
28641,21.75
28642,31.529441560553074
28643,25.09124927088332
28644,38.87013412124163
28645,33.809116437554856
28646,31.36533485675122
28647,24.932703109622203
28648,29.11326635075941
28649,70.75
28650,58.75
28651,59.75
28652,77.75
28653,34.58561800932792
28654,31.046345461873045
28655,36.69443516150611
28656,28.257174878529355
28657,30.92361297142684
28658,45.75
28659,59.75
28660,63.75
28661,29.34069693472999
28662,63.75
28663,33.11161316507874
28664,18.254976115399213
28665,32.91058066892905
28666,26.24003256487461
28667,27.44421294751327
28668,31.507299931582203
28669,48.77989200743812
28670,35.01769231206261
28671,22.27987145792464
28672,45.58400561731391
28673,26.056193288464996
28674,42.97711477071796
28675,28.267634713609695
28676,39.05275314977214
28677,32.48183205377428
28678,41.15965925676336
28679,35.34395034793963
28680,34.70516792681103
28681,30.01450244008206
28682,28.20445512663359
28683,30.00539615946323
28684,54.05094973485391
28685,28.48597083903448
28686,29.2084920701908
28687,31.804965579429066
28688,35.28403873933638
28689,34.38976937689571
28690,31.65539369401229
28691,31.729435769478123
28692,32.719080950932494
28693,31.275281069754584
28694,30.954312640528883
28695,27.49027885123192
28696,37.28805947689408
28697,33.06091691913599
28698,33.26506470369292
28699,35.69472902522643
28700,29.939412077648996
28701,32.90212038993203
28702,38.30588739248215
28703,28.605189075366212
28704,28.652460381031013
28705,32.85916444316434
28706,34.85222215808821
28707,32.99284336489396
28708,34.19113416786753
28709,27.47192292843873
28710,36.372110653279655
28711,31.242689140467107
28712,45.703962489148495
28713,35.99688528538196
28714,53.75
28715,34.199345611458014
28716,34.51205932957878
28717,31.586844395364174
28718,22.901935805823115
28719,16.915173474824957
28720,27.127177045893077
28721,32.49939025538436
28722,21.434944647919984
28723,49.75
28724,31.82684211058215
28725,38.33985300121165
28726,25.412650071987223
28727,24.61006897014429
28728,21.630300653238702
28729,34.552624583594515
28730,22.47273785156718
28731,24.629710946317772
28732,26.70950681035316
28733,28.798040183320026
28734,21.667108123955
28735,27.377315728384644
28736,26.654498790927917
28737,26.24705774947752
28738,26.035335812865213
28739,20.299369149075343
28740,18.00623896017655
28741,23.041723905809285
28742,19.78622213481694
28743,22.52593761836324
28744,25.74067108668008
28745,21.3223518539805
28746,26.110122117638113
28747,27.291159393607174
28748,35.01763888033688
28749,23.1966665203431
28750,24.516802601628896
28751,25.83770373053163
28752,29.93374114759129
28753,23.09066633562249
28754,26.44878355030322
28755,26.55039649513003
28756,29.781737738620365
28757,31.478679389998106
28758,23.340623050985656
28759,28.636929672623012
28760,24.947766148204245
28761,27.590183283450372
28762,23.30098638026389
28763,22.84440676394977
28764,23.58423314407267
28765,20.935670345528266
28766,22.53964587774465
28767,28.31240551247224
28768,21.280966205203168
28769,21.458878439483783
28770,26.671018244521072
28771,26.123789124267027
28772,21.78981870010081
28773,24.496231400590503
28774,24.435214057397115
28775,25.99878696080394
28776,29.29541240477826
28777,31.318597899610587
28778,30.70031144271241
28779,29.50031960115792
28780,19.655807548096067
28781,25.87681624592976
28782,25.172877286936743
28783,21.712141512385145
28784,25.50286259863349
28785,21.94265998060576
28786,25.72248582825789
28787,26.009948516583762
28788,33.14792074133614
28789,26.89353343952513
28790,26.417800623675788
28791,22.008784319093728
28792,19.22646499169319
28793,24.35792389813393
28794,38.32930987695207
28795,22.45920049041945
28796,26.541092417216284
28797,25.675725155282294
28798,21.702453196560988
28799,21.9954978755276
28800,38.031013650780935
28801,24.75102548199687
28802,41.23157271466847
28803,55.88432783576293
28804,78.75
28805,87.75
28806,41.69013117880307
28807,53.90284310044558
28808,49.98030878758082
28809,63.75
28810,36.59626148337773
28811,26.601677131171
28812,56.75
28813,78.75
28814,36.20175335060858
28815,76.75
28816,52.380072019835296
28817,53.75
28818,45.90592708569202
28819,50.771933713877154
28820,32.6027228543081
28821,40.13822496377448
28822,40.07370157602804
28823,44.90277756811477
28824,51.75
28825,50.40427428560628
28826,36.56215061778659
28827,50.75
28828,69.75
28829,31.161645752157924
28830,34.03256844130873
28831,31.29104123860887
28832,28.845641112202685
28833,48.34467370636754
28834,52.54481431123172
28835,36.68869550287032
28836,26.34585065929013
28837,34.88307014643868
28838,59.75
28839,60.74069800923138
28840,81.75
28841,33.8626538480767
28842,52.32428343172247
28843,63.75
28844,38.75
28845,36.390959774613954
28846,80.75
28847,44.44511590725692
28848,49.70612439553397
28849,59.75
28850,34.7977407673552
28851,36.71018407353388
28852,53.12932791030877
28853,50.920325009418
28854,56.75
28855,36.24267382545689
28856,28.153447802809545
28857,32.73824060717101
28858,59.75
28859,33.17735970848486
28860,45.75
28861,36.67186838663799
28862,37.375542022097946
28863,42.45806985234408
28864,32.69416648951482
28865,27.78762871894817
28866,33.63995599506309
28867,29.353648526675528
28868,30.98610646022736
28869,31.571484274908265
28870,37.60222293869595
28871,30.83035882002688
28872,34.24640457230333
28873,32.09719460291267
28874,32.59128036998093
28875,33.244161263690664
28876,31.914833939296315
28877,36.80632924861219
28878,31.492259086933885
28879,32.741442991620346
28880,29.30982716693648
28881,38.69279100049632
28882,31.365963860799965
28883,29.917638000359617
28884,36.9822780153695
28885,28.986058681336615
28886,29.855466224877
28887,33.78533543311317
28888,31.517294426808327
28889,60.75
28890,38.24260603777407
28891,32.58245806746872
28892,32.46985806726915
28893,32.74118901418219
28894,30.607583422203135
28895,32.72821436491499
28896,38.29427377415142
28897,33.59258428116049
28898,38.15911963986701
28899,32.86926880452267
28900,32.15823210561925
28901,36.36612371556678
28902,30.432253040666232
28903,33.38653800087256
28904,34.624530329465
28905,37.83120959184995
28906,39.53908743768173
28907,72.75
28908,35.36866023108425
28909,38.255927957458624
28910,35.74325159393041
28911,35.68518367719752
28912,40.96955791838055
28913,32.526786867395835
28914,33.26743526265999
28915,28.70931353116471
28916,35.42862969564477
28917,37.85924331637669
28918,36.525172443078944
28919,33.6640888531195
28920,32.92624430618947
28921,37.51117010122221
28922,52.22454451387565
28923,34.537820437835
28924,36.251319580616105
28925,36.184145111106346
28926,36.90401085820599
28927,35.5453949299915
28928,32.0757713422835
28929,31.810409007153538
28930,32.675073031056115
28931,32.56881750878296
28932,35.41693806187914
28933,34.70197569963756
28934,31.267143792036237
28935,33.186807433027475
28936,32.33395643123028
28937,39.502942269709045
28938,32.15705335907179
28939,34.40580857026355
28940,29.86250744109183
28941,35.01883644015239
28942,31.29329686412091
28943,31.89195908803208
28944,30.614411413165904
28945,39.45539030684194
28946,39.08834167058096
28947,32.48852969508936
28948,32.082223043390364
28949,32.5882259566176
28950,33.779463700698045
28951,28.4391134342317
28952,34.42627908534145
28953,33.67072946400989
28954,34.30051213643448
28955,30.756977705714505
28956,30.479835572974707
28957,33.07999177354502
28958,34.14383746332395
28959,33.156442061993275
28960,38.54648694734192
28961,50.14197788043892
28962,32.113173010821754
28963,25.132874127556136
28964,76.75
28965,34.52676060956199
28966,42.81301722801699
28967,30.58156342459251
28968,52.75
28969,61.75
28970,0.0
28971,44.75
28972,35.75
28973,30.954328615172777
28974,25.569727696054308
28975,55.75
28976,40.26382555753116
28977,62.75
28978,58.75
28979,40.75
28980,58.75
28981,68.75
28982,26.537301992818186
28983,24.37937009238912
28984,28.455926630149023
28985,28.084574055592768
28986,32.16843967456355
28987,31.168231673634274
28988,33.87899962063429
28989,32.40946292014199
28990,35.40649548723218
28991,33.444070931443534
28992,34.16711595218431
28993,30.113468817722847
28994,32.00355481616775
28995,29.89399784755308
28996,30.40161610114611
28997,35.33156758900835
28998,28.918880248329884
28999,30.852152239082926
29000,32.32271372814497
29001,28.772549837783572
29002,29.71030298403116
29003,36.73518803553318
29004,30.635298187503565
29005,32.14772420792896
29006,30.905449683466713
29007,30.598092494039165
29008,31.095619185619896
29009,27.79381686541602
29010,31.88721218714523
29011,31.523761733136332
29012,30.437731537005433
29013,27.570455178133287
29014,28.461066794237084
29015,31.778178699972464
29016,27.820083691173096
29017,31.586374948261465
29018,29.68384072765587
29019,29.938918033022446
29020,33.536502716646226
29021,30.589876007538166
29022,42.64167987252922
29023,28.344708130244754
29024,30.837823070856558
29025,29.98647277991369
29026,51.58237510796516
29027,33.305522976471885
29028,27.634430747956948
29029,34.920890667901055
29030,31.09545689064562
29031,41.905380028381714
29032,26.258949780413417
29033,23.548153465439828
29034,31.107727602667225
29035,29.262152020534458
29036,34.52841662800221
29037,30.42537920608794
29038,22.9798689148949
29039,26.909019773011437
29040,39.03153754138454
29041,24.260501610393057
29042,27.528758318861343
29043,26.877966236767307
29044,25.621898866067117
29045,23.78048698038712
29046,23.02966669068076
29047,37.5177317322242
29048,22.76835707273488
29049,25.789454013244864
29050,19.967452161953595
29051,27.31988145040245
29052,33.986156378912455
29053,27.164395580197024
29054,18.01436727058828
29055,24.112022760157448
29056,35.00819460372328
29057,30.328487138683585
29058,23.010293120591484
29059,22.021977114418952
29060,22.22187137644714
29061,34.45720873453977
29062,32.783210815156906
29063,19.38894499462812
29064,30.915652415391243
29065,21.84147139693346
29066,30.003819499545024
29067,22.17649808674957
29068,25.348870875532185
29069,21.608814548665546
29070,22.01148661326617
29071,18.072182460570275
29072,19.214081652943307
29073,22.901549152587823
29074,33.636540146376404
29075,0.0
29076,0.0
29077,20.092503791130625
29078,26.088924343632087
29079,18.38460927657709
29080,19.10871639120009
29081,27.246075870433515
29082,18.073923531341265
29083,19.84224636387261
29084,21.31943333808976
29085,22.992186330555697
29086,20.133803892484327
29087,19.5591285310446
29088,20.145712771043144
29089,23.41966318035909
29090,22.7903587225596
29091,20.64730454678452
29092,23.748559369728717
29093,37.43832970653592
29094,22.47587147904452
29095,29.314741855333644
29096,29.001553768455608
29097,32.6545750255852
29098,22.377866787833938
29099,18.82449593579091
29100,19.56530067189007
29101,22.860153321623127
29102,31.39434977215116
29103,18.29639906572732
29104,17.98892714659388
29105,19.28962947309035
29106,27.598880673420062
29107,28.899076072138385
29108,17.75240069718969
29109,27.39908930363554
29110,23.683496664227132
29111,26.75376829313221
29112,27.871698957953768
29113,29.042020473245458
29114,32.1043962928734
29115,23.040958423196013
29116,23.571370006482997
29117,22.71915260801565
29118,33.643806993558435
29119,17.279354259783503
29120,24.02013052545064
29121,19.98605675572968
29122,16.155661355572356
29123,16.22983895388103
29124,38.0311696836924
29125,18.48209990063136
29126,34.260111432665774
29127,29.156459145033523
29128,34.044080101099645
29129,26.649535990159094
29130,33.99594715428744
29131,32.6512074255632
29132,40.35785637307697
29133,35.78833805457429
29134,45.42134316380424
29135,31.911434559427917
29136,34.493724878586164
29137,32.06907057470031
29138,51.804468423276326
29139,33.21083093764659
29140,33.30281556447386
29141,38.56583790525725
29142,34.04107474060341
29143,65.75
29144,79.75
29145,45.18505451340085
29146,30.54618948829318
29147,34.247217127097045
29148,36.22503067874197
29149,38.74949084664264
29150,33.889511520438056
29151,57.60495386217248
29152,34.15201825682189
29153,34.788280686565805
29154,44.009596134747454
29155,33.935693856841674
29156,33.915973900250584
29157,33.96854880201179
29158,31.704651332808467
29159,37.92397546251132
29160,36.38317806391247
29161,33.20889492900282
29162,32.174305112074244
29163,30.072351646285327
29164,60.75
29165,51.37326304346533
29166,36.71447653398644
29167,34.45693506129553
29168,38.58542279192683
29169,33.78173171571586
29170,32.81782011746241
29171,35.47351899883909
29172,35.01419637265552
29173,31.607756859469077
29174,30.651099871668663
29175,31.419725396575743
29176,33.068973145877806
29177,29.381654731808027
29178,31.986132007024082
29179,54.6494943692574
29180,36.491307668836654
29181,31.041850638597438
29182,61.75
29183,34.26001479132462
29184,29.37217765182188
29185,37.45687606686138
29186,31.3806252764292
29187,31.21016074719423
29188,30.6222335716973
29189,27.77039397988991
29190,31.23349644547227
29191,35.94443503318685
29192,32.91102637251123
29193,34.086177649115584
29194,32.013552786195255
29195,33.070623524720375
29196,23.86069663886133
29197,20.33178894835492
29198,70.75
29199,24.01819588115385
29200,20.921983400422462
29201,15.75
29202,21.554096327826425
29203,29.75
29204,29.75
29205,27.75
29206,26.75
29207,21.75
29208,28.808046660817766
29209,29.63041968268076
29210,9.75
29211,34.14735299680051
29212,34.75
29213,28.75
29214,26.75
29215,31.254788044348274
29216,33.5613587321998
29217,20.75
29218,30.75
29219,27.75
29220,28.75
29221,34.15222545724526
29222,37.605571253694734
29223,38.13640927554806
29224,36.93329098932271
29225,33.8822304751493
29226,38.75
29227,27.95440555791548
29228,31.05951238957403
29229,30.66261474066996
29230,41.60167540563065
29231,35.75
29232,31.47096432909759
29233,32.611304029323456
29234,33.461221080340486
29235,37.68480846628198
29236,34.95436776854896
29237,33.04633579558512
29238,15.75
29239,45.75
29240,37.75
29241,28.53520709988137
29242,29.37601188189022
29243,30.293017106050698
29244,33.57514379308103
29245,31.174672761347125
29246,34.462955195682234
29247,32.69284779273462
29248,33.38992013259776
29249,36.54872638517916
29250,26.75
29251,22.75
29252,8.75
29253,25.265939615613146
29254,25.58792903293572
29255,32.040163682119214
29256,28.54591805011752
29257,32.43695194429533
29258,34.16070313800647
29259,26.89247619351803
29260,30.219702033391933
29261,37.213694460321854
29262,31.627104406098155
29263,29.656131087383187
29264,32.89747456651137
29265,37.21133911950071
29266,33.99397727517205
29267,28.83054170453684
29268,34.88241662357482
29269,32.10478054386012
29270,36.41812506705982
29271,31.87463266755833
29272,35.536607765706414
29273,32.63299847022738
29274,51.43038608705784
29275,37.747567499998965
29276,33.08939231987112
29277,33.43069370362456
29278,44.4539599995212
29279,42.35015747674281
29280,32.60396946310567
29281,32.742961793314315
29282,29.294655995656214
29283,39.977270223224025
29284,38.33179115314661
29285,38.87159147104399
29286,39.757846930322295
29287,36.91742100504374
29288,46.64830346405173
29289,42.98697321625376
29290,29.505334051231777
29291,38.02092833371143
29292,35.236787037605154
29293,22.08677681440165
29294,27.156895908454644
29295,61.75
29296,27.290053317636108
29297,59.75
29298,31.09028055096607
29299,25.75050976367801
29300,28.295361488818827
29301,23.58205032175888
29302,69.75
29303,37.86596711131665
29304,40.51145933486251
29305,45.10173901176326
29306,37.19023800739138
29307,67.75
29308,60.75
29309,22.15661022161736
29310,53.75
29311,25.213046552487107
29312,72.75
29313,64.75
29314,30.886939378479838
29315,28.919428882932834
29316,22.892811299455136
29317,27.487235314527624
29318,18.75
29319,20.75
29320,38.75
29321,31.38946088576658
29322,24.18960839185423
29323,28.69137565736765
29324,22.00847690021431
29325,22.49027315798995
29326,25.750720389207203
29327,54.75
29328,29.193815926482444
29329,54.75
29330,30.179386597655963
29331,27.015873284157365
29332,27.546266863605567
29333,28.436643956041394
29334,73.75
29335,36.42202428591976
29336,46.75
29337,23.349455427243065
29338,23.53425223181479
29339,24.17081649453293
29340,13.75
29341,30.38720336774803
29342,26.538446328666325
29343,23.855080447081427
29344,26.526887361602803
29345,43.934504590221536
29346,33.52077245419926
29347,29.962672347204503
29348,33.83554275435569
29349,30.75283543553904
29350,33.59657058102486
29351,30.939678819971164
29352,36.340862214285366
29353,29.204272060482104
29354,34.32742263808339
29355,29.26471539450371
29356,34.70395321111484
29357,25.169601526641262
29358,29.10814680169952
29359,27.048800297028052
29360,26.600673173517606
29361,25.29536832048767
29362,35.506711480889706
29363,26.38927463141478
29364,27.64540253887577
29365,27.502842355009307
29366,40.31492475406476
29367,26.09774998597821
29368,37.87607663817823
29369,23.146203303962736
29370,27.57605652830891
29371,27.174706262735796
29372,32.54906542962552
29373,33.6157733193503
29374,38.59334252786106
29375,24.468522572771352
29376,27.885851933131555
29377,23.696155741802663
29378,26.819532895140426
29379,33.220562689628885
29380,34.3199237512348
29381,25.696156683729143
29382,26.769376239472443
29383,26.43070832191176
29384,25.32513649703908
29385,24.670366360366334
29386,25.640755150365894
29387,26.589666355749728
29388,24.143443111950887
29389,28.43681022885815
29390,25.537864533106337
29391,24.017690156367696
29392,23.79435659683301
29393,40.15094938064989
29394,25.51700393109671
29395,27.421671391128143
29396,31.75
29397,26.88870394844654
29398,24.779810961692885
29399,37.91293434199843
29400,37.640012476369904
29401,29.065225366171802
29402,28.24404085978027
29403,26.127794265570685
29404,27.066895137315257
29405,24.34141103273681
29406,18.22983869626976
29407,26.71706596307343
29408,24.050595863932585
29409,26.898281615542302
29410,26.203930640156265
29411,19.8001448585152
29412,28.84475071525174
29413,21.58790582825172
29414,26.634533339388113
29415,27.858021302724453
29416,26.218534926624294
29417,40.60542516415619
29418,32.541107531099335
29419,49.37657547520778
29420,32.15196087988264
29421,39.487623444292126
29422,36.59823639554406
29423,37.72285014713281
29424,44.13220927749556
29425,45.91816493778289
29426,39.88888703127669
29427,31.16739310286828
29428,34.12549460454619
29429,33.73039946411625
29430,29.144080123634637
29431,36.191665586207314
29432,32.4759488291773
29433,35.44937024714057
29434,38.4491817937212
29435,31.032049712982406
29436,41.22128095431887
29437,32.11078723768
29438,30.299324759831187
29439,40.59040614874877
29440,36.73267153739084
29441,33.569597494489486
29442,39.206222386453945
29443,35.92460457149293
29444,40.289019053767085
29445,33.00387951312273
29446,56.75
29447,33.31976350139508
29448,33.631199193856155
29449,30.193437804229127
29450,39.06621394495269
29451,31.41132747844655
29452,31.18610344834852
29453,36.50196842629703
29454,36.79175405538278
29455,30.860649611996664
29456,27.892526862369536
29457,32.54422378012224
29458,33.55759081885945
29459,31.982636213000568
29460,37.34862887039822
29461,35.89723092436897
29462,43.44275513128359
29463,33.3340571634469
29464,33.560697092591894
29465,37.00278355691662
29466,38.21456402153164
29467,42.17625252181004
29468,31.962256889210813
29469,33.10729833438632
29470,36.51831164150968
29471,32.96207803048373
29472,32.996671739554614
29473,40.05366532997492
29474,39.95401639582538
29475,52.712212123164775
29476,31.288329432403273
29477,31.913141246180942
29478,43.01959944745654
29479,38.718621737381135
29480,34.80667950257527
29481,33.19352720463109
29482,33.05791667637881
29483,36.985723885941766
29484,41.18813515471133
29485,40.53309650064749
29486,32.024763921335456
29487,33.637908565500474
29488,47.692032254718114
29489,44.1260212375271
29490,32.14373779345379
29491,32.21597391769115
29492,38.96684583025612
29493,29.67330806506972
29494,32.09968896063123
29495,45.37371739260861
29496,31.206136726219484
29497,38.67855644514695
29498,58.75
29499,29.6935080299615
29500,33.87998743074683
29501,34.36391639070762
29502,36.817391746023006
29503,31.08657519735678
29504,29.862039928842364
29505,35.3144129482443
29506,32.11234419691631
29507,36.75
29508,66.75
29509,71.75
29510,24.03678287273728
29511,28.826312071454225
29512,28.389896603981555
29513,28.554161479410148
29514,25.709261566440198
29515,72.75
29516,26.7772902622133
29517,25.882315910918088
29518,30.635689060811835
29519,32.44542045726373
29520,24.07457737970736
29521,0.0
29522,35.37045445000496
29523,40.717530548922895
29524,49.75
29525,41.71983681715566
29526,26.17894016127495
29527,27.76271548253169
29528,25.81868056466488
29529,22.69350918488313
29530,25.34276814830589
29531,30.368615820332487
29532,22.843801171906943
29533,36.78811119049614
29534,32.211021063153424
29535,38.14907428706151
29536,65.75
29537,28.474877828971586
29538,30.890386540808983
29539,27.119094980137717
29540,27.88515754766606
29541,29.226312111832044
29542,57.75
29543,31.38664243392408
29544,27.696142886108646
29545,31.15101495910276
29546,37.86632112576847
29547,39.99521410149155
29548,41.75371496216739
29549,44.714403935277694
29550,26.201037396181647
29551,28.747086701240484
29552,74.75
29553,24.261307514852625
29554,28.339638584325613
29555,28.687344278221005
29556,28.602893698778757
29557,30.45442384528784
29558,27.8152123861175
29559,31.006352223373526
29560,27.84489214012727
29561,31.755825657475803
29562,26.425779283958768
29563,28.67422625563843
29564,32.72589548829473
29565,26.44414434515916
29566,32.49870410816182
29567,52.75
29568,33.4301006553887
29569,24.29102906948804
29570,23.7856161951442
29571,29.67083647996857
29572,29.967581851199554
29573,28.432250879969388
29574,26.510269253919866
29575,27.138145354127523
29576,26.47425806292368
29577,25.490519922205277
29578,34.15098223181313
29579,24.566715971299363
29580,25.413932967368183
29581,46.75
29582,32.16877589006656
29583,25.730413416319266
29584,27.829961718125716
29585,23.09656484601686
29586,34.000157837103195
29587,11.75
29588,30.12977453783521
29589,26.192475060650878
29590,24.718862424138266
29591,18.434199128838895
29592,26.396283066560954
29593,39.50989302740416
29594,25.38702458682432
29595,29.081375732941304
29596,24.668222223301456
29597,19.786877065536228
29598,35.26287561678016
29599,33.07558418871696
29600,45.27465134290922
29601,28.946783427943203
29602,29.43633421935226
29603,15.75
29604,42.910998179282096
29605,32.385731966619566
29606,45.21305060889262
29607,63.75
29608,67.75
29609,61.75
29610,65.20876080998855
29611,64.75
29612,34.52222083940708
29613,78.75
29614,54.1883086262966
29615,34.80024586463837
29616,28.75
29617,30.91341550832834
29618,34.041640413635854
29619,37.93256679947234
29620,70.75
29621,35.98361674574762
29622,60.75
29623,58.553403381672695
29624,29.57619819658118
29625,50.66147540619505
29626,32.92257280747249
29627,36.805092887606335
29628,47.5124755340039
29629,68.75
29630,41.28021506076841
29631,72.75
29632,49.75
29633,50.28140695104332
29634,32.89344938437548
29635,76.75
29636,38.72538198440776
29637,34.35335017782124
29638,36.293594995825536
29639,73.75
29640,45.34034943083409
29641,64.75
29642,80.75
29643,35.30817432232583
29644,32.14711356854406
29645,74.75
29646,36.63294982971871
29647,52.39797212042663
29648,35.87161868992156
29649,84.75
29650,57.6169852348494
29651,73.75
29652,65.75
29653,34.52201433017317
29654,67.75
29655,32.34275184281519
29656,37.91134568576916
29657,32.379700145693114
29658,37.16513094109786
29659,31.62833095274486
29660,38.7433761197284
29661,27.95605308673774
29662,30.282074282149644
29663,35.33796065980732
29664,34.713759669881
29665,41.16857470474331
29666,63.75
29667,51.72526779154357
29668,48.87523436182208
29669,50.92572030291183
29670,51.27985393499935
29671,51.46985777710296
29672,41.63215423582485
29673,39.825647617241664
29674,59.75
29675,55.12209127831645
29676,60.75
29677,59.75
29678,60.75
29679,52.05228744227661
29680,60.75
29681,50.75
29682,68.55410149845292
29683,61.75
29684,59.75
29685,59.75
29686,36.020040886078704
29687,67.75
29688,44.75
29689,47.75
29690,55.00811085507843
29691,51.40098501399713
29692,53.29302364050589
29693,62.75
29694,52.36905081993152
29695,2.75
29696,37.7713197066451
29697,53.05075215576761
29698,58.75
29699,44.63169406809568
29700,38.57708380634235
29701,59.75
29702,46.80817060017343
29703,32.32854694647925
29704,52.75
29705,37.18934729363218
29706,41.881524319258425
29707,37.68318093035426
29708,45.760135163164776
29709,39.70419515000259
29710,44.29854586885108
29711,46.06546787672885
29712,40.58702188660845
29713,39.39158541290029
29714,50.169732165879495
29715,46.51816815825771
29716,53.52926467229126
29717,36.15596964617173
29718,37.39786510840791
29719,41.93042635728092
29720,47.937964247857565
29721,35.78405936113776
29722,33.2029423518503
29723,45.85532079115179
29724,41.07558362888358
29725,50.20490497887296
29726,43.2632188759882
29727,38.90255884861874
29728,39.42494830376591
29729,35.97040852383952
29730,36.50337411990668
29731,36.76412821328897
29732,43.39059737614
29733,39.76310260664659
29734,36.17847364097649
29735,45.7974286821545
29736,34.445588910001504
29737,36.39900076173204
29738,41.07690897657604
29739,41.43114064350465
29740,35.26072472113405
29741,48.39139780097165
29742,41.83284527320528
29743,42.98407606030951
29744,46.7056360956714
29745,36.26935611400869
29746,39.92873091660344
29747,34.82325459383057
29748,30.821086209158437
29749,40.38321955704634
29750,43.99591206004446
29751,35.67926140010013
29752,36.475550413189794
29753,27.013361199285967
29754,46.57421189769295
29755,46.7206447917749
29756,38.430337736475934
29757,37.98912576713819
29758,49.44207602007363
29759,44.60753382046181
29760,43.55279420812207
29761,37.79635914236553
29762,38.8787617889344
29763,48.33637892312412
29764,36.11296166073492
29765,23.682138830734324
29766,34.51404053601416
29767,27.462246374202564
29768,26.660155924189155
29769,23.883546149291888
29770,35.950689773416336
29771,25.746196011787525
29772,28.431164762090525
29773,26.973511892736106
29774,33.3071419541968
29775,81.75
29776,37.350025423196165
29777,34.32198185022747
29778,40.82536224058727
29779,35.05163062965257
29780,68.75
29781,32.69020531409925
29782,33.289936179993035
29783,30.836924218345544
29784,38.091342772495366
29785,64.75
29786,45.17365435433513
29787,17.75
29788,40.8315560693156
29789,34.63037085759979
29790,54.744119942530205
29791,36.884880557737226
29792,37.24061488633824
29793,35.86178456367831
29794,51.24923970352527
29795,55.75
29796,50.596825603413706
29797,38.17833017881345
29798,81.75
29799,37.22456347848184
29800,36.6290309554231
29801,27.607694705014836
29802,32.90484456344446
29803,42.26984093080418
29804,54.75
29805,31.165503231303667
29806,49.96425635923715
29807,53.67859299879251
29808,34.70773055508148
29809,33.31825297919511
29810,30.40601176175565
29811,35.40824361026291
29812,34.41018106358273
29813,49.13428822388998
29814,36.08759260608184
29815,49.40625722383346
29816,61.75
29817,34.01145451354871
29818,33.67101444718753
29819,54.75
29820,33.84424426489085
29821,41.16817578886312
29822,32.99727283590605
29823,48.75
29824,63.75
29825,43.18439642530839
29826,37.93576436581966
29827,23.9263307143019
29828,27.350196991112597
29829,51.598779741409565
29830,35.64498364541596
29831,61.75
29832,29.853137935657088
29833,33.94802856421302
29834,36.6605510713248
29835,37.84599240954699
29836,48.69792215991099
29837,31.258523969126223
29838,37.787222409413886
29839,36.81668969127762
29840,36.45880489421169
29841,34.47669262788288
29842,35.161721832261065
29843,34.03253363814407
29844,36.81086623252577
29845,30.337789408694192
29846,41.07112497338023
29847,38.69891457359729
29848,37.73834813415552
29849,34.97372101360314
29850,35.528876747109344
29851,33.031699792388686
29852,27.650297622496396
29853,36.642203130326806
29854,34.04728071773799
29855,31.54405635709397
29856,38.950847148239625
29857,32.03718178549943
29858,34.577061281549355
29859,30.99696792908287
29860,26.713704331508552
29861,29.085199025739314
29862,33.81325473193135
29863,26.349011433656372
29864,16.75
29865,27.44399023655744
29866,27.914069344785418
29867,35.08911079107483
29868,29.477223151791307
29869,37.75
29870,32.85201061179011
29871,19.75
29872,37.00226543044009
29873,38.61669486218029
29874,33.53213065887973
29875,26.545841383987735
29876,34.873111185579255
29877,38.46863839285746
29878,24.4012306027237
29879,35.44912528764476
29880,36.42190352414894
29881,30.73302742563319
29882,34.30057339514281
29883,38.75
29884,26.75
29885,37.865253588674754
29886,26.973043787369143
29887,34.753655720927085
29888,37.75
29889,26.40960956333881
29890,34.61586625018393
29891,30.92971985948973
29892,30.582989921918745
29893,40.49755723299092
29894,38.80884185782993
29895,29.923510548077516
29896,38.560184770556425
29897,36.24376646928384
29898,33.75
29899,31.163925104081443
29900,28.75
29901,32.873079971401374
29902,31.51439208902923
29903,35.75
29904,34.61325670176814
29905,37.09792911990207
29906,35.86029758221309
29907,37.67827475249592
29908,36.82467890700798
29909,19.75
29910,32.641906307064694
29911,36.75
29912,32.8968902743363
29913,36.15609660704035
29914,33.75
29915,41.75
29916,34.75
29917,36.653121164308025
29918,21.75
29919,40.46332375014137
29920,36.38823731916192
29921,40.4416539358956
29922,34.81763669927305
29923,37.44441987828745
29924,31.87507193736557
29925,29.73217302625597
29926,36.969873073012245
29927,27.75
29928,35.730512041349066
29929,38.46832116648076
29930,34.90925887666079
29931,39.40711331674501
29932,39.30040177322921
29933,38.36256832293131
29934,31.42778682673663
29935,29.87422619042924
29936,38.61867384357261
29937,30.381586745320618
29938,30.76134420762891
29939,36.25629082886566
29940,38.44821968284628
29941,60.75
29942,34.031753209515735
29943,47.75
29944,31.092383029356682
29945,45.93239847787342
29946,32.848947845419666
29947,58.75
29948,28.839463995482248
29949,33.263156599663034
29950,81.75
29951,32.08702554762895
29952,52.11635032433215
29953,33.00742307619621
29954,32.05493917629566
29955,36.05583463989433
29956,51.07215314668602
29957,79.75
29958,31.46295284424427
29959,39.85681431662337
29960,60.75
29961,34.22865446203039
29962,51.24431984660672
29963,24.457911707539186
29964,49.61680321535849
29965,37.226359859004326
29966,29.98219238512567
29967,36.39243513469226
29968,28.70527167622469
29969,33.04619611419473
29970,33.81567203844599
29971,37.17721041822348
29972,27.828619299384997
29973,25.440781826131605
29974,45.07065563477656
29975,30.306563410557047
29976,77.75
29977,29.565374132137606
29978,39.573366189712445
29979,31.15025029957313
29980,63.75
29981,34.366140866549564
29982,32.71522468116233
29983,35.094845378136505
29984,51.207151741020255
29985,56.75
29986,36.61464098552795
29987,37.731004484688114
29988,68.75
29989,53.83892870056211
29990,60.75
29991,36.63229880359336
29992,35.435989503685626
29993,45.87163866638802
29994,34.95493581049912
29995,76.75
29996,36.44099214369325
29997,24.884939146667605
29998,29.54877467684308
29999,43.476795445782834
30000,69.75
30001,70.75
30002,36.51678818176265
30003,50.227026549859566
30004,38.75
30005,34.72800530796982
30006,14.75
30007,61.75
30008,41.75
30009,39.55929240138612
30010,40.75
30011,57.75
30012,60.75
30013,48.75
30014,34.72040196703408
30015,17.75
30016,35.91620972278629
30017,32.7118682712408
30018,29.75
30019,38.63468440144021
30020,48.72192005378828
30021,38.79123014759791
30022,49.75
30023,31.75
30024,39.91412781301271
30025,37.38781079756213
30026,33.65635702571249
30027,38.21796984257499
30028,61.29712546593454
30029,37.501076313121445
30030,51.31550472632714
30031,38.75
30032,36.75
30033,44.75
30034,58.75
30035,39.75
30036,33.75
30037,41.75
30038,42.10301992770704
30039,38.33816079498161
30040,37.15955215448795
30041,74.75
30042,53.52722057014346
30043,40.75
30044,48.369369793074966
30045,38.61321651091603
30046,37.57372127102028
30047,35.66473308241464
30048,36.9403813391808
30049,34.765628265940435
30050,48.89933881299834
30051,49.75
30052,49.649998965412685
30053,37.6818848959983
30054,43.75
30055,37.22526943026273
30056,35.30289279073629
30057,75.75
30058,40.89363518364586
30059,38.75
30060,46.86331811595432
30061,31.654375739921186
30062,69.75
30063,65.75
30064,30.75
30065,30.044480702095257
30066,37.36436338809611
30067,32.35205371977333
30068,33.275694672429125
30069,11.75
30070,36.80564643832656
30071,39.229216846053085
30072,61.75
30073,60.75
30074,26.06852478777664
30075,72.75
30076,48.310617399571385
30077,45.62545740520815
30078,29.829812893157268
30079,30.017397923799805
30080,28.518564393159124
30081,29.997598109001103
30082,34.72008848097967
30083,40.232534093184064
30084,32.74637403136056
30085,64.75
30086,32.609469065159416
30087,26.240016926861117
30088,46.633922209541495
30089,28.739662171738004
30090,65.75
30091,41.57607515956708
30092,66.75
30093,28.83370725766722
30094,32.54803340412407
30095,70.75
30096,41.44124562701939
30097,38.41919720439741
30098,36.24943544286592
30099,23.21629854176581
30100,31.608441243929384
30101,30.703408707215445
30102,34.33629384213893
30103,38.75
30104,37.347490692937086
30105,38.55776527571801
30106,44.78718219631615
30107,26.68324885345323
30108,10.75
30109,38.49712217782888
30110,38.025977055290085
30111,30.032604815447364
30112,31.00627407281705
30113,28.36707148040169
30114,44.81370714557267
30115,37.65484630742866
30116,31.84379371105117
30117,49.56640408698874
30118,32.020258945723945
30119,33.34271197281537
30120,57.75
30121,41.37036513348559
30122,37.04135079184796
30123,38.57656035063759
30124,42.543378816748266
30125,34.15885891651401
30126,26.44158481963793
30127,31.209169327442623
30128,40.59495584441008
30129,35.63572366821363
30130,41.89981352910917
30131,37.21485720042816
30132,30.36045843276954
30133,36.839193582494175
30134,40.3332307358439
30135,34.931670074299554
30136,30.45471013251074
30137,39.75
30138,26.829512597312565
30139,32.64595700044538
30140,45.68964509810414
30141,29.39834209526571
30142,36.262536026586325
30143,36.85883252005021
30144,32.94538826607599
30145,28.307628524939474
30146,41.06349527344789
30147,35.52458227287828
30148,31.17351623582504
30149,28.631831061352884
30150,37.44522018855115
30151,28.70146232712637
30152,31.528213883462143
30153,24.39310679487248
30154,31.027739163539792
30155,30.298727466470524
30156,32.73518499708534
30157,37.63409412731642
30158,47.17276596836573
30159,29.223927473121343
30160,28.205723757311887
30161,0.0
30162,0.0
30163,37.75
30164,49.88332996317577
30165,36.75
30166,23.45437226405857
30167,53.83791154949559
30168,40.91842026113217
30169,40.01896195078989
30170,38.78105310497688
30171,39.82345691717455
30172,31.20884203889684
30173,28.4337353648899
30174,40.08593309214032
30175,45.53803049292341
30176,29.161065315159775
30177,41.47357130108127
30178,40.25033594247676
30179,44.92141820569055
30180,0.0
30181,38.34627620976326
30182,50.44913378763091
30183,36.72245456842983
30184,40.82677794059586
30185,27.132391578304905
30186,30.96709426433801
30187,42.41704527831176
30188,29.594049620075737
30189,45.36274306588549
30190,0.0
30191,45.65152992216738
30192,35.73001344278787
30193,24.62689885327857
30194,48.003014430586816
30195,31.950417539613454
30196,72.75
30197,91.75
30198,86.75
30199,88.75
30200,23.75
30201,91.75
30202,92.75
30203,91.75
30204,90.75
30205,41.75
30206,90.75
30207,91.75
30208,40.75
30209,91.75
30210,90.75
30211,22.75
30212,81.75
30213,16.75
30214,78.75
30215,89.75
30216,81.75
30217,18.75
30218,87.75
30219,81.75
30220,17.75
30221,87.75
30222,50.75
30223,88.75
30224,16.75
30225,80.75
30226,87.75
30227,45.75
30228,14.75
30229,86.75
30230,40.75
30231,86.75
30232,83.75
30233,19.75
30234,79.75
30235,76.75
30236,18.75
30237,87.75
30238,43.75
30239,79.75
30240,20.75
30241,85.75
30242,83.75
30243,7.75
30244,87.75
30245,77.75
30246,11.75
30247,85.75
30248,85.75
30249,32.75
30250,84.75
30251,32.75
30252,80.75
30253,86.75
30254,38.75
30255,84.75
30256,86.75
30257,19.75
30258,83.75
30259,84.75
30260,12.75
30261,81.75
30262,81.75
30263,35.75
30264,78.75
30265,84.75
30266,31.75
30267,85.75
30268,82.75
30269,7.75
30270,84.75
30271,7.75
30272,20.75
30273,66.75
30274,66.75
30275,21.75
30276,60.75
30277,71.75
30278,19.75
30279,60.75
30280,40.75
30281,59.75
30282,76.75
30283,38.75
30284,63.75
30285,61.75
30286,22.75
30287,73.75
30288,83.75
30289,23.75
30290,70.75
30291,63.75
30292,72.75
30293,40.75
30294,37.57417977755073
30295,45.91314678826127
30296,36.292040337259934
30297,77.75
30298,62.75
30299,45.04603638111488
30300,70.75
30301,42.934525655948136
30302,46.18362641516155
30303,37.7678766616576
30304,72.75
30305,45.37396147785577
30306,34.776165252723445
30307,76.75
30308,72.75
30309,31.274437407384085
30310,72.75
30311,38.64366303419152
30312,36.0550839489343
30313,80.75
30314,37.88098747049621
30315,29.57002188614895
30316,33.6642924501634
30317,38.13323386272152
30318,42.411146472905386
30319,36.462202615130415
30320,41.32407426364362
30321,56.29991705227529
30322,81.75
30323,55.75
30324,34.3033262699968
30325,36.81811632076484
30326,35.59200770458614
30327,30.29943199927841
30328,37.05944756699007
30329,41.88144714462395
30330,40.7323910440373
30331,52.59277287036942
30332,38.81436693463251
30333,39.90002164765857
30334,38.570352227366186
30335,33.75
30336,47.97066420281892
30337,84.75
30338,50.75068749910825
30339,33.307031460855875
30340,38.08300608136119
30341,34.72237567640032
30342,35.61149344581366
30343,37.2839574646552
30344,48.33848097323268
30345,38.99219236204353
30346,37.35167842419024
30347,38.21506031089507
30348,38.69516409641385
30349,64.75
30350,40.27653381128974
30351,49.264835890461455
30352,35.858907073586536
30353,35.5462260670954
30354,37.36189851167078
30355,36.18334760042114
30356,39.72671942831587
30357,38.65784522442007
30358,37.61533694774186
30359,35.87126301353853
30360,35.07141793146146
30361,41.12312949466647
30362,37.19697555409347
30363,71.75
30364,67.75
30365,37.69704380709513
30366,59.75
30367,36.4970650366819
30368,48.69869405591403
30369,78.75
30370,39.13996731687944
30371,66.75
30372,37.06212031998368
30373,36.30528992456109
30374,31.045020812544706
30375,38.490112221963535
30376,35.49038728360267
30377,34.10471321712093
30378,80.75
30379,37.55567311534759
30380,40.0572286242932
30381,6.75
30382,36.04306226218225
30383,30.46889989332044
30384,35.08786099336353
30385,40.935906865950585
30386,79.75
30387,84.75
30388,86.75
30389,72.75
30390,42.75
30391,35.47884906077167
30392,64.75
30393,44.75
30394,69.75
30395,79.75
30396,72.75
30397,34.724445242091505
30398,70.75
30399,74.75
30400,50.75
30401,36.69392859785558
30402,67.75
30403,45.34355397506868
30404,24.754027662149092
30405,30.060411592202875
30406,79.75
30407,73.75
30408,55.75
30409,76.75
30410,47.75
30411,34.629120132299
30412,64.75
30413,41.00150989098781
30414,78.75
30415,25.831252071039202
30416,75.75
30417,71.75
30418,72.75
30419,70.75
30420,33.74491794998664
30421,36.507075174892336
30422,48.71605062816144
30423,86.75
30424,79.75
30425,40.09746201865925
30426,41.18824672063472
30427,70.75
30428,83.75
30429,37.76945196090285
30430,30.202976376558794
30431,31.364041785783954
30432,68.75
30433,26.594070942121988
30434,27.04087850269044
30435,54.75
30436,69.75
30437,59.75
30438,68.75
30439,71.75
30440,48.75
30441,68.75
30442,66.75
30443,34.2951685542462
30444,69.75
30445,45.94898954182754
30446,76.75
30447,73.75
30448,70.75
30449,70.75
30450,78.75
30451,73.75
30452,60.75
30453,72.75
30454,71.75
30455,29.2601205342767
30456,76.75
30457,61.75
30458,73.75
30459,71.75
30460,71.75
30461,76.75
30462,38.39242379946992
30463,69.75
30464,74.75
30465,36.23342434743609
30466,76.75
30467,70.75
30468,76.75
30469,35.892820077632834
30470,69.75
30471,40.00594696780549
30472,29.01113129098036
30473,38.82086141407306
30474,51.101122880172376
30475,25.794729201230417
30476,25.075771493894667
30477,32.89165735818498
30478,32.09430342987424
30479,38.74374371061878
30480,27.87886698850491
30481,26.35584479362136
30482,26.302235924239042
30483,41.50177524201902
30484,54.53663725205718
30485,27.792858632571836
30486,45.211822946622576
30487,35.47427608964578
30488,27.133378320887623
30489,29.532147207165437
30490,27.842909734254718
30491,27.489918602668908
30492,29.84374283385847
30493,25.953633716779578
30494,31.100869594357754
30495,40.01123396017288
30496,27.144624520145186
30497,34.93724662673459
30498,27.655384336946838
30499,38.40413198200493
30500,34.60763668179622
30501,42.33928904194551
30502,31.57434880424006
30503,26.980960062488478
30504,40.43794486707253
30505,40.13533626173688
30506,32.59661605783043
30507,40.72491948920836
30508,32.73348347092974
30509,36.88201701967681
30510,35.8272203308176
30511,36.663753813977664
30512,38.90515125872368
30513,36.2456824813401
30514,38.93340920814292
30515,38.20050125211741
30516,36.70836996214092
30517,40.765954810146425
30518,32.39900516556872
30519,36.65119957604946
30520,34.54299441177409
30521,54.00886015998349
30522,50.529711715210965
30523,41.51054435717112
30524,37.67950072391027
30525,38.03015932062328
30526,37.53426031273594
30527,31.75
30528,38.29371398770213
30529,37.43589968679336
30530,76.75
30531,52.21738693771485
30532,38.42419092789204
30533,50.28872919587741
30534,38.0833407238717
30535,38.76619055688143
30536,39.083193604461925
30537,40.52442125536733
30538,38.435542918076806
30539,60.75
30540,40.57848871363963
30541,45.15191458778946
30542,40.24511485084771
30543,37.21254329601717
30544,38.5234647150212
30545,35.3720673146821
30546,40.12795489426387
30547,41.270558516304185
30548,31.06130774543135
30549,39.10404135319176
30550,36.89663171729499
30551,33.74700283297054
30552,31.11304800659648
30553,36.3091931056142
30554,33.80956787124831
30555,34.84018618434054
30556,37.74151070526793
30557,32.94999954890913
30558,31.77965256493063
30559,33.60959942000997
30560,38.586604129506746
30561,34.69647799877055
30562,38.81790865749501
30563,34.638882778508986
30564,33.86253386132227
30565,40.963152332386365
30566,29.906631472271968
30567,33.95139089444438
30568,31.367615239033846
30569,32.05879124295541
30570,27.065540826660765
30571,42.75
30572,59.75
30573,42.25689824165436
30574,42.36780526472783
30575,30.505221970555887
30576,29.123933527060288
30577,43.28030502834393
30578,44.17652289314533
30579,32.64171479204086
30580,28.338154688468208
30581,41.14904580491135
30582,29.28544404925684
30583,41.24205979010098
30584,42.55789091186012
30585,38.23954585503329
30586,34.50040920470851
30587,29.298879490822998
30588,36.40024454405494
30589,24.781264154704807
30590,37.15200616440825
30591,67.75
30592,31.655258335894736
30593,29.659486249432135
30594,28.412726658543036
30595,31.954034253784044
30596,35.68592663694834
30597,29.874830619940752
30598,28.651943132116088
30599,39.16784964440201
30600,29.01699097472062
30601,32.33949661283995
30602,34.24501315661429
30603,29.71098906514203
30604,34.112524141522435
30605,30.791904308867323
30606,45.14217701777788
30607,30.740934055314504
30608,34.63725244476794
30609,35.329607941239246
30610,29.07519043533931
30611,61.75
30612,29.63808762784636
30613,30.83995403527466
30614,34.052741533331364
30615,29.042722796726345
30616,27.446699965693654
30617,41.25344898513271
30618,45.75
30619,26.27974037306545
30620,65.75
30621,39.41794873999751
30622,66.75
30623,36.57771435863824
30624,70.75
30625,39.8389029020928
30626,69.75
30627,61.75
30628,72.75
30629,78.75
30630,62.75
30631,35.904846785142034
30632,63.75
30633,51.75
30634,32.787330018127626
30635,27.99038042711885
30636,40.74658534416224
30637,70.75
30638,69.75
30639,69.75
30640,40.12884696360703
30641,65.75
30642,39.65285446662336
30643,49.75
30644,45.692937989404605
30645,37.03310921105976
30646,72.75
30647,25.75
30648,77.75
30649,49.90561187383479
30650,61.75
30651,37.57509168961268
30652,40.263590450466026
30653,44.6195253892624
30654,52.75
30655,41.551120834939184
30656,69.75
30657,68.75
30658,40.40096379457775
30659,75.75
30660,35.61814254534318
30661,71.75
30662,69.75
30663,32.03957385559427
30664,40.80389491996967
30665,70.75
30666,39.07904128290073
30667,43.33108239551929
30668,69.75
30669,61.75
30670,44.678657608450415
30671,37.118912209770045
30672,74.75
30673,74.75
30674,64.75
30675,60.75
30676,59.75
30677,71.75
30678,73.75
30679,76.75
30680,75.75
30681,70.75
30682,74.75
30683,42.89543707274482
30684,60.75
30685,40.327828881812856
30686,40.42952844299683
30687,68.75
30688,39.23122895730427
30689,37.81307247360325
30690,70.75
30691,67.75
30692,35.96184112342458
30693,67.75
30694,26.107429330792186
30695,56.75
30696,61.75
30697,42.22041694827313
30698,39.03438315868105
30699,45.56707903943878
30700,71.75
30701,39.13670140139322
30702,39.9774311470697
30703,38.53298255982741
30704,35.90166282005499
30705,46.39922572986991
30706,44.6301144795555
30707,39.70676570213619
30708,39.32850771160626
30709,66.75
30710,38.58296011115587
30711,33.0551676605817
30712,38.09540099686544
30713,54.75
30714,44.24721304025744
30715,58.75
30716,15.75
30717,40.52451750084623
30718,35.07028074891231
30719,25.904913517359972
30720,33.63844438131218
30721,29.77031402130953
30722,34.744429568925604
30723,56.75
30724,53.48475416222937
30725,54.75
30726,29.10277132804751
30727,27.957948118956864
30728,66.75
30729,55.75
30730,57.75
30731,27.648904965606697
30732,36.51312106786597
30733,31.247984783658183
30734,37.642378226023126
30735,32.52204215155555
30736,67.75
30737,37.91562679871071
30738,35.812059899336255
30739,31.05558638042025
30740,38.45769443530067
30741,32.8051422997078
30742,41.06983435141751
30743,29.691367366752786
30744,66.75
30745,43.899000179703336
30746,42.76952379749473
30747,31.797070090638854
30748,40.241622804655314
30749,58.70113571035016
30750,27.652646421583
30751,39.15808010477726
30752,27.16727187082349
30753,33.10996299472285
30754,28.876272451180697
30755,27.373886787564842
30756,29.30976241794705
30757,30.969734229004423
30758,45.18139143123142
30759,36.67623606488032
30760,4.75
30761,44.4163957511921
30762,28.292282512850065
30763,32.05677529544963
30764,31.193843002759948
30765,34.69690502147862
30766,33.54089972979938
30767,36.04868728225352
30768,47.54120301396466
30769,33.29134798414668
30770,34.519774814688134
30771,36.75
30772,43.24171653752292
30773,26.36448401936316
30774,33.57163100368801
30775,29.80213393480996
30776,47.58110643084501
30777,66.75
30778,36.145656785673744
30779,51.75
30780,37.55235194590152
30781,1.75
30782,35.58685254054651
30783,40.051246827427086
30784,49.762407429075765
30785,27.278022425018364
30786,47.54985135204611
30787,38.28520320305898
30788,44.78878050849784
30789,30.33804480800167
30790,50.93776219875771
30791,50.875562306283534
30792,47.89745172150556
30793,37.75981879855144
30794,69.75
30795,35.36989932946303
30796,36.19824428236517
30797,35.24791416677239
30798,27.797342341037236
30799,36.44825587823328
30800,32.75
30801,39.32630887750452
30802,37.4650984281152
30803,38.84724123376342
30804,35.75
30805,16.75
30806,28.75
30807,33.731525772812326
30808,27.57157970031006
30809,35.88118377091875
30810,28.595355789246355
30811,36.83031089821871
30812,30.32406989003396
30813,34.59895939899989
30814,33.96418155939202
30815,32.579344860008355
30816,32.750018835017855
30817,35.09081406538908
30818,27.630475509670056
30819,31.75
30820,30.18950600188201
30821,32.991114446559784
30822,32.08464060149677
30823,34.88211821210164
30824,35.59485988702434
30825,31.533842895341913
30826,71.75
30827,33.8167066414208
30828,37.10303643782337
30829,35.75
30830,34.9164456997025
30831,31.649300753744775
30832,27.078895068578092
30833,33.03810787156023
30834,32.14848361730336
30835,36.645881137571
30836,33.97313108174981
30837,32.348526317615125
30838,26.66586854904483
30839,27.72016251276024
30840,29.214241098243676
30841,36.79749226006152
30842,30.560523333533325
30843,33.681646501778175
30844,76.75
30845,38.5354612179652
30846,40.75
30847,80.75
30848,33.83149018883432
30849,37.003884938656135
30850,42.49125748528759
30851,38.62618514228409
30852,0.0
30853,31.372659508294895
30854,49.00623262750141
30855,39.60779565128711
30856,69.75
30857,38.3576084230997
30858,39.79663853610669
30859,27.526174170418905
30860,0.0
30861,13.75
30862,71.75
30863,52.75
30864,28.7999123732818
30865,67.75
30866,54.75
30867,46.73353149623649
30868,36.6847133875423
30869,37.505173455013306
30870,68.75
30871,67.75
30872,65.75
30873,62.75
30874,41.37873638602146
30875,64.75
30876,58.75
30877,36.99930312791167
30878,10.75
30879,37.38541526134884
30880,27.381681358439735
30881,29.544576602100108
30882,27.70230318399028
30883,26.63813251535253
30884,34.38885789036252
30885,28.897354294670095
30886,28.17155042639348
30887,58.75
30888,28.898066660044144
30889,64.75
30890,34.21097847400369
30891,31.379421490311863
30892,25.378308445241508
30893,31.97773241382211
30894,26.208365343872643
30895,25.26933884376656
30896,27.43540049827424
30897,25.439808789973405
30898,34.784515073195536
30899,35.69681156744527
30900,32.511491941372626
30901,30.354702064920424
30902,58.75
30903,46.422542155213286
30904,28.51195394416441
30905,32.638849958575776
30906,31.79559542687538
30907,36.75869685236507
30908,34.69731175896678
30909,27.36013878012264
30910,28.916496013545
30911,67.75
30912,30.997334185099454
30913,59.75
30914,29.51144729034621
30915,29.776372636702497
30916,74.75
30917,25.287319207913523
30918,24.29534979791665
30919,33.537321649483374
30920,31.220588041479736
30921,1.75
30922,25.913760441196473
30923,23.076558081331036
30924,31.68825959556702
30925,69.75
30926,30.03397266744564
30927,70.75
30928,36.515077516259815
30929,70.75
30930,75.75
30931,37.374803451593394
30932,24.580241486162144
30933,28.08581384359735
30934,26.893051679884124
30935,38.68504229782084
30936,30.77082714917956
30937,51.75
30938,39.652564458472895
30939,62.75
30940,1.75
30941,3.75
30942,34.633781521802696
30943,13.75
30944,3.75
30945,27.92435167697016
30946,27.840550922801462
30947,1.75
30948,27.080492510656853
30949,29.929360888450688
30950,51.75
30951,41.55455688020663
30952,29.317916181081216
30953,6.75
30954,32.264185649454184
30955,2.75
30956,54.75
30957,29.28032697817278
30958,7.75
30959,0.75
30960,31.098758744776184
30961,26.897514394531783
30962,31.945658010102434
30963,30.449136895483846
30964,66.75
30965,34.9781072248532
30966,24.290552643751077
30967,27.89698881352696
30968,31.13585032264062
30969,30.71757868131354
30970,30.416908349528725
30971,28.576871436138383
30972,61.75
30973,33.66414525496202
30974,40.63952699577719
30975,64.75
30976,58.75
30977,32.45340323026428
30978,57.75
30979,33.571107543420574
30980,64.75
30981,28.13215871064841
30982,39.317690454534414
30983,40.75
30984,54.75
30985,31.761178706627483
30986,38.00848922581247
30987,0.75
30988,63.75
30989,7.75
30990,32.4600156071004
30991,11.75
30992,4.75
30993,30.030400295978723
30994,34.2697680314462
30995,28.420709095555566
30996,0.0
30997,34.673866496609634
30998,44.75
30999,51.75
31000,42.49449366894783
31001,41.75
31002,35.75
31003,28.04640369773083
31004,38.2527651519784
31005,26.888389184864593
31006,24.6995361574062
31007,38.95617349590656
31008,58.75
31009,39.91627689708911
31010,34.90175691694948
31011,55.75
31012,29.176277213358773
31013,39.37844232870293
31014,0.0
31015,38.75
31016,24.481686811317207
31017,26.350255601838924
31018,68.75
31019,27.19456082729519
31020,78.75
31021,32.80055626981065
31022,36.59045431433108
31023,44.9882430589217
31024,30.265942934036005
31025,26.79113910479206
31026,28.201663504555064
31027,31.4321535659503
31028,17.61132254169443
31029,35.91967439581517
31030,65.75
31031,28.49366969039172
31032,26.964252720269982
31033,25.744724564774486
31034,0.0
31035,21.20072837757881
31036,22.757285605733788
31037,26.729414916583252
31038,24.09410295189061
31039,21.438674837455604
31040,0.0
31041,23.525864067050097
31042,28.92256289491685
31043,19.614476104554303
31044,33.02163030020051
31045,21.10348133853048
31046,30.47932305705813
31047,23.59277780900516
31048,34.98896028713407
31049,0.0
31050,23.68995518592521
31051,20.25577450186599
31052,22.493800427576
31053,26.29982965883721
31054,27.22812850177747
31055,22.684099953942056
31056,21.859088386266027
31057,20.04194862699881
31058,21.825728688307084
31059,26.578342536488734
31060,22.573562929756065
31061,25.121079595118545
31062,21.005970315185344
31063,28.217702702514572
31064,33.277516776435
31065,25.504884581181454
31066,22.522618029487276
31067,24.51296109480767
31068,21.52466012414728
31069,15.771116865664172
31070,22.71939830468836
31071,21.697925565520965
31072,24.044465594676964
31073,21.210988165973017
31074,23.39381101499502
31075,22.137638257238457
31076,21.188253629839284
31077,25.91263930245978
31078,33.895405409832655
31079,23.14392796710301
31080,25.02579131582846
31081,25.140989090469347
31082,27.019347990117964
31083,28.367506141850626
31084,24.68948871316949
31085,29.99170777075563
31086,21.596899622231085
31087,20.902746229009065
31088,21.824233475729
31089,21.460766085281584
31090,21.9073850174377
31091,27.280381947032893
31092,23.48039681971944
31093,24.26270244955005
31094,28.680560929870012
31095,24.711054951196804
31096,21.535399134549788
31097,22.670443426598705
31098,24.954536542245087
31099,28.242026682953806
31100,25.934615013092483
31101,26.444614331544656
31102,27.577925930221845
31103,29.75480321571837
31104,35.570720701053055
31105,20.196601424364463
31106,23.31728204370117
31107,29.187601920840876
31108,31.649124647969728
31109,34.791647967314105
31110,26.914294822799057
31111,26.09501156657504
31112,18.55049141135603
31113,20.173936675661608
31114,26.791951265365896
31115,30.4463044908139
31116,32.006742486323674
31117,25.23849056333943
31118,26.508644048592032
31119,37.92007764949102
31120,25.011134485124742
31121,22.22085068738509
31122,20.72046335136376
31123,24.20329238523585
31124,21.503236011990257
31125,22.5719766756688
31126,22.826355724605925
31127,37.745102693716944
31128,28.899355946220133
31129,19.695060647050987
31130,24.709705715683768
31131,25.76742571445226
31132,32.17591942273001
31133,23.242783033668744
31134,27.342069058688928
31135,25.829178075599145
31136,31.167164111923178
31137,67.75
31138,21.07994529711382
31139,23.77566636763825
31140,19.63869006901728
31141,19.611382557078382
31142,29.524072455469522
31143,25.40716059097081
31144,29.3338076300423
31145,29.01780220955039
31146,20.363673479780683
31147,30.188827290594688
31148,26.246702653173045
31149,23.03144372115036
31150,18.231869912837475
31151,28.959090953284907
31152,18.12151382303191
31153,24.23384734216095
31154,24.790953147083638
31155,24.360996642198774
31156,23.243539013761332
31157,31.06677390038889
31158,27.674626922049697
31159,16.0773809084743
31160,21.575791167419016
31161,29.935941623334074
31162,31.522634017559696
31163,26.136887911144065
31164,26.495406764070545
31165,23.272494270413503
31166,27.49478719351019
31167,25.650575446975463
31168,20.57187913080827
31169,23.048630179144208
31170,29.311009912007876
31171,25.827165932445425
31172,19.048412248444908
31173,26.948046973020084
31174,15.881544293027918
31175,20.7424759591981
31176,22.54768010024167
31177,20.343035184944544
31178,26.03354862170827
31179,26.918496316573496
31180,26.353322994122976
31181,22.58744820613632
31182,23.836575080177408
31183,19.820984508214305
31184,22.30480913156012
31185,31.897512586901186
31186,24.476048842120484
31187,21.140549981351075
31188,24.016743677253963
31189,23.89628081617837
31190,26.852981867216428
31191,24.357546016496027
31192,25.75363613600625
31193,47.82370644350788
31194,21.38239250445331
31195,23.66697951236394
31196,25.55139761596565
31197,24.32926792860991
31198,25.822603883478763
31199,19.78233399310724
31200,28.88837854005824
31201,19.666919188538795
31202,25.60312928165092
31203,23.489338337649897
31204,26.06157646679678
31205,19.10617213940838
31206,30.11124299299391
31207,24.44048260644145
31208,24.625827758204544
31209,21.442822258243417
31210,28.463265480331245
31211,20.30735415180179
31212,19.009334512471856
31213,22.121857692730224
31214,20.785071059379018
31215,20.59223546409671
31216,26.436542925473965
31217,17.432818695660785
31218,24.59845265860996
31219,24.599779030151797
31220,43.799156076168174
31221,34.86505026151226
31222,41.55795342472656
31223,29.568901323052167
31224,33.53725216871292
31225,37.978517111017005
31226,30.358173777220372
31227,33.208317492076645
31228,36.47531770980752
31229,29.753866069673535
31230,32.038397148822945
31231,34.268005622214126
31232,23.956088119635552
31233,33.11770403921148
31234,51.75
31235,30.763605709038735
31236,28.486246993965253
31237,30.588481505201102
31238,31.5815767214931
31239,39.68182812741132
31240,38.78614565323467
31241,34.553886595586135
31242,30.25673873226674
31243,30.213028066194404
31244,26.724878534105756
31245,32.83516133095847
31246,33.83771649148931
31247,35.80215600034979
31248,31.527241298473896
31249,40.1475451860823
31250,31.843408772324047
31251,32.37371388526357
31252,31.363129542008657
31253,27.051714513472476
31254,31.495444743296147
31255,43.75
31256,30.414577947726897
31257,30.735159497100412
31258,38.24228952287528
31259,50.03864523298706
31260,29.92921985095286
31261,35.28886828493097
31262,41.81533024754531
31263,28.812062998151347
31264,42.75414524961519
31265,30.64058692339752
31266,59.75
31267,32.54146330559044
31268,33.93916249649566
31269,33.79943004009717
31270,31.075344989573615
31271,42.28491679412073
31272,27.896393196285615
31273,30.879556222549496
31274,28.90604602415474
31275,30.437374905257848
31276,27.758243310267645
31277,29.001143651022886
31278,28.51154522427843
31279,27.481142512114644
31280,30.98101741456157
31281,38.26629880476269
31282,41.71588560003004
31283,31.81867430591131
31284,39.47104465057822
31285,30.438272493176967
31286,48.42339199565798
31287,40.338794381851805
31288,42.57911472781368
31289,29.09132408093337
31290,28.956667670807562
31291,29.200041017791847
31292,31.522048190732605
31293,40.79444343531878
31294,39.75881593807396
31295,42.451401354217005
31296,31.0389296960389
31297,28.704140945192243
31298,32.24164237915841
31299,30.932920193097907
31300,30.97806271021956
31301,31.308538874775778
31302,31.44937024330295
31303,31.16419059748548
31304,27.41967659934366
31305,30.69484554696448
31306,34.50754406956499
31307,22.63034999624125
31308,25.085068661689085
31309,51.75
31310,25.433229525237856
31311,21.319247417098225
31312,33.74300610661152
31313,39.33424447525477
31314,40.425490621262334
31315,23.49123862436336
31316,48.55144987915968
31317,25.320217290495396
31318,32.17947660667832
31319,35.406916028217445
31320,46.62212286284055
31321,32.13070343690708
31322,32.56839688022049
31323,30.093605775023732
31324,30.00071922117303
31325,28.58138245074972
31326,30.250627614849606
31327,29.540802208936753
31328,26.32524574425478
31329,43.68367195931103
31330,39.72477417149239
31331,28.019318479085527
31332,30.976892521807095
31333,27.752971256743045
31334,27.839416754000865
31335,24.66164908000411
31336,38.69514754992928
31337,65.75
31338,26.0754902695285
31339,32.486079715943326
31340,31.025808735601544
31341,37.14297252444115
31342,30.06024365327621
31343,58.75
31344,32.77356211220509
31345,38.98177876549793
31346,73.75
31347,35.28935509458916
31348,29.122507561686483
31349,30.280506591898707
31350,35.02847315503394
31351,50.75
31352,58.75
31353,28.84960082859616
31354,29.241030511621226
31355,27.359082563268444
31356,28.195432319808972
31357,44.43003915252036
31358,66.75
31359,24.10643503602111
31360,30.181502142543906
31361,29.14948449335182
31362,36.36762926509543
31363,33.21096537951101
31364,0.0
31365,27.32062515019078
31366,29.665800621777365
31367,28.967508478332974
31368,28.950853716444456
31369,29.39226573872172
31370,39.89787457257571
31371,27.707900981103165
31372,29.622156300390003
31373,33.797366022459926
31374,27.16050422491952
31375,30.308603879964373
31376,27.762866896795515
31377,38.94153041974257
31378,41.300329267802645
31379,26.634282247930557
31380,28.24999255851023
31381,34.43935993989064
31382,31.124400090826242
31383,47.304837548542174
31384,32.77388243045249
31385,29.203101600430223
31386,35.9769847195421
31387,35.78907252192519
31388,67.75
31389,27.222608891076916
31390,77.75
31391,35.12962869643909
31392,28.30771382275327
31393,30.4379997872583
31394,31.007736146679967
31395,41.75
31396,37.974292151822354
31397,61.75
31398,25.620060232905168
31399,28.427459921771288
31400,29.960349770034966
31401,31.02235257783836
31402,28.150457256622765
31403,29.46159831473355
31404,71.75
31405,47.75624203912335
31406,10.75
31407,28.396415048346412
31408,51.75
31409,27.230779349487754
31410,30.56931934137505
31411,34.123760793259805
31412,30.341178680722813
31413,35.20809087776323
31414,25.322495901434195
31415,34.81783087340157
31416,38.79080917150463
31417,34.11272748780491
31418,24.34057901252425
31419,26.03229367583974
31420,24.964960822915444
31421,26.21951370004689
31422,22.6643647847229
31423,23.917812479235337
31424,26.416620969438625
31425,21.45709610726832
31426,27.665689337940606
31427,25.471261984056483
31428,26.89816102042807
31429,25.945856776202902
31430,35.686505745721625
31431,29.150668340658285
31432,28.761205880653606
31433,30.032269899727197
31434,21.58558445920415
31435,24.59439050740235
31436,26.174403898722318
31437,26.136687495857913
31438,24.993075763775156
31439,26.783891526302533
31440,31.16951237536083
31441,37.06159351100241
31442,24.04934405402151
31443,39.1747131565312
31444,25.699352062033118
31445,26.617618447874463
31446,22.716258722651336
31447,39.38238926658375
31448,34.98439895028675
31449,27.721353890320216
31450,26.456032386143463
31451,26.98973984774259
31452,25.785308251931298
31453,35.66720874266407
31454,26.71224906668718
31455,26.64050941990085
31456,26.359210803726214
31457,27.749271759249282
31458,30.012848578810484
31459,26.95507798199636
31460,23.97072125195298
31461,21.92793194538282
31462,20.21645755182617
31463,29.84072511539165
31464,29.126562719356258
31465,27.94867298535484
31466,34.22812153742193
31467,25.34218337791744
31468,23.906139990513523
31469,24.95283150999822
31470,24.47548478206095
31471,26.998717261236422
31472,23.60937372317862
31473,27.340989669557928
31474,24.77483621554159
31475,40.890196132451166
31476,28.44688399219926
31477,30.448263215918345
31478,29.196888949969093
31479,24.609340826475943
31480,28.969598876452565
31481,32.647440132406075
31482,40.51803889092251
31483,24.520958825951865
31484,26.81736871500911
31485,25.651074906959654
31486,28.71337994558315
31487,29.51794913692335
31488,33.165989028505486
31489,27.375688609528126
31490,25.08664778234581
31491,25.51016095822003
31492,23.00496817291652
31493,22.81721396592808
31494,17.798342403264638
31495,24.33247672597629
31496,24.960182453191337
31497,27.52401497994886
31498,27.681955335921096
31499,24.95060124927381
31500,25.03423353494518
31501,31.712843536960925
31502,23.33801075629049
31503,22.744642933687096
31504,37.591108292349446
31505,24.385087105510788
31506,27.490432348805065
31507,26.131913624830297
31508,22.873404050838445
31509,25.730154015670536
31510,23.22736257016029
31511,33.260885533901295
31512,25.948668582920384
31513,27.82842179132895
31514,32.75855057157187
31515,27.06919502297572
31516,50.992948873975024
31517,58.63918632735799
31518,45.68986081938968
31519,45.07753410121504
31520,51.87265128781098
31521,55.47475717347709
31522,53.40945410271512
31523,50.821138130113326
31524,30.332909766718075
31525,40.50711014956949
31526,61.75
31527,33.293870689092515
31528,49.69759573722179
31529,70.75
31530,36.294072305763336
31531,41.10451693284799
31532,25.08786308544866
31533,27.99435650081329
31534,47.03736527120338
31535,35.22958057263663
31536,24.735398351458315
31537,30.954215960958578
31538,35.22764273988251
31539,39.62617949300803
31540,32.1021518986237
31541,31.05557172322395
31542,30.893092909914905
31543,37.91051276243362
31544,35.31200951010558
31545,29.818204634466603
31546,38.54752745094583
31547,55.75
31548,34.065958605682766
31549,38.970854586777286
31550,25.131705986982723
31551,37.432875144075226
31552,21.59117228129484
31553,31.625129286026237
31554,39.86275116484393
31555,37.01054908045543
31556,41.89138363706329
31557,30.823367535951846
31558,38.458848885060405
31559,36.236073070382105
31560,34.38654918342147
31561,43.71515894364241
31562,24.20143325355412
31563,43.603406765348666
31564,35.87216919524999
31565,46.71551053041846
31566,40.17363009367655
31567,36.18521294523208
31568,23.83404776615609
31569,40.91427564517415
31570,42.09921066746541
31571,39.32617886710992
31572,27.25202114279709
31573,32.062857570645974
31574,25.78934117940325
31575,26.979050724992206
31576,29.94894294528006
31577,29.957171388515462
31578,25.2940802586548
31579,20.18470246096491
31580,37.28855390009063
31581,37.18799874304737
31582,25.767133285751598
31583,29.963385867576875
31584,42.63158459064413
31585,0.0
31586,28.73057302247117
31587,25.172877286936743
31588,20.616966465283653
31589,24.7387454281468
31590,24.428984049516984
31591,29.079505253337473
31592,27.608610275238732
31593,26.816370965453487
31594,29.585683543422377
31595,27.175758022728857
31596,25.796861547529957
31597,34.957924672591325
31598,21.727828409112927
31599,22.095168742084724
31600,25.816585999198537
31601,35.632733353224026
31602,36.356334407046695
31603,27.574397814917674
31604,28.215394537811335
31605,21.47190304136143
31606,32.06780184197636
31607,28.640429575133368
31608,25.55917654513555
31609,29.7748510404367
31610,25.909459728396094
31611,27.025028031925046
31612,21.79231607154051
31613,26.873812164772545
31614,25.77446240455631
31615,21.70706191388052
31616,34.41377413010557
31617,24.34889557340898
31618,22.20613782265652
31619,20.28368874238197
31620,29.406075217398133
31621,24.69690028035037
31622,26.712917100416746
31623,19.56373355141538
31624,25.23868458938278
31625,28.99203526422425
31626,30.991931789489087
31627,27.214143497417894
31628,24.844894640066943
31629,30.107005758533973
31630,28.763830286760637
31631,28.64712875158832
31632,31.074599638376156
31633,21.836397067918423
31634,24.06872853854827
31635,31.867475174155345
31636,26.567707527430017
31637,17.35497305915903
31638,27.37478802158394
31639,21.452685628467457
31640,23.65611887809689
31641,26.114138901326776
31642,22.20107840571894
31643,25.10575935539801
31644,22.888076471211395
31645,25.55769750462904
31646,20.30391895343715
31647,22.106127462142496
31648,23.74177865094096
31649,29.179741708504054
31650,30.32001413845805
31651,23.90052479461957
31652,24.687089185641288
31653,28.82665948547421
31654,39.75
31655,26.366303145797275
31656,20.839778881718583
31657,33.79775159676023
31658,30.36685991280371
31659,21.472102367836776
31660,20.7279531446832
31661,24.058778492682983
31662,22.8925984778947
31663,25.850263203355524
31664,31.49265331711632
31665,25.01156428341226
31666,35.66998169354907
31667,28.517717881645325
31668,27.52453091184492
31669,19.3225444024595
31670,29.80000827568358
31671,21.41322331142228
31672,28.524211413597435
31673,22.67052354182175
31674,28.295652564857235
31675,29.263175840996738
31676,24.56105530388835
31677,24.819121908282675
31678,32.881829444916704
31679,30.418849703064865
31680,27.976780652053293
31681,21.41793960086066
31682,29.702063326316413
31683,27.25713452328722
31684,25.950568187729004
31685,23.69970154226161
31686,25.351863146724217
31687,27.93580271204243
31688,27.30047812273039
31689,31.75
31690,30.46294346334094
31691,31.928276910435883
31692,23.285770550341997
31693,25.812478053662986
31694,28.859937673328027
31695,27.996518355922362
31696,27.433803349273205
31697,24.557544722954603
31698,20.440174588789365
31699,31.372672553258866
31700,28.717800994807384
31701,23.052876530959917
31702,24.472390985198142
31703,26.557488889923874
31704,30.73899351127352
31705,21.97267125203553
31706,30.296769493320447
31707,20.01689360145399
31708,27.24271167225193
31709,25.168649432171577
31710,24.80227891206502
31711,32.05091765567607
31712,33.24018513504951
31713,23.93939476610983
31714,26.270727549677005
31715,25.062908518521706
31716,31.717796312440413
31717,28.75
31718,29.778566306007292
31719,30.397915428584824
31720,20.205155368670628
31721,23.65206345829004
31722,30.218855244810875
31723,51.0010500812536
31724,43.19584846095783
31725,27.60810555739434
31726,25.19410865782202
31727,35.78092628960808
31728,22.138267102794
31729,23.050016680417336
31730,25.477296123351582
31731,19.90998324609692
31732,23.694567238040584
31733,31.365783048504937
31734,33.38790479288859
31735,58.75
31736,26.81770631258425
31737,27.81328841614549
31738,30.64495114455245
31739,49.75
31740,18.771047765384107
31741,27.71678181900468
31742,25.343851463998437
31743,22.62509456298454
31744,20.90665372141621
31745,42.02128822933855
31746,33.261182453240764
31747,41.77926163248873
31748,32.19229622539974
31749,22.41253928162316
31750,34.52767467923332
31751,35.38831927892602
31752,32.472120150732735
31753,24.740874379420937
31754,24.012886152563908
31755,28.827192859427456
31756,36.29819618470976
31757,27.77308261281665
31758,26.460914420481743
31759,34.53064831761109
31760,27.092234693711617
31761,36.72640448156115
31762,34.78281292666984
31763,25.685157758443285
31764,28.269505614386063
31765,21.85552457394544
31766,25.62407255489852
31767,28.61945209301694
31768,24.75945677924824
31769,42.244126783392645
31770,36.41523599620693
31771,32.406567456033045
31772,21.7761953909365
31773,34.18110693142019
31774,33.382667890653906
31775,22.3346770640946
31776,34.659280793110014
31777,21.625839656884203
31778,22.63100827577086
31779,22.342854451125906
31780,23.507896979721885
31781,35.93465588205656
31782,32.568691740692856
31783,24.77207916976127
31784,29.34944772697063
31785,37.43649343174749
31786,35.42239569050386
31787,70.75
31788,30.265481817260508
31789,26.69404526055304
31790,62.75
31791,40.54087627809109
31792,36.85779728986076
31793,37.91786092579346
31794,41.2298131653254
31795,26.11823810036863
31796,32.48734937874809
31797,35.94667508985007
31798,30.982845150512127
31799,34.56038706274928
31800,38.38342701743492
31801,29.695001009238112
31802,59.75
31803,25.59818185119162
31804,25.68066815630892
31805,48.75
31806,26.3196621566656
31807,23.841959724067465
31808,35.17443626462602
31809,27.03054958034744
31810,27.892665018548044
31811,27.538619972272656
31812,31.963613608307014
31813,33.24853552636006
31814,26.18554015538237
31815,29.277100111733716
31816,28.350525312976863
31817,42.23149864599861
31818,37.98625221669312
31819,36.40850100013317
31820,28.714365945644445
31821,29.00845022988124
31822,25.825666860997885
31823,24.786814289452067
31824,23.46149712565128
31825,26.722929915305684
31826,16.282209854255388
31827,25.07644676463036
31828,22.775022077843136
31829,21.9359742686656
31830,29.302884785590877
31831,35.17370602086229
31832,37.64406413043334
31833,28.511579431653075
31834,23.114047677843217
31835,35.30641842104324
31836,28.76880928489326
31837,31.82461519329378
31838,22.905602230582225
31839,54.75
31840,55.75
31841,28.69443098744494
31842,32.52131079561444
31843,23.60025561074352
31844,29.899292790380848
31845,32.503476796000115
31846,41.31937090504508
31847,31.719194118363284
31848,24.656343409831564
31849,28.109291422789255
31850,35.10385533510048
31851,48.75
31852,25.914085522268778
31853,20.635683490194985
31854,21.29280555795325
31855,33.49981149105329
31856,33.69752256112663
31857,54.75
31858,32.2416680393266
31859,26.078958988985093
31860,39.8334895297446
31861,22.731662869332645
31862,25.08090087827328
31863,29.891899608038827
31864,26.145933301689013
31865,33.476643491351915
31866,19.528127598999596
31867,19.196398282989502
31868,26.819357754556222
31869,23.406144164359016
31870,23.745154433711697
31871,25.18572723295003
31872,24.394125139181178
31873,24.77884258453769
31874,35.8411968545151
31875,30.483707341293304
31876,36.59420458751882
31877,36.32789616539911
31878,23.19014522637288
31879,26.830501856576248
31880,23.23538957532697
31881,26.130897104106594
31882,25.835669722938306
31883,24.204146047053968
31884,26.95640966992906
31885,19.399248296826915
31886,25.621090879745104
31887,25.60868314458597
31888,22.74249771508301
31889,27.174184430871506
31890,20.589594925496616
31891,25.18544363688043
31892,25.72047565725755
31893,29.0846875317699
31894,23.292692986018093
31895,25.55767279958561
31896,21.58360676866172
31897,25.758106181244372
31898,22.587065829881283
31899,25.883227979176723
31900,25.326593871164768
31901,27.005254508068205
31902,26.386066756065972
31903,25.108024444645373
31904,28.014377056410964
31905,29.360254243178616
31906,29.52691129749733
31907,23.41396920028555
31908,25.17356327321986
31909,30.152420838998005
31910,19.973911538858943
31911,21.544304428099025
31912,24.31006381079757
31913,27.70166496819475
31914,22.84819650749205
31915,20.93410472178293
31916,25.226851880652823
31917,22.63377834509292
31918,24.627479843091617
31919,26.993178541355775
31920,23.408987991810733
31921,26.01569330585764
31922,23.977427336240908
31923,23.83394877746625
31924,25.30866562244488
31925,25.35473075324189
31926,29.250816276612326
31927,26.82965510700363
31928,25.9972060607397
31929,22.66363934569589
31930,24.95417924706499
31931,23.37048364109388
31932,23.844289180063967
31933,26.51134669019612
31934,26.541031236861215
31935,25.05963007911212
31936,24.37554469474161
31937,32.834729254275246
31938,22.646673896972715
31939,22.018354159813104
31940,21.58180241463814
31941,22.636379800552383
31942,21.541640628033097
31943,27.463779038816845
31944,28.42359577809586
31945,33.47993350236109
31946,29.740233333248334
31947,23.67273934377088
31948,26.2973597803594
31949,21.490122531085653
31950,26.085130180879048
31951,25.72919404592495
31952,27.957007524481625
31953,19.29821865039391
31954,21.21972993366812
31955,28.76751830260517
31956,24.118769067783063
31957,32.05712668802401
31958,33.856801916938906
31959,29.64930793120383
31960,31.46668195824889
31961,26.582333088896746
31962,29.37376174995898
31963,25.591730459845536
31964,37.68146925956191
31965,25.779745730811392
31966,29.54582261791468
31967,49.75
31968,37.13359883352764
31969,33.562519764877635
31970,24.960275561491017
31971,29.4218187904253
31972,37.06973524041606
31973,30.42945711239186
31974,24.266240144928357
31975,32.47649659184608
31976,35.54160103546158
31977,27.31856829005998
31978,26.00616192810258
31979,26.530373638038995
31980,30.65412592381486
31981,25.11927718816923
31982,37.09994210984206
31983,48.72832328910582
31984,27.408149176821155
31985,25.17066908137609
31986,27.288258275101896
31987,29.92006670500013
31988,28.674346408984228
31989,31.158087188032752
31990,25.06545438075422
31991,27.04323517914547
31992,27.215131101437166
31993,26.65678841393126
31994,27.84655472108865
31995,27.406591139783202
31996,27.221393517339422
31997,21.318384038299683
31998,26.968172030900803
31999,26.201801739788664
32000,26.006096160516094
32001,25.13386576301913
32002,23.48549462149852
32003,29.5574616061638
32004,28.45004256841385
32005,22.05634541814014
32006,30.649698034297515
32007,26.705386370648952
32008,27.015425205308716
32009,25.614162317949667
32010,27.679399064816323
32011,29.470204419740398
32012,26.04644017970626
32013,31.919934682896148
32014,26.606094767443004
32015,27.95027502625041
32016,25.979217898987727
32017,26.395389209295047
32018,26.032768015368696
32019,28.52661992665263
32020,29.067040874024556
32021,26.137748946782004
32022,26.45314023042549
32023,28.533540015749253
32024,30.578578732522175
32025,27.534236001053323
32026,32.12351251206694
32027,31.0565173904929
32028,29.700641157724334
32029,26.29470542794664
32030,34.34701486191857
32031,31.285051127686287
32032,26.170053515681772
32033,34.109379623523324
32034,30.132252177582444
32035,25.36584963018153
32036,25.819809245657524
32037,23.857443947304688
32038,32.41873686593792
32039,29.388602379235806
32040,34.89305941741931
32041,24.265091010493588
32042,20.993352899708174
32043,36.59198894121814
32044,30.376835327200894
32045,28.75
32046,29.729804058994013
32047,25.0054628634106
32048,32.24410660604805
32049,30.515626987490293
32050,31.25214671596651
32051,24.686031728027345
32052,25.563230868673934
32053,28.543495048160025
32054,34.62743332826832
32055,34.34192749938958
32056,30.649219209603224
32057,24.80408832891699
32058,29.872218874162513
32059,31.333559980178954
32060,20.75
32061,29.651684991720657
32062,26.076823978717968
32063,48.27145851495362
32064,72.75
32065,31.389579925656555
32066,31.882080229271168
32067,30.1907819746789
32068,67.75
32069,30.119632743171607
32070,27.006989248599723
32071,38.22846530812154
32072,34.94362156298098
32073,69.75
32074,34.14958588098599
32075,43.75
32076,33.09016088321598
32077,41.38542640862709
32078,46.96368208468209
32079,30.55308999707497
32080,47.939160934951246
32081,47.5108897719517
32082,28.482033702771233
32083,46.912960058564856
32084,37.09902662472391
32085,32.88430198024061
32086,35.94251678180527
32087,37.11221801449776
32088,36.499796405079714
32089,49.79895937211556
32090,32.00512923468472
32091,34.96278425683653
32092,47.514780516968685
32093,32.97082035864105
32094,34.63048315621624
32095,33.95905137058556
32096,36.023075595066494
32097,33.56307401603752
32098,33.16250240601787
32099,31.63148383693894
32100,44.81851821595285
32101,37.48547286168547
32102,41.004518470049
32103,36.75
32104,30.693005013248964
32105,31.76290670666541
32106,35.69528952776098
32107,33.87903769387603
32108,45.37760471981765
32109,43.66381968600118
32110,45.19559774026082
32111,33.05167293400534
32112,36.64344235455055
32113,33.36149003847227
32114,45.93643171023523
32115,39.66455918058015
32116,54.75
32117,39.94398896866467
32118,61.75
32119,27.51131096409184
32120,31.06445951466081
32121,33.26024006249121
32122,35.08435799170128
32123,20.993138566116805
32124,31.42803933045831
32125,29.30677983564472
32126,41.46010425934855
32127,34.794234177742624
32128,27.331854152683903
32129,63.75
32130,30.65074852792624
32131,34.93497165496812
32132,23.110062940780267
32133,27.27181892896455
32134,41.948394282223965
32135,47.19098384412364
32136,40.73370703244121
32137,29.283717197829077
32138,23.452729489774235
32139,30.18597360332076
32140,37.90003275407279
32141,29.344098867047094
32142,33.33177235398869
32143,49.22258959501481
32144,28.07902689326548
32145,43.02935803818093
32146,31.565361780096886
32147,24.729409889526984
32148,31.251759576501463
32149,24.914976992101053
32150,36.825441139086536
32151,61.75
32152,41.8186379432545
32153,24.85603746056821
32154,25.497149059421105
32155,29.032586178379383
32156,33.35775248575428
32157,36.40179254110679
32158,26.920768006441776
32159,30.900853561754786
32160,28.294229357264328
32161,11.75
32162,29.24192532326083
32163,25.75
32164,31.048729704625757
32165,22.75
32166,36.2108668372622
32167,36.24690039272906
32168,27.087336302150177
32169,32.85672100552367
32170,28.14121794656456
32171,25.465064609448604
32172,23.85571969116529
32173,30.75
32174,23.71744371207682
32175,33.577455241774885
32176,33.23578149404877
32177,28.225484995320542
32178,21.75
32179,25.557796616241028
32180,40.17972504991227
32181,38.11125012307723
32182,31.561204073414416
32183,29.81224488524603
32184,32.19403426714103
32185,28.138603148300085
32186,35.97956977187074
32187,33.46660064032573
32188,33.55736505603161
32189,34.46307842150132
32190,35.41632409235059
32191,37.51950267303938
32192,31.722283166662564
32193,36.67372645626441
32194,23.11070463087408
32195,45.721004218606765
32196,35.157769479947255
32197,31.75
32198,39.20913731849124
32199,34.635661899801335
32200,24.9660593064119
32201,33.5846205905157
32202,36.55287215011808
32203,37.15973864190023
32204,26.940811028832442
32205,40.188767306116375
32206,35.38629517149563
32207,50.75
32208,29.917638000359617
32209,33.870154517112674
32210,39.16773123044467
32211,38.83048257403192
32212,33.03932461347694
32213,34.87555228842725
32214,32.50997505998139
32215,35.51251835092605
32216,45.63011590368542
32217,26.75
32218,32.732150864002634
32219,35.39407788554237
32220,38.597917118940885
32221,39.27953126394237
32222,39.11416735482067
32223,31.34556287302543
32224,34.20022778751318
32225,31.75
32226,37.92635563431841
32227,31.535969326950266
32228,27.4015835115609
32229,33.934246167020184
32230,24.903843455037958
32231,26.545542572801537
32232,25.712285384044414
32233,38.04326454825315
32234,27.845796615159884
32235,22.93557549526069
32236,33.41882152146792
32237,28.03615067445262
32238,25.3434073188548
32239,34.43769459967658
32240,30.60898510249931
32241,27.59944526248988
32242,32.50180368999825
32243,31.3193624363523
32244,25.71832569826531
32245,33.80761607239049
32246,30.28905698729713
32247,23.4862159888988
32248,24.55301178153008
32249,39.79473391132931
32250,28.89007473887503
32251,29.37477739720024
32252,26.32688773416183
32253,30.936868505984023
32254,25.667885581694897
32255,34.83383174988428
32256,27.270213434075977
32257,63.75
32258,43.11331207367893
32259,25.00981633464175
32260,24.69490091711464
32261,25.32622882045761
32262,28.984248023911988
32263,37.069527078660464
32264,38.86674796390448
32265,27.707673982114635
32266,26.218098827098586
32267,26.08740229094643
32268,25.453941506307896
32269,37.94804754625755
32270,27.245438534400627
32271,0.75
32272,35.52579594356821
32273,40.1410067666239
32274,27.32562191128899
32275,35.15526192116851
32276,26.413525223828834
32277,24.595619588787667
32278,29.7348518686118
32279,26.885485629592253
32280,26.351066417632808
32281,27.727159793649292
32282,28.9781515865724
32283,33.54305776214001
32284,24.410156182341357
32285,28.54035515356952
32286,32.087698755178714
32287,0.0
32288,28.06052576985052
32289,36.869056173397546
32290,29.789604297256858
32291,27.411413681373872
32292,27.462376816977468
32293,65.75
32294,43.046475342745815
32295,31.59781809346623
32296,27.035643946405152
32297,29.30415461227821
32298,0.75
32299,24.56705882575245
32300,24.91764989532508
32301,33.908357010906975
32302,44.176388429441445
32303,43.15679038843243
32304,26.313053427457916
32305,43.98463788049828
32306,35.55414850298064
32307,28.462198660086173
32308,29.49010019503352
32309,33.983835422202084
32310,25.92634779788034
32311,0.0
32312,26.250117800676023
32313,24.194977281922448
32314,27.23893415269353
32315,65.75
32316,29.001341669234364
32317,33.09123004666856
32318,25.902797155337367
32319,24.19982169014649
32320,25.49495031323795
32321,27.544504931183603
32322,29.269024390489605
32323,26.11606730820668
32324,37.297227639995846
32325,25.123664324744027
32326,21.66810518520488
32327,21.543517413556398
32328,29.251353188182712
32329,22.081598162841274
32330,16.13392585299008
32331,29.609619798729554
32332,25.252899040738413
32333,22.78502616014292
32334,25.588494030632816
32335,22.20908025352169
32336,22.46076919942328
32337,19.61856937835976
32338,17.837812203409523
32339,18.87122379501803
32340,22.67715751591294
32341,23.235888399293597
32342,28.16316728510148
32343,33.47550381985188
32344,20.115795056564515
32345,21.99586268182652
32346,28.22218764459774
32347,23.31480820084581
32348,26.350698462021576
32349,21.317517277506397
32350,26.17857423657871
32351,22.274005681479863
32352,24.082435104081284
32353,25.548946602250822
32354,23.794597234991716
32355,24.626916641673024
32356,21.92297740779409
32357,26.968914526492973
32358,18.644511334347136
32359,23.11855960231421
32360,25.83027566450516
32361,24.050320279127323
32362,27.902893453348973
32363,24.758773787729123
32364,21.71765223425434
32365,24.659812343309707
32366,15.345531375783729
32367,21.09081447858726
32368,24.004449859748988
32369,21.893820515962755
32370,20.47697563696813
32371,27.810006729953344
32372,31.874376364778037
32373,19.28690361601985
32374,23.2205579591458
32375,22.019334936820343
32376,24.55181630388295
32377,39.45822241085631
32378,23.707131679944368
32379,23.5737562295784
32380,32.03166691733173
32381,22.00160044424061
32382,36.72662733289607
32383,34.00242059061287
32384,18.053588196246093
32385,28.09273055197953
32386,27.216737172160663
32387,28.459414880682736
32388,33.64547449071279
32389,26.62566483937632
32390,26.2263966515482
32391,24.396116697557847
32392,25.909861430896086
32393,23.041837095502583
32394,26.699854244239106
32395,24.84224620258307
32396,20.88208124822064
32397,21.61420395299164
32398,37.499449242360285
32399,16.637199817529165
32400,28.21314962871621
32401,31.620107241624574
32402,21.477536282964117
32403,19.014358110763197
32404,34.49103498973907
32405,26.680485815191687
32406,18.449413604629967
32407,18.02985506894033
32408,14.813829414962964
32409,64.75
32410,34.14603589921875
32411,50.16495249762733
32412,9.75
32413,44.17849620788449
32414,45.00520619692449
32415,53.75
32416,52.75
32417,46.99440218177647
32418,36.83277787983246
32419,34.20679628871347
32420,34.85597769279161
32421,54.02650894895899
32422,39.21992231607776
32423,70.75
32424,69.75
32425,30.580913965459658
32426,24.365761488112597
32427,33.018158774592415
32428,33.88029621751078
32429,25.59097887197033
32430,44.16142732288354
32431,33.561925257515384
32432,51.724326319281104
32433,34.75
32434,27.382192583880638
32435,34.54127232569342
32436,32.77539355524019
32437,31.941372237100857
32438,39.81231278467121
32439,51.245861461476665
32440,44.575298349466
32441,35.45361049750836
32442,44.3293968793777
32443,56.75
32444,34.24757007799389
32445,29.683273890906264
32446,28.18032488688879
32447,30.527965105325165
32448,33.98192896922768
32449,38.512847377105714
32450,35.76454552097859
32451,39.61142279589962
32452,34.01737174339601
32453,47.74342661066372
32454,48.87879815333751
32455,41.03850991444721
32456,36.03099496464833
32457,42.31315669386494
32458,32.80266055644227
32459,49.16558124580818
32460,53.75
32461,76.75
32462,41.75
32463,32.9938265667306
32464,31.049046036127343
32465,41.75635168777527
32466,32.7365118338861
32467,33.64090016995743
32468,30.9073469982473
32469,35.65001994378351
32470,47.336083124180405
32471,36.64666214876062
32472,29.178939608290264
32473,36.87628929329912
32474,34.838590086115175
32475,46.51476797060859
32476,30.367375288142284
32477,36.65765758517232
32478,43.39513289532046
32479,22.4667354809774
32480,26.03561914317079
32481,31.889562126678968
32482,35.59332726413046
32483,21.9077220612645
32484,21.466165626447246
32485,51.75
32486,19.70993602812661
32487,46.76093482415209
32488,49.75
32489,35.73928016871727
32490,22.44964789977083
32491,27.91351227738675
32492,31.95881659718281
32493,31.80162864782543
32494,30.260167188650456
32495,23.991050728571224
32496,26.16279873474796
32497,24.104343557489024
32498,22.103887450680237
32499,27.352494814196703
32500,32.221624109464564
32501,28.546822229490537
32502,25.07872610208129
32503,66.75
32504,57.444812748422905
32505,46.67535341290796
32506,28.732219442716044
32507,62.10706693782841
32508,35.376564848025495
32509,36.08223872724743
32510,33.68299454758353
32511,36.48551893266555
32512,28.066559551857324
32513,43.89140411531484
32514,31.859403695752583
32515,35.03868595529147
32516,32.31336862234966
32517,34.38628916022616
32518,48.75645638841016
32519,42.53719860282554
32520,62.75
32521,34.8988591161481
32522,47.18292348846621
32523,29.613150085742888
32524,29.328974548098557
32525,38.499526341057766
32526,36.71153644513775
32527,36.22444811180316
32528,32.890858682054485
32529,63.445499673099874
32530,69.75
32531,29.66480089523381
32532,25.332363244606363
32533,19.97797885923588
32534,34.48574100566397
32535,30.004339300942178
32536,45.79248974767376
32537,28.028622666105463
32538,39.76645293688243
32539,34.21401933721154
32540,30.13922393597793
32541,37.05324699460307
32542,38.52205400566301
32543,23.790946143102964
32544,38.533222200807984
32545,60.75
32546,30.09527407508248
32547,31.578055217723147
32548,34.40605669050129
32549,41.33071857669544
32550,27.179217404148204
32551,38.371540425798855
32552,28.405360614476088
32553,48.13143483077309
32554,31.1083129148792
32555,30.197791827558135
32556,37.72899298927904
32557,22.32374146965759
32558,36.12659027240888
32559,33.40182923547073
32560,25.821598429903084
32561,30.806163459002846
32562,46.57599806848874
32563,40.0227513053829
32564,24.48279742124624
32565,37.01079825444384
32566,31.611600484404548
32567,47.52711769239151
32568,29.56025582826635
32569,31.408764496173355
32570,52.26730701230675
32571,38.75
32572,37.36894134691372
32573,27.288575077886804
32574,41.08293926295545
32575,34.27275191240601
32576,40.45913665861669
32577,35.695566925566936
32578,34.294602638757354
32579,49.74272550099823
32580,34.17632607108686
32581,33.8372235105144
32582,19.29977272080168
32583,20.718016500136283
32584,26.477331721191717
32585,21.97664945361219
32586,21.111184611746843
32587,16.61036593096235
32588,26.04067242440484
32589,17.731466955002823
32590,18.84577682517207
32591,21.08742941716648
32592,20.890273539157484
32593,19.85641586196336
32594,26.932516806730078
32595,17.703456409170126
32596,19.01701173555829
32597,19.97721235474189
32598,23.50533506829477
32599,21.121118149102006
32600,23.17173834391577
32601,22.62385131176604
32602,26.218193527368072
32603,25.13479941446823
32604,17.531885513071728
32605,18.7775951199167
32606,17.92754135105724
32607,20.63437336546505
32608,22.0929692916518
32609,18.30724741325604
32610,20.694166400444274
32611,20.014833778689397
32612,26.979873856575963
32613,18.9892183779822
32614,22.334082393233302
32615,21.597003379772648
32616,20.042425866705564
32617,25.44031440810221
32618,21.9418851190123
32619,24.834674126136647
32620,23.69429903630849
32621,20.390696335989286
32622,19.01338378610081
32623,21.55469393919753
32624,19.825310227188293
32625,19.26394822048263
32626,14.771328643676082
32627,18.123479677784832
32628,23.86332872595337
32629,16.622709582211307
32630,23.280406786355364
32631,19.9520880375796
32632,23.79736120751256
32633,23.958515147288374
32634,20.83669123752263
32635,22.25748816921467
32636,19.13861998306439
32637,20.4309292694958
32638,23.15638987923297
32639,17.91880589158548
32640,18.760940031043077
32641,20.50155850741446
32642,24.51831721330765
32643,22.220704008357387
32644,17.686399058329314
32645,19.579409403822616
32646,22.51084100655133
32647,19.39522023609616
32648,17.126609877671115
32649,18.64613305802505
32650,25.655596676602897
32651,18.48242196870513
32652,23.39056945580769
32653,30.92178790877034
32654,27.507334661131793
32655,19.54057701649352
32656,21.67433083192641
32657,17.36733268762342
32658,18.90281387864779
32659,21.639507368849596
32660,25.612903796612617
32661,21.17413720870501
32662,21.89952687645807
32663,22.318062829539286
32664,22.54130592025011
32665,20.212490537282584
32666,29.04896754581393
32667,19.691394224843464
32668,17.99940925022553
32669,19.89927710796552
32670,21.876861401430304
32671,21.321217104002805
32672,22.31758530381132
32673,19.307116925502463
32674,30.721344784109235
32675,29.74303894139988
32676,32.579303679016725
32677,32.20213302360347
32678,29.329416986702427
32679,26.045891118125788
32680,29.3338099495057
32681,30.528223178242015
32682,32.64384699262172
32683,43.33889523622751
32684,30.8287555426924
32685,29.128997848101946
32686,32.35863001439585
32687,37.43719400635079
32688,33.970914606817416
32689,26.41362097970086
32690,34.127207262403026
32691,28.7865640687793
32692,44.418229066863695
32693,32.17399813057826
32694,31.115545001038363
32695,32.516592533305435
32696,35.86178442912364
32697,40.40259625850235
32698,30.303808910929078
32699,33.15444425276207
32700,37.16317566003968
32701,36.14872868973757
32702,30.612574341680244
32703,30.611419435851893
32704,35.33076064407673
32705,32.04529040806274
32706,31.48289934305015
32707,48.28025616389184
32708,43.69171927511611
32709,34.77656243266639
32710,31.846172612798398
32711,34.81914371713881
32712,45.422831644189365
32713,39.96622750334971
32714,36.76457561521511
32715,40.16298802366703
32716,32.718688244829615
32717,36.5269039543274
32718,34.96226684397555
32719,38.98437269351263
32720,29.88214864649116
32721,39.75
32722,45.218752314405045
32723,34.532600859390044
32724,28.532586854663343
32725,36.74210591998283
32726,32.54798236676662
32727,33.86423738547151
32728,30.328832279944024
32729,30.86396233010999
32730,31.420439092846863
32731,25.50258853929672
32732,31.768267356324493
32733,34.75336275258107
32734,50.30409901855742
32735,33.5395863744645
32736,32.447471738193975
32737,25.93038432013111
32738,33.89509048550991
32739,25.245732772914803
32740,23.07729967363701
32741,37.97617779783926
32742,31.538407080837402
32743,46.713967811090825
32744,34.87114985916616
32745,34.766182867487835
32746,37.68680879884949
32747,38.08054916227308
32748,31.151684741029896
32749,34.61584852848316
32750,47.530385495869126
32751,32.37065707834496
32752,31.00200510223067
32753,41.090673407562775
32754,36.516281695207
32755,37.75
32756,31.43923949918006
32757,36.46083795404314
32758,66.75
32759,60.75
32760,34.093849469574764
32761,31.289389976876897
32762,22.143260592955507
32763,20.485118918170755
32764,37.7794514799126
32765,28.701597862445084
32766,30.62970725480767
32767,40.629197831376594
32768,24.003986885450093
32769,27.73660902480208
32770,29.759990078225066
32771,26.771599384778
32772,29.04779917817413
32773,42.48891759816433
32774,29.468391379641098
32775,27.092286425028355
32776,29.30162178528557
32777,30.28587950789442
32778,39.86458212446766
32779,28.104796563276864
32780,32.8033625557104
32781,29.263713888283107
32782,23.710328564741232
32783,57.75
32784,23.131347967847315
32785,27.630877363536783
32786,43.26532553895014
32787,41.27929355382109
32788,39.79130099951448
32789,26.115132035991607
32790,34.14507533901138
32791,27.832212931465804
32792,28.083410754796745
32793,35.64675229244392
32794,29.249194868910777
32795,23.3063457513467
32796,25.8240880859765
32797,22.612573237158852
32798,60.75
32799,26.612597270082773
32800,23.42438875883041
32801,22.47111963291959
32802,41.694662821143226
32803,26.995206257362653
32804,0.0
32805,25.659035361868987
32806,27.628586488490882
32807,28.29380746851546
32808,47.75
32809,27.59131540751308
32810,23.670348029860904
32811,26.778859797099635
32812,31.298098133021803
32813,28.712611426094554
32814,26.112923128511895
32815,26.576410927667567
32816,24.37919451161836
32817,27.472792096294967
32818,27.218980530642213
32819,23.11191580327788
32820,29.551988088250596
32821,27.62661249259611
32822,35.28587933325383
32823,28.830100318520408
32824,33.263038812491985
32825,25.40986141504177
32826,36.01054026882871
32827,24.90409512579976
32828,26.433470324386278
32829,26.846222050393706
32830,26.90262467693627
32831,23.15796962302868
32832,24.765411086831943
