ID,track_popularity
26266,44.70871247274354
26267,46.21205770243174
26268,45.40985739882217
26269,37.38401848412871
26270,48.34703513608985
26271,46.760983999609806
26272,43.24525261851672
26273,44.0
26274,46.87938733931922
26275,44.782309628257245
26276,42.50906618990067
26277,42.49520179162892
26278,48.40895925464596
26279,47.59218074266197
26280,41.17860378122279
26281,42.72876525096511
26282,41.58100844251614
26283,39.442572344397114
26284,40.07807281980627
26285,35.53781750562233
26286,36.89497828242553
26287,42.79527419531471
26288,35.72498282179264
26289,34.36848725842755
26290,34.73558988646356
26291,34.512956297093794
26292,40.89833036239984
26293,41.69835750825421
26294,41.61674020477112
26295,42.08955789652011
26296,34.62646396224061
26297,41.44319563808243
26298,43.1043636492034
26299,44.59463595726437
26300,39.446113960732724
26301,44.201408139238254
26302,38.43739861270826
26303,41.073574634740496
26304,43.87876655177196
26305,44.32101266762208
26306,44.28907567529686
26307,42.817340092105276
26308,41.36184747274978
26309,45.33516556309134
26310,39.5158520357423
26311,39.82134127102364
26312,39.9242595604626
26313,41.10031067797437
26314,42.310872503920486
26315,41.81360777206195
26316,42.351141383701766
26317,39.331861469066936
26318,-5.0
26319,41.82110749673294
26320,41.16254608843464
26321,37.794994677108754
26322,38.06381520075555
26323,40.187695014360706
26324,38.13568296925884
26325,42.578050810049405
26326,43.81804922282246
26327,40.18191313652633
26328,39.222123167593175
26329,40.7195201122719
26330,41.06401735805527
26331,45.41466539653167
26332,25.0
26333,35.0
26334,39.12639615558259
26335,42.691077815557094
26336,49.19978232158766
26337,43.447376762106614
26338,45.62563898557746
26339,39.52910029311473
26340,45.84064231705969
26341,42.091378450512074
26342,36.29885862475828
26343,30.0
26344,21.0
26345,27.0
26346,35.0
26347,32.0
26348,30.0
26349,40.0
26350,45.044002353737305
26351,46.309246880119
26352,39.13746416307727
26353,35.0
26354,32.0
26355,46.28856213395811
26356,40.29896120940322
26357,40.623376483636186
26358,42.063391800413775
26359,41.4491487114245
26360,42.44791484697956
26361,41.52766301207906
26362,42.39360260332867
26363,35.90697314778226
26364,41.47844624125907
26365,44.7899744264608
26366,44.70946570761385
26367,55.93231734099072
26368,35.42274211443967
26369,38.13934631827289
26370,40.926800646182315
26371,52.14439216662621
26372,29.695550161428137
26373,47.42857234594774
26374,44.95760707033298
26375,41.37961611288658
26376,37.072585492160336
26377,45.19535909078028
26378,34.37585458148396
26379,32.83370287524346
26380,-3.0
26381,37.18155032842589
26382,29.453516164134427
26383,29.701240235977984
26384,44.66062752799269
26385,28.89507431648667
26386,32.736861482196154
26387,35.764829156939584
26388,36.63577276238012
26389,43.53283667452735
26390,33.910842718263225
26391,40.72361956591941
26392,26.831724446530878
26393,26.063950655676724
26394,35.763693855894076
26395,37.748465238292276
26396,36.97100850130533
26397,37.53670730970352
26398,35.120003779349645
26399,34.667167785626795
26400,37.25053474102966
26401,33.77553641516765
26402,36.85653158609354
26403,24.839013576187796
26404,42.213287290713474
26405,40.25699500348413
26406,41.810631626534175
26407,-3.0
26408,28.627506478645856
26409,32.158232302757646
26410,32.99880055921104
26411,35.25035923872859
26412,46.288318827083344
26413,31.257017423807177
26414,43.04615890110295
26415,33.81211801139699
26416,34.74014547166827
26417,36.593966183531904
26418,33.86812279016889
26419,54.630761436656094
26420,50.792908374617475
26421,32.944284366558726
26422,36.95746531896979
26423,36.2431394346737
26424,29.238872729174417
26425,33.82981608184234
26426,31.171367119431814
26427,32.98381043888873
26428,34.03074749456207
26429,39.83530078163678
26430,61.0
26431,40.327781465950196
26432,36.123079754403534
26433,47.98569715775319
26434,30.163101063983504
26435,32.471318989477055
26436,35.00623038486784
26437,34.45228895306935
26438,31.96714446930546
26439,42.0
26440,33.989917993970224
26441,35.21692137461743
26442,34.370357290327334
26443,35.631865371854715
26444,33.95623805139891
26445,54.89219801481168
26446,52.0
26447,23.195336055305518
26448,38.660597058485365
26449,47.0
26450,53.23363172780886
26451,30.450326411752684
26452,28.84907318762488
26453,30.311322752744616
26454,32.125303785118
26455,34.29528427404503
26456,30.298318382217474
26457,32.95311867487966
26458,28.505078714576342
26459,27.447377107646673
26460,31.64285938628195
26461,30.325918231049158
26462,28.233172212828002
26463,25.16002980526271
26464,27.067408460385536
26465,28.019374964793776
26466,28.970506532686407
26467,32.04985330352976
26468,27.74773803030358
26469,30.430290785383903
26470,27.537948241135105
26471,34.943801309822355
26472,28.85248677820735
26473,30.88274683650782
26474,25.391409760507432
26475,27.228079244797065
26476,32.61704623994417
26477,31.564107832767128
26478,31.206508750501868
26479,31.60839141331968
26480,29.95680365425453
26481,33.42133293989389
26482,27.409122122099234
26483,32.17719200795524
26484,30.226792921348967
26485,33.087889917148225
26486,30.535648573192496
26487,33.36819310824193
26488,31.474216243813302
26489,32.20108931564011
26490,28.500753121108225
26491,31.892081635622418
26492,28.79522292964785
26493,29.26767446370242
26494,26.61865607837573
26495,31.950026497072322
26496,29.10566640872233
26497,30.510555071549348
26498,30.601591523562362
26499,31.914894114695414
26500,29.074096619014092
26501,32.739706810958204
26502,32.392659069817995
26503,29.237932899049355
26504,28.73434812363758
26505,29.417360052628197
26506,30.2596349054554
26507,0.0
26508,31.56276225027615
26509,30.1770913633424
26510,34.30237122368086
26511,26.860584220073907
26512,35.661852703089174
26513,4.0
26514,29.81129032340384
26515,29.025137514196892
26516,26.507177110898525
26517,31.54096047368804
26518,32.14154279040114
26519,25.020290606315328
26520,29.348585924024768
26521,30.759553667216593
26522,33.37698314212398
26523,30.125678832100718
26524,26.73481412723475
26525,28.34443352964368
26526,33.284748167843816
26527,28.823883283617164
26528,32.82360482268241
26529,37.00515984732204
26530,31.639868387009372
26531,24.921424808275894
26532,32.51694598771027
26533,28.59351580288329
26534,25.694549600976693
26535,26.086539342766592
26536,28.939944810175177
26537,31.88974434913237
26538,33.464126981779394
26539,32.61124271713344
26540,31.476787324619345
26541,33.164614236523214
26542,32.29946910826465
26543,33.188157838881345
26544,33.73916641572915
26545,33.55561167006591
26546,32.91104999658968
26547,31.193553177157433
26548,29.980009879578
26549,29.555199902143194
26550,30.540570556708353
26551,35.653842142184246
26552,39.492880122776825
26553,33.701264658636134
26554,31.542886711640328
26555,30.023154176959835
26556,74.0
26557,31.834052572083564
26558,11.0
26559,31.25525237126184
26560,28.471067829124912
26561,39.265085054759446
26562,32.660321648232454
26563,33.55050767963171
26564,32.83785018645271
26565,29.703909548430545
26566,27.335595448594596
26567,30.370165193516115
26568,37.71107821663292
26569,32.983384453566885
26570,30.268401843621064
26571,33.281990941121826
26572,4.0
26573,23.866175494313403
26574,32.47072928651144
26575,28.119040404138076
26576,30.886918307128283
26577,34.40515637373119
26578,28.55178122047912
26579,33.54944789706499
26580,39.87609502713174
26581,32.97048629414187
26582,31.2827400548912
26583,30.508364117633647
26584,32.73478970428771
26585,34.945858287509566
26586,33.10591758738738
26587,34.70269351977806
26588,32.57722100866005
26589,28.94650097551756
26590,4.0
26591,30.318415845423786
26592,27.22742523927598
26593,45.94417092489175
26594,26.496232739117126
26595,75.0
26596,49.27156337084356
26597,27.07925928903701
26598,50.671919997888125
26599,40.0
26600,48.55791468239734
26601,80.0
26602,36.931502503863456
26603,29.826007962449346
26604,28.365210256931263
26605,28.489309524531976
26606,43.093558879575305
26607,37.64823721816877
26608,38.881488828734035
26609,32.435676920143955
26610,35.88047618806152
26611,35.8985158484374
26612,30.39141946087539
26613,43.88596113149998
26614,62.0
26615,39.92107721332979
26616,34.37493946629251
26617,58.0
26618,52.77776822219066
26619,40.03440956334791
26620,40.55578078766155
26621,40.353625005069176
26622,29.848840637352467
26623,30.501394828874382
26624,42.72398347692883
26625,32.52629822140803
26626,41.267799405928685
26627,30.09050714398107
26628,29.065166695877707
26629,34.03491490417496
26630,36.57632892494951
26631,42.04684424123049
26632,34.79916774652175
26633,36.73470682773099
26634,42.031378551323066
26635,34.38704543388929
26636,37.7837269433474
26637,34.821834061855284
26638,33.173633625550075
26639,36.53333858168543
26640,31.177369251358343
26641,33.5881915688799
26642,32.64471778518462
26643,44.29876206659995
26644,29.900325128934583
26645,34.02157981771524
26646,37.45980163874704
26647,40.61090218683906
26648,29.0
26649,28.688459265284713
26650,46.42206469557007
26651,30.071336310289766
26652,40.36860307035803
26653,31.473913292793377
26654,34.28534776468293
26655,35.68587822883977
26656,27.109113318512954
26657,36.95786094881982
26658,52.0
26659,34.81013770586305
26660,37.41838122118025
26661,29.564993042050105
26662,30.283963084095895
26663,46.44414926186262
26664,30.54304106292122
26665,29.631320986559246
26666,33.79713534468192
26667,35.75651293749641
26668,32.41175371045405
26669,30.489187739541883
26670,29.902711923328766
26671,32.88834234643585
26672,33.46087979440172
26673,45.22257501766014
26674,42.0769901559519
26675,26.91464747405353
26676,44.41200712019905
26677,42.94970053285238
26678,33.11699684448777
26679,29.460015046504516
26680,27.86105671505358
26681,32.37336793108782
26682,30.31123785640854
26683,28.46042517928356
26684,29.275132722093993
26685,32.206295702409754
26686,30.295456280659323
26687,57.0
26688,30.351825708679634
26689,40.41832633149419
26690,34.20568440895941
26691,36.541304372101344
26692,29.51898081060083
26693,34.55395747586604
26694,29.444365377980134
26695,13.0
26696,36.96031577967247
26697,39.019374714527125
26698,32.43185810927953
26699,31.92095925789784
26700,31.502591333854873
26701,34.703227037155756
26702,39.09054097572015
26703,40.93775292693411
26704,34.31751418291151
26705,34.3088957338351
26706,72.0
26707,34.365168131455846
26708,30.105192094864336
26709,39.915859089287885
26710,29.81967367456621
26711,31.69684505298438
26712,35.08219553238722
26713,29.277142909108164
26714,30.054931492724116
26715,55.0
26716,41.60298347748143
26717,38.335799427120456
26718,38.036872734912315
26719,34.58433858505287
26720,37.89568156795339
26721,34.22776295119587
26722,26.64386953656795
26723,35.755492625534224
26724,34.31343672602228
26725,42.03790439962201
26726,40.459023098429434
26727,33.53224647703987
26728,43.28128799028882
26729,33.77628679309427
26730,33.245778204655835
26731,33.239636199291034
26732,42.11773363009247
26733,28.442203479377554
26734,34.05660003708961
26735,40.20640675796253
26736,33.077341237450966
26737,31.347303673206042
26738,40.12519265903796
26739,33.700099872332494
26740,40.93066984114155
26741,35.288856916619
26742,29.889841737325483
26743,29.676313068312396
26744,32.45375922137109
26745,31.475017885220886
26746,28.538314829283486
26747,27.151007204964806
26748,30.197621556366386
26749,44.92976764182055
26750,35.264696547823796
26751,40.99228921560329
26752,39.55191391394061
26753,34.763826384605395
26754,35.99842685261394
26755,30.547919752045118
26756,40.60821353313419
26757,31.145228846960755
26758,27.70810827099352
26759,37.751756360865315
26760,30.618007784851528
26761,37.30546190274033
26762,39.0577883776636
26763,35.83971721190984
26764,39.51276647749728
26765,41.52352480888143
26766,33.00383674291265
26767,33.04067179140918
26768,33.663953539335495
26769,40.83676996962499
26770,42.61658174365695
26771,71.0
26772,37.1105344392249
26773,36.00905828356389
26774,37.026454419788294
26775,26.332876106866603
26776,52.0
26777,29.284566888584507
26778,40.77457067794875
26779,38.62282468923955
26780,28.141230106002553
26781,26.15488996380399
26782,64.0
26783,32.40535763326295
26784,32.580706829196956
26785,31.458286256860873
26786,27.799171669515744
26787,29.706755561137626
26788,31.47942499975928
26789,42.0
26790,23.72437864740098
26791,22.108343145953327
26792,36.161452883674066
26793,27.06491229307425
26794,34.32672017135191
26795,31.40958858461775
26796,34.06183183552232
26797,30.3254447688509
26798,36.29598929342385
26799,35.11172246047425
26800,30.66599056305091
26801,34.70608506683168
26802,25.2865116718066
26803,30.043717063709536
26804,37.23039832511021
26805,50.37030035740526
26806,33.0
26807,41.118916079166844
26808,35.99257098869211
26809,27.673801062788954
26810,38.554180109219914
26811,35.137938740252615
26812,45.81415202702745
26813,36.01241650362509
26814,37.43341685101399
26815,50.36399342057307
26816,35.52752387914359
26817,70.0
26818,31.001515761192486
26819,32.587435443733426
26820,24.750511311408445
26821,17.007644746997983
26822,37.006421401059264
26823,32.28675009413632
26824,64.0
26825,30.555871685439158
26826,27.09277167078426
26827,61.0
26828,29.122535666112555
26829,34.29000075055227
26830,29.004606821723698
26831,55.06916165830504
26832,30.140028884435964
26833,34.7447997379443
26834,37.046357249718916
26835,26.96219490760597
26836,35.02021731999093
26837,59.0
26838,41.18450814852473
26839,20.345905105673555
26840,25.451722893577625
26841,34.78842327693877
26842,37.86500215352142
26843,33.80353429028986
26844,32.57337723373344
26845,22.771017703307063
26846,33.72722485113511
26847,25.081137727344963
26848,34.978314918458665
26849,38.55553874178929
26850,38.39634585629435
26851,24.207369139710917
26852,31.70187801054206
26853,59.89347797676673
26854,74.0
26855,38.739652433496836
26856,36.00902308946668
26857,54.0
26858,34.65879684901165
26859,42.88182929469584
26860,38.10079523412539
26861,27.951131985859995
26862,45.662109561053235
26863,29.969859786550956
26864,29.048169899773683
26865,33.42494117983652
26866,28.883032511684746
26867,44.35527533636343
26868,48.05590392054834
26869,39.97538198440776
26870,35.449739169467165
26871,36.557642837196084
26872,47.94064302063787
26873,24.789617838913006
26874,30.34260823957291
26875,35.06584251831214
26876,34.412993625269515
26877,42.131525281754186
26878,62.0
26879,27.079557387928944
26880,51.62658930558352
26881,39.399319593342035
26882,36.740788365512195
26883,31.773773305848216
26884,47.14211406246887
26885,32.0347545662017
26886,29.56096279480562
26887,44.30133129598624
26888,53.0
26889,36.70794196243259
26890,30.951704357773437
26891,47.12163866638802
26892,63.01398407885128
26893,28.428090056719064
26894,34.183647940142905
26895,67.0
26896,33.775990664256646
26897,47.19789337930353
26898,35.26734746778975
26899,51.39172759608254
26900,38.55384418195791
26901,35.929140221225744
26902,66.40651872008955
26903,34.41293322920576
26904,32.645925789122714
26905,37.53518412178109
26906,39.743664961097906
26907,37.77401436935936
26908,39.767701295667
26909,38.441438522645754
26910,35.9886842279358
26911,40.768628572011984
26912,35.61738572157139
26913,36.89264302647103
26914,55.47559550808036
26915,29.902687380949672
26916,35.84134429233838
26917,67.0
26918,35.26395340225837
26919,36.54485425413006
26920,35.78073427093189
26921,45.522549121225566
26922,28.601416822325348
26923,48.760895639989194
26924,32.167791759804366
26925,37.607010862056455
26926,41.76848901507878
26927,36.02362832486997
26928,36.29697865282452
26929,35.001323922818926
26930,34.17057487533581
26931,30.519392583655033
26932,33.27752496803947
26933,40.427025286543994
26934,36.5840537862377
26935,33.787131492715986
26936,40.17756090225611
26937,50.08695097564448
26938,35.34972480471377
26939,32.28034057784796
26940,35.234558773753335
26941,36.3404933596327
26942,37.48815355201685
26943,35.79167181401648
26944,40.023763963957975
26945,42.3111561116497
26946,46.68530737684341
26947,34.3668615994567
26948,35.390650005813036
26949,30.84922261057592
26950,41.261683535245204
26951,29.95805263032588
26952,31.878099331603394
26953,36.95848510437039
26954,38.459900237868474
26955,34.606104950065685
26956,37.28906954532321
26957,28.165150629478937
26958,44.12423427377582
26959,23.68239873643996
26960,38.6293526729224
26961,33.53256660288742
26962,31.603288213054483
26963,31.46806961035073
26964,34.863499001262205
26965,33.987596359485686
26966,32.30582290108952
26967,36.02028546692144
26968,29.21967285954203
26969,37.60113632031669
26970,33.79840293730125
26971,33.02368157786146
26972,37.47506900552796
26973,39.989691945965575
26974,41.87705718390932
26975,28.592446461758996
26976,33.991272210949376
26977,31.736784697276626
26978,41.424035906177224
26979,31.324187001276428
26980,31.981115096155875
26981,32.80531339202887
26982,36.48515341956518
26983,38.9183638162795
26984,34.43846844497786
26985,35.35139503343642
26986,37.597442405778516
26987,35.30109653515467
26988,34.64844171281911
26989,28.370998029942143
26990,38.076454201747374
26991,36.88256433670922
26992,41.117193787897634
26993,33.01114748695274
26994,25.346821294702135
26995,31.704010919021577
26996,35.71008711795076
26997,34.72271136812694
26998,36.80792079524208
26999,34.80658354927767
27000,35.27231809886549
27001,31.60485853111153
27002,37.1460276922046
27003,32.356389353124435
27004,34.26107093546283
27005,34.10040712071314
27006,31.449784138341563
27007,23.46621423339629
27008,35.986482134916436
27009,27.806986536489852
27010,32.82889560237069
27011,33.491324494368314
27012,38.07496463441054
27013,29.78934032041434
27014,32.52168112178832
27015,35.762349810264354
27016,28.30479480566347
27017,31.638498743313384
27018,34.00594924330867
27019,34.196344114696316
27020,32.17402455263901
27021,32.45082539434128
27022,34.55836807961194
27023,32.33735174502797
27024,53.0
27025,25.280354030448414
27026,25.756070600414226
27027,31.920555958944533
27028,31.010755922254603
27029,34.582199367631475
27030,33.40481228476107
27031,26.340054840480114
27032,25.530018952117484
27033,45.13946309126911
27034,34.308704343643264
27035,34.570689944857534
27036,33.42480469286584
27037,36.37188119467437
27038,33.57867169909391
27039,44.896713256276506
27040,38.281979283414756
27041,31.175089131469264
27042,34.8224167767228
27043,24.567632622458746
27044,32.09443303650676
27045,33.20647988339837
27046,35.7639245999484
27047,33.46811832072257
27048,42.473693002923
27049,31.90208170406855
27050,39.01618190351969
27051,23.532473175815788
27052,35.02779756657315
27053,42.48461125981363
27054,24.7041524798863
27055,32.31323109789636
27056,38.10266565941028
27057,35.28369864851217
27058,24.934850512280292
27059,37.31916119690234
27060,34.21445747376177
27061,31.515293850822857
27062,40.0
27063,36.17509672040797
27064,38.96774502592345
27065,38.1249343529138
27066,23.594469591046042
27067,32.62314819535157
27068,38.02777325562033
27069,33.451240780075544
27070,33.7389484935234
27071,27.21462691798996
27072,36.555365248816415
27073,36.710497818287635
27074,35.18858539148969
27075,32.582632491571964
27076,37.93930324771614
27077,33.94604199396546
27078,30.605244556987806
27079,35.806936834210155
27080,33.3599049629881
27081,36.630162756952146
27082,32.4257984065218
27083,38.394669813602825
27084,33.21123848908896
27085,32.74893745028519
27086,36.098735722201106
27087,36.04081179819394
27088,34.234247737054744
27089,23.5663214451585
27090,30.23044483836067
27091,31.276560576495868
27092,31.07092248394885
27093,35.69308727930769
27094,36.982009727105634
27095,36.97166734764179
27096,32.19520145625497
27097,26.10905615763961
27098,35.0917780727618
27099,38.42778690060992
27100,37.10561023243897
27101,33.508034660768324
27102,36.33660403975751
27103,32.57991608640411
27104,32.98412216614169
27105,34.36242342156045
27106,32.33489468972448
27107,36.1625046589294
27108,33.909456658884665
27109,26.717030365276067
27110,35.26782532592985
27111,34.86718636973913
27112,37.673018749714196
27113,30.764964323447984
27114,34.362188336169986
27115,36.03143076121283
27116,29.394047282946225
27117,27.065052627151907
27118,37.585079686539835
27119,29.832449049280527
27120,34.905059491936896
27121,38.04748437874075
27122,31.52600216834074
27123,22.635379226493583
27124,29.0809491481796
27125,25.204329490609684
27126,29.404070936687276
27127,32.32563355652326
27128,37.9977431562578
27129,28.338978483340604
27130,34.14061703854548
27131,35.16466063356183
27132,30.043941668304264
27133,27.474412656044507
27134,35.10454030960116
27135,36.10414848895678
27136,32.5789063099037
27137,31.72310650799576
27138,26.282285353601566
27139,29.342525645595742
27140,32.81103721978755
27141,33.20364913758036
27142,27.099473455464732
27143,37.730012089694014
27144,36.03805237354249
27145,26.535466054027502
27146,22.258695761873536
27147,32.90439432761057
27148,18.101877633467325
27149,35.8512532866852
27150,29.47903043327684
27151,24.639577390985277
27152,24.197006185617568
27153,33.0
27154,28.5415087479444
27155,36.44981519922555
27156,32.11624302799782
27157,34.48147295417111
27158,28.830518788898743
27159,31.777005442310397
27160,30.568849197570692
27161,26.596304701454564
27162,33.2329888502682
27163,31.006393645270755
27164,33.122156913151365
27165,26.50655870806576
27166,34.49988579620335
27167,28.657437785345465
27168,29.65265553462752
27169,32.76348991303677
27170,34.08807582874479
27171,33.92594224321825
27172,23.044379254335215
27173,29.078351877828993
27174,32.39109639637162
27175,28.737108594289303
27176,86.0
27177,23.413043773608997
27178,29.142878650874998
27179,31.097516412365337
27180,29.023628827518678
27181,33.17779655411487
27182,31.137087711468922
27183,26.77836614421281
27184,29.361469969991063
27185,33.399489812337485
27186,28.081411985577105
27187,35.03259615374684
27188,33.65474339308294
27189,33.294916396444194
27190,28.54803047007595
27191,38.023193997606384
27192,35.105359230157895
27193,24.38139691988203
27194,60.0
27195,28.207388123295424
27196,33.22747186357911
27197,23.70269174057175
27198,35.995892731723416
27199,36.53284939664086
27200,31.30050343331738
27201,18.804964790537312
27202,27.980595767720146
27203,30.14571654963042
27204,27.75589603787948
27205,32.34432840839477
27206,25.41995875495658
27207,32.11860904966382
27208,29.149390609978823
27209,28.666786682283274
27210,29.577946642243027
27211,32.61563283314082
27212,27.800036499700283
27213,28.41645101723249
27214,26.548275760388158
27215,28.310360010009767
27216,47.36145053286229
27217,63.0
27218,34.42467954649221
27219,60.0
27220,50.098856666346336
27221,30.067129175496014
27222,34.64693213378655
27223,83.0
27224,49.0
27225,33.85701411622213
27226,53.36635032433215
27227,34.28463688889729
27228,33.617639944669335
27229,37.361325439814
27230,52.36214029885264
27231,81.0
27232,32.698642022116864
27233,62.0
27234,35.34986704473488
27235,52.90491570907891
27236,25.123154394841187
27237,50.992611848105575
27238,31.26661249579152
27239,37.55812076279422
27240,30.116938989045863
27241,34.172910203488
27242,38.3398645492721
27243,42.893242965102786
27244,29.02875966164725
27245,26.71279971283793
27246,45.81552664852331
27247,31.661728523178525
27248,79.0
27249,30.868568343557428
27250,40.96401082968314
27251,32.43480660628085
27252,65.0
27253,35.54853000087768
27254,33.920178203531705
27255,36.37376453079453
27256,50.284834613349375
27257,52.44074296663426
27258,58.0
27259,37.61750342078203
27260,38.5652070270641
27261,70.0
27262,62.0
27263,36.78700463404372
27264,37.82861669528521
27265,36.68879532168552
27266,36.20493581049912
27267,78.0
27268,37.69825642196565
27269,78.0
27270,37.50121283138495
27271,26.134939146667605
27272,35.88496496531117
27273,35.50968948732391
27274,35.97099824645707
27275,39.47907102895752
27276,35.27199475816645
27277,20.0
27278,27.27713335950098
27279,34.331354001085614
27280,27.0
27281,36.751199948438284
27282,29.387759067609935
27283,19.0
27284,36.291396350567815
27285,32.87175590564679
27286,32.80755145879267
27287,35.571567725833695
27288,36.0
27289,39.114119974972844
27290,35.083416389792895
27291,37.0
27292,35.56903232235708
27293,38.1321791874127
27294,35.714205118530955
27295,38.0
27296,24.63854085610229
27297,32.50325200804673
27298,33.3800690251918
27299,33.67630998919091
27300,39.0
27301,36.62172738443312
27302,31.30774486253256
27303,36.52483772396203
27304,33.0
27305,29.0
27306,38.576679155235205
27307,36.49621585151113
27308,40.87042266772093
27309,35.0
27310,36.01835688504008
27311,47.6297394498667
27312,38.7430173122648
27313,38.86158006927005
27314,33.0
27315,34.442186487294514
27316,36.99838218930766
27317,27.257712570663855
27318,35.521194321263415
27319,36.86077866820557
27320,39.22144144443152
27321,36.10434656183154
27322,35.9760911603191
27323,37.683366059475304
27324,37.610196955716106
27325,32.57776228598153
27326,36.83788051643331
27327,34.69060162509811
27328,38.135829386189165
27329,36.787091737284925
27330,33.195997623800906
27331,36.92024791623324
27332,37.63857111633256
27333,40.0291046836641
27334,33.52306357174751
27335,36.303866277235066
27336,29.781529946593437
27337,35.50640342659112
27338,31.43566082397836
27339,30.6007741384217
27340,28.1059578976919
27341,32.05405431841948
27342,34.17880585797458
27343,33.345234809448876
27344,36.04116371378814
27345,23.804575807809716
27346,34.76630360881168
27347,24.54673297316475
27348,23.655113859435048
27349,35.55227216308305
27350,39.829757989180194
27351,37.18124348701909
27352,23.41188016415755
27353,25.787443042496463
27354,31.078220035232462
27355,28.94898894900156
27356,47.12180847805075
27357,37.24843795014353
27358,36.19781861632117
27359,34.68476101275063
27360,25.85910545034111
27361,36.76660241095646
27362,33.67856376999801
27363,30.87426928672994
27364,37.77983526025335
27365,33.09508081188905
27366,33.61400666660936
27367,29.63098143501238
27368,30.546910991036427
27369,33.492441538918804
27370,36.70514094240893
27371,36.39826161594719
27372,27.940944043692163
27373,27.38388136761491
27374,36.14358814293218
27375,25.82152313699758
27376,32.322847847480496
27377,30.74092601977417
27378,31.579397546287815
27379,26.570222092996715
27380,29.434449820486
27381,36.95809755431045
27382,26.3652426765006
27383,30.482902124684117
27384,37.177197846263994
27385,34.895309524192825
27386,34.45905273549284
27387,27.934023787156995
27388,34.9149351127255
27389,38.652484534112475
27390,37.62674671974699
27391,37.693052898115596
27392,27.679658394982553
27393,33.74638209879641
27394,32.07043395305354
27395,39.01999214300719
27396,34.9060557754719
27397,32.755977399089105
27398,27.922697085105185
27399,25.323355822705988
27400,27.215471008556086
27401,29.462745660108254
27402,27.31596736585984
27403,34.698493221438945
27404,23.56538454444913
27405,26.664322633138777
27406,28.997863522415244
27407,38.530809576193406
27408,33.65079323024633
27409,29.364054879725657
27410,30.609086811760676
27411,31.097320103432352
27412,37.49720102475918
27413,32.20370489465633
27414,36.8595780962354
27415,33.11704015192138
27416,35.90791510044804
27417,35.24679505615313
27418,34.77802018798427
27419,42.97310586557317
27420,33.87019722356017
27421,29.87244859127656
27422,28.589018059815388
27423,36.920619152249486
27424,34.505236918336955
27425,38.189512778124026
27426,34.691202819810194
27427,37.52555747931751
27428,31.607567901046615
27429,32.08471728871233
27430,25.376688185861905
27431,32.47196094996666
27432,33.26346422361984
27433,32.29030666218524
27434,32.11728308166818
27435,33.74462321430704
27436,38.73625496190958
27437,35.47118644021051
27438,31.37383123834679
27439,32.0450556719785
27440,30.065222058471477
27441,33.77749541656211
27442,34.0253108577266
27443,37.91754571536994
27444,31.706239303802
27445,31.703370737218023
27446,31.523701706579942
27447,32.076710983642705
27448,34.287358569974664
27449,28.15226552511359
27450,26.09381637985388
27451,30.974862081651857
27452,33.599961381897316
27453,22.626306990540485
27454,36.96803943990192
27455,28.542007779843445
27456,30.867778268098306
27457,32.05388123821897
27458,31.61356867294178
27459,30.278954517880123
27460,27.898509391256077
27461,26.805224792256208
27462,29.524346533993402
27463,28.662047053005224
27464,32.106010409450406
27465,31.568728980350443
27466,26.397717312825314
27467,27.205796249313316
27468,30.989726735443128
27469,38.27496453929306
27470,24.563863968614655
27471,31.712329417439406
27472,24.996748254937273
27473,24.690329531025867
27474,30.818047011434665
27475,26.951862368378094
27476,27.40198963800679
27477,20.967346040017652
27478,32.69590807234616
27479,51.0
27480,33.65054407415121
27481,43.36838681049526
27482,31.397832830961143
27483,35.14303388774666
27484,31.353383041050314
27485,34.96648752353456
27486,30.482238011231907
27487,32.91414434028807
27488,32.87214754265095
27489,33.67012714536687
27490,33.90059870510672
27491,38.04972459054914
27492,32.62460688933862
27493,35.16273855820362
27494,36.094377162420265
27495,31.098255445939543
27496,33.16231652779098
27497,32.82681322655205
27498,35.75247080614806
27499,32.22351556605405
27500,25.156556830944023
27501,35.589397812325814
27502,38.928071221839495
27503,36.05673307296829
27504,27.033333807231628
27505,31.807418017114657
27506,28.194407192155467
27507,33.59786030881889
27508,27.266118411311773
27509,36.90207381855293
27510,34.136642504632746
27511,35.721263086686385
27512,38.735004839739126
27513,30.469617387336434
27514,34.010056434910084
27515,31.98174202397022
27516,29.749259440062197
27517,27.570527173752637
27518,35.11254020105525
27519,26.79645493405826
27520,34.32632885553666
27521,26.541032592738453
27522,35.09729191138392
27523,34.30963797753343
27524,31.133080299977983
27525,31.161271365648993
27526,28.253251453740923
27527,37.84831858180791
27528,38.14725400901569
27529,45.466718390744155
27530,35.71742138344514
27531,43.86056011032994
27532,34.4903038320017
27533,32.603215906220456
27534,27.77421005218745
27535,38.05530277159439
27536,32.55117290939906
27537,29.304370941421382
27538,31.60781904680144
27539,34.681609121747606
27540,33.84265739605355
27541,34.777569450910754
27542,30.690584826147003
27543,32.621954280567955
27544,31.27232788068524
27545,37.12234533544106
27546,35.563133878677334
27547,38.39369968812063
27548,65.0
27549,40.967194291274915
27550,35.66059533369106
27551,38.269310395531015
27552,48.0
27553,34.02207795722096
27554,35.00135405979726
27555,39.27631283700465
27556,48.0
27557,45.0
27558,71.0
27559,54.269012005701754
27560,65.0
27561,43.0
27562,44.0
27563,52.2419427335668
27564,39.08562526423025
27565,47.77816897343893
27566,51.0
27567,35.117598181244276
27568,39.63340882992702
27569,34.0
27570,42.0
27571,66.0
27572,51.259558443510436
27573,61.0
27574,38.06679189881178
27575,39.29468106085365
27576,39.93643698302136
27577,69.82030150670931
27578,64.0
27579,36.820936836870125
27580,61.0
27581,70.0
27582,47.7828577323881
27583,38.801845429453145
27584,39.05801418718121
27585,75.0
27586,62.0
27587,40.42368549737703
27588,55.0
27589,29.626931497340706
27590,51.180223211509855
27591,38.0
27592,58.0
27593,63.0
27594,34.13512687635243
27595,55.257422275952905
27596,42.93169676630567
27597,66.0
27598,50.83044106397899
27599,32.77128830402944
27600,49.28445939063201
27601,63.0
27602,40.31306285132864
27603,67.0
27604,38.138007691440656
27605,37.38474942805196
27606,72.0
27607,33.133780320588286
27608,36.336720528646325
27609,32.78250740587107
27610,33.72134352710763
27611,42.98397779242204
27612,30.684929722062975
27613,45.0
27614,49.75561775923618
27615,33.69305759104518
27616,34.4254253256995
27617,32.417672958697054
27618,50.73857405942345
27619,35.57710219709539
27620,49.425725268414816
27621,30.731433793585005
27622,47.55526731017719
27623,46.8317813629571
27624,64.0
27625,57.0
27626,41.89568053786296
27627,39.430501059188934
27628,70.0
27629,42.19294302879302
27630,37.70548705264687
27631,40.526871447906885
27632,61.0
27633,40.04764712825527
27634,42.32636475420852
27635,36.88281924855184
27636,50.0
27637,38.446769255086224
27638,43.296622607410285
27639,34.19667929608772
27640,33.168459216716364
27641,63.0
27642,29.797296846258227
27643,40.067678356072015
27644,49.32688501522233
27645,30.371981091122258
27646,31.077621455386947
27647,37.69965997861628
27648,30.30775956376887
27649,45.0514890956453
27650,22.71515302932923
27651,27.00026016553892
27652,23.284910436425893
27653,30.13071024081416
27654,32.18788194651519
27655,40.81449098875226
27656,32.08443242886673
27657,32.23133885410799
27658,33.399222441019134
27659,22.781047128212396
27660,28.093858939260542
27661,27.054708464267648
27662,29.652367224639356
27663,29.967084864750568
27664,25.222176762710998
27665,27.990500547059867
27666,28.537216221019648
27667,23.00126927469706
27668,24.389154893526708
27669,39.752997531431866
27670,30.54662570306043
27671,44.28840514199613
27672,27.102471644275184
27673,23.141279262866373
27674,23.270168526547106
27675,25.777231384545985
27676,24.938081531892827
27677,40.786065665084855
27678,22.35103884528444
27679,23.633172349430957
27680,45.15490954315365
27681,25.774382715616092
27682,39.02177795219752
27683,38.20879492401213
27684,30.908877108864054
27685,30.911464777284422
27686,27.254057962748625
27687,43.84128022168239
27688,29.946892969848598
27689,34.202718668069856
27690,31.553046298410962
27691,29.39054979392087
27692,42.45150613006936
27693,31.881896420181974
27694,-3.0
27695,27.10899529622253
27696,44.15615715374081
27697,26.809833408889475
27698,26.13421694605409
27699,75.0
27700,23.097677856645667
27701,22.98628574314388
27702,35.549528850660465
27703,28.828969598204722
27704,27.023200471311114
27705,27.518776991771844
27706,27.165879656192374
27707,27.511133346929405
27708,-5.0
27709,24.028723984998564
27710,26.067915167445953
27711,36.44946759082827
27712,43.610208811771535
27713,36.207924672591325
27714,43.49919165215203
27715,28.260998276851097
27716,26.848025340768707
27717,23.56512196883572
27718,27.73800067606522
27719,37.93144269099723
27720,26.91666795202472
27721,72.0
27722,22.300075428818126
27723,25.634263548412186
27724,32.004224327485886
27725,39.63900888749846
27726,28.325397436803236
27727,25.23643105507871
27728,22.53474056902473
27729,44.888514573928326
27730,27.131967271580187
27731,28.173308420612187
27732,40.65582725604964
27733,35.59334878100107
27734,28.000135830845423
27735,25.596016334169924
27736,35.034227478428434
27737,29.921882243094387
27738,23.79414186308861
27739,27.50429348741826
27740,26.00795141051271
27741,26.650271510607197
27742,25.139566173985866
27743,28.464141082449913
27744,27.994664871568133
27745,34.26284577078547
27746,29.87245060396262
27747,22.342228240074363
27748,40.25143502961683
27749,28.726665070305884
27750,34.355124825892574
27751,56.0
27752,58.0
27753,37.07592330128165
27754,34.51772570673798
27755,56.90587218275528
27756,52.28357524209667
27757,38.301936339054635
27758,47.852499059274315
27759,41.752418018617625
27760,48.965036231092405
27761,35.51598406981263
27762,37.6151010219238
27763,23.304179975839904
27764,42.14041855969157
27765,40.639603626607745
27766,39.00489014911736
27767,47.0
27768,42.78067641685755
27769,42.63612986147965
27770,40.89187220757269
27771,41.02611775503603
27772,34.31227868794687
27773,47.828879330300836
27774,47.384785230915625
27775,37.470247380869274
27776,30.524307354696205
27777,51.0
27778,36.989998192040154
27779,46.92817191963953
27780,-3.0
27781,47.13927349047878
27782,37.62447772105602
27783,33.048991675132534
27784,34.92251737334511
27785,30.381068160600563
27786,29.259025176547624
27787,25.471625252973745
27788,38.252679648585435
27789,48.362219217602615
27790,34.2959651117777
27791,54.6058479660085
27792,36.9737718251386
27793,43.58056813473753
27794,26.633808714881646
27795,35.543429676720386
27796,31.313985967447223
27797,44.94006365630701
27798,31.11873474439807
27799,38.81572069602119
27800,36.46123396549652
27801,38.80859710457848
27802,26.79544775893492
27803,28.07683869520156
27804,46.610384914312576
27805,37.18107966409184
27806,38.44175912906502
27807,38.492207465710536
27808,32.21023951102384
27809,29.238393352031068
27810,33.1683405729444
27811,34.93238048406151
27812,31.107044594320172
27813,30.77123265745862
27814,30.073858312975155
27815,30.30899036234313
27816,29.55535991825041
27817,29.86306824511854
27818,30.733325430615814
27819,20.597021422043497
27820,30.689528807883903
27821,30.834691474534644
27822,35.331889284341564
27823,32.65907545951133
27824,32.16319793097443
27825,28.29077761053874
27826,30.676975041066775
27827,30.77045564950876
27828,32.08271724753265
27829,31.476264747463922
27830,36.881390826804136
27831,33.307691331577665
27832,32.07647352887427
27833,32.30248669457777
27834,42.58982675038972
27835,35.01702064712961
27836,33.37740215617353
27837,34.924854778804026
27838,35.02738292127591
27839,35.811308207674735
27840,29.901046586850896
27841,27.859606519300897
27842,31.08163718219076
27843,36.94660184246287
27844,32.90539369401229
27845,27.187732181280964
27846,36.399291808287174
27847,31.960736868500305
27848,35.19433867919136
27849,42.01714483484634
27850,36.37402166128961
27851,30.914249699221436
27852,29.021807861334075
27853,40.45360074684866
27854,30.803147432107437
27855,36.874537988614655
27856,34.91804943085018
27857,33.70542518982505
27858,35.434495871918266
27859,36.10870751010688
27860,38.11817485592407
27861,35.95932763133823
27862,26.263947630582766
27863,38.966692752614875
27864,24.247917085681088
27865,32.636295694262806
27866,30.98079482716384
27867,83.0
27868,37.961127844210594
27869,38.885198536212776
27870,32.561043237495575
27871,32.057219034526106
27872,28.736936445492262
27873,40.16852282961466
27874,31.249624813707968
27875,38.29598039857763
27876,22.689583576448626
27877,33.12497555194454
27878,22.346261503554764
27879,39.00612366763304
27880,38.62289632363371
27881,35.04100792119979
27882,37.10730027391267
27883,24.33639064604629
27884,21.371738029647936
27885,20.042134620514485
27886,17.57869778223327
27887,25.807886555469974
27888,29.782327819533805
27889,23.846485797732697
27890,29.324639953877707
27891,30.68835249763989
27892,25.23081642878111
27893,37.008042050262816
27894,29.888962195185066
27895,32.25449179761584
27896,23.27876711107049
27897,24.171895918114267
27898,23.614174046181226
27899,24.388601297248012
27900,36.4462339898577
27901,22.948588849830795
27902,23.745650003361682
27903,27.60956048222819
27904,23.006432985103825
27905,19.198359013766016
27906,25.22516977052267
27907,24.170347684081143
27908,21.470386725955745
27909,26.39280333580806
27910,29.44247875095577
27911,32.3479742509826
27912,21.81583710701465
27913,24.5972471197396
27914,27.238609104159778
27915,23.113471903097064
27916,22.238600403491514
27917,32.3000825913106
27918,20.89839467298939
27919,24.851361304039983
27920,28.05358371040687
27921,35.11265190477848
27922,21.087795884999274
27923,22.401556310982986
27924,29.539638165379685
27925,20.97041811856336
27926,23.81674693302738
27927,25.237809960701377
27928,25.06285383038911
27929,21.086204009251833
27930,20.91804047978316
27931,30.968492483598567
27932,28.63686878835287
27933,23.81130229186954
27934,33.509460732463715
27935,28.376666222283326
27936,23.733927970639368
27937,27.875969177503023
27938,29.23310703055482
27939,25.698539628349614
27940,58.0
27941,24.826830481984214
27942,19.183792096333733
27943,23.034891823327047
27944,24.056118165805636
27945,25.680152654555936
27946,30.055247855381765
27947,22.166495815317337
27948,23.826540796234163
27949,27.48511987715665
27950,33.33026992442776
27951,34.08781344702783
27952,40.16354274593986
27953,24.074236798278154
27954,28.008987574510677
27955,26.93655288682631
27956,19.671126214546646
27957,20.46162930922033
27958,20.696573255415156
27959,36.68263732503352
27960,33.65570964825939
27961,24.089565718975013
27962,31.515942934036012
27963,28.072745338310995
27964,29.383593151085407
27965,18.845318094516514
27966,37.150510766922864
27967,67.0
27968,29.71358515970922
27969,27.856984949328208
27970,26.833821593485865
27971,0.0
27972,22.479237811644445
27973,23.977288590751208
27974,28.00941193156583
27975,25.41245476314905
27976,23.09006781956432
27977,-5.0
27978,24.691055644425518
27979,30.514459812791806
27980,20.553313350334264
27981,34.259611092407006
27982,22.18869147609119
27983,31.70569255084228
27984,24.715450104285758
27985,36.12417834473085
27986,-3.0
27987,25.229689090684573
27988,21.30693388125959
27989,24.031406012269716
27990,27.242291728544686
27991,28.47812850177747
27992,23.92208074614855
27993,22.98176068154662
27994,21.155786640456096
27995,23.41086973587558
27996,27.840361744282248
27997,23.60530130775853
27998,26.204204870843046
27999,22.25179454098747
28000,29.196658580094834
28001,34.603857236463206
28002,26.74683312823411
28003,23.8385148352436
28004,25.93687897411448
28005,23.00678033920047
28006,17.021116865664172
28007,24.35125530229427
28008,23.003526733869116
28009,25.641259309041153
28010,22.626853596052623
28011,24.92416976842597
28012,23.19213265089371
28013,22.120197313921846
28014,27.035539746171537
28015,35.59952183931322
28016,24.41309159599531
28017,26.145538107210896
28018,25.689047647540907
28019,27.66414143698519
28020,29.424151583424134
28021,25.939488713169492
28022,31.635495475123577
28023,22.80288959576508
28024,22.190090956954155
28025,24.566541362909362
28026,23.176166950961218
28027,23.09570210645057
28028,28.44750561881832
28029,24.277920364334445
28030,25.688290772074083
28031,30.111112894928958
28032,22.415562594322996
28033,23.747340916454547
28034,25.933946566567737
28035,27.02426896001593
28036,27.524068970113063
28037,28.339734644216023
28038,30.962973874601445
28039,36.62649133360671
28040,21.894688313156976
28041,24.53764136666716
28042,30.432921989488882
28043,33.24006696633762
28044,35.946507545950425
28045,28.364177332057885
28046,27.1430521148295
28047,19.6507261319223
28048,21.42542425657856
28049,28.05302745623615
28050,31.769519306879303
28051,33.256742486323674
28052,26.500509771132936
28053,27.899202806725214
28054,39.37520492209997
28055,26.213698024988453
28056,23.137592602052933
28057,22.10873541864106
28058,34.85510284168999
28059,62.132600264782525
28060,36.85883647691775
28061,35.370244520954586
28062,43.68084517962521
28063,31.259353173273134
28064,35.79214319962737
28065,35.72942555714088
28066,34.59582335478941
28067,42.0
28068,35.168816221728314
28069,32.9027391936321
28070,37.074812197344606
28071,32.86056541336285
28072,31.403807802527545
28073,56.28779647445008
28074,34.63586489904142
28075,30.057131471596783
28076,40.16533784320494
28077,33.42710519129883
28078,33.20943846573227
28079,33.8727869033466
28080,42.96176191314553
28081,48.39087626087839
28082,33.66520294995019
28083,38.065160283280804
28084,40.34377851138823
28085,36.430130618539444
28086,39.51531137148763
28087,39.46600415943799
28088,36.87112899750028
28089,38.147826114118445
28090,67.0
28091,52.490031811330496
28092,30.704001175962325
28093,34.90690418671458
28094,34.21935072397692
28095,41.69503985677775
28096,36.96434415132176
28097,37.104535989171126
28098,51.320861333665874
28099,45.49492283414347
28100,36.288421566618204
28101,34.64392631839618
28102,33.351428280835464
28103,32.0
28104,31.857421599830573
28105,32.01770159199036
28106,31.22064868977914
28107,28.677218307014627
28108,26.35316251464709
28109,30.985355410658514
28110,26.9433092350883
28111,36.47317674347009
28112,28.0057870360328
28113,22.786496125771006
28114,32.735251645574344
28115,30.432123828432523
28116,27.748060994319133
28117,28.39908091832524
28118,28.60084128830661
28119,21.32938999127244
28120,30.762396618237176
28121,24.692272711362712
28122,28.64557212082714
28123,25.185561506395505
28124,31.247116209532777
28125,26.96362067054647
28126,27.730306928731196
28127,30.213128965126003
28128,25.095791806653466
28129,24.26916550620829
28130,23.821302628062863
28131,26.992621700691537
28132,25.710043477163836
28133,29.898309139403622
28134,27.705003620782605
28135,24.475998211102414
28136,29.022058188531048
28137,26.268187766136826
28138,28.30204368583059
28139,22.96286476361166
28140,27.064725866225153
28141,35.09333188381596
28142,28.968514824834926
28143,26.223751230957753
28144,28.67488961156323
28145,24.305040997497095
28146,25.885417020734252
28147,26.245095914810676
28148,27.87713787967492
28149,31.505107306286483
28150,26.630210532009635
28151,29.83538223794359
28152,34.50120184466379
28153,25.419599005028715
28154,33.24657083771646
28155,25.96987409405135
28156,31.634446125337206
28157,28.23793947574866
28158,25.23684155180725
28159,25.104769237901333
28160,24.98284610172735
28161,21.144434648811956
28162,27.197874708847017
28163,26.80448710807554
28164,29.2436697968692
28165,32.601188539243836
28166,31.308524009357292
28167,23.25728483239148
28168,22.252195937169187
28169,31.244044202607093
28170,35.2198176801758
28171,35.31938089166041
28172,32.155811703880424
28173,34.09309767904866
28174,32.85995086645408
28175,33.652135896580404
28176,34.2207719867304
28177,29.42189528249279
28178,33.951092287092145
28179,34.33392814575724
28180,30.379528413555576
28181,34.752787756065096
28182,34.72827879985936
28183,29.870739043116785
28184,34.19150248178758
28185,33.46284133726628
28186,32.7904693255221
28187,30.631955391025286
28188,29.69880443780456
28189,33.32475606037615
28190,36.91966883145509
28191,36.187311428055516
28192,30.879960417851095
28193,31.866366337992794
28194,31.900140637865093
28195,34.09172982620546
28196,32.14800167662775
28197,35.16101384523184
28198,34.048152650127214
28199,35.147117041787986
28200,33.30750512731809
28201,32.64355707789948
28202,33.806477810428675
28203,33.73476297820878
28204,26.330275545588503
28205,30.890734161037386
28206,29.758132077892235
28207,26.55285427616657
28208,42.672088619321784
28209,59.0
28210,30.44694351350158
28211,30.22988545086983
28212,36.339278580476034
28213,29.06919862508262
28214,26.744102461097718
28215,24.013408814944025
28216,25.953923404503445
28217,32.618471728016004
28218,25.677009707704556
28219,27.379569244416672
28220,22.784381606321514
28221,25.438772481903406
28222,67.0
28223,25.546826021292876
28224,29.68347278683104
28225,25.1649804456176
28226,26.16230277896558
28227,29.078633772106343
28228,38.18128450858282
28229,29.996225940602365
28230,31.621086476092856
28231,20.02498045498849
28232,22.564279747677993
28233,33.2400739208109
28234,27.281943434355135
28235,79.0
28236,24.458164088867647
28237,27.22654893925594
28238,36.11822349563564
28239,26.30452531377145
28240,30.696067813374356
28241,25.68978543863004
28242,22.917791101649033
28243,26.07154801762678
28244,26.57571526038946
28245,28.79059043640423
28246,33.631640312834776
28247,28.806634541721763
28248,28.242632971707017
28249,26.212661275762578
28250,25.61268439603751
28251,22.781620160188798
28252,32.55827703859921
28253,29.49052351991029
28254,25.028008505243967
28255,31.780634063980827
28256,29.854250148372337
28257,30.515863361796683
28258,24.52857517785059
28259,30.305810097659155
28260,32.03849048041739
28261,28.357226967717942
28262,27.360477464845417
28263,28.74779550000217
28264,29.705123016342085
28265,31.82250941427754
28266,28.56358675969124
28267,31.283380601679795
28268,36.61612319617996
28269,30.756015786206312
28270,23.647967757385317
28271,26.377116663531176
28272,31.92931575269975
28273,27.315964873946122
28274,32.92583428026168
28275,27.636851136707477
28276,34.972790726111675
28277,30.29977785412934
28278,33.0175049577829
28279,27.401550124430237
28280,30.736939976123836
28281,29.510794793936547
28282,34.643945441376324
28283,33.57711603443228
28284,31.801796086552628
28285,31.965176881746736
28286,31.49416917223447
28287,27.92482317653439
28288,29.271502427722922
28289,30.680394539796197
28290,43.24193175778946
28291,30.856318933159045
28292,32.0598570208429
28293,31.872722580300525
28294,27.870601478182834
28295,29.601162502810865
28296,34.958239240403145
28297,29.744592779834854
28298,28.24505458331228
28299,35.18974752251158
28300,33.884939217307426
28301,37.463463529697336
28302,67.0
28303,29.521625524623772
28304,28.328000755243565
28305,26.632585967137135
28306,30.194413408394922
28307,40.37158676055005
28308,32.734503477597904
28309,32.7579413263627
28310,37.36155715409771
28311,34.05603031762385
28312,34.94194977128999
28313,33.60355431920284
28314,36.32434370241803
28315,35.91299451620767
28316,25.006059704729573
28317,34.80736505603161
28318,36.57203309657717
28319,33.77775881683038
28320,32.0
28321,37.81394834098833
28322,33.11292803169334
28323,41.7380434880417
28324,37.33542787438073
28325,34.00449683871814
28326,32.64336752014945
28327,38.150886871726456
28328,37.47067064956563
28329,32.610711710637744
28330,34.27513045409176
28331,32.90645196830003
28332,34.69817266142022
28333,33.03973073339958
28334,35.540306684827215
28335,33.5564108112295
28336,34.789089728016116
28337,37.94027110414298
28338,34.95765775854379
28339,32.87693551810318
28340,36.94329516164893
28341,35.119282219093314
28342,39.20265204617342
28343,35.73928959066715
28344,33.236046934458294
28345,41.49323677145754
28346,34.909015859915215
28347,34.83056020937681
28348,33.42591520128416
28349,31.88731865237183
28350,34.01141834281785
28351,35.086366437684674
28352,31.806423595425166
28353,31.838507895154123
28354,33.465815958276316
28355,31.827826030972815
28356,41.671251390239064
28357,32.541884454539584
28358,35.15134717506841
28359,33.950830923339055
28360,31.77712089602575
28361,36.26453520571024
28362,38.63975547763937
28363,35.70564819006859
28364,38.55002629583938
28365,34.00940133655385
28366,36.3577224333751
28367,38.40098664507876
28368,37.39400917951239
28369,33.56831271926557
28370,32.62514491053199
28371,38.47458647170654
28372,34.84452194056169
28373,34.14639251634297
28374,39.72026737741716
28375,32.634070894319294
28376,40.62582340155574
28377,41.0162962738571
28378,33.87515859047757
28379,33.12258269503853
28380,35.01792827537765
28381,33.822427110799794
28382,32.97308987472557
28383,30.58133213523817
28384,33.0
28385,37.6353969218984
28386,29.680558688164638
28387,29.9964143859672
28388,28.16900396973888
28389,32.377416222292275
28390,28.583582795155408
28391,31.84015184378466
28392,37.934895296280594
28393,28.860936503806933
28394,28.89077127072423
28395,31.46722246860108
28396,23.978903296510452
28397,23.17563736063038
28398,29.23291697625124
28399,31.906743019022116
28400,30.952592184697814
28401,35.392849813184036
28402,33.55087541767008
28403,31.298573939920324
28404,24.52560901197133
28405,30.20944870231712
28406,32.41550323130367
28407,40.0706677630558
28408,29.98238190670868
28409,38.149227844104715
28410,30.72644771269202
28411,34.60625709683746
28412,27.600837900678314
28413,25.293428795373764
28414,25.469688867107614
28415,35.50271453351077
28416,30.01147294935295
28417,38.37045065988439
28418,23.620441027541464
28419,33.66370874497463
28420,38.348470097289415
28421,24.365217691923668
28422,33.974957352500255
28423,24.95972860437208
28424,27.59727486866801
28425,26.925639947605152
28426,31.1938511007966
28427,24.54168099227228
28428,29.13680698193135
28429,35.41503084612818
28430,28.43530631849157
28431,28.440884904728016
28432,26.817946312879826
28433,33.72557636556504
28434,33.61997335290069
28435,37.660374329939025
28436,35.705679537891086
28437,34.47972647601698
28438,34.86044491863422
28439,33.565332865291154
28440,38.079610372760946
28441,35.33635211870761
28442,31.41703830124542
28443,34.383571469426364
28444,14.0
28445,38.385450064213714
28446,33.45007048461333
28447,33.00846166649658
28448,32.963517722842525
28449,34.749122661932844
28450,33.80715505490477
28451,35.68348655856819
28452,34.014686386640015
28453,36.455519456860586
28454,31.938371966806592
28455,34.99841876716267
28456,34.63339335926105
28457,33.21284700731374
28458,32.21116027955644
28459,33.44038103400618
28460,31.74015905344524
28461,32.72238586904218
28462,34.690569867209035
28463,32.335223574746905
28464,33.31300665959356
28465,33.25190535633355
28466,32.363930250660005
28467,33.28436679849175
28468,34.895613144672375
28469,25.66489179072921
28470,31.131271029540827
28471,30.319144595252013
28472,28.696914948798465
28473,28.649119937097666
28474,22.23766782560423
28475,27.56185196449973
28476,22.32837052536789
28477,21.730611193429855
28478,35.81485162936854
28479,26.277770987868866
28480,32.0833903036279
28481,26.348663600014184
28482,25.22181086153923
28483,22.41680291591379
28484,25.376636023074163
28485,23.147553060119144
28486,23.155680334482323
28487,34.343501837975545
28488,23.076267712816385
28489,30.408879463389184
28490,23.261856853136315
28491,26.229518155056482
28492,24.777381160816464
28493,24.494478405184946
28494,27.161405152424962
28495,36.13868714851131
28496,40.485204503523235
28497,44.06331767091423
28498,-3.0
28499,39.5022830273399
28500,39.56187929972447
28501,41.776625913522246
28502,33.29764968908903
28503,21.183597091326902
28504,30.018406510341848
28505,26.61656722937436
28506,28.173041866916314
28507,23.298232903166067
28508,28.203654784057292
28509,21.022407751437722
28510,60.0
28511,29.369041708565987
28512,25.16028630738247
28513,28.885543239711254
28514,32.41355557142415
28515,22.073991826482942
28516,29.915787092204205
28517,24.72355512535373
28518,21.49853407251724
28519,20.71436811176569
28520,23.496969467071096
28521,27.183882298658204
28522,36.851697081810634
28523,32.72653400043323
28524,40.62370022229381
28525,27.110694919552905
28526,34.2649651418931
28527,25.811748142642372
28528,37.84720403382322
28529,25.848007681829518
28530,24.53469944315199
28531,24.844496967410336
28532,34.527185531227516
28533,23.619805280060604
28534,33.304798489246586
28535,26.93385125667467
28536,27.617843294688782
28537,22.969602742765773
28538,26.512161286231187
28539,29.222673576549056
28540,30.243006784654042
28541,28.519916792863583
28542,26.068538362459627
28543,26.264680666019814
28544,29.425469175199964
28545,32.66290304660791
28546,29.37070742033538
28547,27.105866415115656
28548,21.47378355920332
28549,22.455331807046093
28550,-3.0
28551,22.591898033090057
28552,30.276529992676736
28553,26.526939941105226
28554,25.589890441227507
28555,25.06720521220297
28556,30.762755178436137
28557,26.64140131222255
28558,27.89017152499374
28559,27.206640967973975
28560,30.488391787846545
28561,28.745110770060094
28562,35.00847317376288
28563,26.397541498014615
28564,25.107256507065216
28565,26.873328851247223
28566,26.137146727706334
28567,22.11649090762509
28568,27.19292860899492
28569,37.708308518740154
28570,37.266628389062134
28571,34.390596378864004
28572,63.0
28573,33.747477293767865
28574,32.989480980827764
28575,41.730406431450724
28576,40.94726224012152
28577,50.94759573722179
28578,71.0
28579,33.04162792323882
28580,37.76644607652374
28581,43.30548092220503
28582,41.046458448903934
28583,33.695381733425194
28584,50.79752484137377
28585,38.3571774912233
28586,35.72368202258911
28587,31.94884919701309
28588,31.539600584616608
28589,51.33389615567365
28590,45.74000201282573
28591,40.05337134809144
28592,38.23109034703111
28593,27.036737953598042
28594,32.80806647814071
28595,53.25345560632918
28596,46.10157771090091
28597,32.03260265907763
28598,30.93958168162103
28599,34.930885281145834
28600,31.58075674986422
28601,36.1257446072811
28602,50.381814791666024
28603,34.57279926442933
28604,35.17580306620257
28605,33.218685190674705
28606,30.346345445470753
28607,46.856574026687284
28608,35.42219145103583
28609,37.0038476167914
28610,40.33784381813545
28611,46.09886803973346
28612,40.078065735363595
28613,42.374271724474966
28614,32.38443803421583
28615,34.05310624432401
28616,35.22501188603452
28617,36.582013187051096
28618,36.54459473612762
28619,42.76823609604014
28620,86.0
28621,40.00772371092466
28622,36.21594524312887
28623,32.14738432642196
28624,65.0
28625,35.0
28626,66.44235203560257
28627,29.0
28628,73.0
28629,38.125690919329635
28630,39.959284706654415
28631,30.09283169906201
28632,32.032449610159745
28633,25.0
28634,24.0
28635,44.566684000096764
28636,37.647456842386546
28637,34.57620535504301
28638,30.398307050169137
28639,32.0
28640,34.21267809862526
28641,23.0
28642,32.779441560553074
28643,26.34124927088332
28644,40.12013412124163
28645,35.059116437554856
28646,32.61533485675122
28647,26.182703109622203
28648,30.36326635075941
28649,72.0
28650,60.0
28651,61.0
28652,79.0
28653,35.835618009327916
28654,32.296345461873045
28655,37.94443516150611
28656,29.507174878529362
28657,32.17361297142684
28658,47.0
28659,61.0
28660,65.0
28661,30.59069693472999
28662,65.0
28663,34.36161316507874
28664,19.504976115399213
28665,34.16058066892905
28666,27.49003256487461
28667,28.69421294751327
28668,32.7572999315822
28669,50.02989200743812
28670,36.267692312062614
28671,23.529871457924642
28672,46.834005617313906
28673,27.306193288464996
28674,44.22711477071796
28675,29.517634713609695
28676,40.30275314977214
28677,33.731832053774276
28678,42.40965925676336
28679,36.59395034793963
28680,35.95516792681103
28681,31.26450244008206
28682,29.45445512663359
28683,31.25539615946323
28684,55.30094973485391
28685,29.73597083903448
28686,30.458492070190793
28687,33.054965579429066
28688,36.53403873933638
28689,35.63976937689571
28690,32.90539369401229
28691,32.97943576947812
28692,33.969080950932494
28693,32.525281069754584
28694,32.204312640528876
28695,28.74027885123192
28696,38.53805947689408
28697,34.31091691913599
28698,34.51506470369292
28699,36.94472902522643
28700,31.189412077648996
28701,34.15212038993203
28702,39.55588739248215
28703,29.855189075366212
28704,29.902460381031013
28705,34.10916444316434
28706,36.10222215808821
28707,34.24284336489396
28708,35.44113416786753
28709,28.72192292843873
28710,37.622110653279655
28711,32.49268914046711
28712,46.953962489148495
28713,37.24688528538196
28714,55.0
28715,35.449345611458014
28716,35.76205932957878
28717,32.836844395364174
28718,24.151935805823115
28719,18.165173474824954
28720,28.377177045893077
28721,33.74939025538436
28722,22.684944647919984
28723,51.0
28724,33.07684211058215
28725,39.589853001211644
28726,26.662650071987223
28727,25.860068970144294
28728,22.880300653238702
28729,35.802624583594515
28730,23.72273785156718
28731,25.879710946317775
28732,27.95950681035316
28733,30.048040183320026
28734,22.917108123955
28735,28.627315728384637
28736,27.904498790927917
28737,27.49705774947752
28738,27.285335812865213
28739,21.549369149075346
28740,19.25623896017655
28741,24.291723905809285
28742,21.03622213481694
28743,23.775937618363237
28744,26.990671086680077
28745,22.5723518539805
28746,27.360122117638113
28747,28.541159393607174
28748,36.267638880336875
28749,24.4466665203431
28750,25.766802601628896
28751,27.08770373053163
28752,31.18374114759129
28753,24.34066633562249
28754,27.698783550303226
28755,27.80039649513003
28756,31.031737738620357
28757,32.728679389998106
28758,24.590623050985656
28759,29.886929672623012
28760,26.197766148204245
28761,28.840183283450372
28762,24.550986380263886
28763,24.09440676394977
28764,24.83423314407267
28765,22.185670345528266
28766,23.789645877744654
28767,29.56240551247224
28768,22.530966205203168
28769,22.708878439483783
28770,27.921018244521072
28771,27.373789124267027
28772,23.03981870010081
28773,25.746231400590506
28774,25.685214057397115
28775,27.24878696080394
28776,30.54541240477826
28777,32.56859789961059
28778,31.95031144271241
28779,30.75031960115792
28780,20.905807548096067
28781,27.12681624592976
28782,26.422877286936746
28783,22.962141512385145
28784,26.75286259863349
28785,23.192659980605757
28786,26.972485828257895
28787,27.259948516583762
28788,34.39792074133614
28789,28.14353343952513
28790,27.667800623675788
28791,23.258784319093728
28792,20.47646499169319
28793,25.607923898133926
28794,39.57930987695207
28795,23.70920049041945
28796,27.791092417216284
28797,26.925725155282294
28798,22.952453196560988
28799,23.245497875527597
28800,39.281013650780935
28801,26.00102548199687
28802,42.48157271466847
28803,57.13432783576293
28804,80.0
28805,89.0
28806,42.94013117880307
28807,55.15284310044558
28808,51.23030878758082
28809,65.0
28810,37.846261483377724
28811,27.851677131171
28812,58.0
28813,80.0
28814,37.451753350608584
28815,78.0
28816,53.630072019835296
28817,55.0
28818,47.15592708569202
28819,52.021933713877154
28820,33.8527228543081
28821,41.38822496377448
28822,41.32370157602804
28823,46.15277756811477
28824,53.0
28825,51.65427428560628
28826,37.81215061778659
28827,52.0
28828,71.0
28829,32.411645752157916
28830,35.28256844130873
28831,32.54104123860887
28832,30.095641112202678
28833,49.594673706367544
28834,53.79481431123172
28835,37.93869550287032
28836,27.59585065929013
28837,36.13307014643868
28838,61.0
28839,61.99069800923138
28840,83.0
28841,35.1126538480767
28842,53.57428343172247
28843,65.0
28844,40.0
28845,37.640959774613954
28846,82.0
28847,45.69511590725692
28848,50.95612439553397
28849,61.0
28850,36.0477407673552
28851,37.96018407353388
28852,54.37932791030877
28853,52.170325009417994
28854,58.0
28855,37.49267382545689
28856,29.403447802809545
28857,33.98824060717101
28858,61.0
28859,34.42735970848486
28860,47.0
28861,37.92186838663799
28862,38.625542022097946
28863,43.708069852344074
28864,33.94416648951482
28865,29.03762871894817
28866,34.88995599506309
28867,30.603648526675528
28868,32.23610646022736
28869,32.821484274908265
28870,38.85222293869595
28871,32.08035882002688
28872,35.49640457230333
28873,33.34719460291267
28874,33.84128036998093
28875,34.494161263690664
28876,33.164833939296315
28877,38.05632924861219
28878,32.742259086933885
28879,33.991442991620346
28880,30.55982716693648
28881,39.94279100049632
28882,32.615963860799965
28883,31.167638000359617
28884,38.2322780153695
28885,30.236058681336615
28886,31.105466224877
28887,35.03533543311317
28888,32.76729442680833
28889,62.0
28890,39.49260603777407
28891,33.83245806746872
28892,33.71985806726915
28893,33.99118901418219
28894,31.857583422203135
28895,33.97821436491499
28896,39.54427377415142
28897,34.84258428116049
28898,39.40911963986701
28899,34.11926880452267
28900,33.40823210561925
28901,37.61612371556678
28902,31.682253040666232
28903,34.63653800087256
28904,35.874530329465
28905,39.08120959184995
28906,40.78908743768173
28907,74.0
28908,36.61866023108425
28909,39.505927957458624
28910,36.99325159393041
28911,36.935183677197514
28912,42.21955791838055
28913,33.776786867395835
28914,34.51743526265999
28915,29.95931353116471
28916,36.67862969564477
28917,39.109243316376684
28918,37.775172443078944
28919,34.9140888531195
28920,34.17624430618947
28921,38.76117010122221
28922,53.47454451387565
28923,35.787820437835
28924,37.501319580616105
28925,37.434145111106346
28926,38.15401085820599
28927,36.7953949299915
28928,33.3257713422835
28929,33.06040900715354
28930,33.925073031056115
28931,33.818817508782956
28932,36.666938061879144
28933,35.95197569963756
28934,32.51714379203624
28935,34.436807433027475
28936,33.58395643123028
28937,40.752942269709045
28938,33.40705335907179
28939,35.65580857026355
28940,31.11250744109183
28941,36.26883644015239
28942,32.54329686412091
28943,33.14195908803208
28944,31.864411413165904
28945,40.70539030684194
28946,40.33834167058096
28947,33.73852969508936
28948,33.332223043390364
28949,33.8382259566176
28950,35.029463700698045
28951,29.6891134342317
28952,35.67627908534145
28953,34.92072946400989
28954,35.55051213643448
28955,32.006977705714505
28956,31.729835572974707
28957,34.32999177354502
28958,35.39383746332395
28959,34.406442061993275
28960,39.79648694734192
28961,51.391977880438915
28962,33.363173010821754
28963,26.382874127556136
28964,78.0
28965,35.77676060956199
28966,44.06301722801699
28967,31.83156342459251
28968,54.0
28969,63.0
28970,-3.0
28971,46.0
28972,37.0
28973,32.20432861517278
28974,26.819727696054308
28975,57.0
28976,41.51382555753116
28977,64.0
28978,60.0
28979,42.0
28980,60.0
28981,70.0
28982,27.787301992818186
28983,25.629370092389117
28984,29.705926630149023
28985,29.334574055592768
28986,33.41843967456355
28987,32.418231673634274
28988,35.12899962063429
28989,33.65946292014199
28990,36.65649548723218
28991,34.694070931443534
28992,35.41711595218431
28993,31.363468817722847
28994,33.25355481616775
28995,31.14399784755308
28996,31.65161610114611
28997,36.58156758900835
28998,30.168880248329884
28999,32.102152239082926
29000,33.57271372814497
29001,30.022549837783572
29002,30.96030298403116
29003,37.98518803553318
29004,31.885298187503572
29005,33.39772420792896
29006,32.15544968346671
29007,31.848092494039157
29008,32.345619185619896
29009,29.04381686541602
29010,33.13721218714523
29011,32.77376173313633
29012,31.687731537005433
29013,28.820455178133294
29014,29.711066794237084
29015,33.028178699972464
29016,29.070083691173096
29017,32.836374948261465
29018,30.93384072765587
29019,31.188918033022446
29020,34.786502716646226
29021,31.839876007538166
29022,43.891679872529224
29023,29.594708130244754
29024,32.08782307085656
29025,31.23647277991369
29026,52.83237510796516
29027,34.555522976471885
29028,28.884430747956948
29029,36.170890667901055
29030,32.34545689064562
29031,43.155380028381714
29032,27.508949780413417
29033,24.798153465439828
29034,32.357727602667225
29035,30.512152020534458
29036,35.77841662800221
29037,31.67537920608794
29038,24.2298689148949
29039,28.159019773011437
29040,40.28153754138454
29041,25.510501610393057
29042,28.778758318861343
29043,28.127966236767307
29044,26.871898866067113
29045,25.030486980387117
29046,24.27966669068076
29047,38.7677317322242
29048,24.01835707273488
29049,27.039454013244864
29050,21.217452161953595
29051,28.56988145040245
29052,35.236156378912455
29053,28.414395580197024
29054,19.26436727058828
29055,25.362022760157448
29056,36.258194603723275
29057,31.578487138683585
29058,24.260293120591484
29059,23.271977114418952
29060,23.47187137644714
29061,35.70720873453977
29062,34.033210815156906
29063,20.63894499462812
29064,32.16565241539124
29065,23.09147139693346
29066,31.253819499545024
29067,23.426498086749575
29068,26.598870875532185
29069,22.858814548665542
29070,23.261486613266175
29071,19.322182460570275
29072,20.464081652943307
29073,24.151549152587826
29074,34.886540146376404
29075,-2.0
29076,-1.0
29077,21.342503791130625
29078,27.338924343632087
29079,19.634609276577095
29080,20.358716391200094
29081,28.496075870433522
29082,19.323923531341265
29083,21.092246363872615
29084,22.56943333808976
29085,24.242186330555697
29086,21.383803892484327
29087,20.8091285310446
29088,21.395712771043144
29089,24.669663180359095
29090,24.040358722559596
29091,21.897304546784518
29092,24.998559369728714
29093,38.688329706535924
29094,23.72587147904452
29095,30.564741855333644
29096,30.251553768455608
29097,33.904575025585196
29098,23.627866787833938
29099,20.07449593579091
29100,20.81530067189007
29101,24.110153321623127
29102,32.64434977215116
29103,19.54639906572732
29104,19.238927146593877
29105,20.53962947309035
29106,28.848880673420062
29107,30.149076072138385
29108,19.00240069718969
29109,28.64908930363554
29110,24.933496664227135
29111,28.00376829313221
29112,29.121698957953768
29113,30.292020473245458
29114,33.3543962928734
29115,24.290958423196013
29116,24.821370006482994
29117,23.969152608015655
29118,34.893806993558435
29119,18.529354259783506
29120,25.270130525450636
29121,21.23605675572968
29122,17.405661355572356
29123,17.47983895388103
29124,39.281169683692404
29125,19.73209990063136
29126,35.510111432665774
29127,30.406459145033523
29128,35.294080101099645
29129,27.899535990159094
29130,35.24594715428744
29131,33.9012074255632
29132,41.60785637307697
29133,37.03833805457429
29134,46.67134316380424
29135,33.16143455942792
29136,35.743724878586164
29137,33.31907057470031
29138,53.054468423276326
29139,34.46083093764659
29140,34.55281556447386
29141,39.81583790525725
29142,35.29107474060341
29143,67.0
29144,81.0
29145,46.43505451340085
29146,31.79618948829318
29147,35.497217127097045
29148,37.47503067874197
29149,39.999490846642644
29150,35.139511520438056
29151,58.85495386217248
29152,35.40201825682189
29153,36.038280686565805
29154,45.259596134747454
29155,35.185693856841674
29156,35.165973900250584
29157,35.21854880201179
29158,32.95465133280847
29159,39.17397546251132
29160,37.63317806391247
29161,34.45889492900282
29162,33.424305112074244
29163,31.322351646285334
29164,62.0
29165,52.62326304346533
29166,37.96447653398644
29167,35.70693506129553
29168,39.83542279192683
29169,35.03173171571586
29170,34.06782011746241
29171,36.72351899883909
29172,36.26419637265552
29173,32.85775685946908
29174,31.901099871668663
29175,32.66972539657574
29176,34.318973145877806
29177,30.631654731808027
29178,33.23613200702408
29179,55.8994943692574
29180,37.741307668836654
29181,32.29185063859744
29182,63.0
29183,35.51001479132462
29184,30.62217765182188
29185,38.70687606686138
29186,32.6306252764292
29187,32.46016074719423
29188,31.8722335716973
29189,29.02039397988991
29190,32.48349644547227
29191,37.19443503318685
29192,34.16102637251123
29193,35.336177649115584
29194,33.263552786195255
29195,34.320623524720375
29196,25.110696638861334
29197,21.581788948354916
29198,72.0
29199,25.26819588115385
29200,22.171983400422462
29201,17.0
29202,22.804096327826425
29203,31.0
29204,31.0
29205,29.0
29206,28.0
29207,23.0
29208,30.058046660817766
29209,30.88041968268076
29210,11.0
29211,35.39735299680051
29212,36.0
29213,30.0
29214,28.0
29215,32.504788044348274
29216,34.8113587321998
29217,22.0
29218,32.0
29219,29.0
29220,30.0
29221,35.40222545724526
29222,38.855571253694734
29223,39.38640927554806
29224,38.18329098932271
29225,35.1322304751493
29226,40.0
29227,29.20440555791548
29228,32.30951238957403
29229,31.91261474066996
29230,42.85167540563065
29231,37.0
29232,32.72096432909759
29233,33.861304029323456
29234,34.711221080340486
29235,38.93480846628198
29236,36.20436776854896
29237,34.29633579558512
29238,17.0
29239,47.0
29240,39.0
29241,29.78520709988137
29242,30.62601188189022
29243,31.543017106050698
29244,34.82514379308103
29245,32.424672761347125
29246,35.712955195682234
29247,33.94284779273462
29248,34.63992013259776
29249,37.79872638517916
29250,28.0
29251,24.0
29252,10.0
29253,26.515939615613146
29254,26.83792903293572
29255,33.290163682119214
29256,29.795918050117514
29257,33.68695194429533
29258,35.41070313800647
29259,28.14247619351803
29260,31.469702033391933
29261,38.463694460321854
29262,32.877104406098155
29263,30.906131087383187
29264,34.14747456651137
29265,38.46133911950071
29266,35.24397727517205
29267,30.08054170453684
29268,36.13241662357482
29269,33.35478054386012
29270,37.66812506705982
29271,33.12463266755833
29272,36.786607765706414
29273,33.88299847022738
29274,52.68038608705784
29275,38.997567499998965
29276,34.33939231987112
29277,34.680693703624556
29278,45.703959999521196
29279,43.60015747674281
29280,33.85396946310567
29281,33.992961793314315
29282,30.544655995656214
29283,41.227270223224025
29284,39.58179115314661
29285,40.121591471043985
29286,41.007846930322295
29287,38.16742100504374
29288,47.89830346405173
29289,44.23697321625376
29290,30.755334051231777
29291,39.27092833371143
29292,36.486787037605154
29293,23.33677681440165
29294,28.406895908454636
29295,63.0
29296,28.540053317636108
29297,61.0
29298,32.34028055096607
29299,27.000509763678018
29300,29.545361488818827
29301,24.832050321758878
29302,71.0
29303,39.11596711131665
29304,41.76145933486251
29305,46.35173901176326
29306,38.44023800739138
29307,69.0
29308,62.0
29309,23.40661022161736
29310,55.0
29311,26.463046552487107
29312,74.0
29313,66.0
29314,32.13693937847984
29315,30.169428882932834
29316,24.142811299455136
29317,28.737235314527624
29318,20.0
29319,22.0
29320,40.0
29321,32.63946088576658
29322,25.43960839185423
29323,29.94137565736765
29324,23.25847690021431
29325,23.74027315798995
29326,27.000720389207196
29327,56.0
29328,30.443815926482436
29329,56.0
29330,31.429386597655956
29331,28.265873284157358
29332,28.796266863605567
29333,29.686643956041394
29334,75.0
29335,37.67202428591976
29336,48.0
29337,24.599455427243065
29338,24.78425223181479
29339,25.42081649453293
29340,15.0
29341,31.63720336774803
29342,27.788446328666325
29343,25.105080447081427
29344,27.776887361602796
29345,45.184504590221536
29346,34.77077245419926
29347,31.212672347204503
29348,35.08554275435569
29349,32.00283543553904
29350,34.84657058102486
29351,32.189678819971164
29352,37.590862214285366
29353,30.454272060482104
29354,35.57742263808339
29355,30.51471539450371
29356,35.95395321111484
29357,26.419601526641262
29358,30.35814680169952
29359,28.298800297028052
29360,27.850673173517606
29361,26.54536832048767
29362,36.756711480889706
29363,27.63927463141478
29364,28.89540253887577
29365,28.752842355009307
29366,41.56492475406476
29367,27.34774998597821
29368,39.12607663817823
29369,24.396203303962736
29370,28.82605652830891
29371,28.424706262735796
29372,33.79906542962552
29373,34.8657733193503
29374,39.84334252786106
29375,25.718522572771352
29376,29.135851933131555
29377,24.946155741802663
29378,28.069532895140426
29379,34.470562689628885
29380,35.5699237512348
29381,26.946156683729146
29382,28.019376239472443
29383,27.68070832191176
29384,26.575136497039082
29385,25.920366360366334
29386,26.890755150365898
29387,27.839666355749735
29388,25.393443111950887
29389,29.68681022885815
29390,26.787864533106337
29391,25.267690156367696
29392,25.044356596833012
29393,41.400949380649884
29394,26.76700393109671
29395,28.671671391128143
29396,33.0
29397,28.13870394844654
29398,26.029810961692885
29399,39.16293434199843
29400,38.890012476369904
29401,30.315225366171802
29402,29.49404085978027
29403,27.377794265570685
29404,28.316895137315257
29405,25.591411032736815
29406,19.479838696269756
29407,27.96706596307343
29408,25.300595863932582
29409,28.148281615542302
29410,27.453930640156265
29411,21.0501448585152
29412,30.09475071525174
29413,22.837905828251717
29414,27.884533339388113
29415,29.108021302724453
29416,27.468534926624294
29417,41.85542516415619
29418,33.791107531099335
29419,50.62657547520778
29420,33.40196087988264
29421,40.737623444292126
29422,37.84823639554406
29423,38.97285014713281
29424,45.38220927749556
29425,47.16816493778289
29426,41.13888703127669
29427,32.41739310286828
29428,35.37549460454619
29429,34.98039946411625
29430,30.394080123634637
29431,37.441665586207314
29432,33.7259488291773
29433,36.69937024714057
29434,39.6991817937212
29435,32.282049712982406
29436,42.47128095431887
29437,33.36078723768
29438,31.549324759831187
29439,41.84040614874877
29440,37.98267153739084
29441,34.819597494489486
29442,40.456222386453945
29443,37.17460457149293
29444,41.539019053767085
29445,34.25387951312273
29446,58.0
29447,34.56976350139508
29448,34.881199193856155
29449,31.443437804229127
29450,40.31621394495269
29451,32.66132747844655
29452,32.43610344834852
29453,37.751968426297026
29454,38.04175405538278
29455,32.110649611996664
29456,29.142526862369536
29457,33.79422378012224
29458,34.80759081885945
29459,33.23263621300057
29460,38.59862887039822
29461,37.14723092436897
29462,44.69275513128359
29463,34.5840571634469
29464,34.810697092591894
29465,38.25278355691662
29466,39.464564021531636
29467,43.426252521810035
29468,33.21225688921081
29469,34.35729833438632
29470,37.76831164150968
29471,34.21207803048373
29472,34.246671739554614
29473,41.30366532997492
29474,41.204016395825384
29475,53.962212123164775
29476,32.53832943240327
29477,33.16314124618094
29478,44.26959944745654
29479,39.968621737381135
29480,36.05667950257527
29481,34.44352720463109
29482,34.30791667637881
29483,38.235723885941766
29484,42.43813515471133
29485,41.78309650064749
29486,33.274763921335456
29487,34.887908565500474
29488,48.942032254718114
29489,45.3760212375271
29490,33.39373779345379
29491,33.46597391769115
29492,40.21684583025612
29493,30.92330806506972
29494,33.34968896063123
29495,46.62371739260861
29496,32.45613672621948
29497,39.928556445146945
29498,60.0
29499,30.9435080299615
29500,35.12998743074683
29501,35.61391639070762
29502,38.067391746023006
29503,32.33657519735678
29504,31.112039928842364
29505,36.5644129482443
29506,33.36234419691631
29507,38.0
29508,68.0
29509,73.0
29510,25.28678287273728
29511,30.076312071454225
29512,29.639896603981555
29513,29.804161479410148
29514,26.959261566440194
29515,74.0
29516,28.0272902622133
29517,27.132315910918088
29518,31.885689060811835
29519,33.69542045726373
29520,25.324577379707357
29521,-2.0
29522,36.62045445000496
29523,41.967530548922895
29524,51.0
29525,42.96983681715566
29526,27.42894016127495
29527,29.01271548253169
29528,27.06868056466488
29529,23.94350918488313
29530,26.592768148305886
29531,31.618615820332487
29532,24.093801171906946
29533,38.03811119049614
29534,33.461021063153424
29535,39.39907428706151
29536,67.0
29537,29.724877828971586
29538,32.14038654080898
29539,28.369094980137717
29540,29.13515754766606
29541,30.476312111832044
29542,59.0
29543,32.63664243392408
29544,28.946142886108646
29545,32.40101495910276
29546,39.116321125768465
29547,41.24521410149155
29548,43.00371496216739
29549,45.964403935277694
29550,27.451037396181647
29551,29.997086701240484
29552,76.0
29553,25.511307514852625
29554,29.589638584325606
29555,29.937344278221012
29556,29.852893698778757
29557,31.70442384528784
29558,29.0652123861175
29559,32.256352223373526
29560,29.09489214012727
29561,33.005825657475796
29562,27.675779283958768
29563,29.92422625563843
29564,33.97589548829473
29565,27.69414434515916
29566,33.74870410816182
29567,54.0
29568,34.6801006553887
29569,25.541029069488037
29570,25.0356161951442
29571,30.920836479968578
29572,31.217581851199554
29573,29.682250879969388
29574,27.760269253919866
29575,28.388145354127523
29576,27.724258062923674
29577,26.740519922205273
29578,35.40098223181313
29579,25.816715971299363
29580,26.663932967368186
29581,48.0
29582,33.418775890066556
29583,26.980413416319266
29584,29.079961718125716
29585,24.34656484601686
29586,35.250157837103195
29587,13.0
29588,31.37977453783521
29589,27.442475060650878
29590,25.968862424138266
29591,19.684199128838898
29592,27.646283066560954
29593,40.75989302740416
29594,26.637024586824317
29595,30.331375732941304
29596,25.918222223301456
29597,21.036877065536228
29598,36.51287561678016
29599,34.32558418871696
29600,46.52465134290922
29601,30.196783427943203
29602,30.68633421935226
29603,17.0
29604,44.160998179282096
29605,33.635731966619566
29606,46.46305060889262
29607,65.0
29608,69.0
29609,63.0
29610,66.45876080998855
29611,66.0
29612,35.772220839407076
29613,80.0
29614,55.4383086262966
29615,36.05024586463837
29616,30.0
29617,32.16341550832834
29618,35.291640413635854
29619,39.18256679947234
29620,72.0
29621,37.23361674574762
29622,62.0
29623,59.803403381672695
29624,30.82619819658118
29625,51.91147540619505
29626,34.17257280747249
29627,38.055092887606335
29628,48.7624755340039
29629,70.0
29630,42.53021506076841
29631,74.0
29632,51.0
29633,51.53140695104332
29634,34.14344938437548
29635,78.0
29636,39.97538198440776
29637,35.60335017782124
29638,37.543594995825536
29639,75.0
29640,46.59034943083409
29641,66.0
29642,82.0
29643,36.55817432232583
29644,33.39711356854406
29645,76.0
29646,37.88294982971871
29647,53.64797212042663
29648,37.12161868992156
29649,86.0
29650,58.866985234849395
29651,75.0
29652,67.0
29653,35.77201433017317
29654,69.0
29655,33.59275184281519
29656,39.161345685769156
29657,33.629700145693114
29658,38.415130941097864
29659,32.87833095274486
29660,39.993376119728396
29661,29.20605308673774
29662,31.532074282149644
29663,36.58796065980732
29664,35.963759669881
29665,42.41857470474331
29666,65.0
29667,52.97526779154357
29668,50.12523436182208
29669,52.17572030291183
29670,52.529853934999345
29671,52.71985777710296
29672,42.88215423582485
29673,41.075647617241664
29674,61.0
29675,56.37209127831645
29676,62.0
29677,61.0
29678,62.0
29679,53.30228744227661
29680,62.0
29681,52.0
29682,69.80410149845292
29683,63.0
29684,61.0
29685,61.0
29686,37.270040886078704
29687,69.0
29688,46.0
29689,49.0
29690,56.25811085507843
29691,52.65098501399713
29692,54.54302364050589
29693,64.0
29694,53.61905081993152
29695,4.0
29696,39.0213197066451
29697,54.30075215576761
29698,60.0
29699,45.88169406809568
29700,39.82708380634235
29701,61.0
29702,48.058170600173426
29703,33.57854694647925
29704,54.0
29705,38.43934729363218
29706,43.131524319258425
29707,38.93318093035426
29708,47.010135163164776
29709,40.95419515000259
29710,45.54854586885108
29711,47.31546787672885
29712,41.837021886608454
29713,40.64158541290029
29714,51.419732165879495
29715,47.76816815825771
29716,54.77926467229126
29717,37.405969646171734
29718,38.64786510840791
29719,43.180426357280915
29720,49.187964247857565
29721,37.034059361137764
29722,34.4529423518503
29723,47.10532079115179
29724,42.32558362888358
29725,51.45490497887296
29726,44.5132188759882
29727,40.15255884861874
29728,40.67494830376591
29729,37.220408523839524
29730,37.75337411990668
29731,38.01412821328897
29732,44.64059737614
29733,41.01310260664659
29734,37.42847364097649
29735,47.047428682154504
29736,35.695588910001504
29737,37.64900076173204
29738,42.32690897657604
29739,42.68114064350465
29740,36.51072472113405
29741,49.64139780097165
29742,43.08284527320528
29743,44.23407606030951
29744,47.955636095671395
29745,37.51935611400869
29746,41.178730916603435
29747,36.07325459383057
29748,32.07108620915844
29749,41.63321955704634
29750,45.24591206004446
29751,36.929261400100124
29752,37.725550413189794
29753,28.263361199285974
29754,47.82421189769295
29755,47.9706447917749
29756,39.680337736475934
29757,39.23912576713819
29758,50.69207602007363
29759,45.85753382046181
29760,44.802794208122066
29761,39.04635914236553
29762,40.1287617889344
29763,49.586378923124116
29764,37.36296166073492
29765,24.932138830734324
29766,35.76404053601416
29767,28.712246374202564
29768,27.910155924189155
29769,25.133546149291888
29770,37.200689773416336
29771,26.996196011787525
29772,29.681164762090525
29773,28.223511892736106
29774,34.5571419541968
29775,83.0
29776,38.600025423196165
29777,35.57198185022747
29778,42.07536224058727
29779,36.30163062965257
29780,70.0
29781,33.94020531409925
29782,34.539936179993035
29783,32.086924218345544
29784,39.341342772495366
29785,66.0
29786,46.42365435433513
29787,19.0
29788,42.081556069315596
29789,35.88037085759979
29790,55.994119942530205
29791,38.134880557737226
29792,38.490614886338236
29793,37.11178456367831
29794,52.49923970352527
29795,57.0
29796,51.846825603413706
29797,39.42833017881345
29798,83.0
29799,38.47456347848184
29800,37.8790309554231
29801,28.857694705014836
29802,34.15484456344446
29803,43.51984093080418
29804,56.0
29805,32.41550323130367
29806,51.21425635923715
29807,54.92859299879251
29808,35.95773055508148
29809,34.56825297919511
29810,31.65601176175565
29811,36.65824361026291
29812,35.66018106358273
29813,50.38428822388998
29814,37.33759260608184
29815,50.656257223833464
29816,63.0
29817,35.26145451354871
29818,34.92101444718753
29819,56.0
29820,35.09424426489085
29821,42.41817578886312
29822,34.24727283590605
29823,50.0
29824,65.0
29825,44.43439642530839
29826,39.18576436581966
29827,25.1763307143019
29828,28.600196991112597
29829,52.848779741409565
29830,36.894983645415955
29831,63.0
29832,31.103137935657088
29833,35.19802856421302
29834,37.9105510713248
29835,39.09599240954699
29836,49.94792215991099
29837,32.50852396912622
29838,39.037222409413886
29839,38.066689691277624
29840,37.70880489421169
29841,35.72669262788288
29842,36.411721832261065
29843,35.28253363814407
29844,38.06086623252577
29845,31.587789408694192
29846,42.32112497338023
29847,39.94891457359729
29848,38.988348134155515
29849,36.22372101360314
29850,36.778876747109344
29851,34.281699792388686
29852,28.900297622496396
29853,37.892203130326806
29854,35.29728071773799
29855,32.79405635709397
29856,40.200847148239625
29857,33.28718178549943
29858,35.827061281549355
29859,32.24696792908287
29860,27.963704331508552
29861,30.335199025739314
29862,35.06325473193135
29863,27.599011433656372
29864,18.0
29865,28.69399023655744
29866,29.164069344785418
29867,36.33911079107483
29868,30.727223151791307
29869,39.0
29870,34.10201061179011
29871,21.0
29872,38.25226543044009
29873,39.86669486218029
29874,34.78213065887973
29875,27.795841383987735
29876,36.123111185579255
29877,39.718638392857464
29878,25.6512306027237
29879,36.699125287644755
29880,37.67190352414894
29881,31.98302742563319
29882,35.55057339514281
29883,40.0
29884,28.0
29885,39.115253588674754
29886,28.223043787369143
29887,36.003655720927085
29888,39.0
29889,27.65960956333881
29890,35.86586625018393
29891,32.17971985948973
29892,31.832989921918745
29893,41.74755723299092
29894,40.05884185782993
29895,31.173510548077516
29896,39.810184770556425
29897,37.49376646928384
29898,35.0
29899,32.41392510408144
29900,30.0
29901,34.123079971401374
29902,32.76439208902923
29903,37.0
29904,35.86325670176814
29905,38.34792911990207
29906,37.11029758221309
29907,38.928274752495916
29908,38.07467890700798
29909,21.0
29910,33.891906307064694
29911,38.0
29912,34.1468902743363
29913,37.40609660704035
29914,35.0
29915,43.0
29916,36.0
29917,37.903121164308025
29918,23.0
29919,41.71332375014137
29920,37.63823731916192
29921,41.691653935895594
29922,36.06763669927305
29923,38.69441987828745
29924,33.12507193736557
29925,30.98217302625597
29926,38.219873073012245
29927,29.0
29928,36.980512041349066
29929,39.71832116648076
29930,36.15925887666079
29931,40.657113316745004
29932,40.55040177322921
29933,39.61256832293131
29934,32.67778682673663
29935,31.12422619042924
29936,39.86867384357261
29937,31.631586745320618
29938,32.01134420762891
29939,37.50629082886566
29940,39.69821968284628
29941,62.0
29942,35.281753209515735
29943,49.0
29944,32.34238302935668
29945,47.18239847787342
29946,34.098947845419666
29947,60.0
29948,30.089463995482248
29949,34.513156599663034
29950,83.0
29951,33.33702554762895
29952,53.36635032433215
29953,34.25742307619621
29954,33.30493917629566
29955,37.30583463989433
29956,52.32215314668602
29957,81.0
29958,32.71295284424427
29959,41.10681431662337
29960,62.0
29961,35.47865446203039
29962,52.494319846606714
29963,25.707911707539182
29964,50.86680321535849
29965,38.476359859004326
29966,31.23219238512567
29967,37.64243513469226
29968,29.95527167622469
29969,34.29619611419473
29970,35.06567203844599
29971,38.42721041822348
29972,29.078619299384997
29973,26.690781826131605
29974,46.32065563477656
29975,31.556563410557054
29976,79.0
29977,30.815374132137606
29978,40.823366189712445
29979,32.40025029957313
29980,65.0
29981,35.616140866549564
29982,33.96522468116233
29983,36.344845378136505
29984,52.457151741020255
29985,58.0
29986,37.86464098552795
29987,38.981004484688114
29988,70.0
29989,55.08892870056211
29990,62.0
29991,37.88229880359336
29992,36.685989503685626
29993,47.12163866638802
29994,36.20493581049912
29995,78.0
29996,37.690992143693244
29997,26.134939146667605
29998,30.79877467684308
29999,44.726795445782834
30000,71.0
30001,72.0
30002,37.76678818176265
30003,51.477026549859566
30004,40.0
30005,35.97800530796982
30006,16.0
30007,63.0
30008,43.0
30009,40.80929240138612
30010,42.0
30011,59.0
30012,62.0
30013,50.0
30014,35.97040196703408
30015,19.0
30016,37.16620972278629
30017,33.9618682712408
30018,31.0
30019,39.88468440144021
30020,49.97192005378828
30021,40.04123014759791
30022,51.0
30023,33.0
30024,41.164127813012705
30025,38.63781079756213
30026,34.90635702571249
30027,39.46796984257499
30028,62.54712546593454
30029,38.751076313121445
30030,52.56550472632714
30031,40.0
30032,38.0
30033,46.0
30034,60.0
30035,41.0
30036,35.0
30037,43.0
30038,43.35301992770704
30039,39.58816079498161
30040,38.40955215448795
30041,76.0
30042,54.77722057014346
30043,42.0
30044,49.619369793074966
30045,39.86321651091603
30046,38.823721271020275
30047,36.914733082414635
30048,38.190381339180796
30049,36.015628265940435
30050,50.14933881299834
30051,51.0
30052,50.899998965412685
30053,38.9318848959983
30054,45.0
30055,38.47526943026273
30056,36.552892790736294
30057,77.0
30058,42.14363518364586
30059,40.0
30060,48.113318115954314
30061,32.904375739921186
30062,71.0
30063,67.0
30064,32.0
30065,31.294480702095257
30066,38.61436338809611
30067,33.60205371977333
30068,34.525694672429125
30069,13.0
30070,38.055646438326555
30071,40.479216846053085
30072,63.0
30073,62.0
30074,27.31852478777664
30075,74.0
30076,49.560617399571385
30077,46.87545740520815
30078,31.079812893157268
30079,31.267397923799805
30080,29.768564393159124
30081,31.247598109001103
30082,35.97008848097967
30083,41.482534093184064
30084,33.99637403136056
30085,66.0
30086,33.859469065159416
30087,27.490016926861117
30088,47.883922209541495
30089,29.989662171738004
30090,67.0
30091,42.826075159567075
30092,68.0
30093,30.08370725766722
30094,33.79803340412407
30095,72.0
30096,42.69124562701939
30097,39.66919720439741
30098,37.499435442865924
30099,24.46629854176581
30100,32.858441243929384
30101,31.953408707215445
30102,35.58629384213893
30103,40.0
30104,38.597490692937086
30105,39.80776527571801
30106,46.037182196316145
30107,27.93324885345323
30108,12.0
30109,39.74712217782888
30110,39.275977055290085
30111,31.282604815447364
30112,32.25627407281705
30113,29.617071480401698
30114,46.06370714557267
30115,38.90484630742866
30116,33.09379371105117
30117,50.81640408698874
30118,33.270258945723945
30119,34.59271197281537
30120,59.0
30121,42.62036513348559
30122,38.29135079184796
30123,39.826560350637585
30124,43.793378816748266
30125,35.40885891651401
30126,27.69158481963793
30127,32.45916932744262
30128,41.84495584441008
30129,36.88572366821363
30130,43.14981352910917
30131,38.46485720042816
30132,31.61045843276954
30133,38.089193582494175
30134,41.5832307358439
30135,36.181670074299554
30136,31.70471013251074
30137,41.0
30138,28.079512597312565
30139,33.89595700044538
30140,46.93964509810414
30141,30.64834209526571
30142,37.512536026586325
30143,38.108832520050214
30144,34.19538826607599
30145,29.557628524939474
30146,42.313495273447884
30147,36.77458227287828
30148,32.42351623582504
30149,29.881831061352884
30150,38.69522018855115
30151,29.95146232712637
30152,32.77821388346214
30153,25.64310679487248
30154,32.27773916353979
30155,31.548727466470524
30156,33.98518499708534
30157,38.88409412731642
30158,48.42276596836573
30159,30.473927473121343
30160,29.455723757311894
30161,0.0
30162,-5.0
30163,39.0
30164,51.13332996317577
30165,38.0
30166,24.70437226405857
30167,55.08791154949559
30168,42.16842026113217
30169,41.26896195078989
30170,40.031053104976884
30171,41.07345691717455
30172,32.45884203889684
30173,29.6837353648899
30174,41.33593309214032
30175,46.788030492923404
30176,30.411065315159775
30177,42.72357130108127
30178,41.50033594247676
30179,46.17141820569055
30180,-4.0
30181,39.59627620976326
30182,51.69913378763091
30183,37.972454568429825
30184,42.07677794059586
30185,28.382391578304905
30186,32.21709426433801
30187,43.667045278311754
30188,30.844049620075737
30189,46.61274306588549
30190,0.0
30191,46.901529922167384
30192,36.98001344278787
30193,25.876898853278572
30194,49.253014430586816
30195,33.200417539613454
30196,74.0
30197,93.0
30198,88.0
30199,90.0
30200,25.0
30201,93.0
30202,94.0
30203,93.0
30204,92.0
30205,43.0
30206,92.0
30207,93.0
30208,42.0
30209,93.0
30210,92.0
30211,24.0
30212,83.0
30213,18.0
30214,80.0
30215,91.0
30216,83.0
30217,20.0
30218,89.0
30219,83.0
30220,19.0
30221,89.0
30222,52.0
30223,90.0
30224,18.0
30225,82.0
30226,89.0
30227,47.0
30228,16.0
30229,88.0
30230,42.0
30231,88.0
30232,85.0
30233,21.0
30234,81.0
30235,78.0
30236,20.0
30237,89.0
30238,45.0
30239,81.0
30240,22.0
30241,87.0
30242,85.0
30243,9.0
30244,89.0
30245,79.0
30246,13.0
30247,87.0
30248,87.0
30249,34.0
30250,86.0
30251,34.0
30252,82.0
30253,88.0
30254,40.0
30255,86.0
30256,88.0
30257,21.0
30258,85.0
30259,86.0
30260,14.0
30261,83.0
30262,83.0
30263,37.0
30264,80.0
30265,86.0
30266,33.0
30267,87.0
30268,84.0
30269,9.0
30270,86.0
30271,9.0
30272,22.0
30273,68.0
30274,68.0
30275,23.0
30276,62.0
30277,73.0
30278,21.0
30279,62.0
30280,42.0
30281,61.0
30282,78.0
30283,40.0
30284,65.0
30285,63.0
30286,24.0
30287,75.0
30288,85.0
30289,25.0
30290,72.0
30291,65.0
30292,74.0
30293,42.0
30294,38.82417977755073
30295,47.16314678826127
30296,37.542040337259934
30297,79.0
30298,64.0
30299,46.296036381114874
30300,72.0
30301,44.184525655948136
30302,47.43362641516155
30303,39.0178766616576
30304,74.0
30305,46.62396147785577
30306,36.026165252723445
30307,78.0
30308,74.0
30309,32.524437407384085
30310,74.0
30311,39.89366303419152
30312,37.3050839489343
30313,82.0
30314,39.13098747049621
30315,30.82002188614895
30316,34.9142924501634
30317,39.38323386272152
30318,43.661146472905386
30319,37.712202615130415
30320,42.574074263643624
30321,57.54991705227529
30322,83.0
30323,57.0
30324,35.5533262699968
30325,38.06811632076484
30326,36.84200770458614
30327,31.54943199927841
30328,38.309447566990066
30329,43.13144714462395
30330,41.9823910440373
30331,53.84277287036942
30332,40.06436693463251
30333,41.15002164765857
30334,39.820352227366186
30335,35.0
30336,49.22066420281892
30337,86.0
30338,52.00068749910825
30339,34.557031460855875
30340,39.33300608136119
30341,35.97237567640032
30342,36.86149344581366
30343,38.5339574646552
30344,49.58848097323268
30345,40.24219236204353
30346,38.60167842419024
30347,39.46506031089507
30348,39.94516409641385
30349,66.0
30350,41.52653381128974
30351,50.514835890461455
30352,37.108907073586536
30353,36.7962260670954
30354,38.61189851167078
30355,37.43334760042114
30356,40.97671942831587
30357,39.90784522442007
30358,38.86533694774186
30359,37.121263013538524
30360,36.32141793146146
30361,42.373129494666465
30362,38.44697555409347
30363,73.0
30364,69.0
30365,38.94704380709513
30366,61.0
30367,37.7470650366819
30368,49.94869405591403
30369,80.0
30370,40.38996731687944
30371,68.0
30372,38.31212031998368
30373,37.55528992456109
30374,32.295020812544706
30375,39.740112221963535
30376,36.74038728360267
30377,35.35471321712093
30378,82.0
30379,38.80567311534759
30380,41.3072286242932
30381,8.0
30382,37.29306226218225
30383,31.718899893320433
30384,36.33786099336353
30385,42.185906865950585
30386,81.0
30387,86.0
30388,88.0
30389,74.0
30390,44.0
30391,36.72884906077167
30392,66.0
30393,46.0
30394,71.0
30395,81.0
30396,74.0
30397,35.974445242091505
30398,72.0
30399,76.0
30400,52.0
30401,37.94392859785558
30402,69.0
30403,46.59355397506868
30404,26.004027662149095
30405,31.310411592202875
30406,81.0
30407,75.0
30408,57.0
30409,78.0
30410,49.0
30411,35.879120132299
30412,66.0
30413,42.25150989098781
30414,80.0
30415,27.081252071039202
30416,77.0
30417,73.0
30418,74.0
30419,72.0
30420,34.994917949986636
30421,37.757075174892336
30422,49.96605062816144
30423,88.0
30424,81.0
30425,41.34746201865925
30426,42.438246720634716
30427,72.0
30428,85.0
30429,39.01945196090285
30430,31.452976376558794
30431,32.614041785783954
30432,70.0
30433,27.844070942121988
30434,28.29087850269044
30435,56.0
30436,71.0
30437,61.0
30438,70.0
30439,73.0
30440,50.0
30441,70.0
30442,68.0
30443,35.545168554246196
30444,71.0
30445,47.19898954182754
30446,78.0
30447,75.0
30448,72.0
30449,72.0
30450,80.0
30451,75.0
30452,62.0
30453,74.0
30454,73.0
30455,30.5101205342767
30456,78.0
30457,63.0
30458,75.0
30459,73.0
30460,73.0
30461,78.0
30462,39.64242379946992
30463,71.0
30464,76.0
30465,37.48342434743609
30466,78.0
30467,72.0
30468,78.0
30469,37.142820077632834
30470,71.0
30471,41.25594696780549
30472,30.26113129098036
30473,40.07086141407306
30474,52.351122880172376
30475,27.044729201230417
30476,26.325771493894667
30477,34.14165735818498
30478,33.34430342987424
30479,39.99374371061878
30480,29.12886698850491
30481,27.60584479362136
30482,27.552235924239042
30483,42.75177524201902
30484,55.78663725205718
30485,29.042858632571836
30486,46.461822946622576
30487,36.72427608964578
30488,28.383378320887623
30489,30.782147207165437
30490,29.092909734254718
30491,28.739918602668908
30492,31.09374283385847
30493,27.203633716779578
30494,32.350869594357754
30495,41.26123396017288
30496,28.394624520145186
30497,36.18724662673459
30498,28.905384336946838
30499,39.65413198200493
30500,35.85763668179622
30501,43.589289041945506
30502,32.82434880424006
30503,28.230960062488478
30504,41.687944867072524
30505,41.385336261736875
30506,33.84661605783043
30507,41.97491948920836
30508,33.98348347092974
30509,38.13201701967681
30510,37.077220330817596
30511,37.913753813977664
30512,40.155151258723684
30513,37.4956824813401
30514,40.18340920814292
30515,39.45050125211741
30516,37.95836996214092
30517,42.015954810146425
30518,33.64900516556872
30519,37.90119957604946
30520,35.79299441177409
30521,55.25886015998349
30522,51.779711715210965
30523,42.76054435717112
30524,38.92950072391027
30525,39.28015932062328
30526,38.78426031273594
30527,33.0
30528,39.54371398770213
30529,38.68589968679336
30530,78.0
30531,53.46738693771485
30532,39.67419092789204
30533,51.53872919587741
30534,39.3333407238717
30535,40.01619055688143
30536,40.333193604461925
30537,41.77442125536733
30538,39.685542918076806
30539,62.0
30540,41.82848871363963
30541,46.40191458778946
30542,41.49511485084771
30543,38.46254329601717
30544,39.7734647150212
30545,36.6220673146821
30546,41.37795489426387
30547,42.520558516304185
30548,32.31130774543135
30549,40.35404135319176
30550,38.14663171729499
30551,34.99700283297054
30552,32.36304800659648
30553,37.5591931056142
30554,35.05956787124831
30555,36.09018618434054
30556,38.99151070526793
30557,34.19999954890913
30558,33.02965256493063
30559,34.85959942000997
30560,39.836604129506746
30561,35.94647799877055
30562,40.06790865749501
30563,35.888882778508986
30564,35.11253386132227
30565,42.213152332386365
30566,31.156631472271975
30567,35.20139089444438
30568,32.617615239033846
30569,33.30879124295541
30570,28.315540826660772
30571,44.0
30572,61.0
30573,43.506898241654355
30574,43.61780526472783
30575,31.755221970555887
30576,30.373933527060288
30577,44.53030502834393
30578,45.42652289314533
30579,33.89171479204086
30580,29.588154688468215
30581,42.39904580491135
30582,30.53544404925684
30583,42.49205979010098
30584,43.80789091186012
30585,39.48954585503329
30586,35.75040920470851
30587,30.548879490822998
30588,37.65024454405494
30589,26.031264154704807
30590,38.40200616440825
30591,69.0
30592,32.905258335894736
30593,30.909486249432135
30594,29.662726658543036
30595,33.204034253784044
30596,36.93592663694834
30597,31.124830619940752
30598,29.901943132116095
30599,40.41784964440201
30600,30.26699097472062
30601,33.58949661283995
30602,35.49501315661429
30603,30.96098906514203
30604,35.362524141522435
30605,32.041904308867316
30606,46.392177017777875
30607,31.990934055314504
30608,35.88725244476794
30609,36.579607941239246
30610,30.32519043533931
30611,63.0
30612,30.88808762784636
30613,32.08995403527466
30614,35.302741533331364
30615,30.292722796726345
30616,28.696699965693654
30617,42.50344898513271
30618,47.0
30619,27.529740373065458
30620,67.0
30621,40.667948739997506
30622,68.0
30623,37.82771435863824
30624,72.0
30625,41.0889029020928
30626,71.0
30627,63.0
30628,74.0
30629,80.0
30630,64.0
30631,37.154846785142034
30632,65.0
30633,53.0
30634,34.037330018127626
30635,29.24038042711885
30636,41.99658534416224
30637,72.0
30638,71.0
30639,71.0
30640,41.37884696360703
30641,67.0
30642,40.90285446662336
30643,51.0
30644,46.942937989404605
30645,38.28310921105976
30646,74.0
30647,27.0
30648,79.0
30649,51.15561187383479
30650,63.0
30651,38.82509168961268
30652,41.513590450466026
30653,45.8695253892624
30654,54.0
30655,42.801120834939184
30656,71.0
30657,70.0
30658,41.65096379457775
30659,77.0
30660,36.86814254534318
30661,73.0
30662,71.0
30663,33.28957385559427
30664,42.05389491996967
30665,72.0
30666,40.32904128290073
30667,44.58108239551929
30668,71.0
30669,63.0
30670,45.928657608450415
30671,38.368912209770045
30672,76.0
30673,76.0
30674,66.0
30675,62.0
30676,61.0
30677,73.0
30678,75.0
30679,78.0
30680,77.0
30681,72.0
30682,76.0
30683,44.14543707274482
30684,62.0
30685,41.577828881812856
30686,41.67952844299683
30687,70.0
30688,40.48122895730427
30689,39.06307247360325
30690,72.0
30691,69.0
30692,37.21184112342458
30693,69.0
30694,27.357429330792186
30695,58.0
30696,63.0
30697,43.47041694827313
30698,40.28438315868105
30699,46.81707903943878
30700,73.0
30701,40.38670140139322
30702,41.2274311470697
30703,39.78298255982741
30704,37.15166282005499
30705,47.64922572986991
30706,45.8801144795555
30707,40.95676570213619
30708,40.57850771160626
30709,68.0
30710,39.83296011115587
30711,34.3051676605817
30712,39.345400996865436
30713,56.0
30714,45.49721304025744
30715,60.0
30716,17.0
30717,41.77451750084623
30718,36.32028074891231
30719,27.154913517359972
30720,34.88844438131218
30721,31.020314021309538
30722,35.994429568925604
30723,58.0
30724,54.73475416222937
30725,56.0
30726,30.35277132804751
30727,29.207948118956864
30728,68.0
30729,57.0
30730,59.0
30731,28.898904965606697
30732,37.763121067865974
30733,32.49798478365818
30734,38.892378226023126
30735,33.77204215155555
30736,69.0
30737,39.16562679871071
30738,37.062059899336255
30739,32.30558638042025
30740,39.70769443530067
30741,34.055142299707796
30742,42.31983435141751
30743,30.941367366752786
30744,68.0
30745,45.149000179703336
30746,44.01952379749473
30747,33.047070090638854
30748,41.491622804655314
30749,59.95113571035016
30750,28.902646421583
30751,40.40808010477726
30752,28.41727187082349
30753,34.35996299472285
30754,30.126272451180697
30755,28.623886787564842
30756,30.55976241794705
30757,32.21973422900442
30758,46.43139143123142
30759,37.92623606488032
30760,6.0
30761,45.6663957511921
30762,29.542282512850065
30763,33.30677529544963
30764,32.44384300275995
30765,35.94690502147862
30766,34.79089972979938
30767,37.29868728225352
30768,48.79120301396466
30769,34.54134798414668
30770,35.769774814688134
30771,38.0
30772,44.49171653752292
30773,27.614484019363154
30774,34.82163100368801
30775,31.05213393480996
30776,48.83110643084501
30777,68.0
30778,37.395656785673744
30779,53.0
30780,38.80235194590152
30781,3.0
30782,36.83685254054651
30783,41.301246827427086
30784,51.012407429075765
30785,28.528022425018357
30786,48.79985135204611
30787,39.535203203058984
30788,46.038780508497844
30789,31.58804480800167
30790,52.18776219875771
30791,52.125562306283534
30792,49.14745172150556
30793,39.00981879855144
30794,71.0
30795,36.61989932946303
30796,37.44824428236517
30797,36.49791416677239
30798,29.047342341037236
30799,37.69825587823328
30800,34.0
30801,40.57630887750452
30802,38.7150984281152
30803,40.09724123376342
30804,37.0
30805,18.0
30806,30.0
30807,34.981525772812326
30808,28.82157970031006
30809,37.13118377091875
30810,29.845355789246362
30811,38.080310898218706
30812,31.57406989003396
30813,35.84895939899989
30814,35.21418155939202
30815,33.829344860008355
30816,34.000018835017855
30817,36.340814065389075
30818,28.880475509670056
30819,33.0
30820,31.43950600188201
30821,34.241114446559784
30822,33.33464060149677
30823,36.13211821210164
30824,36.84485988702434
30825,32.78384289534191
30826,73.0
30827,35.0667066414208
30828,38.35303643782337
30829,37.0
30830,36.1664456997025
30831,32.899300753744775
30832,28.328895068578092
30833,34.28810787156023
30834,33.39848361730336
30835,37.895881137571
30836,35.22313108174981
30837,33.598526317615125
30838,27.91586854904483
30839,28.97016251276024
30840,30.464241098243676
30841,38.047492260061524
30842,31.810523333533318
30843,34.931646501778175
30844,78.0
30845,39.7854612179652
30846,42.0
30847,82.0
30848,35.08149018883432
30849,38.253884938656135
30850,43.74125748528759
30851,39.87618514228409
30852,-1.0
30853,32.622659508294895
30854,50.256232627501404
30855,40.85779565128711
30856,71.0
30857,39.6076084230997
30858,41.046638536106684
30859,28.776174170418905
30860,-2.0
30861,15.0
30862,73.0
30863,54.0
30864,30.0499123732818
30865,69.0
30866,56.0
30867,47.98353149623649
30868,37.9347133875423
30869,38.755173455013306
30870,70.0
30871,69.0
30872,67.0
30873,64.0
30874,42.62873638602146
30875,66.0
30876,60.0
30877,38.24930312791167
30878,12.0
30879,38.63541526134884
30880,28.631681358439735
30881,30.794576602100108
30882,28.95230318399028
30883,27.88813251535253
30884,35.638857890362516
30885,30.147354294670095
30886,29.421550426393473
30887,60.0
30888,30.148066660044144
30889,66.0
30890,35.46097847400369
30891,32.62942149031186
30892,26.628308445241508
30893,33.22773241382211
30894,27.458365343872636
30895,26.51933884376656
30896,28.68540049827424
30897,26.689808789973405
30898,36.034515073195536
30899,36.946811567445266
30900,33.761491941372626
30901,31.604702064920424
30902,60.0
30903,47.672542155213286
30904,29.76195394416441
30905,33.888849958575776
30906,33.04559542687538
30907,38.00869685236507
30908,35.94731175896678
30909,28.61013878012264
30910,30.166496013545
30911,69.0
30912,32.247334185099454
30913,61.0
30914,30.76144729034621
30915,31.026372636702497
30916,76.0
30917,26.537319207913523
30918,25.54534979791665
30919,34.787321649483374
30920,32.470588041479736
30921,3.0
30922,27.163760441196473
30923,24.326558081331033
30924,32.93825959556702
30925,71.0
30926,31.28397266744564
30927,72.0
30928,37.765077516259815
30929,72.0
30930,77.0
30931,38.624803451593394
30932,25.830241486162144
30933,29.33581384359735
30934,28.143051679884117
30935,39.935042297820836
30936,32.02082714917956
30937,53.0
30938,40.902564458472895
30939,64.0
30940,3.0
30941,5.0
30942,35.883781521802696
30943,15.0
30944,5.0
30945,29.17435167697016
30946,29.090550922801462
30947,3.0
30948,28.330492510656846
30949,31.179360888450688
30950,53.0
30951,42.804556880206626
30952,30.567916181081216
30953,8.0
30954,33.514185649454184
30955,4.0
30956,56.0
30957,30.53032697817278
30958,9.0
30959,2.0
30960,32.348758744776184
30961,28.147514394531783
30962,33.195658010102434
30963,31.699136895483846
30964,68.0
30965,36.2281072248532
30966,25.540552643751074
30967,29.14698881352696
30968,32.38585032264062
30969,31.96757868131354
30970,31.666908349528725
30971,29.826871436138383
30972,63.0
30973,34.91414525496202
30974,41.88952699577719
30975,66.0
30976,60.0
30977,33.70340323026428
30978,59.0
30979,34.821107543420574
30980,66.0
30981,29.38215871064841
30982,40.567690454534414
30983,42.0
30984,56.0
30985,33.011178706627476
30986,39.25848922581247
30987,2.0
30988,65.0
30989,9.0
30990,33.7100156071004
30991,13.0
30992,6.0
30993,31.280400295978723
30994,35.5197680314462
30995,29.670709095555566
30996,1.0
30997,35.923866496609634
30998,46.0
30999,53.0
31000,43.744493668947825
31001,43.0
31002,37.0
31003,29.29640369773083
31004,39.5027651519784
31005,28.138389184864593
31006,25.9495361574062
31007,40.206173495906555
31008,60.0
31009,41.16627689708911
31010,36.15175691694948
31011,57.0
31012,30.426277213358773
31013,40.628442328702924
31014,-1.0
31015,40.0
31016,25.731686811317207
31017,27.600255601838924
31018,70.0
31019,28.44456082729519
31020,80.0
31021,34.05055626981065
31022,37.84045431433108
31023,46.238243058921704
31024,31.515942934036012
31025,28.04113910479206
31026,29.451663504555064
31027,32.6821535659503
31028,18.86132254169443
31029,37.169674395815164
31030,67.0
31031,29.74366969039172
31032,28.214252720269982
31033,26.994724564774486
31034,0.0
31035,22.450728377578812
31036,24.007285605733788
31037,27.979414916583252
31038,25.344102951890612
31039,22.688674837455604
31040,-5.0
31041,24.775864067050097
31042,30.172562894916858
31043,20.864476104554303
31044,34.27163030020051
31045,22.35348133853048
31046,31.72932305705813
31047,24.84277780900516
31048,36.23896028713407
31049,-3.0
31050,24.939955185925214
31051,21.50577450186599
31052,23.743800427575998
31053,27.54982965883721
31054,28.47812850177747
31055,23.934099953942056
31056,23.109088386266027
31057,21.29194862699881
31058,23.075728688307084
31059,27.828342536488734
31060,23.823562929756065
31061,26.371079595118545
31062,22.255970315185344
31063,29.467702702514572
31064,34.527516776435
31065,26.754884581181454
31066,23.772618029487273
31067,25.76296109480767
31068,22.774660124147278
31069,17.021116865664172
31070,23.96939830468836
31071,22.947925565520965
31072,25.294465594676964
31073,22.460988165973017
31074,24.64381101499502
31075,23.387638257238457
31076,22.438253629839284
31077,27.16263930245978
31078,35.145405409832655
31079,24.39392796710301
31080,26.27579131582846
31081,26.390989090469347
31082,28.269347990117964
31083,29.617506141850626
31084,25.939488713169492
31085,31.24170777075563
31086,22.846899622231085
31087,22.152746229009065
31088,23.074233475729002
31089,22.710766085281584
31090,23.1573850174377
31091,28.530381947032893
31092,24.730396819719438
31093,25.512702449550055
31094,29.930560929870012
31095,25.961054951196804
31096,22.785399134549788
31097,23.920443426598702
31098,26.204536542245087
31099,29.492026682953806
31100,27.184615013092483
31101,27.694614331544656
31102,28.827925930221845
31103,31.00480321571837
31104,36.820720701053055
31105,21.446601424364466
31106,24.56728204370117
31107,30.437601920840876
31108,32.89912464796973
31109,36.041647967314105
31110,28.164294822799057
31111,27.34501156657504
31112,19.80049141135603
31113,21.423936675661608
31114,28.041951265365896
31115,31.6963044908139
31116,33.256742486323674
31117,26.48849056333943
31118,27.758644048592032
31119,39.17007764949102
31120,26.261134485124746
31121,23.470850687385095
31122,21.97046335136376
31123,25.453292385235855
31124,22.753236011990257
31125,23.8219766756688
31126,24.076355724605925
31127,38.995102693716944
31128,30.149355946220133
31129,20.945060647050987
31130,25.959705715683768
31131,27.01742571445226
31132,33.42591942273001
31133,24.492783033668744
31134,28.592069058688928
31135,27.079178075599145
31136,32.41716411192318
31137,69.0
31138,22.32994529711382
31139,25.02566636763825
31140,20.88869006901728
31141,20.861382557078386
31142,30.774072455469522
31143,26.65716059097081
31144,30.5838076300423
31145,30.26780220955039
31146,21.613673479780683
31147,31.438827290594688
31148,27.496702653173045
31149,24.281443721150357
31150,19.481869912837475
31151,30.209090953284907
31152,19.37151382303191
31153,25.48384734216095
31154,26.040953147083634
31155,25.610996642198778
31156,24.493539013761335
31157,32.31677390038889
31158,28.924626922049697
31159,17.3273809084743
31160,22.825791167419016
31161,31.185941623334074
31162,32.772634017559696
31163,27.386887911144065
31164,27.745406764070545
31165,24.522494270413503
31166,28.74478719351019
31167,26.900575446975466
31168,21.82187913080827
31169,24.298630179144208
31170,30.561009912007876
31171,27.077165932445425
31172,20.298412248444908
31173,28.198046973020084
31174,17.13154429302792
31175,21.9924759591981
31176,23.79768010024167
31177,21.593035184944544
31178,27.28354862170827
31179,28.168496316573496
31180,27.603322994122976
31181,23.837448206136322
31182,25.086575080177408
31183,21.070984508214305
31184,23.55480913156012
31185,33.147512586901186
31186,25.726048842120484
31187,22.390549981351075
31188,25.266743677253963
31189,25.14628081617837
31190,28.102981867216428
31191,25.607546016496027
31192,27.00363613600625
31193,49.07370644350788
31194,22.63239250445331
31195,24.91697951236394
31196,26.801397615965655
31197,25.57926792860991
31198,27.072603883478756
31199,21.032333993107237
31200,30.13837854005824
31201,20.916919188538795
31202,26.853129281650922
31203,24.739338337649897
31204,27.31157646679678
31205,20.35617213940838
31206,31.36124299299391
31207,25.69048260644145
31208,25.875827758204544
31209,22.692822258243417
31210,29.713265480331245
31211,21.55735415180179
31212,20.259334512471856
31213,23.371857692730224
31214,22.035071059379018
31215,21.84223546409671
31216,27.686542925473965
31217,18.682818695660785
31218,25.848452658609958
31219,25.849779030151794
31220,45.049156076168174
31221,36.11505026151226
31222,42.80795342472656
31223,30.818901323052167
31224,34.78725216871292
31225,39.228517111017005
31226,31.608173777220372
31227,34.458317492076645
31228,37.72531770980752
31229,31.003866069673535
31230,33.288397148822945
31231,35.518005622214126
31232,25.206088119635552
31233,34.36770403921148
31234,53.0
31235,32.013605709038735
31236,29.736246993965253
31237,31.838481505201102
31238,32.8315767214931
31239,40.93182812741132
31240,40.03614565323467
31241,35.803886595586135
31242,31.50673873226674
31243,31.463028066194404
31244,27.974878534105756
31245,34.08516133095847
31246,35.08771649148931
31247,37.05215600034979
31248,32.777241298473896
31249,41.3975451860823
31250,33.09340877232405
31251,33.62371388526357
31252,32.61312954200866
31253,28.301714513472476
31254,32.74544474329615
31255,45.0
31256,31.664577947726897
31257,31.985159497100412
31258,39.492289522875275
31259,51.28864523298706
31260,31.17921985095286
31261,36.53886828493097
31262,43.06533024754531
31263,30.062062998151347
31264,44.00414524961519
31265,31.89058692339752
31266,61.0
31267,33.79146330559044
31268,35.18916249649566
31269,35.04943004009717
31270,32.325344989573615
31271,43.53491679412073
31272,29.146393196285615
31273,32.129556222549496
31274,30.15604602415474
31275,31.687374905257848
31276,29.008243310267652
31277,30.251143651022886
31278,29.76154522427843
31279,28.731142512114637
31280,32.23101741456157
31281,39.51629880476269
31282,42.965885600030035
31283,33.06867430591131
31284,40.72104465057822
31285,31.688272493176974
31286,49.67339199565798
31287,41.588794381851805
31288,43.82911472781368
31289,30.34132408093337
31290,30.206667670807562
31291,30.450041017791847
31292,32.772048190732605
31293,42.04444343531878
31294,41.00881593807396
31295,43.701401354217005
31296,32.2889296960389
31297,29.954140945192243
31298,33.49164237915841
31299,32.18292019309791
31300,32.22806271021956
31301,32.55853887477578
31302,32.69937024330295
31303,32.41419059748548
31304,28.66967659934366
31305,31.94484554696448
31306,35.75754406956499
31307,23.88034999624125
31308,26.335068661689085
31309,53.0
31310,26.683229525237856
31311,22.569247417098225
31312,34.99300610661152
31313,40.58424447525477
31314,41.675490621262334
31315,24.74123862436336
31316,49.80144987915968
31317,26.570217290495393
31318,33.42947660667832
31319,36.656916028217445
31320,47.87212286284055
31321,33.380703436907076
31322,33.81839688022049
31323,31.343605775023732
31324,31.25071922117303
31325,29.83138245074972
31326,31.500627614849606
31327,30.790802208936753
31328,27.57524574425478
31329,44.93367195931103
31330,40.974774171492385
31331,29.269318479085527
31332,32.226892521807095
31333,29.002971256743045
31334,29.089416754000865
31335,25.91164908000411
31336,39.945147549929274
31337,67.0
31338,27.3254902695285
31339,33.736079715943326
31340,32.275808735601544
31341,38.39297252444115
31342,31.31024365327621
31343,60.0
31344,34.02356211220509
31345,40.23177876549793
31346,75.0
31347,36.53935509458916
31348,30.372507561686483
31349,31.530506591898707
31350,36.27847315503394
31351,52.0
31352,60.0
31353,30.09960082859616
31354,30.491030511621226
31355,28.609082563268437
31356,29.445432319808972
31357,45.68003915252036
31358,68.0
31359,25.35643503602111
31360,31.431502142543906
31361,30.39948449335182
31362,37.61762926509543
31363,34.46096537951101
31364,-4.0
31365,28.57062515019078
31366,30.915800621777358
31367,30.217508478332974
31368,30.200853716444456
31369,30.64226573872172
31370,41.14787457257571
31371,28.957900981103172
31372,30.872156300389996
31373,35.047366022459926
31374,28.410504224919514
31375,31.558603879964373
31376,29.012866896795515
31377,40.19153041974257
31378,42.550329267802645
31379,27.884282247930557
31380,29.49999255851023
31381,35.68935993989064
31382,32.37440009082624
31383,48.554837548542174
31384,34.02388243045249
31385,30.453101600430223
31386,37.2269847195421
31387,37.039072521925185
31388,69.0
31389,28.472608891076916
31390,79.0
31391,36.37962869643909
31392,29.55771382275327
31393,31.6879997872583
31394,32.25773614667997
31395,43.0
31396,39.224292151822354
31397,63.0
31398,26.870060232905168
31399,29.677459921771288
31400,31.210349770034966
31401,32.27235257783836
31402,29.400457256622765
31403,30.71159831473355
31404,73.0
31405,49.00624203912335
31406,12.0
31407,29.646415048346412
31408,53.0
31409,28.480779349487754
31410,31.81931934137505
31411,35.373760793259805
31412,31.591178680722813
31413,36.45809087776323
31414,26.572495901434195
31415,36.06783087340157
31416,40.04080917150463
31417,35.36272748780491
31418,25.590579012524252
31419,27.28229367583974
31420,26.214960822915444
31421,27.46951370004689
31422,23.9143647847229
31423,25.167812479235337
31424,27.666620969438625
31425,22.707096107268317
31426,28.915689337940606
31427,26.721261984056483
31428,28.14816102042807
31429,27.195856776202902
31430,36.936505745721625
31431,30.400668340658285
31432,30.011205880653606
31433,31.282269899727197
31434,22.83558445920415
31435,25.84439050740235
31436,27.424403898722318
31437,27.386687495857913
31438,26.243075763775153
31439,28.033891526302533
31440,32.41951237536083
31441,38.31159351100241
31442,25.29934405402151
31443,40.4247131565312
31444,26.949352062033114
31445,27.867618447874463
31446,23.966258722651336
31447,40.63238926658375
31448,36.23439895028675
31449,28.971353890320216
31450,27.706032386143463
31451,28.23973984774259
31452,27.035308251931298
31453,36.91720874266407
31454,27.96224906668718
31455,27.89050941990085
31456,27.609210803726214
31457,28.999271759249282
31458,31.262848578810484
31459,28.20507798199636
31460,25.22072125195298
31461,23.17793194538282
31462,21.466457551826174
31463,31.09072511539165
31464,30.376562719356258
31465,29.19867298535484
31466,35.47812153742193
31467,26.59218337791744
31468,25.156139990513523
31469,26.20283150999822
31470,25.72548478206095
31471,28.248717261236422
31472,24.85937372317862
31473,28.590989669557928
31474,26.02483621554159
31475,42.140196132451166
31476,29.69688399219926
31477,31.698263215918345
31478,30.446888949969086
31479,25.859340826475943
31480,30.219598876452572
31481,33.897440132406075
31482,41.76803889092251
31483,25.770958825951865
31484,28.06736871500911
31485,26.901074906959654
31486,29.96337994558315
31487,30.76794913692335
31488,34.415989028505486
31489,28.625688609528126
31490,26.33664778234581
31491,26.76016095822003
31492,24.25496817291652
31493,24.067213965928076
31494,19.048342403264634
31495,25.582476725976292
31496,26.210182453191337
31497,28.77401497994886
31498,28.931955335921096
31499,26.20060124927381
31500,26.28423353494518
31501,32.962843536960925
31502,24.588010756290494
31503,23.994642933687096
31504,38.841108292349446
31505,25.635087105510788
31506,28.740432348805065
31507,27.381913624830297
31508,24.123404050838445
31509,26.980154015670536
31510,24.477362570160295
31511,34.510885533901295
31512,27.198668582920384
31513,29.07842179132895
31514,34.00855057157187
31515,28.31919502297572
31516,52.242948873975024
31517,59.88918632735799
31518,46.93986081938968
31519,46.32753410121504
31520,53.12265128781098
31521,56.72475717347709
31522,54.659454102715124
31523,52.071138130113326
31524,31.582909766718082
31525,41.75711014956949
31526,63.0
31527,34.543870689092515
31528,50.94759573722179
31529,72.0
31530,37.544072305763336
31531,42.35451693284799
31532,26.33786308544866
31533,29.24435650081329
31534,48.28736527120338
31535,36.47958057263663
31536,25.985398351458315
31537,32.20421596095858
31538,36.47764273988251
31539,40.87617949300803
31540,33.3521518986237
31541,32.30557172322395
31542,32.143092909914905
31543,39.16051276243362
31544,36.56200951010558
31545,31.068204634466603
31546,39.79752745094583
31547,57.0
31548,35.315958605682766
31549,40.220854586777286
31550,26.381705986982723
31551,38.682875144075226
31552,22.841172281294842
31553,32.87512928602624
31554,41.11275116484393
31555,38.26054908045543
31556,43.14138363706329
31557,32.073367535951846
31558,39.708848885060405
31559,37.486073070382105
31560,35.63654918342147
31561,44.96515894364241
31562,25.45143325355412
31563,44.853406765348666
31564,37.12216919524999
31565,47.96551053041846
31566,41.42363009367655
31567,37.43521294523208
31568,25.08404776615609
31569,42.16427564517415
31570,43.34921066746541
31571,40.576178867109924
31572,28.50202114279709
31573,33.312857570645974
31574,27.03934117940325
31575,28.229050724992206
31576,31.19894294528006
31577,31.207171388515462
31578,26.5440802586548
31579,21.43470246096491
31580,38.53855390009063
31581,38.43799874304737
31582,27.017133285751598
31583,31.213385867576882
31584,43.881584590644124
31585,-3.0
31586,29.98057302247117
31587,26.422877286936746
31588,21.866966465283653
31589,25.988745428146796
31590,25.678984049516984
31591,30.329505253337473
31592,28.858610275238732
31593,28.066370965453494
31594,30.835683543422377
31595,28.425758022728857
31596,27.046861547529957
31597,36.207924672591325
31598,22.977828409112927
31599,23.345168742084724
31600,27.066585999198537
31601,36.882733353224026
31602,37.606334407046695
31603,28.824397814917674
31604,29.465394537811335
31605,22.72190304136143
31606,33.31780184197636
31607,29.890429575133375
31608,26.80917654513555
31609,31.0248510404367
31610,27.159459728396094
31611,28.275028031925046
31612,23.04231607154051
31613,28.123812164772545
31614,27.02446240455631
31615,22.957061913880516
31616,35.66377413010557
31617,25.59889557340898
31618,23.456137822656522
31619,21.53368874238197
31620,30.656075217398133
31621,25.94690028035037
31622,27.962917100416746
31623,20.81373355141538
31624,26.48868458938278
31625,30.24203526422425
31626,32.24193178948909
31627,28.464143497417894
31628,26.094894640066943
31629,31.357005758533973
31630,30.013830286760637
31631,29.89712875158832
31632,32.32459963837616
31633,23.086397067918423
31634,25.31872853854827
31635,33.117475174155345
31636,27.817707527430017
31637,18.60497305915903
31638,28.62478802158394
31639,22.702685628467457
31640,24.90611887809689
31641,27.364138901326776
31642,23.45107840571894
31643,26.35575935539801
31644,24.138076471211395
31645,26.80769750462904
31646,21.55391895343715
31647,23.356127462142496
31648,24.991778650940958
31649,30.429741708504054
31650,31.57001413845805
31651,25.15052479461957
31652,25.937089185641288
31653,30.07665948547421
31654,41.0
31655,27.616303145797275
31656,22.089778881718583
31657,35.04775159676023
31658,31.61685991280371
31659,22.722102367836776
31660,21.977953144683198
31661,25.308778492682986
31662,24.1425984778947
31663,27.100263203355524
31664,32.74265331711632
31665,26.26156428341226
31666,36.91998169354907
31667,29.767717881645332
31668,28.77453091184492
31669,20.5725444024595
31670,31.05000827568358
31671,22.663223311422282
31672,29.774211413597435
31673,23.92052354182175
31674,29.545652564857242
31675,30.513175840996738
31676,25.81105530388835
31677,26.069121908282675
31678,34.131829444916704
31679,31.668849703064865
31680,29.226780652053286
31681,22.66793960086066
31682,30.952063326316413
31683,28.50713452328722
31684,27.200568187729004
31685,24.94970154226161
31686,26.601863146724217
31687,29.18580271204243
31688,28.55047812273039
31689,33.0
31690,31.71294346334094
31691,33.17827691043588
31692,24.535770550341994
31693,27.062478053662986
31694,30.109937673328027
31695,29.246518355922362
31696,28.683803349273205
31697,25.807544722954603
31698,21.690174588789365
31699,32.622672553258866
31700,29.967800994807384
31701,24.302876530959914
31702,25.722390985198142
31703,27.807488889923874
31704,31.98899351127352
31705,23.222671252035532
31706,31.546769493320447
31707,21.26689360145399
31708,28.49271167225193
31709,26.418649432171577
31710,26.05227891206502
31711,33.30091765567607
31712,34.49018513504951
31713,25.18939476610983
31714,27.520727549677012
31715,26.312908518521702
31716,32.96779631244041
31717,30.0
31718,31.028566306007292
31719,31.647915428584824
31720,21.455155368670628
31721,24.902063458290037
31722,31.468855244810875
31723,52.2510500812536
31724,44.445848460957826
31725,28.858105557394346
31726,26.44410865782202
31727,37.030926289608075
31728,23.388267102793996
31729,24.300016680417336
31730,26.727296123351582
31731,21.15998324609692
31732,24.944567238040584
31733,32.61578304850494
31734,34.63790479288859
31735,60.0
31736,28.06770631258425
31737,29.06328841614549
31738,31.89495114455245
31739,51.0
31740,20.021047765384107
31741,28.96678181900468
31742,26.593851463998433
31743,23.87509456298454
31744,22.15665372141621
31745,43.271288229338545
31746,34.511182453240764
31747,43.02926163248873
31748,33.44229622539974
31749,23.662539281623157
31750,35.77767467923332
31751,36.63831927892602
31752,33.722120150732735
31753,25.990874379420937
31754,25.262886152563908
31755,30.077192859427456
31756,37.54819618470976
31757,29.02308261281665
31758,27.710914420481743
31759,35.78064831761109
31760,28.342234693711617
31761,37.97640448156115
31762,36.03281292666984
31763,26.935157758443285
31764,29.519505614386063
31765,23.105524573945438
31766,26.874072554898518
31767,29.86945209301694
31768,26.00945677924824
31769,43.494126783392645
31770,37.66523599620693
31771,33.656567456033045
31772,23.0261953909365
31773,35.43110693142019
31774,34.632667890653906
31775,23.5846770640946
31776,35.909280793110014
31777,22.875839656884203
31778,23.88100827577086
31779,23.592854451125902
31780,24.757896979721885
31781,37.18465588205656
31782,33.818691740692856
31783,26.02207916976127
31784,30.59944772697063
31785,38.68649343174749
31786,36.67239569050386
31787,72.0
31788,31.515481817260508
31789,27.944045260553033
31790,64.0
31791,41.79087627809109
31792,38.107797289860756
31793,39.16786092579346
31794,42.4798131653254
31795,27.36823810036863
31796,33.73734937874809
31797,37.19667508985007
31798,32.23284515051213
31799,35.81038706274928
31800,39.63342701743492
31801,30.945001009238112
31802,61.0
31803,26.84818185119162
31804,26.93066815630892
31805,50.0
31806,27.569662156665593
31807,25.091959724067465
31808,36.424436264626024
31809,28.28054958034744
31810,29.142665018548037
31811,28.788619972272656
31812,33.213613608307014
31813,34.49853552636006
31814,27.43554015538237
31815,30.527100111733716
31816,29.600525312976863
31817,43.48149864599861
31818,39.236252216693124
31819,37.658501000133164
31820,29.964365945644452
31821,30.25845022988124
31822,27.075666860997885
31823,26.036814289452067
31824,24.711497125651277
31825,27.972929915305684
31826,17.532209854255388
31827,26.32644676463036
31828,24.025022077843136
31829,23.1859742686656
31830,30.552884785590877
31831,36.423706020862284
31832,38.89406413043334
31833,29.761579431653082
31834,24.364047677843217
31835,36.55641842104324
31836,30.01880928489326
31837,33.07461519329378
31838,24.155602230582222
31839,56.0
31840,57.0
31841,29.94443098744494
31842,33.77131079561444
31843,24.850255610743517
31844,31.149292790380848
31845,33.753476796000115
31846,42.569370905045076
31847,32.969194118363276
31848,25.906343409831564
31849,29.359291422789255
31850,36.353855335100484
31851,50.0
31852,27.164085522268778
31853,21.885683490194985
31854,22.54280555795325
31855,34.74981149105329
31856,34.94752256112663
31857,56.0
31858,33.4916680393266
31859,27.328958988985093
31860,41.0834895297446
31861,23.981662869332645
31862,26.330900878273276
31863,31.141899608038827
31864,27.395933301689006
31865,34.726643491351915
31866,20.778127598999593
31867,20.446398282989502
31868,28.069357754556222
31869,24.656144164359016
31870,24.995154433711697
31871,26.43572723295003
31872,25.644125139181178
31873,26.02884258453769
31874,37.0911968545151
31875,31.733707341293304
31876,37.844204587518824
31877,37.57789616539911
31878,24.440145226372877
31879,28.080501856576248
31880,24.485389575326966
31881,27.380897104106594
31882,27.085669722938306
31883,25.454146047053968
31884,28.20640966992906
31885,20.649248296826915
31886,26.871090879745104
31887,26.85868314458597
31888,23.99249771508301
31889,28.424184430871506
31890,21.839594925496616
31891,26.43544363688043
31892,26.97047565725755
31893,30.3346875317699
31894,24.542692986018093
31895,26.80767279958561
31896,22.833606768661717
31897,27.008106181244372
31898,23.837065829881283
31899,27.133227979176716
31900,26.576593871164768
31901,28.255254508068212
31902,27.636066756065972
31903,26.358024444645373
31904,29.264377056410964
31905,30.610254243178616
31906,30.77691129749733
31907,24.66396920028555
31908,26.42356327321986
31909,31.402420838998005
31910,21.223911538858943
31911,22.794304428099025
31912,25.560063810797566
31913,28.95166496819475
31914,24.09819650749205
31915,22.18410472178293
31916,26.476851880652823
31917,23.88377834509292
31918,25.877479843091617
31919,28.243178541355775
31920,24.658987991810733
31921,27.26569330585764
31922,25.227427336240908
31923,25.083948777466254
31924,26.558665622444877
31925,26.60473075324189
31926,30.500816276612326
31927,28.07965510700363
31928,27.2472060607397
31929,23.91363934569589
31930,26.20417924706499
31931,24.620483641093877
31932,25.094289180063967
31933,27.76134669019612
31934,27.791031236861215
31935,26.309630079112118
31936,25.625544694741606
31937,34.084729254275246
31938,23.896673896972715
31939,23.268354159813104
31940,22.83180241463814
31941,23.886379800552383
31942,22.791640628033097
31943,28.713779038816845
31944,29.67359577809586
31945,34.72993350236109
31946,30.990233333248334
31947,24.92273934377088
31948,27.547359780359393
31949,22.740122531085653
31950,27.335130180879055
31951,26.97919404592495
31952,29.207007524481625
31953,20.54821865039391
31954,22.469729933668116
31955,30.01751830260517
31956,25.368769067783063
31957,33.30712668802401
31958,35.106801916938906
31959,30.89930793120383
31960,32.71668195824889
31961,27.832333088896746
31962,30.62376174995898
31963,26.841730459845536
31964,38.93146925956191
31965,27.029745730811392
31966,30.79582261791468
31967,51.0
31968,38.383598833527635
31969,34.812519764877635
31970,26.210275561491017
31971,30.6718187904253
31972,38.31973524041606
31973,31.679457112391866
31974,25.516240144928354
31975,33.72649659184608
31976,36.79160103546158
31977,28.56856829005998
31978,27.25616192810258
31979,27.780373638038995
31980,31.90412592381486
31981,26.36927718816923
31982,38.34994210984206
31983,49.97832328910582
31984,28.658149176821155
31985,26.42066908137609
31986,28.538258275101896
31987,31.17006670500013
31988,29.924346408984228
31989,32.40808718803275
31990,26.31545438075422
31991,28.293235179145462
31992,28.465131101437166
31993,27.90678841393126
31994,29.09655472108865
31995,28.656591139783202
31996,28.471393517339422
31997,22.568384038299683
31998,28.218172030900803
31999,27.451801739788664
32000,27.256096160516094
32001,26.38386576301913
32002,24.735494621498518
32003,30.8074616061638
32004,29.70004256841385
32005,23.30634541814014
32006,31.899698034297522
32007,27.955386370648952
32008,28.265425205308716
32009,26.864162317949667
32010,28.929399064816316
32011,30.720204419740398
32012,27.29644017970626
32013,33.16993468289615
32014,27.856094767443004
32015,29.20027502625041
32016,27.229217898987727
32017,27.645389209295054
32018,27.282768015368696
32019,29.77661992665263
32020,30.317040874024556
32021,27.387748946782004
32022,27.70314023042549
32023,29.783540015749253
32024,31.828578732522175
32025,28.784236001053323
32026,33.37351251206694
32027,32.3065173904929
32028,30.950641157724334
32029,27.54470542794664
32030,35.59701486191857
32031,32.53505112768629
32032,27.420053515681772
32033,35.359379623523324
32034,31.382252177582437
32035,26.61584963018153
32036,27.069809245657524
32037,25.107443947304688
32038,33.668736865937916
32039,30.638602379235806
32040,36.14305941741931
32041,25.515091010493588
32042,22.243352899708178
32043,37.84198894121814
32044,31.626835327200894
32045,30.0
32046,30.979804058994013
32047,26.2554628634106
32048,33.49410660604805
32049,31.765626987490286
32050,32.50214671596651
32051,25.936031728027345
32052,26.813230868673934
32053,29.793495048160025
32054,35.87743332826832
32055,35.59192749938958
32056,31.899219209603224
32057,26.05408832891699
32058,31.122218874162513
32059,32.583559980178954
32060,22.0
32061,30.901684991720657
32062,27.326823978717968
32063,49.52145851495362
32064,74.0
32065,32.639579925656555
32066,33.13208022927117
32067,31.440781974678906
32068,69.0
32069,31.369632743171607
32070,28.256989248599723
32071,39.47846530812154
32072,36.19362156298098
32073,71.0
32074,35.39958588098599
32075,45.0
32076,34.34016088321598
32077,42.63542640862709
32078,48.21368208468209
32079,31.80308999707497
32080,49.189160934951246
32081,48.7608897719517
32082,29.732033702771233
32083,48.162960058564856
32084,38.349026624723905
32085,34.13430198024061
32086,37.19251678180527
32087,38.36221801449776
32088,37.749796405079714
32089,51.04895937211556
32090,33.25512923468472
32091,36.21278425683653
32092,48.764780516968685
32093,34.22082035864105
32094,35.880483156216236
32095,35.20905137058556
32096,37.273075595066494
32097,34.81307401603752
32098,34.41250240601787
32099,32.88148383693894
32100,46.06851821595285
32101,38.73547286168547
32102,42.254518470049
32103,38.0
32104,31.943005013248964
32105,33.01290670666541
32106,36.945289527760984
32107,35.12903769387603
32108,46.62760471981765
32109,44.91381968600118
32110,46.44559774026082
32111,34.30167293400534
32112,37.89344235455055
32113,34.61149003847227
32114,47.18643171023523
32115,40.91455918058015
32116,56.0
32117,41.19398896866467
32118,63.0
32119,28.76131096409184
32120,32.31445951466081
32121,34.51024006249121
32122,36.33435799170128
32123,22.243138566116805
32124,32.67803933045831
32125,30.55677983564472
32126,42.71010425934855
32127,36.044234177742624
32128,28.581854152683903
32129,65.0
32130,31.90074852792624
32131,36.184971654968116
32132,24.360062940780267
32133,28.52181892896455
32134,43.198394282223965
32135,48.44098384412364
32136,41.98370703244121
32137,30.533717197829077
32138,24.702729489774235
32139,31.435973603320754
32140,39.15003275407279
32141,30.594098867047094
32142,34.58177235398869
32143,50.47258959501481
32144,29.32902689326548
32145,44.27935803818093
32146,32.815361780096886
32147,25.979409889526984
32148,32.50175957650146
32149,26.164976992101053
32150,38.075441139086536
32151,63.0
32152,43.0686379432545
32153,26.10603746056821
32154,26.747149059421105
32155,30.282586178379383
32156,34.60775248575428
32157,37.65179254110679
32158,28.170768006441776
32159,32.150853561754786
32160,29.544229357264328
32161,13.0
32162,30.49192532326083
32163,27.0
32164,32.29872970462576
32165,24.0
32166,37.460866837262195
32167,37.49690039272906
32168,28.337336302150177
32169,34.10672100552367
32170,29.39121794656456
32171,26.715064609448604
32172,25.105719691165294
32173,32.0
32174,24.96744371207682
32175,34.827455241774885
32176,34.48578149404877
32177,29.475484995320542
32178,23.0
32179,26.807796616241028
32180,41.42972504991227
32181,39.36125012307723
32182,32.811204073414416
32183,31.06224488524603
32184,33.44403426714103
32185,29.388603148300085
32186,37.22956977187074
32187,34.71660064032573
32188,34.80736505603161
32189,35.71307842150132
32190,36.66632409235059
32191,38.76950267303938
32192,32.972283166662564
32193,37.92372645626441
32194,24.360704630874082
32195,46.971004218606765
32196,36.407769479947255
32197,33.0
32198,40.45913731849124
32199,35.885661899801335
32200,26.2160593064119
32201,34.8346205905157
32202,37.80287215011808
32203,38.40973864190023
32204,28.190811028832442
32205,41.438767306116375
32206,36.63629517149563
32207,52.0
32208,31.167638000359617
32209,35.120154517112674
32210,40.41773123044467
32211,40.08048257403192
32212,34.28932461347694
32213,36.12555228842725
32214,33.75997505998139
32215,36.76251835092605
32216,46.88011590368542
32217,28.0
32218,33.982150864002634
32219,36.64407788554237
32220,39.847917118940885
32221,40.52953126394237
32222,40.36416735482067
32223,32.59556287302543
32224,35.45022778751318
32225,33.0
32226,39.17635563431841
32227,32.785969326950266
32228,28.6515835115609
32229,35.184246167020184
32230,26.153843455037954
32231,27.795542572801537
32232,26.962285384044414
32233,39.29326454825315
32234,29.095796615159884
32235,24.18557549526069
32236,34.66882152146792
32237,29.28615067445262
32238,26.593407318854798
32239,35.68769459967658
32240,31.85898510249931
32241,28.849445262489873
32242,33.75180368999825
32243,32.5693624363523
32244,26.96832569826531
32245,35.05761607239049
32246,31.53905698729713
32247,24.7362159888988
32248,25.803011781530078
32249,41.04473391132931
32250,30.14007473887503
32251,30.62477739720024
32252,27.57688773416183
32253,32.18686850598402
32254,26.917885581694897
32255,36.08383174988428
32256,28.520213434075977
32257,65.0
32258,44.36331207367893
32259,26.25981633464175
32260,25.944900917114637
32261,26.57622882045761
32262,30.234248023911988
32263,38.319527078660464
32264,40.11674796390448
32265,28.957673982114635
32266,27.468098827098586
32267,27.33740229094643
32268,26.703941506307896
32269,39.19804754625755
32270,28.495438534400627
32271,2.0
32272,36.77579594356821
32273,41.3910067666239
32274,28.57562191128899
32275,36.40526192116851
32276,27.663525223828834
32277,25.845619588787667
32278,30.9848518686118
32279,28.135485629592253
32280,27.601066417632815
32281,28.977159793649292
32282,30.2281515865724
32283,34.79305776214001
32284,25.660156182341353
32285,29.79035515356952
32286,33.337698755178714
32287,-3.0
32288,29.31052576985052
32289,38.119056173397546
32290,31.039604297256858
32291,28.661413681373872
32292,28.712376816977468
32293,67.0
32294,44.296475342745815
32295,32.84781809346623
32296,28.285643946405152
32297,30.554154612278218
32298,2.0
32299,25.81705882575245
32300,26.167649895325077
32301,35.158357010906975
32302,45.426388429441445
32303,44.40679038843243
32304,27.563053427457916
32305,45.234637880498276
32306,36.80414850298064
32307,29.712198660086173
32308,30.74010019503352
32309,35.233835422202084
32310,27.17634779788034
32311,-1.0
32312,27.500117800676023
32313,25.444977281922448
32314,28.48893415269353
32315,67.0
32316,30.251341669234364
32317,34.34123004666856
32318,27.152797155337367
32319,25.449821690146486
32320,26.74495031323795
32321,28.794504931183603
32322,30.519024390489598
32323,27.36606730820668
32324,38.547227639995846
32325,26.373664324744027
32326,22.91810518520488
32327,22.793517413556394
32328,30.501353188182712
32329,23.331598162841274
32330,17.38392585299008
32331,30.859619798729554
32332,26.502899040738413
32333,24.03502616014292
32334,26.838494030632816
32335,23.45908025352169
32336,23.710769199423282
32337,20.868569378359762
32338,19.087812203409523
32339,20.12122379501803
32340,23.92715751591294
32341,24.485888399293593
32342,29.41316728510148
32343,34.72550381985188
32344,21.365795056564515
32345,23.24586268182652
32346,29.47218764459774
32347,24.56480820084581
32348,27.600698462021576
32349,22.567517277506393
32350,27.42857423657871
32351,23.524005681479863
32352,25.332435104081284
32353,26.798946602250822
32354,25.044597234991713
32355,25.876916641673024
32356,23.17297740779409
32357,28.218914526492973
32358,19.894511334347136
32359,24.368559602314214
32360,27.08027566450516
32361,25.300320279127323
32362,29.152893453348973
32363,26.008773787729123
32364,22.96765223425434
32365,25.909812343309707
32366,16.59553137578373
32367,22.34081447858726
32368,25.254449859748988
32369,23.143820515962755
32370,21.726975636968135
32371,29.060006729953344
32372,33.12437636477804
32373,20.53690361601985
32374,24.4705579591458
32375,23.269334936820343
32376,25.80181630388295
32377,40.70822241085631
32378,24.957131679944368
32379,24.8237562295784
32380,33.28166691733173
32381,23.251600444240612
32382,37.97662733289607
32383,35.25242059061287
32384,19.303588196246093
32385,29.34273055197953
32386,28.466737172160663
32387,29.709414880682736
32388,34.89547449071279
32389,27.87566483937632
32390,27.4763966515482
32391,25.646116697557847
32392,27.159861430896086
32393,24.291837095502586
32394,27.949854244239106
32395,26.09224620258307
32396,22.13208124822064
32397,22.86420395299164
32398,38.749449242360285
32399,17.887199817529165
32400,29.46314962871621
32401,32.870107241624574
32402,22.727536282964113
32403,20.264358110763194
32404,35.74103498973907
32405,27.930485815191695
32406,19.699413604629967
32407,19.279855068940332
32408,16.063829414962964
32409,66.0
32410,35.39603589921875
32411,51.41495249762733
32412,11.0
32413,45.42849620788449
32414,46.25520619692449
32415,55.0
32416,54.0
32417,48.244402181776465
32418,38.08277787983246
32419,35.45679628871347
32420,36.10597769279161
32421,55.27650894895899
32422,40.469922316077756
32423,72.0
32424,71.0
32425,31.830913965459658
32426,25.615761488112593
32427,34.268158774592415
32428,35.13029621751078
32429,26.84097887197033
32430,45.41142732288354
32431,34.811925257515384
32432,52.974326319281104
32433,36.0
32434,28.632192583880638
32435,35.79127232569342
32436,34.02539355524019
32437,33.19137223710086
32438,41.06231278467121
32439,52.495861461476665
32440,45.825298349466
32441,36.70361049750836
32442,45.579396879377704
32443,58.0
32444,35.49757007799389
32445,30.933273890906264
32446,29.43032488688879
32447,31.777965105325165
32448,35.23192896922768
32449,39.762847377105714
32450,37.01454552097859
32451,40.86142279589962
32452,35.26737174339601
32453,48.99342661066372
32454,50.128798153337506
32455,42.28850991444721
32456,37.28099496464833
32457,43.56315669386494
32458,34.05266055644227
32459,50.41558124580818
32460,55.0
32461,78.0
32462,43.0
32463,34.2438265667306
32464,32.29904603612734
32465,43.006351687775265
32466,33.9865118338861
32467,34.89090016995743
32468,32.1573469982473
32469,36.900019943783505
32470,48.586083124180405
32471,37.89666214876062
32472,30.428939608290264
32473,38.12628929329912
32474,36.088590086115175
32475,47.76476797060859
32476,31.617375288142277
32477,37.907657585172316
32478,44.64513289532046
32479,23.716735480977402
32480,27.28561914317079
32481,33.13956212667897
32482,36.84332726413046
32483,23.1577220612645
32484,22.716165626447246
32485,53.0
32486,20.95993602812661
32487,48.01093482415209
32488,51.0
32489,36.989280168717265
32490,23.69964789977083
32491,29.16351227738675
32492,33.20881659718281
32493,33.05162864782543
32494,31.510167188650456
32495,25.241050728571224
32496,27.41279873474796
32497,25.354343557489024
32498,23.353887450680233
32499,28.602494814196703
32500,33.471624109464564
32501,29.796822229490537
32502,26.32872610208129
32503,68.0
32504,58.694812748422905
32505,47.92535341290796
32506,29.982219442716044
32507,63.35706693782841
32508,36.626564848025495
32509,37.33223872724743
32510,34.93299454758353
32511,37.73551893266555
32512,29.316559551857324
32513,45.14140411531484
32514,33.10940369575258
32515,36.28868595529147
32516,33.56336862234966
32517,35.636289160226156
32518,50.006456388410164
32519,43.78719860282554
32520,64.0
32521,36.1488591161481
32522,48.43292348846621
32523,30.863150085742895
32524,30.578974548098557
32525,39.749526341057766
32526,37.961536445137746
32527,37.47444811180316
32528,34.140858682054485
32529,64.69549967309987
32530,71.0
32531,30.91480089523381
32532,26.582363244606363
32533,21.22797885923588
32534,35.73574100566397
32535,31.254339300942178
32536,47.04248974767376
32537,29.278622666105463
32538,41.01645293688243
32539,35.46401933721154
32540,31.38922393597793
32541,38.30324699460307
32542,39.77205400566301
32543,25.040946143102964
32544,39.783222200807984
32545,62.0
32546,31.34527407508248
32547,32.82805521772315
32548,35.65605669050129
32549,42.58071857669544
32550,28.429217404148197
32551,39.621540425798855
32552,29.655360614476088
32553,49.38143483077309
32554,32.3583129148792
32555,31.447791827558135
32556,38.97899298927904
32557,23.57374146965759
32558,37.37659027240888
32559,34.65182923547073
32560,27.071598429903084
32561,32.056163459002846
32562,47.82599806848874
32563,41.2727513053829
32564,25.73279742124624
32565,38.260798254443834
32566,32.86160048440455
32567,48.777117692391506
32568,30.81025582826635
32569,32.658764496173355
32570,53.51730701230675
32571,40.0
32572,38.61894134691372
32573,28.538575077886804
32574,42.33293926295545
32575,35.52275191240601
32576,41.70913665861669
32577,36.945566925566936
32578,35.544602638757354
32579,50.992725500998226
32580,35.42632607108686
32581,35.0872235105144
32582,20.549772720801677
32583,21.968016500136283
32584,27.727331721191717
32585,23.22664945361219
32586,22.361184611746843
32587,17.86036593096235
32588,27.29067242440484
32589,18.981466955002826
32590,20.09577682517207
32591,22.337429417166476
32592,22.140273539157484
32593,21.10641586196336
32594,28.182516806730078
32595,18.953456409170126
32596,20.267011735558295
32597,21.22721235474189
32598,24.75533506829477
32599,22.371118149102006
32600,24.42173834391577
32601,23.87385131176604
32602,27.468193527368072
32603,26.38479941446823
32604,18.781885513071728
32605,20.0275951199167
32606,19.17754135105724
32607,21.884373365465052
32608,23.342969291651798
32609,19.55724741325604
32610,21.944166400444274
32611,21.264833778689393
32612,28.229873856575963
32613,20.239218377982198
32614,23.584082393233302
32615,22.847003379772648
32616,21.292425866705564
32617,26.69031440810221
32618,23.1918851190123
32619,26.084674126136647
32620,24.94429903630849
32621,21.640696335989286
32622,20.263383786100814
32623,22.804693939197534
32624,21.075310227188293
32625,20.51394822048263
32626,16.021328643676082
32627,19.373479677784832
32628,25.113328725953366
32629,17.872709582211307
32630,24.530406786355364
32631,21.2020880375796
32632,25.04736120751256
32633,25.208515147288374
32634,22.08669123752263
32635,23.50748816921467
32636,20.38861998306439
32637,21.680929269495802
32638,24.40638987923297
32639,19.16880589158548
32640,20.010940031043074
32641,21.75155850741446
32642,25.76831721330765
32643,23.470704008357387
32644,18.936399058329314
32645,20.829409403822616
32646,23.760841006551335
32647,20.645220236096158
32648,18.376609877671115
32649,19.89613305802505
32650,26.905596676602897
32651,19.73242196870513
32652,24.640569455807686
32653,32.17178790877034
32654,28.757334661131793
32655,20.79057701649352
32656,22.92433083192641
32657,18.61733268762342
32658,20.15281387864779
32659,22.889507368849593
32660,26.862903796612617
32661,22.424137208705012
32662,23.14952687645807
32663,23.568062829539286
32664,23.79130592025011
32665,21.462490537282584
32666,30.29896754581393
32667,20.941394224843464
32668,19.24940925022553
32669,21.149277107965517
32670,23.126861401430304
32671,22.571217104002805
32672,23.56758530381132
32673,20.557116925502463
32674,31.971344784109235
32675,30.99303894139988
32676,33.829303679016725
32677,33.45213302360347
32678,30.579416986702427
32679,27.295891118125788
32680,30.5838099495057
32681,31.778223178242015
32682,33.89384699262172
32683,44.58889523622751
32684,32.0787555426924
32685,30.378997848101946
32686,33.60863001439585
32687,38.687194006350786
32688,35.220914606817416
32689,27.66362097970086
32690,35.377207262403026
32691,30.0365640687793
32692,45.668229066863695
32693,33.42399813057826
32694,32.36554500103836
32695,33.766592533305435
32696,37.11178442912364
32697,41.65259625850235
32698,31.553808910929078
32699,34.40444425276207
32700,38.41317566003968
32701,37.398728689737574
32702,31.862574341680244
32703,31.861419435851893
32704,36.58076064407673
32705,33.29529040806274
32706,32.73289934305015
32707,49.530256163891835
32708,44.94171927511611
32709,36.02656243266639
32710,33.0961726127984
32711,36.06914371713881
32712,46.672831644189365
32713,41.21622750334971
32714,38.01457561521511
32715,41.412988023667026
32716,33.968688244829615
32717,37.776903954327395
32718,36.21226684397555
32719,40.234372693512626
32720,31.13214864649116
32721,41.0
32722,46.468752314405045
32723,35.782600859390044
32724,29.782586854663343
32725,37.99210591998283
32726,33.79798236676662
32727,35.11423738547151
32728,31.578832279944024
32729,32.11396233010999
32730,32.67043909284686
32731,26.752588539296717
32732,33.01826735632449
32733,36.00336275258107
32734,51.55409901855742
32735,34.7895863744645
32736,33.697471738193975
32737,27.18038432013111
32738,35.14509048550991
32739,26.495732772914803
32740,24.32729967363701
32741,39.22617779783926
32742,32.7884070808374
32743,47.963967811090825
32744,36.12114985916616
32745,36.016182867487835
32746,38.93680879884949
32747,39.33054916227308
32748,32.4016847410299
32749,35.865848528483156
32750,48.780385495869126
32751,33.62065707834496
32752,32.25200510223067
32753,42.340673407562775
32754,37.766281695207
32755,39.0
32756,32.68923949918006
32757,37.71083795404314
32758,68.0
32759,62.0
32760,35.343849469574764
32761,32.5393899768769
32762,23.393260592955507
32763,21.735118918170755
32764,39.029451479912595
32765,29.951597862445077
32766,31.87970725480767
32767,41.879197831376594
32768,25.253986885450093
32769,28.98660902480208
32770,31.009990078225066
32771,28.021599384778
32772,30.297799178174138
32773,43.73891759816433
32774,30.718391379641098
32775,28.342286425028355
32776,30.55162178528557
32777,31.53587950789442
32778,41.11458212446766
32779,29.354796563276864
32780,34.0533625557104
32781,30.513713888283107
32782,24.960328564741232
32783,59.0
32784,24.381347967847315
32785,28.880877363536783
32786,44.51532553895014
32787,42.529293553821084
32788,41.041300999514476
32789,27.365132035991607
32790,35.39507533901138
32791,29.082212931465797
32792,29.333410754796745
32793,36.89675229244392
32794,30.499194868910777
32795,24.5563457513467
32796,27.0740880859765
32797,23.862573237158855
32798,62.0
32799,27.862597270082766
32800,24.67438875883041
32801,23.72111963291959
32802,42.944662821143226
32803,28.245206257362653
32804,-4.0
32805,26.909035361868987
32806,28.878586488490882
32807,29.54380746851546
32808,49.0
32809,28.84131540751308
32810,24.920348029860904
32811,28.028859797099635
32812,32.548098133021796
32813,29.962611426094554
32814,27.362923128511895
32815,27.826410927667574
32816,25.62919451161836
32817,28.722792096294967
32818,28.468980530642206
32819,24.361915803277878
32820,30.801988088250596
32821,28.87661249259611
32822,36.53587933325383
32823,30.080100318520408
32824,34.513038812491985
32825,26.659861415041775
32826,37.260540268828706
32827,26.15409512579976
32828,27.683470324386278
32829,28.096222050393706
32830,28.15262467693627
32831,24.40796962302868
32832,26.015411086831946
