ID,track_popularity
26266,28.773474566685636
26267,28.952829831035324
26268,29.15478557363897
26269,26.917958203470462
26270,47.850011212097584
26271,47.434243619990006
26272,45.028433915200324
26273,48.32326735821648
26274,49.97810674658119
26275,31.413827862588086
26276,33.919546743953305
26277,33.85386642934163
26278,41.407513601490614
26279,39.206703535753405
26280,22.651684337321157
26281,22.973826228491408
26282,23.594026327124865
26283,27.551697017780853
26284,23.66086641322633
26285,23.37883642157948
26286,22.2125774244071
26287,25.578747565895384
26288,22.24365655279956
26289,20.203907331167247
26290,23.62260039986964
26291,24.416673438822627
26292,31.98916284812753
26293,27.183705721059066
26294,33.44908002264344
26295,25.495697760185962
26296,21.675851761035936
26297,25.770548576738687
26298,31.123312173359786
26299,39.31544046623239
26300,34.681120790269574
26301,35.32393030061358
26302,30.295805779106622
26303,33.99145148024985
26304,37.1108808977937
26305,33.87368123045065
26306,35.01041365954586
26307,28.302849474290788
26308,25.659192963639693
26309,32.38195350429021
26310,30.025718037080292
26311,34.40634834704083
26312,30.19554490760133
26313,30.742493075250117
26314,35.46508419268474
26315,34.95850490909521
26316,34.139502618235966
26317,31.341893644787042
26318,5.8938675269972254e-05
26319,28.656108190069677
26320,26.713374541198675
26321,26.40052123232374
26322,26.63236395710836
26323,23.127526714837767
26324,29.37409333827486
26325,27.440400826019406
26326,29.216978377827648
26327,33.345008908978244
26328,28.974900542682484
26329,23.819583004359963
26330,25.124922505405863
26331,34.59271647706419
26332,22.096964505582623
26333,27.043158621606185
26334,22.374477816333243
26335,33.91557701207912
26336,40.38254168779309
26337,31.72110153617756
26338,33.375677895766884
26339,23.798629343417034
26340,27.76671956078347
26341,25.480115788662374
26342,17.538947860920096
26343,28.98398558313884
26344,22.142429678616068
26345,24.965876985103492
26346,29.154071865743795
26347,26.416297308419388
26348,25.135475430583952
26349,31.01890283763282
26350,33.99586653762053
26351,32.747938264179325
26352,28.277850121534875
26353,27.284029444362503
26354,27.335814356661764
26355,30.496192444241583
26356,22.00291773644758
26357,30.961471398202157
26358,31.1461756828037
26359,34.52230715942515
26360,23.108840059091847
26361,24.503116336227315
26362,34.717697932953705
26363,35.85168126447499
26364,39.02182038196392
26365,38.88923796481157
26366,42.40373999181177
26367,61.350376155855486
26368,26.918954456237195
26369,31.892184086287926
26370,39.06258368824317
26371,45.99433558461199
26372,17.141893600186563
26373,41.4595811922477
26374,39.68839309010449
26375,38.697770655210846
26376,34.41623916550209
26377,41.680275008817716
26378,33.764041645715324
26379,33.65547418715619
26380,10.757035544497967
26381,41.91528828933118
26382,17.448408626612306
26383,25.74220664458403
26384,53.86071229386179
26385,21.755036967472876
26386,28.92206407842579
26387,31.258451272594392
26388,30.999975445518828
26389,49.81466287131352
26390,29.553080392017748
26391,51.80767441825864
26392,19.351440009775366
26393,22.43167903208965
26394,29.951623719831645
26395,36.65782814856099
26396,31.00444740510482
26397,32.935724455491204
26398,29.916980823824854
26399,30.81615286288558
26400,32.29058359762717
26401,28.341275298578726
26402,36.77507920295355
26403,20.161047801545944
26404,36.745019587610685
26405,50.5695807136899
26406,51.07219224441584
26407,10.244646207892629
26408,22.986253115566782
26409,26.743443286867475
26410,28.155192913057093
26411,25.864510303447453
26412,37.77734863332553
26413,24.87006963099687
26414,39.56772524794343
26415,30.546577159603466
26416,28.456607549140195
26417,32.918144595060035
26418,34.97335009088145
26419,61.3042273821499
26420,37.068671989565466
26421,29.131591380992674
26422,30.66553584797866
26423,37.73399522772348
26424,28.994865358758908
26425,28.961126819541313
26426,27.668177713096767
26427,26.692232561017214
26428,28.377736109622283
26429,36.67573468205974
26430,62.38042877360111
26431,56.69047491780955
26432,31.491943330679078
26433,32.78015692602861
26434,27.02967540506539
26435,31.415600290263008
26436,29.81288692611831
26437,30.604030308969808
26438,30.821881507549406
26439,24.584946604142203
26440,28.66216073973485
26441,33.53597667069555
26442,34.51959041249005
26443,28.938292903199226
26444,35.172040592522634
26445,62.13166829743719
26446,55.50772994508063
26447,17.732374202173055
26448,34.64977806986941
26449,55.54507243213472
26450,63.61120187532013
26451,19.54963238627925
26452,23.158694499374278
26453,25.055682718774626
26454,26.331873196648257
26455,25.603945168001353
26456,21.9861813622989
26457,23.222656304249
26458,17.280814093888154
26459,20.504673810709484
26460,22.5395592820079
26461,19.269213733563078
26462,14.66441377369845
26463,16.74879977873657
26464,15.443268169651791
26465,20.780036389448004
26466,19.450078192040472
26467,22.623298794577522
26468,22.60633401037176
26469,24.64342379174809
26470,21.33546912992304
26471,27.83839744654143
26472,19.261366543992274
26473,23.60989925056196
26474,16.044601458311313
26475,16.809542959828722
26476,21.78780720068761
26477,21.15255135598481
26478,23.854584819716862
26479,24.04187918766877
26480,20.821683686517673
26481,28.445444993890717
26482,18.682246358818826
26483,25.78910219949713
26484,23.10583338175371
26485,25.201799875805165
26486,19.154776141368195
26487,23.239395145231562
26488,24.00210149778944
26489,24.803076720666652
26490,21.98884825764317
26491,24.592906533031186
26492,20.54317556371071
26493,19.668989003974765
26494,19.647879231678093
26495,24.440594805584404
26496,21.568041435158314
26497,23.29371191051004
26498,26.166960809323605
26499,22.91161289734416
26500,22.25224947293689
26501,26.207179903307555
26502,24.016637998480164
26503,22.29070918956461
26504,18.101369441897255
26505,22.66088946304928
26506,22.005081548313292
26507,11.69437007344218
26508,20.578308929516282
26509,21.90738911914766
26510,26.733726357710353
26511,18.963319532515584
26512,30.092362452634234
26513,13.039964551529115
26514,19.760319107056393
26515,18.532160863691693
26516,22.22099506497141
26517,22.11244489445272
26518,24.468867807939425
26519,16.20410845716271
26520,21.565794175545598
26521,22.06674253368419
26522,22.42866675597838
26523,20.30055398874631
26524,18.454889250561674
26525,22.21330748201055
26526,27.158059562092742
26527,21.04389056044385
26528,26.406684442461973
26529,31.219757779925143
26530,22.81934497015203
26531,16.455509655519585
26532,25.790189674122416
26533,20.598074491505102
26534,21.0538372518971
26535,19.067100177423754
26536,22.40321780963251
26537,26.37071348068734
26538,24.035272673398694
26539,23.80393723540847
26540,19.94484082901973
26541,25.969326773142306
26542,21.42175530961333
26543,22.27805096040294
26544,23.19079031966487
26545,26.18498531312789
26546,23.975115371998015
26547,23.788918843579644
26548,23.11181981651988
26549,21.53342567478036
26550,22.41099207903097
26551,34.781420198409705
26552,28.80360823113549
26553,26.603192694274142
26554,14.638312381418293
26555,12.853367954813717
26556,74.10564285556589
26557,24.493584356124714
26558,16.398890738425912
26559,25.26910260983305
26560,20.90850905202212
26561,30.37677696305293
26562,30.837311167851624
26563,21.86601162997035
26564,24.31409419074899
26565,13.996331552102857
26566,19.209642778494036
26567,21.23056269304647
26568,30.45327996032269
26569,22.35304831201223
26570,13.517539431980847
26571,41.93082470066088
26572,7.822423067548796
26573,20.306697646568924
26574,27.645298838444226
26575,18.12231465267575
26576,29.905894605490595
26577,13.942641606461372
26578,24.349555050738545
26579,24.95149381435107
26580,29.378939472133034
26581,34.15797499747939
26582,25.55884363235873
26583,28.129159920286106
26584,20.350858909093986
26585,29.28292283824746
26586,29.78477845601666
26587,17.719522708249052
26588,21.140022698292114
26589,9.479772689336837
26590,13.312822768934769
26591,25.601092137236684
26592,17.616344530142587
26593,42.40383897893338
26594,22.23114633994097
26595,74.88564559941284
26596,44.483998763746186
26597,22.08084456584412
26598,48.86958139757128
26599,37.137458695176875
26600,52.109212240760236
26601,77.49534414908905
26602,20.911832085472177
26603,19.41803552042976
26604,18.29478860054519
26605,21.718869021696616
26606,41.5312572179032
26607,38.421210647978086
26608,36.1957506645015
26609,25.845400706423792
26610,36.18134749854582
26611,47.17972721013382
26612,23.306864358392147
26613,45.05617177379477
26614,59.67393491386898
26615,49.469143950251066
26616,28.872402982000104
26617,56.69154947847696
26618,57.21854118182377
26619,41.48877278027876
26620,43.212389169297005
26621,34.89782380248357
26622,15.642772145605926
26623,23.88347412907018
26624,33.44582588228775
26625,24.783478453885813
26626,50.836472425804324
26627,20.838977506506257
26628,20.858291400491666
26629,22.505486479324123
26630,42.51495776021373
26631,33.203282826047015
26632,21.113758056599288
26633,27.21582997766743
26634,1.8270021269910786
26635,37.09985695965969
26636,26.7500158206349
26637,0.45075357798615134
26638,25.642908731886234
26639,35.86355429556549
26640,41.1909888212582
26641,28.026154709881965
26642,0.2629844898185567
26643,33.5987432186482
26644,7.244661481369384
26645,27.616869620500758
26646,20.17210476858694
26647,33.78666798981689
26648,33.52105050292181
26649,22.27836811033869
26650,52.08004111606749
26651,18.91074340763371
26652,32.61778917233757
26653,40.384029845536126
26654,28.50105290755713
26655,21.784250968174494
26656,6.532845523845355
26657,32.38581132440672
26658,48.87828504671846
26659,19.21828364410636
26660,31.24327099657036
26661,21.03228608818001
26662,26.768011889127273
26663,31.536300139690375
26664,26.553206524286676
26665,20.02903001871502
26666,26.491124163029266
26667,28.69354069916548
26668,37.24087774134999
26669,24.37395823636979
26670,20.07425181188914
26671,22.508996157833693
26672,28.741871951141498
26673,28.30597726517231
26674,36.441784245165216
26675,22.783119172797786
26676,41.71005552628091
26677,38.5927310201734
26678,29.64500277593637
26679,22.578108631071665
26680,20.29033917463233
26681,24.375575962080145
26682,21.986532306000143
26683,22.836346676507034
26684,26.568772685488817
26685,24.074031920443883
26686,14.13178045389405
26687,45.937801113281
26688,28.57098480273023
26689,41.79222459339154
26690,30.771598529554765
26691,29.237145137722315
26692,23.063107263599107
26693,31.81203095068934
26694,23.909011042879868
26695,16.64481808403002
26696,38.050157340764656
26697,41.627700418331386
26698,27.021900400522426
26699,26.778852473543417
26700,22.7719626318337
26701,47.374751473192156
26702,32.318206334934395
26703,38.93636225249135
26704,25.041479408530776
26705,29.5914669928254
26706,55.00329716847933
26707,35.70505060649761
26708,30.101043675430688
26709,38.30579085337649
26710,24.001495870200806
26711,29.42049722955951
26712,27.990203008346505
26713,24.524699899533722
26714,25.60449538765544
26715,61.73856944790704
26716,33.04554602646169
26717,33.1241644268437
26718,32.55466516099273
26719,29.838443209457303
26720,35.93565955708086
26721,27.013936504473236
26722,22.030635342739846
26723,30.365634951236146
26724,28.821883741708724
26725,34.887194106179194
26726,31.872519427696496
26727,29.13800397862031
26728,31.48774587229374
26729,29.48544410192249
26730,30.993171991847113
26731,30.024351424595373
26732,49.511504150347946
26733,22.854132302895337
26734,24.420198463201558
26735,38.22976967376515
26736,32.03416202764335
26737,26.37182899804592
26738,36.56214431374862
26739,24.660667230937364
26740,36.139781472850295
26741,37.03961883455982
26742,28.169251343734473
26743,23.13572047068176
26744,25.97398238548535
26745,32.68925749543345
26746,23.859339117868377
26747,26.038944023446188
26748,25.206924105099677
26749,48.55386942131302
26750,19.081802127208025
26751,43.86763979765945
26752,43.82055502785843
26753,38.5211089798829
26754,37.88355434068597
26755,28.35297607817887
26756,44.22747695834111
26757,23.946540931247768
26758,19.68882893577798
26759,32.95991788993685
26760,23.57247041750958
26761,41.57961175660189
26762,37.911932867770375
26763,27.055304175991218
26764,42.182823502862085
26765,39.109163361979576
26766,27.580892048443268
26767,27.073278994615727
26768,26.90761389259056
26769,38.53279673470912
26770,30.88088545877708
26771,54.55212512342716
26772,34.27415532441776
26773,45.274838096081524
26774,26.539766029691464
26775,21.40524020422859
26776,52.053413994975315
26777,21.79593125290075
26778,41.05580665901035
26779,38.99806523185184
26780,24.801039193306387
26781,23.208856616742374
26782,55.84565036551648
26783,23.652671419795528
26784,30.82992534417977
26785,27.59534306796698
26786,24.261514358658644
26787,28.02806854749491
26788,25.258349850058075
26789,27.875430116706212
26790,10.795875966982347
26791,11.092249733665973
26792,29.68848669987326
26793,18.759454417602484
26794,37.258288429559386
26795,31.896780311975323
26796,36.64042567156602
26797,33.66098494867444
26798,36.17542012403045
26799,40.43014440666612
26800,39.29336574072887
26801,38.43895475917776
26802,25.357382034335398
26803,33.880188236348104
26804,41.668242398564836
26805,51.84268028531085
26806,41.239648898646955
26807,46.843370832622824
26808,40.118847583117585
26809,22.631075716478094
26810,38.57333959751182
26811,39.22388459955338
26812,43.018448000670745
26813,40.204392298277504
26814,41.27936149420163
26815,47.8777355173933
26816,38.33917976037449
26817,66.39375554834575
26818,22.715188788729392
26819,36.28039047535104
26820,23.996320587939465
26821,9.47259951689895
26822,39.944315159713256
26823,33.68080593583376
26824,58.008374960894045
26825,19.585821141680082
26826,21.62357427335788
26827,63.26237104916041
26828,29.81712460308335
26829,38.11494433050122
26830,25.099820555585467
26831,46.39098485889426
26832,30.003660784048012
26833,35.481327904592106
26834,24.95879461309577
26835,20.654867630548623
26836,39.826923878383454
26837,65.33538147100025
26838,42.59932031697779
26839,11.019198689155186
26840,29.230898831793844
26841,33.32833219044346
26842,43.12929228106225
26843,36.71792844966532
26844,32.877159928347574
26845,16.60221166230381
26846,33.47757996417595
26847,13.875538666802033
26848,37.77189815394954
26849,42.89276368319828
26850,41.954763608321876
26851,20.244119449824783
26852,37.5617631144792
26853,58.591749063555724
26854,71.48170533197859
26855,42.34939383802155
26856,44.808060203750685
26857,59.86519439442025
26858,38.0826195440583
26859,49.63814685010598
26860,43.973686286580914
26861,33.303601792179734
26862,47.32706984867901
26863,32.362646678140685
26864,32.02700856763545
26865,37.82951880079261
26866,33.84840537798702
26867,50.45726379460004
26868,51.29687828533024
26869,45.42208827171734
26870,40.465792978916525
26871,46.591363101346545
26872,59.26653693250433
26873,27.032695406200602
26874,36.72260771393258
26875,39.57169753928642
26876,38.85353655730111
26877,46.65191134435287
26878,67.44684996235091
26879,31.493027087815477
26880,56.54164275272761
26881,42.434640473334355
26882,43.76466092547735
26883,37.79738499241971
26884,49.34723109647748
26885,35.285679898177804
26886,33.39284037907842
26887,47.30009569211856
26888,59.14948917316733
26889,39.12638108031122
26890,40.17931779898541
26891,48.89408676322556
26892,57.375488856531916
26893,32.81751379664773
26894,35.151285999410504
26895,63.74604853549655
26896,39.02207883703416
26897,54.75117365479596
26898,40.59793608561556
26899,55.227380180584845
26900,43.42523712472768
26901,40.22822645865716
26902,61.611476722494885
26903,39.51867753603224
26904,35.412624023620914
26905,42.86800316897502
26906,50.32169526748805
26907,38.94061088761086
26908,44.104784601437956
26909,41.278393511749016
26910,41.11503982041661
26911,45.173681763978465
26912,40.97054590377955
26913,41.39898219649933
26914,54.3020157378393
26915,37.046251075292005
26916,40.529075386061336
26917,69.97202307635979
26918,41.023807752124014
26919,38.63514091170024
26920,39.49418634197927
26921,49.20028879446281
26922,29.55715953923777
26923,49.31531605177628
26924,35.476558631761336
26925,38.30934165314686
26926,46.639500985499296
26927,37.34580315344525
26928,39.891283265570415
26929,35.63061403617549
26930,37.445999432895064
26931,34.503794180204295
26932,40.00305354208546
26933,36.78222790523767
26934,39.23522510122134
26935,36.89792682292507
26936,46.04922251955318
26937,53.922528081025604
26938,38.422023024462874
26939,33.60647433587857
26940,37.40323135835212
26941,39.35974871712948
26942,32.83258430387892
26943,39.20706307567455
26944,42.72813309336606
26945,44.0716864833245
26946,45.492021002000904
26947,35.97317825264595
26948,37.267272824777294
26949,30.54759030718038
26950,43.84014138188041
26951,29.03653593984975
26952,34.58413125707919
26953,38.33506507249179
26954,42.535657503882604
26955,36.83022941742207
26956,39.38023516328489
26957,33.723080823850346
26958,48.99438485633243
26959,24.012319849819704
26960,42.94512659871718
26961,35.16434551120386
26962,38.726607589687205
26963,33.31355151412379
26964,38.50615756387501
26965,35.33011872658673
26966,35.005424195718696
26967,38.82486911477711
26968,32.1202862879537
26969,38.6222177929049
26970,35.30375127397653
26971,34.78410813372466
26972,40.13218052972173
26973,54.88668158775149
26974,49.60947502116542
26975,25.009867462173098
26976,35.865715289426674
26977,33.50179318005381
26978,56.87057256160486
26979,34.44408613372918
26980,33.23071071781291
26981,33.06567239329014
26982,39.95287492491923
26983,41.11620852496092
26984,36.34231314052879
26985,39.242479655948884
26986,38.5314313837365
26987,37.05818525762152
26988,38.13555034431571
26989,28.248153030450418
26990,42.14095125658709
26991,38.35498045882331
26992,41.88433555676133
26993,34.990315998028706
26994,26.29301296901792
26995,34.931257203068675
26996,39.67742863355777
26997,36.5440761566058
26998,40.14864691806402
26999,36.120536424684246
27000,39.76383006271628
27001,32.75091334271776
27002,37.77475974098326
27003,35.64891430613872
27004,37.49018383592036
27005,36.57460823698574
27006,33.819511714478836
27007,21.217103910141955
27008,36.40289832699736
27009,26.97961448422972
27010,32.595886565057086
27011,38.29650051556089
27012,43.70859344914922
27013,31.33955226520578
27014,29.4170023890548
27015,35.93224317759349
27016,30.55745957282942
27017,32.561950965656465
27018,33.95123576694496
27019,37.12035031096363
27020,37.647742463404796
27021,36.74913893006132
27022,35.693166254461275
27023,34.59242110512112
27024,45.751931275460336
27025,30.39402328492976
27026,27.773285137823002
27027,36.995955049149856
27028,35.57432675088016
27029,28.251769335110655
27030,38.242739106105084
27031,31.00099886078572
27032,19.90989432662775
27033,57.63617348697446
27034,36.8033616124973
27035,40.68966054753017
27036,34.276225238131495
27037,40.87234167928726
27038,37.812361322148206
27039,47.698965457386876
27040,40.0439570238087
27041,33.88333121344687
27042,37.594415194867075
27043,15.476470462838853
27044,37.29899460143517
27045,36.654688917117085
27046,41.026441083689434
27047,36.74939034593123
27048,42.869639047381575
27049,36.579055511348756
27050,43.59197389347405
27051,21.28891077916121
27052,39.440193996575935
27053,54.27204279147314
27054,15.870135215083128
27055,30.834739702338936
27056,43.62408126862256
27057,37.33172032527686
27058,14.126194890490211
27059,41.83997793034797
27060,38.073492268362074
27061,35.852517764820306
27062,37.58525388711482
27063,40.7559507080764
27064,42.4758579396113
27065,31.657064683880485
27066,22.39293680565703
27067,38.02852270804175
27068,42.489341555001204
27069,38.42197582239692
27070,38.44462610303537
27071,22.807357573623534
27072,41.54916351632994
27073,40.46973893790491
27074,40.151700348821905
27075,36.982537514174155
27076,36.19882469446422
27077,32.0543549337569
27078,30.600517543510726
27079,41.26123949359919
27080,32.58136655913361
27081,42.24807744932498
27082,36.27696326310454
27083,44.19989446207834
27084,37.0690878693376
27085,38.850505260321555
27086,39.218561039214165
27087,41.422317875858795
27088,38.76901399426909
27089,21.230028741653776
27090,29.360543294269007
27091,33.51634144599695
27092,34.99231084334871
27093,40.35540614912872
27094,42.315046121917156
27095,38.61763102497277
27096,36.520565827097286
27097,33.835996467507414
27098,39.79787521586755
27099,43.795183942333246
27100,41.10887235134996
27101,38.21448555050287
27102,39.460586164923214
27103,27.204029284595336
27104,35.35170005528602
27105,37.388665914657395
27106,29.922931717352135
27107,42.05946345243885
27108,34.92378251364421
27109,27.367324455171286
27110,33.724270713654946
27111,33.824543589623204
27112,39.79259399503982
27113,32.913194239703316
27114,37.746088255839354
27115,33.71803932750353
27116,31.89336359624287
27117,25.188289962213155
27118,35.799722659420524
27119,34.969808927736025
27120,37.46556338264277
27121,42.54788576768273
27122,33.28622702672652
27123,23.20732805942662
27124,17.663885302145932
27125,18.683884768058974
27126,33.35295804212463
27127,35.189233226082344
27128,39.7487138305074
27129,31.4566279382355
27130,36.302708279014965
27131,40.28696578922472
27132,34.24308175078323
27133,30.419590695599638
27134,38.85646883860498
27135,39.07719890759708
27136,34.82151588113328
27137,34.63953606408022
27138,25.96511406894228
27139,29.98488573473617
27140,36.41770790324252
27141,36.562406538253896
27142,30.651909432384297
27143,41.51644027475356
27144,40.37459157275197
27145,29.97881988158641
27146,15.444742101442696
27147,34.58568623785561
27148,16.674811142428993
27149,38.658641998358576
27150,32.552151420896365
27151,27.187153222186026
27152,24.8038730994064
27153,33.1329625571745
27154,34.444209446051886
27155,43.22546040889006
27156,36.03923442208242
27157,39.98141772112496
27158,34.16721421150852
27159,37.045971957067025
27160,36.07948616044939
27161,29.339627098776134
27162,36.45523027711635
27163,34.962972217198875
27164,37.546753550294454
27165,31.40824449897598
27166,38.82844896449164
27167,30.57222968272825
27168,28.706117668099665
27169,32.632729688265115
27170,35.11593596266175
27171,36.591284682670505
27172,27.579326182368625
27173,34.515437656261646
27174,37.77290718763484
27175,29.193411229139105
27176,88.01236285974213
27177,23.58357551874733
27178,30.417700963529253
27179,34.838571704227114
27180,31.576957276001195
27181,26.788965272504573
27182,33.5155478398771
27183,28.26213464223372
27184,33.96573314553868
27185,38.947328641680315
27186,33.08364122556175
27187,38.49482525142393
27188,38.124756955622445
27189,34.25513016134257
27190,32.23588321668081
27191,40.750481462802696
27192,37.49706270840369
27193,26.162835068237285
27194,53.45948251237441
27195,24.05484083079346
27196,36.43803443446804
27197,9.572687067463374
27198,41.46699026107632
27199,41.210186762702975
27200,33.38296692878132
27201,19.162234543612293
27202,30.02500819738094
27203,30.900297382012525
27204,30.879647056010697
27205,34.618197300473994
27206,25.675596780112322
27207,35.39688841142662
27208,31.527347898586658
27209,32.393298982352036
27210,33.94630897089024
27211,32.694182440182814
27212,29.912404935173942
27213,31.643664209491597
27214,31.736792077317354
27215,30.98395937439761
27216,51.44154039657115
27217,66.90051947113108
27218,39.203441394377194
27219,63.3165600069583
27220,52.49031788209703
27221,31.381837797300868
27222,40.55087376612195
27223,75.00793642794677
27224,56.30079066489654
27225,36.17149513573233
27226,50.54800030141254
27227,36.981586896771525
27228,37.9985991884821
27229,40.493465315042144
27230,52.03588677093583
27231,84.83067582162548
27232,36.02897152262325
27233,54.776930672921246
27234,40.908988379939316
27235,58.563297498893775
27236,28.86329386354486
27237,48.735477930120965
27238,34.100909061891784
27239,43.4223726814121
27240,39.2462003316345
27241,37.256376164248906
27242,42.989208289374865
27243,47.7765492580853
27244,33.889969445721505
27245,16.485126247728978
27246,46.898094101028725
27247,37.786853127793755
27248,80.16564955541236
27249,30.974101779249754
27250,46.552476093931276
27251,37.269090294806105
27252,63.3284813345047
27253,38.96035992688423
27254,38.565005492828305
27255,40.337644035032355
27256,51.976649679017626
27257,45.30071282242165
27258,60.457936843314215
27259,42.06262532923731
27260,43.72564806075475
27261,69.66589234844217
27262,58.71267041421237
27263,42.25391407841569
27264,41.10073534810418
27265,40.26030620837241
27266,40.23464117417006
27267,56.60785931789431
27268,42.0334054189649
27269,71.56236478988376
27270,42.173328557517976
27271,32.423530343219085
27272,41.71728420719933
27273,37.883846150468514
27274,38.312524828781726
27275,39.983649108292504
27276,37.29298105051075
27277,25.549975084623938
27278,17.196929728023285
27279,38.428084611030755
27280,29.932526279851988
27281,36.353945602507864
27282,31.23767685455502
27283,34.16714399443008
27284,40.68267750614221
27285,36.48874809668567
27286,34.98495058071607
27287,37.114012463376
27288,29.928056400782232
27289,44.816928416634845
27290,37.11217856939568
27291,37.2817769888286
27292,39.75619435114449
27293,42.097570017419635
27294,38.18180572489628
27295,36.968733371374384
27296,27.05150828831237
27297,33.13166599796299
27298,35.33211414910643
27299,40.48756750273687
27300,30.224064902965083
27301,40.18426674543137
27302,34.73145818513161
27303,42.24635861901507
27304,34.477773795670764
27305,32.36830513808629
27306,42.66573224064109
27307,34.31472055607303
27308,44.993041148845734
27309,35.59994248887116
27310,40.39833819317619
27311,52.96960704097511
27312,43.6550173409677
27313,45.33027398709946
27314,33.29767408507879
27315,36.43491474736201
27316,42.48601973766816
27317,21.75128263927337
27318,38.94702376487739
27319,42.22453144260202
27320,44.72467401977224
27321,39.22560592885719
27322,39.479889521014954
27323,40.35500313099085
27324,41.18589411164138
27325,38.72722711382936
27326,40.686924510083486
27327,39.94844366255068
27328,40.74180869506108
27329,42.47480099482665
27330,33.80030858666503
27331,42.45635231147554
27332,40.10762239249413
27333,43.102822908405116
27334,24.73389390170238
27335,28.22439509273257
27336,25.118093094241786
27337,37.91457475063151
27338,26.174661388215885
27339,19.598945467074778
27340,18.43146918286996
27341,22.350619232726046
27342,24.958804447474783
27343,36.10920072278842
27344,40.612113120245496
27345,13.89108813711886
27346,32.54045983287091
27347,12.537979046579368
27348,13.977147820628678
27349,32.85635751896766
27350,41.8355769772404
27351,34.90776399334319
27352,16.160237839371074
27353,20.47989502667746
27354,23.17337215415001
27355,16.405484858676704
27356,50.23561068037331
27357,39.72912637573514
27358,38.963823261447374
27359,37.1640077435634
27360,14.787537471934016
27361,39.09587477395951
27362,36.42658763467748
27363,19.315382085213507
27364,40.18200345260148
27365,36.35776928553811
27366,23.508324508484435
27367,18.2939610209847
27368,20.154638956411283
27369,22.126399561768004
27370,28.47791028985401
27371,30.42423568976846
27372,18.329106770996415
27373,18.35608647281849
27374,37.66969269561258
27375,18.376738125952098
27376,30.786386891455347
27377,22.68654703796866
27378,23.812672363329355
27379,18.03500017022131
27380,26.424801854505393
27381,35.9089493093542
27382,22.18770421934774
27383,23.195634310118493
27384,42.23849503738704
27385,40.40760613053551
27386,28.469535334843982
27387,19.47137581159845
27388,31.089016440412422
27389,38.08832564211198
27390,34.865109639651266
27391,34.637259830777595
27392,21.508644705404734
27393,26.052774680132302
27394,21.95646751455387
27395,43.84868095321252
27396,36.9374032315324
27397,24.114786990156535
27398,16.16911428680657
27399,17.416882408402238
27400,19.567240487511434
27401,18.82405050481152
27402,17.67888236646059
27403,38.920896712900756
27404,14.997324815138402
27405,18.13581417963863
27406,21.37177480248453
27407,41.40251994389733
27408,25.046130892841205
27409,19.303553683053167
27410,26.740005742733782
27411,33.485602146470654
27412,42.83275326411105
27413,31.780692315597545
27414,35.05753366477914
27415,30.98880511734967
27416,33.487956830315
27417,32.50047446876165
27418,31.73920059941004
27419,43.373237297972366
27420,32.15985196395377
27421,32.61417100013924
27422,21.553723706831512
27423,36.54846239720544
27424,33.92969247299434
27425,35.170900076486724
27426,35.70536517422623
27427,34.27585835490274
27428,25.431366498746595
27429,31.891433447477844
27430,25.613127254832225
27431,30.852481455176058
27432,34.45285442705217
27433,29.357126730446826
27434,26.131615395268717
27435,28.306689845607718
27436,36.19279497487277
27437,29.9100658132064
27438,25.443293841556567
27439,31.82040365853888
27440,25.48227511602007
27441,26.921273621682566
27442,29.166521851067728
27443,33.57218851213245
27444,27.114241019790924
27445,27.150720053501658
27446,21.52074310778928
27447,25.07815097004427
27448,28.85481258755739
27449,20.945451593820636
27450,18.983445202937716
27451,23.934782859210223
27452,26.311281447103227
27453,18.11470947152044
27454,31.909363471305824
27455,21.13838781544402
27456,25.63483749560091
27457,27.58722399395384
27458,24.719721015892006
27459,25.42418624729491
27460,22.787993003647998
27461,16.43787590276857
27462,20.78531532322362
27463,19.29344677477473
27464,25.107727459471448
27465,25.54833083235627
27466,17.349662079528393
27467,13.43007360106522
27468,27.353661410436118
27469,34.29525921112225
27470,14.17248332083905
27471,23.45018581952376
27472,19.36325561838211
27473,21.511952812019302
27474,20.851963510112817
27475,20.24384503200305
27476,16.432172625486125
27477,14.530588613805858
27478,35.947521793670205
27479,58.17023168512546
27480,35.89322952466626
27481,40.65142388951925
27482,33.91884356136343
27483,38.7860259223002
27484,32.582989133097335
27485,39.712692358473355
27486,31.720884172358836
27487,34.07142787550137
27488,34.778185597302844
27489,40.090698229816965
27490,37.26256571310635
27491,39.488814945073415
27492,34.50939934295911
27493,40.33105264023274
27494,40.27250949155138
27495,32.51746188639923
27496,35.13583932410024
27497,36.137320834984095
27498,39.099835183101476
27499,36.05865718359477
27500,27.349698565874274
27501,38.28038507246258
27502,41.66200745263073
27503,39.49212633048356
27504,28.228705569083413
27505,36.42538843900365
27506,27.82397968896026
27507,36.58491634600716
27508,26.69032499822871
27509,39.72943399317433
27510,37.969421259338525
27511,36.95710264597341
27512,42.40919374166687
27513,27.510335607545336
27514,37.02582965063603
27515,31.200824609106082
27516,31.171106137668467
27517,26.02193157242258
27518,35.291834873054995
27519,23.560285637581753
27520,30.93174691147792
27521,28.77734278571444
27522,32.472201255625095
27523,38.21871527156391
27524,32.17000671821345
27525,29.298693840194886
27526,31.853885890837343
27527,57.177832935735765
27528,42.92450686390944
27529,48.493990055885604
27530,38.52720779871503
27531,45.09257950454926
27532,38.60737041865757
27533,38.28626474380525
27534,34.53662859366179
27535,42.5949769749472
27536,37.92458658892435
27537,34.99421154994116
27538,35.93797422285759
27539,38.84629072871883
27540,37.96372575381551
27541,38.497034801904874
27542,33.169197741156324
27543,38.196149707620556
27544,37.59340522061358
27545,41.29376922983982
27546,39.20985419091461
27547,42.8514118867387
27548,67.1963271439129
27549,45.97518103553766
27550,36.90790270038714
27551,43.17809026511774
27552,57.58004638231557
27553,39.451737570976505
27554,38.357295988184255
27555,44.50029776424249
27556,58.71092992217131
27557,58.838551457456965
27558,65.81837015139226
27559,53.50367821285219
27560,70.82244957925465
27561,39.720153756977865
27562,61.16718740725565
27563,56.96982576434626
27564,42.23556695939689
27565,49.559081087854736
27566,62.92364663229873
27567,41.086726023896794
27568,44.674393178056384
27569,35.279683983900625
27570,38.98136277606226
27571,72.25978702141444
27572,54.9298335701477
27573,67.4942266010622
27574,41.76435618844614
27575,44.055186946521275
27576,43.83588975497062
27577,61.083004814608216
27578,66.29239770395898
27579,40.04669695592007
27580,69.48081286863419
27581,69.80678352349813
27582,50.23217035261139
27583,42.39149720804403
27584,43.352732263054705
27585,75.53660157522867
27586,68.01957711014873
27587,45.90738008376472
27588,58.8954660754541
27589,34.290999507236606
27590,52.97030828752796
27591,37.10062239259538
27592,64.81143323277126
27593,69.57075986188582
27594,36.31049592813035
27595,55.07212839046798
27596,44.991713017556904
27597,75.80509587860689
27598,47.745797598146005
27599,34.39710057291687
27600,46.51393346555761
27601,59.21122530452083
27602,43.34423838914398
27603,60.62234046553721
27604,31.617481296384142
27605,36.8262206141847
27606,79.1531054403959
27607,35.4186898422504
27608,37.78562486956692
27609,33.138624438961266
27610,34.30460650964444
27611,43.1333593640973
27612,28.300850930425092
27613,55.437961107291635
27614,47.98469713747123
27615,34.195006242672925
27616,36.34760482774466
27617,31.0352245457828
27618,57.12416069925658
27619,34.32513747102719
27620,47.928374817249164
27621,30.242284614309483
27622,58.591778210839124
27623,43.11410112680127
27624,53.445324272572606
27625,49.365690882650256
27626,38.4166616636422
27627,41.16240815735532
27628,59.560328059389555
27629,39.840395069239506
27630,33.529454821849484
27631,39.47420220184452
27632,61.34821383446456
27633,35.85553311770502
27634,38.103645997347755
27635,31.373186980632326
27636,55.17041071080999
27637,33.25356620353176
27638,40.57742787251324
27639,31.491128587755725
27640,27.67202306638116
27641,55.59793643592527
27642,28.18879739287806
27643,37.52153792771597
27644,43.339936513570265
27645,27.568805585565627
27646,30.76416738308898
27647,33.05916301112888
27648,26.362646320522202
27649,39.038742196244556
27650,14.307542636311169
27651,20.307994184082936
27652,16.32320679983765
27653,18.902091148473243
27654,17.42521789420241
27655,30.179984553346294
27656,18.59766520480944
27657,24.459184215129724
27658,24.76104260546923
27659,17.8420226217085
27660,24.674707353848532
27661,17.349978147394197
27662,22.450623227283796
27663,24.51563759515807
27664,17.649432901946394
27665,18.599028400171388
27666,24.400704001990785
27667,16.129740924216232
27668,17.852315065756148
27669,28.910295317773787
27670,21.552614975633293
27671,35.638225245657964
27672,20.66217656006051
27673,16.961950553723124
27674,11.396283639341927
27675,21.128810726333363
27676,3.3299918690971197
27677,31.877766258777122
27678,9.634889523988502
27679,16.46920210781481
27680,31.046749774688866
27681,15.533785558408104
27682,34.06666624130429
27683,28.62102794094635
27684,17.806556673890327
27685,26.313552844673655
27686,20.2904258465458
27687,39.07558705917468
27688,26.767117295589898
27689,29.954073921119424
27690,25.559468082247086
27691,26.711225193319592
27692,33.08908864829912
27693,28.907570472606753
27694,10.13662319177082
27695,22.35512750179906
27696,38.679595420339325
27697,21.794541456320054
27698,23.220872185896617
27699,69.29309789916454
27700,15.657755320518307
27701,17.6342320986504
27702,29.17560858132549
27703,23.30477149410885
27704,21.60515669448366
27705,9.603824922264785
27706,19.873180790322493
27707,17.768764070207542
27708,0.00041314495746257385
27709,22.06628709591027
27710,19.967233998893406
27711,33.78721789674911
27712,37.14918225892616
27713,29.65192869171599
27714,37.18571826241319
27715,22.002901564032904
27716,19.43251154885059
27717,21.012535982111096
27718,23.303734911067963
27719,21.36895954198698
27720,19.10195681690911
27721,68.61938250002257
27722,19.24370948788305
27723,19.026745341347272
27724,24.955769142928432
27725,28.248064861093898
27726,21.10978755323886
27727,21.537505600076546
27728,15.68885684463753
27729,39.358442130053696
27730,14.857433624039164
27731,24.16221654064957
27732,31.441650412865226
27733,28.80261944382485
27734,21.582845458741808
27735,21.36856647147622
27736,30.116788679269014
27737,22.93773223497871
27738,26.582385039559647
27739,21.977389742375486
27740,22.030234529719927
27741,23.472283557557397
27742,20.49854396393456
27743,22.409707371549928
27744,23.035143044596506
27745,26.9776933961009
27746,27.80938178559878
27747,22.890026839352668
27748,34.362748640644924
27749,27.86617319331428
27750,40.46642391969341
27751,61.82245834949643
27752,62.96297064942194
27753,49.437557382604155
27754,23.284561372975844
27755,58.03564058678358
27756,52.83903896089638
27757,42.17463472456026
27758,50.6267354859566
27759,42.541590125429465
27760,45.20136472298516
27761,35.1841749963261
27762,33.09924794874796
27763,18.727816743291456
27764,41.72260792768304
27765,35.37156244264253
27766,27.817470976024133
27767,39.385827779194656
27768,39.12677528769092
27769,33.878939162927
27770,38.22381341169559
27771,31.50438186071583
27772,29.149995759492544
27773,44.457900149603475
27774,49.8174552668291
27775,31.126986297191614
27776,27.397144272111134
27777,41.52828771775481
27778,34.36234091720731
27779,48.50198472181438
27780,10.26075764051429
27781,42.3073313457236
27782,41.111892226355224
27783,28.699078677827295
27784,28.29312285550934
27785,22.261437650991077
27786,28.633190731294093
27787,22.776589252174368
27788,42.12337689484863
27789,43.48082252194427
27790,28.983714066120026
27791,49.6922769054296
27792,34.82617619090489
27793,43.518372641278674
27794,26.149383877279178
27795,29.649910468640066
27796,25.81990875993442
27797,39.22036891875298
27798,32.318263075575494
27799,35.39985822622725
27800,26.405825421907572
27801,48.858722614628
27802,23.41295195118117
27803,17.257218625000903
27804,38.41360833295041
27805,25.81680462239151
27806,44.36038373156569
27807,41.192631681562276
27808,36.05329341351187
27809,34.91238379308847
27810,35.1061694189311
27811,38.34639349566178
27812,36.59192320212955
27813,34.751761332443195
27814,33.70693731521502
27815,33.357400171450976
27816,34.848449431818175
27817,33.96121712679739
27818,34.37917001604524
27819,25.243418204885504
27820,36.08836212911034
27821,32.66760317759319
27822,40.06177927013397
27823,37.246589683395385
27824,34.52666199819503
27825,29.839809067749826
27826,35.67576324880826
27827,37.143437351225664
27828,37.091126174620946
27829,36.061026073755926
27830,41.41782218541971
27831,39.40657940950716
27832,36.607985626078914
27833,38.41714038547093
27834,48.31930916739138
27835,40.58814198795008
27836,37.350022539164286
27837,39.902601806669196
27838,37.6488061879096
27839,39.16099805552095
27840,38.33720679830558
27841,31.26599708310239
27842,32.63674345025184
27843,40.18152518676702
27844,38.76216841758807
27845,32.95142699464286
27846,33.04452006221031
27847,37.687079362557654
27848,41.046808339557174
27849,43.17412625442911
27850,42.288376027876694
27851,36.028752000486804
27852,33.69728554736827
27853,44.75055105026654
27854,35.40779097148595
27855,41.22690481427263
27856,38.96444000011757
27857,33.641429123091406
27858,38.59065947723009
27859,41.67013509051033
27860,37.93494008272457
27861,39.82598583625631
27862,27.213624050377874
27863,41.76270494155918
27864,27.855289301019837
27865,35.733142743140796
27866,24.97877401941464
27867,82.1700040915233
27868,45.55326598811061
27869,42.12787740249101
27870,42.313167720251904
27871,36.417302204658576
27872,32.43478992359392
27873,42.3651938087536
27874,35.04901271654344
27875,36.0800172356751
27876,17.367280577378153
27877,35.61814968977433
27878,16.31713632067696
27879,34.33963879005844
27880,35.04169155145026
27881,26.81964074805909
27882,33.93032651496202
27883,15.54612038861254
27884,14.250279272931742
27885,16.9027074940323
27886,23.380068397247257
27887,20.216609682953386
27888,21.74658676769013
27889,17.693657703627153
27890,23.59536344250742
27891,28.642607088355128
27892,15.524671982207341
27893,33.81439211493951
27894,29.51077011521398
27895,30.806028862204602
27896,19.54627626793085
27897,19.573375335353756
27898,23.041718186755173
27899,16.22651749938635
27900,36.205930700178726
27901,25.307029571135928
27902,22.92776789597391
27903,31.65031568526879
27904,26.867017864839703
27905,13.411980296174718
27906,25.24553363379382
27907,20.093038796928898
27908,22.049403656312265
27909,20.90834341000416
27910,26.6294815954449
27911,27.801319835793926
27912,15.97397377832382
27913,19.869370392249806
27914,26.692820513284538
27915,20.514241250166776
27916,21.88407862254499
27917,27.764403401030194
27918,11.968545198777079
27919,24.65832113990565
27920,28.186236404827113
27921,27.075161176127196
27922,21.73054416399338
27923,23.611259983884406
27924,23.79485162161687
27925,13.856161394321596
27926,12.664956590908558
27927,9.750800716547415
27928,24.5965344620885
27929,12.912641803835921
27930,15.171918934571954
27931,30.786511848308283
27932,26.24128429541593
27933,24.251292358776993
27934,31.625786632941022
27935,23.69090085142694
27936,14.256237423580654
27937,27.63790231964046
27938,21.525265883201506
27939,17.409627848962778
27940,52.53772809936895
27941,20.393874552169187
27942,13.230953902325133
27943,16.511532220998852
27944,20.143308327387558
27945,13.348274122252107
27946,28.051718901136
27947,23.29553344133348
27948,21.187499753069226
27949,30.154308734176
27950,29.370422146791057
27951,31.387429537923303
27952,41.44235512418323
27953,26.19610308083336
27954,27.40546773656147
27955,29.665911602884577
27956,10.870166259186973
27957,16.683694659965433
27958,20.665375926312144
27959,43.01548287868463
27960,37.47411602631347
27961,16.33302586676418
27962,17.493968212716677
27963,20.725655912857057
27964,18.10096638524535
27965,11.768662706038446
27966,22.170257086350553
27967,56.34805997934417
27968,12.293730740913869
27969,18.11673196336612
27970,15.048150908787703
27971,7.423139734553114
27972,14.30066788366744
27973,12.815178940759925
27974,18.23218965611663
27975,11.720572821073763
27976,11.767747093983548
27977,9.802311042306085
27978,12.085319276797495
27979,17.704069518085625
27980,8.473105307737868
27981,45.127936488805
27982,24.919289428100644
27983,19.65112776266897
27984,14.227999247772866
27985,27.313708129227443
27986,4.473462373280402
27987,13.341269171867829
27988,8.320049619435352
27989,12.23694621938241
27990,16.60988541944884
27991,17.02407849741305
27992,11.186655326143839
27993,12.78916481050891
27994,9.18702438159748
27995,7.710645196422849
27996,16.368452170604247
27997,13.241400960838089
27998,16.70319597037897
27999,10.806422409326267
28000,21.33090115297449
28001,20.22717414918273
28002,17.59692450938381
28003,12.633572051840847
28004,16.082385946406518
28005,12.437275589493076
28006,8.26099792319205
28007,13.423628426756201
28008,12.777711210756756
28009,19.479865592836106
28010,9.148891781182508
28011,13.140601543076643
28012,8.030495815847322
28013,11.879998642622583
28014,17.367926488177382
28015,21.806000024606348
28016,15.716986522319345
28017,22.251153367694318
28018,18.447827623663432
28019,17.98038293546265
28020,21.755185433795177
28021,3.5057789013558134
28022,18.174002238022638
28023,15.465998308846764
28024,10.962695435427012
28025,9.7746507609244
28026,13.821846073057657
28027,9.783599831753683
28028,12.866923833526798
28029,11.699865116114989
28030,16.622883593005174
28031,12.303015883319391
28032,11.443768373716512
28033,15.99076579497121
28034,15.338602409077438
28035,16.339312120148925
28036,17.852551501457146
28037,17.029795090493664
28038,23.074126211411638
28039,17.130084665533985
28040,12.74799163045915
28041,18.34336193585463
28042,15.271524278213697
28043,20.080168908373835
28044,19.189648697526138
28045,17.839844498033116
28046,16.920440958364026
28047,9.352590400212682
28048,8.490918140218335
28049,19.783034499521676
28050,25.475743859485593
28051,30.549788088315598
28052,19.229541634801844
28053,17.543547377137266
28054,27.097697592301948
28055,17.75593982273996
28056,16.603189368364156
28057,8.02475980616175
28058,40.12877701784776
28059,59.86474351594627
28060,41.56734612335532
28061,40.81003884940681
28062,47.022120837315995
28063,34.90606482935335
28064,38.12600141844128
28065,43.071110582188595
28066,40.54364311402911
28067,40.82093715098967
28068,39.60450437493621
28069,37.74752014343709
28070,41.966428920273444
28071,37.46982472572787
28072,34.90205528098211
28073,54.6930407849324
28074,38.67944880073783
28075,33.30860614791018
28076,42.66125620099052
28077,38.24964266160926
28078,35.77071886432943
28079,36.87690370684147
28080,48.46771028163138
28081,50.27615797326014
28082,36.14538910698572
28083,43.287426655156864
28084,44.34132661556646
28085,41.47936859894277
28086,43.72847635161346
28087,43.46588874618848
28088,41.656287721516534
28089,42.533926872452355
28090,71.11775165033761
28091,51.70303975700901
28092,33.77749948706534
28093,40.561445915491916
28094,37.12984386161519
28095,46.81031765748679
28096,40.392994854021836
28097,41.28666958369706
28098,48.06978456618552
28099,44.263028813754495
28100,40.11770928045912
28101,40.12722911859247
28102,42.37436010203773
28103,33.22751797191058
28104,30.513810740250104
28105,30.230869721594416
28106,26.49531490834091
28107,27.59913736908896
28108,23.605472037897385
28109,30.342257299186222
28110,21.2857859057011
28111,40.66153683097753
28112,23.592659768095523
28113,29.164052413772488
28114,32.25686670335807
28115,27.82543084982676
28116,26.263901148353312
28117,27.81083270743487
28118,27.718923337609468
28119,21.17028841212783
28120,27.321443517940736
28121,28.50724501476913
28122,30.68724319923032
28123,28.34465103027088
28124,32.22333905247554
28125,28.83014494367814
28126,25.408087217625038
28127,28.59114761701148
28128,25.759280564495924
28129,25.09447782136882
28130,25.83099333831758
28131,25.337846494520804
28132,29.262706442755643
28133,28.016206160464396
28134,25.467735001661705
28135,28.47248448132519
28136,28.190430125249883
28137,29.159661270958523
28138,29.168869628376445
28139,24.392705944695923
28140,27.210453149586048
28141,35.08566904246621
28142,32.67760173079617
28143,28.91969275356486
28144,27.886025220582717
28145,26.294191294700372
28146,27.189786492714887
28147,28.837092832933983
28148,25.415058366384017
28149,34.355354179838784
28150,26.87200960018707
28151,29.864318292099576
28152,33.31719901509129
28153,29.25659068185024
28154,34.09147162602986
28155,28.681215071372968
28156,29.181793252672236
28157,28.006759343414743
28158,29.35919282721148
28159,29.052375089773406
28160,25.748966288420178
28161,23.70128898685156
28162,29.01163690872442
28163,28.500989500047673
28164,31.91354263150794
28165,33.61150932743948
28166,31.9555398650553
28167,24.975757100581077
28168,23.865287779639978
28169,32.80434619618474
28170,36.51331912974974
28171,38.356902288301086
28172,36.096795551302066
28173,38.23680226558295
28174,36.01037285439677
28175,36.44261066152338
28176,36.803912828332145
28177,34.211759034110244
28178,35.01576411726809
28179,36.32665958979353
28180,32.79375814493643
28181,36.962220834128445
28182,38.75734208024538
28183,32.928282277902994
28184,36.40023192640491
28185,34.42187962826209
28186,33.634329202737874
28187,34.04753440051709
28188,32.30262984047998
28189,36.43780771770092
28190,40.54456651126969
28191,37.48113308323212
28192,33.8030365566372
28193,34.281585194039536
28194,35.24796121545245
28195,34.51371940697838
28196,33.286994711423674
28197,37.54294854843323
28198,37.847306070659364
28199,36.970020524837054
28200,36.661113492238556
28201,36.12903016367645
28202,38.89704959199581
28203,36.30466568922387
28204,11.292244391172709
28205,23.596557818836096
28206,32.172207431788024
28207,9.81002329138801
28208,40.75756908027202
28209,36.293361959675565
28210,23.80510585219466
28211,22.383658630911775
28212,33.500379196744674
28213,24.50380682877965
28214,21.70223927166099
28215,13.64373872481501
28216,19.277382220187626
28217,32.34584808747331
28218,12.694757052012278
28219,17.37606062885176
28220,17.77719946275952
28221,16.43313772288306
28222,72.65748078526201
28223,3.117496852237343
28224,31.310704664254366
28225,16.42938909755424
28226,29.019496650734794
28227,28.280361491488506
28228,29.45623450788755
28229,31.782167253852904
28230,33.48514150890418
28231,13.250297284850939
28232,2.73537365617622
28233,26.369770263281602
28234,9.216332312845468
28235,75.11247525531269
28236,6.644004162065889
28237,15.911485768395293
28238,28.59491486898337
28239,8.756113534181031
28240,31.94802231545091
28241,8.208293795919122
28242,20.336537558825967
28243,20.434253063038646
28244,18.624906207811257
28245,26.55493447400196
28246,24.954796915700076
28247,24.052324813933083
28248,34.64618692122635
28249,27.472141563973956
28250,12.857814682805532
28251,10.370258512544332
28252,35.25179516281726
28253,31.1308696905488
28254,10.007108920099164
28255,33.29410926636321
28256,28.355695347517717
28257,31.07253844348667
28258,18.45983203206417
28259,30.18043903023736
28260,32.32493497118412
28261,17.749760358128317
28262,21.849408883084884
28263,29.20025591443669
28264,31.49365417512896
28265,31.378748647468008
28266,29.82063867185184
28267,32.78735041335225
28268,35.78191003229746
28269,34.2060627954603
28270,16.142010870655945
28271,26.9758232128142
28272,32.99106614398137
28273,29.828801556437817
28274,32.75023657105032
28275,27.367728200917327
28276,33.80024108263939
28277,32.668934167481105
28278,34.34466021991176
28279,16.367668429232303
28280,31.190134654371107
28281,31.667402337477633
28282,34.90172552032149
28283,34.65930716669134
28284,32.08488565416286
28285,20.20548223488616
28286,22.458704618705724
28287,28.18079471277232
28288,15.543779501733912
28289,32.39843425341057
28290,42.22286560574351
28291,34.46713330841571
28292,33.36062638927885
28293,31.737026088977174
28294,27.86430097367205
28295,14.004702113595524
28296,35.29613399206889
28297,31.95971394828714
28298,16.6661336595347
28299,36.49507223346971
28300,38.55537482892461
28301,40.61768438946509
28302,73.30070557722271
28303,34.52205857566108
28304,33.03389383328959
28305,30.161151740370688
28306,34.63759101470053
28307,45.75956425903949
28308,37.800823973433225
28309,35.35560062508718
28310,42.68026149606876
28311,39.324087940724965
28312,39.12627057291913
28313,36.031028767695325
28314,42.59860080242751
28315,41.24050041343522
28316,26.290244129869794
28317,39.6857707212511
28318,41.56112638927146
28319,38.21123536035163
28320,33.53733460634896
28321,43.0986927847092
28322,38.52890496403127
28323,46.35480264371909
28324,42.867086290022414
28325,40.89373238224565
28326,35.58624020280589
28327,35.58725549739958
28328,42.26173927350736
28329,34.57482567315783
28330,37.06038725355624
28331,36.58160703875026
28332,37.27822340251445
28333,36.03496932053133
28334,36.26665726670908
28335,36.30782618016227
28336,39.27447781575623
28337,44.080686014640946
28338,37.47409271202865
28339,34.644949579178274
28340,42.63348891191652
28341,37.70202665155262
28342,44.13515578282262
28343,39.03652050911151
28344,36.940235167733334
28345,46.093500887550015
28346,38.11543764965003
28347,30.433478945348426
28348,35.768874978001264
28349,36.61789371285998
28350,36.8577335537379
28351,38.69538428103762
28352,36.67961431396561
28353,36.06654330924215
28354,35.90378458934423
28355,34.51954650037395
28356,45.24241874805964
28357,35.09031591723794
28358,40.51408444360726
28359,36.47628578878799
28360,34.44198443240319
28361,40.7511166211532
28362,43.290689053612546
28363,39.551413300385406
28364,41.95051315121147
28365,36.19531598267034
28366,39.34319947386599
28367,41.2782389802251
28368,40.22042454989567
28369,34.75985995887394
28370,33.66754377396931
28371,42.6813868254312
28372,37.27861200006055
28373,35.72889498694431
28374,43.485785377154805
28375,37.27608842354938
28376,45.46113381766999
28377,43.709341157284385
28378,35.270658045657754
28379,33.37621786602474
28380,36.95053888192085
28381,33.72005322476187
28382,38.10070827149322
28383,33.64847212180364
28384,33.695250375352025
28385,42.56070318640944
28386,31.129556263270224
28387,31.348963218087533
28388,27.82723477280861
28389,32.126262872902316
28390,29.327161040657487
28391,32.171318773801104
28392,36.35038249690392
28393,27.68199519593503
28394,25.887891752773164
28395,29.58267186374335
28396,25.701616802039133
28397,26.18990090619983
28398,26.2406529192237
28399,35.15636103157777
28400,33.49697293388524
28401,31.550162563581324
28402,38.9133974872519
28403,35.299335615351936
28404,18.85471429810964
28405,28.456339898059383
28406,35.75391810316738
28407,30.008959813705776
28408,29.56504332742007
28409,34.521934791880255
28410,29.87358743195228
28411,24.83624552218302
28412,16.715379058686384
28413,23.273876738399494
28414,21.191382179327107
28415,40.05413057340061
28416,4.7949064684288745
28417,42.6101943598059
28418,17.819211667600037
28419,36.47634372422314
28420,39.07498320995468
28421,15.219022688670254
28422,17.709387874024365
28423,15.918322217059515
28424,17.4890498950806
28425,25.462665736849143
28426,31.047899078098112
28427,8.815683052375967
28428,2.5944095959794566
28429,32.163078723928095
28430,19.99473408646159
28431,19.70494706554141
28432,25.14878546064291
28433,37.04631864126896
28434,36.237116896319996
28435,42.00833682024972
28436,40.3138809469455
28437,36.7929433494064
28438,37.712148615749946
28439,35.58092352887475
28440,41.440899375406204
28441,40.1593265114372
28442,35.16900476713471
28443,38.344348016534965
28444,28.151175070150742
28445,43.22975899777205
28446,37.17009067166937
28447,34.88730795216817
28448,37.245552766498875
28449,38.94147961798933
28450,38.663232821738056
28451,40.23732481063869
28452,35.18471013647973
28453,37.295752300196185
28454,33.74471378000534
28455,39.95061970958329
28456,37.49569947447806
28457,39.14963704810357
28458,34.23727030758084
28459,37.514390814060405
28460,34.75657635572024
28461,37.7196028169732
28462,37.217124479952204
28463,35.585482705162335
28464,35.6321696723614
28465,36.3213471481487
28466,33.50236595559524
28467,35.62972715733156
28468,38.54928287617152
28469,18.427090393513815
28470,24.32936514151699
28471,26.234145392007882
28472,14.743974181040095
28473,23.13731941441445
28474,16.540037956306385
28475,21.32508602193822
28476,9.32838093929104
28477,12.733569940876585
28478,23.961259753602782
28479,15.90784398677173
28480,23.77755806976988
28481,13.282290126203584
28482,23.35612463022632
28483,12.924826822474909
28484,12.375302409132516
28485,10.16535661259671
28486,14.237343836477864
28487,27.153106062355793
28488,12.086699501604155
28489,16.36590835432863
28490,14.902202828772477
28491,20.920821758291204
28492,19.30761692546583
28493,16.684236497871602
28494,23.449608708268944
28495,23.149519027656105
28496,33.011100170611726
28497,35.03178975826926
28498,10.134650509874467
28499,31.988652775035327
28500,27.730736505986407
28501,27.9412736381634
28502,24.88232918866797
28503,8.451678858370661
28504,21.867508636511044
28505,17.413910838710237
28506,20.58334521567625
28507,14.66513952660912
28508,16.029129280143525
28509,14.393579371789544
28510,56.24265285316319
28511,27.34289554996454
28512,20.691192135417197
28513,26.366978009610122
28514,21.720006029242096
28515,15.250536787835442
28516,27.8129038580348
28517,23.537140474425044
28518,15.275978957273074
28519,15.344464424414532
28520,11.058706996555678
28521,24.339696286269017
28522,23.842459392196147
28523,24.724683077443675
28524,31.482962780589254
28525,22.294061551792375
28526,32.3520611198007
28527,23.070890640889836
28528,49.6354373233861
28529,23.91184614316272
28530,13.597707187235454
28531,22.249744628349223
28532,33.354501540032246
28533,19.01708112205408
28534,21.98198505008353
28535,20.21252826331217
28536,23.641188200796403
28537,12.837251714628508
28538,19.51306793037742
28539,23.335685137698718
28540,28.53348452509843
28541,22.717051521239817
28542,12.0394563456594
28543,21.749043084056368
28544,24.636081669788013
28545,23.92224961338127
28546,19.677731874581095
28547,23.560004873099892
28548,10.346787465969136
28549,17.415836134870425
28550,4.389354732334252
28551,12.944282601388597
28552,5.718827948074384
28553,18.601188832247495
28554,9.85523764684162
28555,18.185313113819507
28556,20.06591092947537
28557,15.799291310851968
28558,5.3365190557674715
28559,18.749292217403344
28560,19.829225481141687
28561,19.566720105608578
28562,23.09103914074404
28563,18.849635410413885
28564,22.109795859630847
28565,22.661306794861822
28566,15.94518900484503
28567,16.3214134834921
28568,20.20837350354779
28569,42.19545116595533
28570,42.87361787503232
28571,38.26279838622386
28572,69.41930267065543
28573,37.66780889308317
28574,37.18739382922409
28575,43.87250873720729
28576,44.77418207898014
28577,47.6318158931994
28578,78.95623656219776
28579,34.99900092255227
28580,44.421977669967546
28581,46.5822869238211
28582,42.576787704837514
28583,34.97200881325834
28584,51.98445443691244
28585,41.82924655571417
28586,36.10700227983996
28587,35.703889516492566
28588,28.912548445279576
28589,51.37727355294071
28590,47.21045445045828
28591,43.0542349304113
28592,31.151855983769384
28593,25.302908287076093
28594,35.962504952802604
28595,55.553463312567544
28596,45.360610820675674
28597,32.86265359061094
28598,35.013571270734914
28599,37.190537361894215
28600,33.87646995919683
28601,40.523059014707854
28602,49.59335632832864
28603,36.19464391697433
28604,37.04431806325722
28605,36.673151100010415
28606,35.98922890054165
28607,45.81828927923087
28608,33.02253291355554
28609,40.80583864121
28610,44.07885390735518
28611,46.73729692091745
28612,42.70639390354532
28613,49.38495407218582
28614,33.10557684081945
28615,35.468566600620036
28616,38.59648283455678
28617,40.25484541597872
28618,39.58779871890916
28619,38.283373173604645
28620,88.12737361610141
28621,45.40603091036769
28622,37.95814042687573
28623,35.41378198735093
28624,63.3284813345047
28625,35.01264384518621
28626,61.65712369813183
28627,26.216616446934314
28628,72.38015419168062
28629,41.1245953824493
28630,43.03746434845601
28631,31.305040764120683
28632,29.400335529824044
28633,37.85322041322132
28634,29.984115878659228
28635,47.749163655986514
28636,37.38196438392868
28637,42.48359427153142
28638,32.69619970091016
28639,33.64487563828314
28640,33.9307239475179
28641,29.75131047194709
28642,36.59507439885746
28643,15.758990394401609
28644,38.42160833085268
28645,36.90903871822882
28646,35.01805504278691
28647,28.58041036618726
28648,28.058787541058784
28649,79.16263792417388
28650,64.54705981865033
28651,67.43726506728686
28652,77.67410942348849
28653,34.59187107963815
28654,37.334302685596896
28655,41.908840433000435
28656,34.50596004265079
28657,32.851624224582814
28658,59.11486097808571
28659,65.84092730931062
28660,67.79896328487578
28661,32.98562254826618
28662,69.70873364841518
28663,38.29773529218551
28664,14.902128798340826
28665,35.44505295446132
28666,22.130840000721438
28667,33.85154841779964
28668,37.180676757335036
28669,51.81320417065125
28670,41.43227934139338
28671,26.13547196261119
28672,45.217863540780826
28673,33.05924831085335
28674,47.698697679389774
28675,32.845442310055965
28676,44.142458207621914
28677,35.127678556049275
28678,50.23125895578208
28679,42.932803298788016
28680,46.31559750132643
28681,34.721601482785445
28682,29.243121833222837
28683,34.4197517416154
28684,54.1428220404093
28685,38.27099734435403
28686,34.16408268060226
28687,36.74186983590897
28688,40.26289989622071
28689,36.86190885777174
28690,38.76216841758807
28691,36.85526036902493
28692,37.140839470616605
28693,35.62042985315725
28694,36.99298199403151
28695,33.92625988408923
28696,43.89459523495444
28697,38.92367402179017
28698,35.51566178731733
28699,39.78190800649665
28700,35.19422904413828
28701,34.97923388803056
28702,45.50024693217495
28703,33.67485703996072
28704,35.94733769886096
28705,38.40848132387704
28706,39.15858344739753
28707,37.31280857538779
28708,40.94124244318003
28709,34.59083459547051
28710,42.38056503666256
28711,36.36025657968746
28712,47.66216092880599
28713,42.706486053351185
28714,57.683532785960416
28715,34.99995318864338
28716,22.577507446651484
28717,23.00185758776789
28718,11.692066651289533
28719,9.200863836309534
28720,20.144978103651958
28721,16.917251881327267
28722,19.43240876735394
28723,9.390634733677665
28724,16.451971637038366
28725,27.223155536374218
28726,14.10439198366523
28727,21.1016400026311
28728,16.23733118070769
28729,32.225501494174175
28730,14.35019429979933
28731,15.026723579537958
28732,24.73076712847672
28733,20.991357969374537
28734,20.776823281018615
28735,25.545173113215938
28736,15.290282002787688
28737,22.411493301876007
28738,22.97739836205485
28739,11.25347815752641
28740,10.850860566007208
28741,17.436506289763194
28742,11.349506201422479
28743,18.76972100169965
28744,19.80749603765619
28745,13.68281135876163
28746,23.457405218439796
28747,22.835381567547095
28748,26.38690980491574
28749,17.196028622255497
28750,25.533414120098747
28751,21.379763176703253
28752,21.893840872494273
28753,22.6040377293389
28754,10.707320904641556
28755,18.262663003416257
28756,30.852811983834023
28757,25.08678155936517
28758,20.96727786948464
28759,27.071831998942347
28760,21.405440934529327
28761,24.441750415586117
28762,20.017608047945558
28763,20.309476425909097
28764,21.485693171682435
28765,13.247994525188187
28766,18.523632883566574
28767,30.26218648099698
28768,19.72695392770448
28769,19.42227955886117
28770,20.436000422386137
28771,23.80965733352766
28772,17.050513533802047
28773,19.975400159280788
28774,20.77942345841281
28775,23.1994640041311
28776,23.09720389250611
28777,28.87890659803141
28778,26.53796754316248
28779,29.862744450631947
28780,17.101871569684043
28781,21.871635357990574
28782,18.897266847184195
28783,13.430735678027956
28784,20.246919422995553
28785,17.684185916407728
28786,22.444975276499882
28787,23.55973228770141
28788,34.2919333169388
28789,24.51668544161779
28790,9.690209289251694
28791,19.31571737185292
28792,15.72944285681115
28793,17.720931660047036
28794,30.550957295191104
28795,18.352451982586928
28796,16.364417967663925
28797,16.556002958779928
28798,19.407521772398802
28799,15.585100973537106
28800,30.91706818094245
28801,24.94196974126288
28802,45.614679999566846
28803,50.95008010691313
28804,83.85660312889624
28805,90.99323630956984
28806,53.96947348614137
28807,54.34027542157441
28808,51.03005979523902
28809,68.74681824600731
28810,47.76094874281871
28811,32.37106290085865
28812,62.424849388006045
28813,86.53120327715936
28814,40.82540938024103
28815,71.56236478988376
28816,51.231259143074894
28817,60.35615932110285
28818,52.03258859208175
28819,51.30349904047057
28820,38.18339010502126
28821,45.7648731494054
28822,45.16757409769979
28823,43.686667071608184
28824,45.751931275460336
28825,55.77309535550624
28826,43.273673734238514
28827,60.565899357593665
28828,65.73867219689512
28829,34.454437428012135
28830,40.96840472095048
28831,42.33356392663576
28832,32.22664284063363
28833,54.94068242489442
28834,58.485162393282366
28835,44.38343212570689
28836,32.40434168709136
28837,44.75973353868886
28838,70.51347432803388
28839,54.19110491058531
28840,75.00793642794677
28841,42.677851822243255
28842,53.6032561491796
28843,70.81210587020195
28844,38.9197234270467
28845,40.373758992125744
28846,86.98420004011538
28847,51.89454145452707
28848,55.40740736698065
28849,62.40464676948932
28850,39.16862209355331
28851,42.948294573567495
28852,60.88755551360279
28853,56.42080377055436
28854,70.47778417177318
28855,41.29556143625838
28856,33.78481295501217
28857,32.68839551055739
28858,65.12445484496453
28859,39.357867058632564
28860,62.54818873648274
28861,36.15879734019431
28862,42.25718382700329
28863,52.97832154456151
28864,34.6496241197781
28865,34.35494966365009
28866,38.35548251683986
28867,34.11531676797644
28868,36.3244332670903
28869,37.26279380411009
28870,43.156426776008274
28871,25.364806554263865
28872,39.42493007510946
28873,34.591094529355296
28874,35.9477478644007
28875,38.301722399332235
28876,38.15713731191016
28877,43.568123217242615
28878,36.77090095381159
28879,35.9725431799146
28880,34.04928884879337
28881,46.119551067039595
28882,39.76535151565552
28883,35.723775457409836
28884,43.12647906477489
28885,36.66699752356408
28886,35.88966380235439
28887,39.93882154770475
28888,36.2983192748288
28889,54.82104444721
28890,44.356216199116204
28891,36.22727245897796
28892,36.55260752260015
28893,38.31217098804386
28894,35.329502342456436
28895,35.88344742265329
28896,43.47579887983252
28897,38.38689979194871
28898,43.477366744889885
28899,37.35691760000845
28900,38.530743523175744
28901,44.02853823220728
28902,34.09188515292198
28903,40.86045027009338
28904,38.27916392890738
28905,43.74848101141137
28906,45.3038517686352
28907,71.28449282323908
28908,40.30517006882529
28909,44.158801727133834
28910,42.871170162155636
28911,39.64682269189511
28912,45.82713639156652
28913,37.67222091407365
28914,37.5244002250021
28915,32.26776139154852
28916,41.32822719692095
28917,41.44539127219528
28918,40.893101309428275
28919,38.808061348931396
28920,37.664209244617346
28921,33.94908872237258
28922,53.29819536985387
28923,38.77047566910114
28924,41.893891977408614
28925,41.04969455387007
28926,42.67830720745751
28927,38.52626032882004
28928,41.11919542826878
28929,36.01188915227927
28930,36.273392195795026
28931,38.66635594753273
28932,41.73964209806728
28933,40.65493949113782
28934,37.599441213525765
28935,36.37199185390244
28936,38.2164232196243
28937,46.18103287134778
28938,33.80845423597204
28939,39.73765314323417
28940,35.991800370532204
28941,40.987127170338624
28942,35.20302572111408
28943,35.14154780522067
28944,35.88878837588318
28945,44.98750738523514
28946,45.233115195250704
28947,35.75870195130335
28948,36.804968612458595
28949,36.49307694561893
28950,39.282138063576156
28951,35.940401766358335
28952,39.268941731227
28953,37.63668696031822
28954,40.37708921476242
28955,34.771922062831905
28956,34.91955051173974
28957,35.762943995645216
28958,40.68601658139413
28959,37.386180983539816
28960,44.33788189301281
28961,50.96694941088367
28962,36.14243661654761
28963,21.885386001080363
28964,52.13018927050817
28965,21.107416154292928
28966,31.457017063798855
28967,13.661726273238349
28968,47.01384385891665
28969,57.03193748912344
28970,3.0146334128283017
28971,48.762094001831244
28972,25.890111410559136
28973,25.808854084476955
28974,16.823654243637932
28975,55.21451322035054
28976,43.77338187281538
28977,60.0621203017663
28978,46.209324847488304
28979,21.308708355070017
28980,53.3353074367007
28981,57.70334613438262
28982,20.380495445227535
28983,30.504484861090244
28984,33.176227208214485
28985,33.5413259798058
28986,35.81144727524473
28987,36.133388762234866
28988,39.37259152616042
28989,36.908213062976735
28990,38.07193171522077
28991,37.63593883295151
28992,37.61803162713386
28993,34.207666902393996
28994,37.06125684422619
28995,36.98800172081381
28996,33.05020980205728
28997,42.78882558550016
28998,33.130489683295075
28999,35.29898549084645
29000,37.07049359627801
29001,34.92871682524105
29002,33.893815931634364
29003,43.49356795143746
29004,34.12080270965619
29005,34.49615951730692
29006,36.98254933993523
29007,35.90932068950931
29008,36.61891384199319
29009,33.25623124272525
29010,35.484263160469624
29011,37.720676188696544
29012,36.00412672332918
29013,31.45210060802828
29014,34.97403010873876
29015,38.327433973418906
29016,33.6543210666126
29017,36.08179661520242
29018,35.07022306704911
29019,33.74181717413741
29020,37.99832730483831
29021,36.16713811191508
29022,45.41316211511953
29023,33.39107573678874
29024,36.46760087141544
29025,37.80850615103705
29026,50.08541723751095
29027,37.35231132775809
29028,33.75438480870453
29029,41.74293475740539
29030,34.63297071256349
29031,39.864749760164294
29032,25.531524566749216
29033,17.364313736844625
29034,23.15102489135838
29035,22.33538000953682
29036,31.1649230006718
29037,30.139652259801082
29038,19.70771377248598
29039,27.374358211190952
29040,31.970265056918898
29041,20.461477060317996
29042,18.824378264026112
29043,25.583124976096485
29044,24.593851241361204
29045,22.979666897486673
29046,16.03132944666693
29047,25.646257407393968
29048,17.768067729631063
29049,23.789296192769964
29050,16.21386493557806
29051,28.379809592899882
29052,24.379373274570916
29053,21.39643851294309
29054,6.859744599957979
29055,19.500249001914156
29056,24.7437302937553
29057,15.824055872115615
29058,19.79569726724116
29059,13.393702848461768
29060,9.010327540462505
29061,20.94972737784375
29062,21.691312645940528
29063,9.551414603449217
29064,27.359606273050325
29065,12.892869433893718
29066,19.933116936752867
29067,20.063174779280992
29068,15.340081754278408
29069,10.424698370864084
29070,10.569923713018454
29071,11.811492244820268
29072,5.455773505239745
29073,9.138163240965447
29074,21.78070742449842
29075,6.778155641876577
29076,11.136317923571324
29077,11.08903794087928
29078,14.256796650513996
29079,7.651353540630504
29080,10.387697754901023
29081,18.363376376149464
29082,5.224557220989908
29083,9.087230929907324
29084,8.897369214864412
29085,17.174456534718185
29086,5.593769045456813
29087,7.100889760883104
29088,12.754531993762477
29089,15.074009543603106
29090,13.292024626339701
29091,2.292087506305913
29092,13.53451250590065
29093,27.855425918557962
29094,19.462656993183828
29095,25.140422973506823
29096,16.84616648207085
29097,16.0975863214409
29098,12.072104159429916
29099,7.1720258689950676
29100,12.178542574928613
29101,15.106816842356874
29102,19.07686397547318
29103,5.777063035226314
29104,7.6651641258618515
29105,8.395350843629968
29106,16.658734275499764
29107,19.551587273211133
29108,5.297225017557732
29109,14.563587374809533
29110,11.02637121127641
29111,17.997601649873584
29112,20.455148902164403
29113,19.804877323136303
29114,21.521667100577815
29115,16.703042115304125
29116,13.792348149788207
29117,11.251837837193756
29118,18.84974707495038
29119,4.518051042176789
29120,15.460025843815757
29121,17.587412227907194
29122,7.762673069019326
29123,6.3345035217220005
29124,22.98872601895917
29125,12.291927448276107
29126,23.06984504399621
29127,33.925630493433275
29128,40.438238140044106
29129,34.01658404253147
29130,40.47200125190131
29131,37.953612399179036
29132,50.10631523294729
29133,40.497713296566474
29134,49.619181836179436
29135,37.55291586611526
29136,42.344726980298645
29137,38.90671552043414
29138,50.480854807047294
29139,40.99564879375754
29140,38.84488627912313
29141,43.25418264526986
29142,39.8658292516022
29143,63.702898400129925
29144,84.81920794612623
29145,50.312847715937934
29146,36.97160522882975
29147,42.92231901811206
29148,46.04428991385215
29149,45.94372674012674
29150,39.30557511368786
29151,57.17412561771572
29152,40.16319883149886
29153,41.52324221859082
29154,48.3703243214332
29155,40.434629200602906
29156,39.70720107686323
29157,41.17146691628376
29158,37.315683024040744
29159,43.348652391434044
29160,43.067725829028916
29161,40.24538600050009
29162,38.78527880591709
29163,37.05545316515578
29164,63.389875878221005
29165,52.080449635375366
29166,45.29296888042457
29167,40.980472715600655
29168,45.490415991938924
29169,40.49211979824475
29170,39.863293222274336
29171,42.35242825144309
29172,42.733070049053744
29173,34.87268918073747
29174,36.08450125094157
29175,36.27946480815923
29176,38.791723664415045
29177,34.20732824130704
29178,36.995734156641944
29179,54.62441171327386
29180,43.50030941980264
29181,36.08266083762541
29182,66.00665906358348
29183,41.00572375291361
29184,35.190442220086126
29185,44.65046229328935
29186,37.91804203378727
29187,35.93144222317465
29188,34.29288573011273
29189,32.625592464180905
29190,37.05376355754819
29191,42.035199227023405
29192,39.3020358982901
29193,40.879603790640324
29194,38.505690714038764
29195,35.134267573344495
29196,24.36232142995889
29197,21.777777879993614
29198,68.71910195315047
29199,15.486193235466095
29200,19.232031371390462
29201,15.489627743157627
29202,21.99884918072506
29203,25.335562627187425
29204,32.543503140609104
29205,32.11007375806326
29206,31.320322368146325
29207,27.739710278475833
29208,34.10806550091766
29209,35.2681680177548
29210,17.461346871435495
29211,39.09312293065656
29212,35.36415246838627
29213,33.803887444707144
29214,29.868874443192283
29215,30.75855098783045
29216,30.591329301882
29217,28.541639793338433
29218,28.974992695402005
29219,33.28588719649953
29220,32.800469507813325
29221,39.99626520488347
29222,43.31523866139869
29223,43.505582611163284
29224,39.35083479572047
29225,37.376780229568475
29226,38.79592668762505
29227,31.992703375214703
29228,36.62994585440606
29229,36.810727081566384
29230,47.44240927672015
29231,37.95554226335783
29232,35.814701198089416
29233,30.95383899906618
29234,38.7636131294999
29235,40.50444286583071
29236,40.37132719330813
29237,40.08991352469112
29238,23.17097955872171
29239,59.94572414936455
29240,36.15014624879877
29241,32.21106768764003
29242,36.651496926575746
29243,34.4872918827193
29244,31.836324210477176
29245,38.40235586461937
29246,39.621844687622215
29247,37.575270479405035
29248,37.586555597135074
29249,42.07676346817917
29250,32.418933487282466
29251,33.77749509493275
29252,19.470160980789256
29253,31.014422927007818
29254,31.213732126974815
29255,38.85758336060897
29256,36.50255141016096
29257,39.24394811522994
29258,37.94302138376875
29259,32.80756320650735
29260,35.331600550117514
29261,43.29272415898012
29262,37.90937152950707
29263,35.54752549148357
29264,38.67515570107571
29265,49.101958723446074
29266,39.98268231549274
29267,34.215334912889475
29268,40.238939183554955
29269,35.69254580486715
29270,42.5107952660868
29271,39.264277494818074
29272,40.91223908745367
29273,36.10746849432837
29274,55.7049377453092
29275,42.71166417576889
29276,39.110710600133686
29277,38.44377509939443
29278,48.31309338764017
29279,47.062865609564206
29280,38.66754070760535
29281,37.60985666017554
29282,33.528502829158
29283,34.397246479476365
29284,26.564605288099624
29285,33.19029890155754
29286,25.23526347747715
29287,24.335809277262726
29288,34.733598019008255
29289,37.891844281145396
29290,24.42837643576187
29291,47.669766730522895
29292,30.113971682993522
29293,13.570936307538268
29294,11.462666074186652
29295,60.259988874974795
29296,24.126407835740537
29297,36.69767706677117
29298,22.969043289735687
29299,23.511649586791417
29300,32.55986061195432
29301,21.290048516949145
29302,80.54628960259559
29303,36.65993904944448
29304,29.88243736425293
29305,47.749527928146286
29306,31.527841489094293
29307,54.21971492409136
29308,66.60807333739203
29309,19.798856797784325
29310,56.30094026992951
29311,16.870469299832678
29312,65.10116229167637
29313,62.47813819389734
29314,19.90197263524027
29315,18.931102977229827
29316,20.906213328160785
29317,25.33204822662102
29318,20.77374822838548
29319,22.092313808797194
29320,33.40183647504681
29321,32.47627601639528
29322,28.16436285478609
29323,24.008322925953006
29324,10.491764797738
29325,18.71093478381579
29326,22.663427923481244
29327,43.55766785669134
29328,30.769527334253514
29329,48.38013094172831
29330,19.79270002568289
29331,20.936675150813134
29332,20.773131927466853
29333,26.152038791858654
29334,69.37879350318134
29335,30.16675457420736
29336,37.18793097070018
29337,21.02844563620701
29338,13.87055450482719
29339,24.047364848374663
29340,17.903434908046442
29341,34.742054406755955
29342,26.369261402197615
29343,21.71523937094147
29344,22.691273632593553
29345,32.21948719081723
29346,30.20831540507414
29347,28.42290703476803
29348,30.923776997816574
29349,24.726254289267807
29350,34.513229963011156
29351,8.357319731609614
29352,31.913353287187807
29353,3.763392369691042
29354,21.139157435942863
29355,27.435291191961525
29356,34.28464088862505
29357,23.064793151953417
29358,26.724350745396364
29359,26.951958358286674
29360,17.755830407305453
29361,20.64890652714545
29362,28.2323553861443
29363,21.136217728555188
29364,19.704416745223973
29365,19.648415564659448
29366,36.72265125709386
29367,22.94655016263519
29368,32.13288713531632
29369,15.315485118561341
29370,5.848101594560935
29371,24.814586292428334
29372,31.31956483220584
29373,28.73751145792044
29374,36.692141129033416
29375,23.370519967166757
29376,23.692666206571957
29377,16.46668928518858
29378,21.134246843844032
29379,24.546074732299132
29380,25.78616947825364
29381,18.724699902831787
29382,23.973526018314768
29383,18.29623359434006
29384,15.269182581043033
29385,24.449614000937256
29386,21.343722446128034
29387,19.9631035983038
29388,15.095810756800965
29389,24.504499347755235
29390,18.975034444041032
29391,17.96941910604441
29392,19.8478694939341
29393,32.71619510102715
29394,13.451624935321517
29395,18.870225351853925
29396,23.31853465087681
29397,22.300682475639565
29398,18.94427746408789
29399,30.188763118520363
29400,23.80392723848196
29401,24.191113000393365
29402,24.69697034919164
29403,21.986224505034972
29404,19.869905760080655
29405,18.003847337229146
29406,11.999606197989783
29407,22.765338953501775
29408,19.392330106333404
29409,24.903241778571783
29410,20.88432871763261
29411,12.378615947516028
29412,4.881292679161499
29413,12.292743543660844
29414,0.30458249171453683
29415,11.022493959734959
29416,15.157996148047317
29417,45.01336279345564
29418,35.72549945508477
29419,52.18060175219264
29420,35.608231392051636
29421,43.055606728192004
29422,41.112134627992546
29423,41.61750585420387
29424,50.79436600955444
29425,48.550924912991725
29426,45.81775910452008
29427,34.1760849180045
29428,37.791358172812345
29429,38.977382095756724
29430,33.400856242154326
29431,42.55377421243428
29432,35.740043237012074
29433,40.362534535547795
29434,43.13201153295152
29435,35.91563923799161
29436,44.47506457244416
29437,35.35097388441658
29438,36.988564659727864
29439,44.31843780321705
29440,41.893019877672565
29441,37.93908938792316
29442,44.79561029584495
29443,41.199145317770345
29444,44.4880050360246
29445,37.29304797707539
29446,61.96376327424404
29447,36.123177974225285
29448,37.071791850681365
29449,33.760058402944765
29450,44.181596933994484
29451,35.277055223763725
29452,34.16521131580903
29453,41.11142250463996
29454,41.68004242248095
29455,32.37085785143391
29456,28.6329822915038
29457,36.50040575015353
29458,37.04832000707323
29459,33.67821616429271
29460,42.72993823203929
29461,38.22482035621253
29462,43.95342624862609
29463,37.04350050620016
29464,36.64927940114646
29465,39.92138595277304
29466,43.44323780784728
29467,44.65002206796046
29468,35.20990755725872
29469,36.57839020212183
29470,41.24671060639258
29471,35.04845713787533
29472,35.58277435096019
29473,42.193911123484824
29474,41.649994106853526
29475,54.15992363511029
29476,34.83365069093516
29477,33.602440564768784
29478,41.810472405090835
29479,42.59754816179746
29480,38.84064648732189
29481,35.83431599516672
29482,35.214338131450276
29483,41.75963295854514
29484,47.02146689112574
29485,42.50714459333143
29486,36.31808865193962
29487,37.16830759664914
29488,54.12389276589134
29489,50.9323933635709
29490,36.97064935448343
29491,36.532430950618576
29492,42.48993389979082
29493,34.469678132692124
29494,36.46924107595032
29495,45.13552506236624
29496,35.554783429854695
29497,43.908582736739106
29498,65.91839882853907
29499,33.21997872148405
29500,36.74340164299055
29501,37.860771051249515
29502,42.78697329143851
29503,34.98938017140756
29504,33.29014979217906
29505,35.31338422937752
29506,34.43249125997089
29507,33.917842219254574
29508,73.6178853889628
29509,73.95492380965678
29510,19.69210519641186
29511,26.400896514089464
29512,24.118083191445123
29513,22.91777682828444
29514,20.529308432948326
29515,71.91446746381851
29516,25.35122215985062
29517,21.094068920674502
29518,28.88319173597826
29519,27.489288624216876
29520,17.334425697922015
29521,11.76196232047663
29522,36.779825688018406
29523,36.03863420247826
29524,53.29409310259868
29525,32.9744579561367
29526,26.072153149259172
29527,25.672493945036194
29528,18.89922873129207
29529,18.421998127792257
29530,24.278762982054197
29531,24.277651371745506
29532,20.963837788837388
29533,30.627193331941967
29534,34.00378594646924
29535,32.584724641746206
29536,67.54785673681144
29537,23.561178069666603
29538,22.938473305478297
29539,27.661225887327937
29540,26.572260862966544
29541,26.344290614044052
29542,49.88288648035763
29543,30.75529590357781
29544,18.519732790519875
29545,27.660998645061312
29546,28.328761008797844
29547,34.597440336842645
29548,32.42553534667783
29549,34.44898322674992
29550,21.63813768158709
29551,22.756049499277175
29552,78.71728858219527
29553,21.319879467166523
29554,15.380443978123527
29555,23.54612763612123
29556,24.642545374482033
29557,25.408314935948717
29558,21.741449110940692
29559,26.100156188291496
29560,23.67573864970089
29561,29.65672925170098
29562,22.22847047548459
29563,20.527452484560676
29564,29.025567127163743
29565,18.085563942516437
29566,16.596446776373075
29567,51.755507092550204
29568,22.805636969767605
29569,19.465546766671878
29570,15.82625976656298
29571,18.739561978899765
29572,25.307615942163167
29573,22.860155490629445
29574,24.17179328332864
29575,24.627224612367414
29576,21.998512732782526
29577,17.899741113243984
29578,25.89431480651301
29579,20.83247716497376
29580,21.712394690817277
29581,54.328984011904076
29582,28.172094255194715
29583,21.19766752211465
29584,25.30691491163551
29585,20.693884315419744
29586,27.212047396964586
29587,14.045636377716065
29588,23.69340012580635
29589,22.04452953951064
29590,19.886683126200246
29591,14.211577985779854
29592,21.149858536231957
29593,35.890663146840566
29594,26.235824458973205
29595,27.977679289420667
29596,14.14444131738222
29597,8.918094699848071
29598,32.652300543092295
29599,33.05930778420276
29600,24.54955847169829
29601,23.4481861864043
29602,25.567153025260286
29603,16.91532201943359
29604,33.05273582615265
29605,38.81272850210726
29606,47.76296738520313
29607,68.74681824600731
29608,62.69184596751654
29609,60.40284014659524
29610,61.65712369813183
29611,68.44061828514477
29612,36.19719359961118
29613,83.85660312889624
29614,53.07304349036379
29615,41.36248524541505
29616,32.513083780479114
29617,35.17805944511412
29618,40.340601234519134
29619,41.4559045897618
29620,76.67748379629663
29621,41.78665799018374
29622,65.38931380267704
29623,58.615632951667166
29624,36.4188315663905
29625,61.40891240145311
29626,34.706746139575294
29627,47.715015607109436
29628,51.321925429157844
29629,67.97475859112956
29630,47.277452465207304
29631,71.26491260737379
29632,59.87240138089227
29633,51.23078620775953
29634,35.38255623012783
29635,71.56236478988376
29636,45.40731110248602
29637,39.79864842156905
29638,43.02246751862052
29639,71.02668911736143
29640,48.15272170534767
29641,68.70297552497058
29642,86.98420004011538
29643,41.11525795794746
29644,42.372731334782486
29645,82.15123498840151
29646,42.470355428578166
29647,51.251063127591564
29648,43.179829193485304
29649,88.12737361610141
29650,56.723902144701576
29651,76.68330110200712
29652,63.74604853549655
29653,41.07056743122314
29654,70.35525377529606
29655,38.33564307013046
29656,43.935216141380835
29657,33.737996378751845
29658,43.17538321006636
29659,37.55073363942749
29660,45.01887107929876
29661,33.88630072755689
29662,36.087292896834114
29663,41.34717923900408
29664,40.14764382313136
29665,50.95136016395357
29666,67.89184201706655
29667,54.803258199899446
29668,52.68043416765802
29669,53.98746755299561
29670,58.351676393577264
29671,51.51054377815427
29672,42.84238244587051
29673,44.77695464642737
29674,67.925254491029
29675,54.83211769269955
29676,67.52695353045286
29677,65.17779370138163
29678,67.28492069668312
29679,55.865122423148634
29680,66.62822545464245
29681,62.28462220271994
29682,61.083004814608216
29683,66.068010975097
29684,68.01667370659372
29685,67.28619266608169
29686,40.96416173449087
29687,63.67119582185144
29688,53.126198511171694
29689,55.31094275559525
29690,50.920440554739
29691,53.62564887949027
29692,55.415129100611246
29693,67.92495281738033
29694,53.2439441959672
29695,14.861062689573515
29696,41.01766215031699
29697,48.09834713261729
29698,57.38596579546014
29699,44.924397519464506
29700,38.982617837586744
29701,65.05923999729507
29702,44.903136808683186
29703,34.218976418716814
29704,59.69706479954258
29705,39.40396648833455
29706,42.92716559345553
29707,35.281905868575144
29708,39.04915568974937
29709,39.94475041565957
29710,42.0211354450923
29711,43.306099434505185
29712,32.80155655670319
29713,35.09805263124767
29714,56.02409454485867
29715,45.88194049666808
29716,49.3494906855484
29717,36.023009965020215
29718,38.73873719149462
29719,40.00716432247117
29720,39.94392067239579
29721,39.57056534417056
29722,32.84542606554082
29723,47.80036777200996
29724,43.04016687775466
29725,46.9407100133222
29726,33.406503010633955
29727,33.488896490608006
29728,31.171682125311435
29729,35.43878567009624
29730,39.48683172787861
29731,35.55587878843626
29732,37.918823606207255
29733,38.75967521801444
29734,37.996392194227724
29735,39.9856923591385
29736,35.20274515471641
29737,27.989017462520806
29738,41.68103698673222
29739,42.412796055291736
29740,37.27824239604049
29741,40.0235801222576
29742,40.512459392368484
29743,37.274002259925226
29744,38.58660735007392
29745,36.91440654966763
29746,31.58985981599061
29747,36.209356373392474
29748,28.9669934600866
29749,35.501563946538035
29750,38.28193085867922
29751,35.0097958587413
29752,36.188057201345956
29753,24.137245501399526
29754,29.212884049167823
29755,41.45783141471067
29756,31.863466339661972
29757,31.220332142368505
29758,41.33101346623195
29759,36.65133626670149
29760,37.70131467637012
29761,35.92800548206961
29762,39.68312332928893
29763,43.04417685114049
29764,42.28936200068675
29765,21.17205717345488
29766,39.797977984566884
29767,31.26181911432816
29768,19.121177503771214
29769,17.994465132309134
29770,39.606525715464535
29771,21.448188937617505
29772,22.78637763289135
29773,23.82858643971747
29774,39.7723418817251
29775,82.24846876447572
29776,42.876925319580764
29777,40.23336923550396
29778,44.084286560540654
29779,40.772004706775576
29780,75.49759200476751
29781,38.94068512205565
29782,31.015655975475784
29783,34.6075045867558
29784,44.559972125300334
29785,72.25978702141444
29786,46.47641971945767
29787,28.369120171729453
29788,50.99744726919842
29789,40.27579871140918
29790,55.956107973210905
29791,46.40691654541027
29792,41.89706421158946
29793,40.16948305618859
29794,56.89990860634295
29795,69.01030210279316
29796,52.53885780398714
29797,42.76120823281339
29798,81.84393384663773
29799,42.47812060848409
29800,41.62282019363062
29801,23.23962714521725
29802,37.07172788164445
29803,48.088378944024676
29804,61.42633909019272
29805,35.75391810316738
29806,50.82346736998588
29807,54.394280332746305
29808,35.85602782651983
29809,29.636985263966146
29810,30.14324547390245
29811,34.89543855855699
29812,40.50200954919766
29813,52.030610428427586
29814,42.619048342063195
29815,54.16581850050757
29816,64.4345349036238
29817,36.40682899638399
29818,31.961201849309546
29819,58.71446863933985
29820,36.1748631022848
29821,46.85814850628466
29822,36.89117705641494
29823,57.167753900738845
29824,67.20822107031105
29825,42.08619503085006
29826,40.786992117511055
29827,24.27167963794363
29828,19.99822738706447
29829,50.0740402765859
29830,40.268314749758204
29831,66.98239702226698
29832,34.30343251930813
29833,37.84762955549007
29834,42.34139204786496
29835,42.91173557849146
29836,51.84410605927563
29837,37.111033048776
29838,44.38334592478951
29839,42.86919635768302
29840,41.15888524030468
29841,37.75600440072077
29842,35.2870320985339
29843,38.62462036404291
29844,43.94913396425288
29845,35.74419171217055
29846,46.34150973238556
29847,44.84629375002538
29848,42.622663365680246
29849,41.71149145223029
29850,41.30527178564931
29851,38.692014438382
29852,19.441577515549483
29853,44.1106319964891
29854,39.2851126294633
29855,34.28991056696776
29856,44.70237853541359
29857,35.259526527946704
29858,39.059070309454185
29859,24.429732957678866
29860,33.01809210523733
29861,34.3710060511613
29862,38.2224215258033
29863,31.165831782817676
29864,21.812671793254225
29865,33.34519188342708
29866,34.28528742184737
29867,38.88191801289644
29868,33.314910711029874
29869,36.92868510470574
29870,39.3163467281993
29871,31.23425229031934
29872,42.175994651697295
29873,39.61142091428165
29874,38.01964708781412
29875,30.99805478826743
29876,42.12132149555579
29877,44.473983699550715
29878,29.389979231618774
29879,41.73747320928486
29880,43.522391918764725
29881,34.751150473544826
29882,38.82510396691892
29883,36.35582805481223
29884,29.868874443192283
29885,43.44659408011718
29886,31.525666241056484
29887,39.74239833663572
29888,30.224064902965083
29889,18.588537283035016
29890,42.49059412237844
29891,36.063584352618435
29892,38.971126360134605
29893,45.323511172923226
29894,44.35094571918819
29895,34.75616738615412
29896,45.34187549618193
29897,30.049012101100242
29898,41.730732640252555
29899,30.02381831804503
29900,32.127731983310426
29901,37.41853800586491
29902,35.14963363293985
29903,39.717984029163695
29904,40.5240470120624
29905,43.306483917308086
29906,39.03847510190761
29907,44.5325342085266
29908,43.54667854191541
29909,26.48271462060855
29910,37.859151862791734
29911,38.9564816594944
29912,39.03252547075745
29913,43.59581757745278
29914,35.59994248887116
29915,45.60013395498265
29916,41.25287947400125
29917,41.49378360508512
29918,29.758252049862833
29919,45.657316645147404
29920,41.80522936269315
29921,43.8575389590973
29922,40.46529522290243
29923,44.507008856972305
29924,36.19418949571909
29925,30.53384198558237
29926,42.029665353804674
29927,27.882007065547707
29928,43.04403410785764
29929,42.4847490709698
29930,38.253797132060726
29931,44.666202982116516
29932,44.502397315146325
29933,43.684442288810075
29934,35.20490725618274
29935,33.57345646493114
29936,45.12564889139141
29937,35.06527826339724
29938,31.53281898856888
29939,41.657521973314985
29940,45.09961421315768
29941,75.03552197891452
29942,40.43555031167705
29943,56.30079066489654
29944,33.61420808867253
29945,51.306485072306785
29946,39.1350123457007
29947,63.3165600069583
29948,31.382435448465657
29949,40.26888555154761
29950,75.00793642794677
29951,36.11929689438118
29952,50.573362612507566
29953,37.009802471041084
29954,37.999217153961794
29955,40.513568347210324
29956,51.99531341478732
29957,84.83067582162548
29958,36.05257127478956
29959,46.83547106453599
29960,54.776930672921246
29961,40.881868502463526
29962,58.414642692621314
29963,28.328692271140014
29964,48.6050252692433
29965,41.18032784460381
29966,34.139039257553875
29967,43.486614508737276
29968,39.173121442057194
29969,37.24576547232604
29970,35.42929168846696
29971,43.091760808024176
29972,34.11149435502564
29973,16.499802788445727
29974,46.7892604236798
29975,37.95889765371788
29976,80.16564955541236
29977,30.889407955491784
29978,46.46067465354044
29979,37.27619173646224
29980,63.3284813345047
29981,39.01135264621247
29982,38.37653690754418
29983,40.341539123365024
29984,45.30874252628253
29985,60.457936843314215
29986,41.9083099291951
29987,43.62428386408279
29988,69.66589234844217
29989,54.33145428196953
29990,58.71267041421237
29991,41.103542813843745
29992,40.244173367762265
29993,48.89408676322556
29994,40.22812356689106
29995,56.60785931789431
29996,42.3270075289349
29997,32.42489413703022
29998,24.404457745925804
29999,35.4817370173307
30000,65.52687572046955
30001,62.82358070192056
30002,26.970843706382713
30003,54.40962977106706
30004,42.327768600836336
30005,39.49889391646553
30006,27.45135251181182
30007,67.67848309179794
30008,40.19810181923409
30009,46.16283489117798
30010,35.968775926115946
30011,52.32848891717491
30012,69.00738764528279
30013,59.77184731460352
30014,40.699874105047584
30015,26.517897293580784
30016,39.31537867236288
30017,38.66504043612842
30018,33.23985596131495
30019,44.454345689932765
30020,60.237336691245154
30021,44.84407448343782
30022,58.12390166512856
30023,34.59373380768439
30024,45.045952131867345
30025,47.46547053183192
30026,39.52679194302034
30027,43.87183768308333
30028,61.749728073414715
30029,44.74847918329167
30030,48.78295156389697
30031,39.53480963549552
30032,37.373582637689
30033,57.933753128756905
30034,65.40484569488757
30035,38.68992084966925
30036,36.554987510303725
30037,40.01298120175926
30038,45.497544670815095
30039,43.11631243002991
30040,42.30611704095729
30041,77.5259618746278
30042,58.341860382526924
30043,44.98990602857666
30044,48.22053053610157
30045,46.12789382508048
30046,44.04598482096955
30047,40.74212674919821
30048,43.712538172956926
30049,40.23870403613188
30050,51.790706240579865
30051,58.848860512951404
30052,31.902590111365335
30053,42.46810350187223
30054,57.66990466374436
30055,31.637403672373395
30056,39.39100391214127
30057,69.85470236715693
30058,49.46045478164864
30059,37.95368898447172
30060,50.92415683899302
30061,36.40378116058081
30062,71.84026569337956
30063,59.80970303854836
30064,32.19280363376876
30065,26.664135177827063
30066,27.296748260580927
30067,21.040433748775285
30068,38.46993258251575
30069,18.864995974507153
30070,42.03259532695757
30071,29.276049039371685
30072,67.28205079966659
30073,62.73173420616531
30074,23.470331537039883
30075,60.61973137655177
30076,37.747586542479
30077,32.838955230902684
30078,34.58283018017909
30079,31.901879284565283
30080,22.33071233808156
30081,31.988974569726082
30082,35.62331373150654
30083,27.09516748791681
30084,32.35233809445071
30085,58.534136338193065
30086,33.6928790978531
30087,30.58165159843321
30088,30.0038706424013
30089,31.530349283274887
30090,39.00085011926882
30091,34.05861762575996
30092,65.16513706683723
30093,22.071848513956695
30094,32.76054829365209
30095,65.8838932825883
30096,32.35294541347396
30097,23.885902233699138
30098,35.01827189583655
30099,16.664296473511165
30100,20.611128209055046
30101,23.548761348500236
30102,30.207538249652078
30103,29.875950644798365
30104,27.028553639806155
30105,29.72567904488116
30106,31.01992636079045
30107,25.34356046963768
30108,17.273831040117432
30109,33.9605895262982
30110,30.360706498374697
30111,27.56580491050152
30112,31.917144536035572
30113,27.27028424051182
30114,25.92054265635933
30115,22.70399249719695
30116,26.72637274653189
30117,35.48136600567081
30118,20.04464226867052
30119,27.124568478683848
30120,39.37486237398842
30121,37.42762875208273
30122,20.864742823042835
30123,23.057919283260425
30124,32.61151494306602
30125,27.481488114690066
30126,22.643614695119474
30127,31.87514276292679
30128,35.90038428014974
30129,0.44083175923540385
30130,32.00610368647391
30131,25.80414562309791
30132,20.61166575240983
30133,25.914137571830757
30134,28.58846969485677
30135,33.759281585457174
30136,20.04437332470806
30137,37.65467556194332
30138,17.963399144139718
30139,27.809830439551465
30140,40.012783377016774
30141,23.29225335440333
30142,30.30716286269153
30143,26.778933908686263
30144,33.829940843820474
30145,29.620104353735453
30146,28.7125734041836
30147,31.44132490774156
30148,21.788089095394213
30149,24.868158455133663
30150,29.23541639190584
30151,26.088647275426226
30152,22.04793085689726
30153,20.72291097082485
30154,34.017422623329935
30155,25.830287498977047
30156,26.32564766545842
30157,36.4857989831744
30158,36.929276412076575
30159,33.63081881870109
30160,27.437050716847075
30161,8.594064554951583
30162,14.166836681063518
30163,39.00830040799117
30164,37.36375114632189
30165,39.22036864798021
30166,29.71423336949328
30167,39.928486776116515
30168,35.33005359062713
30169,38.387173716122994
30170,35.01412434168087
30171,38.68620652637532
30172,28.673849977739508
30173,23.99578877089379
30174,33.107779986238114
30175,33.74745889406281
30176,28.03635284137349
30177,40.54670682998924
30178,32.57222005998695
30179,38.34719556521168
30180,8.874312121150709
30181,35.645949845511765
30182,36.431372987089304
30183,19.124029049662937
30184,40.05238477521582
30185,22.339694936729884
30186,31.674753061550543
30187,33.220017457901136
30188,24.33972199440251
30189,37.68780968266131
30190,12.08444343864042
30191,35.11969726865047
30192,36.36682353487498
30193,22.6752130254733
30194,37.92238902302468
30195,35.32265595695175
30196,68.93388754057457
30197,94.0951406669912
30198,88.86481850871114
30199,90.24956567013268
30200,27.2978382258734
30201,94.23121509017022
30202,87.06709462964261
30203,94.20383218392519
30204,93.76599523475615
30205,40.33337301331949
30206,90.86973568901949
30207,95.47512320512914
30208,33.472213533309414
30209,92.09288253600833
30210,94.03854564977726
30211,28.680609840608344
30212,86.801301698121
30213,34.108271548128755
30214,81.05621867791928
30215,90.20847336576227
30216,88.45806331801161
30217,26.875058561940392
30218,91.0753331047821
30219,82.89238981477982
30220,29.31789110317421
30221,91.32996980207147
30222,56.705715502823935
30223,90.94798386882862
30224,27.499612116975655
30225,83.19111061743305
30226,90.73928724561333
30227,62.506561976543026
30228,25.423896634676108
30229,90.22761958301732
30230,39.520544915065045
30231,91.22560255693048
30232,81.94399435182508
30233,26.79545468136802
30234,80.83281686679877
30235,77.12042208088306
30236,27.6342835615963
30237,90.98249542293692
30238,53.052510679958715
30239,78.79618399273853
30240,29.74108648439276
30241,85.72563173219385
30242,89.17605891633563
30243,22.73910382795389
30244,91.07565801206815
30245,85.09730840216109
30246,25.736861158029388
30247,90.3129271457141
30248,91.12956876648434
30249,38.120515810733494
30250,88.88570173886907
30251,38.99150357575628
30252,80.24720859456193
30253,90.13427482817957
30254,43.1696385618604
30255,89.96860690458168
30256,87.58697485478856
30257,29.283989906045136
30258,85.42081353313151
30259,88.21775365102607
30260,23.499336233376297
30261,87.14647892369729
30262,85.64255264369115
30263,36.68657935073352
30264,81.07723293311301
30265,88.69209923757285
30266,31.562075000749562
30267,76.22879873998804
30268,88.2313838800894
30269,30.228054849155363
30270,87.29833839588633
30271,22.9588048433629
30272,29.347094985136117
30273,77.77316450007125
30274,73.3257611624195
30275,29.95985226395437
30276,61.603488897782164
30277,60.154129777841064
30278,28.663168554346235
30279,57.1686869295265
30280,38.5100714561869
30281,65.04530895374143
30282,83.4314537042768
30283,37.77322468894354
30284,61.80371340870485
30285,62.71180777121481
30286,31.52450447181348
30287,78.47655316516446
30288,83.28230096027892
30289,29.39575293309378
30290,70.18929941578136
30291,68.2392466542203
30292,73.35657155682873
30293,41.84561613276853
30294,42.77510275402413
30295,54.43202165617227
30296,44.57704665779444
30297,76.9490787356558
30298,66.10167554088036
30299,51.98285122666027
30300,76.56477204658043
30301,48.270046270502355
30302,51.85968591177897
30303,45.02712499168598
30304,71.37306695999368
30305,51.38664232492356
30306,42.12891222571143
30307,84.52779579433593
30308,79.75440095465535
30309,38.95723599770878
30310,76.1424489363487
30311,45.931117977041424
30312,40.54482437818491
30313,84.02960349580269
30314,45.578632056287404
30315,36.40535901466083
30316,36.36836221026886
30317,43.71243952304074
30318,48.11219812958343
30319,37.75440365487861
30320,47.00182746216094
30321,57.61066068765068
30322,84.9923054677159
30323,62.67534479124009
30324,41.64094634961073
30325,43.92528144175291
30326,43.922889378077265
30327,36.00578233685998
30328,43.72656362967923
30329,48.940468532969405
30330,49.73997730935798
30331,55.006511040008775
30332,45.26343441450391
30333,45.72163203412071
30334,45.40721173810583
30335,35.92083247411642
30336,59.97572721982621
30337,89.34409864867926
30338,55.44096541727083
30339,41.759584936010285
30340,38.72553711546273
30341,42.83996364719091
30342,42.73404205187194
30343,43.85062201385201
30344,53.118108528080676
30345,45.96872399331709
30346,41.9503178298152
30347,43.506703451768864
30348,46.07062940324441
30349,59.202281397224226
30350,44.222869798172326
30351,54.94222241764543
30352,43.268935455089625
30353,41.87617946353852
30354,43.19994970019144
30355,43.955448842399974
30356,45.03969051552226
30357,45.12985263340531
30358,43.57704731303946
30359,43.26195363479099
30360,42.49868967790664
30361,46.58119413511161
30362,42.512935244223115
30363,74.08771568345789
30364,78.36168871884684
30365,44.23598411457201
30366,62.54662955993916
30367,44.30429474598927
30368,52.847062332762036
30369,83.16527080490039
30370,44.75139640937827
30371,77.69902607142521
30372,44.05385404571955
30373,42.42126914516463
30374,40.096832409765284
30375,44.73175775722389
30376,35.643329524483214
30377,33.86860663460408
30378,84.4342987267467
30379,40.722761425569175
30380,45.21210069174849
30381,36.66989792742309
30382,37.31718868057152
30383,40.55081949445782
30384,41.83745880596903
30385,46.8882666361892
30386,83.9379220066204
30387,89.17657550267852
30388,91.36063585189552
30389,69.75186667997126
30390,41.5547839292377
30391,39.11713005852958
30392,78.54953229709128
30393,62.720564635813304
30394,57.552542429193
30395,86.51677246778448
30396,79.82020860282802
30397,29.444906826923546
30398,72.70129729250885
30399,82.62162189910502
30400,53.21008545014948
30401,43.08661775580573
30402,69.60864220212963
30403,41.159826415706306
30404,17.606031416903658
30405,38.955053240506594
30406,78.51909652793074
30407,78.79906253752597
30408,59.3894205398938
30409,66.10968142821183
30410,43.14886240965937
30411,42.142476335579985
30412,63.02307603275516
30413,50.36616237288479
30414,74.79241771715891
30415,9.685550272770492
30416,46.40837063397582
30417,65.38108199378955
30418,77.24286000963815
30419,46.44624100414246
30420,28.31751022453301
30421,34.33858849884967
30422,55.47500918630949
30423,91.10574380724373
30424,72.39161407940335
30425,44.77037471039249
30426,50.79999897129987
30427,68.71340942772706
30428,88.31278018462226
30429,44.318679594753235
30430,32.356240797076836
30431,38.019657619775984
30432,64.73809874529626
30433,21.7725103779944
30434,35.84563179104122
30435,55.364542181924676
30436,49.48548724534554
30437,57.70698629955936
30438,72.0615888173214
30439,69.31065613110573
30440,53.594806761630295
30441,51.206710646675006
30442,59.950906525616965
30443,39.12119987641991
30444,73.94279090064403
30445,26.576869003056924
30446,69.07842028915113
30447,68.82607224886272
30448,73.553144117466
30449,73.47263860235512
30450,77.10716704101225
30451,73.71027267426649
30452,66.20998291918303
30453,56.654881906685326
30454,71.74405859517054
30455,24.9472820170918
30456,68.35663143470254
30457,52.36964619252552
30458,65.1890884818862
30459,62.22690024180893
30460,45.35288848630087
30461,69.65837919363109
30462,43.5995517848581
30463,68.1386099064653
30464,75.70460412294808
30465,43.387916909288926
30466,67.60611820709981
30467,72.86086380187736
30468,78.18637191878796
30469,38.34226406757024
30470,67.48531335252086
30471,38.93770186839271
30472,21.118120676740425
30473,44.152135064470684
30474,54.08955965746095
30475,21.819632645391266
30476,19.072141264456995
30477,33.98632252838616
30478,29.472095277625673
30479,36.201534822217965
30480,16.209437156958405
30481,16.625889930236646
30482,22.848460880604982
30483,36.06097708848185
30484,67.60701692748805
30485,19.01462699662212
30486,57.93650054267577
30487,41.11589748994422
30488,16.679086213418685
30489,25.22901777850984
30490,21.58593432763577
30491,17.558098607272463
30492,24.909262919853425
30493,23.844691833482656
30494,26.3977119589462
30495,34.38802533605531
30496,21.699171728018037
30497,27.679802777183923
30498,28.80491145072309
30499,34.435175236862946
30500,33.710380136876026
30501,53.359336482135625
30502,31.19408135085341
30503,23.11039879415347
30504,40.68185464654728
30505,38.82093170288216
30506,31.643897957431292
30507,52.296032792666054
30508,36.59095044495976
30509,42.4892857521172
30510,36.73057291183498
30511,34.48135632335326
30512,37.28033696584222
30513,34.79016354629394
30514,45.42251704366312
30515,39.0572828306437
30516,35.17563922744038
30517,39.37299247349
30518,33.948104061508914
30519,34.495695768792956
30520,36.91330032871363
30521,62.53026875189255
30522,56.38511343949479
30523,45.070485321539635
30524,44.597176683782926
30525,44.66868066559685
30526,43.90698229052476
30527,34.892837113732384
30528,42.32224601213029
30529,42.079894117029994
30530,77.92992745541173
30531,55.63619623685474
30532,43.235949005700036
30533,55.31820555654346
30534,44.75595986232064
30535,44.861597108313816
30536,44.85672712303976
30537,46.52999479820333
30538,44.97699745687673
30539,64.97524065268824
30540,45.32565225587524
30541,53.072104386671256
30542,45.282287424689386
30543,40.862296929472386
30544,44.3361889512668
30545,40.30021797178844
30546,45.9131864699162
30547,45.62889791896324
30548,33.50931273814315
30549,43.28703733503784
30550,36.891608186908925
30551,36.383603764847976
30552,34.41157044009061
30553,37.92485977082778
30554,36.298490283671356
30555,40.275755748531665
30556,44.082398368169834
30557,34.920389723648924
30558,33.066366431743546
30559,36.21668493230622
30560,42.33396558240071
30561,38.21983574858179
30562,39.260973027818075
30563,31.6989982416458
30564,35.61701151014094
30565,39.248314646276256
30566,30.004601514504763
30567,29.839708480917047
30568,34.1289518588368
30569,32.60956042714031
30570,26.428841461790256
30571,42.146826445745965
30572,61.34821383446456
30573,41.37205916506859
30574,40.756365752016436
30575,31.634599708305082
30576,27.862055058002248
30577,41.85753639216337
30578,42.273335483842274
30579,33.70844556634846
30580,29.56982541932627
30581,39.27797627363525
30582,29.566966249020766
30583,34.19143158159663
30584,39.934435918954776
30585,40.45626966554126
30586,35.8661746204385
30587,30.134905237808262
30588,37.40258592644916
30589,23.835763794264345
30590,35.508863167620504
30591,68.12744404175261
30592,28.968114864517094
30593,30.42503287609914
30594,29.15043158055301
30595,32.10400522190179
30596,37.52545887390093
30597,29.328456436932814
30598,29.03328277577006
30599,40.85692776458563
30600,30.207535845706886
30601,30.807668938987604
30602,31.253696589009095
30603,26.410028464860154
30604,30.272047536164884
30605,31.153279407479936
30606,41.737462622430954
30607,29.31277339929637
30608,31.801552769973874
30609,38.51126219705208
30610,30.12115019355457
30611,71.14290297871949
30612,29.641783279305432
30613,31.045560184432826
30614,34.41985389112996
30615,30.01945971315456
30616,25.266812026275588
30617,38.84717989504642
30618,40.72337114437614
30619,21.928300803106445
30620,58.74707093827219
30621,48.821807231362655
30622,60.30943698961872
30623,47.13783551921044
30624,62.57074502680167
30625,48.76285904500128
30626,65.91299600288303
30627,42.831309800875836
30628,76.70748002609838
30629,83.3602797646355
30630,52.37233085622148
30631,42.845135068776514
30632,65.35937539892888
30633,55.74596198293409
30634,48.06251953706163
30635,45.20782243431621
30636,36.73266815033774
30637,74.88175152967494
30638,72.5470252809125
30639,67.69974752350538
30640,40.030644493969234
30641,63.33614862835778
30642,45.414552335066
30643,42.233213741069974
30644,55.0210723752909
30645,42.36042697164351
30646,65.10116229167637
30647,24.020716066395984
30648,72.00252891986577
30649,54.3453167030399
30650,40.51905817391612
30651,31.178958423604826
30652,44.89086152034865
30653,42.12438992610204
30654,56.59612024628378
30655,55.32583970955062
30656,71.0332037322838
30657,74.20740811683584
30658,30.638284684399167
30659,80.01713007464659
30660,41.91933119637687
30661,66.74961677341057
30662,57.48993064050558
30663,29.033652998368353
30664,36.749921393671826
30665,64.95789521844034
30666,38.109706129129776
30667,50.35720302610929
30668,66.78076137969386
30669,60.86101846604549
30670,52.692018063362376
30671,43.844941059216595
30672,74.4142514928143
30673,65.01411821239158
30674,61.78316615008043
30675,61.58324434871412
30676,66.31471745549932
30677,63.50664993467848
30678,69.37879350318134
30679,70.12163620290445
30680,79.69863390424649
30681,75.2278159399282
30682,77.29882704882087
30683,43.55990329677739
30684,51.101143640004096
30685,55.48658916163781
30686,52.21418455835074
30687,70.6558657667625
30688,50.66602368877709
30689,43.10843971208885
30690,57.9860682318055
30691,63.21702798700868
30692,29.62196553989056
30693,58.500661181784466
30694,39.240748222776766
30695,40.722461373723206
30696,60.24768062402852
30697,43.42091142421435
30698,34.155479446012365
30699,55.73171171157105
30700,66.43050490468114
30701,31.984177882967234
30702,37.04270196341686
30703,32.13927425670113
30704,45.008666629875734
30705,39.76751324313419
30706,35.7276190868081
30707,50.121166049717694
30708,52.32872816586823
30709,57.78227760085225
30710,38.65681036532668
30711,44.5133139971573
30712,41.681168735527095
30713,58.86866482632401
30714,41.98856189195023
30715,59.69755418425992
30716,15.707022349021825
30717,28.87125229402843
30718,28.188861356559684
30719,25.8522092865435
30720,32.67683087654022
30721,33.055793297115784
30722,34.884689932251376
30723,63.038000014398136
30724,50.39022697616028
30725,40.90318068953543
30726,25.19272606639182
30727,27.835320027265837
30728,58.453894099673185
30729,56.67566730167544
30730,65.38889077872321
30731,30.719371444320778
30732,36.755074238723324
30733,29.473097221772136
30734,42.20844105341388
30735,36.787951239223645
30736,68.14006219001834
30737,40.94961440677737
30738,36.980215940226586
30739,31.799096019989406
30740,38.73744511631738
30741,33.89683735604444
30742,43.12903293929318
30743,31.324676216234277
30744,61.1724912695632
30745,51.10651432387834
30746,45.381944865326844
30747,36.10126942710341
30748,46.68064005937478
30749,48.765526190759275
30750,26.604508882975033
30751,44.43297215248374
30752,24.548059729484848
30753,34.17687885752403
30754,27.71614797426984
30755,27.84951785219952
30756,30.447320393277714
30757,31.276377869919234
30758,47.758858701730944
30759,39.222874142224796
30760,16.447041029454205
30761,47.23703914277402
30762,26.427702484959376
30763,31.920991513601468
30764,34.041738506695694
30765,38.7709824035187
30766,38.63594008360466
30767,40.961732698568866
30768,45.295132899243725
30769,32.33078564643609
30770,33.21226065526436
30771,39.076250871869306
30772,46.23021415393252
30773,27.813684806135747
30774,29.27532718928959
30775,29.436595486039067
30776,45.27460660581563
30777,72.42624826532514
30778,40.31256180093641
30779,56.016483545706336
30780,38.65265184640265
30781,22.671126195655432
30782,39.65467363663587
30783,33.1749990130688
30784,54.842503001995084
30785,25.054150597594955
30786,52.382582191908384
30787,37.2759049033006
30788,51.81195252416033
30789,34.52745669854747
30790,59.737744433012466
30791,58.884975403760876
30792,59.5279089376219
30793,43.363891669186145
30794,73.68890736747267
30795,37.224712322686365
30796,39.91682580363133
30797,39.90986416116383
30798,23.729290931001714
30799,39.67183337336823
30800,32.6939005763132
30801,43.49153319023378
30802,43.334943935518965
30803,44.10288734570533
30804,36.35800637112706
30805,24.437826193334452
30806,33.39606549003497
30807,39.94687426948415
30808,31.186438508439295
30809,40.67612742970864
30810,33.10254160137704
30811,43.53712673853721
30812,35.64634922863985
30813,39.265336156587836
30814,35.39030542097046
30815,37.119677431700296
30816,31.21315924630488
30817,44.203333241321694
30818,31.900088477212392
30819,33.24907937425729
30820,31.317209667810623
30821,37.502160785139615
30822,37.15712440083483
30823,40.38901796025684
30824,41.00271973640619
30825,37.13790406088073
30826,65.08288265367705
30827,40.640917035111585
30828,40.56863412924028
30829,40.49077873932836
30830,39.05926281288196
30831,35.255526209534395
30832,30.052952909460668
30833,39.927908776309
30834,36.728809406704855
30835,43.298433246799945
30836,38.627700617291836
30837,37.73521384474148
30838,26.63971855800066
30839,31.145651829691573
30840,29.627118997136606
30841,41.85060123634754
30842,33.68656865293394
30843,30.68269108551827
30844,74.30966264226736
30845,46.311374649850755
30846,39.598632964215504
30847,86.53338446281421
30848,33.76376022383836
30849,43.13724770023465
30850,48.53334575375395
30851,36.60444742901758
30852,10.219973567561757
30853,23.961215213053276
30854,42.588642559292964
30855,50.08079635356434
30856,72.2921321192032
30857,36.50281822510295
30858,49.90161713538222
30859,25.807391943888227
30860,11.317993635852929
30861,17.903434908046442
30862,68.95867315822417
30863,54.690762415896046
30864,31.78481270628429
30865,66.46016764510847
30866,56.52185025770071
30867,27.78743969547285
30868,49.28084800355475
30869,47.93824965598633
30870,71.07461562375073
30871,65.3997659653585
30872,62.687045557679056
30873,69.34879920709223
30874,54.5792778141467
30875,61.51200341314202
30876,58.374031759875095
30877,44.81452334918187
30878,22.01393906391015
30879,34.13743910623505
30880,29.964595303777656
30881,29.017264297263292
30882,32.99579399629481
30883,27.314578294206882
30884,34.22350090934952
30885,25.372774444555397
30886,23.72825382394663
30887,43.42862429820087
30888,29.646140675529136
30889,51.759804634193095
30890,31.01641891932531
30891,26.84228055948698
30892,18.061786689054237
30893,27.23165049062089
30894,20.61415875034816
30895,20.02832722404907
30896,18.62742875888614
30897,28.06984240503565
30898,31.43324255907755
30899,29.663566424818008
30900,33.84039423013152
30901,28.482688464827355
30902,42.945043693245026
30903,40.44912907688888
30904,28.12771114897612
30905,26.705346259619045
30906,28.04978785971087
30907,37.582773255214164
30908,36.331192008978306
30909,24.04439323904026
30910,28.969371830097764
30911,75.06227647484482
30912,26.017619807097788
30913,53.32896887805792
30914,29.347685806533093
30915,30.740478418958467
30916,75.90972048398477
30917,15.884128536517876
30918,14.18452465921308
30919,32.64713435056413
30920,29.255181815386482
30921,11.830576756200776
30922,23.031468263783623
30923,11.659466793835469
30924,23.24537976982748
30925,60.41325996741478
30926,24.32171007430523
30927,69.44079881957182
30928,27.671006853700362
30929,69.52213527028995
30930,74.55668214867507
30931,36.00249962736829
30932,11.324762629440002
30933,22.403267817691408
30934,14.720481292824836
30935,47.767312323152346
30936,36.45760563830165
30937,56.61872402834368
30938,35.206813131978166
30939,59.01279039444648
30940,9.525667352284703
30941,7.4039665289968575
30942,47.12641764351029
30943,20.302252757585435
30944,12.707528365621819
30945,26.310929712882345
30946,28.072131935921778
30947,13.58524776678873
30948,28.815364568941845
30949,28.022345140851087
30950,51.99952545675811
30951,39.71653662956038
30952,30.998241242984207
30953,13.563276482622094
30954,31.67929020353668
30955,14.383378102478066
30956,56.165479244643926
30957,26.546770402297227
30958,16.655479041045503
30959,10.52355842657005
30960,35.67218745921885
30961,27.460290087153155
30962,31.853577533542655
30963,34.73006635361733
30964,67.13894996469664
30965,45.481975771044716
30966,42.911475100258926
30967,43.06234898376981
30968,46.48141367896094
30969,45.75710734681381
30970,46.92708764619343
30971,44.76103914071102
30972,63.257792350493936
30973,33.15832591958489
30974,52.316883966020875
30975,73.61947605798495
30976,49.13261852535787
30977,28.686293498661506
30978,42.209105225615076
30979,32.284394844597855
30980,66.06866291044939
30981,27.844237440301157
30982,33.72324607279593
30983,37.97209431142891
30984,48.86048655089438
30985,29.540780265806493
30986,34.54762344513113
30987,11.003730478922813
30988,61.65631401896975
30989,16.39670842240303
30990,33.075021129255006
30991,18.844107811609256
30992,14.405451362083829
30993,30.888370775220835
30994,30.903894526874808
30995,30.79805426583176
30996,13.84656086979677
30997,37.08367961611116
30998,51.352318954482705
30999,61.04762456067948
31000,35.638442942294034
31001,30.184498441461088
31002,24.951453129352828
31003,27.433984659796394
31004,36.602188081508665
31005,27.7901194846772
31006,21.972707198900977
31007,34.749994463646885
31008,64.3790438638884
31009,33.20075984756403
31010,34.02788712499131
31011,49.144963771439194
31012,27.99791769103794
31013,38.49293949785606
31014,7.824861630847263
31015,33.320910331810445
31016,27.69159565912351
31017,30.419244979633515
31018,58.93673594779618
31019,27.626218942713212
31020,80.60903062207896
31021,27.57183222268765
31022,30.443694272308992
31023,39.76448900550614
31024,17.495298264895027
31025,20.689209025697096
31026,18.191943622802242
31027,17.96122132641604
31028,11.767929922357808
31029,22.17322476341669
31030,56.34805997934417
31031,12.300398673619412
31032,18.122553651072685
31033,15.106010769487096
31034,7.423139734553114
31035,14.303116592473305
31036,12.815178940759925
31037,18.237220771290335
31038,11.751941042987546
31039,11.788310876012599
31040,9.802311042306085
31041,12.048131701990254
31042,17.61743548689352
31043,8.437464462479454
31044,45.13512947820007
31045,24.929788572800753
31046,19.698411909082026
31047,14.193413012062024
31048,27.33476195093531
31049,4.473462373280402
31050,13.285393932460423
31051,8.343521231169891
31052,12.206005075005955
31053,16.59103811329673
31054,17.02407849741305
31055,11.190330299696784
31056,12.770203810970564
31057,9.160398543876607
31058,7.67284234680466
31059,16.363852945005554
31060,13.218289604469291
31061,16.632856590714535
31062,10.80346758421295
31063,21.30356636411083
31064,20.2207126059984
31065,17.634647660615457
31066,12.5934798279287
31067,16.046766303349997
31068,12.440072174960104
31069,8.30323060604298
31070,13.49774252071186
31071,12.744663488764317
31072,19.502813185289533
31073,9.11789837823761
31074,13.120592248608089
31075,8.037176139168789
31076,11.908100536615258
31077,17.43470994946375
31078,21.761028877520715
31079,15.739135841676273
31080,22.230831056110244
31081,18.40581952868603
31082,18.12314393737713
31083,21.77300798764249
31084,3.5057789013558134
31085,17.92595162908821
31086,15.545258128258727
31087,10.940372639637387
31088,9.419661554981886
31089,13.537003506359804
31090,9.81406753378414
31091,12.844760604145318
31092,11.755753271499964
31093,16.583077008234973
31094,12.323737752001634
31095,3.1508665424958906
31096,11.437273394204025
31097,16.029481359024057
31098,15.312614880009097
31099,21.696997807333062
31100,16.361180602726986
31101,17.875840803022015
31102,17.254792323502137
31103,23.236435176114313
31104,17.173948982573748
31105,12.70052912155236
31106,18.369878822254982
31107,15.271524278213697
31108,19.957183980728914
31109,19.113026728089427
31110,17.805546133470173
31111,16.897769119581056
31112,9.346491766058955
31113,8.480671005834214
31114,19.783034499521676
31115,25.46770670017564
31116,30.54422901752882
31117,19.229541634801844
31118,17.55513683281851
31119,26.968081311875324
31120,17.79843558049763
31121,16.68274171325276
31122,8.019918873212948
31123,21.81450845865163
31124,19.697812900751305
31125,12.401244890783778
31126,24.348859414757293
31127,36.986815503788485
31128,32.36548174966105
31129,18.2288327277099
31130,24.118929344788693
31131,28.75643534532815
31132,33.2175126720978
31133,16.426669753110588
31134,28.846112212837312
31135,18.114139771374052
31136,30.012715417343962
31137,61.439295117969664
31138,13.444810624782559
31139,26.29708890804245
31140,13.920625549226763
31141,16.85855693445729
31142,33.81855455788859
31143,18.516199475211792
31144,32.79553493166972
31145,32.36847321459844
31146,14.042045850495807
31147,31.1415753131661
31148,16.369448742869455
31149,24.59783010382329
31150,9.801263828764462
31151,27.116191863950878
31152,10.73973258816714
31153,15.38290087813915
31154,19.314248830401517
31155,15.581713354984817
31156,12.256812248714056
31157,24.56232944055872
31158,24.138699805564244
31159,16.69761873469824
31160,11.162727668751824
31161,22.994932336324947
31162,23.363571442775605
31163,14.60826275623467
31164,17.620226488522526
31165,19.736921870205904
31166,21.233952801695136
31167,15.274077526308972
31168,12.245964117332289
31169,22.58035106736149
31170,22.020370651046353
31171,20.13950830154174
31172,11.214159500935661
31173,17.63131311907239
31174,9.428871619776746
31175,12.655961883812738
31176,14.298741413222487
31177,13.11596233793503
31178,19.957397671394215
31179,28.060716192064852
31180,30.208129069091996
31181,14.463034154180427
31182,12.690466962029731
31183,13.393146602691225
31184,12.018811621003403
31185,33.51141125003139
31186,15.963465118629514
31187,21.672226730563146
31188,18.497285338263836
31189,24.444199391930958
31190,28.626465847763225
31191,26.8427731842242
31192,20.87015155567575
31193,58.63950126392835
31194,14.661395748324992
31195,26.953674491659235
31196,14.453245239073128
31197,24.082022240474544
31198,15.799055277307055
31199,14.33449828945382
31200,22.6573308699408
31201,12.732178274079683
31202,16.469565463158865
31203,21.84451257744401
31204,18.681965096408153
31205,15.04363080372438
31206,26.630677458800854
31207,17.17675337426591
31208,17.653339685478024
31209,21.869887188172267
31210,32.70268948731662
31211,19.778946275463795
31212,11.333081249039768
31213,13.607161856183836
31214,9.392980660916663
31215,10.544749500103622
31216,30.776019617280255
31217,9.415428710741438
31218,16.43739990920558
31219,27.54474370824793
31220,48.45484645869317
31221,40.75859586649403
31222,46.00703581306983
31223,34.634296258945426
31224,40.09862882438709
31225,39.06736386306443
31226,34.546231027576425
31227,39.572063984750706
31228,41.99826795918915
31229,35.54482555786595
31230,37.75427933103077
31231,39.98352962689166
31232,29.873865685638922
31233,40.833402797691505
31234,45.62871519613525
31235,42.02262926350653
31236,36.08912398134423
31237,34.60176994777835
31238,36.64074172897468
31239,46.42534941052966
31240,44.57157924710374
31241,40.35278471964088
31242,35.05506011146733
31243,34.60763185849693
31244,30.825921780843416
31245,37.60945849441772
31246,38.66660246598681
31247,41.8258314131759
31248,37.40718803393777
31249,46.30804105281938
31250,37.200416586355715
31251,38.72877860339956
31252,37.93875253663707
31253,34.12657883957025
31254,37.57604552599527
31255,52.77530336591434
31256,32.98249730915995
31257,36.5778126040398
31258,43.91027180809816
31259,51.42875873738024
31260,35.76602683440049
31261,40.6335837320418
31262,46.77280317146642
31263,34.35232617264484
31264,46.748983653796024
31265,34.74503142824027
31266,62.371917477802235
31267,39.8582502047596
31268,40.72962009058465
31269,38.52264711298396
31270,37.677951054408936
31271,45.026418575286144
31272,33.05085433158246
31273,35.94779848236063
31274,32.95028166643472
31275,34.93583234181368
31276,31.977442484757347
31277,32.33528362382207
31278,33.478156577357765
31279,28.700651434931217
31280,36.78783745568143
31281,43.64090848619797
31282,48.49633652739045
31283,37.526694775713096
31284,42.69810283748737
31285,38.525238343511155
31286,51.38249045560391
31287,43.19427496282013
31288,47.60377972740348
31289,33.99057036516919
31290,28.99141114890852
31291,33.806389051595815
31292,35.19535620174173
31293,48.51201978794053
31294,43.37103909994039
31295,44.16168281634826
31296,35.901874379100676
31297,34.68209933058401
31298,36.629091858428346
31299,36.91854830109465
31300,30.823633285670468
31301,34.79420944802071
31302,34.6329377241194
31303,34.257127827214326
31304,32.532525373781915
31305,29.725253144546972
31306,34.62952537642572
31307,26.95976791213217
31308,25.22399495892376
31309,48.298820556803115
31310,26.803493223832348
31311,21.84135197986054
31312,37.26092687929461
31313,44.723031497962396
31314,39.135763151000525
31315,25.386005094726855
31316,45.59484837743764
31317,26.378157100533564
31318,36.91540889980905
31319,37.57545984265088
31320,47.81709816573132
31321,34.81356855891796
31322,36.93992037309388
31323,31.64990274238482
31324,28.488246319077785
31325,28.987386759798458
31326,34.17553798319368
31327,28.772361971554936
31328,20.874642772564982
31329,30.9308555181711
31330,31.394449085188583
31331,25.597707397589073
31332,31.512241686684362
31333,28.324900258613575
31334,23.15146873042927
31335,19.872297346074767
31336,41.4644282030073
31337,73.27859897094424
31338,24.965112949960453
31339,28.60390457166929
31340,29.652578593587336
31341,37.008868759039345
31342,33.182643866417166
31343,50.87722160412821
31344,34.69055559919237
31345,40.66623635813454
31346,67.57801883564312
31347,22.657813733803188
31348,29.99535885460174
31349,30.47747352239047
31350,36.65611272464446
31351,49.9318247538966
31352,59.52703915633127
31353,30.801055182868375
31354,28.167022497213146
31355,19.391711329912372
31356,28.93414570435469
31357,42.986304148633884
31358,73.61393760514153
31359,27.06495562211804
31360,27.349614235272142
31361,32.37412249197189
31362,34.90229087303366
31363,32.62683762590409
31364,11.27501822599279
31365,26.37235176842277
31366,28.6345814801628
31367,25.974225170548955
31368,27.920340933041995
31369,28.344804748319405
31370,40.78222064290696
31371,25.741085881597165
31372,26.016443871431715
31373,34.924712672415495
31374,21.50147687955756
31375,25.705441634315143
31376,26.668431989276332
31377,38.07879856476563
31378,39.26805241531832
31379,19.815856592959
31380,29.93242577445322
31381,36.0307438498226
31382,31.261649469099073
31383,36.05538419675145
31384,35.82418874805444
31385,31.582198752062062
31386,29.298334594807606
31387,33.544503536374556
31388,65.32644857803275
31389,26.756955283061686
31390,83.7103160826798
31391,31.12029214354049
31392,27.393488324126505
31393,32.56884278305682
31394,31.269764785535642
31395,29.689988174807972
31396,38.6534722648305
31397,60.784756668277296
31398,20.634905458009023
31399,24.109481084866665
31400,27.432935938499817
31401,29.94859757212101
31402,25.766252987172876
31403,29.57026496548231
31404,68.75685583086975
31405,41.435513731397435
31406,16.05601890630364
31407,27.267357657165515
31408,56.389253714709966
31409,25.65532832849862
31410,29.23068341473037
31411,38.54672119217092
31412,29.21795945551969
31413,35.92490207902972
31414,16.350108697450487
31415,34.255901066192706
31416,41.51934950040618
31417,30.7429702998401
31418,18.28939517386445
31419,17.403172716176936
31420,17.602603019387693
31421,19.17946662706924
31422,13.270739773521628
31423,13.79763992559867
31424,18.566236251899554
31425,11.811458800918446
31426,21.382692884914412
31427,18.537586802645283
31428,20.04748382229401
31429,17.384619014154673
31430,33.00276109106739
31431,24.80640553674521
31432,25.85734807126164
31433,21.25620561541701
31434,10.620730305769342
31435,16.731420038221454
31436,18.996178639938133
31437,18.845167140147268
31438,21.046522342393093
31439,13.020993652728048
31440,20.832764741412184
31441,33.418726895206866
31442,14.04518634328463
31443,25.88669017839041
31444,20.04559180132592
31445,21.508280308978293
31446,12.78554641071805
31447,30.01473483934261
31448,27.201797743860844
31449,21.357977395079363
31450,19.794713139108886
31451,20.21903093081835
31452,23.145879746783848
31453,23.96899865422646
31454,19.026891544568844
31455,15.298761826292374
31456,19.157651905435586
31457,23.511210184195704
31458,18.120593220010505
31459,17.272825086315898
31460,15.643324525152266
31461,10.789940396623331
31462,11.337964188784705
31463,29.377853033330165
31464,23.947642091138523
31465,23.320557567525725
31466,33.41879697785036
31467,17.869759848548043
31468,17.62746862169189
31469,17.261553237750796
31470,15.175157405223576
31471,21.08245535844042
31472,12.457132980057235
31473,17.95150909089004
31474,13.756339923942694
31475,27.759751381672956
31476,23.843288092245988
31477,24.507458634519875
31478,19.36337590249942
31479,14.552404134660835
31480,26.60475409582524
31481,23.776797513477952
31482,27.52500796277721
31483,17.33225316592626
31484,20.486905774420585
31485,16.7722888523667
31486,23.354954595059006
31487,22.21989991598752
31488,26.134801205487243
31489,19.117450308266914
31490,15.362803597053524
31491,15.00550205578552
31492,19.920332563538047
31493,13.355508252706834
31494,9.779146566776637
31495,15.865700960893168
31496,19.21536475509505
31497,20.325292429675116
31498,17.080839304760325
31499,12.885062820035065
31500,15.205047586820205
31501,27.27727197776584
31502,14.465291853729823
31503,20.967231087044695
31504,32.286165355475795
31505,16.866708424188683
31506,18.555455309204433
31507,22.38803435949697
31508,12.999941917656384
31509,16.4540090443066
31510,17.918578133590998
31511,30.74498279441239
31512,22.280088356956412
31513,19.190163030187335
31514,24.49835257355626
31515,22.347368327812873
31516,51.323529203235786
31517,58.62168086197049
31518,49.09059989686111
31519,41.612723425368216
31520,48.63559991690401
31521,58.04724109721556
31522,53.74601428814506
31523,53.4005375062276
31524,35.11766463114646
31525,42.50595053399647
31526,69.41930267065543
31527,23.348843982342515
31528,47.629750639488975
31529,79.16263792417388
31530,33.082132623784545
31531,42.4430247040175
31532,34.10321274175552
31533,27.481374825862435
31534,43.49149846907778
31535,36.166159096880776
31536,27.478645883505386
31537,33.94687657922592
31538,26.405825421907572
31539,35.28359613565468
31540,33.9163098053227
31541,33.286202109228675
31542,31.749467347002593
31543,40.63297557104927
31544,35.07148369454958
31545,32.26154170939677
31546,42.199335603291544
31547,48.49807472071325
31548,30.85757315591407
31549,38.82116415629814
31550,22.013636820018952
31551,38.81221790354371
31552,18.630649250162385
31553,35.62596914825657
31554,32.25088936611377
31555,32.03789431192355
31556,37.55084392661255
31557,30.632597110357246
31558,34.795582067158755
31559,33.523301986301014
31560,28.868825791155942
31561,39.359753416395634
31562,22.80828198798612
31563,40.26420653732604
31564,25.74748834485177
31565,32.87721711712592
31566,37.880240573225834
31567,31.124498334515604
31568,22.272173609204454
31569,36.94989868074691
31570,37.155360190818854
31571,26.642512102572738
31572,25.724311335491137
31573,30.469853438929693
31574,22.397768883014685
31575,31.82590158567444
31576,29.103954892018244
31577,15.954711083696434
31578,24.38040919223738
31579,16.29872809035558
31580,48.99774314749672
31581,32.59264087531125
31582,28.999171155956574
31583,30.039964646249594
31584,43.518322071728704
31585,10.26075764051429
31586,24.295785945270072
31587,18.819313686792366
31588,20.354357733145235
31589,18.976610569959114
31590,22.019856460202625
31591,25.382287331198015
31592,23.38392380254433
31593,22.64402569696133
31594,29.52669255917417
31595,23.61832064883008
31596,17.86940586368418
31597,39.01895072955721
31598,19.867759655853206
31599,17.907327393322383
31600,23.22456473065707
31601,34.796568233065585
31602,30.349894634817726
31603,24.25137404892563
31604,27.517942725986877
31605,17.613609129053486
31606,29.393635172266777
31607,28.048650736637917
31608,8.307457296834164
31609,26.208600942992426
31610,20.7139989775824
31611,21.74547269879075
31612,19.558845618829956
31613,22.94000944475929
31614,22.364631518273544
31615,17.154817374878522
31616,40.07730769152346
31617,13.654284277132675
31618,9.291125783088303
31619,12.904654259313936
31620,25.27726479108984
31621,15.638779304428727
31622,17.759781337184393
31623,15.005280486522803
31624,15.92594689694944
31625,26.559718345352415
31626,23.21482726262495
31627,16.76566578079081
31628,13.89058915597406
31629,23.674092779289985
31630,22.566633262051546
31631,20.221640843510066
31632,18.968986242107746
31633,14.166124158840038
31634,18.862874470307993
31635,28.71497638706096
31636,17.92628255473191
31637,11.097859387261593
31638,21.124750297964336
31639,0.015689765314052508
31640,14.012655197605138
31641,12.78442585871581
31642,16.267794137937273
31643,15.879409748254506
31644,11.499162501432245
31645,21.15658913837366
31646,11.372257061086076
31647,17.953078601646453
31648,14.624386337870595
31649,20.66531866912245
31650,31.024735775675524
31651,18.00807612890266
31652,20.782515214304244
31653,20.721811235492492
31654,32.4801925680242
31655,17.370677952474708
31656,14.103876307917755
31657,31.29979406718484
31658,28.362843758107953
31659,14.4581454463288
31660,9.954142725629424
31661,18.61404479233282
31662,17.932202200907238
31663,17.79990383267945
31664,32.021241090899494
31665,17.724853356408097
31666,29.60405367453077
31667,18.17885732421746
31668,19.159768446974
31669,13.566576518741554
31670,21.887004107465497
31671,15.655629592884281
31672,28.232656491816186
31673,13.218038901327951
31674,24.858335947495426
31675,26.655114169822006
31676,15.686686034291693
31677,14.00729794963565
31678,32.219707922281735
31679,24.586017206225176
31680,14.771261213171597
31681,11.16790144169559
31682,26.233854755926956
31683,31.93923338438379
31684,19.278479144020714
31685,19.150539980813598
31686,18.446649183990175
31687,21.22798856079067
31688,18.20900681482391
31689,29.47117860486469
31690,24.63296301456524
31691,32.684188862443456
31692,13.419350407398614
31693,21.877846311775954
31694,25.571937676717347
31695,27.184529082508103
31696,22.757499273975483
31697,25.711432825644152
31698,11.491730654393553
31699,34.501741485845706
31700,26.437860247168366
31701,23.465234603561093
31702,16.364382064354565
31703,23.002240322727474
31704,23.0261556101585
31705,15.312660764384528
31706,29.2548884281552
31707,14.285616581181191
31708,18.92173671560853
31709,17.26625467370778
31710,20.16227259465989
31711,36.14594667429705
31712,29.97857355303096
31713,24.35219917378717
31714,23.162805781768668
31715,21.306498912417204
31716,39.49292058802784
31717,18.511268988942547
31718,16.363277259805212
31719,22.12259369340709
31720,13.428706966664947
31721,10.412115008495615
31722,35.470665446013726
31723,54.5171854976544
31724,43.990076655405375
31725,29.253726974941443
31726,19.360240915865877
31727,40.733261643236716
31728,17.367869972634793
31729,17.231612163757873
31730,22.420878398860623
31731,13.179254425347185
31732,19.015203168865987
31733,26.67819142549719
31734,23.5052808845003
31735,56.02445620862023
31736,16.917433812814103
31737,23.688626059748565
31738,21.19514386051148
31739,5.702874426446639
31740,10.276586949395623
31741,2.562498613178753
31742,19.042289219367937
31743,4.005914539944854
31744,18.211890539901248
31745,45.32922532196497
31746,30.314094351466338
31747,48.84092149423704
31748,24.533615908514243
31749,10.941179362826174
31750,21.35828816535809
31751,36.115862187083536
31752,35.54082808427678
31753,25.453682649103428
31754,20.16517897730727
31755,26.967279111781576
31756,40.59354287546715
31757,22.652274751125397
31758,22.565332443506797
31759,33.86398945924823
31760,21.646962167387198
31761,32.004624886820544
31762,35.85602782651983
31763,26.5253637871265
31764,28.75170763937161
31765,13.677576966271666
31766,20.55042679689921
31767,26.680791476635513
31768,16.643944793892757
31769,44.575914430488595
31770,40.82680422166378
31771,25.95681697993536
31772,18.163344277976147
31773,26.14700483110762
31774,28.761881454687682
31775,16.710414225386593
31776,20.221033666652875
31777,16.347075681970473
31778,14.7183311286024
31779,11.84376526739908
31780,14.219836905716871
31781,26.001197386952203
31782,24.19375868784205
31783,15.145615043554468
31784,17.682075354491904
31785,31.63222271389305
31786,28.267947482505996
31787,69.03752312122913
31788,20.783718452373932
31789,21.769827756006414
31790,41.08622190080719
31791,36.8731121027448
31792,29.18053784644473
31793,30.530106691149268
31794,38.25209616660613
31795,13.136806556224496
31796,26.70253086847688
31797,24.58337801749475
31798,23.642738518576778
31799,42.436311392096904
31800,23.41410192786075
31801,22.27804463735599
31802,36.69767706677117
31803,35.88326245167002
31804,35.55223496072966
31805,49.00191133102669
31806,18.846633224537676
31807,19.031260607453465
31808,27.728086830101823
31809,29.55174603562154
31810,23.87374185092796
31811,23.450031126077135
31812,26.413841512338184
31813,40.06324606265038
31814,15.401176492703694
31815,24.577318292086503
31816,20.15932053757636
31817,33.922600159815715
31818,28.377729799744998
31819,29.06410013224508
31820,24.145090321334116
31821,19.44723197122287
31822,21.850384117622475
31823,18.573933878721377
31824,18.849844760872827
31825,21.65736241433288
31826,8.148990838052384
31827,18.70125171746181
31828,17.443522928925134
31829,10.522826686941453
31830,19.137095623962736
31831,41.634034288573346
31832,32.0214286678214
31833,22.551379199570977
31834,11.319010842262646
31835,22.808755601364627
31836,27.577757135134355
31837,31.255249615250605
31838,13.913058743364868
31839,56.52185025770071
31840,56.28667802418391
31841,27.52997754125954
31842,23.24522341060196
31843,20.04481705375573
31844,22.609656807738368
31845,20.141132037147692
31846,28.12327213948063
31847,24.703609652964033
31848,18.24805784893393
31849,21.21927296828732
31850,44.18109232548615
31851,49.08080229353297
31852,19.238747748205178
31853,11.310127379478514
31854,10.997918109462901
31855,23.750354607559114
31856,27.313727982856182
31857,51.70022683035694
31858,26.807112031883626
31859,19.380720639109747
31860,28.90864599337113
31861,10.50010026723412
31862,18.727765137245882
31863,22.63368303021955
31864,23.318254254532032
31865,18.47526364303455
31866,11.009202770532966
31867,13.602692655024228
31868,17.51211632560619
31869,14.956242661072809
31870,14.479812879898255
31871,12.831389515947972
31872,14.808392321772715
31873,17.82744408707041
31874,32.02005988827694
31875,22.642874650701422
31876,33.05933760470352
31877,31.09708111770687
31878,15.482081686146952
31879,17.982023431338042
31880,12.911281547196772
31881,17.237596552430258
31882,17.09234382445038
31883,14.939491995080694
31884,20.00033259801164
31885,14.150840661648978
31886,16.838764451335837
31887,13.704574179314056
31888,14.84016307148504
31889,19.032775310076367
31890,10.776238818191228
31891,17.519582891445204
31892,17.906664499389763
31893,24.467971079700757
31894,17.489380532062043
31895,17.72361565739085
31896,13.264888551015442
31897,15.485535406463732
31898,13.164762672529733
31899,14.7838633749857
31900,17.41517016219343
31901,19.76286902876744
31902,19.479289868582732
31903,19.347563059737624
31904,18.95620788161596
31905,23.61219502043882
31906,20.639454978192546
31907,14.148324198657164
31908,14.324804668505593
31909,22.825766873158244
31910,10.260234274454614
31911,14.21226017449657
31912,14.892379026109232
31913,17.46162618990927
31914,12.24985628381482
31915,14.607529220711394
31916,14.744613326989128
31917,17.244871790758417
31918,15.470262162655635
31919,13.506552311288523
31920,12.158618081015092
31921,18.492889227038066
31922,13.773328551373261
31923,13.261830983466785
31924,19.655036557279608
31925,17.619836057308103
31926,19.499627673374174
31927,20.89914954281683
31928,18.352204843069813
31929,10.608359193596854
31930,18.495696205419527
31931,14.428743503817204
31932,17.60715961370148
31933,16.59250683981495
31934,15.71337011849981
31935,17.085315568623653
31936,11.510693979734848
31937,15.653472943019173
31938,13.799650896502985
31939,12.996263087747938
31940,12.561815219092349
31941,11.967573589433314
31942,14.411573134274175
31943,17.64657563411981
31944,19.8769866441433
31945,30.689668152185796
31946,19.45348009078814
31947,17.136355659361705
31948,16.777093782764087
31949,13.199423517575958
31950,18.08397831246269
31951,16.783107645447416
31952,22.95329634422029
31953,11.928071379317803
31954,17.04701900593404
31955,18.5622923658256
31956,12.197169195586945
31957,23.058052878867134
31958,30.141698434483345
31959,19.41130985470422
31960,27.83049435778695
31961,19.87799883750619
31962,20.353922512154192
31963,17.49875421895221
31964,22.041039746796777
31965,19.299566298765598
31966,21.9502551016463
31967,59.8510960563474
31968,43.495381141730164
31969,39.25213003931424
31970,23.218346612980405
31971,32.69668757850535
31972,41.89121723152547
31973,31.08009870259542
31974,20.076426082538546
31975,39.3215949482871
31976,41.4457302743814
31977,19.941413610907723
31978,20.35329791599343
31979,22.043692865258024
31980,24.131788613563756
31981,26.05375235601093
31982,43.95632952467146
31983,49.14601867728086
31984,22.51184269787239
31985,19.922979981380514
31986,19.29075786912199
31987,23.20894969920108
31988,21.706926778305714
31989,24.365642895275364
31990,23.583255413647265
31991,22.937368351555666
31992,21.64549771277312
31993,24.162396850704198
31994,28.53679556390641
31995,24.23134819121301
31996,18.87795332118356
31997,25.97474697422811
31998,26.339404124345045
31999,24.8224368866141
32000,21.122598603597744
32001,18.059859186016325
32002,20.312130587547884
32003,24.160859471699766
32004,23.03185262831243
32005,19.389627675154586
32006,21.60866355947536
32007,26.18041060051342
32008,21.33580998879745
32009,22.81888485296329
32010,24.655932556659494
32011,30.827535290541093
32012,21.445274200510678
32013,28.82171033976062
32014,23.26125724567807
32015,26.998064935024352
32016,18.761271565832736
32017,24.30639843952859
32018,25.81461140269213
32019,28.592162778559192
32020,28.52439952605007
32021,23.40368276672241
32022,26.230792992599774
32023,23.735314118389788
32024,28.995634451584547
32025,19.37827068785309
32026,31.160431044028734
32027,29.23916129720734
32028,20.849301004448925
32029,25.569215071888006
32030,24.896493954197688
32031,26.167392874597073
32032,29.550638472844025
32033,27.246513432013362
32034,24.7348417189112
32035,24.320810830232094
32036,19.939270719458573
32037,22.61409853834938
32038,26.85173219384745
32039,25.70683309671448
32040,27.680226780315344
32041,23.49064149173821
32042,20.54348132458506
32043,35.3567626290955
32044,30.72109194335529
32045,33.27191206084134
32046,30.816166383032446
32047,20.04274063625337
32048,31.243509955149584
32049,30.482317097786773
32050,30.368935548996877
32051,25.506064915501685
32052,25.62518283509604
32053,25.62325409237179
32054,34.30482550491573
32055,39.98448290158598
32056,35.87786343393746
32057,27.999514317720976
32058,27.48318810915886
32059,33.51756073111603
32060,31.388314580772757
32061,33.434115263175194
32062,33.054049659287145
32063,55.0167427558944
32064,71.48055783767214
32065,35.78376852550366
32066,39.497899587541056
32067,36.32416001419918
32068,70.36204035422531
32069,36.076262804124184
32070,33.5583638514752
32071,45.53021982596825
32072,40.11857218971128
32073,70.67946443099481
32074,41.25227317798719
32075,56.92062756386761
32076,39.81066910538438
32077,47.53976493909448
32078,50.50927179679361
32079,36.500600037754765
32080,54.67320594918306
32081,51.23183993271712
32082,39.001646161633815
32083,52.80607639491759
32084,43.885974668247826
32085,37.93141401058588
32086,41.13996469957918
32087,43.66477177780436
32088,43.35096825513009
32089,48.845834606111
32090,36.960604002254314
32091,41.400234579243715
32092,51.64083980178248
32093,38.433322038343285
32094,41.34524137743972
32095,39.846527524241914
32096,41.052294870246214
32097,39.51597609957054
32098,43.831512685311566
32099,36.5620846255549
32100,44.94228811480605
32101,42.3437486741031
32102,47.126179022551575
32103,38.39793556291236
32104,34.88373479601496
32105,35.18550948600914
32106,39.274175862062165
32107,39.42568804006912
32108,46.593163684628934
32109,50.38829679625374
32110,46.06027671224551
32111,36.468386513509415
32112,41.551039513320916
32113,36.16492431398978
32114,41.39262395186288
32115,44.552156728736236
32116,58.52854306975504
32117,45.616750807516596
32118,64.38076819253027
32119,37.674986438435894
32120,35.24054349911519
32121,38.13454967574201
32122,34.46620431827453
32123,22.230590061836146
32124,38.10365657666031
32125,32.0143129408431
32126,41.02671065927686
32127,33.617265527443706
32128,31.634568720244744
32129,66.87508128785427
32130,32.66427440223613
32131,32.71671462081142
32132,24.269066348341394
32133,35.01538763082932
32134,38.798117475608834
32135,44.96615396005536
32136,40.07304435021176
32137,34.93568649447485
32138,27.068449896464884
32139,28.27898343221011
32140,35.46385011627416
32141,32.2386491799182
32142,35.31958597955735
32143,45.26188214064056
32144,28.674583519224818
32145,40.43738104062682
32146,40.35038140493967
32147,25.606565899640152
32148,37.55964204609503
32149,25.33804255202932
32150,37.43388062349575
32151,59.16817332217043
32152,41.337114264715936
32153,26.738928668919506
32154,29.2555986851438
32155,29.444151322361872
32156,34.341098890698916
32157,37.19045379633516
32158,30.873696765395017
32159,38.28221701169617
32160,34.52205857566108
32161,21.06605230186792
32162,35.85674994438556
32163,25.515215313007097
32164,37.40182797549503
32165,24.36458356384809
32166,42.28906222526673
32167,39.20856673104123
32168,32.97385240574299
32169,39.36028087236519
32170,32.83343628699773
32171,29.819640250501564
32172,26.34054944709316
32173,33.53733460634896
32174,28.551588331760573
32175,38.78572868158325
32176,42.18191841451696
32177,31.898799210014182
32178,29.334182662381963
32179,31.526591317188775
32180,46.40385697830965
32181,43.37155579189559
32182,37.93150435095335
32183,36.12903134576817
32184,38.090886119997606
32185,33.181654133167385
32186,42.70440576869312
32187,34.929851194630324
32188,39.68079679318133
32189,36.4756146887981
32190,41.55263849726984
32191,43.08593718418996
32192,37.68317720960923
32193,42.125931207454606
32194,30.14074568361563
32195,48.78521250193576
32196,42.73816898903348
32197,33.58204061783583
32198,45.74184804323282
32199,40.75329336708357
32200,31.107006084282293
32201,38.18361497828651
32202,43.0986927847092
32203,42.940380906510285
32204,30.751092682772985
32205,44.95670128903363
32206,41.5063767243559
32207,60.62956154772374
32208,35.71440862738561
32209,39.40111344848844
32210,44.52007160195748
32211,42.77468331317683
32212,34.451684431867434
32213,39.53343449755188
32214,38.19354446404046
32215,40.184902635564335
32216,53.517296232833154
32217,39.875580096130236
32218,40.87644767958514
32219,41.37447354246985
32220,44.865847364225694
32221,44.564622692588564
32222,44.61544522520251
32223,35.5433078586463
32224,37.874041918933955
32225,34.989134869258145
32226,42.81853859061985
32227,33.07515801037818
32228,26.54315562571456
32229,31.990473097780587
32230,21.21693833927911
32231,22.461915322527084
32232,19.000224509984704
32233,28.224760194415392
32234,24.64717331168506
32235,16.19546016710919
32236,36.339300108046146
32237,19.23140119647667
32238,22.37583810086837
32239,27.629290378987278
32240,26.046885965858483
32241,22.93605144980104
32242,29.437594717736992
32243,23.913298679033986
32244,21.583708504244154
32245,30.787857807692966
32246,24.673814126245922
32247,12.93955065165964
32248,21.79038461495353
32249,33.01613124605015
32250,27.466135189193785
32251,28.23370005021378
32252,16.568963577125235
32253,35.015221113668076
32254,11.148391492046654
32255,28.73911447244123
32256,19.876488244953656
32257,53.35397978112718
32258,35.01197674808878
32259,20.741364416333543
32260,17.04092116011058
32261,14.375993542715001
32262,25.881592983574365
32263,32.598532902354656
32264,34.19806134049578
32265,21.918989235988228
32266,21.71625900913179
32267,16.985672678069502
32268,20.16234449996609
32269,29.022799066304714
32270,24.631629758581752
32271,13.272597867780885
32272,33.2307509848867
32273,38.800692099843666
32274,22.200507965734346
32275,33.15564016452736
32276,21.470018020623385
32277,17.927325557653987
32278,23.910086370765377
32279,25.28531072523252
32280,25.750960244606617
32281,25.040161101933286
32282,29.581709755704203
32283,33.42738514219303
32284,18.496160430400415
32285,25.998671820347006
32286,23.967629494951822
32287,10.122614258771376
32288,28.246118971451025
32289,37.302426910820856
32290,29.381322509398203
32291,24.950593986369242
32292,26.81745744652249
32293,67.52663413724376
32294,38.256220349759104
32295,34.155438825729576
32296,24.631433273518375
32297,30.74657668807582
32298,23.890507681137088
32299,18.104432791048588
32300,20.93606521235882
32301,27.01031841615761
32302,44.13188813391669
32303,37.414961268996585
32304,21.55045295139491
32305,32.537056749718715
32306,27.282523846939306
32307,29.84277884880682
32308,28.740843683903307
32309,30.520724272416622
32310,25.517573506211743
32311,9.602226152501283
32312,23.101877742093293
32313,12.967266736011815
32314,25.343587070171882
32315,62.357310598179716
32316,28.1583500902232
32317,35.49839207635374
32318,19.950912417480083
32319,20.49843557908373
32320,20.081248587657353
32321,26.872169736835218
32322,23.9148090597431
32323,22.92860290630448
32324,27.225836904959937
32325,21.723002389520943
32326,13.426462485244457
32327,12.851963922781373
32328,20.562317331042443
32329,15.327646425982987
32330,9.909517133841815
32331,19.79337925484012
32332,16.36616847619154
32333,13.08529181810625
32334,16.10187860092359
32335,12.211669191167658
32336,11.51612646918315
32337,9.991670271104208
32338,12.921746406857629
32339,9.250671928262054
32340,13.822914705983278
32341,17.504372782998196
32342,16.47996922564628
32343,23.564432533632264
32344,12.074448435996764
32345,13.474633877561303
32346,23.501751963291383
32347,16.676805552226725
32348,17.666771104374774
32349,14.64131412075304
32350,18.459375648876318
32351,15.80822831813921
32352,15.665074313288478
32353,17.522512324269783
32354,15.921586601420849
32355,17.566506437856127
32356,9.144207532310116
32357,16.54018620297762
32358,10.841981378720423
32359,17.44914632543972
32360,19.538615646625885
32361,12.950458199319373
32362,24.33878550256827
32363,14.691199218066664
32364,12.653702653918984
32365,15.314365662792405
32366,8.954710281747046
32367,12.794816469625157
32368,18.434260270176324
32369,13.043741835787843
32370,11.634890985436694
32371,21.888796345573162
32372,17.663701231884303
32373,10.595714565560034
32374,16.671148579911783
32375,13.452837994847261
32376,14.12992019587131
32377,31.479598326457022
32378,21.640339435437323
32379,17.156269876776484
32380,26.54357090003293
32381,16.652609241276885
32382,20.556220267354345
32383,26.129478124454355
32384,11.594742903809243
32385,18.733877868924264
32386,19.2938154969476
32387,22.571160704005422
32388,25.417221912027383
32389,19.726099455824706
32390,16.34394145352087
32391,15.49797473930537
32392,18.101215222262212
32393,11.841168098111067
32394,16.13286603921926
32395,7.507118837183976
32396,9.544995131837688
32397,7.920626434462113
32398,19.958833183764238
32399,8.23456050331384
32400,16.036198109246968
32401,18.190389457994655
32402,18.111385544679663
32403,12.844515124155299
32404,22.61360553427912
32405,18.113715888025176
32406,9.479578785540891
32407,11.954766036793025
32408,7.771286339302858
32409,75.75981079820414
32410,39.823348614750586
32411,54.57033384242713
32412,34.624318482634955
32413,51.73821460612997
32414,48.98666824841814
32415,65.53106835042375
32416,60.315894462990116
32417,48.994196948565886
32418,47.11527203354929
32419,39.58760402880135
32420,40.17214809509099
32421,51.61399700981174
32422,40.04105382582425
32423,75.18012587325649
32424,78.9324563472021
32425,37.79428134208814
32426,28.48447148194459
32427,38.242437738957264
32428,41.900687072638654
32429,32.40981624814938
32430,48.88494091673052
32431,39.4770204328245
32432,51.19584485100279
32433,33.31710529804058
32434,32.00727644970003
32435,46.67520038006991
32436,40.026923657606545
32437,36.09292875281185
32438,47.17315470957671
32439,51.348254645334364
32440,51.84649088331815
32441,45.33167751664263
32442,49.670234715970025
32443,61.82183685364714
32444,39.59975983125783
32445,37.25457560829592
32446,34.91186347935246
32447,37.08552304978062
32448,40.622616868960364
32449,47.038982045435276
32450,43.518218857572464
32451,48.038029413263374
32452,41.22630591259676
32453,50.79702556001466
32454,54.57492470335667
32455,49.98879903486477
32456,40.9270948429953
32457,46.46278453423908
32458,39.66002698640749
32459,55.52734936785234
32460,58.404451490163645
32461,81.53804384438429
32462,40.94256088051729
32463,40.897182080528324
32464,36.14914260255594
32465,52.23608059082224
32466,40.60053668987652
32467,42.92008186766458
32468,35.073721506320034
32469,42.98705457062589
32470,53.266168620967306
32471,36.26230365105033
32472,41.413820423772776
32473,40.72196234256407
32474,42.29650946589234
32475,50.730093625090525
32476,33.792584613308875
32477,40.16460372973746
32478,45.338574831838415
32479,27.381221410532632
32480,31.18828250838348
32481,38.8064879606879
32482,41.951721267319954
32483,26.59233842175795
32484,23.29324859832884
32485,54.731298673170016
32486,27.755912373454965
32487,61.58489331855114
32488,57.87764473635096
32489,36.86000529441198
32490,29.326449117260033
32491,32.030000756874145
32492,35.14448438935773
32493,34.18563646430181
32494,34.527805685599276
32495,28.53697043570655
32496,31.24359146878799
32497,29.495112371778188
32498,27.611368292587354
32499,29.188391933531992
32500,34.24803285754152
32501,39.664058144064334
32502,30.052794893194097
32503,63.5651655190382
32504,60.057523440401866
32505,45.02625931751044
32506,34.84426228846533
32507,57.113618725490234
32508,41.542701188607936
32509,42.22615122884372
32510,40.0754582756779
32511,43.31776653953464
32512,32.91777735788747
32513,47.84227909289689
32514,36.60800370289516
32515,41.3011815117151
32516,45.019028656367674
32517,38.55816888160588
32518,50.21699622324252
32519,50.63053721286764
32520,65.10442147856084
32521,39.80529946897133
32522,58.830515160362076
32523,32.226072492128736
32524,33.96525416669487
32525,41.020707567315995
32526,50.05504404040783
32527,40.5746785463799
32528,38.50250152761405
32529,65.86746075730994
32530,80.51760181608563
32531,5.3016885685805955
32532,2.3920244774838073
32533,0.6916795252601289
32534,39.343620387422476
32535,38.44892379895086
32536,42.46938410319456
32537,29.612489142108306
32538,23.601813719154237
32539,40.7690703018434
32540,35.76211613301774
32541,37.241057389047285
32542,36.733998119205914
32543,2.4821116813538056
32544,43.29566258077018
32545,67.91095263381057
32546,33.942116851834996
32547,34.88275330925083
32548,29.04046130114692
32549,39.13813282141564
32550,26.879212202416156
32551,31.331603802505995
32552,8.68837548369141
32553,41.497088988610656
32554,30.37404941692404
32555,31.21486891899145
32556,45.552169124062026
32557,5.977863711613109
32558,42.70765894573949
32559,40.92695448904138
32560,2.0390293279233136
32561,32.36679761580244
32562,42.232648451394624
32563,43.98981380931837
32564,26.950016755630696
32565,23.31039665039128
32566,37.350549191168064
32567,47.07363096055425
32568,40.289262668247716
32569,38.97105842162382
32570,54.30881519425503
32571,28.134553021302523
32572,42.16014768999906
32573,3.645708564745476
32574,42.04999961038996
32575,31.01668237924375
32576,45.636767707592725
32577,42.44646363982389
32578,31.028670524585955
32579,53.484095977698985
32580,36.60200866998251
32581,35.12621246661455
32582,16.63777866336457
32583,16.75919398575453
32584,25.476681629604446
32585,19.919125062671007
32586,22.183546153881743
32587,0.3622313221051352
32588,22.653338645388516
32589,12.666310778066984
32590,1.768661107529243
32591,10.41724898143709
32592,22.494343441798733
32593,12.369019815373132
32594,16.429033592926267
32595,7.2900519477404195
32596,17.026382003159075
32597,17.31672820090779
32598,25.073122554709265
32599,22.88646939825059
32600,22.828094762380942
32601,23.012469118294483
32602,24.420819049429742
32603,15.292296021888278
32604,8.90402331207451
32605,5.997199873430388
32606,3.3176269537575034
32607,20.625308383357023
32608,8.391545345764245
32609,8.515234347534243
32610,19.8940810519562
32611,17.1979253367374
32612,17.971550977612157
32613,15.942104594926745
32614,9.275643357362286
32615,8.191455436955813
32616,3.5207325171856274
32617,18.434615330427306
32618,5.913622681354243
32619,19.10555635124689
32620,8.07608758645949
32621,3.5624026159101163
32622,0.35834539167172796
32623,7.539335125644539
32624,0.622015664972359
32625,12.448898334235325
32626,6.687569652110881
32627,8.729565110635988
32628,13.022453755121086
32629,4.4144000247532125
32630,14.867773657201713
32631,7.987751211095853
32632,24.261233900343598
32633,29.228606910297373
32634,17.817738750305626
32635,4.8497046823041705
32636,17.275897387692822
32637,14.874679175286005
32638,23.580828344559613
32639,5.882485304599136
32640,10.16994838632716
32641,14.512284341240449
32642,26.073661814110984
32643,13.214499200264093
32644,6.674902308149461
32645,1.6771470383383178
32646,24.625494212769954
32647,8.48787281680325
32648,3.8157044225496115
32649,17.58854064735653
32650,13.293217877178286
32651,0.4925882152231751
32652,26.242266379598988
32653,30.829626795018175
32654,16.403991587322846
32655,20.663627732298156
32656,18.273651575986257
32657,5.464648619606606
32658,12.944577698211024
32659,14.277356979070106
32660,12.831981247432758
32661,12.115545344194146
32662,17.664228752614925
32663,21.690800005007436
32664,5.559660552363509
32665,17.560157805590762
32666,28.640137572572783
32667,12.853091755562456
32668,17.417941601306183
32669,9.92160656145689
32670,24.52267554445246
32671,5.434726459622453
32672,15.129689373241188
32673,12.845794559222583
32674,36.28221267020825
32675,35.524363314650316
32676,37.529789986090094
32677,35.20537108086704
32678,35.77434108844449
32679,20.281397511245757
32680,33.250141528560235
32681,34.49163225191835
32682,38.01325660603135
32683,49.64732836212157
32684,37.80367663817047
32685,34.637403243189105
32686,35.412936984012525
32687,43.25578220701136
32688,37.83567239044047
32689,33.46759137545608
32690,38.639215827899974
32691,31.59652211139958
32692,45.469576798427454
32693,38.22375660833521
32694,36.478040532274846
32695,35.36016821103953
32696,42.37743635731894
32697,44.42881058313205
32698,35.73296740516987
32699,39.84850803911502
32700,44.04978666784618
32701,42.89261990986533
32702,34.95521768496819
32703,34.605813722068255
32704,38.46294527251061
32705,37.132168573216205
32706,35.343465895586526
32707,49.09817163455963
32708,47.69968369982881
32709,37.469356520847796
32710,38.470714362484486
32711,40.87331422830992
32712,48.163127645066226
32713,45.88517728272362
32714,43.65112974997054
32715,44.66357756344488
32716,36.96030022460289
32717,42.47348450206952
32718,40.80787527359993
32719,45.369966921505714
32720,33.1274666169049
32721,39.36502217499919
32722,46.445252043094975
32723,38.42708357902441
32724,28.96964822866162
32725,40.25905270022307
32726,36.39065190571241
32727,37.43192969144051
32728,33.52374644789486
32729,35.83159017704429
32730,34.71973995370976
32731,16.45786485884164
32732,35.52616976527421
32733,35.38738175741256
32734,52.4712739615542
32735,39.052708481569795
32736,32.111446831554616
32737,28.259867248141568
32738,35.77083938839266
32739,25.045502155042787
32740,25.118675643520717
32741,42.701327621175196
32742,37.204286990143444
32743,48.71177796834583
32744,40.457556809342016
32745,39.886891257105646
32746,42.72953138147076
32747,41.39828595946697
32748,36.064232669975894
32749,39.765170946800396
32750,48.98154192144695
32751,35.805907212072555
32752,33.838313236711244
32753,35.043365471293235
32754,26.198457252868643
32755,39.839935255035165
32756,23.793904280307558
32757,24.403509546075874
32758,42.96446371623382
32759,59.96643319419169
32760,28.365882458524652
32761,22.949023610034722
32762,14.862257671267555
32763,14.278259737698617
32764,24.785810933630827
32765,20.861331958451302
32766,31.96469646193743
32767,43.540741280072595
32768,19.680052993616393
32769,24.624171251520195
32770,25.759208889278774
32771,20.901087118565094
32772,21.85302980134519
32773,51.212313173982366
32774,24.716896933711404
32775,25.709931401585308
32776,23.863857399712472
32777,21.236740419352344
32778,25.48034206238598
32779,24.614839541968262
32780,23.05221839347442
32781,24.447209385194082
32782,17.776371100919732
32783,39.37486237398842
32784,12.79144220353469
32785,30.60766771999566
32786,28.82631303604458
32787,28.33597636838965
32788,26.115768779024062
32789,22.11278299682809
32790,31.22221886123674
32791,24.655151551819607
32792,18.43219799654245
32793,28.977575906466534
32794,24.09788398358312
32795,17.77899494595208
32796,19.4604732116274
32797,10.61844977071194
32798,66.53445844795114
32799,21.787078499669754
32800,17.146660726787
32801,12.49371399836096
32802,48.89354150667886
32803,19.66024633445341
32804,10.178448993042311
32805,14.227711866819158
32806,23.91676972960827
32807,17.962372504845483
32808,47.87250160564763
32809,20.634486554087374
32810,12.592202780316583
32811,22.036727261759836
32812,25.594999055976324
32813,26.268067723368766
32814,19.020206804322072
32815,22.170508826130536
32816,14.127651409424764
32817,17.275509870793798
32818,23.73978189361691
32819,15.599540950957078
32820,24.022584212593294
32821,20.177800966867398
32822,24.55174901752615
32823,17.957864455956322
32824,27.651087517671485
32825,14.920262811583397
32826,23.46615165572096
32827,20.48580884198791
32828,19.373387991498006
32829,18.625519367307376
32830,22.6299679779505
32831,12.249417016374668
32832,10.547108330268358
