ID,track_popularity
26266,31.732672053995017
26267,31.278878041937592
26268,31.520628806260625
26269,28.508644622058277
26270,47.613778730082245
26271,47.24874448022644
26272,44.21423674072601
26273,47.319385342440356
26274,49.75196456814429
26275,32.55244169688247
26276,34.870302906877
26277,34.52318480529894
26278,42.28391842975769
26279,40.56563876590073
26280,24.83790785560848
26281,25.656734075006813
26282,25.86151882222301
26283,29.34483324251015
26284,25.971330235378186
26285,25.003720348194708
26286,23.8318107983705
26287,27.554175957702405
26288,24.14175160619937
26289,21.675421248242124
26290,25.267600551347872
26291,26.143494590230457
26292,34.00891252629918
26293,29.567864737746334
26294,34.88861060131671
26295,28.128187340302873
26296,23.890136334610627
26297,28.358968986792316
26298,34.59957233654821
26299,41.71518862206569
26300,37.30166341595403
26301,38.9097588850323
26302,32.64134159993659
26303,36.647081357781865
26304,39.92942898547247
26305,37.30837419350411
26306,37.869531584159596
26307,31.13451847237364
26308,28.195126648689925
26309,34.4198967182166
26310,31.881089138059902
26311,35.415167357290144
26312,31.38397197686257
26313,32.978836465899455
26314,37.205780876038645
26315,36.41591623272238
26316,35.77232266523733
26317,32.61511991910596
26318,2.9469337634986127e-05
26319,30.5221205360862
26320,29.981735418571883
26321,28.14918436364663
26322,28.924714768586234
26323,25.88065386571295
26324,30.97061577481729
26325,30.009428992841922
26326,32.13718867798334
26327,35.28062730024868
26328,31.608556651186046
26329,26.763791779244727
26330,28.518129348134032
26331,40.25155912127555
26332,25.40256541852739
26333,32.585309258095556
26334,25.648039852586393
26335,36.21914618044978
26336,43.353721750201814
26337,34.10365762918602
26338,36.243222878645085
26339,25.957938548670413
26340,30.94270335168008
26341,27.59427868695069
26342,19.73870045159162
26343,31.584717017384943
26344,23.750106960984965
26345,28.105028658458192
26346,34.13411040293655
26347,31.216539794571496
26348,29.620520807525825
26349,37.549795739353996
26350,36.19619630238209
26351,35.59898979351014
26352,31.23782055799479
26353,32.981097661913935
26354,31.388162857523234
26355,33.924594820250384
26356,24.56861769068019
26357,33.60057146665193
26358,33.404950564072806
26359,36.037847912449614
26360,27.517388333872066
26361,27.317713009042965
26362,37.41137202635707
26363,34.36609727985894
26364,39.79757957171846
26365,40.19574228080328
26366,42.023822221750706
26367,59.95866937971992
26368,27.997326351103396
26369,33.18819059628241
26370,38.38421654629103
26371,48.48243314178271
26372,18.045007768345357
26373,45.27625166621097
26374,43.28092218857755
26375,39.643327112692276
26376,34.901639868267225
26377,41.49685572374505
26378,33.62114303110693
26379,31.876549045362275
26380,6.329039173865927
26381,42.30686424465467
26382,17.957880833403696
26383,29.608490441152803
26384,52.650104904853606
26385,22.597535496797317
26386,30.11518722421566
26387,32.02372213949417
26388,31.544225401460103
26389,49.18453404070475
26390,30.227163472230778
26391,49.5735496946663
26392,20.82483050858788
26393,23.24791317820476
26394,34.681233892318474
26395,37.32820255385452
26396,31.551052608916255
26397,34.12424160913378
26398,30.262843579652753
26399,31.271236612976438
26400,36.773679790208696
26401,32.8116517465153
26402,42.489516972655565
26403,20.804900418004653
26404,36.588410938510506
26405,49.45829897360587
26406,48.986406745153474
26407,6.0872391660927745
26408,23.430647117899458
26409,27.819721967313736
26410,28.969803056592394
26411,27.562364927514167
26412,40.31921059524595
26413,26.354348704001456
26414,39.98259136054484
26415,35.4297474130872
26416,29.582629520166158
26417,33.92797828765586
26418,35.906123482786654
26419,59.528351813446704
26420,38.037785149750576
26421,30.04118204186536
26422,31.972541754307557
26423,38.87001007459059
26424,31.793581562943732
26425,30.335673113423642
26426,28.478507972199534
26427,27.544296666837024
26428,29.333927062496198
26429,37.69489799161876
26430,63.18219323133721
26431,53.26597964690228
26432,32.391452554412034
26433,37.015073747258604
26434,27.22966233668156
26435,31.864227869398995
26436,30.334593468489835
26437,31.484335003498956
26438,28.298487889203525
26439,30.427890213137264
26440,32.92161948698344
26441,33.931966048643325
26442,34.73338557898799
26443,29.52024145549362
26444,35.17973813755415
26445,60.698958748964536
26446,55.59482277570263
26447,19.097814942523364
26448,36.83972100384615
26449,53.18207188020314
26450,62.03587913025508
26451,20.463679224264087
26452,24.288024284935766
26453,26.50717486512167
26454,26.40687634173483
26455,27.466299856486813
26456,23.560011563711868
26457,24.988469596083256
26458,18.29472721261073
26459,21.977702162755904
26460,22.79525695935555
26461,19.514617890156348
26462,15.66374984184354
26463,17.80581338555694
26464,16.75588841726971
26465,22.052172863798088
26466,20.77480588253701
26467,23.89481930674646
26468,23.74463341047784
26469,25.6926021397802
26470,21.76450061590073
26471,29.405912869486592
26472,20.090942200548483
26473,24.825913359474185
26474,17.32431841705874
26475,17.692248429982335
26476,22.71414309415741
26477,22.88659204566167
26478,24.930213710386838
26479,25.6278030425718
26480,21.876878082226384
26481,29.08498591863669
26482,19.48831199496056
26483,26.98545157049177
26484,24.261949628264563
26485,25.716755790255956
26486,19.812976671311738
26487,23.570190323616295
26488,24.790302460630027
26489,25.48390758623062
26490,23.129490524692724
26491,26.234827923272533
26492,22.053158194875763
26493,20.85981108307501
26494,20.887604738844015
26495,25.719985572672652
26496,22.835390014298717
26497,24.54594052536967
26498,27.34096099386001
26499,24.67868594661457
26500,23.577292242016036
26501,27.687208327452836
26502,25.792923300993664
26503,23.336455059938814
26504,18.96245897875664
26505,24.39339908468052
26506,23.13734007417866
26507,8.20482706139617
26508,22.542354724081978
26509,23.413356714344793
26510,28.499451313046247
26511,20.461411236465594
26512,31.412166482317936
26513,10.815143725843516
26514,20.715333682767234
26515,20.193153043564173
26516,22.210038270037934
26517,23.5858415525445
26518,25.373580957893108
26519,17.561901440257422
26520,22.460157275438277
26521,23.662895092666474
26522,24.58478958377681
26523,21.248192129515935
26524,19.38998234513948
26525,23.92197538769255
26526,28.484452232058818
26527,22.16461024896669
26528,27.729693874303628
26529,32.77211942357088
26530,24.336758633455894
26531,17.616733038631015
26532,27.200932010840624
26533,22.2263335745108
26534,21.867825975815727
26535,19.987325301267294
26536,23.25837627473527
26537,27.70662997261187
26538,25.465977431210163
26539,25.001285344219795
26540,21.538720728524556
26541,27.09729714722371
26542,22.66173798381273
26543,23.87313792659832
26544,24.67068050448978
26545,27.31656234247954
26546,24.506099474540683
26547,25.10554098793962
26548,23.987753692739442
26549,22.846068743770903
26550,24.00291577306566
26551,34.893452456653684
26552,31.646217272750455
26553,27.377992807647193
26554,16.427035822879773
26555,14.103763609238221
26556,76.15679164138498
26557,25.728522381170418
26558,15.730803376611929
26559,26.148463457485718
26560,22.791179440224248
26561,32.24586718339579
26562,33.2701279823782
26563,23.230246979358594
26564,25.808621321667424
26565,15.012671793649924
26566,20.65672240120297
26567,23.150691819383898
26568,31.301878305055315
26569,24.03068589796799
26570,14.721799364352275
26571,41.913000537956044
26572,7.387731469798515
26573,24.849006416987784
26574,29.716577487995266
26575,21.96706690021484
26576,31.72438892379743
26577,15.044021036157346
26578,27.575920612761493
26579,26.635447659053852
26580,31.05880274601223
26581,34.28004873454164
26582,26.07339405923341
26583,28.598639898292806
26584,21.77232042673843
26585,30.5797113270933
26586,31.015539548665675
26587,17.83244942719473
26588,22.70760121081908
26589,10.325555350920098
26590,10.147091353677695
26591,26.955930714519692
26592,18.557071466862517
26593,42.19900750141022
26594,23.611358510342665
26595,76.0257131929617
26596,44.75091190471834
26597,23.607875670341592
26598,48.575221484060734
26599,40.825065610194
26600,50.27493448535998
26601,79.72273713282473
26602,21.678840979056062
26603,20.526845494080323
26604,19.00340608372512
26605,22.358084192752912
26606,41.22223565078424
26607,37.06447485915481
26608,36.20686415615697
26609,26.72713241990979
26610,36.625367888244206
26611,44.37811486307756
26612,23.757136740368022
26613,44.376868103742645
26614,60.73636163388302
26615,46.240311494749044
26616,30.534040595490143
26617,58.5329453177887
26618,57.293635192374126
26619,41.61270714776142
26620,43.434254443644924
26621,36.46644476929032
26622,17.302132675500598
26623,25.65631475421044
26624,33.930127494166975
26625,26.57630272363616
26626,50.36934296940536
26627,22.414476892040348
26628,22.476538104176868
26629,24.900606854203353
26630,39.47892928087179
26631,33.357085770605295
26632,24.011162432462662
26633,29.597012121478656
26634,2.4059841556031296
26635,38.700784238722115
26636,30.745883709550753
26637,0.6019255254792942
26638,29.051104604791064
26639,37.09044441130597
26640,41.50005917289922
26641,32.18583814621617
26642,0.3589464661330562
26643,34.91886010464167
26644,8.257003416344562
26645,29.568704952548853
26646,22.428024844843904
26647,34.91204662374921
26648,33.13929429694169
26649,22.62779438234622
26650,50.9492877081817
26651,19.896628328649903
26652,35.12899711114491
26653,40.56017344918057
26654,29.321694698080236
26655,23.733470474406197
26656,7.015991262255073
26657,34.7599338217566
26658,51.79117098411496
26659,21.235793287373994
26660,31.47881911511818
26661,22.028854000694025
26662,30.01058070799662
26663,34.756117958742394
26664,27.807198715557973
26665,23.335475042293105
26666,28.290052741363834
26667,28.89189903244264
26668,37.68177431671522
26669,25.454954289366373
26670,21.592080797230828
26671,27.803170368575053
26672,28.949453822767254
26673,29.82005323594268
26674,44.493267103336876
26675,23.66658201114225
26676,42.64541208639139
26677,39.18406242259448
26678,30.360985754285092
26679,23.97421669205322
26680,21.655256322118113
26681,25.352434061629115
26682,23.50684323372347
26683,23.91923467289876
26684,30.076240824615493
26685,25.63889980096082
26686,15.444481788802358
26687,48.99512729439272
26688,28.804711298574134
26689,42.131987014697984
26690,31.870211602702533
26691,29.703225318787567
26692,24.295164349874376
26693,32.497884179837534
26694,23.598366240583033
26695,16.890996256725746
26696,37.928686676221055
26697,40.92494495894634
26698,27.873364261802276
26699,27.731018153770236
26700,24.441849118890197
26701,44.248828706951755
26702,34.01326072825827
26703,39.3950620285235
26704,26.627658761945025
26705,30.556440687677945
26706,60.12304327699524
26707,36.246140893197776
26708,29.507782928525984
26709,38.88094799978338
26710,25.661184007902005
26711,29.491390700466113
26712,28.786552972523964
26713,28.37701256221933
26714,26.737666610178067
26715,60.59127516017743
26716,34.331807422555066
26717,34.41061248512842
26718,32.48286364833228
26719,30.3236828547486
26720,36.6784379240096
26721,28.172862552003952
26722,22.79788788842154
26723,31.574459409426282
26724,29.68359268589064
26725,36.26908388091158
26726,33.45593666071595
26727,30.236655386578988
26728,32.92605307146159
26729,30.424126465519898
26730,31.128529764319765
26731,30.65040599110977
26732,47.78323436954285
26733,24.086538620330167
26734,24.941028744365006
26735,38.697876699635785
26736,32.542119764087076
26737,27.162805438734296
26738,36.87036028145262
26739,25.691035527470984
26740,38.003460506413845
26741,38.23272440379455
26742,28.383594522682795
26743,24.10083870610459
26744,26.72251965699589
26745,32.31934785158352
26746,25.07216633496627
26747,26.55857268457388
26748,25.461720481231396
26749,47.79257502351606
26750,20.655179523844886
26751,44.29418361487708
26752,43.66492685201883
26753,35.34206528440542
26754,37.986800300884795
26755,29.427321796308494
26756,44.6766194989825
26757,24.8626017005605
26758,20.02610311347513
26759,34.564615494805686
26760,24.113634362601356
26761,41.31959222052305
26762,38.285818260716724
26763,27.90943265333323
26764,40.52430795095364
26765,39.39850195996246
26766,27.955350062466355
26767,28.164358133992167
26768,27.61408928906171
26769,39.5045223937501
26770,33.27468554552263
26771,61.318098450093366
26772,33.927818680720115
26773,41.37730979642617
26774,26.901654942833524
26775,22.045891152448643
26776,52.06977362609237
26777,22.52746603650769
26778,40.796825962441346
26779,39.52460545597865
26780,25.596575375878874
26781,23.20480254930993
26782,58.659544145439106
26783,25.390523161061225
26784,31.72914385095185
26785,28.015760463147767
26786,25.619027226622116
26787,29.10006393758519
26788,25.945496125880354
26789,30.572689935754205
26790,11.74727553871465
26791,11.871597210388364
26792,29.526290610508784
26793,19.715572109657636
26794,37.08982684824831
26795,31.584484197201718
26796,35.53324914623666
26797,32.90331892119874
26798,35.83811072945155
26799,38.946009256099764
26800,38.296621368865246
26801,38.148452457658955
26802,24.846087148569968
26803,33.45459054580831
26804,40.939379591927874
26805,51.17226913940458
26806,39.493973677774264
26807,46.884026314258605
26808,39.7631282879302
26809,23.620229664802448
26810,38.39378145069835
26811,38.815524633746975
26812,42.501354436940304
26813,40.456795120258
26814,41.21387205541807
26815,47.46796120165283
26816,37.443287284431754
26817,69.54594780914141
26818,21.2558263492029
26819,36.4244649363044
26820,23.230662116925192
26821,9.493244415004124
26822,40.27610447106223
26823,33.4600627698038
26824,61.18687032474922
26825,21.735870716050812
26826,22.300199345529595
26827,63.755266901814764
26828,29.492338263670923
26829,38.14971517925278
26830,25.326918367732233
26831,46.16292015616651
26832,30.508482791956965
26833,35.705456248648694
26834,26.002829455718068
26835,21.112398808154154
26836,39.65688535297071
26837,64.33197291944278
26838,41.55920783016248
26839,11.558229400399938
26840,28.563190750250286
26841,31.235564462293453
26842,42.55406540963248
26843,36.47089122410126
26844,31.41218162517653
26845,17.070322570580238
26846,33.690468091327105
26847,14.799117685853275
26848,37.294049765194785
26849,42.62583730984001
26850,41.70676164692516
26851,20.80211896915174
26852,35.74525933991192
26853,58.65536677969011
26854,74.94352270034037
26855,41.40546895181096
26856,41.37769842398559
26857,58.69641693706249
26858,37.95029245350269
26859,47.4427999209205
26860,42.8792367846615
26861,32.618373142409865
26862,44.47853902758543
26863,32.42752144722931
26864,31.6158477017358
26865,36.90135227950393
26866,33.16325871461352
26867,49.189297445390096
26868,50.26838002349477
26869,45.62242248268691
26870,39.713486764683054
26871,43.233951892432444
26872,55.62717335029977
26873,26.76956637876421
26874,36.10255646071374
26875,39.14517019882408
26876,37.94954542376117
26877,46.07470309925282
26878,66.9758937456644
26879,30.74153557515302
26880,57.77021958323907
26881,41.955199961351795
26882,41.03935823446095
26883,37.35290207964342
26884,48.467553550379385
26885,34.81765198614002
26886,32.61369045172715
26887,45.39705367518084
26888,58.35261872429276
26889,38.6129807323624
26890,36.762509590492975
26891,48.46117589052972
26892,57.15409205452909
26893,33.123518716570246
26894,33.654107823390575
26895,67.17284671943932
26896,38.26764604326719
26897,53.248815098874815
26898,39.8430739663625
26899,53.89331712162334
26900,42.26036470384767
26901,39.96278821198763
26902,63.35155432172094
26903,39.236896949444095
26904,34.89849399708113
26905,42.35878880379771
26906,47.462198703074314
26907,38.14398542961179
26908,44.0303953277962
26909,42.52973902122343
26910,41.070581711453016
26911,44.208394655317136
26912,40.63556426756367
26913,41.25017986810668
26914,54.64506539421288
26915,36.11177796943989
26916,40.20715985677765
26917,70.31414528213051
26918,40.31758322989001
26919,38.67891622726035
26920,39.109976536778035
26921,48.37397606449179
26922,28.858059294747466
26923,48.41918468796176
26924,34.87181438690726
26925,38.22363352367391
26926,45.60484672323783
26927,37.23027094901623
26928,39.43974199209194
26929,35.59603916295411
26930,37.304825558684236
26931,33.82218481001233
26932,38.999756343260856
26933,36.63860552390197
26934,39.20582986282241
26935,36.18535789782396
26936,44.04510881970823
26937,54.435458280870186
26938,38.62093165709643
26939,33.46482837438558
26940,37.20939796111728
26941,38.578023030901946
26942,35.18709904565132
26943,38.988240611234545
26944,42.156520071992624
26945,43.15861681892809
26946,43.83748467977831
26947,35.539308385239835
26948,37.941683489314734
26949,30.216098134236226
26950,44.10070201148239
26951,28.62178692256181
26952,34.05335610384891
26953,38.06753326434224
26954,40.01315228659743
26955,36.30035838984754
26956,39.09899978921588
26957,32.3889895434603
26958,47.96774309002336
26959,22.336033933322543
26960,42.23948019623307
26961,35.44767102834347
26962,38.27749300009033
26963,32.91220436471828
26964,37.66594165677801
26965,33.54064536565293
26966,34.058505677030006
26967,38.434965895201984
26968,32.05248210773317
26969,38.54224761410059
26970,34.89016970137637
26971,34.79640579181
26972,39.43190140790917
26973,53.17828371211493
26974,47.221011354687604
26975,24.618116244336964
26976,35.68633938346359
26977,32.7392669189267
26978,55.19814385144011
26979,32.59981482315107
26980,32.079764515407085
26981,33.142070732734666
26982,40.002595292808
26983,41.00227195664296
26984,36.31730594949563
26985,37.885330395691945
26986,39.14755509944856
26987,36.52226441524806
26988,37.47186517482975
26989,27.819762295726072
26990,41.433060903127554
26991,38.371345834189725
26992,41.93440284249319
26993,34.79253472920827
26994,25.699654103794998
26995,33.587141635693435
26996,38.8629773717108
26997,35.43978052096012
26998,40.589226487207014
26999,36.4138491536604
27000,38.60105093107674
27001,31.65455324925223
27002,37.51955747063021
27003,34.840670993299774
27004,37.54788896572527
27005,35.13814469683248
27006,33.082227671363384
27007,21.292900737854243
27008,36.28054560278943
27009,26.78241087843536
27010,32.84619771621069
27011,38.17299282060461
27012,43.18011157635571
27013,30.720628804452332
27014,29.74082224738195
27015,35.78726345637756
27016,31.077112556388307
27017,31.42896726642455
27018,33.56899141492863
27019,36.6748691335079
27020,36.94229014338333
27021,36.7110575013129
27022,36.208470705022336
27023,34.55695946062961
27024,51.23724634468506
27025,29.720591081486365
27026,26.434542436641046
27027,36.31894901280094
27028,35.3383080095365
27029,29.76025057723892
27030,38.12701954556274
27031,30.47338675286096
27032,20.446418860304096
27033,55.92667038623085
27034,35.93571950474861
27035,40.04484039719
27036,35.44009466917502
27037,41.15108439356028
27038,37.366035473536144
27039,48.94502568586293
27040,40.359843930164104
27041,33.747728134233554
27042,37.192426818954424
27043,16.204721814261227
27044,37.528202545802024
27045,36.07711507194765
27046,40.5491039190368
27047,36.37977022599546
27048,42.09241837650661
27049,35.9743073767217
27050,43.809534687191366
27051,20.980014905182834
27052,39.255565528860096
27053,52.544690579157376
27054,16.695965261827794
27055,31.020691991190176
27056,43.417004895267354
27057,36.88402641667014
27058,14.580040319717448
27059,42.06652695046273
27060,37.45105119804812
27061,35.2973024780569
27062,40.88702369891848
27063,41.31514366099317
27064,42.79290500141181
27065,31.647518285040547
27066,22.574676716043566
27067,37.21714506542005
27068,42.73838316323769
27069,38.2251736754849
27070,37.96875751232211
27071,23.58878111558455
27072,41.37204170132123
27073,40.07963127601167
27074,39.48351877400718
27075,36.66938226822628
27076,38.493436857162806
27077,32.70991788847488
27078,29.919807412050933
27079,40.88047101446773
27080,32.854938414127474
27081,41.63466400343435
27082,35.893565793796654
27083,43.79309584760887
27084,36.68312175842257
27085,38.12000721345818
27086,38.74530884811836
27087,41.13246982025646
27088,37.98352186963206
27089,21.31942320544074
27090,29.57606777674838
27091,33.166734931544525
27092,34.10220285629698
27093,40.77558637776286
27094,42.49243609264302
27095,38.57339604477615
27096,35.935770220786225
27097,33.3142972784534
27098,39.873977645286516
27099,43.31662527246033
27100,41.137869179204884
27101,37.98434309648005
27102,39.95637533169275
27103,27.610843593851623
27104,34.3797422237888
27105,36.988539490236306
27106,29.11742810685222
27107,41.93454242415406
27108,35.283875829611524
27109,27.599196761540696
27110,33.44825547974195
27111,33.66111157795619
27112,39.26167912503845
27113,32.93272912523266
27114,37.17790146778013
27115,33.86472983375253
27116,31.54303861887584
27117,25.384259106152598
27118,35.89094579445062
27119,34.68916594267638
27120,37.20564706372177
27121,41.57396369273405
27122,31.803982314412508
27123,22.839033551153186
27124,18.571803142116142
27125,19.499236064123938
27126,32.39853060547493
27127,34.55864185633913
27128,39.057329847428065
27129,30.510787687142876
27130,35.87885469907337
27131,39.58704633434571
27132,33.57407381933783
27133,29.822038240026775
27134,38.4299455040735
27135,38.84559251120982
27136,33.94059426792918
27137,33.45058643399629
27138,25.716032442540225
27139,29.339352692332177
27140,35.846627079524296
27141,36.62432029184774
27142,30.51600182537532
27143,41.35823354739417
27144,39.523777905471064
27145,29.836501980549805
27146,15.729371615498744
27147,34.41064009679357
27148,15.950536210933894
27149,37.19990982329333
27150,32.13395149645996
27151,26.214053525925173
27152,24.268369902998927
27153,35.36400706064843
27154,33.75189489805596
27155,42.961742938388845
27156,36.057135056498296
27157,39.38009906835463
27158,33.732137910009186
27159,35.725073917808345
27160,35.87376351049713
27161,28.391410287760596
27162,36.31499544802263
27163,34.12244096590285
27164,36.901883574982705
27165,29.88422504033703
27166,37.6949777209616
27167,30.337766016964917
27168,28.401995699394114
27169,32.48291972045919
27170,34.785783132884426
27171,36.73570319416644
27172,26.551205078959075
27173,34.930670307092974
27174,36.96547301461718
27175,29.310603204970125
27176,89.38064391370227
27177,23.497761569814635
27178,30.179980544153654
27179,33.68467723593767
27180,30.486150518483495
27181,27.04355870036153
27182,33.537621860132795
27183,27.605502256794527
27184,33.20488632506174
27185,38.26746768218053
27186,32.74783842804917
27187,37.75461072051422
27188,37.730696868879804
27189,34.21729980845227
27190,31.863650811706698
27191,40.423492310715936
27192,37.475724900155996
27193,25.566621821279707
27194,56.87250405751464
27195,23.84318170837478
27196,35.93747260081085
27197,10.599527890689316
27198,40.96134148350331
27199,40.2366161585698
27200,32.69361680934599
27201,18.891289498958063
27202,29.761526820106184
27203,30.4255306276628
27204,30.05446958993617
27205,34.46125666803687
27206,25.340426438338383
27207,35.39434665646398
27208,30.509704166971922
27209,32.02701231732119
27210,34.164058354522005
27211,31.563551340183178
27212,28.203990334741306
27213,31.23730341709274
27214,31.63934914176845
27215,29.457718496120467
27216,51.76606214850578
27217,67.186236899869
27218,39.13493651944425
27219,63.919579957238156
27220,51.153133460730814
27221,30.92775586317295
27222,40.00149353066339
27223,80.48589736599905
27224,54.51155727920127
27225,34.989316374771306
27226,49.009050098280994
27227,37.15144279434969
27228,37.066499956937946
27229,39.973707309520876
27230,50.80539899282784
27231,85.32044680298527
27232,36.34438268467079
27233,60.68094098149395
27234,40.68156388834127
27235,59.38997678969379
27236,28.224218606918082
27237,48.19690986091076
27238,33.86197051976062
27239,42.36418212287551
27240,35.655066018495475
27241,37.37240522954694
27242,42.2605285818616
27243,47.002863829228566
27244,32.827458797030914
27245,17.747097281876687
27246,45.56685747158184
27247,36.50130581042136
27248,81.63618592453632
27249,31.021455326930585
27250,46.197297417687146
27251,37.0577702661866
27252,65.57777923534016
27253,39.250844615767996
27254,37.49974134336014
27255,40.41932087932012
27256,51.43524486653219
27257,46.15387231561418
27258,61.42169725981953
27259,41.85446422449001
27260,42.94469449353973
27261,72.12393581944099
27262,62.583926896960605
27263,41.08555478130434
27264,41.523172357322025
27265,39.53195413864935
27266,39.917290961614086
27267,62.552677118584825
27268,42.156916298687946
27269,77.03869474849468
27270,41.621608084606734
27271,31.867489683997764
27272,41.05333132043436
27273,37.658428936312426
27274,38.18864075858906
27275,40.96094965877438
27276,36.84881812115569
27277,24.977152419345142
27278,18.47711016500345
27279,37.711166816800386
27280,30.659443512098118
27281,36.45804873530945
27282,31.44965741590172
27283,29.02289021220947
27284,40.52429796151862
27285,35.51508306983345
27286,33.982925656892114
27287,37.1046808461971
27288,33.60950142294857
27289,43.89109095296472
27290,36.28127214683906
27291,39.24540018076726
27292,39.70928985273606
27293,42.41804846040426
27294,38.188965562297405
27295,39.87163663363608
27296,26.81229366112946
27297,33.27168632875872
27298,34.95698623307626
27299,39.32605236564306
27300,34.720020108330445
27301,39.848859257097246
27302,33.90209208483705
27303,42.628815474591555
27304,36.09849753681522
27305,32.978328375543256
27306,42.78475423591435
27307,34.64843809149595
27308,44.57510545576773
27309,37.64130004376945
27310,40.57068011960472
27311,51.59940602781607
27312,43.31942057040113
27313,44.733129287070895
27314,35.18432775670195
27315,35.952702958860996
27316,42.67652349543637
27317,22.394525588159574
27318,38.71664993151998
27319,41.61653646692737
27320,43.79199135527642
27321,39.192120658157044
27322,38.787948755251314
27323,40.47641587515787
27324,41.15819589110637
27325,38.11055825091731
27326,40.26962069306236
27327,39.51496019957014
27328,40.12933398066003
27329,42.243861286111226
27330,33.76361592519959
27331,41.57302240983544
27332,40.18023380372546
27333,43.30051665564648
27334,25.132054018285118
27335,29.355473522688882
27336,25.514437995226164
27337,38.40975376310424
27338,26.550860124203854
27339,21.53270197305183
27340,19.552373598701887
27341,23.82665705439892
27342,25.483378399867213
27343,35.79805312094629
27344,39.95531456919083
27345,14.5522508996814
27346,32.715787566699035
27347,13.07261224027806
27348,14.574596804130493
27349,33.18606974641566
27350,40.96664890761464
27351,34.728675904062456
27352,16.83661862721977
27353,21.022008814341195
27354,23.699680210746187
27355,17.67669406608384
27356,48.53891059881848
27357,39.11743567863823
27358,38.47199447757496
27359,36.640447771457175
27360,15.89914663486746
27361,38.454880232297484
27362,36.43491550977681
27363,20.267785158473686
27364,41.14719435729124
27365,35.37121127409466
27366,24.06014098171184
27367,19.347789221220854
27368,21.126536513286005
27369,23.252512729221284
27370,28.24539431050888
27371,31.186517877784215
27372,19.59032009747029
27373,18.72821369681389
27374,37.5145768801558
27375,19.4443378473319
27376,30.947800792399054
27377,23.650989705773533
27378,25.361186178217505
27379,19.25555975336715
27380,26.72922972112747
27381,35.52702748819842
27382,22.196340686538566
27383,23.322266191798164
27384,41.63820724689574
27385,39.43833704642097
27386,29.049826797699918
27387,20.844836721751168
27388,31.303928010042007
27389,38.678848011041694
27390,34.788027536948974
27391,34.738704378495235
27392,22.77235798011084
27393,27.078347482719032
27394,23.8035681519083
27395,43.468979687943346
27396,35.97616480906558
27397,24.194203255737875
27398,17.551950541143054
27399,18.789526684488365
27400,20.577409017105968
27401,20.1637115176125
27402,18.571693210490498
27403,38.75052395869884
27404,15.470930698239039
27405,19.261380393836472
27406,22.329945349153025
27407,41.030406721663276
27408,24.91404330770678
27409,20.9932949146577
27410,28.198032326760643
27411,33.230590944017166
27412,42.678835759619304
27413,32.209345302729226
27414,35.29004162693924
27415,30.92081234740405
27416,34.10337973011008
27417,32.47877696810866
27418,31.873070289728574
27419,42.97559882242295
27420,32.344578742151256
27421,32.278834683857056
27422,22.7370133898758
27423,36.103060830027054
27424,34.059365991774385
27425,35.01950092630217
27426,35.82264711407667
27427,35.10955894726281
27428,26.177778538641114
27429,31.729146151149436
27430,26.190450037723068
27431,30.611535994426745
27432,34.53755900028382
27433,29.44264123608159
27434,26.522317037521475
27435,28.919959894461314
27436,37.20314451137094
27437,30.742338478138635
27438,25.974066288623103
27439,30.943657883781796
27440,26.344340653139074
27441,27.70747092971357
27442,29.810477273784485
27443,33.57328873667839
27444,27.749125091836888
27445,27.518808242581667
27446,22.761020505924048
27447,25.76616093626438
27448,29.04238031041534
27449,21.5255910869048
27450,20.1418189314172
27451,25.397734068562386
27452,27.247253303755823
27453,18.674031735928327
27454,31.834818487893887
27455,22.37307355131316
27456,25.955524439497125
27457,28.560691008099734
27458,25.355834847675894
27459,26.506464297343083
27460,23.585398146886007
27461,17.110101670430367
27462,21.973612526846566
27463,20.514857185541324
27464,26.851932774042037
27465,26.62850719803547
27466,18.581723460068133
27467,14.562808115897727
27468,28.408760179053033
27469,35.53287309246826
27470,14.959111895308244
27471,24.176235405538208
27472,20.726270909781356
27473,22.194106215774685
27474,21.91186765486195
27475,21.134760768079076
27476,17.456635710300638
27477,15.254325692165704
27478,35.160872915986545
27479,56.3977620366611
27480,35.05237997385823
27481,40.59824534493603
27482,33.73726776474287
27483,38.07226550111031
27484,31.915999634827784
27485,39.99747759410012
27486,31.612576278915615
27487,33.64225955136455
27488,33.36268924543195
27489,39.56326733270558
27490,36.60903780280104
27491,39.74615796723015
27492,33.692099688957796
27493,40.457274540206214
27494,39.294061167680056
27495,32.3756125643454
27496,34.927044860785614
27497,35.12538626367738
27498,39.2492557806212
27499,35.42390806887106
27500,26.496036158676365
27501,37.850165946147825
27502,41.08053180709386
27503,39.43830366140153
27504,27.66647405125611
27505,35.49499334628837
27506,27.56400717512331
27507,35.519117864154126
27508,25.859596540230864
27509,39.70663092868321
27510,37.365466034547595
27511,37.16515867061744
27512,42.30817458045475
27513,27.53277366910322
27514,36.39928105818076
27515,30.868194495978706
27516,30.740248063118464
27517,24.806107771023704
27518,34.66405416236602
27519,23.834354548931078
27520,31.73235438454266
27521,28.18796666914084
27522,32.223854346107615
27523,37.93152405505521
27524,31.762384304176567
27525,29.36636184502646
27526,30.102345415021382
27527,56.20768958572921
27528,42.34164782024662
27529,47.600765353611514
27530,38.70288894314649
27531,43.57076130384692
27532,38.108181307496864
27533,37.926390367809624
27534,32.75840582953725
27535,41.859268993743804
27536,37.60739002282253
27537,33.69612214149494
27538,35.14519767692832
27539,38.835938655881385
27540,38.042423155970404
27541,38.48015526550531
27542,32.88415952480798
27543,37.746315424811925
27544,36.667675029381314
27545,41.188936379669585
27546,39.41422319085308
27547,42.22838703099472
27548,68.30583495389439
27549,45.21788349907908
27550,35.50635411768056
27551,43.16653593396664
27552,55.10643087028634
27553,38.82758018406987
27554,38.15133342822666
27555,43.39836476272351
27556,55.70400521560584
27557,53.93788500301508
27558,70.6697326044204
27559,52.82401077342582
27560,70.35301279605588
27561,43.504543992015385
27562,54.96001843506694
27563,56.110166449756115
27564,42.81617362613733
27565,50.33092180452927
27566,59.30181712275846
27567,40.69880988206524
27568,44.202059772361025
27569,37.03295644343791
27570,42.518968033309164
27571,71.41582864138485
27572,53.43394620029701
27573,66.55894496496157
27574,42.80874144436538
27575,43.333217588153495
27576,44.424847866749886
27577,63.24392933163727
27578,67.44853141010715
27579,39.23139277533571
27580,67.58698960697942
27581,72.12537181377174
27582,50.01107337811602
27583,43.26401855268846
27584,43.27864947527121
27585,77.50067146477761
27586,67.32524308177828
27587,45.89537130149604
27588,58.881048861669726
27589,33.95457658098182
27590,51.57836058880243
27591,39.92342985995297
27592,63.697960428388456
27593,68.11713845387922
27594,35.34402545052266
27595,54.61537083426288
27596,44.822377994260165
27597,73.3398716142505
27598,47.565952199846095
27599,33.876372796472936
27600,47.35426812501824
27601,62.93536490030833
27602,42.15033091380767
27603,63.19037045125319
27604,31.331551518821136
27605,36.42485309963727
27606,77.89615174714159
27607,34.88738858623238
27608,37.42352726095215
27609,32.49896310818387
27610,33.79932721624388
27611,43.77491850485079
27612,28.247667638774182
27613,52.08063696148231
27614,47.60621892053075
27615,34.58646917645406
27616,36.12546961708101
27617,30.783388558682137
27618,54.62930653206062
27619,34.62771044728008
27620,48.39478774156505
27621,30.263155623894903
27622,57.586386162587786
27623,44.334621583203955
27624,59.796242272941555
27625,50.178559656125536
27626,37.53263220545388
27627,40.8884114215169
27628,66.07029351608931
27629,40.2953190323791
27630,34.94279558323838
27631,42.08458550134851
27632,62.208140405734845
27633,36.39475085463963
27634,37.597115223712606
27635,30.74009309643986
27636,54.17373128455781
27637,34.188467118286795
27638,41.00450698114162
27639,31.764398282225173
27640,28.15809513855702
27641,55.883724321446806
27642,28.106276705408867
27643,37.13626730899571
27644,42.79808143275338
27645,27.70818395077345
27646,30.310095838288436
27647,32.352106383120734
27648,26.758880187818928
27649,39.29076120769954
27650,15.269705432027163
27651,20.618837837982205
27652,16.766752499514002
27653,19.730910538232706
27654,18.14014001762939
27655,32.02223157087846
27656,20.081799724523094
27657,24.6092310518362
27658,25.27017795719039
27659,18.0541628016332
27660,24.407714948710144
27661,18.447784191371717
27662,22.796229507229395
27663,24.569023570764557
27664,18.38751305745464
27665,18.963698396310335
27666,24.47165601356341
27667,16.447012028566537
27668,19.150666711782318
27669,29.68699629047583
27670,22.039137849942538
27671,36.72205824529012
27672,21.47193238386444
27673,17.52943608679275
27674,12.149245821162562
27675,21.26777869577283
27676,3.9950639185983836
27677,32.24404639282657
27678,10.539319918864216
27679,17.35801849024655
27680,33.31623872944504
27681,16.374708639678573
27682,33.42686056316087
27683,30.053068211577536
27684,18.037241930753588
27685,27.434276412341674
27686,20.937889569958063
27687,42.04945964623851
27688,27.037259963740425
27689,29.853498972857917
27690,26.866816148910292
27691,27.52121087592719
27692,37.92965646831847
27693,29.275583490060082
27694,6.031866715606463
27695,23.42433404459481
27696,39.505306373067064
27697,22.66560000570132
27698,23.663029651004813
27699,73.43649842356135
27700,15.757256476823983
27701,18.246774834703114
27702,29.93759857515776
27703,23.84529458854369
27704,22.380393808539345
27705,10.447418018725298
27706,20.426536331716488
27707,18.636724079359105
27708,0.00020657247873128693
27709,22.9953054802168
27710,21.094173529622783
27711,35.208367790011835
27712,38.485946839441475
27713,30.015815221524825
27714,37.82194752690997
27715,22.461180150685152
27716,20.05256480065804
27717,21.838629387501015
27718,24.297544424971388
27719,22.9554046758842
27720,20.005937506386633
27721,70.46527531123928
27722,19.627594655497127
27723,19.037794599643632
27724,25.57506927396907
27725,29.481762841937535
27726,22.497507314729827
27727,21.568706597647186
27728,16.330135002181215
27729,38.83448233311317
27730,14.565473400833069
27731,24.593590673894475
27732,31.866134895471873
27733,29.13481455583247
27734,22.606615742909568
27735,21.453835222042834
27736,30.636992867107786
27737,23.656309552236227
27738,24.45640985069631
27739,22.394733816677967
27740,22.4358717246409
27741,23.659768773106105
27742,20.59134350752904
27743,22.779597176032837
27744,23.24714536728778
27745,26.80558392750151
27746,27.025240958587904
27747,22.92582702282901
27748,35.21561812237706
27749,25.930565289599656
27750,40.33949634104367
27751,61.22603233917038
27752,62.710652242364866
27753,46.42125369297517
27754,23.38379596902724
27755,58.12466006154911
27756,52.18121102620151
27757,42.280058908627865
27758,49.46615861106635
27759,41.091429108116614
27760,45.72342028545836
27761,35.161769924216884
27762,32.31341456697038
27763,19.2799310853894
27764,41.099002179725034
27765,34.9036256999026
27766,28.38227552555645
27767,39.39990303588971
27768,38.692769567008604
27769,35.85249840123357
27770,40.33662707273561
27771,31.617771005243533
27772,28.994072926929302
27773,44.64993030950123
27774,48.46922022379024
27775,31.903330792930827
27776,27.56587568349794
27777,44.59007621220617
27778,34.22700213180673
27779,47.28439468771255
27780,6.080720599125016
27781,41.488975769550336
27782,40.591382202856394
27783,29.33515958541997
27784,28.661112264145167
27785,22.17725901945561
27786,28.956243078330736
27787,22.54301705102683
27788,41.41198104015502
27789,46.60757571597146
27790,29.48821498994623
27791,50.410544272587565
27792,35.137730037316025
27793,43.35347771065733
27794,26.260356225861432
27795,30.808121259744993
27796,26.18367120485848
27797,39.496163241086506
27798,32.93456529306939
27799,35.30746263378839
27800,26.331097605024013
27801,45.091636784379205
27802,24.05905709199402
27803,18.067650560274174
27804,42.499191356591645
27805,27.158063240413334
27806,44.05375612097033
27807,40.54402706269758
27808,35.24224983977318
27809,33.45255304281483
27810,34.22911409209655
27811,37.81844469765662
27812,35.08850245369323
27813,34.03675177266297
27814,32.54590039798748
27815,32.64063836137866
27816,33.85299867489387
27817,32.631920563703076
27818,33.78383452965402
27819,23.540859155608054
27820,35.682354154123374
27821,30.681641086514258
27822,39.41078157664521
27823,36.95794405637548
27824,34.136305601498975
27825,29.1395996342383
27826,33.97676762283869
27827,36.53440416495566
27828,36.51733725599438
27829,35.20131446818895
27830,41.00421710233151
27831,38.455293035374865
27832,35.79070337152389
27833,38.18012027546696
27834,47.38777503345317
27835,40.512051916437365
27836,37.03061199030503
27837,38.70702150008758
27838,37.587022648088016
27839,39.350703958997826
27840,38.15884306148793
27841,30.672310788297523
27842,32.305698787453764
27843,41.22704078093076
27844,38.67217304388702
27845,31.09507405281256
27846,33.183469724154065
27847,37.1607299717142
27848,40.60237009481072
27849,42.029560498041896
27850,41.79200775021693
27851,35.447858649744504
27852,33.231096345577086
27853,43.850338376350074
27854,35.162185350288354
27855,40.67468470476825
27856,38.81730431816548
27857,32.99733922637297
27858,37.64071105015863
27859,41.200093146047735
27860,36.856184067826604
27861,39.892310635040005
27862,26.289150849944647
27863,41.71050052994949
27864,26.67773550139764
27865,35.56539004979976
27866,25.205233875320438
27867,84.794468976751
27868,43.46689820175359
27869,41.03766754465235
27870,39.22718292876783
27871,36.04226677597693
27872,30.581068219964827
27873,43.20599935614739
27874,32.82303165277903
27875,35.72640561669774
27876,17.79887859191219
27877,35.78920405003553
27878,17.41754553545131
27879,34.29052588283161
27880,35.09362213578697
27881,28.49126156884691
27882,33.456128629688905
27883,16.087655744669878
27884,15.023156848295107
27885,17.390362314923546
27886,20.88837649610851
27887,21.00359409253661
27888,22.890454367382446
27889,18.157640831511376
27890,23.71503434241922
27891,28.420319474472326
27892,16.685892866863092
27893,33.43752062645074
27894,29.501252280197065
27895,30.76716588101513
27896,19.90819002843239
27897,19.24126830076187
27898,22.298031395114858
27899,17.140089185408904
27900,36.59057053075778
27901,23.964910436133696
27902,23.008315259219188
27903,30.390681557640328
27904,25.94566214700675
27905,13.665967706020853
27906,24.69314340169997
27907,20.005488054844335
27908,22.321041847469452
27909,20.85252573641076
27910,28.238293978991514
27911,28.364667836366525
27912,16.118619698470326
27913,20.796774673043338
27914,26.971196071082332
27915,20.717986436963876
27916,21.231030018313803
27917,28.478981161647134
27918,13.049664033597365
27919,24.5048865027795
27920,27.638972372882826
27921,27.8911316202943
27922,21.34422743907407
27923,23.521229279820968
27924,24.69894594980595
27925,14.739566390718805
27926,13.725599759887556
27927,10.820293490953768
27928,24.923807809000174
27929,13.610569200157487
27930,16.11457413338259
27931,30.80967997541254
27932,26.84141318325245
27933,24.044728522512848
27934,32.28468948687519
27935,23.57108168670424
27936,14.518043967424635
27937,27.335406782846935
27938,22.196862729833587
27939,18.53745678020898
27940,55.75031192853879
27941,21.121778765975424
27942,14.004064800948054
27943,17.382699255871877
27944,20.439332020209203
27945,14.862594614260768
27946,27.892426041879787
27947,23.42174505297872
27948,21.22505703830508
27949,29.868095368402116
27950,30.65807936963982
27951,31.39530878051283
27952,40.63701576275922
27953,26.310049711873198
27954,27.069581534121788
27955,29.52614047986595
27956,11.73747814951811
27957,16.7257377609318
27958,20.777950795403036
27959,42.91381165773535
27960,36.94479291389996
27961,17.421196945965278
27962,18.515312638971373
27963,21.56271335027212
27964,19.42993642907887
27965,11.400433450946425
27966,22.590463854662158
27967,61.049795102805994
27968,13.564477807777351
27969,18.553790322644392
27970,15.671557148886617
27971,5.3228303886236805
27972,14.28420705653443
27973,13.543605177491443
27974,19.387544377226803
27975,12.35011665574502
27976,12.629797319476012
27977,4.901155521153043
27978,12.76345019617203
27979,18.02382665857973
27980,8.436768537019033
27981,42.94977545201454
27982,23.551729070388383
27983,20.13107009397197
27984,15.054203111807013
27985,27.457213880957486
27986,2.7847010045603895
27987,14.498218281071466
27988,9.07070021507832
27989,12.651981627982721
27990,17.562118620097575
27991,18.236880390053393
27992,11.782573564500312
27993,13.332705310481929
27994,9.139569280649477
27995,8.144244649719944
27996,17.23911384619077
27997,13.711111290002586
27998,17.95686773610497
27999,11.481210993367814
28000,22.843402753457703
28001,20.684630333600605
28002,18.365842974691883
28003,13.495120213997323
28004,17.132451440533128
28005,13.519557660217282
28006,8.531321377090062
28007,14.180826248753235
28008,13.134492157814972
28009,20.210034937309885
28010,10.245117973214928
28011,13.894132955284048
28012,8.659303940423936
28013,12.975109402910524
28014,18.221505777013054
28015,22.319738232566742
28016,16.582788182832346
28017,22.965418804077743
28018,19.832703890532812
28019,18.67904700917287
28020,22.59664771580188
28021,4.248577437435848
28022,18.49483782411925
28023,16.408045012702285
28024,11.776195154797112
28025,10.241250487867163
28026,14.139134614181367
28027,10.496083375709814
28028,13.617062315998512
28029,12.101284064007658
28030,17.792589695357847
28031,12.896188012682625
28032,11.998385590695916
28033,16.38942583049523
28034,15.844005171150286
28035,17.15606312199738
28036,18.398949431936742
28037,18.01576548235679
28038,22.809670250186066
28039,18.488927464124043
28040,12.89124055932335
28041,18.982715445190845
28042,15.332267179998894
28043,20.742461222350894
28044,20.35772487961803
28045,18.312281497093633
28046,18.005794794805308
28047,9.141692144352835
28048,9.237611679697393
28049,20.16067316264961
28050,26.03366310601964
28051,29.094798924445044
28052,19.90022709140358
28053,18.732849603360506
28054,27.89693648677812
28055,18.035965505087958
28056,18.718147000190008
28057,8.45575921629528
28058,39.68620503758609
28059,60.60711650962906
28060,40.94257188410306
28061,40.69361190995431
28062,45.55641417569401
28063,34.51387669083206
28064,37.69648498534424
28065,42.63771293673061
28066,39.7903913175402
28067,43.79105194531654
28068,38.621419219648594
28069,36.285087473207604
28070,41.221907109344805
28071,37.26017443799445
28072,33.37060339392683
28073,54.194905749153726
28074,38.669099305029825
28075,31.42552274049686
28076,42.51775816468907
28077,37.7975408573405
28078,36.144727897485055
28079,36.3398828710744
28080,48.737286271783006
28081,49.468786492032436
28082,34.9501573316514
28083,42.65670267155282
28084,44.07151934064188
28085,40.897128559732735
28086,43.64963305112674
28087,42.64932000865
28088,41.01087890774186
28089,42.725857420319635
28090,71.35249712942937
28091,50.76004315780229
28092,33.30909765301557
28093,40.57826445882553
28094,36.468333375250936
28095,46.66908635171274
28096,39.91536607133754
28097,40.69565586680828
28098,47.5853463902335
28099,42.9335625246995
28100,39.35806088140902
28101,39.38872976585006
28102,39.69872697430236
28103,34.57843903523003
28104,29.732252568024315
28105,29.394386788296412
28106,25.373111086468597
28107,26.854469459761802
28108,23.063114824455802
28109,29.815375362317663
28110,22.331550393612545
28111,40.17995600965688
28112,24.58499883511868
28113,28.149477897712423
28114,32.83557118204471
28115,27.777688593437574
28116,26.0145827096167
28117,27.464176192088736
28118,27.307509216509846
28119,20.898574398580923
28120,27.45548026043604
28121,27.042230216402515
28122,30.496384539963472
28123,27.385154455515963
28124,32.42876974109866
28125,28.222895116213888
28126,25.573018523685434
28127,28.31134120634224
28128,25.459821718494744
28129,23.99940366506414
28130,25.070180465118966
28131,25.534736922969177
28132,28.22442200351755
28133,27.67586622038921
28134,24.951133005214515
28135,27.11340675524589
28136,27.814301280329325
28137,28.696413773034603
28138,28.01772205184681
28139,23.473526718869657
28140,27.50651151305456
28141,35.03525570821788
28142,32.5703164768051
28143,28.626927816303155
28144,27.53315197808832
28145,25.643966863545273
28146,26.332055854264375
28147,28.290934009464742
28148,24.93785631203558
28149,34.63371128808969
28150,26.297950126493618
28151,29.929083434736818
28152,33.49052117994895
28153,28.01945253955951
28154,33.84088215893242
28155,27.634719169543523
28156,29.499544453782704
28157,27.790322247591053
28158,28.584461115216964
28159,27.98666215864886
28160,25.415908208640015
28161,22.892466765143475
28162,28.559399545513866
28163,28.42098271096701
28164,32.18212898746008
28165,33.822003799767124
28166,31.69601007146913
28167,23.71946945411581
28168,22.738251626593723
28169,32.23276087411249
28170,36.987186510610044
28171,38.00961679122105
28172,35.19354474353079
28173,37.811974565774605
28174,35.138440519385256
28175,35.856921845826164
28176,36.099275566978434
28177,32.833389137718086
28178,34.17036012817303
28179,35.34920008304448
28180,31.78448369204914
28181,36.0052309750165
28182,37.593447513036786
28183,32.08678579010536
28184,35.92112059518054
28185,33.31896612381135
28186,33.47696317496296
28187,32.953551005696745
28188,31.921352121975364
28189,36.11178608720499
28190,40.01444647746764
28191,37.06208741687168
28192,32.99993276867973
28193,33.257271888750815
28194,34.114463990619534
28195,33.615875272634625
28196,32.44327699393773
28197,36.2323677289355
28198,37.297782079247085
28199,36.67672698476371
28200,35.87629210431781
28201,35.23557197670265
28202,37.63080656699826
28203,36.27969929128076
28204,12.028046888738636
28205,23.818407553159336
28206,31.574400301548103
28207,10.918826678935458
28208,40.0600369748273
28209,38.68565457729569
28210,23.976896769643453
28211,22.91333922880401
28212,33.00078162672019
28213,23.832780774387892
28214,21.498060972132926
28215,14.215378826804368
28216,19.14481337355108
28217,31.395340100746775
28218,13.123858490161192
28219,17.373055641460287
28220,17.908279588690668
28221,16.97351903670365
28222,71.77187561195034
28223,3.6296090711827986
28224,29.508124005742175
28225,16.527771434510285
28226,27.72901476019611
28227,28.04727507085084
28228,29.62458729203359
28229,31.034319844157103
28230,32.78725820822763
28231,13.293321314785087
28232,3.234500883464291
28233,26.68629370363601
28234,9.872433525933966
28235,78.32596410055388
28236,7.184750603482161
28237,16.895742898001448
28238,28.76469151470597
28239,9.564075626929993
28240,31.762130479010636
28241,8.80329322902794
28242,18.806028642942238
28243,20.549181198696374
28244,19.494444851466987
28245,25.480674282736118
28246,26.08542113214385
28247,24.16407756856033
28248,32.20144925272026
28249,26.912861761040283
28250,13.453502386366685
28251,10.517821564337186
28252,33.126369011224
28253,30.640512687438257
28254,10.79870626085588
28255,33.226993494635465
28256,27.786540775815066
28257,30.76721762563202
28258,18.356508363263128
28259,29.81431604312679
28260,31.650021374514296
28261,18.20182374186774
28262,22.955810088895284
28263,28.736849979974608
28264,31.50006544797737
28265,31.16724345301751
28266,29.822800318055258
28267,32.85201491668904
28268,35.938106976258794
28269,31.724206476172846
28270,16.104447997017346
28271,26.121148154832955
28272,32.25693760227632
28273,29.489740335930872
28274,32.837296328803866
28275,26.332059666805055
28276,34.2622521130124
28277,32.254797256174975
28278,33.6148791665616
28279,17.44759611090324
28280,31.049912493030238
28281,31.292353806872896
28282,34.68765911563042
28283,33.995590057642815
28284,31.719092913197656
28285,21.27373957865562
28286,23.486343058357086
28287,28.102479743393406
28288,16.53169733947503
28289,32.17938468798829
28290,42.62174615883089
28291,32.03857433298623
28292,33.02880057069527
28293,31.08836416010784
28294,27.9258801914426
28295,15.28231278876626
28296,35.647560878150664
28297,31.73686330894188
28298,18.072524836608466
28299,36.71316573571016
28300,37.67584674214914
28301,40.868032782785505
28302,72.36130589620902
28303,33.99752219055129
28304,33.29336598433568
28305,29.845455107104215
28306,34.110760404305985
28307,46.053691332688274
28308,37.27633965744891
28309,34.91272356856645
28310,41.69458628793493
28311,38.64939817073862
28312,39.058553135237844
28313,35.87864349044581
28314,42.199575329346835
28315,40.57669903082862
28316,25.622219335066077
28317,38.86174522519878
28318,41.15036164615104
28319,37.6748073136518
28320,35.12078249430715
28321,42.29989741837026
28322,38.166108091010685
28323,46.11821454067931
28324,42.089164104798414
28325,40.801928487552246
28326,35.2814950255016
28327,36.10950185748797
28328,41.89707882803455
28329,34.22964459587579
28330,37.56231347495658
28331,35.64458265542561
28332,37.17391062468979
28333,35.954000456709075
28334,36.386133137023144
28335,36.09636243653971
28336,39.50318218384451
28337,43.80300253642686
28338,37.58662897259636
28339,34.70999636960425
28340,42.129492511775744
28341,37.473385932207705
28342,44.339937998482
28343,38.884960711403586
28344,36.2364889095036
28345,44.11394717309714
28346,38.147549462361816
28347,30.46169264462356
28348,35.38576369435395
28349,35.226043760306965
28350,36.58845744906071
28351,38.490529770449584
28352,35.646830392576206
28353,36.19559081109299
28354,36.27032633197905
28355,33.939090858619466
28356,44.86617509711713
28357,35.180763785015536
28358,40.55693315880201
28359,36.259054211856466
28360,33.86677722601223
28361,40.8640428492334
28362,42.49111983754352
28363,39.307219431123535
28364,41.88962089487459
28365,36.30612953835823
28366,39.00529861075867
28367,41.66011235273915
28368,39.42702422083133
28369,34.40703294899535
28370,32.32758137760641
28371,42.49232591672629
28372,37.24791757702072
28373,35.30946100812919
28374,42.7517028093034
28375,37.24907749125764
28376,44.97600012998469
28377,43.01997048955446
28378,35.114600174352944
28379,32.730591009774656
28380,35.88471710095271
28381,33.081044178496136
28382,37.520029738310114
28383,32.80230956534703
28384,35.67406497970285
28385,42.01377348991781
28386,31.29516048445858
28387,31.04451543981131
28388,27.708258685281386
28389,32.74872062962607
28390,29.228498570429736
28391,32.215313438067795
28392,36.5278179769454
28393,27.472062605100945
28394,26.174133456497085
28395,30.702939298386752
28396,24.52650867746351
28397,24.548149865495297
28398,26.485061556548327
28399,34.47125635279584
28400,33.1413936643049
28401,31.841589360247937
28402,38.30132500389309
28403,34.84307463160275
28404,19.133521160192593
28405,28.610127590721156
28406,35.56487035105181
28407,30.239317018552363
28408,30.070124909818382
28409,33.77550977260334
28410,29.76410399724993
28411,25.438287639281562
28412,17.736958372295554
28413,23.089025343459205
28414,21.614063057649485
28415,39.626460107026716
28416,5.373343722675553
28417,42.086351460783064
28418,18.386519455374778
28419,36.761833067572
28420,39.10302338951122
28421,15.917300585526368
28422,17.4898229140393
28423,16.728529547627407
28424,18.182577194109157
28425,25.623516953900953
28426,31.317902111701038
28427,9.797321363261489
28428,3.041974004728401
28429,32.54072166781058
28430,20.409010221459752
28431,20.384206459118605
28432,24.739398769282047
28433,37.08313204580091
28434,36.62612917484679
28435,42.281478724906506
28436,39.622707385127924
28437,37.077082356951024
28438,37.381812437935125
28439,35.803945373167736
28440,41.13713598154118
28441,39.75508429635
28442,34.77578178652505
28443,37.381952262205004
28444,23.36033538762391
28445,42.483012346261184
28446,36.21747274631817
28447,34.89472051355334
28448,36.87090192349913
28449,38.92535534946381
28450,38.36751372402483
28451,40.119879588435076
28452,34.75644107565233
28453,37.17512543570871
28454,33.650664775946765
28455,39.628948687738195
28456,36.75847837792199
28457,38.605003805933286
28458,34.24176725721688
28459,37.8743744650747
28460,33.84385846321295
28461,37.115166670269396
28462,37.27674932480862
28463,34.9499633885639
28464,35.13081995678768
28465,36.374276434281015
28466,33.08429863759118
28467,35.40119359259231
28468,37.99653334721748
28469,19.311975121194212
28470,24.47563665225079
28471,27.51982206574728
28472,14.806705126740546
28473,24.05685526791803
28474,16.97162281458757
28475,22.271736130738137
28476,10.012323620336694
28477,13.685000203141003
28478,24.264620347676363
28479,17.010045710615433
28480,24.28738346239662
28481,13.863741238454292
28482,23.507172638142784
28483,13.650373944326219
28484,13.265261075909022
28485,10.688517717484537
28486,14.749263070915054
28487,28.359623421699094
28488,12.670771103731678
28489,15.8477705897342
28490,15.854013616206464
28491,21.783347262787156
28492,20.342254718762124
28493,17.018287180498753
28494,24.499951596937482
28495,23.278142994387824
28496,33.151324895757284
28497,36.20938494146978
28498,6.0307363101878755
28499,33.620705224179574
28500,28.596008929270905
28501,29.099720117769863
28502,25.429460149701807
28503,9.248078802571266
28504,21.936255271393698
28505,17.90003664900745
28506,22.0688875785835
28507,15.141785772703155
28508,16.303053500695192
28509,15.090007858859014
28510,58.52275013566353
28511,27.591933740052276
28512,20.96846572578249
28513,27.217787322714518
28514,22.254289827441298
28515,15.489191642767057
28516,28.20097246936968
28517,24.514087453858355
28518,15.554025534255691
28519,15.896401918316602
28520,11.723603849658021
28521,25.25036739193068
28522,26.116732657482537
28523,26.149268959513
28524,33.180877570492285
28525,22.400830274153247
28526,33.157875464461526
28527,23.863048829579274
28528,46.72987589888949
28529,26.07077964534515
28530,14.500826155884084
28531,22.27896256902262
28532,33.48622936918449
28533,19.477936218650775
28534,22.712875509514372
28535,21.375345365073333
28536,24.10255997082819
28537,13.557626725410477
28538,20.362846005975037
28539,23.985124178944517
28540,29.405362786631887
28541,23.25441612291739
28542,12.986883407802093
28543,22.150505425521658
28544,24.805554417661106
28545,24.924637582716404
28546,21.273152579028235
28547,24.81665442579042
28548,11.177579814784718
28549,17.788007265883
28550,2.7346584783526633
28551,13.458592616866884
28552,6.3364867106011165
28553,19.486876878243535
28554,10.755199931593056
28555,19.1376307230518
28556,21.130072791292182
28557,15.88274239973182
28558,5.95916978796348
28559,19.03639114936935
28560,20.929854812325264
28561,19.67227389195085
28562,23.660170803453354
28563,20.157541008218786
28564,22.464645924828396
28565,23.21154335251628
28566,16.9747052011793
28567,17.01951802038324
28568,21.291492843014872
28569,42.24441242978035
28570,41.91876868100381
28571,37.3384878080458
28572,67.97956990184153
28573,37.02484920845771
28574,36.28588914789347
28575,42.97460351472853
28576,43.93165857273356
28577,47.51091378100496
28578,77.42089802876671
28579,34.25624104430609
28580,41.728921602754895
28581,44.50894492882319
28582,40.865694657804056
28583,34.52339933602471
28584,50.867373905105154
28585,41.59629222984596
28586,35.915997380218286
28587,35.580167995803365
28588,29.24032860931489
28589,50.763096292299096
28590,45.59044338421624
28591,42.95704741855196
28592,30.37802208521416
28593,25.78692318217683
28594,34.572445226992585
28595,54.64436812189739
28596,43.95931101667983
28597,32.003165397756035
28598,34.639121848162844
28599,36.41843904543518
28600,32.47488448496101
28601,39.89504413982495
28602,48.872919994105786
28603,35.80726006181689
28604,36.786240432210676
28605,35.811540481483334
28606,35.121263465658906
28607,45.935723357572755
28608,32.8994261543929
28609,40.607358501427306
28610,43.28341251850531
28611,45.7473875766213
28612,42.03140365156194
28613,46.1244857188571
28614,32.886821989573654
28615,34.66738487114169
28616,38.49886681400092
28617,39.52376295005882
28618,38.843163714935976
28619,38.05406391602779
28620,89.48919363023631
28621,45.190961652343965
28622,37.67717975097654
28623,34.91957937878169
28624,65.57777923534016
28625,37.06793774152675
28626,63.42002478517635
28627,28.184588123466757
28628,73.95063714307666
28629,40.59621010484291
28630,41.910116857502196
28631,29.447288468095167
28632,29.817754966519306
28633,33.83156547495651
28634,29.39913064867974
28635,46.426709754188536
28636,37.46120608289792
28637,39.67160458615194
28638,32.32712815657888
28639,35.19529389276514
28640,33.37922135569197
28641,28.618733830205684
28642,36.25045971194226
28643,16.551343675535207
28644,38.408447164200986
28645,36.810729785950926
28646,33.41759507534775
28647,28.712446171152276
28648,26.8897624911837
28649,77.90485568258191
28650,64.208281841571
28651,66.50682062084331
28652,80.24316190622561
28653,34.35808681770268
28654,36.71527422864806
28655,41.35584735493691
28656,32.55455868078584
28657,32.16120445379131
28658,55.03782773333196
28659,65.26852458483377
28660,68.6209317315496
28661,32.28915485371979
28662,69.61178832457048
28663,37.76591162007022
28664,15.099136161944843
28665,34.73740491750399
28666,22.940266964999797
28667,33.60333973271571
28668,37.15854135228963
28669,51.01742952070437
28670,41.334994328788106
28671,25.885111053106524
28672,44.6045132666546
28673,32.422236369018954
28674,45.97777670435741
28675,31.041951772460955
28676,43.04196482281388
28677,33.68750212882814
28678,48.09717045150717
28679,42.499038172951316
28680,42.864777199254206
28681,35.16776473833362
28682,28.66585637059703
28683,33.77940051866873
28684,53.496607852563734
28685,38.05952888056059
28686,34.1330364637734
28687,36.139752721507875
28688,40.58367058838486
28689,35.51213604388011
28690,38.67217304388702
28691,36.945680191968485
28692,37.29163121744071
28693,35.27655692518792
28694,36.36013875975737
28695,32.72005415986044
28696,43.28417261895454
28697,38.11714002583763
28698,35.17032639464208
28699,40.304534446344896
28700,33.696805041185165
28701,34.96089023862544
28702,44.99435466026736
28703,32.49777998510603
28704,35.92666035454079
28705,38.06464775305622
28706,38.597142064515594
28707,36.94769283874477
28708,40.730674793969044
28709,32.94553714483871
28710,41.901165871259025
28711,35.64129641531672
28712,47.120305180778914
28713,41.90043716798903
28714,57.58223041154758
28715,34.60029348676753
28716,22.914701712108904
28717,23.808671260857736
28718,12.416377185393866
28719,9.251874825820417
28720,20.77064753170132
28721,17.983954903165113
28722,19.388755965593536
28723,10.929767664260314
28724,16.265478271297496
28725,27.52316412949545
28726,15.118349399318857
28727,21.227022610219436
28728,17.010212099585875
28729,33.70126698472188
28730,15.091694434135947
28731,16.079199109648908
28732,24.49180461065243
28733,22.497913934005673
28734,21.557381277587726
28735,25.646841707102297
28736,16.187152477982778
28737,23.029570010927024
28738,23.48907310744609
28739,11.969737002406657
28740,11.129424452872058
28741,17.985205020736828
28742,11.902890901052658
28743,19.54363370500548
28744,20.307534961054287
28745,14.163320808555863
28746,24.04354902647543
28747,23.89791327020805
28748,26.30272417953627
28749,17.65178172225674
28750,24.917245544334
28751,22.301690220480225
28752,21.333632495485993
28753,22.10938236757667
28754,11.951924305016789
28755,19.25175278155084
28756,30.951259309142507
28757,24.9967810615137
28758,20.52164635468949
28759,27.393950558563727
28760,21.66935419336758
28761,26.267984277014147
28762,20.801756610786487
28763,20.7723088283122
28764,21.50263888723658
28765,13.933987024274419
28766,19.175239339034082
28767,29.73508083770269
28768,19.61959789945209
28769,20.127131676849938
28770,21.59619029540595
28771,23.8749453118541
28772,17.473826916158806
28773,20.88951421199431
28774,20.841733577220722
28775,23.39265528737827
28776,24.37792794106469
28777,29.77165200630523
28778,27.607080394352362
28779,30.334272390357743
28780,17.7358157626165
28781,22.884738380458543
28782,20.121780847432678
28783,13.927055483307713
28784,20.532964373680556
28785,18.248218232112972
28786,23.38200002953417
28787,23.86949499562012
28788,34.31136172063185
28789,25.723804267552374
28790,10.29544082928075
28791,20.120829846066975
28792,15.505019311524958
28793,18.497862315270226
28794,30.90625832745542
28795,18.737825902792334
28796,17.66276212296622
28797,15.779154040871063
28798,20.17395087650747
28799,15.764703483348784
28800,31.244107528324708
28801,25.010084259852707
28802,44.72780117537427
28803,51.807606742373835
28804,84.23765810928417
28805,92.40463867892882
28806,51.895815075134045
28807,59.51526117940266
28808,51.12092630117403
28809,68.79775861012925
28810,44.366546613777956
28811,30.393507867918807
28812,60.643448347955776
28813,85.71179226317811
28814,40.7395994449998
28815,77.03869474849468
28816,49.48396221435789
28817,59.42298656753698
28818,52.03049035000202
28819,51.15876453509519
28820,38.13395261871378
28821,45.77995278607374
28822,44.214586944775895
28823,46.418890866572085
28824,51.23724634468506
28825,54.32172533766188
28826,42.73715269683034
28827,58.60506032658553
28828,70.58984552668167
28829,34.451566359016596
28830,40.132306979434034
28831,39.25777723834362
28832,32.22517449984229
28833,53.06093965165384
28834,57.12437334593636
28835,43.57587633541357
28836,30.71003271213544
28837,41.305208426392866
28838,68.20667200251977
28839,53.18486757408412
28840,80.48589736599905
28841,40.08414609846554
28842,53.429944229528296
28843,70.34347490648297
28844,41.531454788055356
28845,40.42126251245035
28846,86.91888820304416
28847,50.98194697098577
28848,54.378959274541444
28849,63.947450333120514
28850,39.34827520160456
28851,43.25541992060654
28852,62.27644566153116
28853,55.59030733385191
28854,66.65986698747196
28855,41.76376153528328
28856,33.46190647885307
28857,33.16963021314905
28858,65.3419865222391
28859,38.8115137404559
28860,57.14486352783376
28861,36.04362601542935
28862,42.42246460754727
28863,50.96093750081283
28864,34.272031548366044
28865,33.860505673525026
28866,37.54864088832154
28867,33.17457501033194
28868,35.89529546782005
28869,36.75100753286771
28870,42.36874458822999
28871,25.8129083511418
28872,39.15614833214315
28873,35.01403243561178
28874,35.85087168619205
28875,38.352461429511024
28876,37.79860592554823
28877,43.16420666606615
28878,35.94160467902522
28879,36.154745354865824
28880,34.06045847483585
28881,45.444451701113124
28882,38.533093385145605
28883,34.71773606107331
28884,42.45845535836715
28885,36.813572977221526
28886,35.653421648242364
28887,38.860740195078996
28888,35.86382381993203
28889,60.7267081320265
28890,44.098837336067376
28891,36.40742523834267
28892,36.06050292740791
28893,37.89227770866752
28894,35.015090004785485
28895,34.82868311888935
28896,43.13255787652922
28897,37.7097612567642
28898,42.679326124188776
28899,36.636091513644885
28900,38.26869113550737
28901,43.31169222848298
28902,34.1421235628758
28903,40.778256272816606
28904,38.51213914149485
28905,44.02054345980828
28906,44.708226198339524
28907,75.07602904986916
28908,39.94300548993324
28909,43.93144529130153
28910,41.709530588633214
28911,39.17173705214387
28912,45.59254096097132
28913,37.59664647614849
28914,37.86852706865344
28915,31.406422846326855
28916,40.952689477925794
28917,41.09799242407499
28918,40.21462278703684
28919,38.32965208021466
28920,37.82865082914547
28921,33.7370144496772
28922,53.03757424114442
28923,38.72955978122068
28924,41.1855191574558
28925,41.60748400916433
28926,42.37836098549522
28927,37.502058203627996
28928,40.02862516952368
28929,35.79676070752856
28930,35.64834051852102
28931,38.284640343855614
28932,41.37557649153112
28933,40.28083186998358
28934,36.23920196731825
28935,36.11675905720288
28936,37.920028042346146
28937,45.81058517011285
28938,34.07340119514932
28939,39.23060884178536
28940,34.30985342188866
28941,40.579775808214706
28942,34.60397748760742
28943,34.99739914236855
28944,35.269012956483564
28945,44.49177076756794
28946,45.394635672989054
28947,35.37264950488608
28948,35.73441420040995
28949,36.42916321610568
28950,39.074527373970916
28951,34.88301290941607
28952,38.51117345759276
28953,37.23222402500977
28954,39.6203778489933
28955,34.184536095818004
28956,33.67484250183208
28957,35.42619936809388
28958,40.23602706079422
28959,37.08914080916011
28960,44.3621637269568
28961,50.92281192827645
28962,35.94693494063276
28963,22.5140751142017
28964,59.35275215158259
28965,23.777138693392757
28966,32.743356549687164
28967,15.517774433110759
28968,49.3153499087683
28969,59.47308013688213
28970,2.1548992247311265
28971,47.60757208205783
28972,32.737161184530514
28973,26.564771552269026
28974,17.906414228852157
28975,56.57370035165315
28976,43.13993182276252
28977,62.03456334335091
28978,53.347354742597034
28979,23.24916338429726
28980,57.00560329777908
28981,63.30523536856283
28982,20.561715110493715
28983,29.736275450391023
28984,32.51472741287948
28985,32.89980429997898
28986,35.24542022234485
28987,35.66180184555402
28988,38.62517860204975
28989,37.059624898068144
28990,37.22254159603807
28991,38.32655902336161
28992,37.44671225532981
28993,33.67857255479258
28994,36.95740040585502
28995,36.41575528046381
28996,32.482421712777594
28997,42.16703351146849
28998,33.111846083046295
28999,34.75115174619697
29000,36.53482379233651
29001,34.12385335633114
29002,33.66844445124179
29003,42.60429400299771
29004,34.20368514969565
29005,34.80838639106232
29006,36.86666342844524
29007,35.699753080482026
29008,36.27650033663232
29009,33.2520073085629
29010,35.051787450948005
29011,37.430826143756306
29012,36.08195940294095
29013,30.9345815754197
29014,34.52501083517406
29015,37.51049303280766
29016,33.03180230330976
29017,36.014237777498685
29018,34.645903150618054
29019,33.7172320612405
29020,37.67316362824317
29021,36.23209969558035
29022,43.68030672113812
29023,32.48573067516794
29024,36.30735741790275
29025,38.042612341217165
29026,50.10277657003495
29027,37.75484175845773
29028,33.22517876430667
29029,41.23645551286357
29030,34.14672911697114
29031,39.54440088940041
29032,25.94069291873616
29033,18.139876344724847
29034,23.904726443835983
29035,21.995472192837532
29036,31.638808664290003
29037,29.829240347242642
29038,19.965756625250464
29039,27.6248141406999
29040,32.780771864976465
29041,21.07385204545215
29042,19.181847079386806
29043,25.626854608185607
29044,25.054572400044123
29045,22.352536807479353
29046,16.705241823551177
29047,27.538355094809464
29048,17.365231107824695
29049,23.95722714009949
29050,16.33111996752626
29051,27.984735925141276
29052,24.4221693378869
29053,22.310734317675212
29054,7.349926118918759
29055,19.397671450115272
29056,25.131175104164996
29057,16.940770793270865
29058,18.592411101953772
29059,13.898362662387665
29060,9.887021208930568
29061,22.14107774325736
29062,22.302801134910762
29063,10.103327984001632
29064,27.73640515697272
29065,13.033799708366157
29066,20.72395860177784
29067,19.72101164967036
29068,16.540100724990708
29069,11.290616784104909
29070,11.385823026745141
29071,11.582615983131985
29072,6.014240099792295
29073,9.943737255957435
29074,22.277953069372522
29075,4.120375184000932
29076,7.4544669006317985
29077,11.657872049187791
29078,14.963104270444443
29079,7.886624781556578
29080,10.787477656908544
29081,18.433866732409506
29082,5.520052270769577
29083,9.270521671059358
29084,8.938396194687645
29085,17.347023579563288
29086,6.1817342625770095
29087,7.679966255519575
29088,13.47432214301128
29089,16.08257573428827
29090,13.84851645980036
29091,2.597489776345464
29092,14.259342247440575
29093,28.0436676627361
29094,20.117176681549303
29095,24.919789810584817
29096,17.723179700937667
29097,16.779917223694714
29098,12.372427927775654
29099,7.57802899473107
29100,12.545516507251806
29101,16.23848980939356
29102,19.599180068188453
29103,6.234143023039586
29104,8.201709095501336
29105,8.755248594538275
29106,17.068741437123435
29107,19.93620643668458
29108,5.770797886799354
29109,14.25899659532878
29110,11.947221801098035
29111,18.135078214719176
29112,21.206091934050885
29113,20.58915793533733
29114,21.968953498520722
29115,17.767078159142375
29116,14.287746541757159
29117,11.862027828176693
29118,19.740623295390634
29119,4.939660535258448
29120,16.733565353901607
29121,18.184939805509792
29122,8.083033054278243
29123,6.5022866443896845
29124,24.992963157185358
29125,12.05066672856173
29126,23.97168982190374
29127,33.272022582776096
29128,39.64288978525099
29129,33.26369971868273
29130,39.806309884068654
29131,37.58271770011078
29132,50.864833134855296
29133,40.48916945677744
29134,49.404791220679925
29135,37.20912569395353
29136,41.377233137120854
29137,38.49799085324767
29138,48.94972315491606
29139,40.395983459326374
29140,38.509940918424626
29141,41.58568187204634
29142,39.16733186825527
29143,67.13046994969376
29144,85.3097330410805
29145,48.78050140504701
29146,36.224215624473885
29147,42.435730168943785
29148,44.24182244541314
29149,45.9795087746883
29150,39.634111978303736
29151,57.23325708486222
29152,39.84208449331825
29153,41.04045618841852
29154,47.53039998108698
29155,39.67311823408603
29156,38.74344700961028
29157,40.821727711631794
29158,36.74805863592884
29159,42.69145428034702
29160,42.3291525637548
29161,40.126839297385004
29162,37.81594126794785
29163,35.77131469632005
29164,64.58151084783596
29165,50.91085669944281
29166,44.03264805813768
29167,40.76731521790511
29168,43.93092995666272
29169,40.36776052664547
29170,39.269445988312796
29171,41.68310089155497
29172,41.826308759165535
29173,34.906038971281184
29174,36.453438659809386
29175,35.548027735415076
29176,38.73346796203113
29177,33.76385455832283
29178,36.36162984901917
29179,53.96585003074571
29180,42.853127306797866
29181,35.87989913410053
29182,66.75117430302652
29183,40.915119319409904
29184,35.28613350387264
29185,44.13128541106222
29186,37.37067628220918
29187,35.6473877691904
29188,34.13179076465755
29189,32.10180357863915
29190,36.217065179150524
29191,42.158449408960436
29192,38.5945081823854
29193,40.59630274323549
29194,37.48076181604255
29195,34.54865590695374
29196,24.29921516473086
29197,21.536277427336486
29198,70.56051488231421
29199,16.333182908535363
29200,19.537019414625032
29201,17.765926044392128
29202,22.385160005818214
29203,29.41577727177109
29204,34.056644720118314
29205,33.02135787607583
29206,32.10169396059923
29207,27.416462378741773
29208,34.70619726476205
29209,34.1627268205162
29210,16.493939186492597
29211,38.599688672696594
29212,38.052859575203215
29213,34.11319305399253
29214,31.181102959425665
29215,30.4382355525371
29216,30.855264172901794
29217,27.678612234646756
29218,31.645443606833037
29219,33.51865028176242
29220,33.805270953878015
29221,39.71991570579583
29222,43.275343908305246
29223,43.721349384203755
29224,39.93892176750285
29225,37.74024746236769
29226,41.76337987403687
29227,32.124637908743935
29228,36.98288085132796
29229,35.728778394715775
29230,47.730031030400646
29231,39.851364223515525
29232,35.33328421984916
29233,32.39782033249244
29234,39.288237002022164
29235,41.16209686842782
29236,40.689628266733926
29237,39.82356291423108
29238,22.35460744471372
29239,55.77133273476956
29240,39.90356891821663
29241,32.25591967661855
29242,34.95471086177041
29243,33.91736489108102
29244,34.40520477829925
29245,37.81634334120133
29246,39.66752091108567
29247,37.566885820763275
29248,37.32526033138872
29249,41.729638566652895
29250,32.362766050240225
29251,31.17559927484545
29252,17.17061218826003
29253,31.724823439074964
29254,30.950817702636908
29255,38.68908591705013
29256,36.07610623228763
29257,39.541859542726066
29258,37.88725627491921
29259,31.99971304894421
29260,35.26122494195357
29261,43.033326081396886
29262,37.84912445667782
29263,34.911100588673506
29264,38.16279948564709
29265,46.11271733325647
29266,39.87414562130532
29267,33.6371505453872
29268,39.968084290593936
29269,34.899594207832024
29270,42.61800888516699
29271,39.18509012154573
29272,41.366748472482996
29273,35.08662964691943
29274,54.304906700354316
29275,42.80531893855124
29276,38.995840328079
29277,38.57837299057046
29278,47.02221794248028
29279,45.617531334066335
29280,38.12562747497306
29281,37.17526491350773
29282,33.05086144372673
29283,36.759314688507956
29284,28.410889348821993
29285,34.1493986612576
29286,26.603740637309347
29287,26.37652764589523
29288,35.98859243646139
29289,39.75222412489158
29290,24.716895289211884
29291,44.540004526799756
29292,29.415251778511035
29293,13.953381333767538
29294,12.388848931280624
29295,62.53352495782775
29296,25.59266130898428
29297,42.92586730469717
29298,23.27674425831674
29299,24.02849961945816
29300,31.911207707216512
29301,20.522823452570123
29302,78.20627820010574
29303,35.90665245096561
29304,30.67537843643856
29305,46.75728584571546
29306,31.480268189297114
29307,57.8723779017537
29308,66.39488425147371
29309,20.259236166480637
29310,56.65110778009485
29311,17.015083221284936
29312,69.40414119338733
29313,66.49526411989106
29314,19.918481613694585
29315,19.861571582903267
29316,20.94841693721408
29317,25.59530339705653
29318,22.673695656186354
29319,24.078440569403497
29320,38.30643263221404
29321,34.12976835332329
29322,27.693572309785154
29323,24.435664077586225
29324,11.12912868679396
29325,18.61582879194026
29326,23.718611125094025
29327,49.188552419029506
29328,31.072243129745885
29329,49.313620674649194
29330,20.951090085531753
29331,21.933483423020924
29332,21.923381704231193
29333,25.868110968106052
29334,73.52117593121753
29335,30.93772852465135
29336,37.9470139340588
29337,21.72400969617111
29338,14.474892208381446
29339,24.62766211380265
29340,18.438604942144597
29341,34.95261297007453
29342,25.745057560076127
29343,22.34206070548141
29344,23.045912442071923
29345,32.57255675430229
29346,30.05473206233284
29347,28.191281872006417
29348,31.3988895937325
29349,25.568469382871395
29350,33.907016518730195
29351,9.201126315123606
29352,32.05132012406297
29353,4.310827223318862
29354,21.716116745871528
29355,27.721160166545474
29356,34.258971603830666
29357,22.762037688471608
29358,28.654704840018407
29359,27.57702634932707
29360,18.816741597373337
29361,21.353781286000824
29362,28.89116483719786
29363,22.300249597076157
29364,20.847299712671873
29365,20.673816322296414
29366,36.64025488301947
29367,23.827855108028245
29368,32.82836523464947
29369,16.1526326811457
29370,6.613782343716332
29371,25.529788921380803
29372,31.34702364251765
29373,28.904419787879007
29374,39.296588848227344
29375,23.961305847512055
29376,24.99191434058712
29377,16.22232394900877
29378,21.838419827846927
29379,25.13894456427601
29380,26.809050960284143
29381,19.743995057843602
29382,24.96175398378134
29383,19.384858642765295
29384,16.628131052429996
29385,24.975437703678203
29386,22.6014694747645
29387,20.864857720823085
29388,16.238664735674803
29389,25.160442942278635
29390,19.14315071960549
29391,19.01043862339209
29392,20.552320836584663
29393,34.48695681206096
29394,14.240005282088301
29395,19.730845848588945
29396,29.1634636056658
29397,23.637304679549104
29398,19.3170318766263
29399,30.704583467949753
29400,24.673173913103028
29401,24.968766975972855
29402,25.43248845255365
29403,23.39540998738563
29404,20.96194006984314
29405,18.884103747520957
29406,12.283154251604515
29407,23.784241424665723
29408,20.248097331989555
29409,25.76824383558833
29410,21.144931042876568
29411,12.741775288765233
29412,5.481381364246132
29413,12.807190022200249
29414,0.40053486899316904
29415,12.019431974556918
29416,16.3558938373797
29417,45.22799722830962
29418,35.40777621478908
29419,51.19502990029258
29420,35.01277582229968
29421,42.450917283879164
29422,40.72394936051796
29423,41.27212879623927
29424,49.877309571053175
29425,48.24013442442384
29426,45.54110291617913
29427,33.67119321206049
29428,37.88868736686519
29429,38.73125777514954
29430,32.82445519582379
29431,41.852267773013715
29432,35.42743350328698
29433,39.974687091284295
29434,42.25368767560261
29435,35.05825371110342
29436,43.83248887495164
29437,34.80077681166831
29438,36.471417560919825
29439,43.96397862008398
29440,41.193948087160415
29441,38.19488169944125
29442,44.282190834098614
29443,40.1174679049075
29444,43.79357367455314
29445,37.3389718734084
29446,62.28470774301391
29447,35.84405436316594
29448,36.7487962820043
29449,33.56649300484453
29450,43.146997164642364
29451,34.9949788291274
29452,33.368982924700035
29453,41.015313424721924
29454,41.5366483124929
29455,31.331953364811284
29456,28.258759358231913
29457,35.69480500000654
29458,36.347394364930494
29459,33.07371298949481
29460,41.926157083659376
29461,38.64109345560561
29462,42.967181535613385
29463,35.780374202363646
29464,36.637197172714416
29465,39.00538298295861
29466,42.990406816055085
29467,44.514850150075084
29468,34.34204061037228
29469,35.84969893323246
29470,40.888348816139114
29471,33.80579481782961
29472,35.13171311465158
29473,41.69889625762575
29474,39.93591926325233
29475,55.150347349006516
29476,34.17833940042175
29477,33.18456069984921
29478,40.14252474848229
29479,41.26072178535776
29480,37.6548733715175
29481,34.36197957328526
29482,35.22705456902
29483,41.08402818694376
29484,45.0753547195228
29485,41.260298410578415
29486,35.462174761555616
29487,36.807912760312725
29488,52.788443851356355
29489,49.428855915380794
29490,36.52118863903699
29491,35.43279813582598
29492,41.62278811475434
29493,33.839607152604245
29494,36.318745868481194
29495,43.56351419321046
29496,35.12559440498542
29497,42.66716112335461
29498,65.22468838815381
29499,32.28107003550294
29500,36.51852627079016
29501,37.76617807415403
29502,42.26962371761164
29503,34.62460295494773
29504,33.297281669979206
29505,35.80941552490952
29506,34.455629254141755
29507,37.38271239542951
29508,73.01663408508584
29509,75.68012053533351
29510,20.076907210723018
29511,26.939878994611178
29512,24.65576521470945
29513,23.943268602007123
29514,21.3196015786486
29515,73.36924820754686
29516,24.809433199307374
29517,21.39630979938821
29518,29.17244604162569
29519,27.559288608729783
29520,18.602475258233948
29521,7.324038582456673
29522,37.48656502464239
29523,36.008164203163915
29524,53.59383552896881
29525,33.959547570053765
29526,26.18788870012263
29527,26.08518024058079
29528,18.94873546629401
29529,19.141828906376446
29530,25.41007273079832
29531,24.489859309166498
29532,21.33443447120874
29533,31.53690308525931
29534,34.09244616420577
29535,32.63429281123976
29536,69.19766236254405
29537,24.320281826283782
29538,23.796811916075672
29539,28.46375905701428
29540,26.693199200599047
29541,26.930579084989542
29542,51.27145895408121
29543,30.591046695433924
29544,19.93997167671456
29545,28.02280711162243
29546,29.37889616184218
29547,34.650869816747075
29548,31.51768973627061
29549,36.33709588828508
29550,22.436241036587738
29551,23.343285644308633
29552,79.43004458320928
29553,21.4967165736322
29554,16.250787515472453
29555,24.147164426189363
29556,25.46829570084325
29557,25.468216366527408
29558,23.9498766439005
29559,27.72606381005728
29560,24.23667267698452
29561,30.448750029286966
29562,22.425297697182852
29563,21.45139988713469
29564,30.397466199217174
29565,18.991611884121127
29566,17.559310551171126
29567,52.162088399992136
29568,25.086569973443474
29569,19.767655619378132
29570,16.748398657905003
29571,20.07906655259462
29572,25.882626235658122
29573,24.063584138590496
29574,24.784248757769753
29575,25.750684159980086
29576,22.497011065311472
29577,18.886570995907555
29578,26.068823914382772
29579,21.796877110201898
29580,22.4657737466191
29581,53.30319277698019
29582,29.71655591921111
29583,22.190075675878653
29584,25.719389784724065
29585,21.046226139258565
29586,28.057211718648027
29587,13.654280158414556
29588,24.880342233126896
29589,22.94414300556909
29590,20.56474196823487
29591,14.093557121678126
29592,21.996909095263533
29593,36.67248604621446
29594,25.781949795030634
29595,28.384076903346063
29596,15.43947397508755
29597,9.569601898672563
29598,33.55798094576451
29599,32.581198867642634
29600,26.13388994633513
29601,24.42910025561888
29602,26.322209833489126
29603,17.352052367086806
29604,34.391173767382746
29605,38.1832462080525
29606,47.76251202427288
29607,68.79775861012925
29608,67.8280820431725
29609,61.851672729901466
29610,63.42002478517635
29611,69.00941469354959
29612,35.872419816984184
29613,84.23765810928417
29614,53.72085209971913
29615,40.89878898518275
29616,32.326131841641654
29617,34.65622130654451
29618,39.33100438275939
29619,41.184711316855484
29620,76.77408805635969
29621,42.201943559972804
29622,65.95163498847458
29623,58.691192611857275
29624,36.18925584425209
29625,58.98358193923526
29626,34.18726193984834
29627,44.29194539095066
29628,49.73202740473153
29629,70.32483668997553
29630,46.95247205898571
29631,75.05681128909968
29632,57.342144793967705
29633,51.46663075134754
29634,34.54199816282623
29635,77.03869474849468
29636,45.60025672883992
29637,39.70332815023838
29638,42.184539285243154
29639,75.2248614765623
29640,46.76754494750546
29641,69.49613497160017
29642,86.91888820304416
29643,40.943169482899236
29644,39.696283823419506
29645,81.41131589398861
29646,41.58691133764589
29647,49.51366819113289
29648,42.949117055673625
29649,89.48919363023631
29650,56.76163438391083
29651,78.28061458862048
29652,67.17284671943932
29653,40.320897408137704
29654,71.972367836746
29655,37.640222572734125
29656,43.25278720955535
29657,33.79916333963842
29658,42.429252924438444
29659,36.52321969980831
29660,44.419291786695794
29661,33.22010173896834
29662,35.22001844705701
29663,41.362741054501996
29664,40.31967679669843
29665,48.64649161735404
29666,68.7082786552807
29667,53.708811788605956
29668,51.34483360093434
29669,53.8613638143083
29670,57.252750745506276
29671,51.3610637388644
29672,42.37289562923516
29673,44.70273581703272
29674,66.73566339725816
29675,54.174892089160195
29676,67.04972549640416
29677,65.3916886236783
29678,66.60166459603883
29679,54.74519552094348
29680,66.25905911610667
29681,59.449922538905724
29682,63.24392933163727
29683,66.80882200384077
29684,66.78807248147487
29685,66.470440378441
29686,39.65343294999582
29687,68.02885481078164
29688,49.972103900200096
29689,54.49916394054256
29690,50.134420834529735
29691,53.182052475413215
29692,55.11438748838215
29693,68.30599541810142
29694,54.9897260298901
29695,11.92177325668801
29696,41.38658860404632
29697,46.97031516303251
29698,60.55895582876446
29699,44.06719616833374
29700,39.314105941919166
29701,64.87874821102193
29702,44.59367408787368
29703,34.283413242749134
29704,58.47682289891939
29705,38.36262501626878
29706,42.9800950952205
29707,35.10446882130718
29708,38.73616722892702
29709,38.830569124250246
29710,41.42756392497079
29711,43.38292322223444
29712,33.19482756511305
29713,33.36394585034573
29714,53.03267740468709
29715,46.867957210265416
29716,48.79826419012987
29717,35.85806006214001
29718,38.19504262763621
29719,40.54547291222659
29720,37.65737917294371
29721,40.126719820491914
29722,32.58775952309132
29723,46.46284041869986
29724,42.83114499544979
29725,46.764255218193306
29726,34.158560304413115
29727,34.12843143505282
29728,31.547089907320345
29729,35.838296886019805
29730,37.98902103722367
29731,35.72331442062297
29732,40.36239634289613
29733,37.48214631179572
29734,38.4742224453454
29735,40.877572692716456
29736,34.19440854202015
29737,28.11526854077978
29738,41.577765362232796
29739,42.18175639368205
29740,36.69111593984596
29741,39.102695611063325
29742,40.90705426092448
29743,36.90454207584956
29744,39.17607535585165
29745,37.33428513886505
29746,32.306845458474754
29747,35.58208405431839
29748,27.628179539226487
29749,35.2302120789648
29750,37.73291399026658
29751,34.629135990208596
29752,35.60783171717305
29753,25.208707570718442
29754,33.74971352191821
29755,41.29376845255642
29756,32.428597921032136
29757,31.60814776055138
29758,41.4455335208078
29759,36.43383170840023
29760,37.64347667164049
29761,35.05663804167883
29762,39.105372880722726
29763,44.36088774181381
29764,41.39240115321906
29765,21.897233295649542
29766,39.17721501791818
29767,30.088704876797763
29768,19.662744347115407
29769,18.865175603664333
29770,39.34571904283243
29771,22.253745076062668
29772,23.81024388334643
29773,24.02420250327448
29774,39.43132098352211
29775,84.8698039303516
29776,41.953285303049796
29777,40.08243115365196
29778,41.7869879757169
29779,40.07612776998356
29780,75.19493734891942
29781,39.20098553243271
29782,31.556800597174487
29783,34.024764732034214
29784,44.3635113756899
29785,71.41582864138485
29786,44.84109056250267
29787,26.12807958925905
29788,48.289146394492334
29789,39.76518124988003
29790,54.9457645088699
29791,43.89994261511525
29792,41.80944748544158
29793,40.36182836442167
29794,57.13754306488589
29795,65.46452320196643
29796,52.69688690323596
29797,42.50075278369643
29798,84.85128950342494
29799,42.697954359846065
29800,41.62276614853586
29801,23.84114058716133
29802,37.32540969082835
29803,47.366551405986954
29804,60.66532835470843
29805,35.56487035105181
29806,50.69323028832109
29807,53.70997084734912
29808,34.58720490331176
29809,29.893688254059974
29810,29.778383954881697
29811,34.14168296923738
29812,39.86047336490092
29813,51.40096371225817
29814,41.552935790204664
29815,53.15372145104507
29816,66.01796427614282
29817,36.034886927927616
29818,31.95514012676019
29819,59.27126033185595
29820,35.84731355854417
29821,46.08407789638458
29822,36.253305228810106
29823,55.91749875107972
29824,67.59171128296936
29825,41.53011143509059
29826,39.75990538685336
29827,23.574398902216284
29828,20.46732158379541
29829,49.949400136107926
29830,40.34397832322517
29831,67.26260550079054
29832,32.549015461726654
29833,37.61431016896756
29834,41.4535645455803
29835,42.37125569356892
29836,50.93359667579342
29837,37.00149442909757
29838,43.88672314753554
29839,42.55855392817325
29840,41.629243809460974
29841,38.388548505711164
29842,35.515597674618526
29843,37.48963835143706
29844,43.00379004372912
29845,35.98947240212817
29846,45.844482936519455
29847,44.416401465754696
29848,41.489068520860094
29849,41.04881696634363
29850,40.82872768632542
29851,38.45241533043455
29852,20.488319747393906
29853,43.69185878625468
29854,38.58015905220186
29855,33.72422996124419
29856,43.85972134741416
29857,34.848104801336675
29858,39.31409982985913
29859,24.944529727785206
29860,32.64583289029767
29861,35.275041262411406
29862,37.79999343049608
29863,30.764746562736907
29864,21.547114430103164
29865,33.242793404541075
29866,34.06716957564887
29867,39.04942101839479
29868,32.75916169305259
29869,40.41382066590955
29870,38.67277186386288
29871,28.358712048857
29872,42.12479801101909
29873,40.28838874960973
29874,38.0180052049307
29875,30.74900272187392
29876,41.64379629690846
29877,43.88919605246923
29878,28.200924673602913
29879,40.704493775394916
29880,42.794041485555375
29881,34.232915833853355
29882,37.87999603767909
29883,40.03961770853933
29884,31.181102959425665
29885,42.58607195247261
29886,31.474926239121423
29887,39.04321022365272
29888,34.720020108330445
29889,19.52232021873167
29890,41.27813750034705
29891,35.26885895919132
29892,37.47925983088581
29893,45.11185230508798
29894,44.2264893976329
29895,33.93915588637081
29896,45.39062553631745
29897,32.036546062322586
29898,40.74485692874798
29899,30.555857726461984
29900,33.04126504113222
29901,36.86509390580085
29902,35.05023108270124
29903,40.326540793049276
29904,40.75066461464649
29905,43.27824096218688
29906,38.86451412915474
29907,43.65760326214915
29908,42.64488283774023
29909,25.86747236678135
29910,37.89979307590433
29911,40.86023997257662
29912,38.13714692003071
29913,42.8812949705372
29914,37.64130004376945
29915,46.6041177729439
29916,40.66859889698423
29917,41.5191266366498
29918,28.800030711760275
29919,46.08584110133202
29920,41.39969464141747
29921,43.78262294899272
29922,40.159005821985154
29923,44.018030701843536
29924,36.10023852406914
29925,31.211257924429955
29926,42.39093523531052
29927,30.29310461429121
29928,42.45107110444119
29929,42.36183855722394
29930,37.517397062772496
29931,44.747902251264826
29932,43.86673644029776
29933,43.84788658089901
29934,35.43878252956768
29935,32.62375818302794
29936,45.7354093593369
29937,34.60703353212876
29938,31.03160913830503
29939,41.904373748150135
29940,44.592482568395326
29941,70.95215284495987
29942,40.33365303799517
29943,54.51155727920127
29944,33.30013530727355
29945,51.56347916210923
29946,39.03229294642952
29947,63.919579957238156
29948,30.928652339920134
29949,39.57851120880188
29950,80.48589736599905
29951,34.91101901274459
29952,49.047093564923514
29953,37.19376615575402
29954,37.067426905157475
29955,40.00386185777316
29956,50.74453895860507
29957,85.32044680298527
29958,36.37978231292025
29959,46.87217666212835
29960,60.68094098149395
29961,40.64088407212758
29962,59.166994580285106
29963,27.422316218310808
29964,48.00123086959425
29965,42.382640520505625
29966,33.919165813253755
29967,42.46054486386327
29968,35.54544768412951
29969,37.35648919166266
29970,35.62740192446098
29971,42.41435735983556
29972,33.15974616098711
29973,17.769112092951815
29974,45.403606955558445
29975,36.75937259930754
29976,81.63618592453632
29977,30.894414591293632
29978,46.059595257100874
29979,37.06842242867079
29980,65.57777923534016
29981,39.327333694760355
29982,37.21703846543396
29983,40.42516351181912
29984,46.1659168714055
29985,61.42169725981953
29986,41.622991124426704
29987,42.79264819853179
29988,72.12393581944099
29989,54.689223210408215
29990,62.583926896960605
29991,41.52738355593138
29992,39.50775487773413
29993,48.46117589052972
29994,39.90751455069559
29995,62.552677118584825
29996,41.852126541732126
29997,31.869535374714474
29998,25.25058062796578
29999,35.443281798143175
30000,69.11580359279031
30001,65.21657148672321
30002,29.46374355621901
30003,53.74317825647314
30004,43.32149054954135
30005,39.21328132056799
30006,23.969767677499192
30007,67.78043356926207
30008,43.9329653771303
30009,45.25140665661172
30010,40.986216152049955
30011,57.19770903583412
30012,67.79679452608363
30013,56.730113682211424
30014,40.08463682362078
30015,25.05552255679547
30016,38.0932971654745
30017,38.60059543087512
30018,34.10302062453864
30019,44.86297510169098
30020,58.34734200364238
30021,44.85169496977996
30022,56.889895742660904
30023,35.78417733242523
30024,44.59621353036253
30025,45.25153774263861
30026,39.15190032726393
30027,43.44223735706003
30028,63.126478042874844
30029,44.390743609017136
30030,51.39753627403337
30031,42.08737523557849
30032,40.00753327385882
30033,53.94355046795715
30034,64.9203759472384
30035,42.14085649502609
30036,38.127916547015126
30037,43.85948530418762
30038,45.057061406103436
30039,42.90670349488647
30040,43.041044050684214
30041,78.95757187502234
30042,57.72236704987462
30043,45.42871659783839
30044,50.10697742778396
30045,45.50202035036433
30046,43.82478227597933
30047,40.02965323824512
30048,44.027794349668454
30049,40.50826272703956
30050,51.094308072308095
30051,57.29147354708917
30052,32.99499576858698
30053,42.70974133755725
30054,53.42465617262469
30055,30.407774073408504
30056,38.768793732910865
30057,74.26259072035825
30058,48.243981492817475
30059,41.33671015354136
30060,49.58236610298883
30061,35.9730617000043
30062,72.866595597436
30063,63.7890407707818
30064,34.021744221476155
30065,27.02866271313408
30066,28.107199131819094
30067,22.471583237216695
30068,37.30647309123645
30069,18.0831226939581
30070,42.02740323873384
30071,30.005584500450613
30072,66.48722165621959
30073,63.57244878735976
30074,24.492753410862186
30075,66.17933479635752
30076,38.06445326972122
30077,34.1951747514671
30078,33.68869556776952
30079,31.13815145757464
30080,22.59135241210189
30081,31.58934839813037
30082,35.93528009098997
30083,28.876777381478448
30084,32.45926424898077
30085,62.39966320268193
30086,33.68696346590789
30087,30.043458413180435
30088,33.332106899886696
30089,31.401991589517035
30090,46.12965774968596
30091,34.2774861266717
30092,68.35001456736897
30093,23.29787975258543
30094,32.58876807673364
30095,70.7921422512202
30096,33.67383605590621
30097,24.741713155538825
30098,34.44033983911912
30099,17.14473050520236
30100,21.357840108205192
30101,25.092329200167313
30102,30.264353296789846
30103,35.9197203997889
30104,28.43357938985025
30105,29.06638411508468
30106,33.362813072247235
30107,24.925510204765427
30108,16.726532231015746
30109,34.17286455240949
30110,29.8136449374285
30111,26.100651484559947
30112,30.993216514018926
30113,26.398429425276493
30114,26.517476485522707
30115,26.170030021173464
30116,26.45419675431989
30117,37.01239967184651
30118,20.864091858224292
30119,27.179004610109597
30120,46.543259306824865
30121,38.228452317163175
30122,21.80743195351446
30123,23.899005889666263
30124,33.90474096141768
30125,28.592669891398092
30126,23.63903813276451
30127,31.8877033423623
30128,36.307247032576186
30129,0.5956847043039104
30130,32.88991061058884
30131,26.417412604209325
30132,21.349583296093616
30133,27.314934414924274
30134,28.25156473837589
30135,33.64374760888924
30136,21.18341221823313
30137,40.201842670309006
30138,18.26313716168872
30139,28.69456599855937
30140,41.36325343820101
30141,24.47875611868348
30142,31.234662480946927
30143,27.674661556171216
30144,35.1954204939625
30145,30.840427897537694
30146,30.79248170408202
30147,31.93939637242662
30148,23.446956669593416
30149,24.163749781558174
30150,29.73839521219208
30151,27.031775887540874
30152,23.247996824495793
30153,21.5619938813212
30154,32.481813054762334
30155,25.755029851338726
30156,26.95458964609483
30157,35.992552250248934
30158,37.64595066184407
30159,33.73483144782008
30160,28.57407121936162
30161,6.378049589296156
30162,7.083418340531759
30163,40.61680705448697
30164,38.013958837736055
30165,40.28983408044768
30166,29.739006930333808
30167,40.400836085441924
30168,34.95810796001374
30169,39.55442817135933
30170,34.85828229060894
30171,40.380061685536404
30172,27.530980445954125
30173,24.404562111979715
30174,33.330066211826356
30175,33.31362429450726
30176,28.556707551242237
30177,40.118073915982876
30178,34.36361100680214
30179,38.19195182812076
30180,4.916452207088115
30181,35.854782033911754
30182,37.25919414896029
30183,20.368102537974124
30184,41.94566442760662
30185,22.982266444552923
30186,31.152116945773564
30187,33.60389041207882
30188,25.080570311447392
30189,37.98921260102331
30190,8.136352874493618
30191,35.89213274324689
30192,35.97776645301783
30193,23.59846907959988
30194,38.767968845408504
30195,34.61456603612116
30196,73.88420647711554
30197,95.92733678259444
30198,90.69174470492915
30199,92.41519816196515
30200,27.924334167864725
30201,95.99154917192874
30202,92.72636466833178
30203,96.01650577921447
30204,95.27860466218077
30205,43.68068858461781
30206,93.64975473306879
30207,96.64561251623022
30208,38.36393728261341
30209,94.77765213345727
30210,95.39948110056929
30211,28.551625077546504
30212,87.16309279198414
30213,28.474011257195624
30214,82.48850693813914
30215,93.00355717904773
30216,88.14168193343616
30217,25.646304068602543
30218,92.469166602069
30219,85.19776860952854
30220,26.57787109642733
30221,92.58494095538006
30222,56.67330805961109
30223,92.84147868774406
30224,25.17241390024084
30225,84.83925422139649
30226,92.2759128982469
30227,57.09710979522801
30228,23.014244762979423
30229,91.48568906698092
30230,42.6450831493277
30231,92.01141883666185
30232,84.93665007008724
30233,26.183841036416013
30234,83.24542579569996
30235,79.99450126041488
30236,26.207818641625188
30237,92.39450102450351
30238,51.14633182477428
30239,82.16475280052802
30240,28.284593950330787
30241,88.79063355422713
30242,89.49439942734658
30243,18.319336368528607
30244,92.4457966484108
30245,84.30810542222487
30246,21.802491579752136
30247,91.06324050162306
30248,91.45533289493781
30249,37.33267637802634
30250,89.63797818308961
30251,38.89101293769538
30252,83.54964838157633
30253,91.44676739927853
30254,43.88365054957488
30255,90.25007085771027
30256,90.19465692553464
30257,27.54073623400143
30258,87.54813998315376
30259,89.4918340835294
30260,21.178853941145398
30261,87.28778454647602
30262,86.72952308292467
30263,39.21309822285946
30264,82.92551452400889
30265,89.77164299802115
30266,34.36133926393917
30267,83.04990646141356
30268,88.36538000727018
30269,22.06558784732684
30270,89.04487008431863
30271,18.364188983850994
30272,28.089208381153412
30273,75.2241771826666
30274,72.5494452653862
30275,28.875491094137754
30276,61.794575050989536
30277,68.4312713555532
30278,27.245424872813807
30279,61.90149976656423
30280,42.697903533229045
30281,65.125452561133
30282,82.9839410482959
30283,41.243783744086755
30284,63.5026050831608
30285,63.27814110251933
30286,30.165965841977997
30287,79.15707584023136
30288,86.56193903454947
30289,29.276896330944417
30290,72.79923478992696
30291,68.49433133359565
30292,75.70907220827199
30293,43.938619755876665
30294,41.59157650160785
30295,53.85822242741257
30296,43.63243053684384
30297,79.54596086238406
30298,67.26813816245455
30299,51.37633079009336
30300,76.55918568020584
30301,47.943698139630406
30302,51.165411773584395
30303,44.95305414431237
30304,74.83741200738677
30305,50.09394315641311
30306,41.36839466054933
30307,83.64234972814594
30308,79.10166317168994
30309,37.718973818456426
30310,77.25986676192659
30311,45.39092159161093
30312,39.94264264775775
30313,85.40964049781502
30314,44.74385171093654
30315,36.49158199341739
30316,36.022587611826026
30317,43.69241417878794
30318,47.431056944372536
30319,38.027862819408114
30320,46.5358266573943
30321,57.32012503145468
30322,86.36684503789223
30323,62.09175545813624
30324,40.46228478076921
30325,44.360442489242715
30326,43.392922338390726
30327,34.65977309332558
30328,44.12301420043681
30329,48.750887504346636
30330,48.53169078465287
30331,54.56716428384901
30332,45.18742831458135
30333,45.613828229216054
30334,45.1518631166178
30335,37.830924363107485
30336,57.37934368664193
30337,90.08766982925562
30338,54.83258552882465
30339,40.60826985155025
30340,38.54367612300683
30341,42.42843229421939
30342,42.01748328269423
30343,43.58929927373594
30344,51.70806515469875
30345,45.87700502252676
30346,41.22594132141835
30347,43.19920140694899
30348,46.3303789989895
30349,64.83741681371507
30350,43.87286159416658
30351,53.675208618090906
30352,42.72264646392475
30353,41.19748633044129
30354,42.317794547644745
30355,43.23746768197556
30356,43.908179812080775
30357,44.77588542738914
30358,43.75859382355921
30359,42.82288037395908
30360,42.0846127014525
30361,46.25197311173831
30362,42.177154480889385
30363,75.83347075120615
30364,75.95796051408168
30365,43.65708878143023
30366,63.683508585504924
30367,43.569480423125185
30368,53.204456251537756
30369,83.96939861448254
30370,44.47401459336257
30371,75.0873825607714
30372,43.980854255570776
30373,41.59450043237844
30374,38.89445140532792
30375,44.1301003630123
30376,36.4093911702972
30377,34.801850241610445
30378,85.44154640498544
30379,39.72174150543909
30380,44.76453242926782
30381,24.798913858234698
30382,37.74817072913123
30383,38.15557541724425
30384,40.88427349175659
30385,46.47076106300136
30386,84.66605784302872
30387,90.00641166728442
30388,92.09297566098387
30389,73.33537380374901
30390,45.14443032454518
30391,38.91143764067479
30392,74.71300027977249
30393,56.69551216081905
30394,60.40432767841798
30395,86.18039088852058
30396,79.136668823054
30397,29.011156723499905
30398,74.08211211053978
30399,81.61495501301494
30400,52.71743483514145
30401,42.20727067393355
30402,71.5603847112607
30403,41.2355391343816
30404,17.245097631784965
30405,38.342872939982485
30406,81.76897608576111
30407,79.17075601939973
30408,60.47847392985509
30409,73.48995818942342
30410,46.509251055332946
30411,41.097833113864226
30412,64.81720810456473
30413,49.30008663854682
30414,79.57234084881664
30415,10.312057762806146
30416,53.63533075617227
30417,68.23735804083104
30418,78.021930459042
30419,50.623074477805275
30420,31.267942081876832
30421,32.29235271952431
30422,54.17473184346269
30423,91.9687618527121
30424,78.23368458892145
30425,43.929200677521095
30426,49.204184885992994
30427,70.55507837097875
30428,89.0637030739492
30429,43.53111589852541
30430,31.336762257506166
30431,37.25597262595061
30432,68.08847390936893
30433,22.655033416421325
30434,35.38347925079481
30435,56.14804252189775
30436,53.540960498863924
30437,59.015706386114935
30438,72.78329137079766
30439,71.24154898788123
30440,52.39726497929562
30441,60.591249714265864
30442,63.33860395392118
30443,38.779128662123185
30444,74.2493221429576
30445,28.43210388896558
30446,74.43879828781472
30447,71.91246224384987
30448,74.72664872174727
30449,74.74143925901275
30450,79.3511974445056
30451,76.26760285865262
30452,65.81947021439521
30453,61.287897948717486
30454,74.18168139490977
30455,25.124228627926918
30456,73.70847164667634
30457,58.256208454318326
30458,70.87964932295306
30459,68.51283105587281
30460,50.08294209669013
30461,72.48588724105782
30462,43.66689409924061
30463,70.52433469961213
30464,77.94529630285007
30465,42.60161083846532
30466,74.88712790700824
30467,74.51872381404685
30468,80.09013982659297
30469,38.55466369919239
30470,71.39832822627442
30471,39.186817474274115
30472,21.67358307071536
30473,44.02050913872759
30474,54.03738115953879
30475,22.36320653618141
30476,19.49231759144553
30477,33.63503711503228
30478,29.289121723172677
30479,36.32515639047067
30480,16.500472705993698
30481,17.55251053872356
30482,23.62453933357845
30483,36.398806802154425
30484,66.31716423330751
30485,20.14795157142675
30486,56.435951537320435
30487,40.2995979400837
30488,17.341538401364875
30489,25.38534718296771
30490,22.16626568987745
30491,18.57882285288427
30492,25.409879545188197
30493,24.296038442562732
30494,27.190235615875075
30495,34.570091034196075
30496,22.501646601217658
30497,28.222945454037507
30498,27.445438178072866
30499,34.20503183500265
30500,34.28832872490452
30501,50.570971956052645
30502,30.76461285553529
30503,23.058418280812063
30504,40.92595159491816
30505,38.339721522352576
30506,31.474324553145006
30507,49.4249932483538
30508,35.33594177393577
30509,40.94384978818712
30510,36.81446030317319
30511,34.601623013580536
30512,37.1383537885354
30513,34.640655860209804
30514,44.82031062327583
30515,38.938518803139004
30516,35.198018648349034
30517,39.466930005473024
30518,33.00837671878838
30519,35.14987627936034
30520,37.28796671607007
30521,60.370969032220486
30522,55.17862670718644
30523,45.033275810023106
30524,44.185761584552466
30525,44.939152144118935
30526,44.548385262760846
30527,36.410269299301426
30528,42.240334383504944
30529,41.99707382367897
30530,79.73387215710343
30531,56.71632022360457
30532,42.84043098169748
30533,54.571772827396586
30534,44.54899276781823
30535,44.452468960245334
30536,44.4650709515099
30537,46.40221514375264
30538,44.39078453384351
30539,65.22621918397553
30540,45.004215573732836
30541,52.403956704294686
30542,44.73253003705592
30543,40.57606395123436
30544,43.611277265521224
30545,40.41621874926424
30546,45.42488202534726
30547,44.49098173160356
30548,33.41243118275702
30549,42.8131370328861
30550,36.94675026882257
30551,36.67659130829169
30552,34.00095732500232
30553,37.657985343277936
30554,36.001486494868544
30555,40.10621061352465
30556,42.90774926208345
30557,34.48605423149969
30558,33.198376176299156
30559,35.844980796982625
30560,42.332096431670074
30561,37.67489673968112
30562,39.188550125652284
30563,31.595929299116435
30564,35.05855168814413
30565,38.75651214253607
30566,29.63416075309536
30567,29.87325360916435
30568,33.968644510830885
30569,32.255436368576056
30570,26.23866664004492
30571,40.49432933483828
30572,62.208140405734845
30573,43.235274356309475
30574,40.1368592394668
30575,30.91766784520361
30576,27.434776644629288
30577,41.222030956612706
30578,42.052274377122416
30579,33.62046690714068
30580,29.419549623337595
30581,38.15395631553438
30582,29.47573814824111
30583,34.53516737478524
30584,39.03084891023748
30585,40.04446232200172
30586,34.83167256510527
30587,30.52878202542587
30588,36.97833835492388
30589,23.383118174219952
30590,34.990183959862264
30591,70.72343666568162
30592,29.81164885914774
30593,30.99415344940099
30594,29.167906524493247
30595,31.437721668242055
30596,37.11318519105901
30597,29.324532650287615
30598,29.319356249837956
30599,40.05112661995366
30600,30.02448023577609
30601,31.54391002061567
30602,32.08993094700725
30603,26.72330757003543
30604,30.704170786962212
30605,31.074567651013442
30606,41.55410950345649
30607,29.65068048270212
30608,32.33819371693447
30609,38.01326275362153
30610,29.92569150836236
30611,69.33391315814717
30612,29.949408808580934
30613,30.325572835508265
30614,34.078204106793116
30615,30.34153152887442
30616,25.32167282969047
30617,38.7704395280819
30618,40.64080502045446
30619,22.192275867052867
30620,62.163075686417315
30621,47.85482812455955
30622,62.22563766373952
30623,43.73221832985338
30624,67.67714136784868
30625,46.99761213064073
30626,69.47516580120616
30627,49.37543501736151
30628,77.36791540622757
30629,83.87047780825436
30630,58.77030454098812
30631,42.25574530720363
30632,66.74584882471699
30633,55.54786156618254
30634,46.47779672845326
30635,42.08302754057859
30636,37.93333549179967
30637,75.50326429445772
30638,73.89896292322183
30639,70.5568092937415
30640,39.96944170684194
30641,65.79826693035204
30642,45.356108182340044
30643,45.2962238440216
30644,52.453876062460886
30645,42.343094515807266
30646,69.40414119338733
30647,26.806939949034398
30648,75.72829539148593
30649,51.540558655793944
30650,43.96237743237255
30651,31.864230539244822
30652,45.06996034096365
30653,44.346119670912444
30654,56.5414326723363
30655,53.117446045932965
30656,72.13498221017198
30657,74.25344201386702
30658,31.611411652690265
30659,80.69057357568776
30660,41.99243789895622
30661,71.02543420880902
30662,60.60358985969624
30663,28.57463961967524
30664,36.560388726157605
30665,69.4795945854173
30666,37.66251205557256
30667,48.602886564050536
30668,70.51682809006199
30669,62.812100623496434
30670,51.012316081798474
30671,43.293954601636734
30672,76.4615693103444
30673,67.98645657675729
30674,64.59256628114223
30675,62.9077148845882
30676,65.58339685088663
30677,69.70567089281
30678,73.52117593121753
30679,76.04361910957107
30680,80.45754196858897
30681,75.68722778406726
30682,78.85706359103852
30683,41.734164520577494
30684,54.61584591911865
30685,52.644528800791115
30686,50.46479604347745
30687,72.23350752384232
30688,47.35955514787201
30689,43.37939045836937
30690,64.57888351213805
30691,66.80050875634632
30692,30.85164215661637
30693,63.47144128134023
30694,33.80656085040546
30695,43.82457580687547
30696,60.6610122836768
30697,43.2170561687638
30698,34.794635577281994
30699,54.2648785211197
30700,70.4510433755928
30701,32.69289553829403
30702,37.49564560545573
30703,32.8379956852691
30704,43.431670459519715
30705,40.11836665586312
30706,36.09837312348536
30707,47.44232188466409
30708,49.7486478975589
30709,59.32175492800151
30710,38.16648836052279
30711,42.31618410633901
30712,41.16544747583923
30713,59.010604123055934
30714,41.77991049940503
30715,61.64428770731315
30716,18.0003491772364
30717,31.4431797323178
30718,28.567277630194866
30719,27.652712399213655
30720,32.789146395392876
30721,33.3154628430577
30722,34.90126677711519
30723,62.55434602019142
30724,53.02901442024801
30725,49.8093299699412
30726,25.453609449779123
30727,27.764874829892104
30728,65.36753989141587
30729,57.83182693299658
30730,64.38085712458289
30731,30.932922851698308
30732,36.4148918852315
30733,30.933464288783984
30734,40.85900654071154
30735,37.00809201449264
30736,70.86099379841843
30737,38.84814681507861
30738,35.9595060963732
30739,32.3489001780368
30740,38.31312803431146
30741,34.000201321616814
30742,42.23297896520642
30743,31.152219801901413
30744,63.89919065038091
30745,48.39307547947868
30746,46.1121443251267
30747,35.39268207625644
30748,45.541254507419254
30749,48.34519369163149
30750,26.61846792762384
30751,43.16601625681061
30752,25.173393389115958
30753,33.98006176405834
30754,28.385936110298644
30755,27.89816943668218
30756,30.215375447557395
30757,30.942707388535307
30758,46.77128200609244
30759,37.933200956562615
30760,13.568938552248891
30761,46.19055506520156
30762,26.92736651373362
30763,31.39381543816251
30764,34.273143875406824
30765,37.54095050273107
30766,37.855871899313684
30767,40.30581797068478
30768,44.97085370644432
30769,32.42851852844811
30770,33.718839150057214
30771,40.493644448740056
30772,45.40191091334741
30773,27.71615803990082
30774,26.85774489165398
30775,29.868605701782965
30776,45.010452632362664
30777,72.34704447658689
30778,40.37045771224813
30779,56.14428157207654
30780,38.117143000427454
30781,15.032776494088354
30782,37.91100531595253
30783,33.24945657561318
30784,53.46282342391296
30785,25.132295811804905
30786,50.888371935254156
30787,36.56339471200434
30788,49.86820759220675
30789,34.07316226461557
30790,57.548281432089055
30791,56.11361401673271
30792,57.8214967179742
30793,42.73840549268547
30794,74.20479589832743
30795,36.64806135798571
30796,39.25805376125068
30797,40.14853883851375
30798,23.783152170645952
30799,38.674621987477856
30800,35.75909927677822
30801,44.03694065561235
30802,42.80764838778207
30803,43.58710537901764
30804,38.83582694404752
30805,23.4383688290071
30806,34.06709847330561
30807,39.677786002388345
30808,31.701394096173352
30809,41.16592859566505
30810,32.819894883376975
30811,43.4317331253726
30812,34.97797890429156
30813,40.24794312825642
30814,34.47497153196281
30815,37.59349578801443
30816,31.636405423836912
30817,43.78168229548808
30818,32.09878416267059
30819,35.136459945145795
30820,32.14240192614636
30821,37.287078012134145
30822,37.02025881200911
30823,40.23643854151749
30824,41.78261428429063
30825,36.88734419218028
30826,71.26446589728472
30827,39.91356519354137
30828,40.88141463171793
30829,41.064574702656294
30830,39.842291271042825
30831,35.834998482658264
30832,29.35491836180334
30833,39.94404048301276
30834,36.56315893620186
30835,42.19362166891137
30836,39.069682530432516
30837,37.32682332238461
30838,27.01697407389573
30839,30.713466667477103
30840,30.089208517921236
30841,41.87126319412664
30842,34.08697230875578
30843,31.003235476141917
30844,77.23355154966941
30845,45.20819994633842
30846,43.176446972551865
30847,86.68825296053151
30848,33.8199029068558
30849,42.5252529721227
30850,48.04583270222419
30851,36.32961605288705
30852,6.734627628884493
30853,24.074437617504042
30854,46.2422353836934
30855,47.13049044938605
30856,73.87375764655842
30857,36.80365140150946
30858,47.42851031068604
30859,25.183019553279756
30860,7.111681795611922
30861,18.438604942144597
30862,72.48804384541604
30863,55.17813285812042
30864,32.3808480432416
30865,67.72406578529467
30866,56.66539329197208
30867,28.311271677146863
30868,45.95648297524134
30869,45.288373496113806
30870,70.97669602967844
30871,67.71866084549278
30872,64.99082400817983
30873,68.62762407226037
30874,52.09878647060924
30875,63.74277280560884
30876,59.82283108188717
30877,41.7211163188903
30878,19.02656603219309
30879,35.760181193787716
30880,29.942743663936767
30881,28.27398502829636
30882,33.06907896337984
30883,28.920981537927272
30884,33.811319294796675
30885,26.044251332060362
30886,24.30972098610669
30887,46.3622207917221
30888,29.07551471283389
30889,54.667518780282705
30890,31.33047192033878
30891,26.68098195024287
30892,18.69170025469583
30893,28.315287451240415
30894,21.48912774466963
30895,20.232997125572695
30896,20.42305958932675
30897,28.811606777338994
30898,31.4149323072559
30899,29.26431711739282
30900,33.93046794974021
30901,28.56501002580769
30902,45.34025518997794
30903,40.158714749928016
30904,28.718083992957638
30905,27.007392596294153
30906,27.976742371874426
30907,36.602855214173864
30908,35.837355323817405
30909,25.09786504060086
30910,30.74345099674228
30911,74.24788805909245
30912,26.514808401531564
30913,53.9858072743658
30914,31.226640260374793
30915,30.274562392092665
30916,78.13335010114156
30917,16.61671682415745
30918,14.926575955405692
30919,38.05011457553209
30920,30.14513408930758
30921,9.77959789567139
30922,23.82178703663982
30923,12.39163850023149
30924,24.190802567282063
30925,65.66464666923633
30926,25.043920667085327
30927,71.41189903937129
30928,28.19803523526661
30929,72.67027925912075
30930,76.8178272814369
30931,36.34738014482403
30932,12.103420557376063
30933,23.143303994870045
30934,15.73919443272315
30935,46.6979780147563
30936,34.737395277301204
30937,56.28146525106646
30938,35.59936259794911
30939,62.42516049636997
30940,8.51055701111167
30941,6.7482974429220395
30942,43.372257340556544
30943,19.848043691859743
30944,10.60247820566611
30945,27.139974475599228
30946,28.84085054224257
30947,10.656157842111103
30948,28.93093356972642
30949,28.69193738884706
30950,53.09223444137087
30951,40.58465188452728
30952,31.023207967685973
30953,12.976918693436426
30954,32.99032514290818
30955,11.517301043866736
30956,57.42833555644503
30957,28.274346047693655
30958,15.071055056195622
30959,8.174628226032844
30960,36.755428284049934
30961,27.95790542398683
30962,33.14796824045403
30963,35.01097772094259
30964,69.7620755482973
30965,43.84824261487129
30966,37.70235586937639
30967,38.62207238556948
30968,41.79652907391542
30969,40.5709787558814
30970,42.01919054363728
30971,39.523644709044966
30972,62.978259054641896
30973,34.10827630481141
30974,50.26557119976026
30975,72.00963099066786
30976,51.12521219682056
30977,29.37619351378306
30978,47.588263018760614
30979,32.329397835533356
30980,68.2124465490469
30981,29.035175501728343
30982,34.32536439114731
30983,38.97728008675173
30984,50.10468720805254
30985,29.96656135083681
30986,35.066397049787376
30987,8.870196547409078
30988,64.76715011811243
30989,15.095319707337318
30990,32.99581485690677
30991,18.352499222973854
30992,12.51509421668258
30993,31.498631236898113
30994,31.853860065894555
30995,31.120659695197276
30996,9.811468847446054
30997,36.77273556755026
30998,50.240037055610344
30999,58.465488879420036
31000,36.54448139622978
31001,35.82681510721568
31002,29.496731155311707
31003,28.64981033878891
31004,36.77455544789747
31005,27.548629864248774
31006,22.955815058937358
31007,35.579590904875964
31008,63.568881074855845
31009,34.73030969190449
31010,34.808243628500065
31011,50.12126083331769
31012,28.51442035280643
31013,39.46721503689445
31014,5.157304126202856
31015,38.36585434244648
31016,27.736723858575257
31017,30.945869566776693
31018,62.19860142747499
31019,28.263690414607797
31020,82.44117123761353
31021,28.445481116331916
31022,30.82914483105533
31023,39.776432403944526
31024,18.5173077172389
31025,21.50804301953217
31026,19.56640228541421
31027,19.348162209250265
31028,11.399334275425467
31029,22.59491537026136
31030,61.049795102805994
31031,13.574479706835668
31032,18.562522854204243
31033,15.758346939935707
31034,5.3228303886236805
31035,14.287880119743228
31036,13.543605177491443
31037,19.39509104998736
31038,12.397168988615698
31039,12.660642992519588
31040,4.901155521153043
31041,12.707668833961169
31042,17.89387561179157
31043,8.383307269131413
31044,42.960564936107154
31045,23.56747778743855
31046,20.201996313591554
31047,15.002323758240752
31048,27.488794613519286
31049,2.7847010045603895
31050,14.414405421960357
31051,9.105907632680129
31052,12.605569911418035
31053,17.53384766086941
31054,18.236880390053393
31055,11.78808602482973
31056,13.30426381117441
31057,9.099630524068168
31058,8.08754037529266
31059,17.232215007792732
31060,13.676444255449388
31061,17.851358666608323
31062,11.476778755697836
31063,22.802400570162206
31064,20.674938018824108
31065,18.422427701539345
31066,13.434981878129104
31067,17.079021975948347
31068,13.52375253841782
31069,8.594670401366457
31070,14.29199738968672
31071,13.084920574826313
31072,20.24445632599003
31073,10.198627868797583
31074,13.864119013581218
31075,8.669324425406138
31076,13.017262243899538
31077,18.321680968942605
31078,22.252281511938293
31079,16.616012161867737
31080,22.93493533670163
31081,19.769691748066712
31082,18.89318851204459
31083,22.623381546572848
31084,4.248577437435848
31085,18.12276191071761
31086,16.526934741820227
31087,11.742710961112675
31088,9.708766678953392
31089,13.71187076413459
31090,10.541784928755499
31091,13.583817471926293
31092,12.185116297085122
31093,17.732879818202548
31094,12.927270815705988
31095,3.8099200670656375
31096,11.988643121427183
31097,16.4474991765745
31098,15.805023877547775
31099,21.50215551696506
31100,17.18886584586447
31101,18.43388338428404
31102,18.353261331869504
31103,23.05313369724008
31104,18.554723939683686
31105,12.820046795963163
31106,19.022490774791372
31107,15.332267179998894
31108,20.557983830883508
31109,20.242791925462964
31110,18.26083395024922
31111,17.971787036630857
31112,9.132544193122245
31113,9.22224097812121
31114,20.16067316264961
31115,26.02160736705471
31116,29.086460318264873
31117,19.90022709140358
31118,18.75023378688237
31119,27.702512066138183
31120,18.09970914172446
31121,18.83747551752292
31122,8.448497816872075
31123,22.690989859594612
31124,20.376658968631894
31125,13.920613811607017
31126,24.381469635618245
31127,37.201829341175824
31128,32.54959773789735
31129,18.275133140719714
31130,24.336496866741996
31131,28.76144481978263
31132,33.34748405206495
31133,17.350502426425383
31134,28.805726276213054
31135,19.234540990973006
31136,30.244218436760704
31137,65.4182811589037
31138,13.860881920529145
31139,26.422118746771257
31140,14.490595903292537
31141,17.106723946802063
31142,33.7158850539874
31143,18.902430733337766
31144,32.42343442158275
31145,32.24129852905383
31146,14.22523064497859
31147,31.29701490320851
31148,17.84452837193506
31149,24.56745666550261
31150,10.397582015869686
31151,28.041564193309785
31152,11.570687575574185
31153,16.502437800602976
31154,19.308417923700304
31155,16.411338769265505
31156,12.990441241972928
31157,26.033585892679312
31158,24.51980995150596
31159,16.244877263142882
31160,11.950651396848658
31161,23.707397240199473
31162,24.783986039601682
31163,15.534802724104615
31164,18.715709896244906
31165,20.798677957994677
31166,22.654568928480494
31167,17.21158953710045
31168,13.306953936917488
31169,22.651981331024714
31170,23.034184082160696
31171,21.239898576659094
31172,12.076306852449926
31173,19.493212420207055
31174,10.041269837281813
31175,13.40995075313565
31176,15.621934057053496
31177,13.800167102949285
31178,21.836402859141337
31179,27.580444698725334
31180,28.942360393716587
31181,14.998799031666179
31182,13.996832909969404
31183,14.363651999059524
31184,13.30276498395802
31185,33.84264562422007
31186,17.49410159540232
31187,21.671161171453093
31188,19.756506282982276
31189,23.741982685370488
31190,28.352248541517742
31191,26.22165879059116
31192,21.23672644184782
31193,58.14899062772984
31194,15.612166579921759
31195,26.411296348660976
31196,15.65884617598584
31197,24.77346236204186
31198,16.6613557396202
31199,15.338487534155067
31200,23.987646125121728
31201,13.655815322235163
31202,17.825889604223455
31203,21.54895469701292
31204,20.115747771304925
31205,15.982692392364283
31206,26.727202247107797
31207,18.868172418724548
31208,19.096977091514177
31209,21.376839745782313
31210,32.93462758147729
31211,18.93846086049111
31212,12.173691596652375
31213,14.63832237229537
31214,9.994165475717383
31215,11.285385463337455
31216,30.7097622259878
31217,9.679247711395417
31218,17.415617091180003
31219,28.008243749409186
31220,48.2742128170642
31221,40.00207271045601
31222,44.654851626723925
31223,34.58754002580152
31224,39.20830451120948
31225,39.70187308911966
31226,34.479873172430366
31227,39.086990303358064
31228,43.05475899139006
31229,35.09940507469013
31230,37.606443291134184
31231,39.69095145509415
31232,29.894133450058188
31233,39.91776224126519
31234,51.107834756012195
31235,38.82629828767583
31236,36.25370635193865
31237,34.18801997583831
31238,36.07597482686484
31239,45.198224240809274
31240,43.21897582191936
31241,39.70806033030914
31242,33.97929663193742
31243,34.60788836906037
31244,31.456407662517762
31245,37.53522531433886
31246,38.68922783981543
31247,41.632036002175006
31248,37.61633785683283
31249,44.16328655160362
31250,37.391586017884144
31251,38.414184603701685
31252,38.28539087066318
31253,34.026747640295
31254,38.090887007488966
31255,51.22060562644715
31256,32.99702568309544
31257,36.180706318076986
31258,42.86461722537372
31259,50.92372371860398
31260,35.70817122297554
31261,40.8295729293925
31262,46.223115410867926
31263,34.365002250649674
31264,45.66116395323017
31265,34.66888761825756
31266,63.91625995815453
31267,39.298522078273784
31268,40.48790078084549
31269,38.10406472922385
31270,36.38333701365046
31271,44.65047826676859
31272,32.75268369409252
31273,35.430868916091555
31274,33.27564869241293
31275,35.19799952000929
31276,31.9718264214339
31277,32.27346675676516
31278,33.28898507861114
31279,29.191818269219436
31280,35.90430436491307
31281,43.644403008655196
31282,47.49305275146974
31283,37.94800799127457
31284,41.92303846352442
31285,38.08287156870176
31286,50.56237859268784
31287,42.10928446244279
31288,46.349473907154504
31289,33.58800638873516
31290,28.625042448042475
31291,33.142868102004925
31292,35.183696644551084
31293,48.694556611934146
31294,40.19987212463449
31295,43.582447483155086
31296,34.86089095526387
31297,34.725211976084715
31298,36.38427554875645
31299,37.32618900020048
31300,30.748743718729223
31301,34.2699062904797
31302,33.435043719542165
31303,33.831854390338684
31304,30.741722058907676
31305,29.710443235254765
31306,34.25678290932568
31307,27.25562975980874
31308,25.04412075508082
31309,49.04906639299402
31310,26.666678795534935
31311,21.345000504195614
31312,37.39453212884777
31313,44.055184833421414
31314,38.82660080602372
31315,24.97247867653538
31316,46.14600292336367
31317,26.866313854457786
31318,36.76809656795165
31319,37.08130658960921
31320,48.484359875955874
31321,34.11126645188972
31322,36.46488312175912
31323,31.162545537850775
31324,28.414517461501447
31325,28.829983353169133
31326,33.56030855420287
31327,29.245943377696463
31328,21.262789251913468
31329,31.660292026336794
31330,31.65303109691827
31331,26.11787720065359
31332,31.24811885084755
31333,28.98344640187485
31334,23.17020733187293
31335,19.91040580074901
31336,43.13725723783337
31337,72.34105461986597
31338,24.821976718306683
31339,29.210822926986705
31340,30.41939723316556
31341,36.59457601217573
31342,33.04060619130364
31343,52.70643215946788
31344,34.5062089979358
31345,39.77152710375376
31346,69.52228195039473
31347,23.108806202987935
31348,29.66593419219641
31349,30.67700845001473
31350,37.00390954073308
31351,49.274020100812315
31352,61.48043662377958
31353,30.06609839154286
31354,29.648153030011418
31355,19.970274327889506
31356,30.777213480676643
31357,42.70663999466768
31358,73.01299978923721
31359,27.164273662564952
31360,27.497377720736825
31361,32.27916685583181
31362,35.31678696231378
31363,32.52254910895087
31364,6.113997574076931
31365,26.57107543508789
31366,28.63876510211536
31367,26.402609333928382
31368,27.948042889037435
31369,28.48530501991845
31370,40.043070447035234
31371,25.816452701049872
31372,26.44711248360784
31373,34.7473393714702
31374,21.86957198070865
31375,26.582384822304277
31376,27.24613819504834
31377,37.640047597179844
31378,39.14358395592764
31379,20.314076819685432
31380,28.743680051170458
31381,35.55629498589242
31382,31.21499617044909
31383,36.678651419833734
31384,35.26395619917377
31385,31.294279891700818
31386,28.668723041645187
31387,33.357464029082166
31388,66.6494000079694
31389,26.607405468196923
31390,83.56661913747385
31391,31.54330591407122
31392,27.321326621971533
31393,31.54298158217075
31394,30.729394590601387
31395,35.271677887759935
31396,39.634282307015354
31397,63.14916305069004
31398,20.693512752455028
31399,24.492629197091915
31400,27.797944156651358
31401,29.435305975936583
31402,25.18969055162056
31403,30.397318875854857
31404,72.2903520866401
31405,43.18615642200754
31406,15.27566594663401
31407,27.231533993616384
31408,56.06968996784078
31409,25.904622297423433
31410,29.22500878534416
31411,37.70328561706294
31412,28.963205867358898
31413,34.99016274120194
31414,17.100223223303367
31415,34.511920764564216
31416,39.80294766978085
31417,29.776036544939
31418,19.088301806832288
31419,18.742379439949886
31420,18.84832444071432
31421,20.46183084523961
31422,14.242405797675719
31423,14.819623792275348
31424,19.51145579920082
31425,12.8924047682676
31426,22.37782574953882
31427,19.02728521516792
31428,20.878820254246644
31429,18.990011567663103
31430,33.153835815474395
31431,26.010000522505827
31432,26.44966883953906
31433,21.821243935296096
31434,11.698875212574213
31435,17.30692696840139
31436,19.909659062952574
31437,19.93206450494453
31438,20.87673618076787
31439,14.232587714174734
31440,22.7024269883838
31441,35.26037645878918
31442,15.102066913476424
31443,26.413120191479457
31444,21.20480448700996
31445,21.659680329455085
31446,13.92233522024829
31447,32.08508945384648
31448,27.799658603272842
31449,22.134685094986843
31450,20.275178579246088
31451,21.178362987851013
31452,23.12210335597312
31453,25.090136125943417
31454,20.06536454773045
31455,16.24098270403839
31456,19.69086419978035
31457,24.366364228140988
31458,19.14507313368377
31459,18.085617651029565
31460,16.698719553927948
31461,11.476996774937323
31462,11.997527534929304
31463,28.472631774767144
31464,23.345987133649615
31465,23.569510551462994
31466,32.61642795470519
31467,17.621358234493165
31468,17.8839624687817
31469,17.0509697356706
31470,16.225215407868717
31471,21.08458418047418
31472,13.543839478997388
31473,18.715302083784934
31474,14.732585409993348
31475,28.378123393428258
31476,24.431285153417278
31477,25.28758964582303
31478,20.554697729817946
31479,15.548963802603174
31480,27.268341603540716
31481,23.644030380809564
31482,28.269211561778256
31483,17.622758085532578
31484,21.397135962454122
31485,17.9380771433713
31486,24.319002843100527
31487,22.756918026894127
31488,26.317485486765726
31489,19.542869313748362
31490,16.608984992361854
31491,16.085713040920822
31492,20.11312621902535
31493,13.870500161693645
31494,10.205702055017756
31495,17.199625382537697
31496,19.813290702577774
31497,19.699283526001373
31498,18.522431935978354
31499,13.81404201607393
31500,16.27167465577928
31501,27.43306734619581
31502,15.21470577792123
31503,20.85068779614727
31504,32.084977623569195
31505,17.666932097790315
31506,19.979848342036696
31507,22.916378380575
31508,14.120391503799462
31509,17.361910688220167
31510,18.482893117822993
31511,30.32819324718701
31512,23.088497097334358
31513,19.44453717796265
31514,26.30819587114506
31515,22.951506698688746
31516,51.17883962838199
31517,58.70026447731226
31518,48.755945590983046
31519,41.266025831468646
31520,48.23902855232523
31521,58.14206082719708
31522,53.04965997342788
31523,52.637162979513725
31524,34.674890874118006
31525,41.03796972096711
31526,67.97956990184153
31527,23.480219883077254
31528,47.50781590043931
31529,77.90485568258191
31530,32.287741579525274
31531,42.975167249270996
31532,30.108523285844853
31533,27.430548278139938
31534,46.62358963667173
31535,35.719137613580074
31536,27.338103942945818
31537,33.40842070772017
31538,26.331097605024013
31539,34.771676239420835
31540,34.287144110753566
31541,32.801840537093966
31542,31.384572181552635
31543,40.44683778809364
31544,34.38009998195528
31545,31.040027853031077
31546,41.521142550889664
31547,49.3583112280787
31548,31.182492463811574
31549,41.400931009558576
31550,22.366463433181078
31551,37.886368129454006
31552,19.134179845695794
31553,34.08031118104739
31554,32.13834435671833
31555,33.51465043673541
31556,37.30399791299628
31557,30.33210437955156
31558,35.28868526954288
31559,35.299582261474214
31560,29.23412407682911
31561,38.836449262626076
31562,22.590556154744455
31563,39.33612378018617
31564,27.05408882410373
31565,33.777590388334694
31566,39.82126781503098
31567,31.899598848916813
31568,22.649720577122267
31569,36.42944377637533
31570,37.77641041951846
31571,26.527994115668022
31572,27.054262256768848
31573,30.34226173322223
31574,22.70933948305041
31575,30.76528267040694
31576,29.382484786684024
31577,16.631459094511825
31578,24.45607866440677
31579,16.336208156783716
31580,45.30016758368229
31581,32.343726621435955
31582,28.975836606300973
31583,30.128759704654378
31584,43.353401856332376
31585,6.080720599125016
31586,24.926836629575266
31587,20.034238751671666
31588,20.237751452537378
31589,19.572839254269212
31590,23.160924465494414
31591,26.176859601135483
31592,23.97672398766631
31593,23.538908603046224
31594,29.815439691818966
31595,23.951804901564625
31596,19.062916782745152
31597,38.81216099442207
31598,20.99852305840762
31599,18.76099484180429
31600,24.833520954065627
31601,35.09331810055708
31602,31.298760139136224
31603,24.835868222768315
31604,28.423054686659405
31605,18.236551906376622
31606,30.01478153054659
31607,28.385213025048778
31608,9.461041427179913
31609,26.017808486861735
31610,21.49534902444222
31611,22.090066471452882
31612,20.03108524524894
31613,23.42562657799071
31614,23.43859006930654
31615,17.927556700152547
31616,40.380547015470356
31617,15.246708881549598
31618,10.190538023364004
31619,13.993053262668571
31620,27.097464251149685
31621,17.083882712767377
31622,18.95679279000425
31623,16.08324989946621
31624,17.571240697484967
31625,27.414557294554523
31626,23.532950551157935
31627,18.37804440428052
31628,15.399676560476074
31629,25.42494027481637
31630,24.640980735524668
31631,21.758135908887567
31632,20.800697596114677
31633,15.192225830477692
31634,20.12613311856543
31635,30.14127658217653
31636,19.259854245205076
31637,12.128778054955534
31638,23.1780908114112
31639,0.022755487453232328
31640,15.428428436931727
31641,13.679120549539672
31642,17.318318581694793
31643,17.48919522346837
31644,13.063107154914492
31645,20.990580795404345
31646,12.491260815954696
31647,18.715621071007178
31648,15.85205381802377
31649,22.17050187520579
31650,32.00843905928643
31651,18.981500274839274
31652,21.65683630089894
31653,22.41475625144954
31654,37.94113638730182
31655,18.0960866456762
31656,15.050834175295444
31657,33.010202667954246
31658,28.91322942540841
31659,15.612354632752933
31660,11.204561510121021
31661,19.607165301573414
31662,18.783406277208083
31663,18.92513083908348
31664,33.64315844594442
31665,18.73730029563638
31666,31.554726940610315
31667,19.80878770491422
31668,20.409949425908515
31669,14.36551982692761
31670,23.582538333305706
31671,16.593197594849926
31672,29.5785051951576
31673,13.895223667675685
31674,26.318220204007062
31675,27.290071758945196
31676,16.925984118790375
31677,15.344306798473486
31678,33.65030408046109
31679,25.55803479416909
31680,15.980415013466557
31681,12.248074787938142
31682,26.854285547995573
31683,31.66307478038223
31684,21.028893865354167
31685,19.385586945941927
31686,19.578767273312007
31687,22.5379000982644
31688,19.748552818879542
31689,32.925483489239234
31690,25.740329975001195
31691,33.12286427798001
31692,14.557734583886093
31693,22.171964000834578
31694,27.814499137354225
31695,27.244020527001403
31696,24.081365487669284
31697,26.014696241840852
31698,12.462016493215192
31699,34.28449044321472
31700,27.163593219149853
31701,23.357990214185776
31702,17.15174018479619
31703,23.92639224533201
31704,24.08043881221817
31705,16.462418730188862
31706,30.286007489904257
31707,15.135415277454147
31708,20.22778761500876
31709,18.033387326047624
31710,20.440886462670942
31711,36.35812177226914
31712,30.1662136306753
31713,23.6951782059816
31714,23.376962030410965
31715,22.13316667684931
31716,38.802969202856495
31717,23.152937952451616
31718,16.692981731973674
31719,22.984866387012907
31720,12.90407190866173
31721,10.970088347811203
31722,35.17703851704828
31723,54.56507210969332
31724,43.022157145782316
31725,28.810405320368517
31726,20.31829138902818
31727,40.16760286618511
31728,17.510222521359083
31729,17.824133710917362
31730,22.300142922209353
31731,13.048172392617063
31732,20.258577042885065
31733,26.66706763835131
31734,23.812862686976118
31735,58.06998666914742
31736,16.10164796487981
31737,23.230054667870206
31738,21.594548672532486
31739,6.8238281475533755
31740,10.359653519306335
31741,2.9941075305273444
31742,19.787090303165606
31743,4.402651649907474
31744,18.29954255837419
31745,45.1122912152988
31746,29.6126299982723
31747,47.305297229432966
31748,25.232872839454956
31749,11.977809566289865
31750,22.465735437754084
31751,35.50928039688734
31752,35.08555811145861
31753,26.59991213749247
31754,21.047556691565248
31755,26.837170917538376
31756,39.76360421366268
31757,23.614714599161346
31758,22.849149486335108
31759,33.923761399474444
31760,23.160960327628064
31761,31.803538082439573
31762,34.58720490331176
31763,25.74088469832242
31764,29.133887200707377
31765,14.351188600016748
31766,21.67609161343344
31767,26.57339923976749
31768,17.41881469934655
31769,44.15550464706218
31770,40.11517715539009
31771,25.893957361821943
31772,18.604512650670706
31773,27.02053934861069
31774,28.959759663595243
31775,17.662411565094054
31776,20.843047333145865
31777,16.315144404477103
31778,15.07687983242582
31779,12.532758997817318
31780,14.800213110022987
31781,26.699396433076437
31782,24.84771839230939
31783,16.129165978227004
31784,18.50138958597358
31785,31.579136358804533
31786,28.68590681911433
31787,70.86456193504847
31788,21.5763865797224
31789,22.004971132858365
31790,43.97518175477964
31791,35.47084109301818
31792,28.59798527239209
31793,30.029348484903693
31794,37.393185645070346
31795,14.290608845032878
31796,27.130531355276318
31797,24.77553179997535
31798,24.61756469764403
31799,40.89317262420725
31800,24.133105645574318
31801,24.995964544815866
31802,42.92586730469717
31803,30.730310641361644
31804,30.741647742414667
31805,50.165610155345355
31806,21.071210208641332
31807,19.90937105231548
31808,27.68779678268562
31809,29.59724008093785
31810,23.999828550535323
31811,24.254176327512656
31812,27.583871141049862
31813,39.432418023677116
31814,16.404568399000162
31815,24.770348256871344
31816,20.502095808528566
31817,34.16882936584453
31818,29.17617003930313
31819,30.83224646993072
31820,24.24881104447894
31821,19.917340151886677
31822,21.728758247296067
31823,18.962855154741348
31824,19.451485983122193
31825,22.98995469715009
31826,8.352652495285064
31827,19.614770946838583
31828,17.77624038734233
31829,11.10258452491389
31830,19.77356924907443
31831,42.03997860758629
31832,32.18365804995275
31833,22.407947531442588
31834,11.498037308150165
31835,23.742291564640364
31836,28.16767090177074
31837,30.763365500488117
31838,14.788885575785061
31839,56.66539329197208
31840,56.90767379019682
31841,27.643703104508297
31842,23.48172967314199
31843,21.200816780357968
31844,23.70756251334091
31845,20.274031076462386
31846,30.350225186793004
31847,25.070665447681062
31848,18.321548951130175
31849,21.62930216376126
31850,41.610401365987556
31851,49.60234108265972
31852,19.83888661996642
31853,12.232223504315346
31854,11.801304609620306
31855,24.362751891818924
31856,28.724672993127754
31857,54.35467218051273
31858,26.474615406498174
31859,19.907095305396016
31860,29.6337304591813
31861,11.43965743179754
31862,20.15201946318507
31863,23.68987919262608
31864,24.217885745049777
31865,19.92709843091652
31866,11.777519593593645
31867,14.416672544217295
31868,18.81449742866182
31869,15.809329960935973
31870,15.778620397613828
31871,13.99039477181122
31872,15.554402535625641
31873,19.274146722999035
31874,32.67968068258563
31875,23.483572972036143
31876,33.90184305579785
31877,32.01195106809587
31878,16.75942143003887
31879,19.816814931203183
31880,14.432697051208587
31881,18.776905815458793
31882,18.587505328082724
31883,16.629730707842214
31884,20.782866390236656
31885,15.64300260196459
31886,18.57419333113919
31887,15.411465393089347
31888,16.37414026236564
31889,19.94000627452749
31890,11.839522634977445
31891,19.240593227643764
31892,19.210168636833934
31893,25.01195269905737
31894,18.125800799960455
31895,18.375378082661918
31896,14.171580893614317
31897,17.18338868087249
31898,13.9145554405603
31899,15.86392220153078
31900,18.33880223773543
31901,20.02612142561001
31902,20.89605262214867
31903,20.04271639286767
31904,20.165777697646718
31905,24.143060861617247
31906,21.90111714810063
31907,15.194419851744799
31908,15.577213655227427
31909,24.851598477065384
31910,11.329823427232776
31911,15.217264969394003
31912,16.51156716182549
31913,18.83738467211708
31914,13.34987152542984
31915,15.107744760936573
31916,16.133154842600966
31917,17.54308179743213
31918,16.136700292875332
31919,14.889771779895753
31920,13.427453909597057
31921,19.458103833006945
31922,14.689515563427332
31923,14.848908325710841
31924,20.46140996161586
31925,18.92329431614766
31926,20.943211276575084
31927,22.100808465501185
31928,19.164768409737146
31929,11.954588152225442
31930,20.045777623603893
31931,15.76827421102917
31932,18.125535853577187
31933,17.576603094862573
31934,16.945373554074326
31935,18.262137074437543
31936,12.952827884485618
31937,17.35806003783562
31938,14.693470270293542
31939,13.790237313352597
31940,13.652100836653624
31941,13.438612407217903
31942,15.585266144500116
31943,18.330496080856143
31944,21.693445837807502
31945,32.04303071135274
31946,20.152942407337285
31947,17.74163305428472
31948,17.8497857745827
31949,14.72548353772737
31950,20.020312182901865
31951,18.338619412461874
31952,23.907892822182536
31953,12.30028092933288
31954,17.429374824157925
31955,20.063570545700205
31956,13.583032754113148
31957,22.17300637501697
31958,28.7746175673446
31959,19.282677699015174
31960,29.062384342199863
31961,21.055676612028805
31962,21.34469992827109
31963,17.93069345001252
31964,22.910531897598133
31965,20.7189287623301
31966,23.079242506997982
31967,57.72437910598202
31968,42.86454354959184
31969,39.02702728359187
31970,23.98639990034932
31971,32.2388220009464
31972,42.153964546684925
31973,31.031598953458904
31974,20.65753367910456
31975,38.13615309249515
31976,41.15307037315728
31977,20.42432580308465
31978,21.446546367411393
31979,22.13205849450243
31980,24.956341677217292
31981,26.448657868771253
31982,42.8711840030786
31983,48.21178245499333
31984,22.976382445030087
31985,20.665220661901056
31986,20.259762157450105
31987,23.54268915446683
31988,22.555075917319435
31989,25.40308327590913
31990,24.167686313651956
31991,23.41712515097403
31992,22.649463845597978
31993,24.742816795017447
31994,28.69329602649457
31995,24.807116694572677
31996,19.535814989367275
31997,25.87488541715313
31998,27.10476003490556
31999,24.741311044114088
32000,22.070090807736776
32001,19.226922505837127
32002,20.95171236436453
32003,24.84418539602762
32004,23.57389076933556
32005,19.990756934173238
32006,23.110858621486255
32007,26.24087881666792
32008,21.143503534699892
32009,23.1264912277571
32010,25.376618061609822
32011,30.3714659888108
32012,21.60998346348129
32013,29.45563275044502
32014,23.662010290612745
32015,27.641069733361046
32016,19.473687591332578
32017,24.616519664022068
32018,26.00207426863276
32019,28.62444582611245
32020,28.6245193827246
32021,24.139403724926723
32022,26.048822167993723
32023,24.289090097558176
32024,28.531410321963254
32025,19.789828230245675
32026,31.549244546642853
32027,29.006857315833866
32028,21.302274055709674
32029,25.458644682216352
32030,25.318017607494543
32031,26.60653119751707
32032,30.1048222654735
32033,27.869485923999537
32034,25.170246124564194
32035,24.891573088203263
32036,20.579707434061028
32037,22.68657420171314
32038,27.689399305709188
32039,26.499691895408986
32040,28.46052158503345
32041,23.49259413880076
32042,20.418582888087315
32043,35.14604011897383
32044,31.23434444574508
32045,32.266108774884664
32046,30.363418483053188
32047,20.706355449956064
32048,30.871200348842407
32049,31.121513081061632
32050,30.288204373918976
32051,25.972941049267593
32052,25.326687441085806
32053,25.426824004245812
32054,34.727620269133666
32055,39.02649515002958
32056,35.085779081084624
32057,28.655338572810294
32058,28.30767950599997
32059,33.221366839210276
32060,29.081367286269348
32061,33.00358001527908
32062,32.41443839166965
32063,53.498638376580764
32064,74.94240196706716
32065,35.92094957256512
32066,39.95869458018814
32067,35.74893042494726
32068,71.97882345277894
32069,36.106742894904414
32070,33.16356288322905
32071,45.11912444841367
32072,40.21360189205635
32073,73.02827787936609
32074,40.74918210799859
32075,53.3111876248511
32076,39.33698911529916
32077,46.69742866077536
32078,49.856640915026034
32079,36.46527606402912
32080,53.663951696519646
32081,49.57726074385869
32082,35.40243094702838
32083,52.16957978822165
32084,43.271241768894626
32085,38.05393101150274
32086,40.7568131542133
32087,43.005991996904925
32088,42.61237070419739
32089,48.392456643535525
32090,37.07777214829364
32091,40.99218981771276
32092,50.19264978773257
32093,38.124412060210645
32094,40.46560371466854
32095,39.38748102834542
32096,40.19022336437582
32097,39.4700693985225
32098,40.959778518734545
32099,36.39893708112091
32100,43.35654114391498
32101,40.96866682251534
32102,45.40945771936433
32103,40.57272612908408
32104,34.450450109587905
32105,34.89408485873729
32106,37.60998027345412
32107,39.1344002859704
32108,45.6374296780188
32109,48.81612852427522
32110,46.331429834862575
32111,35.68335492718466
32112,41.42294399074575
32113,36.04304859849588
32114,42.26860942153688
32115,44.642768131951115
32116,59.09686252865001
32117,45.33358351242548
32118,65.9667329818217
32119,35.87824639919415
32120,34.87954739194428
32121,37.43537183921849
32122,34.22597393402832
32123,21.555477883896593
32124,36.09427826467315
32125,31.549055082711696
32126,40.80574612770798
32127,34.084906534068736
32128,30.961618660801015
32129,67.28044390652649
32130,32.40127641855982
32131,33.440848731386545
32132,24.314227126734004
32133,33.5880325896924
32134,38.59436717446815
32135,46.39858898182671
32136,39.287476089932596
32137,33.28619367430461
32138,26.54151531983171
32139,28.545325433112247
32140,36.03654466732697
32141,32.05072202338819
32142,35.31016094695215
32143,45.85110695190668
32144,29.193340300639754
32145,41.34834227388275
32146,38.00726939951294
32147,25.416153741521498
32148,37.27141672746373
32149,24.70471029302023
32150,37.80790196812966
32151,62.892685852910255
32152,40.36755402335792
32153,26.196952342313814
32154,28.944749759083752
32155,29.72415252125807
32156,33.97164300955531
32157,36.42593604370907
32158,31.034810824700955
32159,37.955086117575775
32160,33.99752219055129
32161,19.3767936123189
32162,35.22016663880879
32163,27.329343263535286
32164,36.656239869497824
32165,25.48423745048682
32166,41.938063255673605
32167,39.02232416255317
32168,33.203303843015775
32169,38.70368756819896
32170,32.08839969462026
32171,29.043128203820896
32172,25.697677310901128
32173,35.12078249430715
32174,27.674489959697908
32175,38.547740298234025
32176,41.62471563148206
32177,31.83869274120689
32178,28.580179561171988
32179,31.368031704928768
32180,45.91075376019509
32181,42.30312773451931
32182,37.47236022372908
32183,35.297163466728875
32184,38.19518306497544
32185,33.21667522174567
32186,41.73080269687148
32187,35.18221104086007
32188,38.85428433309413
32189,37.1323484031564
32190,41.13762980814862
32191,42.49150001872168
32192,37.12297335582542
32193,41.410210131714464
32194,29.57320379378354
32195,48.69995748754173
32196,42.4089276092558
32197,35.301169482559
32198,46.027117008978266
32199,39.323868144229365
32200,31.184040392661064
32201,38.095854915357975
32202,42.29989741837026
32203,42.85664627013989
32204,30.75982294268416
32205,44.55240176194219
32206,41.05808644228156
32207,58.662172435964266
32208,34.70368581603697
32209,38.78695591334388
32210,44.20742805200616
32211,43.13334131304755
32212,33.681140032085594
32213,39.290363141072355
32214,37.648270969185035
32215,39.831363113885644
32216,53.00058693086736
32217,36.35687500112624
32218,40.776001433561476
32219,41.35280334727908
32220,44.53193032842649
32221,44.61807079475516
32222,44.34748553719872
32223,35.21709650926222
32224,38.04071230652043
32225,36.38816525069987
32226,42.461275666142356
32227,32.40879064016524
32228,26.637005278866187
32229,32.152650736508626
32230,23.360935342659303
32231,22.602654841636905
32232,19.57289728995057
32233,29.97365577874743
32234,25.0199807925396
32235,16.543148941066317
32236,35.813561218517656
32237,20.034966399203523
32238,24.38120726046936
32239,28.076367396451573
32240,26.999546888549382
32241,23.957080827317963
32242,30.059011269797864
32243,24.703726624083476
32244,21.804767476223955
32245,30.855595512954395
32246,25.386725169577897
32247,14.227931865995416
32248,23.685112364357714
32249,33.05442247829838
32250,27.327413397614343
32251,27.550653375494075
32252,17.663124627541478
32253,34.5670672056639
32254,11.731147226665191
32255,30.245983131042586
32256,20.5742255523546
32257,59.61110000317767
32258,36.077822923005975
32259,23.319694908601775
32260,17.684812081878345
32261,14.974471901434041
32262,25.774727510895552
32263,32.63524325218118
32264,35.58980556635188
32265,22.5087386287723
32266,22.896789443003506
32267,17.582252863932325
32268,20.48582075768369
32269,31.863066794144174
32270,25.082827868482504
32271,9.922050300323182
32272,33.40406361589514
32273,40.88897188545818
32274,24.080634746417157
32275,33.07385290013836
32276,21.83431280138643
32277,17.982168614962724
32278,24.05907662243263
32279,26.985624336412233
32280,26.348928676437342
32281,24.958128396309903
32282,29.897286583300065
32283,33.25260850551862
32284,19.534077547974658
32285,26.4299596818026
32286,23.313845583132945
32287,6.023839035922666
32288,27.99575052084961
32289,36.735842980615516
32290,29.766562454436038
32291,25.42108274020652
32292,26.824132563043115
32293,69.17744408942299
32294,41.18206537094338
32295,33.655929159359204
32296,24.611316411598636
32297,30.942336647452933
32298,15.237162763901207
32299,18.915654621240265
32300,21.30328997868741
32301,27.068518963840003
32302,43.71349615059966
32303,37.34908401866892
32304,21.777208423053562
32305,33.64045225294331
32306,29.012103860116937
32307,30.61832013179395
32308,29.51885600342272
32309,30.42175896517408
32310,26.0220137016517
32311,6.67316298002916
32312,23.69468709795508
32313,13.674018608068508
32314,25.57195260307217
32315,64.67258256240729
32316,27.892366695017508
32317,35.17003468485777
32318,20.45922099517235
32319,22.56444606216601
32320,19.943941506145507
32321,26.90385596677113
32322,24.302482954041874
32323,24.046818125094635
32324,27.010947944577484
32325,22.14454164086305
32326,14.195976384051807
32327,13.93908394975508
32328,21.26646908571425
32329,16.360753275123102
32330,10.042331483662418
32331,22.330062869921104
32332,17.382009796622654
32333,13.820405766564527
32334,16.825467569504188
32335,12.383342028586322
32336,12.026993357140922
32337,10.436176502047424
32338,13.202059455028673
32339,10.191436761317869
32340,14.027897835610563
32341,17.915393042698547
32342,17.08385588873698
32343,23.944833040337787
32344,12.405928128278427
32345,14.454936599030562
32346,23.485514420369135
32347,17.806372634079693
32348,17.94619530045881
32349,15.132628403943478
32350,19.631781825888883
32351,16.872933109971385
32352,16.27785552796363
32353,17.9727820797284
32354,16.61332993402072
32355,18.686629213898936
32356,10.183573434360511
32357,17.1234138930116
32358,11.305557165425174
32359,17.520945068568444
32360,20.378986537261227
32361,13.625037462060671
32362,24.807929835398372
32363,15.418947334489715
32364,13.36968753440445
32365,15.792845675034279
32366,9.041078959179453
32367,13.266597467215172
32368,19.292533553746022
32369,13.477057977459872
32370,11.878516704796896
32371,21.94228973983973
32372,18.424756411162424
32373,11.170352540068592
32374,17.74441924801818
32375,13.963070662979012
32376,15.129277427012928
32377,33.17583088929394
32378,21.69587716056269
32379,17.867821758118847
32380,26.962022921963715
32381,17.55099964202064
32382,21.946532674282878
32383,26.97758203472317
32384,11.420530656700068
32385,19.39139760940303
32386,19.528987331513807
32387,22.954440394616014
32388,25.182535869729534
32389,20.806537312712216
32390,17.200915964354788
32391,16.389160963892152
32392,18.860500382102185
32393,12.42150783053862
32394,16.953803807188997
32395,8.082761284010898
32396,10.293733358048325
32397,8.293401561725254
32398,20.85266798062184
32399,8.333827341938035
32400,17.129312667586994
32401,18.804784353270932
32402,18.78345109909397
32403,13.10371147343406
32404,22.52357348248913
32405,18.500121899235054
32406,9.839962610718878
32407,12.241080037868096
32408,7.80128071164614
32409,73.29924962577084
32410,37.93423181972712
32411,54.91657756710441
32412,25.06130812572887
32413,50.02182721842683
32414,47.502100561382335
32415,62.6930328712935
32416,58.91014385844556
32417,50.26831950716446
32418,43.35255377987146
32419,37.719915860319205
32420,38.83189034474898
32421,50.893193145948544
32422,38.07749109003382
32423,76.01243919000196
32424,77.39926663128497
32425,36.85703174854211
32426,26.646763054762374
32427,36.212117635137005
32428,40.06304298591262
32429,30.104386008960144
32430,46.976985369334635
32431,37.180883237094356
32432,50.64346870843276
32433,36.58211570639985
32434,29.85053160285706
32435,43.78735441911283
32436,37.649388211011285
32437,35.03113498510491
32438,46.69425673593835
32439,50.20038820053105
32440,50.18243071312637
32441,42.310830304046874
32442,48.17097708921738
32443,62.15218631217958
32444,39.0641754129945
32445,35.36472223666374
32446,33.49329887647796
32447,36.63631933856816
32448,39.0227821669667
32449,44.85744521526187
32450,42.53607164901151
32451,46.34519603935788
32452,39.73545812633475
32453,50.70392246635518
32454,52.87092776289815
32455,48.855011976785555
32456,39.772596412337315
32457,45.43086323779917
32458,37.88855295089955
32459,55.6456377512147
32460,58.92139094755986
32461,82.13976076586971
32462,44.27563481910509
32463,39.211795646460835
32464,34.66622418162502
32465,50.525424855378105
32466,38.95459063415099
32467,41.38219045927293
32468,33.7645035222778
32469,43.683597995722536
32470,52.125836466630005
32471,36.418692038138
32472,38.31690722214944
32473,39.335622592716824
32474,41.50501971525238
32475,49.14773728648075
32476,33.03766273604954
32477,38.835710635128734
32478,44.42712557257884
32479,26.12659145482087
32480,30.013545422093138
32481,37.664593971075035
32482,40.819258804093764
32483,25.273977520962745
32484,21.81348075914591
32485,53.39099326133039
32486,26.285346144031397
32487,59.19455663933166
32488,56.13468200671239
32489,35.76837745892212
32490,26.96622771693789
32491,31.157448302024232
32492,34.64574493609117
32493,33.339777412303796
32494,33.36004865707577
32495,27.9617653770764
32496,30.335037632577993
32497,28.44459200896734
32498,26.49113623438635
32499,28.57271205919421
32500,33.66180611381944
32501,37.7946882718847
32502,29.151602211118636
32503,67.0303620755401
32504,62.463767028306336
32505,44.9975144478572
32506,34.29448546881804
32507,56.82991549028797
32508,40.71856749299466
32509,41.421543978547994
32510,39.599171832324046
32511,41.75719145336722
32512,32.51870851239737
32513,46.429208454169675
32514,36.00648996158886
32515,40.323129940557
32516,40.810219464693205
32517,38.53186918269026
32518,49.31478426121408
32519,49.56975019044431
32520,66.7094598253237
32521,40.16643603767505
32522,56.10862023168017
32523,31.45180441746602
32524,33.75206770509377
32525,39.158663359540995
32526,47.000771070467586
32527,40.22043456270849
32528,38.38535594131022
32529,67.14017106587141
32530,78.18044889457454
32531,5.863831234087469
32532,2.898557664014416
32533,0.8656081040214252
32534,39.65991728623323
32535,35.13188712320021
32536,39.48076741681526
32537,29.208684662908215
32538,24.129888838014285
32539,40.33700896891996
32540,34.48655199342472
32541,37.87302326542968
32542,36.29626613311767
32543,2.915303349057233
32544,41.95285096799559
32545,67.22545451484405
32546,33.67671927986561
32547,34.13136375783509
32548,27.484311514445352
32549,39.31758521460319
32550,26.447465013934163
32551,31.5100572438257
32552,9.434904121527328
32553,41.8888271929454
32554,30.419531116053477
32555,31.121962254450416
32556,44.77554963853632
32557,6.643598210374375
32558,42.07354214664951
32559,39.81781734680778
32560,2.4093688534436493
32561,31.720599605613344
32562,42.507560997012455
32563,43.21091069175888
32564,27.081262643926166
32565,23.963170014450657
32566,36.94200581775769
32567,46.51809989549547
32568,36.40231262289512
32569,38.457614064380735
32570,53.63913086679418
32571,33.632248955752345
32572,40.60397219604401
32573,4.109287877073709
32574,43.100607011398495
32575,30.39517280359231
32576,44.82012805423446
32577,42.06037087727026
32578,30.224385464179335
32579,52.8156544817794
32580,36.30134915560177
32581,36.24983523311484
32582,16.814053829375972
32583,16.73407955610307
32584,25.621440794362616
32585,20.73934990451434
32586,21.62044538372743
32587,0.4647534744734313
32588,22.851949525901254
32589,12.882075768356056
32590,2.026518063245965
32591,10.989628713529266
32592,22.780454140920973
32593,12.673848275952146
32594,17.37029357206486
32595,8.083386565558088
32596,16.67027188214035
32597,17.932853480018
32598,24.506993389125025
32599,22.29169994610411
32600,22.85134678356347
32601,22.587913559924154
32602,24.481986294465237
32603,16.01096946511702
32604,9.387141799504855
32605,6.79495705943145
32606,3.7683943698638274
32607,20.729925151681133
32608,9.190843731531201
32609,8.833356490919385
32610,19.583082281161612
32611,17.467819286415935
32612,19.20647681644455
32613,16.09156259430199
32614,10.327499344309944
32615,9.183391100503437
32616,4.1131978046222
32617,19.487797714069835
32618,6.6607692606738675
32619,19.670114769870754
32620,8.763997402502948
32621,4.172582270950288
32622,0.4562863331894271
32623,8.144914370160215
32624,0.7870743145824133
32625,12.829070824043214
32626,7.155516559881525
32627,9.258362244892364
32628,13.448628942755114
32629,4.897624703009704
32630,15.3022702916846
32631,8.90035804202456
32632,24.244699444802777
32633,26.956649511622942
32634,17.094526569364053
32635,5.469035073542308
32636,17.00882930902538
32637,15.587250831129127
32638,22.770560958304934
32639,6.5129600106284755
32640,10.95097055672438
32641,15.027759055241093
32642,25.492913154622688
32643,13.74628488658152
32644,7.255632913312619
32645,2.023178569831838
32646,24.002510972230183
32647,9.327488618777283
32648,4.343476634136166
32649,17.155614961224224
32650,14.404724920756125
32651,0.6164256355245676
32652,25.95085183715356
32653,31.529800935755706
32654,17.700063562586042
32655,20.225347089260744
32656,18.386291784028575
32657,6.080612494316769
32658,13.612247375362323
32659,14.595611404185465
32660,13.644865238049142
32661,12.649942662895903
32662,18.13551071451004
32663,21.705229203759778
32664,6.244700171819812
32665,18.013181819900947
32666,28.807976815699703
32667,13.567856674094811
32668,17.51507650060305
32669,10.765174831177939
32670,24.148370288521505
32671,6.00347791349958
32672,15.262815486111435
32673,13.743769740789327
32674,35.32737285211268
32675,34.876357323423626
32676,36.99810337648622
32677,34.962078699193185
32678,35.19730607351058
32679,21.104718344505454
32680,32.37929483338468
32681,34.43592680683259
32682,38.06118062599804
32683,48.76359372684616
32684,37.156678173530544
32685,33.66465332131096
32686,34.855382923854684
32687,42.778530461746406
32688,37.87731255366482
32689,32.927681141841056
32690,37.547649510499554
32691,31.372031861363656
32692,43.65658006333827
32693,37.312093663855
32694,36.36993395085736
32695,34.958357335581105
32696,42.08470344909384
32697,42.973735445823756
32698,34.97769390205248
32699,39.622698711520435
32700,43.836139581467
32701,41.84912421675136
32702,34.40319348816564
32703,33.96443567008549
32704,37.99395214185165
32705,37.5623947542496
32706,35.21631572289162
32707,47.82956795350218
32708,46.063672258027125
32709,37.25703399191141
32710,38.61155611404422
32711,40.39779583116355
32712,47.39244884121798
32713,45.459480642767545
32714,43.131877434049855
32715,43.945715189769835
32716,36.49390025869311
32717,41.818592350983415
32718,40.52694582690671
32719,44.79447711417495
32720,32.72168826463175
32721,42.49764060787542
32722,44.88407386512337
32723,38.90533079020427
32724,28.978536212297048
32725,41.026165789028894
32726,36.28137452266929
32727,37.49765363521486
32728,33.10846047515005
32729,35.35184265682937
32730,34.45451555404195
32731,17.895322958365952
32732,35.62889515404483
32733,34.662289306296444
32734,53.20963100308067
32735,38.58743131042649
32736,32.0032622208373
32737,27.68320954974251
32738,34.86288700574427
32739,25.21389677297683
32740,24.4739659729353
32741,42.984636283667996
32742,37.02402797172397
32743,48.93814303239722
32744,39.293463676103244
32745,39.690835938708226
32746,42.11664935447919
32747,40.67574229671456
32748,34.98985029173635
32749,39.2117867276285
32750,48.281655909984636
32751,35.298730883451455
32752,33.897950489659934
32753,34.88219112740762
32754,25.844022732880546
32755,40.66825245501334
32756,24.61026289325749
32757,25.442202951532717
32758,46.99653915941727
32759,61.19599396114819
32760,27.958128461430125
32761,24.7533305135475
32762,15.202505500607469
32763,14.49863853693254
32764,26.82597279873098
32765,19.143442460738267
32766,32.562323313937185
32767,39.9749692089038
32768,18.964887667712915
32769,24.921698285683565
32770,25.19333881471887
32771,21.26958587917639
32772,21.61309404984552
32773,47.887137750059416
32774,24.946891749808422
32775,25.967305802996343
32776,24.13281866919496
32777,21.512262015485376
32778,27.69353593692021
32779,24.59198173040201
32780,29.244165717647434
32781,24.221378525906488
32782,18.076553716261667
32783,46.543259306824865
32784,13.629033711937243
32785,29.45951645644789
32786,30.79392308522336
32787,29.191614545287816
32788,27.125140479497574
32789,23.04483010025097
32790,30.46972217853287
32791,24.968747961135964
32792,19.736416178695627
32793,28.690590976030766
32794,23.77422399821059
32795,18.45707690266008
32796,20.061126555649203
32797,11.804138659219008
32798,66.3267553249439
32799,21.3883561502729
32800,17.23146143012921
32801,12.397236711005155
32802,44.62696016784656
32803,20.530615589370207
32804,5.416981817056207
32805,14.313028835318121
32806,23.98529137911862
32807,18.90140063319447
32808,49.22076367557402
32809,21.806883175021184
32810,13.638060715236822
32811,21.949869229410574
32812,27.808800380854713
32813,25.820929300983273
32814,19.862246655755033
32815,22.332490367312367
32816,15.399526515891264
32817,17.318993154844218
32818,24.019639937549066
32819,16.632608189143053
32820,24.22949267473736
32821,21.231203854824077
32822,24.4492943135127
32823,18.9841056923062
32824,33.185899897001875
32825,15.043478585903156
32826,24.15515813726201
32827,20.430948069107785
32828,20.01835547817071
32829,19.570444848666707
32830,22.734992026553634
32831,13.167006282933936
32832,11.910494986114488
