ID,inventada_xgb
26266,26.203506
26267,40.295506
26268,34.534515
26269,25.07629
26270,18.363739
26271,21.950644
26272,30.763509999999997
26273,38.470947
26274,24.040749
26275,25.53082
26276,23.006319
26277,29.760986000000003
26278,32.401615
26279,23.840096
26280,30.642975
26281,23.583157
26282,22.59515
26283,37.22873
26284,37.757473
26285,23.299911
26286,27.988808
26287,38.042778
26288,29.475906000000002
26289,34.251114
26290,33.82097
26291,34.451706
26292,32.579197
26293,30.978206999999998
26294,22.897545
26295,30.41935
26296,21.826674
26297,25.148958
26298,29.086044
26299,37.25253
26300,40.72907
26301,27.992621999999997
26302,16.403278
26303,31.029204999999997
26304,35.904274
26305,29.879620000000003
26306,33.549046
26307,27.022337
26308,29.95659
26309,41.0664
26310,25.80078
26311,47.679844
26312,29.100605
26313,26.183302
26314,43.247032
26315,32.093384
26316,34.379223
26317,29.18466
26318,1.7967266999999998
26319,37.14871
26320,18.172592
26321,27.604377999999997
26322,29.206985000000003
26323,20.143503
26324,36.553677
26325,21.411118
26326,19.843273
26327,17.258856
26328,28.434306999999997
26329,22.046387
26330,22.204632
26331,18.245653
26332,23.56863
26333,35.38961
26334,15.943642
26335,29.357925
26336,32.85536
26337,34.804752
26338,36.29632
26339,22.267479
26340,29.319589999999998
26341,27.97907
26342,25.442057
26343,36.631744
26344,28.72683
26345,31.920578
26346,36.252777
26347,35.62606
26348,40.814247
26349,40.022736
26350,32.858418
26351,30.191723000000003
26352,32.20213
26353,34.540604
26354,22.964468
26355,25.35014
26356,28.624958
26357,31.453545
26358,30.144275999999998
26359,34.481907
26360,25.021088
26361,11.712784
26362,32.690094
26363,38.359207
26364,27.8906
26365,43.61657
26366,31.669800000000002
26367,42.927826
26368,36.691868
26369,30.768333
26370,28.58117
26371,46.700413
26372,40.755657
26373,37.91135
26374,29.515472000000003
26375,31.03951
26376,40.86977
26377,46.888515
26378,34.1265
26379,37.20407
26380,25.893597
26381,32.606987
26382,22.412003
26383,26.232687
26384,34.92828
26385,25.277267
26386,44.498547
26387,40.953053
26388,51.062145
26389,45.937855
26390,29.473419999999997
26391,21.61829
26392,22.450392
26393,21.553642
26394,36.730442
26395,44.33452
26396,34.3907
26397,52.31692
26398,45.62183
26399,44.393066
26400,44.366516
26401,25.630558
26402,38.216
26403,17.975197
26404,25.449575
26405,23.792482
26406,46.453434
26407,17.240383
26408,25.89781
26409,29.616795000000003
26410,30.830886999999997
26411,34.16999
26412,36.742283
26413,25.344154
26414,34.031414
26415,37.00769
26416,48.419945
26417,55.705025
26418,41.10112
26419,36.95198
26420,58.898773
26421,48.488377
26422,43.11081
26423,30.125835000000002
26424,22.52948
26425,27.245104
26426,36.64453
26427,23.551317
26428,34.40982
26429,38.1141
26430,53.760952
26431,41.150093
26432,44.768513
26433,46.306866
26434,41.28745
26435,42.933556
26436,42.542603
26437,35.598076
26438,31.897858
26439,43.942226
26440,0.34599639999999976
26441,31.185764
26442,42.584972
26443,34.921837
26444,44.423103
26445,37.979355
26446,46.620274
26447,17.968159
26448,36.778408
26449,44.783768
26450,50.879044
26451,30.51956
26452,25.207546
26453,33.429302
26454,22.114557
26455,33.739777
26456,30.68293
26457,33.99054
26458,26.226887
26459,19.71772
26460,22.06628
26461,31.211243000000003
26462,10.008467
26463,19.339384
26464,21.743979
26465,26.458143
26466,27.004568
26467,16.864985
26468,17.57829
26469,14.75828
26470,13.229410000000001
26471,24.65566
26472,18.531218
26473,35.142845
26474,13.823982
26475,30.859554000000003
26476,32.36457
26477,28.838679999999997
26478,26.113306
26479,32.32255
26480,23.033257
26481,27.367874
26482,21.777554
26483,24.639591
26484,24.450304
26485,40.52657
26486,27.419712
26487,27.865177000000003
26488,19.830606
26489,30.602221999999998
26490,25.000553
26491,22.360058
26492,25.167583
26493,20.01677
26494,21.276772
26495,28.02491
26496,25.852737
26497,25.970526
26498,16.164976
26499,16.36109
26500,17.79398
26501,35.645134
26502,27.321917
26503,19.45728
26504,20.518902
26505,19.093554
26506,35.635944
26507,4.700818999999999
26508,18.84525
26509,30.029583000000002
26510,30.550114
26511,20.481672
26512,28.985743999999997
26513,26.937359
26514,17.66318
26515,28.699576999999998
26516,31.226840000000003
26517,31.543568
26518,30.878901999999997
26519,19.506952
26520,29.561714000000002
26521,28.19565
26522,36.757526
26523,22.397078
26524,27.39186
26525,24.422346
26526,30.035027
26527,20.118807
26528,26.538649
26529,29.233759999999997
26530,21.729765
26531,22.035322
26532,29.831932000000002
26533,21.246168
26534,22.339552
26535,21.33338
26536,20.913412
26537,27.899630000000002
26538,26.625837
26539,21.672392
26540,20.435598
26541,15.211441
26542,30.960228
26543,32.047115
26544,29.978920000000002
26545,34.175182
26546,22.896078
26547,22.290565
26548,23.659678
26549,28.4433
26550,26.245789
26551,38.08375
26552,33.514324
26553,36.344425
26554,24.331253
26555,23.737686
26556,49.258377
26557,19.154049
26558,19.404041
26559,37.280407
26560,20.436842
26561,25.038204
26562,30.082079999999998
26563,7.3317049999999995
26564,25.84062
26565,19.661871
26566,28.658478000000002
26567,28.394257000000003
26568,21.7498
26569,34.475975
26570,37.964245
26571,22.717611
26572,3.259582
26573,13.375354999999999
26574,29.129309999999997
26575,31.636868
26576,31.95398
26577,20.35109
26578,27.742325
26579,31.243983999999998
26580,24.294865
26581,37.499065
26582,18.467825
26583,13.94746
26584,28.070923
26585,37.565083
26586,52.37283
26587,23.95873
26588,33.55562
26589,18.417112
26590,19.199728
26591,22.740425
26592,29.56046
26593,53.284126
26594,18.599081
26595,68.7884
26596,39.51149
26597,23.81697
26598,46.7957
26599,39.19653
26600,44.748325
26601,57.88839
26602,30.96273
26603,33.32486
26604,30.882595000000002
26605,33.41646
26606,31.554564999999997
26607,26.587912
26608,39.71992
26609,25.987488
26610,28.751133000000003
26611,34.311916
26612,24.323769
26613,46.197987
26614,55.38058
26615,35.650566
26616,28.591515
26617,48.16051
26618,52.716816
26619,38.99435
26620,44.56983
26621,36.59551
26622,13.385036
26623,28.847893
26624,41.159252
26625,21.737736
26626,28.682217
26627,23.85928
26628,21.210295
26629,18.699825
26630,31.94708
26631,11.793731999999999
26632,26.52144
26633,12.701326000000002
26634,26.112011
26635,32.81438
26636,25.207598
26637,34.72468
26638,24.734211
26639,28.98578
26640,18.710274
26641,31.297676000000003
26642,29.91482
26643,24.345848
26644,24.056408
26645,0.34599639999999976
26646,27.640766
26647,21.588223
26648,16.198975
26649,27.844284000000002
26650,27.775753
26651,28.639865999999998
26652,31.676327
26653,31.104309999999998
26654,37.36381
26655,30.290615000000003
26656,32.367542
26657,30.915923999999997
26658,43.935688
26659,28.208280000000002
26660,34.418755
26661,22.111732
26662,25.944157
26663,48.98998
26664,28.636580000000002
26665,33.457714
26666,25.351286
26667,19.620064
26668,25.159172
26669,20.488384
26670,24.138378
26671,23.07638
26672,20.204962
26673,35.740204
26674,24.389866
26675,34.26652
26676,33.24215
26677,35.436172
26678,30.276386000000002
26679,28.911223999999997
26680,23.204346
26681,30.665526999999997
26682,36.312622
26683,16.92115
26684,9.506234
26685,28.41091
26686,15.755789
26687,47.80883
26688,41.349827
26689,41.50535
26690,27.276302
26691,32.883762
26692,26.404308
26693,37.59882
26694,22.463049
26695,21.336031
26696,47.820408
26697,41.9601
26698,18.195738
26699,19.990046
26700,27.231035
26701,23.762327
26702,39.585793
26703,47.84589
26704,30.347625999999998
26705,33.06464
26706,48.33028
26707,41.51939
26708,26.535606
26709,33.317993
26710,26.232687
26711,28.736446
26712,23.610538
26713,23.21658
26714,24.245924
26715,44.385735
26716,34.774277
26717,42.350464
26718,35.088444
26719,30.805923
26720,39.617115
26721,39.007664
26722,27.849780000000003
26723,41.514915
26724,35.59855
26725,28.78159
26726,23.57034
26727,31.939529999999998
26728,20.212372
26729,27.595019999999998
26730,33.448063
26731,40.2319
26732,34.480457
26733,26.275478
26734,19.771755
26735,28.952526
26736,29.005085
26737,25.767445
26738,35.865746
26739,34.517353
26740,17.98312
26741,40.177628
26742,29.519073
26743,26.180733
26744,24.60768
26745,32.289616
26746,23.995298
26747,35.217987
26748,22.975456
26749,33.274296
26750,34.54177
26751,39.606613
26752,42.00864
26753,35.324017
26754,38.931812
26755,20.434893
26756,32.326553
26757,12.616700999999999
26758,20.527283
26759,27.106106
26760,19.496466
26761,37.98498
26762,47.771484
26763,27.972790000000003
26764,39.358086
26765,45.3338
26766,26.489595
26767,22.354193
26768,18.986502
26769,33.961803
26770,30.953766
26771,39.66739
26772,44.95077
26773,39.13084
26774,27.447466
26775,23.476963
26776,50.002945
26777,21.192488
26778,40.84221
26779,35.895397
26780,18.804865
26781,22.840174
26782,52.158775
26783,26.373217
26784,25.336699
26785,16.338598
26786,17.927961
26787,23.495003
26788,25.705515
26789,33.741524
26790,16.166845
26791,15.166262
26792,25.334753
26793,24.92322
26794,28.596485
26795,44.794556
26796,27.686065999999997
26797,29.763427999999998
26798,34.840187
26799,44.419624
26800,44.34085
26801,32.073925
26802,30.691345
26803,32.129555
26804,42.187325
26805,47.255966
26806,37.018852
26807,53.640312
26808,44.28838
26809,28.961636
26810,42.979008
26811,31.613308000000004
26812,26.24973
26813,38.28647
26814,41.213367
26815,47.94215
26816,36.281357
26817,55.607246
26818,41.244385
26819,31.533369999999998
26820,25.79636
26821,22.699295
26822,44.08116
26823,35.06313
26824,60.73949
26825,30.993049999999997
26826,28.806213
26827,59.81072
26828,29.494267
26829,34.936195
26830,26.87811
26831,46.246784
26832,36.6628
26833,40.693184
26834,39.989002
26835,32.37383
26836,44.550964
26837,55.391373
26838,45.388832
26839,4.518988
26840,26.60519
26841,35.779118
26842,47.58854
26843,34.87917
26844,35.40179
26845,27.493904
26846,36.19389
26847,22.527813
26848,42.446556
26849,47.420082
26850,35.67531
26851,27.772750000000002
26852,35.945385
26853,48.234295
26854,65.00422
26855,50.684162
26856,44.63397
26857,53.442326
26858,35.90633
26859,33.802967
26860,50.638817
26861,37.190983
26862,36.500175
26863,36.218235
26864,35.592316
26865,37.82391
26866,35.510914
26867,40.389874
26868,50.34668
26869,39.419518
26870,53.42629
26871,44.2727
26872,46.328354
26873,27.029491
26874,39.816875
26875,40.60207
26876,37.80182
26877,51.47499
26878,57.722343
26879,36.284176
26880,50.540405
26881,48.356636
26882,48.424103
26883,48.05957
26884,41.70295
26885,33.684467
26886,40.110603
26887,31.439210000000003
26888,50.989483
26889,43.17846
26890,26.523037
26891,39.46896
26892,49.383816
26893,32.31047
26894,35.295895
26895,44.48113
26896,36.756046
26897,52.446808
26898,38.367325
26899,51.8072
26900,56.549366
26901,39.392902
26902,44.2687
26903,39.61093
26904,27.346209
26905,47.350792
26906,51.67452
26907,38.226425
26908,42.134438
26909,53.145596
26910,36.684837
26911,56.555958
26912,41.796055
26913,51.757164
26914,38.960526
26915,35.59957
26916,45.166653
26917,63.405950000000004
26918,42.436672
26919,40.150517
26920,37.914074
26921,43.984715
26922,35.854492
26923,30.876289999999997
26924,36.836422
26925,37.17473
26926,29.045467000000002
26927,35.78357
26928,42.53908
26929,37.55878
26930,33.496326
26931,32.808636
26932,35.643894
26933,35.403038
26934,37.863457
26935,34.937313
26936,38.752247
26937,37.276543
26938,39.09465
26939,30.039250000000003
26940,34.729713
26941,36.698627
26942,28.613174
26943,37.871403
26944,48.440235
26945,49.942005
26946,44.398396
26947,26.344759
26948,32.761936
26949,32.14
26950,28.196533000000002
26951,37.555878
26952,33.9933
26953,44.400406
26954,35.062954
26955,38.70006
26956,35.169296
26957,35.568375
26958,34.859287
26959,32.85052
26960,41.274506
26961,37.65828
26962,35.434635
26963,27.16512
26964,41.959633
26965,37.15807
26966,37.04236
26967,34.34588
26968,47.27247
26969,42.27418
26970,37.75922
26971,35.612274
26972,40.97306
26973,36.660343
26974,36.882885
26975,22.373276
26976,40.136314
26977,38.82402
26978,40.775295
26979,34.28689
26980,36.259094
26981,33.79791
26982,40.55793
26983,49.388313
26984,41.795494
26985,45.16495
26986,35.060658
26987,32.459476
26988,40.37999
26989,30.066803
26990,47.433964
26991,33.236458
26992,53.22632
26993,30.730452999999997
26994,33.880928
26995,39.770542
26996,42.832493
26997,32.51705
26998,33.554817
26999,32.788605
27000,40.59255
27001,27.972009999999997
27002,36.85665
27003,34.1254
27004,34.685833
27005,36.28062
27006,27.536662999999997
27007,24.813328
27008,35.155052
27009,31.792397
27010,28.4306
27011,33.29365
27012,50.602062
27013,35.88537
27014,32.62581
27015,32.318073
27016,27.658775
27017,36.39093
27018,30.651927999999998
27019,31.487389999999998
27020,43.80944
27021,34.12988
27022,37.089863
27023,40.21347
27024,37.44574
27025,32.33635
27026,21.724037
27027,38.60292
27028,34.896217
27029,40.989307
27030,48.153236
27031,29.488777
27032,13.123293
27033,28.98787
27034,38.906265
27035,39.909218
27036,44.562965
27037,45.97766
27038,39.037754
27039,36.73219
27040,40.23554
27041,40.666065
27042,41.245243
27043,25.247467
27044,39.799164
27045,36.67942
27046,44.717712
27047,32.96723
27048,40.743256
27049,39.267933
27050,53.67602
27051,32.87353
27052,43.438503
27053,50.481804
27054,36.331074
27055,32.8344
27056,36.223503
27057,40.186672
27058,21.57133
27059,31.225502
27060,33.53136
27061,39.99402
27062,43.161396
27063,34.82046
27064,41.17217
27065,29.237319999999997
27066,22.737774
27067,41.215374
27068,44.47623
27069,35.128063
27070,41.357327
27071,32.827698
27072,41.981205
27073,40.25504
27074,39.355797
27075,37.54305
27076,49.49201
27077,39.12123
27078,38.945328
27079,32.75682
27080,31.077225
27081,31.81825
27082,38.72205
27083,43.81936
27084,42.35539
27085,44.262512
27086,47.1093
27087,41.439114
27088,43.518158
27089,28.26844
27090,28.578285
27091,38.740997
27092,37.320614
27093,42.17795
27094,42.356205
27095,40.60514
27096,46.163635
27097,34.906334
27098,39.62486
27099,47.450176
27100,43.58274
27101,37.53459
27102,42.345184
27103,35.757607
27104,34.68967
27105,45.50942
27106,31.635413999999997
27107,39.55768
27108,34.426456
27109,42.731693
27110,29.306240000000003
27111,34.01663
27112,37.76268
27113,37.253464
27114,45.920666
27115,23.871645
27116,34.614216
27117,33.692436
27118,44.620693
27119,38.46214
27120,43.04824
27121,42.18663
27122,30.103251999999998
27123,24.129211
27124,30.117596
27125,27.676952
27126,35.0619
27127,30.03613
27128,39.096664
27129,29.676319999999997
27130,35.85886
27131,39.405186
27132,37.242466
27133,27.522796999999997
27134,38.763805
27135,35.09311
27136,36.93247
27137,34.878475
27138,25.593716
27139,35.347454
27140,40.656025
27141,30.116737
27142,28.2716
27143,43.227848
27144,46.27346
27145,29.4852
27146,19.46897
27147,45.78337
27148,23.01773
27149,43.743046
27150,35.47598
27151,23.510569
27152,31.507637000000003
27153,33.175835
27154,37.93476
27155,40.401413
27156,37.296764
27157,48.150063
27158,33.30904
27159,40.183098
27160,26.879538
27161,31.690886999999996
27162,37.63166
27163,38.42857
27164,34.140236
27165,32.14015
27166,43.85846
27167,30.263466
27168,29.04293
27169,48.773735
27170,48.21499
27171,36.18599
27172,19.04956
27173,33.90745
27174,39.90906
27175,37.283127
27176,80.86223
27177,22.767675
27178,30.393295000000002
27179,32.506634
27180,41.452732
27181,27.463554
27182,31.933549999999997
27183,35.577137
27184,31.603836
27185,38.445927
27186,27.636246
27187,38.570755
27188,34.372047
27189,38.547703
27190,32.640217
27191,47.762074
27192,34.472
27193,24.200403
27194,56.157547
27195,37.587296
27196,34.140564
27197,16.25565
27198,44.684887
27199,41.538593
27200,36.72167
27201,24.61839
27202,27.486998
27203,29.03167
27204,35.413548
27205,37.41564
27206,31.658997
27207,31.243813000000003
27208,32.950314
27209,29.973840000000003
27210,29.148144000000002
27211,39.20303
27212,34.29631
27213,26.971678
27214,34.380337
27215,35.940475
27216,49.039566
27217,54.171383
27218,37.468815
27219,56.11869
27220,46.79142
27221,39.455036
27222,45.907364
27223,68.356636
27224,49.34364
27225,43.657715
27226,36.82812
27227,38.324825
27228,37.82391
27229,42.448135
27230,45.614056
27231,79.55983
27232,21.21711
27233,32.197594
27234,43.678844
27235,41.483734
27236,29.377884
27237,57.88494
27238,28.120593999999997
27239,42.574566
27240,33.38689
27241,34.99856
27242,45.94464
27243,42.11549
27244,34.514503
27245,22.54993
27246,41.656742
27247,38.574127
27248,73.505
27249,36.2503
27250,54.36028
27251,33.5862
27252,54.85604
27253,40.844746
27254,38.5879
27255,35.125248
27256,42.433487
27257,35.132374
27258,55.166668
27259,33.375057
27260,47.65119
27261,60.301674000000006
27262,46.408714
27263,44.712067
27264,37.145325
27265,48.18894
27266,40.74059
27267,67.58839
27268,41.696205
27269,50.59809
27270,42.08125
27271,30.448845
27272,41.570156
27273,43.61862
27274,34.76105
27275,38.640232
27276,45.865643
27277,22.559778
27278,30.219715
27279,39.668133
27280,36.030106
27281,40.40309
27282,27.749626
27283,38.941784
27284,43.27199
27285,39.416286
27286,35.055935
27287,35.52269
27288,37.76095
27289,51.91661
27290,37.915493
27291,46.866177
27292,39.828037
27293,36.450035
27294,35.379528
27295,39.60376
27296,22.233244
27297,36.99814
27298,50.087868
27299,44.392094
27300,37.964115
27301,41.5875
27302,36.206055
27303,39.301582
27304,34.893433
27305,29.126644
27306,44.640873
27307,39.39319
27308,62.94964
27309,40.241707
27310,42.41288
27311,52.731796
27312,50.50485
27313,39.81647
27314,34.266346
27315,35.145073
27316,39.804283
27317,25.681883
27318,45.977505
27319,41.39341
27320,52.35928
27321,47.694935
27322,36.20045
27323,41.03152
27324,44.030434
27325,31.348453999999997
27326,37.314438
27327,42.45284
27328,49.641533
27329,36.96168
27330,42.486435
27331,47.034634
27332,39.570568
27333,49.01412
27334,28.125572
27335,37.539085
27336,21.119352
27337,30.621029999999998
27338,42.678146
27339,28.038760000000003
27340,33.661427
27341,37.09575
27342,34.825726
27343,39.970833
27344,44.688763
27345,29.504530000000003
27346,31.650280000000002
27347,34.82271
27348,30.473022
27349,42.247593
27350,52.462326
27351,30.821198000000003
27352,23.983364
27353,28.121895000000002
27354,36.938484
27355,32.903706
27356,47.4341
27357,45.0944
27358,34.833202
27359,37.365376
27360,18.97976
27361,48.599266
27362,30.814369999999997
27363,23.104898
27364,43.403805
27365,29.724102000000002
27366,27.538727
27367,29.705948
27368,30.554409999999997
27369,33.52752
27370,35.67508
27371,35.92674
27372,19.874775
27373,32.44889
27374,42.09821
27375,28.174522000000003
27376,34.37103
27377,31.69726
27378,34.32346
27379,22.036417
27380,29.368225000000002
27381,46.990955
27382,36.002556
27383,31.091465
27384,47.43287
27385,46.823574
27386,37.501503
27387,28.991795000000003
27388,37.406128
27389,49.644024
27390,46.15053
27391,40.195637
27392,25.077312
27393,39.416164
27394,39.240685
27395,45.51435
27396,44.873016
27397,30.262279999999997
27398,18.14966
27399,29.241444
27400,33.873955
27401,34.780205
27402,23.501678
27403,39.214684
27404,31.802287999999997
27405,21.8473
27406,34.287445
27407,34.30625
27408,27.537502000000003
27409,14.745591999999998
27410,24.452883
27411,48.633213
27412,43.37403
27413,36.20454
27414,46.64908
27415,43.507652
27416,43.94808
27417,31.628909999999998
27418,28.431477
27419,41.855865
27420,36.45909
27421,42.43188
27422,28.050759999999997
27423,42.557476
27424,35.552223
27425,46.15053
27426,43.62976
27427,33.180344
27428,28.487105999999997
27429,46.436325
27430,21.08858
27431,34.751114
27432,36.929455
27433,30.791527000000002
27434,25.49117
27435,36.098022
27436,44.541798
27437,38.67902
27438,27.054298
27439,43.149105
27440,35.636127
27441,31.46698
27442,39.10814
27443,36.744095
27444,23.559748
27445,42.678146
27446,21.571445
27447,26.618858
27448,28.576473
27449,27.792847000000002
27450,27.541325
27451,36.435093
27452,30.633373
27453,22.641397
27454,40.55895
27455,23.325527
27456,38.02218
27457,36.59063
27458,24.747818
27459,32.48392
27460,22.225296
27461,30.985844
27462,36.753654
27463,35.70535
27464,36.75203
27465,31.198074
27466,23.752018
27467,22.477777
27468,30.148090000000003
27469,47.607506
27470,23.18989
27471,30.149386999999997
27472,11.091963
27473,22.118942
27474,36.742332
27475,28.983852
27476,27.636110000000002
27477,19.539526
27478,30.78031
27479,43.86881
27480,28.867240000000002
27481,30.407124000000003
27482,33.339954
27483,44.93354
27484,41.60971
27485,41.60148
27486,43.650402
27487,29.66693
27488,40.78282
27489,40.96126
27490,37.969997
27491,30.36119
27492,26.015522
27493,38.514168
27494,39.74434
27495,49.55661
27496,28.304389999999998
27497,32.192883
27498,36.069374
27499,30.651894
27500,33.84341
27501,39.079887
27502,42.60971
27503,34.600475
27504,21.75599
27505,39.77715
27506,28.31993
27507,37.435673
27508,20.473433
27509,48.68859
27510,40.069477
27511,29.341053000000002
27512,46.345116
27513,25.375132
27514,34.359493
27515,34.683388
27516,26.702618
27517,34.386135
27518,37.75353
27519,21.46738
27520,34.924862
27521,37.73181
27522,37.397255
27523,33.39789
27524,40.71577
27525,37.177734
27526,32.511074
27527,37.290024
27528,46.579678
27529,43.100372
27530,45.138485
27531,40.410748
27532,39.488655
27533,39.10718
27534,40.247364
27535,41.492027
27536,34.305515
27537,39.94101
27538,36.023613
27539,35.065163
27540,39.60547
27541,37.061195
27542,29.670765000000003
27543,36.51107
27544,33.483646
27545,44.427193
27546,38.079437
27547,42.887882
27548,58.527683
27549,46.715893
27550,38.501602
27551,43.326424
27552,32.469765
27553,35.68355
27554,38.963505
27555,26.305668
27556,47.30442
27557,44.781612
27558,51.26893
27559,42.279808
27560,63.229195000000004
27561,43.882526
27562,45.580585
27563,48.072777
27564,40.96619
27565,41.401035
27566,47.586044
27567,44.377953
27568,49.964798
27569,39.791466
27570,45.776463
27571,61.792145000000005
27572,47.425755
27573,54.09865
27574,41.497467
27575,36.997513
27576,48.94511
27577,54.3286
27578,57.512257
27579,32.632236
27580,59.193897
27581,59.522090000000006
27582,42.171654
27583,46.9158
27584,44.832157
27585,71.79331
27586,58.272907
27587,52.361485
27588,44.29602
27589,46.259506
27590,52.930374
27591,41.76468
27592,52.813637
27593,60.61506
27594,39.877243
27595,47.645008
27596,50.27368
27597,62.301919999999996
27598,47.23439
27599,35.89273
27600,55.870617
27601,43.059315
27602,56.80784
27603,63.25198
27604,43.74417
27605,29.817272000000003
27606,70.85632
27607,41.206627
27608,48.90691
27609,46.53188
27610,43.046577
27611,44.054497
27612,30.632710000000003
27613,43.864677
27614,51.64798
27615,39.29401
27616,45.62942
27617,37.857124
27618,35.818546
27619,40.71149
27620,44.633827
27621,41.35725
27622,28.855614000000003
27623,49.841194
27624,31.278038000000002
27625,50.326866
27626,47.48015
27627,42.3737
27628,31.884724
27629,44.39903
27630,30.899901999999997
27631,36.74737
27632,53.698643
27633,32.93668
27634,36.367027
27635,36.300064
27636,46.352894
27637,28.49649
27638,38.35006
27639,39.030354
27640,30.828969999999998
27641,57.41396
27642,43.37089
27643,41.77371
27644,39.394432
27645,34.563972
27646,38.276295
27647,24.613737
27648,30.126117999999998
27649,41.78301
27650,14.137466
27651,12.298383999999999
27652,19.472754
27653,18.335854
27654,27.043638
27655,40.306618
27656,1.6493330000000004
27657,30.036346
27658,30.349136
27659,19.663849
27660,32.913475
27661,25.19777
27662,12.598372000000001
27663,19.507883
27664,35.956783
27665,26.30549
27666,43.853203
27667,16.006268
27668,26.994207
27669,20.878183
27670,17.453978
27671,50.54807
27672,20.907852
27673,10.310795
27674,19.275335
27675,20.517431
27676,33.84551
27677,20.077461
27678,10.109964
27679,20.583538
27680,24.677563
27681,22.717028
27682,23.560234
27683,20.135386
27684,18.892275
27685,43.216335
27686,33.05252
27687,46.398872
27688,19.715273
27689,27.171991
27690,30.182022000000003
27691,30.144440000000003
27692,30.439273999999997
27693,16.98835
27694,5.177861999999999
27695,30.692726
27696,36.818287
27697,33.828594
27698,32.42635
27699,61.57758
27700,13.441033999999998
27701,20.991695
27702,21.482239
27703,37.19768
27704,27.739445000000003
27705,19.952454
27706,23.347315
27707,26.001974
27708,0.9257429999999998
27709,22.178942
27710,34.31707
27711,29.15352
27712,30.485233
27713,22.218515
27714,33.691086
27715,42.437405
27716,30.167034
27717,17.905571
27718,32.77312
27719,9.333156
27720,33.676033
27721,63.659909999999996
27722,18.00314
27723,17.556128
27724,20.20742
27725,20.784887
27726,19.685965
27727,35.62995
27728,23.936918
27729,38.52965
27730,27.176527
27731,29.500237
27732,37.151608
27733,8.6199255
27734,35.031296
27735,26.251137
27736,28.412086000000002
27737,26.658371
27738,20.438444
27739,30.455795000000002
27740,29.156799999999997
27741,25.681381
27742,12.537047999999999
27743,27.19581
27744,37.0141
27745,38.08522
27746,27.25787
27747,26.00366
27748,30.317104
27749,34.02471
27750,37.115574
27751,52.034176
27752,52.613346
27753,42.52567
27754,34.101414
27755,38.94605
27756,39.6045
27757,51.895638
27758,38.98648
27759,33.16855
27760,42.190174
27761,42.99673
27762,24.853117
27763,21.665962
27764,45.367786
27765,39.141693
27766,36.576813
27767,46.458458
27768,40.822746
27769,24.59648
27770,38.74175
27771,31.844215
27772,28.695476999999997
27773,35.038982
27774,47.03859
27775,29.884563
27776,27.003897
27777,42.09577
27778,49.40981
27779,41.982895
27780,8.2898655
27781,51.636364
27782,44.504726
27783,38.065247
27784,34.416237
27785,21.350508
27786,30.339638
27787,36.6347
27788,45.874626
27789,37.664062
27790,49.583927
27791,34.32222
27792,37.482567
27793,30.485233
27794,34.89509
27795,34.590694
27796,42.652122
27797,35.142654
27798,40.10952
27799,36.897594
27800,22.46309
27801,32.110477
27802,31.892159999999997
27803,35.10127
27804,32.70653
27805,26.223953
27806,46.16092
27807,43.60231
27808,32.859974
27809,37.214535
27810,29.451079999999997
27811,31.750683000000002
27812,41.843426
27813,36.78004
27814,32.391407
27815,35.84887
27816,33.673523
27817,41.751038
27818,27.256618
27819,32.598866
27820,26.74396
27821,35.738586
27822,49.598732
27823,38.492744
27824,36.504612
27825,35.2363
27826,35.674942
27827,39.261562
27828,26.12205
27829,34.816338
27830,42.181904
27831,44.767277
27832,36.197063
27833,39.963253
27834,40.192875
27835,40.69108
27836,37.2732
27837,42.23816
27838,38.41287
27839,28.0017
27840,40.585457
27841,29.187739999999998
27842,36.35928
27843,50.935745
27844,33.080284
27845,35.939175
27846,46.56262
27847,35.44569
27848,34.907448
27849,34.80117
27850,47.268192
27851,31.31789
27852,38.825886
27853,40.4462
27854,31.202305000000003
27855,46.843
27856,35.439312
27857,36.899094
27858,37.08632
27859,50.00015
27860,36.021374
27861,36.986145
27862,31.28844
27863,56.274372
27864,31.850597
27865,28.161540000000002
27866,39.9966
27867,66.14655
27868,46.322327
27869,27.538338000000003
27870,38.577682
27871,35.91251
27872,31.755012999999998
27873,47.973366
27874,37.950783
27875,33.351536
27876,13.466068
27877,38.254353
27878,10.886353
27879,33.82733
27880,27.490377
27881,37.555588
27882,35.54693
27883,32.073147
27884,24.445635
27885,19.20751
27886,14.986866
27887,21.982689
27888,29.161278000000003
27889,13.439869000000002
27890,26.990555
27891,33.773296
27892,3.627103999999999
27893,15.94133
27894,20.032368
27895,28.727085000000002
27896,16.221056
27897,24.218603
27898,25.786522
27899,22.43701
27900,39.374306
27901,28.79323
27902,25.998104
27903,24.319395
27904,20.462048
27905,5.953734000000001
27906,34.30962
27907,17.664635
27908,16.694376
27909,31.670498000000002
27910,31.083107
27911,27.728682999999997
27912,9.299582
27913,17.513367
27914,24.967722
27915,24.498755
27916,17.343653
27917,41.88107
27918,9.211916
27919,30.109454999999997
27920,39.25115
27921,43.023674
27922,13.571022
27923,23.101622
27924,33.832726
27925,23.964697
27926,26.671515
27927,11.52423
27928,25.577972
27929,15.673872
27930,24.526234
27931,36.76333
27932,26.805109
27933,22.767836
27934,33.133583
27935,26.586668
27936,28.947502
27937,29.293979999999998
27938,15.099025999999999
27939,29.434154999999997
27940,50.635983
27941,18.91798
27942,5.143943999999999
27943,21.772287
27944,23.68888
27945,21.033442
27946,34.98525
27947,21.000055
27948,29.011936
27949,31.265224000000003
27950,39.76849
27951,39.186977
27952,44.105877
27953,26.587303
27954,26.691715
27955,43.81982
27956,9.071203
27957,13.794765000000002
27958,19.06383
27959,47.18167
27960,34.045124
27961,7.297610000000001
27962,16.064499
27963,35.446785
27964,37.215008
27965,7.522421
27966,28.439003
27967,55.25977
27968,11.022507
27969,20.34842
27970,37.984806
27971,25.689188
27972,18.295439
27973,8.617603
27974,25.43825
27975,20.632925
27976,8.562088
27977,4.967736
27978,18.296331
27979,10.604047
27980,6.103963
27981,6.062982
27982,38.776745
27983,18.565699
27984,24.352053
27985,42.93282
27986,3.3539022999999997
27987,12.597952
27988,11.17885
27989,21.737795
27990,24.191425
27991,25.826569
27992,16.756887
27993,15.044357000000002
27994,20.145939
27995,23.414469
27996,35.10127
27997,9.269748
27998,20.26717
27999,6.875826
28000,28.414569999999998
28001,42.11364
28002,30.459335000000003
28003,22.433266
28004,16.554636
28005,17.564083
28006,1.8551006
28007,15.507196
28008,21.260054
28009,24.38527
28010,12.773482999999999
28011,7.853815000000001
28012,8.784045
28013,17.304525
28014,33.731796
28015,10.667382
28016,30.121741999999998
28017,27.260933
28018,17.476147
28019,36.107162
28020,31.542285999999997
28021,14.817165
28022,18.389635
28023,20.432049
28024,26.013361
28025,23.126202
28026,32.412384
28027,21.408722
28028,11.109577
28029,24.862272
28030,16.320793
28031,26.878119
28032,15.063033999999998
28033,22.657295
28034,22.930645
28035,27.825927999999998
28036,21.926125
28037,23.745619
28038,30.134563
28039,17.595442
28040,10.706946
28041,32.255005
28042,13.487563999999999
28043,20.674412
28044,21.383188
28045,42.857677
28046,23.484674
28047,13.105906999999998
28048,4.975742
28049,34.468067
28050,46.543224
28051,34.698696
28052,30.070445999999997
28053,31.176304000000002
28054,41.726177
28055,32.116146
28056,20.922703
28057,13.725828
28058,38.764694
28059,55.505836
28060,47.00425
28061,44.558567
28062,39.15199
28063,31.6982
28064,37.72195
28065,44.45545
28066,48.823837
28067,46.310196
28068,41.034115
28069,34.825485
28070,44.10431
28071,33.62548
28072,30.669415
28073,46.46974
28074,35.102577
28075,38.620953
28076,42.630444
28077,37.350765
28078,38.254353
28079,39.9981
28080,45.00903
28081,44.885677
28082,43.657715
28083,43.981483
28084,59.47201
28085,45.42791
28086,49.927876
28087,46.08897
28088,45.497784
28089,36.840805
28090,64.19204
28091,39.381275
28092,29.12164
28093,36.780445
28094,31.737114
28095,54.92552
28096,41.770992
28097,52.030087
28098,32.21411
28099,31.859589999999997
28100,43.145103
28101,45.51767
28102,37.094654
28103,35.05857
28104,31.856236000000003
28105,34.49951
28106,29.718760000000003
28107,19.136137
28108,19.815239
28109,33.260414
28110,40.048138
28111,45.032715
28112,18.259903
28113,24.697592
28114,34.116184
28115,29.68806
28116,20.831945
28117,33.53905
28118,19.949306
28119,27.405718
28120,25.041534
28121,26.390625
28122,34.083206
28123,24.939262
28124,30.149653999999998
28125,32.968193
28126,32.15241
28127,38.170822
28128,21.774004
28129,27.438038
28130,25.409203
28131,25.202635
28132,28.014477
28133,23.665747
28134,25.177208
28135,38.960716
28136,30.358936
28137,33.47583
28138,35.43171
28139,18.835775
28140,26.717897
28141,30.210648
28142,41.513554
28143,23.144258
28144,21.766878
28145,27.800669999999997
28146,21.858404
28147,29.522647999999997
28148,24.865534
28149,35.57483
28150,28.047417000000003
28151,33.483818
28152,29.496605000000002
28153,29.314456999999997
28154,42.23335
28155,30.072887
28156,32.929028
28157,30.318275
28158,32.99893
28159,25.047243
28160,29.217599999999997
28161,25.508455
28162,24.171898
28163,33.725624
28164,33.969975
28165,37.73009
28166,25.75721
28167,23.455458
28168,28.39629
28169,31.107044000000002
28170,35.39047
28171,38.527977
28172,32.881687
28173,40.968895
28174,41.18286
28175,30.96139
28176,41.16009
28177,31.989800000000002
28178,36.878586
28179,35.41197
28180,28.95984
28181,37.508068
28182,39.12174
28183,28.725914000000003
28184,35.42917
28185,27.887860000000003
28186,27.08399
28187,31.922882
28188,26.684168
28189,32.484726
28190,40.67408
28191,37.915024
28192,24.032825
28193,32.9654
28194,39.596714
28195,35.933384
28196,36.25111
28197,33.839523
28198,35.76628
28199,33.974266
28200,40.694157
28201,33.825222
28202,42.164536
28203,29.206726000000003
28204,24.033234
28205,41.053864
28206,43.28778
28207,22.385021
28208,37.130035
28209,51.457104
28210,40.950325
28211,33.61958
28212,44.719917
28213,32.033085
28214,25.818247
28215,30.190308
28216,34.598415
28217,38.944386
28218,32.955914
28219,35.846886
28220,27.710217
28221,35.849316
28222,65.02479
28223,21.344122
28224,30.523273000000003
28225,21.393063
28226,41.679848
28227,38.12998
28228,30.36907
28229,33.707787
28230,34.654156
28231,17.097265
28232,17.956533
28233,35.325497
28234,35.86209
28235,71.78363
28236,13.83257
28237,34.990314
28238,36.8129
28239,35.172436
28240,32.94662
28241,32.117855
28242,20.440754
28243,26.971823
28244,29.455364000000003
28245,39.590828
28246,26.684504
28247,37.22093
28248,28.646683000000003
28249,35.23631
28250,25.826904
28251,18.318111
28252,32.564457
28253,38.77967
28254,25.43139
28255,47.612537
28256,45.276993
28257,40.43507
28258,27.03834
28259,44.11379
28260,45.968567
28261,34.284683
28262,27.43511
28263,37.648567
28264,30.669857
28265,37.960392
28266,39.687172
28267,39.545628
28268,51.743214
28269,41.850372
28270,25.31849
28271,25.25962
28272,49.18453
28273,39.038116
28274,44.473
28275,33.46127
28276,33.37439
28277,40.104145
28278,42.986286
28279,21.710972
28280,51.45636
28281,34.078133
28282,42.147606
28283,44.221455
28284,41.413685
28285,29.151527
28286,38.629078
28287,30.872166
28288,28.989212000000002
28289,46.011997
28290,36.42621
28291,41.728737
28292,43.685352
28293,33.508823
28294,39.246273
28295,23.087055
28296,43.419758
28297,36.015434
28298,22.998844
28299,42.908028
28300,38.114628
28301,27.296062
28302,65.02479
28303,35.510914
28304,32.31047
28305,36.13204
28306,32.276978
28307,39.419518
28308,41.787666
28309,32.038395
28310,38.578316
28311,36.31728
28312,37.839832
28313,32.287807
28314,39.013885
28315,42.436672
28316,29.41147
28317,33.94325
28318,43.50836
28319,37.80976
28320,34.505775
28321,47.1499
28322,39.10718
28323,54.486866
28324,42.962452
28325,35.275105
28326,35.17379
28327,36.42332
28328,44.1464
28329,29.99684
28330,34.48633
28331,27.187292
28332,33.353397
28333,30.606409999999997
28334,31.88572
28335,32.602097
28336,36.18553
28337,42.65566
28338,36.548294
28339,30.13351
28340,38.109222
28341,36.06094
28342,42.17607
28343,35.431496
28344,41.58788
28345,42.91872
28346,32.935116
28347,19.296698
28348,34.500248
28349,41.91386
28350,34.511223
28351,35.794346
28352,37.587162
28353,29.10185
28354,34.683254
28355,31.048595
28356,48.119877
28357,26.83375
28358,42.064083
28359,35.45553
28360,27.009579
28361,33.997147
28362,41.947704
28363,46.694714
28364,39.59334
28365,39.0676
28366,36.227844
28367,40.739124
28368,50.49759
28369,34.85787
28370,39.722603
28371,52.93368
28372,34.438538
28373,42.268948
28374,46.030586
28375,32.49223
28376,47.7406
28377,51.37918
28378,33.49269
28379,26.447004
28380,35.776424
28381,31.378773000000002
28382,37.727577
28383,20.770287
28384,38.94722
28385,51.277225
28386,31.582645
28387,30.316074
28388,33.04646
28389,36.986076
28390,31.901455
28391,42.915436
28392,44.18091
28393,27.232212
28394,27.160091
28395,29.981293
28396,28.1884
28397,35.346626
28398,28.390343
28399,38.23248
28400,41.0926
28401,33.180023
28402,29.108734
28403,32.912987
28404,19.7572
28405,39.530064
28406,28.694719999999997
28407,20.605986
28408,32.750175
28409,24.853117
28410,34.684486
28411,24.418991
28412,21.344122
28413,20.361538
28414,28.628082
28415,43.6219
28416,16.33903
28417,44.779324
28418,26.787312
28419,34.79954
28420,39.891457
28421,12.789860000000001
28422,30.028526
28423,20.448904
28424,30.172690000000003
28425,18.900934
28426,36.633415
28427,4.045062
28428,20.190826
28429,37.458096
28430,26.30549
28431,22.588638
28432,16.90011
28433,40.28504
28434,28.977359999999997
28435,39.60835
28436,41.900345
28437,33.582325
28438,36.969006
28439,28.840297999999997
28440,46.05325
28441,40.24728
28442,32.864502
28443,42.360844
28444,23.454084
28445,50.50675
28446,36.280045
28447,29.595824999999998
28448,42.69606
28449,38.674297
28450,33.182697
28451,35.71449
28452,36.609444
28453,39.878536
28454,36.239586
28455,37.176403
28456,39.72342
28457,35.33818
28458,23.58791
28459,36.407978
28460,34.763588
28461,39.98942
28462,31.16073
28463,36.154602
28464,30.871086
28465,35.604797
28466,28.917810000000003
28467,37.396805
28468,35.51735
28469,27.257042
28470,26.935078
28471,23.140959
28472,19.322105
28473,21.903437
28474,26.755259
28475,37.739475
28476,11.072575
28477,17.73324
28478,27.822474999999997
28479,18.532606
28480,23.294497
28481,11.416732
28482,22.198053
28483,4.707266000000001
28484,29.802483000000002
28485,12.556393
28486,20.212402
28487,37.48046
28488,23.406193
28489,19.008108
28490,16.36124
28491,28.489666
28492,7.768955
28493,28.162889999999997
28494,31.647667
28495,32.36869
28496,33.1999
28497,50.54807
28498,5.177861999999999
28499,22.527542
28500,20.878183
28501,25.523062
28502,30.349136
28503,15.076453999999998
28504,27.21191
28505,19.259336
28506,19.685965
28507,21.174284
28508,5.739998
28509,9.490629
28510,48.66058
28511,42.623665
28512,36.905254
28513,36.756874
28514,36.99184
28515,16.006268
28516,37.718597
28517,29.48046
28518,26.899174
28519,17.537188
28520,16.47743
28521,38.13689
28522,28.439003
28523,36.202507
28524,48.418606
28525,23.863287
28526,28.598644
28527,35.190628
28528,42.52567
28529,19.732086
28530,20.69134
28531,29.978650000000002
28532,37.448208
28533,31.29878
28534,24.418991
28535,14.360947
28536,41.053677
28537,15.507196
28538,28.263016
28539,27.631664
28540,36.871193
28541,28.99691
28542,26.07353
28543,34.5709
28544,25.0127
28545,39.492535
28546,17.983746
28547,22.060495
28548,14.477518
28549,19.663849
28550,3.3539022999999997
28551,21.260054
28552,19.912714
28553,35.981625
28554,28.183037
28555,11.624578
28556,7.392163999999999
28557,17.532972
28558,20.190826
28559,26.30549
28560,20.58408
28561,14.293713
28562,13.547440000000002
28563,27.998710000000003
28564,26.997477
28565,40.748417
28566,23.20336
28567,16.871462
28568,39.24355
28569,39.820057
28570,46.67269
28571,37.651814
28572,60.61506
28573,39.079887
28574,40.069477
28575,49.942005
28576,40.4462
28577,47.23439
28578,68.386894
28579,32.879696
28580,46.060303
28581,37.579464
28582,28.413185
28583,36.594704
28584,34.88585
28585,47.590107
28586,35.155052
28587,27.819763000000002
28588,39.96659
28589,42.190308
28590,38.23978
28591,58.521637
28592,37.75513
28593,28.722412
28594,42.332882
28595,48.334038
28596,42.081936
28597,30.03539
28598,33.04192
28599,37.45024
28600,34.454147
28601,50.905716
28602,28.736815999999997
28603,38.391514
28604,34.729713
28605,37.969997
28606,32.75797
28607,37.132244
28608,29.952827
28609,44.596333
28610,52.41512
28611,36.078575
28612,40.490788
28613,55.761536
28614,36.35928
28615,42.4617
28616,38.86256
28617,48.18894
28618,47.31165
28619,24.541405
28620,80.86223
28621,55.614292
28622,42.87676
28623,43.266216
28624,54.85604
28625,42.909794
28626,44.2687
28627,32.48528
28628,62.43279
28629,42.659344
28630,42.69405
28631,37.736675
28632,38.40482
28633,31.449646
28634,32.147892
28635,36.88854
28636,49.594406
28637,32.24912
28638,37.29291
28639,34.14082
28640,35.524124
28641,39.045486
28642,27.716340000000002
28643,39.136753
28644,50.177788
28645,43.788578
28646,37.804047
28647,36.541565
28648,23.736113
28649,70.85632
28650,54.51353
28651,54.09865
28652,71.37579
28653,35.54789
28654,39.261562
28655,45.42856
28656,39.09847
28657,41.327023
28658,61.43994000000001
28659,55.845547
28660,59.843445
28661,33.555767
28662,59.816413999999995
28663,43.986446
28664,14.527920000000002
28665,47.81572
28666,33.968735
28667,31.886707
28668,34.806507
28669,49.78105
28670,51.757164
28671,27.029491
28672,32.146603
28673,37.190983
28674,31.439210000000003
28675,33.143154
28676,40.41523
28677,35.295895
28678,33.802967
28679,47.350792
28680,44.2727
28681,30.186245
28682,32.58213
28683,30.071129999999997
28684,41.47094
28685,40.585457
28686,28.26012
28687,40.31697
28688,29.163727
28689,38.501602
28690,33.080284
28691,39.01505
28692,29.366840000000003
28693,35.543156
28694,38.500645
28695,35.68171
28696,48.303764
28697,36.569042
28698,31.638244999999998
28699,30.806910000000002
28700,33.902508
28701,35.85911
28702,50.970467
28703,32.391407
28704,30.13962
28705,35.41928
28706,41.857426
28707,34.008205
28708,33.83216
28709,34.61722
28710,51.57243
28711,34.518726
28712,36.027153
28713,43.984882
28714,49.58906
28715,34.429276
28716,27.64694
28717,36.253864
28718,18.039978
28719,2.4820374999999997
28720,36.58435
28721,22.061916
28722,31.035328
28723,40.08537
28724,30.028526
28725,20.605986
28726,13.205137
28727,20.517431
28728,20.583538
28729,34.99729
28730,12.789860000000001
28731,16.561174
28732,32.913475
28733,36.638367
28734,27.58891
28735,29.915672
28736,38.167446
28737,33.331264
28738,28.346027
28739,6.875826
28740,6.719039
28741,18.399412
28742,17.148561
28743,26.23335
28744,22.84882
28745,16.804321
28746,40.748417
28747,40.387173
28748,22.46309
28749,28.162889999999997
28750,29.587814
28751,38.855278
28752,26.935078
28753,23.828787
28754,26.019968
28755,23.086472
28756,25.409595
28757,47.38006
28758,25.2777
28759,25.098196
28760,32.87644
28761,30.717964000000002
28762,24.415796
28763,32.43574
28764,33.079723
28765,22.600134
28766,36.08441
28767,35.881027
28768,25.409525
28769,27.98681
28770,33.491474
28771,32.279648
28772,13.046385
28773,26.41128
28774,38.399017
28775,34.553513
28776,23.8115
28777,31.111553
28778,29.93985
28779,35.8307
28780,21.12068
28781,33.26492
28782,18.134592
28783,10.249675
28784,32.14111
28785,34.441483
28786,23.799585
28787,17.128996
28788,37.448208
28789,43.96504
28790,15.980804
28791,13.814709
28792,22.161661
28793,21.322266
28794,20.027647
28795,21.579138
28796,4.665544000000001
28797,3.3539022999999997
28798,30.789749999999998
28799,18.500284
28800,26.250067
28801,19.542526
28802,35.589493
28803,33.051884
28804,73.41187
28805,87.62529
28806,53.77188
28807,51.911438
28808,43.822372
28809,61.167559999999995
28810,43.99352
28811,28.483074000000002
28812,56.143204
28813,77.58825
28814,46.727043
28815,50.59809
28816,50.955925
28817,49.77714
28818,56.505657
28819,44.121597
28820,43.52151
28821,51.730083
28822,53.228775
28823,44.867702
28824,37.44574
28825,55.177937
28826,44.8154
28827,51.12685
28828,51.26893
28829,33.318306
28830,43.157284
28831,38.577682
28832,31.327939999999998
28833,55.86573
28834,52.451622
28835,54.82882
28836,29.341377
28837,44.63397
28838,60.619550000000004
28839,47.648064
28840,68.356636
28841,42.671955
28842,37.00002
28843,63.229195000000004
28844,41.759094
28845,40.478565
28846,80.54665
28847,43.102627
28848,51.029568
28849,52.561325
28850,43.89989
28851,44.956722
28852,54.298065
28853,48.072777
28854,57.133816
28855,34.511246
28856,38.064724
28857,29.264618
28858,55.052017
28859,41.686626
28860,49.72346
28861,44.182602
28862,37.991436
28863,61.900909999999996
28864,39.49777
28865,35.635216
28866,43.035835
28867,37.77468
28868,46.056656
28869,33.109764
28870,41.484562
28871,26.38253
28872,45.79635
28873,27.421913
28874,31.001198000000002
28875,31.510016999999998
28876,41.21484
28877,47.862442
28878,35.765965
28879,31.676740000000002
28880,35.920033
28881,45.857376
28882,44.97977
28883,41.45969
28884,46.8113
28885,31.191757000000003
28886,31.297123
28887,38.959297
28888,27.835438000000003
28889,32.197594
28890,56.859238
28891,31.043247
28892,29.71792
28893,32.375374
28894,28.080505000000002
28895,32.827118
28896,47.255554
28897,36.328
28898,51.977184
28899,43.48893
28900,37.002235
28901,44.678337
28902,27.613766
28903,43.214706
28904,35.710266
28905,31.993523000000003
28906,52.076794
28907,63.48102
28908,40.74059
28909,44.640438
28910,44.40976
28911,42.93781
28912,58.401882
28913,35.840816
28914,38.324825
28915,37.746616
28916,44.19998
28917,41.385033
28918,49.522182
28919,40.21754
28920,29.19549
28921,15.555527000000001
28922,49.30663
28923,36.17687
28924,40.60636
28925,29.232802999999997
28926,42.508698
28927,48.891243
28928,38.26157
28929,32.635166
28930,33.800705
28931,30.930410000000002
28932,44.277706
28933,49.867958
28934,32.73517
28935,38.513145
28936,46.490063
28937,50.374187
28938,34.71078
28939,38.652058
28940,35.002243
28941,43.259075
28942,31.894295
28943,31.124392999999998
28944,35.095387
28945,52.34426
28946,53.002068
28947,33.756363
28948,35.647175
28949,30.323566
28950,40.317234
28951,36.704136
28952,42.92657
28953,42.461033
28954,38.894848
28955,25.16562
28956,28.632015000000003
28957,36.86867
28958,43.793053
28959,34.478416
28960,49.79397
28961,36.43905
28962,26.205309
28963,30.116996999999998
28964,56.7656
28965,34.05386
28966,50.297302
28967,39.356495
28968,51.000378
28969,50.73209
28970,2.508656
28971,49.843662
28972,32.7712
28973,32.18441
28974,18.5528
28975,42.92001
28976,58.843304
28977,43.366352
28978,53.56144
28979,36.665874
28980,53.271957
28981,54.707684
28982,34.048626
28983,26.092634
28984,33.09081
28985,30.914017
28986,34.61487
28987,31.716929999999998
28988,41.75268
28989,28.716602
28990,43.83871
28991,27.687614000000004
28992,31.044544000000002
28993,33.42692
28994,29.375908000000003
28995,32.554615
28996,23.891838
28997,42.688316
28998,29.746567
28999,31.971848
29000,34.06976
29001,35.546677
29002,33.05675
29003,42.411835
29004,34.606304
29005,30.223473
29006,36.692688
29007,37.189552
29008,30.381194999999998
29009,28.579340000000002
29010,38.228825
29011,27.098238
29012,32.318405
29013,33.063534
29014,33.17248
29015,35.19124
29016,29.64978
29017,31.677280000000003
29018,36.598232
29019,32.897903
29020,37.138596
29021,27.571170000000002
29022,28.539513
29023,32.05476
29024,32.644005
29025,27.56588
29026,37.73736
29027,32.662655
29028,30.127274
29029,39.23662
29030,29.248344000000003
29031,44.30424
29032,41.41119
29033,17.724833
29034,16.449871
29035,18.409323
29036,37.77554
29037,28.062976999999997
29038,42.140556
29039,28.953617
29040,41.56436
29041,37.338573
29042,32.856613
29043,40.49612
29044,22.403465
29045,25.706
29046,32.312874
29047,36.40753
29048,33.341663
29049,36.026608
29050,27.845860000000002
29051,38.959656
29052,36.81367
29053,23.8115
29054,10.109964
29055,31.28017
29056,28.88004
29057,16.064499
29058,45.951168
29059,17.069698
29060,11.807784999999999
29061,21.41817
29062,16.215721
29063,11.953465000000001
29064,35.753532
29065,14.813917
29066,10.590677
29067,38.36087
29068,27.99678
29069,18.877369
29070,13.152989999999999
29071,14.777515000000001
29072,14.327770000000001
29073,17.31578
29074,29.713320000000003
29075,8.658776
29076,19.570534
29077,24.960836
29078,22.877237
29079,20.333569
29080,12.789860000000001
29081,27.844265
29082,6.557696999999999
29083,22.10661
29084,13.225273000000001
29085,22.588638
29086,4.045062
29087,28.14157
29088,14.182293000000001
29089,26.854015
29090,27.735529999999997
29091,24.623934
29092,23.678202
29093,45.963245
29094,22.634336
29095,35.05792
29096,28.152184
29097,16.455944
29098,27.514034000000002
29099,19.275335
29100,21.244507
29101,20.138874
29102,20.674412
29103,3.3425719999999997
29104,19.555063
29105,13.229198
29106,11.616268000000002
29107,16.463617
29108,4.594927
29109,14.87864
29110,7.309829000000001
29111,9.404891
29112,27.210436
29113,18.335854
29114,20.152948
29115,12.347038000000001
29116,30.172690000000003
29117,18.3095
29118,22.870342
29119,8.071708
29120,23.213839
29121,18.924786
29122,12.914224999999998
29123,25.768282
29124,30.3029
29125,15.997087
29126,19.679657
29127,39.686096
29128,32.306973
29129,38.89695
29130,36.71447
29131,33.837063
29132,48.16149
29133,40.35915
29134,39.46896
29135,28.93898
29136,45.68003
29137,43.514862
29138,36.82812
29139,38.64428
29140,36.892437
29141,30.485863000000002
29142,43.446163
29143,44.48113
29144,79.55983
29145,45.326923
29146,35.21338
29147,44.45545
29148,46.322327
29149,49.097942
29150,38.3552
29151,52.584114
29152,37.689877
29153,45.742188
29154,47.01073
29155,41.478893
29156,43.182125
29157,39.739708
29158,38.785038
29159,51.799477
29160,43.981483
29161,32.24396
29162,37.261406
29163,49.748543
29164,50.67283
29165,45.614056
29166,47.89764
29167,34.6168
29168,50.996914
29169,40.664234
29170,43.382725
29171,49.740734
29172,44.712067
29173,26.24221
29174,21.21711
29175,32.74302
29176,39.089134
29177,34.491768
29178,29.422545999999997
29179,46.46974
29180,44.452374
29181,34.107883
29182,57.46021
29183,37.712547
29184,30.501713000000002
29185,44.587193
29186,42.516064
29187,29.352562
29188,33.40775
29189,32.439568
29190,41.116318
29191,43.92495
29192,35.41467
29193,35.75808
29194,37.461216
29195,33.774475
29196,24.394464
29197,21.14506
29198,63.659909999999996
29199,34.702435
29200,34.07556
29201,24.552385
29202,34.62667
29203,29.992203000000003
29204,32.164963
29205,33.454678
29206,37.635952
29207,27.56588
29208,35.080482
29209,34.131573
29210,13.159054000000001
29211,38.787804
29212,31.498665000000003
29213,33.85062
29214,33.23168
29215,46.70079
29216,46.063282
29217,27.587173
29218,36.72353
29219,38.205647
29220,34.215878
29221,38.32372
29222,47.75135
29223,40.95707
29224,32.457027
29225,37.40656
29226,39.365482
29227,28.539749999999998
29228,25.875778
29229,40.51413
29230,53.93544
29231,43.453922
29232,38.597218
29233,23.636871
29234,36.18599
29235,37.15638
29236,38.67176
29237,39.76946
29238,19.55978
29239,48.366405
29240,37.812
29241,39.418667
29242,38.83675
29243,25.940668
29244,34.115414
29245,37.897114
29246,36.579575
29247,29.231216000000003
29248,25.401026
29249,43.68961
29250,33.669212
29251,28.153205999999997
29252,13.535152
29253,23.298777
29254,35.689503
29255,31.988483000000002
29256,32.59406
29257,31.631645
29258,33.86272
29259,31.875709999999998
29260,35.001785
29261,53.85217
29262,35.45582
29263,27.835438000000003
29264,37.94972
29265,44.22931
29266,39.471416
29267,26.8271
29268,37.0572
29269,36.4196
29270,43.858334
29271,40.155724
29272,41.251114
29273,38.04729
29274,51.75387
29275,43.912018
29276,37.468815
29277,36.40207
29278,39.252327
29279,39.15199
29280,40.72251
29281,33.881702
29282,30.045803
29283,25.153059
29284,16.506662
29285,40.375736
29286,24.218327
29287,31.816630000000004
29288,45.6051
29289,37.801296
29290,18.094328
29291,20.188099
29292,18.244379
29293,19.606607
29294,37.9642
29295,52.65697
29296,18.505083
29297,44.574257
29298,36.99184
29299,38.73815
29300,32.82152
29301,25.2777
29302,70.104935
29303,36.021374
29304,36.424507
29305,46.52497
29306,45.136993
29307,55.26616
29308,58.68787
29309,35.14442
29310,48.418606
29311,40.483376
29312,33.650234
29313,46.412758
29314,29.969070000000002
29315,16.05501
29316,31.035328
29317,25.78418
29318,53.895008
29319,40.84575
29320,41.115093
29321,41.423252
29322,31.151947
29323,30.679862999999997
29324,11.325143
29325,14.653095
29326,32.107067
29327,47.342274
29328,25.839575
29329,40.605644
29330,22.087076
29331,32.708477
29332,33.226135
29333,35.176315
29334,61.57758
29335,31.180190000000003
29336,41.11503
29337,24.392641
29338,27.260944
29339,32.48519
29340,18.129896
29341,28.885674
29342,38.478046
29343,33.61965
29344,32.41052
29345,32.453796
29346,28.695476999999997
29347,23.038818
29348,22.503061
29349,12.864058
29350,39.523792
29351,32.15305
29352,37.20018
29353,20.72582
29354,45.217236
29355,41.35753
29356,37.487568
29357,35.64098
29358,37.811672
29359,29.804665
29360,29.770843999999997
29361,24.338507
29362,34.273804
29363,38.13622
29364,34.375103
29365,28.877308
29366,31.232689999999998
29367,33.828594
29368,23.45568
29369,20.885609
29370,19.952454
29371,41.147804
29372,26.997889
29373,30.77608
29374,26.451498
29375,35.560146
29376,30.418137
29377,7.580393000000001
29378,36.533886
29379,37.58916
29380,27.412123
29381,35.476173
29382,29.687084
29383,21.635426
29384,14.181605999999999
29385,21.340332
29386,29.920250000000003
29387,27.944736
29388,21.455397
29389,35.37032
29390,31.51883
29391,19.031696
29392,16.932055
29393,40.306618
29394,30.828846
29395,37.95568
29396,30.905502
29397,14.360947
29398,21.074892
29399,16.641747
29400,25.368036
29401,31.73194
29402,32.139126
29403,26.253086
29404,30.034930000000003
29405,8.4619055
29406,23.301224
29407,25.00221
29408,8.620342
29409,29.79318
29410,32.940514
29411,7.692145999999999
29412,16.33903
29413,19.20622
29414,46.04889
29415,20.106674
29416,21.929792
29417,37.987198
29418,33.889202
29419,41.161892
29420,33.706837
29421,36.230366
29422,44.06239
29423,43.42923
29424,46.45645
29425,27.188513
29426,52.731113
29427,31.92539
29428,34.404007
29429,40.52591
29430,36.505024
29431,46.896923
29432,33.6034
29433,35.616886
29434,53.297367
29435,26.612125
29436,51.551098
29437,39.93766
29438,34.706318
29439,49.40261
29440,50.71442
29441,34.688385
29442,49.731487
29443,40.986042
29444,50.52764
29445,31.706159999999997
29446,51.84246
29447,35.599327
29448,37.824356
29449,30.38821
29450,51.16235
29451,37.19824
29452,29.305542000000003
29453,46.945713
29454,34.512527
29455,30.456028000000003
29456,30.108578
29457,40.47658
29458,37.210278
29459,30.31297
29460,52.382774
29461,37.850163
29462,30.912594
29463,36.764603
29464,35.789925
29465,41.250965
29466,47.834667
29467,51.158577
29468,42.176563
29469,31.79808
29470,37.736378
29471,39.984985
29472,31.124720000000003
29473,43.940456
29474,30.962359999999997
29475,34.68275
29476,31.856426
29477,29.990524
29478,32.102333
29479,49.22955
29480,48.566536
29481,41.320423
29482,31.093131999999997
29483,51.656746
29484,36.317825
29485,32.32262
29486,25.265512
29487,43.847736
29488,47.504593
29489,45.718575
29490,37.407104
29491,40.12389
29492,41.120583
29493,30.832120000000003
29494,35.984516
29495,42.081936
29496,44.43506
29497,54.780247
29498,56.0562
29499,28.108690000000003
29500,38.084316
29501,37.60679
29502,45.306602
29503,27.480423
29504,30.217636
29505,35.416656
29506,26.462395
29507,40.35192
29508,65.22301
29509,64.89253
29510,38.20166
29511,31.8962
29512,47.160934
29513,40.095875
29514,43.251637
29515,73.6019
29516,38.478046
29517,35.334568
29518,40.733624
29519,33.34611
29520,29.293488000000004
29521,9.069573
29522,30.600006
29523,45.312477
29524,14.456758
29525,38.247543
29526,29.484444000000003
29527,30.186146
29528,18.668074
29529,12.472403
29530,25.14731
29531,20.261591
29532,29.46714
29533,32.19119
29534,34.94668
29535,27.445204
29536,59.648250000000004
29537,26.833582
29538,35.205063
29539,37.579845
29540,36.81101
29541,36.195976
29542,53.863304
29543,31.161949999999997
29544,37.215008
29545,31.086190000000002
29546,33.954723
29547,31.232689999999998
29548,49.28767
29549,27.18565
29550,29.069423999999998
29551,30.261380000000003
29552,73.6478
29553,33.915718
29554,43.96725
29555,34.780746
29556,30.015182000000003
29557,29.172573
29558,35.97868
29559,40.551468
29560,31.858128
29561,42.349365
29562,34.468067
29563,18.335854
29564,34.700233
29565,43.426395
29566,16.96879
29567,58.27627
29568,25.428865
29569,43.25491
29570,32.57038
29571,32.36231
29572,30.424843000000003
29573,26.78197
29574,20.766817
29575,18.845453
29576,32.967445
29577,26.895094
29578,33.244144
29579,32.247578
29580,28.682644000000003
29581,43.69341
29582,35.91096
29583,30.343310000000002
29584,34.44441
29585,24.812214
29586,41.802612
29587,26.47787
29588,38.164246
29589,36.577087
29590,30.905700000000003
29591,21.680658
29592,24.81081
29593,28.677925000000002
29594,32.26542
29595,42.69925
29596,25.09635
29597,10.774378
29598,36.52095
29599,39.523792
29600,47.481842
29601,30.926699999999997
29602,36.53766
29603,20.882702
29604,25.480774
29605,52.529953
29606,32.65598
29607,61.167559999999995
29608,45.196163
29609,52.24562
29610,44.2687
29611,61.43994000000001
29612,42.4986
29613,73.41187
29614,41.9041
29615,36.031418
29616,34.139683
29617,33.684467
29618,32.306973
29619,29.395443
29620,68.0646
29621,36.818657
29622,55.263298
29623,48.234295
29624,33.765934
29625,49.23883
29626,35.915985
29627,44.653652
29628,33.27534
29629,67.06977
29630,44.56019
29631,63.48102
29632,52.61195
29633,42.52168
29634,40.094032
29635,50.59809
29636,39.419518
29637,44.08742
29638,43.44198
29639,62.764979999999994
29640,36.299335
29641,67.224525
29642,80.54665
29643,45.96782
29644,37.094654
29645,76.00972
29646,50.684162
29647,50.955925
29648,43.678524
29649,80.86223
29650,52.584114
29651,68.71014
29652,44.48113
29653,32.38362
29654,60.60599499999999
29655,39.638084
29656,45.840878
29657,39.70189
29658,51.532578
29659,38.839607
29660,47.67619
29661,35.510914
29662,47.60094
29663,43.408546
29664,36.50631
29665,33.802967
29666,59.843445
29667,34.59662
29668,46.79142
29669,55.341885
29670,47.435497
29671,39.376244
29672,45.726006
29673,49.583473
29674,57.183933
29675,46.46974
29676,57.722343
29677,55.052017
29678,59.458984
29679,47.904335
29680,55.7807
29681,49.83925
29682,54.3286
29683,57.46021
29684,57.72777
29685,56.913216
29686,47.417274
29687,38.61921
29688,52.093407
29689,41.399
29690,36.213127
29691,36.232765
29692,46.68967
29693,56.5593
29694,39.66965
29695,29.84906
29696,35.317654
29697,39.813328
29698,49.028336
29699,52.037125
29700,30.673789999999997
29701,59.687515000000005
29702,45.574978
29703,38.8953
29704,38.782585
29705,44.184788
29706,36.42621
29707,44.05362
29708,37.078884
29709,41.40342
29710,40.37145
29711,42.97498
29712,39.432213
29713,37.277245
29714,34.041195
29715,37.616528
29716,40.982433
29717,35.346405
29718,47.781876
29719,44.39903
29720,42.28821
29721,30.229370000000003
29722,25.794027
29723,48.45697
29724,46.576775
29725,44.21641
29726,39.165283
29727,24.854786
29728,36.651005
29729,35.90987
29730,39.404427
29731,48.093117
29732,41.232872
29733,43.49184
29734,36.828976
29735,26.705969
29736,26.228611
29737,36.576813
29738,38.73149
29739,41.994698
29740,42.712994
29741,46.918262
29742,38.35006
29743,39.687485
29744,37.46841
29745,29.464100000000002
29746,25.640894
29747,33.78522
29748,38.17583
29749,46.139694
29750,41.450413
29751,47.05672
29752,45.732365
29753,24.524563
29754,42.735268
29755,42.00456
29756,34.564568
29757,27.25262
29758,40.059986
29759,49.711563
29760,43.486652
29761,47.747948
29762,50.544495
29763,44.1296
29764,47.54999
29765,31.66355
29766,53.22144
29767,33.085308
29768,43.499077
29769,30.827187000000002
29770,39.24038
29771,26.605225
29772,37.32432
29773,36.71221
29774,33.764034
29775,66.14655
29776,45.40686
29777,37.60451
29778,30.942880000000002
29779,39.405186
29780,67.66098
29781,38.80914
29782,29.285564
29783,40.388885
29784,50.229588
29785,61.792145000000005
29786,30.817172999999997
29787,31.683704
29788,52.842583
29789,39.00513
29790,42.091152
29791,36.63216
29792,39.59334
29793,29.163727
29794,47.743958
29795,44.94712
29796,43.749794
29797,46.915607
29798,78.526436
29799,41.696205
29800,41.213367
29801,34.787815
29802,29.677376000000002
29803,42.11549
29804,54.104294
29805,28.694719999999997
29806,37.725956
29807,41.47094
29808,35.295895
29809,30.545425
29810,25.409595
29811,33.22607
29812,36.79647
29813,42.433487
29814,44.712067
29815,50.527546
29816,56.124397
29817,38.391514
29818,42.77911
29819,55.82744
29820,38.212296
29821,49.901318
29822,39.80767
29823,48.06259
29824,62.435599999999994
29825,33.765644
29826,57.84164
29827,25.786522
29828,17.259237
29829,37.73736
29830,27.296062
29831,54.171383
29832,33.143154
29833,34.008205
29834,41.614437
29835,44.532055
29836,49.78105
29837,32.49223
29838,51.825184
29839,45.147026
29840,39.900757
29841,39.886406
29842,48.26369
29843,43.51248
29844,42.11347
29845,34.60295
29846,52.220352
29847,50.87492
29848,40.25249
29849,42.09105
29850,43.34854
29851,40.257183
29852,39.761852
29853,45.878242
29854,43.67127
29855,27.959187
29856,51.84301
29857,50.087868
29858,34.89248
29859,36.000065
29860,41.025738
29861,29.334282
29862,44.181343
29863,36.387344
29864,36.407562
29865,33.013546
29866,40.538918
29867,32.586605
29868,29.967509999999997
29869,38.29373
29870,40.471268
29871,32.0907
29872,42.890266
29873,49.361416
29874,34.560894
29875,32.187817
29876,47.892345
29877,47.86896
29878,29.149834
29879,41.647408
29880,42.977028
29881,35.294388
29882,40.28925
29883,40.520634
29884,33.23168
29885,47.431103
29886,26.853828
29887,32.32081
29888,37.964115
29889,31.583298
29890,49.9108
29891,37.32459
29892,41.851692
29893,54.40091
29894,45.02356
29895,36.206055
29896,49.15408
29897,36.280933
29898,38.32302
29899,33.391434
29900,36.62918
29901,34.724796
29902,31.87899
29903,36.206757
29904,43.727646
29905,42.402412
29906,46.400875
29907,50.1599
29908,53.560818
29909,30.26518
29910,29.493094999999997
29911,40.38819
29912,34.15249
29913,38.758453
29914,40.241707
29915,44.14466
29916,41.69213
29917,38.670376
29918,45.584442
29919,46.87869
29920,41.595783
29921,37.69665
29922,42.879936
29923,52.085384
29924,35.22658
29925,31.33321
29926,36.450035
29927,37.11694
29928,42.633633
29929,41.00195
29930,38.226276
29931,39.72653
29932,51.921726
29933,39.762394
29934,36.018425
29935,29.49187
29936,41.836037
29937,26.649988
29938,41.478004
29939,39.40058
29940,43.847973
29941,61.9242
29942,38.312065
29943,49.34364
29944,46.27035
29945,49.039566
29946,37.468815
29947,56.11869
29948,39.455036
29949,45.907364
29950,68.356636
29951,43.657715
29952,36.82812
29953,38.324825
29954,37.82391
29955,42.448135
29956,45.614056
29957,79.55983
29958,21.21711
29959,53.640312
29960,32.197594
29961,43.678844
29962,41.483734
29963,29.377884
29964,57.88494
29965,53.145596
29966,28.120593999999997
29967,42.574566
29968,33.38689
29969,34.99856
29970,40.693184
29971,45.94464
29972,34.514503
29973,22.54993
29974,41.656742
29975,38.574127
29976,73.505
29977,36.2503
29978,54.36028
29979,33.5862
29980,54.85604
29981,40.844746
29982,38.5879
29983,35.125248
29984,35.132374
29985,55.166668
29986,33.375057
29987,47.65119
29988,60.301674000000006
29989,38.960526
29990,46.408714
29991,37.145325
29992,48.18894
29993,39.46896
29994,40.74059
29995,67.58839
29996,42.08125
29997,30.448845
29998,41.759365
29999,48.32212
30000,34.626392
30001,47.94628
30002,45.806236
30003,52.255936
30004,37.66061
30005,36.889618
30006,29.875422999999998
30007,60.9636
30008,39.86342
30009,60.820710000000005
30010,41.831528
30011,55.526623
30012,59.66291
30013,53.628323
30014,39.394604
30015,27.788314999999997
30016,39.66132
30017,31.586640000000003
30018,33.37472
30019,43.595245
30020,44.77107
30021,53.36083
30022,47.124237
30023,57.344162
30024,49.14459
30025,45.003345
30026,32.288345
30027,45.801975
30028,47.590397
30029,50.525524
30030,57.218452
30031,44.431236
30032,39.259827
30033,47.5289
30034,62.870316
30035,40.272896
30036,37.80559
30037,37.363758
30038,50.793045
30039,41.82333
30040,33.91458
30041,68.90767
30042,65.272675
30043,43.643185
30044,46.986885
30045,48.66952
30046,39.058155
30047,38.279346
30048,48.180256
30049,38.28647
30050,47.255966
30051,49.989037
30052,67.4162
30053,37.470367
30054,51.465458
30055,32.751423
30056,42.932858
30057,61.80855
30058,40.58888
30059,41.867393
30060,40.38388
30061,27.894710000000003
30062,69.11705
30063,56.358368
30064,33.264133
30065,33.8768
30066,50.942307
30067,61.55235999999999
30068,47.063454
30069,35.188652
30070,44.3224
30071,49.68996
30072,52.719368
30073,56.229298
30074,44.82329
30075,64.137276
30076,66.3606
30077,62.004549999999995
30078,38.46029
30079,38.036293
30080,27.253082
30081,46.200905
30082,39.12703
30083,43.285732
30084,26.590595
30085,46.622005
30086,34.340183
30087,38.25525
30088,64.626274
30089,35.074528
30090,59.198917
30091,52.425808
30092,55.448814
30093,37.221397
30094,33.72946
30095,62.51587000000001
30096,49.020515
30097,62.15088
30098,32.518253
30099,34.64137
30100,34.279743
30101,26.833551
30102,20.037535
30103,37.551987
30104,18.266144
30105,44.512566
30106,26.531958
30107,36.096733
30108,31.471046
30109,34.86239
30110,41.13709
30111,44.248127
30112,31.23193
30113,36.318153
30114,26.679552
30115,8.603572
30116,34.72703
30117,32.297897
30118,10.318744
30119,25.904509
30120,35.272385
30121,21.48333
30122,29.392296
30123,33.725277
30124,32.853146
30125,41.29638
30126,28.961636
30127,29.831380000000003
30128,22.738989
30129,40.557194
30130,41.35413
30131,23.045584
30132,26.459223
30133,32.62971
30134,35.623108
30135,26.615364
30136,29.007412000000002
30137,29.32329
30138,36.6253
30139,30.531128000000002
30140,38.941357
30141,34.45418
30142,29.874316999999998
30143,36.775875
30144,38.844234
30145,25.78618
30146,31.382412000000002
30147,30.181179999999998
30148,34.085392
30149,45.890995
30150,34.18061
30151,37.03202
30152,39.383984
30153,30.482388
30154,32.38771
30155,33.20603
30156,29.831851999999998
30157,28.700317
30158,42.735268
30159,40.86601
30160,24.71274
30161,10.778569
30162,12.288989999999998
30163,26.697624
30164,37.068157
30165,24.6726
30166,43.73211
30167,43.47355
30168,49.079803
30169,38.2888
30170,30.295699999999997
30171,42.32593
30172,32.95818
30173,30.54161
30174,22.125195
30175,41.716583
30176,44.131237
30177,37.73068
30178,41.8311
30179,31.69777
30180,6.966657
30181,30.397705000000002
30182,47.01621
30183,41.868515
30184,36.92645
30185,22.22963
30186,45.236702
30187,27.873690000000003
30188,21.560944
30189,42.27389
30190,19.851046
30191,46.3336
30192,36.681652
30193,46.909782
30194,39.927464
30195,40.230404
30196,63.881096
30197,90.802826
30198,84.042595
30199,87.97072
30200,45.06265
30201,92.30972
30202,68.57528
30203,91.19015
30204,89.85181
30205,47.028145
30206,88.7533
30207,91.81235
30208,36.587902
30209,83.949585
30210,91.07793
30211,27.174501
30212,79.42002
30213,29.982619999999997
30214,75.712845
30215,84.992516
30216,82.8882
30217,24.626787
30218,83.10816
30219,81.77824
30220,49.554585
30221,84.37938
30222,51.33452
30223,88.31213
30224,26.29199
30225,78.494675
30226,83.57661
30227,46.133286
30228,26.290485
30229,85.70659
30230,42.08777
30231,85.89565
30232,78.3024
30233,31.806297
30234,70.728455
30235,78.5589
30236,27.812286
30237,87.62529
30238,45.388317
30239,73.44512
30240,29.325165
30241,82.887695
30242,81.63774
30243,23.027292
30244,88.47499
30245,79.30071
30246,21.968386
30247,82.6919
30248,84.35826
30249,49.14352
30250,82.14978
30251,36.51088
30252,72.83232
30253,84.8021
30254,38.207222
30255,83.025635
30256,78.71597
30257,30.231903000000003
30258,75.73493
30259,85.05085
30260,35.08473
30261,79.51493
30262,79.665146
30263,44.023037
30264,78.714386
30265,82.34168
30266,39.109932
30267,36.46556
30268,81.682915
30269,28.390459999999997
30270,78.59099
30271,41.063778
30272,29.603009999999998
30273,65.8776
30274,64.58411
30275,32.010876
30276,55.74921
30277,59.637596
30278,30.370604999999998
30279,53.596058
30280,41.00956
30281,56.654724
30282,75.5728
30283,43.377262
30284,51.087517
30285,51.871876
30286,33.53132
30287,67.139885
30288,73.44512
30289,32.137302
30290,58.548565
30291,57.944485
30292,63.06188
30293,43.324318
30294,39.98985
30295,55.34237
30296,48.993893
30297,71.37579
30298,57.512257
30299,52.789585
30300,67.34417
30301,44.26163
30302,34.686752
30303,47.28779
30304,65.00422
30305,35.45658
30306,42.57779
30307,76.879616
30308,68.84534
30309,45.53233
30310,58.850742
30311,50.57533
30312,47.667507
30313,79.13827
30314,50.610657
30315,35.64532
30316,39.82846
30317,43.676697
30318,53.838326
30319,46.93273
30320,51.587204
30321,57.22511
30322,78.887245
30323,51.971012
30324,45.793533
30325,53.246265
30326,46.940094
30327,39.111324
30328,37.503757
30329,57.26681
30330,40.292004
30331,58.126904
30332,37.755882
30333,48.749435
30334,46.147453
30335,60.629036
30336,35.9148
30337,83.527466
30338,50.521225
30339,39.225826
30340,43.559593
30341,36.659237
30342,45.6032
30343,37.784084
30344,50.33095
30345,55.96012
30346,34.087883
30347,37.467484
30348,52.024086
30349,57.846504
30350,52.50533
30351,48.897415
30352,38.224575
30353,29.387410000000003
30354,46.97387
30355,51.29516
30356,42.03112
30357,55.16508
30358,43.74417
30359,46.42818
30360,40.000565
30361,49.73158
30362,39.56079
30363,65.26181
30364,63.56299
30365,57.333523
30366,56.245018
30367,45.874348
30368,45.459637
30369,76.46445
30370,39.63471
30371,66.236855
30372,39.42217
30373,33.512127
30374,36.558487
30375,55.52603
30376,37.070328
30377,30.9306
30378,80.38417
30379,49.967888
30380,66.310425
30381,66.946945
30382,33.165234
30383,38.30617
30384,48.234913
30385,62.231790000000004
30386,77.55292
30387,83.72485
30388,86.06542
30389,60.22838
30390,83.949585
30391,36.98667
30392,68.57528
30393,49.856266
30394,56.94476
30395,75.50685
30396,69.46341
30397,32.131657
30398,62.610535
30399,74.72256
30400,48.28799
30401,48.818268
30402,61.25036
30403,51.358658
30404,37.407234
30405,42.558266
30406,74.97388
30407,73.27012
30408,52.664993
30409,61.324839999999995
30410,59.34424
30411,40.439716
30412,48.80894
30413,35.4829
30414,68.36262
30415,58.81968
30416,54.28705
30417,62.15088
30418,74.5902
30419,68.55018
30420,63.420654
30421,37.005184
30422,42.48403
30423,84.66359
30424,46.587788
30425,48.259335
30426,40.47847
30427,63.659909999999996
30428,79.30071
30429,51.72958
30430,44.77448
30431,41.535393
30432,58.69283
30433,36.850334
30434,34.167522
30435,54.053936
30436,58.39268
30437,51.538036
30438,62.34255
30439,63.44123999999999
30440,49.07808
30441,46.622005
30442,64.18966
30443,57.12693
30444,63.962813999999995
30445,60.02213999999999
30446,61.41171
30447,64.626274
30448,67.5397
30449,65.41544
30450,75.63363
30451,63.479910000000004
30452,53.343094
30453,41.53946
30454,61.749759999999995
30455,34.265114
30456,63.949470000000005
30457,45.828598
30458,35.188652
30459,45.61096
30460,55.239307
30461,71.18184
30462,52.183956
30463,65.572464
30464,52.558727
30465,45.061
30466,52.719368
30467,35.768272
30468,71.42844
30469,40.346886
30470,64.83386
30471,37.46381
30472,36.229496
30473,50.00797
30474,52.556896
30475,31.78179
30476,29.78996
30477,54.177284
30478,38.203156
30479,46.944923
30480,41.153183
30481,24.55795
30482,37.23797
30483,42.348934
30484,51.085938
30485,45.13711
30486,52.176697
30487,43.812397
30488,38.390266
30489,38.89018
30490,42.573784
30491,36.180454
30492,37.99725
30493,46.74473
30494,32.219982
30495,41.048374
30496,29.411304
30497,42.55555
30498,33.78342
30499,30.281692999999997
30500,40.3981
30501,45.631107
30502,51.971806
30503,31.734527999999997
30504,47.07496
30505,45.846794
30506,40.18747
30507,43.41675
30508,43.346325
30509,46.519814
30510,40.20538
30511,50.646313
30512,47.317867
30513,44.896423
30514,51.471367
30515,51.04586
30516,36.30027
30517,42.39338
30518,31.848396
30519,31.694200000000002
30520,43.914703
30521,44.78019
30522,55.177937
30523,46.476192
30524,39.520897
30525,43.581238
30526,36.80165
30527,34.883587
30528,41.85651
30529,43.608616
30530,74.072075
30531,38.99468
30532,38.8877
30533,45.317245
30534,48.636677
30535,59.294968
30536,44.269993
30537,51.32657
30538,43.94764
30539,56.55463
30540,47.622116
30541,41.438534
30542,54.374485
30543,51.559357
30544,50.938854
30545,37.500626
30546,48.394386
30547,45.44342
30548,39.68475
30549,49.644768
30550,40.40687
30551,47.862255
30552,36.930496
30553,51.751045
30554,40.42039
30555,34.340725
30556,45.373623
30557,47.14662
30558,41.700436
30559,52.855026
30560,49.40282
30561,49.773132
30562,47.255577
30563,40.013973
30564,40.430305
30565,38.58771
30566,39.684395
30567,41.334816
30568,37.045727
30569,41.313377
30570,33.67567
30571,42.53346
30572,53.698643
30573,40.096252
30574,38.181553
30575,48.875732
30576,41.553265
30577,41.7397
30578,46.8641
30579,37.235443
30580,36.702133
30581,50.154663
30582,36.7717
30583,36.78625
30584,45.201313
30585,40.17466
30586,30.409640000000003
30587,31.346780000000003
30588,40.86695
30589,33.549362
30590,44.854385
30591,56.273636
30592,33.415096
30593,34.411674
30594,40.659275
30595,44.848087
30596,32.53097
30597,38.616615
30598,32.4282
30599,40.086735
30600,31.670853
30601,38.078888
30602,44.60538
30603,38.54246
30604,43.06961
30605,38.251873
30606,42.318832
30607,34.90376
30608,35.71425
30609,37.947723
30610,40.560642
30611,59.44947
30612,31.742035
30613,40.302155
30614,38.462025
30615,43.224464
30616,30.99845
30617,38.792404
30618,46.458458
30619,36.70846
30620,55.21274
30621,30.299590000000002
30622,59.173325
30623,33.38677
30624,63.30676
30625,42.754025
30626,59.529520000000005
30627,41.366096
30628,70.77478
30629,76.54999
30630,39.987835
30631,43.02312
30632,60.848
30633,54.92216
30634,59.00905
30635,56.11546
30636,63.06048
30637,65.43181
30638,60.384969999999996
30639,60.53436000000001
30640,50.59041
30641,54.458984
30642,43.49202
30643,42.09577
30644,40.905563
30645,51.102116
30646,33.650234
30647,61.718689999999995
30648,59.59730999999999
30649,44.469402
30650,50.627243
30651,33.485325
30652,46.689987
30653,64.07413
30654,57.804523
30655,23.114305
30656,62.357200000000006
30657,67.58225
30658,44.86049
30659,72.50989
30660,35.787
30661,56.177933
30662,59.35371
30663,41.63206
30664,41.012905
30665,38.087624
30666,49.954147
30667,39.87247
30668,60.886284
30669,56.20992
30670,45.237976
30671,48.452892
30672,69.91928
30673,64.98277
30674,28.146954
30675,50.10483
30676,63.00842
30677,41.61322
30678,61.57758
30679,55.309513
30680,68.55164
30681,71.221664
30682,69.45277
30683,41.748734
30684,55.54676
30685,46.822826
30686,38.024166
30687,65.94047
30688,45.045246
30689,37.71538
30690,16.863253
30691,59.491177
30692,38.71345
30693,25.845615
30694,13.538699999999999
30695,45.395607
30696,43.010925
30697,32.743484
30698,47.75212
30699,42.13953
30700,60.746700000000004
30701,42.865494
30702,43.207623
30703,40.08975
30704,34.495968
30705,48.315674
30706,38.29527
30707,36.982746
30708,39.495224
30709,64.98792
30710,41.947987
30711,24.776863
30712,41.89706
30713,48.57532
30714,54.250027
30715,57.456635
30716,24.552385
30717,44.05384
30718,51.46705
30719,37.021656
30720,28.874397000000002
30721,41.68204
30722,43.58678
30723,54.12327
30724,56.612907
30725,36.332115
30726,37.784958
30727,35.63891
30728,44.40653
30729,29.494267
30730,55.391373
30731,39.24254
30732,35.89989
30733,25.583479
30734,32.270092
30735,46.774197
30736,65.74608
30737,31.274009999999997
30738,32.621803
30739,36.390553
30740,47.831078
30741,44.170948
30742,32.32176
30743,43.402252
30744,55.33341
30745,38.322144
30746,44.629597
30747,41.29499
30748,38.057663
30749,62.772670000000005
30750,38.67154
30751,52.58581
30752,30.07739
30753,44.539288
30754,38.334156
30755,39.016357
30756,41.203236
30757,49.22999
30758,46.52497
30759,37.324093
30760,15.132597
30761,49.781796
30762,41.18328
30763,44.119606
30764,42.038925
30765,40.348587
30766,44.63885
30767,31.34773
30768,54.070385
30769,44.892628
30770,48.70622
30771,46.201786
30772,47.08712
30773,33.68301
30774,27.228615
30775,30.749699999999997
30776,52.1123
30777,67.73284
30778,41.61824
30779,50.833057
30780,46.331074
30781,55.910137
30782,34.60674
30783,41.368423
30784,56.594837
30785,30.721089999999997
30786,49.125607
30787,27.1525
30788,39.32138
30789,28.136004999999997
30790,42.235252
30791,55.741055
30792,48.30205
30793,44.110027
30794,65.86181
30795,51.140884
30796,32.346214
30797,35.865494
30798,33.89221
30799,47.494007
30800,44.94712
30801,34.9148
30802,46.616474
30803,54.676785
30804,43.590954
30805,26.31768
30806,34.52274
30807,51.282898
30808,24.426891
30809,38.580322
30810,32.586754
30811,42.687157
30812,30.280136
30813,24.799479
30814,33.207268
30815,28.59782
30816,38.17826
30817,39.453087
30818,22.989277
30819,34.266346
30820,33.499065
30821,42.255585
30822,28.241836999999997
30823,34.39504
30824,40.180008
30825,33.82067
30826,36.73869
30827,35.828518
30828,43.052727
30829,38.062943
30830,36.358288
30831,29.577469999999998
30832,29.048546
30833,29.97021
30834,33.29132
30835,47.02955
30836,33.606003
30837,43.17735
30838,35.61357
30839,35.529118
30840,41.34613
30841,38.69331
30842,38.508984
30843,25.649559
30844,69.222145
30845,56.621513
30846,44.257595
30847,79.098816
30848,45.5695
30849,35.921543
30850,56.235497
30851,43.37003
30852,29.494267
30853,23.453856
30854,44.546726
30855,42.278893
30856,68.510025
30857,34.035446
30858,33.698147
30859,44.5034
30860,15.956382999999999
30861,18.129896
30862,59.264156
30863,48.737473
30864,52.973167
30865,63.02775
30866,51.873688
30867,63.00842
30868,48.02065
30869,51.170486
30870,66.11247
30871,60.59631
30872,56.0305
30873,57.592873
30874,44.522964
30875,33.555264
30876,58.16014
30877,39.58559
30878,48.38601
30879,14.468475000000002
30880,29.74606
30881,37.254555
30882,40.58239
30883,33.06273
30884,39.090565
30885,41.77343
30886,35.276234
30887,56.19906
30888,36.232517
30889,56.706383
30890,41.520393
30891,32.69371
30892,35.80767
30893,26.608692
30894,23.29391
30895,30.906284
30896,28.413539999999998
30897,25.7118
30898,45.81942
30899,36.37618
30900,29.187621999999998
30901,37.320995
30902,51.28121
30903,41.914143
30904,29.725533
30905,21.267546
30906,33.833237
30907,38.425434
30908,40.006786
30909,43.09688
30910,36.73015
30911,68.47253
30912,45.30976
30913,67.2432
30914,44.739567
30915,38.276295
30916,67.90595
30917,23.200535
30918,23.71669
30919,38.851334
30920,9.069573
30921,14.949584999999999
30922,38.11312
30923,21.380772
30924,39.555977
30925,39.338272
30926,31.460746999999998
30927,64.12889
30928,38.50538
30929,68.98908
30930,66.883606
30931,48.090977
30932,30.47853
30933,36.358654
30934,27.783810000000003
30935,41.685017
30936,32.5801
30937,30.110138
30938,29.205092999999998
30939,36.863018
30940,45.566048
30941,48.38601
30942,31.178665000000002
30943,56.023293
30944,28.710464
30945,31.550846
30946,33.45141
30947,9.949459
30948,33.794586
30949,31.27415
30950,45.6285
30951,40.02013
30952,40.35033
30953,15.53117
30954,26.371456
30955,20.003794
30956,53.563232
30957,25.853155
30958,23.625586
30959,14.456758
30960,27.8223
30961,19.399897
30962,30.75806
30963,28.885674
30964,45.61096
30965,38.815613
30966,33.25952
30967,26.912989
30968,43.337593
30969,34.29698
30970,29.462024999999997
30971,25.729965
30972,56.370483
30973,33.74316
30974,37.919754
30975,62.498665
30976,53.02823
30977,39.917004
30978,33.117268
30979,40.659817
30980,50.81091
30981,24.286247
30982,38.081947
30983,31.544987
30984,49.43985
30985,38.532734
30986,21.688572
30987,15.707737000000002
30988,53.30059
30989,19.581678
30990,31.856340000000003
30991,20.070185
30992,12.686646
30993,34.997837
30994,35.73504
30995,24.012611
30996,9.881206
30997,39.44052
30998,41.454792
30999,50.32208
31000,51.827667
31001,43.19279
31002,37.8239
31003,27.963050000000003
31004,31.939163
31005,33.846157
31006,23.284184
31007,37.09073
31008,55.1091
31009,34.42165
31010,30.342906999999997
31011,41.176476
31012,42.888157
31013,40.253838
31014,14.028770000000002
31015,40.895634
31016,33.81585
31017,24.961258
31018,58.25478
31019,40.23574
31020,75.76673
31021,39.05416
31022,13.329096
31023,48.227234
31024,16.064499
31025,35.446785
31026,37.215008
31027,1.6493330000000004
31028,7.522421
31029,28.439003
31030,55.25977
31031,11.022507
31032,20.34842
31033,37.984806
31034,25.689188
31035,18.295439
31036,8.617603
31037,25.43825
31038,20.632925
31039,8.562088
31040,4.967736
31041,18.296331
31042,10.604047
31043,6.103963
31044,6.062982
31045,38.776745
31046,18.565699
31047,24.352053
31048,42.93282
31049,3.3539022999999997
31050,12.597952
31051,11.17885
31052,21.737795
31053,24.191425
31054,25.826569
31055,16.756887
31056,15.044357000000002
31057,20.145939
31058,23.414469
31059,35.10127
31060,9.269748
31061,20.26717
31062,6.875826
31063,28.414569999999998
31064,42.11364
31065,30.459335000000003
31066,22.433266
31067,16.554636
31068,17.564083
31069,1.8551006
31070,15.507196
31071,21.260054
31072,24.38527
31073,12.773482999999999
31074,7.853815000000001
31075,8.784045
31076,17.304525
31077,33.731796
31078,10.667382
31079,30.121741999999998
31080,27.260933
31081,17.476147
31082,36.107162
31083,31.542285999999997
31084,14.817165
31085,18.389635
31086,20.432049
31087,26.013361
31088,23.126202
31089,32.412384
31090,21.408722
31091,11.109577
31092,24.862272
31093,16.320793
31094,26.878119
31095,33.84551
31096,15.063033999999998
31097,22.657295
31098,22.930645
31099,21.350508
31100,27.825927999999998
31101,21.926125
31102,23.745619
31103,30.134563
31104,17.595442
31105,10.706946
31106,32.255005
31107,13.487563999999999
31108,20.674412
31109,21.383188
31110,42.857677
31111,23.484674
31112,13.105906999999998
31113,4.975742
31114,34.468067
31115,46.543224
31116,34.698696
31117,30.070445999999997
31118,31.176304000000002
31119,41.726177
31120,32.116146
31121,20.922703
31122,13.725828
31123,23.508615
31124,12.814364999999999
31125,2.4429555
31126,23.91802
31127,39.107857
31128,30.088017
31129,8.925035
31130,22.238409
31131,35.304596
31132,27.88017
31133,15.593378000000001
31134,25.540958
31135,32.184425
31136,40.05473
31137,30.235889999999998
31138,22.96916
31139,23.03492
31140,10.444548
31141,17.256708
31142,31.880966
31143,40.37171
31144,25.87313
31145,29.68631
31146,30.685153999999997
31147,23.073576
31148,16.039984
31149,28.637431999999997
31150,7.491707
31151,18.510626
31152,10.602165
31153,22.40118
31154,44.03321
31155,19.06988
31156,16.214647
31157,22.828804
31158,21.549221
31159,8.264537
31160,4.1702390000000005
31161,43.180756
31162,32.19185
31163,30.856186
31164,29.045017
31165,16.37032
31166,19.577595
31167,20.470713
31168,17.262676
31169,31.491504999999997
31170,35.65991
31171,19.579485
31172,18.286959
31173,25.676899
31174,10.712101
31175,13.234456999999999
31176,17.902956
31177,26.275984
31178,24.177008
31179,32.118
31180,23.531347
31181,19.70196
31182,21.019655
31183,11.370336
31184,4.9946269999999995
31185,27.986109999999996
31186,14.659863999999999
31187,18.135447
31188,19.127811
31189,23.17366
31190,27.868000000000002
31191,29.791252
31192,26.144453
31193,29.18895
31194,21.797718
31195,32.096294
31196,10.624361
31197,20.315155
31198,26.36951
31199,20.869274
31200,23.116377
31201,10.337348
31202,32.744083
31203,22.723804
31204,15.715893000000001
31205,11.428253
31206,43.07821
31207,18.381334
31208,22.145687
31209,26.14848
31210,31.723647999999997
31211,16.819529
31212,10.275067
31213,18.218122
31214,15.877047000000001
31215,19.12446
31216,28.688094999999997
31217,11.37038
31218,25.543674
31219,27.62393
31220,44.28398
31221,42.766655
31222,41.58335
31223,39.99171
31224,41.17051
31225,35.621044
31226,33.433403
31227,37.07987
31228,50.53372
31229,45.92082
31230,44.062523
31231,39.370728
31232,26.895266
31233,45.188763
31234,37.44574
31235,38.577682
31236,43.83981
31237,40.496708
31238,33.458694
31239,36.62693
31240,33.06633
31241,48.77955
31242,36.490917
31243,38.671806
31244,30.928272
31245,35.930485
31246,41.052464
31247,43.151554
31248,36.54152
31249,40.66955
31250,31.80267
31251,38.297615
31252,37.357403
31253,32.988087
31254,36.79952
31255,41.941883
31256,33.50951
31257,38.272617
31258,31.112164
31259,48.574146
31260,35.92417
31261,37.41513
31262,29.423900000000003
31263,42.32247
31264,32.60753
31265,32.271194
31266,52.561325
31267,41.939068
31268,43.34954
31269,48.043243
31270,41.635315
31271,29.922348
31272,35.351402
31273,37.929527
31274,25.884407
31275,37.11183
31276,27.768074
31277,27.425583
31278,39.414505
31279,24.60512
31280,38.89102
31281,34.2293
31282,43.722145
31283,34.540718
31284,38.780403
31285,45.53873
31286,54.96776
31287,36.17549
31288,39.289078
31289,33.946754
31290,33.44983
31291,36.54628
31292,33.32728
31293,22.711773
31294,38.87108
31295,36.655567
31296,39.756687
31297,32.650967
31298,35.44488
31299,38.650047
31300,32.850407
31301,35.027588
31302,34.391457
31303,31.367767
31304,31.755012999999998
31305,38.89762
31306,30.071964
31307,33.36068
31308,31.201050000000002
31309,47.580185
31310,24.764114
31311,26.921413
31312,41.175396
31313,37.460655
31314,30.949640000000002
31315,20.010426
31316,59.81072
31317,29.853954
31318,37.241173
31319,53.249477
31320,44.58167
31321,34.948635
31322,47.806393
31323,42.04136
31324,40.308025
31325,38.162365
31326,40.388885
31327,30.749699999999997
31328,36.366856
31329,52.542404
31330,41.368423
31331,33.860092
31332,50.809525
31333,32.44537
31334,35.359238
31335,23.722422
31336,42.566456
31337,65.02479
31338,32.199177
31339,31.199890000000003
31340,44.208714
31341,42.871605
31342,37.054886
31343,53.195942
31344,35.943264
31345,37.93045
31346,65.71361
31347,45.223515
31348,28.89047
31349,44.871315
31350,42.18073
31351,50.671482
31352,57.456635
31353,38.703148
31354,37.254555
31355,33.728844
31356,36.73015
31357,48.94839
31358,65.22301
31359,33.81585
31360,29.986897
31361,34.32184
31362,40.11654
31363,37.539726
31364,16.779346
31365,32.313705
31366,42.951065
31367,40.03145
31368,35.87422
31369,48.557255
31370,40.968643
31371,44.10505
31372,41.62674
31373,43.12345
31374,36.80782
31375,28.746429999999997
31376,36.901073
31377,31.747704
31378,41.912155
31379,44.948643
31380,44.810184
31381,51.230892
31382,45.905422
31383,60.805530000000005
31384,38.688915
31385,32.497486
31386,36.912918
31387,32.28714
31388,63.02775
31389,31.278205999999997
31390,76.507904
31391,48.075813
31392,41.627598
31393,45.2343
31394,28.316784
31395,43.19279
31396,43.92151
31397,55.29593
31398,45.03548
31399,34.946144
31400,42.23032
31401,47.987057
31402,30.906695999999997
31403,32.839844
31404,59.264156
31405,36.783157
31406,34.710636
31407,35.67015
31408,30.110138
31409,32.747772
31410,40.361385
31411,43.18567
31412,33.265133
31413,39.48168
31414,25.216177
31415,49.99614
31416,41.317024
31417,34.28914
31418,29.020317
31419,25.135033
31420,22.9244
31421,28.677452000000002
31422,14.594292
31423,23.013239
31424,24.597929
31425,14.50986
31426,32.79533
31427,32.5358
31428,20.874086
31429,9.7575035
31430,42.800777
31431,32.135338
31432,43.307926
31433,24.033922
31434,18.70883
31435,33.288406
31436,32.1653
31437,23.204605
31438,20.976814
31439,14.718882
31440,22.409252
31441,46.019775
31442,17.798008
31443,27.444872
31444,33.930775
31445,36.027233
31446,17.90265
31447,31.836562999999998
31448,34.2832
31449,39.618958
31450,39.51451
31451,28.179057999999998
31452,35.603363
31453,32.8201
31454,41.13515
31455,24.869087
31456,34.212517
31457,45.916237
31458,21.566267
31459,31.272956999999998
31460,18.047323
31461,8.167055
31462,13.748838
31463,43.49788
31464,42.05812
31465,36.442665
31466,52.732613
31467,22.365385
31468,20.817097
31469,17.69764
31470,22.77577
31471,34.454334
31472,9.26909
31473,27.980110000000003
31474,16.88924
31475,38.297485
31476,38.647816
31477,37.323917
31478,31.589573
31479,23.570824
31480,36.228214
31481,30.80966
31482,36.782055
31483,25.044157
31484,34.012653
31485,15.949276000000001
31486,25.505577
31487,18.698708
31488,34.874996
31489,41.501472
31490,16.729763
31491,17.079945
31492,31.83779
31493,16.351826
31494,2.5
31495,13.116854
31496,30.82179
31497,17.222992
31498,23.81459
31499,17.811977
31500,18.3095
31501,24.773483
31502,9.237988
31503,17.369257
31504,35.0857
31505,17.069698
31506,27.99678
31507,28.627865
31508,8.757497
31509,28.823210000000003
31510,27.756493
31511,33.307583
31512,26.022923
31513,33.541676
31514,31.44486
31515,28.628166
31516,39.376244
31517,48.234295
31518,39.46896
31519,36.17737
31520,37.73736
31521,38.94605
31522,41.47094
31523,41.608227
31524,31.30925
31525,33.16855
31526,60.61506
31527,34.101414
31528,47.23439
31529,70.85632
31530,24.853117
31531,44.054497
31532,20.401978
31533,30.632710000000003
31534,37.664062
31535,29.817272000000003
31536,23.957937
31537,35.89273
31538,22.46309
31539,39.141693
31540,39.29401
31541,39.797787
31542,35.03738
31543,42.3737
31544,29.143410000000003
31545,20.427452
31546,51.10681
31547,50.326866
31548,27.278017
31549,36.74737
31550,37.60218
31551,40.54756
31552,21.665962
31553,22.310537
31554,35.45562
31555,30.899901999999997
31556,35.60692
31557,37.857124
31558,32.93668
31559,42.615612
31560,8.6199255
31561,38.52965
31562,36.6347
31563,43.49849
31564,26.223953
31565,19.308126
31566,38.74175
31567,29.884563
31568,42.12802
31569,36.367027
31570,33.691086
31571,27.550674
31572,34.469833
31573,29.453514
31574,27.494392
31575,41.038445
31576,35.2651
31577,48.32387
31578,35.03227
31579,22.593216
31580,32.110477
31581,15.555527000000001
31582,43.69162
31583,31.43146
31584,30.485233
31585,8.2898655
31586,41.77343
31587,18.134592
31588,21.942621
31589,14.632822
31590,22.048038
31591,26.167109
31592,37.19768
31593,37.161903
31594,40.835625
31595,41.15797
31596,27.995773
31597,22.218515
31598,10.53744
31599,18.199469
31600,29.26621
31601,37.482567
31602,29.874316999999998
31603,33.37954
31604,36.88183
31605,20.991695
31606,42.363907
31607,35.531437
31608,26.370434
31609,25.69421
31610,33.26492
31611,37.978664
31612,17.684946
31613,33.877956
31614,30.692726
31615,22.580845
31616,39.556118
31617,16.45265
31618,11.804445000000001
31619,16.008303
31620,33.45575
31621,27.057083
31622,32.893597
31623,22.76523
31624,30.38872
31625,26.165123
31626,17.000534
31627,26.094261
31628,25.672667
31629,26.177935
31630,29.052475
31631,35.04391
31632,27.2078
31633,19.649147
31634,31.268970000000003
31635,32.23931
31636,22.040007
31637,8.260476
31638,27.905827000000002
31639,27.090717
31640,34.796825
31641,14.183868
31642,29.11045
31643,29.151114999999997
31644,20.859873
31645,42.06474
31646,14.602547000000001
31647,24.407389
31648,24.162607
31649,38.69551
31650,44.74462
31651,16.27943
31652,20.068708
31653,33.05284
31654,39.65607
31655,30.798195
31656,24.415434
31657,34.882942
31658,39.621967
31659,18.486528
31660,13.247305
31661,23.744162
31662,18.624676
31663,39.02083
31664,44.291344
31665,29.982643000000003
31666,37.636963
31667,40.877876
31668,27.033648
31669,15.90736
31670,23.996716
31671,20.7415
31672,35.78341
31673,16.034363
31674,28.327133000000003
31675,26.387934
31676,26.10947
31677,17.581253
31678,45.62904
31679,38.44723
31680,19.616503
31681,25.998638
31682,28.47773
31683,22.132778
31684,24.649109
31685,32.360207
31686,31.373092999999997
31687,31.14779
31688,18.69872
31689,35.464684
31690,18.57191
31691,34.78782
31692,23.3414
31693,18.80448
31694,29.004170000000002
31695,29.226013000000002
31696,28.055847
31697,31.461433
31698,19.604832
31699,36.19073
31700,32.983788
31701,31.870716
31702,16.962326
31703,32.897873
31704,32.668514
31705,19.940838
31706,30.535922999999997
31707,14.507196
31708,21.740824
31709,19.01825
31710,25.434315
31711,32.295372
31712,33.294544
31713,25.786522
31714,22.538998
31715,33.23555
31716,43.928806
31717,30.02503
31718,11.022298
31719,18.335854
31720,20.43631
31721,14.709617999999999
31722,34.162636
31723,52.556896
31724,30.912594
31725,41.91109
31726,23.407986
31727,48.18894
31728,8.139092
31729,12.541613000000002
31730,30.809382999999997
31731,0.7163643999999998
31732,23.774584
31733,26.935078
31734,18.757263
31735,28.439003
31736,3.3539022999999997
31737,25.45476
31738,18.565699
31739,40.08537
31740,2.4820374999999997
31741,20.190826
31742,21.322266
31743,3.6709639999999997
31744,18.63064
31745,57.505417
31746,35.628353
31747,37.40978
31748,26.400738
31749,10.109964
31750,22.870342
31751,21.404211
31752,39.93766
31753,34.595284
31754,26.23335
31755,25.0127
31756,44.439907
31757,18.34235
31758,33.927467
31759,36.719254
31760,21.164148
31761,25.584215
31762,35.295895
31763,24.963879
31764,44.765347
31765,8.879987
31766,29.486427
31767,28.301678000000003
31768,20.550451
31769,31.87827
31770,49.522182
31771,47.38006
31772,28.169902999999998
31773,18.109114
31774,30.910316
31775,14.196192
31776,17.93885
31777,24.877829
31778,13.999524999999998
31779,17.075127
31780,24.70873
31781,32.36869
31782,28.523594000000003
31783,12.762697
31784,25.943943
31785,45.187714
31786,51.46705
31787,63.659909999999996
31788,10.590677
31789,42.239643
31790,51.065327
31791,42.664215
31792,26.220638
31793,33.625587
31794,46.756073
31795,7.142063
31796,35.068996
31797,32.36869
31798,31.810493
31799,21.35079
31800,27.344336
31801,14.799599
31802,44.574257
31803,7.6865015
31804,29.324055
31805,46.450783
31806,23.249117
31807,19.171638
31808,36.595768
31809,33.728844
31810,33.89221
31811,26.123404
31812,48.163803
31813,43.997658
31814,13.205137
31815,38.986343
31816,27.844265
31817,33.560856
31818,41.726177
31819,45.004402
31820,9.382439
31821,11.616268000000002
31822,33.341663
31823,15.602336999999999
31824,13.046385
31825,32.738434
31826,4.413240999999999
31827,20.9119
31828,16.006268
31829,6.112399
31830,3.9352865
31831,39.293472
31832,37.066967
31833,40.029655
31834,5.240603999999999
31835,21.545238
31836,46.358784
31837,42.347897
31838,10.65117
31839,51.873688
31840,50.31405
31841,33.278183
31842,41.434925
31843,23.37292
31844,36.75711
31845,22.961887
31846,22.68738
31847,27.20759
31848,22.555828
31849,23.866035
31850,25.481884
31851,43.194447
31852,49.88731
31853,15.67549
31854,10.009442
31855,16.215721
31856,21.335903
31857,47.122833
31858,44.160217
31859,38.052135
31860,34.908367
31861,15.076453999999998
31862,29.293488000000004
31863,36.75711
31864,29.962147
31865,10.611229
31866,11.27008
31867,15.580981999999999
31868,33.157486
31869,26.198025
31870,17.662003
31871,23.549158
31872,20.511608
31873,27.18925
31874,34.829082
31875,22.605171
31876,19.12894
31877,28.669247
31878,17.730803
31879,23.847647
31880,33.505486
31881,25.559906
31882,18.488644
31883,17.789673
31884,31.38142
31885,15.10306
31886,24.575844
31887,19.298834
31888,18.019892
31889,38.110725
31890,15.682392
31891,24.865734
31892,27.599193999999997
31893,15.83052
31894,27.588684
31895,21.147766
31896,22.463112
31897,14.370977
31898,18.197525
31899,19.752035
31900,30.68318
31901,34.687717
31902,25.513588
31903,29.945793000000002
31904,37.4508
31905,22.841513
31906,22.624247
31907,22.546741
31908,21.931688
31909,18.1347
31910,8.178391
31911,14.158945
31912,19.809263
31913,26.687527
31914,13.856017999999999
31915,21.740314
31916,23.967775
31917,23.348486
31918,41.133976
31919,21.046215
31920,16.895376
31921,18.30925
31922,27.658634
31923,21.7556
31924,26.537819
31925,28.016036999999997
31926,34.16258
31927,26.984001
31928,21.174198
31929,16.745241
31930,28.138820000000003
31931,16.487385
31932,27.536839999999998
31933,24.847792
31934,18.4022
31935,13.335835
31936,9.901095
31937,24.06788
31938,21.325226
31939,15.911152000000001
31940,17.670351
31941,17.695885
31942,9.861568
31943,30.961613
31944,18.588991
31945,41.89954
31946,32.902283
31947,23.863842
31948,34.52426
31949,19.003626
31950,21.566267
31951,21.017063
31952,38.014034
31953,23.02358
31954,27.900806000000003
31955,27.076536
31956,18.518251
31957,17.070173
31958,32.299778
31959,23.848528
31960,21.202961
31961,31.266857
31962,37.85174
31963,34.89122
31964,22.901228
31965,20.896114
31966,34.37146
31967,48.419807
31968,43.023674
31969,37.161983
31970,34.33218
31971,45.040665
31972,35.92239
31973,41.4315
31974,24.589622
31975,43.390556
31976,47.039326
31977,26.06346
31978,10.265409
31979,35.95411
31980,43.37712
31981,34.559135
31982,52.148518
31983,35.82942
31984,37.490513
31985,35.76183
31986,21.493704
31987,32.570885
31988,30.88912
31989,39.614025
31990,35.142143
31991,34.753777
31992,22.75423
31993,38.30335
31994,48.536953
31995,36.108326
31996,31.940536
31997,29.635826
31998,39.07221
31999,33.83141
32000,39.84296
32001,24.65134
32002,22.818268
32003,48.602547
32004,38.370083
32005,20.34116
32006,27.236307
32007,36.714607
32008,35.73058
32009,28.206722
32010,45.39091
32011,37.33819
32012,34.257984
32013,33.334946
32014,32.804142
32015,45.007885
32016,34.854717
32017,27.891373
32018,31.558880000000002
32019,41.475586
32020,40.042976
32021,40.49697
32022,37.00033
32023,28.911105999999997
32024,33.337597
32025,37.66799
32026,42.617355
32027,42.175095
32028,28.677684999999997
32029,36.6209
32030,36.892166
32031,45.96101
32032,40.60664
32033,46.746838
32034,31.994267
32035,24.645689
32036,17.474962
32037,16.459177
32038,39.816113
32039,31.743214000000002
32040,35.080006
32041,31.665976999999998
32042,27.29766
32043,47.947987
32044,38.14472
32045,44.987015
32046,41.947628
32047,21.261135
32048,45.981453
32049,37.169014
32050,37.738865
32051,29.4069
32052,30.52758
32053,40.518982
32054,46.317703
32055,37.16452
32056,38.36167
32057,25.726484
32058,31.395287000000003
32059,34.917824
32060,33.46335
32061,31.00703
32062,37.190983
32063,42.48403
32064,65.00422
32065,31.645187
32066,31.631645
32067,36.709984
32068,60.60599499999999
32069,29.417534000000003
32070,31.886707
32071,52.076794
32072,27.296062
32073,60.1542
32074,44.277706
32075,42.381287
32076,46.01449
32077,42.11549
32078,44.885677
32079,30.989780000000003
32080,52.63779
32081,52.747066
32082,33.38689
32083,55.8182
32084,48.303764
32085,32.50749
32086,39.59334
32087,48.74338
32088,41.61285
32089,57.88494
32090,40.386097
32091,43.96565
32092,55.295578
32093,41.86363
32094,45.408054
32095,39.48471
32096,45.412464
32097,40.085712
32098,35.464355
32099,37.936337
32100,42.081936
32101,49.22955
32102,36.317825
32103,39.919243
32104,37.75922
32105,37.910034
32106,36.590813
32107,44.352383
32108,40.27574
32109,52.627853
32110,37.132244
32111,37.210278
32112,51.959743
32113,35.155052
32114,41.347332
32115,37.987198
32116,55.82744
32117,52.731113
32118,56.124397
32119,34.97229
32120,42.938026
32121,38.419434
32122,45.680145
32123,26.451738
32124,42.43787
32125,38.682636
32126,49.985672
32127,40.533634
32128,32.82152
32129,62.435599999999994
32130,42.53691
32131,38.853584
32132,25.035799
32133,27.169647
32134,24.541405
32135,35.038982
32136,37.130035
32137,33.26637
32138,27.891647
32139,32.62581
32140,46.898308
32141,34.009796
32142,43.82253
32143,36.13003
32144,32.750175
32145,30.407124000000003
32146,47.341484
32147,29.409509999999997
32148,47.748135
32149,24.00894
32150,37.57422
32151,43.059315
32152,40.347553
32153,35.086815
32154,35.411015
32155,24.060482
32156,38.45322
32157,33.781185
32158,24.606716
32159,48.05957
32160,35.510914
32161,25.324856
32162,44.18765
32163,31.911983
32164,41.689335
32165,28.313892000000003
32166,44.1464
32167,44.48121
32168,32.31047
32169,36.31728
32170,47.967064
32171,41.428253
32172,29.41147
32173,34.505775
32174,28.43193
32175,37.839832
32176,36.717216
32177,25.875332
32178,29.345730000000003
32179,29.987118000000002
32180,52.44103
32181,49.415077
32182,41.787666
32183,46.25194
32184,31.684959999999997
32185,29.157505
32186,38.578316
32187,39.576756
32188,33.94325
32189,34.75303
32190,43.50836
32191,45.983925
32192,34.305515
32193,43.88946
32194,33.80197
32195,30.481994999999998
32196,39.013885
32197,32.832706
32198,39.419518
32199,44.419624
32200,32.81338
32201,33.549606
32202,47.1499
32203,39.726833
32204,30.879959999999997
32205,52.6795
32206,43.46668
32207,51.12685
32208,41.45969
32209,32.514587
32210,45.728607
32211,43.114277
32212,36.48116
32213,43.78879
32214,37.80976
32215,42.57931
32216,42.25673
32217,51.41431
32218,35.275105
32219,32.11814
32220,51.159977
32221,50.882122
32222,50.164402
32223,35.17379
32224,39.09719
32225,37.24017
32226,48.356636
32227,32.159485
32228,33.62133
32229,32.127308
32230,29.324055
32231,25.938217
32232,31.978496999999997
32233,31.274009999999997
32234,43.071815
32235,24.022184
32236,36.989323
32237,27.121466
32238,33.7019
32239,51.46705
32240,38.429867
32241,32.513256
32242,44.319717
32243,42.397682
32244,42.292576
32245,39.826843
32246,29.261077999999998
32247,12.139420999999999
32248,46.450783
32249,33.1999
32250,39.591103
32251,37.8894
32252,37.0584
32253,40.815674
32254,24.081438
32255,32.653557
32256,42.998554
32257,50.020527
32258,50.54807
32259,35.135082
32260,30.253765
32261,35.806503
32262,47.359272
32263,45.594337
32264,26.588266
32265,35.263607
32266,34.901142
32267,29.064182000000002
32268,40.204144
32269,44.574257
32270,27.115673
32271,31.104416
32272,35.492096
32273,36.33743
32274,32.883404
32275,39.079292
32276,42.854847
32277,24.942661
32278,36.745148
32279,43.54357
32280,29.804665
32281,34.342396
32282,49.168163
32283,41.39185
32284,17.022552
32285,43.292645
32286,42.649494
32287,5.177861999999999
32288,38.959656
32289,49.411774
32290,32.14007
32291,35.96244
32292,32.882088
32293,59.648250000000004
32294,46.398872
32295,27.602670000000003
32296,34.55064
32297,25.409595
32298,42.935658
32299,23.475292
32300,31.827755000000003
32301,42.851707
32302,29.299965
32303,46.86185
32304,42.925316
32305,50.705917
32306,34.60674
32307,44.224422
32308,36.871193
32309,41.708107
32310,39.79843
32311,19.177824
32312,34.860638
32313,18.705788
32314,29.915672
32315,56.0305
32316,38.595295
32317,47.48241
32318,36.03759
32319,31.649493999999997
32320,44.990555
32321,35.881668
32322,32.54776
32323,33.348587
32324,43.919518
32325,31.740612
32326,24.771181
32327,8.066504
32328,28.103700000000003
32329,23.171816
32330,23.301224
32331,23.39917
32332,25.633755
32333,14.730557999999998
32334,26.46719
32335,7.572953
32336,26.44188
32337,19.20622
32338,15.687432999999999
32339,19.861252
32340,27.119408
32341,26.62762
32342,3.600949
32343,26.597101
32344,27.281569
32345,19.794273
32346,33.386673
32347,36.596657
32348,32.533276
32349,26.98158
32350,33.47625
32351,12.976624999999999
32352,34.79525
32353,20.504345
32354,28.196514
32355,40.06272
32356,3.1371346000000004
32357,11.465461
32358,18.193245
32359,12.123331
32360,32.792587
32361,10.082782
32362,37.28814
32363,24.875484
32364,37.456398
32365,27.357742
32366,3.831086000000001
32367,19.8268
32368,32.59697
32369,23.476486
32370,22.308483
32371,9.839363
32372,21.133757
32373,11.58276
32374,16.320793
32375,19.894365
32376,15.360413000000001
32377,48.418606
32378,28.71056
32379,18.953766
32380,26.436071
32381,9.706472
32382,31.369495
32383,28.280167
32384,17.581364
32385,28.603626
32386,14.293713
32387,12.598372000000001
32388,45.120083
32389,19.886366
32390,39.032307
32391,22.237045
32392,29.688004
32393,30.232864
32394,15.911314
32395,21.157936
32396,23.650513
32397,23.414469
32398,32.093052
32399,2.4820374999999997
32400,18.069078
32401,31.02621
32402,29.389083999999997
32403,10.706946
32404,41.700798
32405,9.404891
32406,21.657265
32407,11.871338000000002
32408,2.5
32409,62.301919999999996
32410,53.09206
32411,38.66618
32412,41.594296
32413,49.125607
32414,41.586548
32415,55.82739
32416,53.33392
32417,46.062515
32418,51.90957
32419,50.807064
32420,47.976376
32421,44.06067
32422,49.631218
32423,68.984764
32424,68.386894
32425,42.552143
32426,27.875824
32427,48.05993
32428,50.938854
32429,38.391514
32430,46.224773
32431,52.24417
32432,45.33386
32433,36.372917
32434,43.572083
32435,50.894554
32436,49.535053
32437,47.22847
32438,41.653843
32439,43.418083
32440,50.23484
32441,48.395958
32442,50.946323
32443,51.84246
32444,35.13723
32445,41.070595
32446,38.041855
32447,36.60537
32448,47.242912
32449,43.63668
32450,53.449303
32451,44.18883
32452,47.241226
32453,46.017788
32454,51.10551
32455,46.45645
32456,53.746788
32457,27.188513
32458,40.382584
32459,54.93664
32460,53.830425
32461,76.58414
32462,55.024853
32463,49.899307
32464,28.315292
32465,48.20746
32466,43.19027
32467,46.86971
32468,38.19062
32469,45.93193
32470,56.55463
32471,42.68799
32472,45.269783
32473,32.34081
32474,41.802235
32475,41.161892
32476,40.55563
32477,43.957455
32478,51.691044
32479,29.40864
32480,44.928047
32481,36.43068
32482,33.45895
32483,28.991979999999998
32484,25.703802
32485,53.639683
32486,42.560753
32487,42.893284
32488,43.86881
32489,25.580915
32490,41.5941
32491,45.76734
32492,46.86378
32493,46.152496
32494,39.76427
32495,39.575325
32496,39.16557
32497,36.8653
32498,36.240692
32499,40.127052
32500,50.855797
32501,39.994938
32502,32.200806
32503,62.767179999999996
32504,46.405422
32505,32.26623
32506,33.765934
32507,49.383816
32508,45.147026
32509,44.279694
32510,45.166653
32511,48.81694
32512,30.5768
32513,36.299335
32514,37.12514
32515,41.614437
32516,39.54455
32517,27.296062
32518,39.320354
32519,40.389874
32520,59.211205
32521,40.505424
32522,42.001007
32523,36.598232
32524,35.57718
32525,39.606926
32526,51.67452
32527,49.47233
32528,43.67955
32529,43.351124
32530,70.104935
32531,28.190315
32532,26.019968
32533,15.076453999999998
32534,29.163727
32535,30.886626999999997
32536,27.188513
32537,31.170499999999997
32538,20.027647
32539,41.23194
32540,36.634933
32541,31.944920000000003
32542,42.730827
32543,20.579575
32544,49.35692
32545,58.272907
32546,28.694719999999997
32547,40.47658
32548,29.861748
32549,35.754364
32550,37.884575
32551,5.177861999999999
32552,4.841156
32553,39.516422
32554,32.487
32555,31.093131999999997
32556,49.904305
32557,18.738117
32558,47.686417
32559,39.21232
32560,22.537668
32561,38.039093
32562,35.038982
32563,51.551098
32564,43.69162
32565,18.266144
32566,35.794346
32567,39.903442
32568,37.45856
32569,34.27278
32570,40.92848
32571,41.703545
32572,32.666473
32573,8.554258
32574,37.004135
32575,31.438625000000002
32576,23.173204
32577,45.271904
32578,33.22607
32579,46.756668
32580,39.94807
32581,31.030500000000004
32582,26.03219
32583,26.084154
32584,26.928616
32585,18.655611
32586,18.125093
32587,5.553096999999999
32588,25.218704
32589,20.999521
32590,11.394453
32591,7.415569
32592,28.808729999999997
32593,19.143822
32594,19.691679
32595,19.204725
32596,20.071856
32597,18.4231
32598,34.730965
32599,20.008911
32600,28.285891999999997
32601,21.083261
32602,35.57542
32603,27.85564
32604,13.131504
32605,13.675989999999999
32606,11.895882
32607,24.004889
32608,15.882154
32609,8.916715
32610,24.387796
32611,20.318453
32612,31.002845999999998
32613,30.807716
32614,13.534960000000002
32615,18.30445
32616,19.042368
32617,26.2614
32618,22.045216
32619,23.814363
32620,16.70849
32621,5.454898999999999
32622,20.901081
32623,9.000755
32624,17.050474
32625,12.563901999999999
32626,13.088135000000001
32627,20.34501
32628,29.510196999999998
32629,6.230297
32630,13.934895000000001
32631,15.53358
32632,23.032015
32633,33.807102
32634,24.509682
32635,22.834087
32636,21.695303
32637,18.979193
32638,24.752659
32639,12.34617
32640,18.571451
32641,17.56725
32642,23.998789
32643,22.165668
32644,15.564726
32645,25.004957
32646,24.55407
32647,19.944078
32648,21.366365
32649,13.455829999999999
32650,26.91395
32651,2.5
32652,36.581463
32653,38.240067
32654,32.897358
32655,17.072197
32656,26.865818
32657,19.472462
32658,20.815533
32659,28.774569999999997
32660,17.479025
32661,20.957832
32662,23.533232
32663,28.989483
32664,19.808453
32665,26.072453
32666,42.595203
32667,22.105925
32668,24.961891
32669,24.646118
32670,30.085479999999997
32671,14.28752
32672,18.492838
32673,21.210354
32674,22.921146
32675,27.835438000000003
32676,35.447487
32677,34.783802
32678,35.542004
32679,31.989693000000003
32680,32.083332
32681,33.05675
32682,39.522545
32683,42.66318
32684,36.5925
32685,31.66876
32686,38.248173
32687,48.949448
32688,42.089237
32689,27.269186
32690,38.712303
32691,33.112015
32692,30.623440000000002
32693,35.19124
32694,39.01505
32695,32.943954
32696,46.66014
32697,51.047127
32698,40.38387
32699,38.233994
32700,40.423756
32701,41.78792
32702,29.46228
32703,30.071129999999997
32704,36.50176
32705,35.5237
32706,34.79954
32707,35.931698
32708,36.01887
32709,31.044544000000002
32710,38.80914
32711,42.917637
32712,39.286995
32713,51.80999
32714,43.96185
32715,54.32407
32716,27.360018
32717,42.01861
32718,33.83216
32719,50.970467
32720,27.111162
32721,44.0696
32722,36.44377
32723,39.691254
32724,31.673073000000002
32725,30.806910000000002
32726,31.765166999999998
32727,36.079758
32728,30.232950000000002
32729,31.952385
32730,29.037875999999997
32731,20.860413
32732,29.798313
32733,28.8033
32734,34.70158
32735,37.698364
32736,44.399635
32737,37.88618
32738,32.630573
32739,12.829355
32740,28.632236
32741,42.9705
32742,28.275585
32743,23.304855
32744,45.866295
32745,51.589603
32746,43.80333
32747,52.45767
32748,38.92094
32749,44.00407
32750,39.903442
32751,36.534966
32752,28.172240000000002
32753,47.41038
32754,47.91247
32755,46.019775
32756,37.279827
32757,43.655666
32758,41.244385
32759,54.114902
32760,50.190784
32761,36.559692
32762,20.212402
32763,23.161203
32764,36.57764
32765,45.890995
32766,45.91207
32767,33.98958
32768,39.55259
32769,28.318202999999997
32770,41.11687
32771,19.670729
32772,33.79193
32773,35.31035
32774,42.307465
32775,39.051804
32776,48.109146
32777,36.663612
32778,37.7991
32779,35.273075
32780,22.54017
32781,47.99817
32782,33.654343
32783,35.272385
32784,30.171055000000003
32785,38.230846
32786,29.730235999999998
32787,45.441135
32788,44.05384
32789,36.539944
32790,34.13749
32791,46.589394
32792,31.51135
32793,36.37618
32794,39.78857
32795,36.437366
32796,33.787964
32797,18.108719
32798,58.68787
32799,25.95053
32800,22.555828
32801,8.067596
32802,50.157246
32803,40.358067
32804,46.217583
32805,14.539390000000001
32806,37.169
32807,14.702423
32808,44.374897
32809,35.06316
32810,21.91614
32811,36.81768
32812,28.535282000000002
32813,45.99518
32814,31.279682
32815,43.740726
32816,16.68816
32817,15.470984000000001
32818,42.186573
32819,27.007666
32820,34.53097
32821,27.996975
32822,20.004375
32823,15.659723
32824,55.106976
32825,34.364048
32826,38.4878
32827,33.52976
32828,31.278669999999998
32829,32.491665
32830,45.0094
32831,13.666910000000001
32832,10.61704
