ID,track_popularity
26266,34.009228546754855
26267,36.20378600246701
26268,27.74485872421528
26269,26.45186972102563
26270,35.14439007943141
26271,31.488365295845234
26272,31.483215387521547
26273,41.052613606885494
26274,38.08624110082927
26275,29.475059324941103
26276,32.831444138946225
26277,36.01269875162688
26278,34.89634320702375
26279,30.31600530693123
26280,39.04866388665064
26281,37.230035569678584
26282,34.944752688782316
26283,42.65188047498456
26284,39.398625633663166
26285,31.449973940582062
26286,40.578640699155564
26287,38.98669398090513
26288,32.37707685897239
26289,33.923981212914235
26290,36.136243553583235
26291,33.208455734261165
26292,32.67703567697759
26293,34.12944918591755
26294,32.315264312775525
26295,35.00346499238108
26296,27.783022658837943
26297,36.60014463578149
26298,35.55373564992611
26299,41.003816314159096
26300,38.72318992910823
26301,38.1135264338601
26302,33.882229228433665
26303,36.05515730469288
26304,37.45088021165843
26305,36.03441688577765
26306,37.623525417955314
26307,32.90031932359776
26308,26.678287974227505
26309,42.814513094379905
26310,31.21466152867989
26311,39.72577528937376
26312,27.81253061549629
26313,31.75414023575434
26314,43.87931376991445
26315,37.8032994977699
26316,39.05555764661762
26317,35.1733228517544
26318,23.9577476528204
26319,34.88646549949313
26320,33.34097643160884
26321,36.9133561399323
26322,32.28208657260231
26323,23.543434256837294
26324,37.96400518934507
26325,36.53716464304114
26326,29.596728780899745
26327,36.55390493955617
26328,34.27752350478251
26329,31.47232110874527
26330,28.246833673871723
26331,39.311377294161474
26332,30.176515775889165
26333,32.36268343492104
26334,32.32750663157579
26335,37.51196990854876
26336,42.638343892486525
26337,37.0453523569385
26338,38.93485871050941
26339,32.252555050555856
26340,43.76323244329406
26341,40.832397096709016
26342,37.117433250423225
26343,40.98366293950141
26344,35.84978601488066
26345,35.27519425932159
26346,36.016738536100206
26347,38.647279858320424
26348,37.87209006230764
26349,40.82092786996392
26350,34.13300946957273
26351,39.76186481528374
26352,41.112611121711176
26353,33.81908441525226
26354,30.24136141730214
26355,36.523472532993615
26356,32.8669693374605
26357,37.06740593197061
26358,32.712601581121
26359,37.77782142865125
26360,28.218393231035044
26361,29.53407124247795
26362,39.57439692030292
26363,45.6498696926133
26364,44.67533387125531
26365,40.67467252636005
26366,42.147413583225685
26367,46.9491758265448
26368,40.570131598496204
26369,45.25888807094879
26370,37.08727856664035
26371,45.5926914590285
26372,43.45519507138735
26373,44.04857121550828
26374,35.91674276774874
26375,39.53196306336859
26376,39.636352671177136
26377,46.624943020057145
26378,41.55886667803364
26379,43.184292361937885
26380,37.129010154618726
26381,38.082994200479206
26382,35.183742194008076
26383,33.07133753665023
26384,41.02133275096829
26385,34.06115924672227
26386,45.820449102779946
26387,43.9944820189844
26388,42.59349009370874
26389,38.28281982875602
26390,36.66713275603217
26391,40.09996102929716
26392,32.53609742035964
26393,32.09342576622278
26394,38.10040485714089
26395,45.893654793081026
26396,39.02314229792027
26397,48.26977871642467
26398,46.30474031439855
26399,48.733726824020685
26400,38.76488383686133
26401,34.343891514082145
26402,41.063943723514754
26403,28.700489659094032
26404,34.83336066386398
26405,32.72668691606957
26406,46.1161840959816
26407,30.33861549095537
26408,35.5057442085909
26409,36.699875509531154
26410,36.113266525890026
26411,38.47652509254582
26412,39.95354352800166
26413,37.779458263613066
26414,43.1270673178175
26415,36.53174954663986
26416,46.84759872974729
26417,46.971954586704285
26418,43.20999575075441
26419,46.66009893613498
26420,44.65169026902355
26421,42.67621019924433
26422,39.915607568638045
26423,38.786947688481206
26424,34.874601879957524
26425,41.76379639507543
26426,41.38909983157655
26427,36.01016192545754
26428,39.11059639450046
26429,43.099562803679156
26430,51.93396043815086
26431,39.476187908154095
26432,46.55174910612195
26433,45.0676560134114
26434,42.6346292370391
26435,44.1304552906675
26436,42.73811452186598
26437,41.208285929194325
26438,41.262743949429996
26439,43.47596507490232
26440,29.65415937053056
26441,41.00575569341308
26442,42.54593855053394
26443,45.13226883005822
26444,49.24543753295928
26445,41.59496806401458
26446,42.60982657948357
26447,29.35745825598363
26448,38.85803474847542
26449,47.697426385571355
26450,46.383858140137505
26451,30.596755291595485
26452,38.7205891016566
26453,41.885729929555836
26454,39.81462433691745
26455,41.35264879650182
26456,36.0790111270201
26457,39.604658176839145
26458,32.13034071543368
26459,31.36632345755575
26460,44.448157468378426
26461,35.268928566843556
26462,27.511409657714047
26463,33.60357600862925
26464,28.962583846806577
26465,34.90033908214947
26466,35.9283736438876
26467,31.63659019522372
26468,39.394593172197354
26469,32.37877616083582
26470,38.997009374627616
26471,38.72309679737815
26472,32.06386690280374
26473,40.055223921984506
26474,23.456385492422882
26475,31.071275312533956
26476,31.577409110639486
26477,39.626055563997895
26478,35.847665512631
26479,35.2778745808964
26480,39.28236403527107
26481,40.68232991634395
26482,29.51941944745876
26483,38.63384671944394
26484,33.625409226161096
26485,43.64663780891838
26486,40.7890145906666
26487,42.982424998080056
26488,41.544133711853675
26489,45.03972580844237
26490,36.3960020912334
26491,40.26063800547768
26492,31.680916548568447
26493,36.643392962533625
26494,37.9020043915204
26495,39.85203522568678
26496,37.28211544523717
26497,37.140424398704845
26498,39.288039315195476
26499,32.77602807787552
26500,31.381982251393886
26501,41.340848960440354
26502,34.3059895252244
26503,38.32245767482075
26504,29.539971242685333
26505,34.16417860215864
26506,36.055644749231696
26507,36.36074467007096
26508,29.184982548205006
26509,45.395800923976275
26510,44.1354251697915
26511,33.447127312269515
26512,44.78578929707566
26513,33.50649706320749
26514,33.75134585626782
26515,30.64082975853009
26516,33.225295596389586
26517,34.65146367148962
26518,32.67328491943543
26519,24.91728449646159
26520,35.35532568572016
26521,36.97693691615847
26522,37.61679542542725
26523,27.737310886233384
26524,31.233996589025182
26525,37.155289545389834
26526,42.72453808401374
26527,40.05647186571608
26528,40.51715863484307
26529,46.05348824706233
26530,34.602313190195474
26531,27.313480623601116
26532,41.95051951917239
26533,33.306060308317186
26534,36.199018910204494
26535,30.554156413556008
26536,36.48127781176888
26537,39.34077968149987
26538,41.69813355680214
26539,36.06006142004928
26540,31.588178261461287
26541,37.72070284880951
26542,35.73058999890999
26543,32.49233893647143
26544,34.53469820663502
26545,33.27222524432748
26546,30.395287144464007
26547,38.5114794822712
26548,34.76500715020677
26549,39.35978934919984
26550,35.02917312605524
26551,39.75522522414959
26552,40.48872938840516
26553,40.16416392878941
26554,32.46644593608036
26555,36.73636116454061
26556,46.96194345506221
26557,32.02568455185288
26558,33.328888270608445
26559,39.46458235716034
26560,32.03886297693322
26561,36.52240837573101
26562,36.200081568207835
26563,36.82411872825421
26564,36.366811440627345
26565,37.94713040631548
26566,31.700976868369168
26567,32.7410640857767
26568,38.345434414098094
26569,29.94669492481639
26570,34.81717039762291
26571,29.713990021574908
26572,37.87003520660197
26573,24.50212174126635
26574,34.27329377695139
26575,42.28197315785134
26576,39.58791329337998
26577,37.84722948743334
26578,37.55777492620721
26579,35.16329620273578
26580,30.72498559839398
26581,38.06515068680486
26582,31.635461608495486
26583,31.795095439707957
26584,34.45415175277639
26585,41.31599030496969
26586,37.47131631803374
26587,32.04629488356411
26588,38.33414484149917
26589,35.75854022030166
26590,34.00024732938152
26591,40.16576593225298
26592,36.72401617339055
26593,45.92252832554046
26594,30.23515431176987
26595,51.8811110537104
26596,43.64470041759324
26597,27.936014429883315
26598,47.62099344877223
26599,40.790250726863775
26600,46.12568640142162
26601,62.84261785212915
26602,37.90095593303373
26603,40.45969771046979
26604,36.08935605823773
26605,34.97847887928698
26606,37.33431609971468
26607,44.60169292177867
26608,49.96713996100386
26609,36.14811754989075
26610,39.73404115618459
26611,46.80828840971556
26612,41.11432427787152
26613,54.26079473733179
26614,56.423505439807116
26615,41.73585719780559
26616,39.57879028005888
26617,37.82241078508826
26618,50.51074728588914
26619,48.10194286581735
26620,51.47020283959213
26621,45.49207748001595
26622,31.216358713988456
26623,37.28205605060482
26624,39.26189269999473
26625,38.69097732583219
26626,37.23077775108945
26627,36.78437399548683
26628,32.9226281259665
26629,29.004629729658205
26630,44.76323593357977
26631,35.336639471976774
26632,35.00672001436535
26633,38.413429050241604
26634,43.875810571170135
26635,39.016326941365094
26636,30.12084717164994
26637,40.88269577402958
26638,36.756486643984694
26639,36.74673930203675
26640,35.18206432776731
26641,33.090127473269746
26642,37.34514169705613
26643,41.66844865990213
26644,31.927141868914077
26645,29.65415937053056
26646,39.02092938228087
26647,38.94477253143156
26648,32.345049164467945
26649,31.515801408659158
26650,41.37273346067644
26651,39.03010128200004
26652,36.37277083834068
26653,38.99863587721613
26654,42.391484967967926
26655,33.24727037526419
26656,33.51382545464085
26657,38.82309442091669
26658,47.816583734998645
26659,35.725853603484715
26660,41.181987052187516
26661,29.446346017603222
26662,32.47747719063268
26663,38.52177300591793
26664,44.81066434215513
26665,35.53164615904692
26666,36.875808247412685
26667,37.23458836805585
26668,34.025623259389974
26669,36.772149412720296
26670,32.82431234404001
26671,33.62310767802726
26672,41.60842618395817
26673,39.860945979771415
26674,36.54144001500678
26675,39.4979722278461
26676,44.55139346856281
26677,37.26115317784247
26678,43.597887254902915
26679,42.73730589939191
26680,33.01731895541011
26681,38.17673004277576
26682,39.433741677539274
26683,32.851107027083295
26684,28.268836449609896
26685,43.31089257034669
26686,34.78497772462231
26687,47.608277842266325
26688,42.51550292681722
26689,48.34361177715837
26690,41.815862533244996
26691,41.2016487779559
26692,34.52975060187285
26693,42.10992703192958
26694,33.350114539217756
26695,41.98094691336883
26696,60.53964874868949
26697,47.63554376865702
26698,38.47836260417631
26699,38.271071269925145
26700,40.032009445121744
26701,35.98734353287702
26702,47.22687346268682
26703,53.196442073048615
26704,42.55276563009295
26705,43.5161259409587
26706,38.54725066664437
26707,48.41015397327154
26708,31.683861225179882
26709,46.39518887493027
26710,33.28020426369363
26711,44.803068603359556
26712,43.94503493986734
26713,34.75428207571465
26714,36.37037556377625
26715,49.544517601996404
26716,41.04814197623784
26717,45.83960949378801
26718,41.86281523445349
26719,41.595902502823705
26720,46.28914707200181
26721,40.966021375896275
26722,34.10594325221206
26723,45.435810034340534
26724,39.897891647450024
26725,45.22966874218728
26726,35.02562707756136
26727,42.413526361385244
26728,33.068894425776165
26729,39.50493466834488
26730,48.4278491925089
26731,44.957425039303274
26732,42.355909798333975
26733,39.06831355401082
26734,35.48303444156368
26735,48.75068516377934
26736,43.67934238486181
26737,41.625450714154994
26738,42.90783367485581
26739,39.07494383041189
26740,43.720973239013475
26741,45.51391763433497
26742,36.87906699496889
26743,36.858746238841746
26744,35.95013740403938
26745,36.73319340027433
26746,36.46989352920997
26747,38.23353761740338
26748,40.330519677817946
26749,42.128381084947804
26750,42.67832142754785
26751,47.94465922559457
26752,54.309845901212626
26753,46.90992836408891
26754,46.03123490155359
26755,38.12301507203595
26756,50.958060010086356
26757,36.83953442538251
26758,40.437611769295366
26759,43.420151351728336
26760,31.73352784357843
26761,47.284392705380064
26762,49.829720672685106
26763,40.418527489513984
26764,52.93495086295475
26765,55.677534152654886
26766,40.13866756480148
26767,43.97168946147725
26768,30.56458894789816
26769,47.00718586544936
26770,43.74068848452204
26771,43.52175138618436
26772,49.89570474722809
26773,47.19861829559075
26774,39.63841393858118
26775,38.699092725179696
26776,55.96840896841457
26777,36.81203195678656
26778,44.311004048161735
26779,50.0416980555738
26780,29.962921767836157
26781,38.7104095734645
26782,38.06861690042701
26783,37.70114771331306
26784,35.75897344249023
26785,34.05854897275958
26786,33.16071584241674
26787,42.227179309293426
26788,39.54791344755729
26789,28.144875418963565
26790,27.870453332809575
26791,30.0659188291447
26792,31.35452863562483
26793,28.91616850644392
26794,41.01820004013946
26795,44.32335539987335
26796,32.015142543936236
26797,31.86192871434097
26798,38.33935661461496
26799,42.84904274713847
26800,46.955301867310816
26801,41.77645539028618
26802,27.103444839975978
26803,29.18299593767316
26804,50.773767529298304
26805,45.94407642519501
26806,46.207701029867245
26807,60.58283900097261
26808,44.551274631471436
26809,34.359954818283555
26810,48.46021979979513
26811,40.813121893739414
26812,37.633246803881214
26813,47.62055662738342
26814,47.56240939812928
26815,50.155564446944084
26816,43.29209960192707
26817,47.663512839613716
26818,29.7535498200262
26819,40.24073086193416
26820,25.364816254360157
26821,15.998929056235976
26822,41.161048814142234
26823,29.396054333493346
26824,41.964750286902714
26825,33.039512987185
26826,34.01353769755497
26827,48.962576208729665
26828,35.919942865717154
26829,45.68107059333762
26830,33.99189026002993
26831,44.86534602117608
26832,44.10289216923289
26833,50.60678639329869
26834,35.55825875247518
26835,37.55409512891397
26836,45.46490206283117
26837,45.93856890123067
26838,47.33113295803348
26839,15.315474374016048
26840,35.3496493533868
26841,40.787519487365664
26842,45.242638636048696
26843,37.27543282995626
26844,29.46512873984997
26845,29.437932384956284
26846,45.534842310427656
26847,28.64228176003693
26848,42.48547592984301
26849,53.08673061740704
26850,50.81450743970217
26851,33.740842510038476
26852,47.933401963174305
26853,52.80181162041885
26854,54.68612114578245
26855,52.43157446779135
26856,48.38059335802873
26857,54.02406515776291
26858,39.00272382968977
26859,42.5565347576038
26860,49.792476262134514
26861,40.36369923524089
26862,45.314611631607065
26863,44.378004261830085
26864,47.673674351038414
26865,39.30507663307316
26866,46.8598251542861
26867,48.9217415664567
26868,50.44216077288921
26869,50.371456636445046
26870,52.15345859373987
26871,49.07933060571838
26872,52.11494143963668
26873,35.339388058306426
26874,49.61952962064977
26875,44.94883513342657
26876,42.92966952812715
26877,55.551433350263935
26878,53.61479689902153
26879,44.45793623627434
26880,52.28133850130746
26881,49.34619833261094
26882,51.288377215191204
26883,48.98984601875477
26884,43.30700357017483
26885,34.17072250227892
26886,47.88037965602231
26887,36.99919218245592
26888,48.79969192785803
26889,50.57112017160752
26890,32.149729850463224
26891,37.49787673510356
26892,50.36174691261094
26893,39.112826912284405
26894,33.82711903384482
26895,48.7678260688455
26896,42.27866968364653
26897,62.49956134280526
26898,41.796181107983855
26899,55.29342089417777
26900,57.93634715407243
26901,46.030915546004415
26902,45.783144893991484
26903,45.16579284086464
26904,32.22866459075937
26905,51.73964544634502
26906,56.766567333552004
26907,49.209307467500395
26908,50.64678384205085
26909,51.19081042054414
26910,38.63127952088722
26911,57.35920172410173
26912,52.421311420959405
26913,49.64066648134781
26914,46.376417170425995
26915,38.13153180976845
26916,46.60544446126318
26917,58.83797539421501
26918,49.38918741950853
26919,47.5845894710905
26920,45.24078593428517
26921,51.076274795093035
26922,37.33882604241886
26923,40.33555482696319
26924,37.80473414325823
26925,48.40789214261645
26926,38.12038024012557
26927,37.655580783752754
26928,46.90440127652454
26929,47.08045093653059
26930,40.74105584375607
26931,32.19371118986425
26932,46.31757200100381
26933,38.87521187607908
26934,40.28244349005607
26935,39.245224924591184
26936,42.58853295910755
26937,46.95790044993819
26938,44.620143832855916
26939,36.88333683635694
26940,38.836769568850414
26941,41.628164920645894
26942,37.72088806258897
26943,47.17235220620452
26944,54.50636604912642
26945,54.368362795294004
26946,38.95737905501757
26947,32.83633247319471
26948,47.1253083233966
26949,36.22452136402023
26950,35.261383065826124
26951,42.8894646890887
26952,32.65622317457847
26953,41.829889706503494
26954,32.05729575742524
26955,42.315630527016786
26956,45.26899423265099
26957,30.75098184339445
26958,45.798025206559316
26959,26.193551803592268
26960,53.70738631214992
26961,31.016940308011826
26962,42.95095130129771
26963,37.474387706121846
26964,43.22061460974522
26965,36.19840165649353
26966,36.19605778042102
26967,46.39878372014715
26968,46.68834171894522
26969,48.60302199125407
26970,37.49908908699161
26971,32.951039206843824
26972,46.55360477354318
26973,35.615520672348985
26974,46.79852347451095
26975,36.57220920733536
26976,37.10206659116906
26977,38.889130145972786
26978,36.90400746431989
26979,29.193057755836087
26980,32.774170961029924
26981,31.441907414381237
26982,46.147271173065675
26983,49.66339240590939
26984,35.082579096340666
26985,50.0123331964584
26986,41.289206384395996
26987,36.188706370632815
26988,43.13172916560581
26989,36.34382593950056
26990,50.89076439927662
26991,39.107097778672
26992,58.321895047089
26993,34.20394430258585
26994,34.14530531957832
26995,38.454559724344016
26996,44.57872778497236
26997,36.464485007330694
26998,44.17535995755685
26999,38.11626404072092
27000,44.020493032236736
27001,28.915147037212872
27002,48.65295418347962
27003,42.2963025956407
27004,36.257163373846296
27005,39.64080309284897
27006,36.8962921594173
27007,31.76298063802866
27008,39.86351075808203
27009,35.26082235504866
27010,32.101554809819405
27011,41.14814021167837
27012,55.263139321817
27013,39.93490719454042
27014,39.67871964967608
27015,35.23700168734081
27016,40.82413034873
27017,28.15078704756974
27018,29.363723271094642
27019,37.42246720971758
27020,41.43531290096727
27021,37.94998223574054
27022,45.38599359763782
27023,44.21397689368321
27024,36.040146430419526
27025,36.522288106278694
27026,27.694477771424875
27027,38.8506645380985
27028,43.04528730466687
27029,37.97527414362107
27030,41.95778972206139
27031,38.22798673164974
27032,22.606319192519823
27033,34.961448027459355
27034,43.15837407303522
27035,39.97142072889801
27036,42.21503626323575
27037,49.629021233710816
27038,39.33502837090873
27039,35.900911240040074
27040,55.179908309662494
27041,45.06284930816114
27042,41.101998464633546
27043,27.056878443156975
27044,40.431476111075185
27045,43.89147752903871
27046,47.3220698312989
27047,35.899358517545394
27048,42.148350349914125
27049,38.90329482903399
27050,53.759795059739616
27051,34.75528421543808
27052,46.41206475514001
27053,46.435267275358356
27054,29.947525019289735
27055,38.23081400562587
27056,45.51612862663697
27057,40.77388155642802
27058,28.888077434262687
27059,36.47924497439656
27060,42.41213425420152
27061,40.467216701163494
27062,47.78072845953528
27063,46.197254169284996
27064,44.88716497153943
27065,35.942598362992854
27066,32.28111445724186
27067,41.690826632695284
27068,45.41085259984135
27069,40.3419019506999
27070,43.738542472784715
27071,34.13444773197374
27072,47.06414192195648
27073,44.32342737372431
27074,44.45937067251906
27075,41.985405265151414
27076,48.53548035276519
27077,42.51031061356997
27078,37.06226160249132
27079,46.30261847813914
27080,30.70989379202661
27081,36.20059019119874
27082,40.41001767944762
27083,54.103314576470375
27084,40.79439151875089
27085,46.467284726170924
27086,46.6695644459038
27087,43.17949502671952
27088,44.50600965044439
27089,34.51917803843178
27090,34.48152122697088
27091,42.9098591227064
27092,39.50040733559796
27093,40.523466949666755
27094,47.00638952010914
27095,44.20372052876641
27096,41.65086802541521
27097,37.2047771677035
27098,42.985003194466046
27099,48.84836041320043
27100,45.66620130736337
27101,41.68951773507579
27102,44.78469555980509
27103,31.859446469930674
27104,40.9359501105802
27105,42.52615444956227
27106,30.33699264745216
27107,45.092817349693455
27108,42.979929284340066
27109,38.37863541941756
27110,31.420308614744037
27111,38.284842628638785
27112,39.642832478097056
27113,42.70347699669413
27114,40.04543154155665
27115,37.620526584144066
27116,42.30669252632767
27117,37.66853885778166
27118,40.54604698913036
27119,44.74802251052869
27120,46.36863913408326
27121,46.24706990756187
27122,34.73248298214611
27123,30.43540515119303
27124,35.09023872613979
27125,34.41244749956772
27126,32.10318717246752
27127,39.958302503263035
27128,44.80033722314016
27129,32.30004325717532
27130,42.37549280613475
27131,49.24277941604234
27132,45.30262964473923
27133,34.2141664253876
27134,46.805916821461956
27135,46.66542435336892
27136,39.74879920422688
27137,34.384688460540524
27138,27.086420291102947
27139,44.70883035205202
27140,41.70707067065214
27141,46.87222275769881
27142,29.57208416631073
27143,49.10089945841172
27144,45.906320881820214
27145,31.586365166940055
27146,32.20908876559771
27147,44.53716392222973
27148,18.552588779019295
27149,53.58936191659177
27150,35.380163095003894
27151,24.042282671808373
27152,35.4164274396651
27153,40.61224167425333
27154,39.60220787546741
27155,48.126828473454324
27156,49.99584115587311
27157,45.20311847361067
27158,39.54061740905988
27159,42.34069617241516
27160,39.62440357509959
27161,26.01820608565555
27162,41.9603518063663
27163,41.47959275183426
27164,41.47045509872826
27165,33.9042003208024
27166,49.61192107392666
27167,29.100680821375924
27168,37.35641149196153
27169,41.723263697907214
27170,52.10988221099381
27171,38.4008732690553
27172,25.289319558252686
27173,37.6711225785502
27174,45.710798078448924
27175,39.02244985307628
27176,60.55486631282419
27177,31.121752398754595
27178,28.233123490082896
27179,39.01849116201842
27180,30.490045675710938
27181,39.974016869346144
27182,32.295845184150934
27183,24.897460008246323
27184,42.53763838458758
27185,47.17082117872371
27186,31.0285998424037
27187,44.51716691759407
27188,49.65331022191846
27189,39.10428684965709
27190,35.925147718554356
27191,53.0210103063135
27192,41.18652583013518
27193,20.165117568907874
27194,48.95580980687662
27195,43.37081278161182
27196,41.6889042558202
27197,29.04207880669968
27198,49.583315512443775
27199,47.93607908200338
27200,38.80753855549875
27201,26.116753239343026
27202,31.928130450179538
27203,29.59421989737632
27204,31.76915277275578
27205,40.88078901171054
27206,33.098749627316415
27207,36.0656614884101
27208,33.77342396127688
27209,33.23561469249549
27210,34.64684299177193
27211,47.9494125186617
27212,30.489286197143755
27213,35.703927165035545
27214,31.160140382113624
27215,31.55243749277797
27216,45.932559966724405
27217,48.22270709935712
27218,42.29569386569003
27219,53.56583780451073
27220,46.09673635023737
27221,36.416755452393375
27222,46.97970682393938
27223,56.597470928145164
27224,44.670884220822735
27225,34.70523534807781
27226,41.437006248248025
27227,38.81480553858091
27228,40.03108523069627
27229,49.92181123805827
27230,46.89723105142565
27231,62.26808457316768
27232,35.10124207807666
27233,42.723762639198995
27234,47.11526786028363
27235,48.03667313997774
27236,33.43109577078504
27237,49.2281521188555
27238,34.684640506799894
27239,49.2450492531859
27240,31.218683840332407
27241,41.71464914379618
27242,52.30523011505019
27243,46.45934426839978
27244,39.10308787345524
27245,32.55320830309611
27246,41.30776293772726
27247,40.56663161407542
27248,62.63313711327362
27249,38.61346997573173
27250,56.62272107583542
27251,45.14761857741604
27252,42.86894672925103
27253,49.437476147166336
27254,41.13403034493122
27255,43.858448403316835
27256,49.70103950913895
27257,43.24777506382572
27258,50.12611795940414
27259,45.176353230442984
27260,54.69889123471162
27261,53.50138118548046
27262,52.36529786597934
27263,47.067856537902614
27264,46.38190162427864
27265,51.15868841370961
27266,44.58319119025491
27267,26.632780199205676
27268,48.378644875556944
27269,52.74098728199547
27270,48.301430815652374
27271,43.38302311092781
27272,53.29719130785751
27273,44.319322971918766
27274,47.651359174200806
27275,44.38901033202471
27276,50.133571802437956
27277,37.99855807044317
27278,31.000308725398668
27279,42.21704990373313
27280,51.54396578493295
27281,48.250862230108595
27282,34.24829069676443
27283,49.350918603435815
27284,43.11864566634439
27285,41.26652487390858
27286,34.31477537796951
27287,39.51979959804916
27288,45.43548842322087
27289,54.7566015660979
27290,42.540309863642165
27291,51.599069783561404
27292,44.233195761142795
27293,46.37494038794334
27294,45.06877762433448
27295,48.38702816552527
27296,35.43198360616314
27297,43.82561566508581
27298,48.44636235017202
27299,48.53689136970914
27300,48.25494673921518
27301,44.53501615222452
27302,36.06426024492189
27303,44.88355501995799
27304,46.146452484128694
27305,33.16279703200051
27306,47.70096436340029
27307,41.75036216598375
27308,55.36113479956104
27309,42.75530562099127
27310,45.06807194246489
27311,56.27358256805081
27312,55.736473676805524
27313,51.34189537618072
27314,41.76585693493947
27315,36.65248748900771
27316,44.08459767839257
27317,33.70933267121104
27318,46.359310708660416
27319,46.169536268278705
27320,52.1799009592021
27321,42.98048595689258
27322,45.36762583946895
27323,53.72042720996072
27324,49.50859249114624
27325,44.354087494216714
27326,45.54952769323305
27327,45.95898937472711
27328,50.54761602202205
27329,47.810077367292806
27330,40.33363143913525
27331,46.99279842683957
27332,46.507593716578484
27333,56.50154348132553
27334,31.19030098958749
27335,42.33385840104112
27336,27.118978138151583
27337,38.80855221681443
27338,41.82232667557673
27339,27.774202668795738
27340,36.44849718191356
27341,36.327056166468864
27342,38.77078452558177
27343,35.05310402246131
27344,44.551743561156506
27345,27.943172759121232
27346,42.20577202787773
27347,27.143767471809205
27348,27.032443597829896
27349,43.755743356766004
27350,56.66514411580423
27351,43.19956326194645
27352,22.52394236609912
27353,35.40321984065238
27354,33.0910558549388
27355,37.28877448174478
27356,52.38097199862741
27357,46.188981000242975
27358,46.45740894949407
27359,40.52625354971953
27360,24.09174334682919
27361,44.77092109998773
27362,30.656247154305056
27363,32.29427556347598
27364,51.67437920741524
27365,38.07684380052657
27366,36.16723551392477
27367,34.71741622350815
27368,31.67379700504165
27369,38.975973998173416
27370,28.9746924459002
27371,41.598462237109544
27372,31.50297931626948
27373,36.872550677054434
27374,47.44414087123731
27375,30.51097943279609
27376,39.12379849594721
27377,30.130125946665842
27378,42.52915213841681
27379,32.64160158112745
27380,27.368568257896744
27381,44.92315201380404
27382,39.13356897291729
27383,38.593887812558066
27384,48.894936263506025
27385,48.591795188105195
27386,35.300108324843585
27387,33.60487874944986
27388,35.804999509683455
27389,50.99146610731206
27390,43.057744574154775
27391,47.24414784016945
27392,30.209069868205248
27393,38.78721563355299
27394,39.37109441824493
27395,51.38004290264198
27396,42.96026748617555
27397,31.551047071863454
27398,26.218867976100974
27399,25.810895746408654
27400,28.5119615435719
27401,33.79395128683493
27402,33.82934031731115
27403,48.34353323686042
27404,31.465783598021872
27405,28.191822166535246
27406,35.23479986347496
27407,50.220178737261406
27408,32.8999231160401
27409,27.62900134845218
27410,36.35979440938517
27411,47.838315517083096
27412,54.85848365128218
27413,38.56459008004834
27414,49.33928321622607
27415,36.98727370078342
27416,44.848042224743594
27417,37.74197827684895
27418,37.76236979752511
27419,49.933562553754356
27420,37.56243724546576
27421,47.98711756999578
27422,35.09779669811821
27423,45.3838172133991
27424,39.05971184030409
27425,44.136215457854135
27426,43.22645024650582
27427,40.53599732797518
27428,39.9200491816008
27429,47.72385740162023
27430,29.43208440087759
27431,40.304077267442935
27432,41.83017900318295
27433,37.75780111247224
27434,37.20147791054326
27435,42.88300031943487
27436,47.581206316976235
27437,42.024467392868694
27438,38.20791832823951
27439,45.29905446920754
27440,38.58840015364559
27441,44.861619146946566
27442,48.751764091615684
27443,47.11450257819932
27444,37.215870461781364
27445,44.55164136787822
27446,33.456744041948184
27447,35.31664420955122
27448,41.726432618327195
27449,37.13824378909855
27450,32.72421885048216
27451,36.47949454800234
27452,36.48731350516145
27453,30.42027042585359
27454,41.316504976775946
27455,24.13860466181997
27456,45.068754227830084
27457,42.81328151795182
27458,40.98673662347525
27459,38.94774703383046
27460,33.67363727502049
27461,35.53267690076066
27462,45.126345827726134
27463,39.10433087615169
27464,42.979067664321896
27465,36.91013295634869
27466,27.91916676558095
27467,34.023713206447574
27468,38.21164656581463
27469,48.86126667261624
27470,22.786620487442505
27471,41.486158821313936
27472,24.51265413145093
27473,30.454462111828036
27474,40.44212258413246
27475,33.85706617996537
27476,32.48496041107365
27477,21.350236460616692
27478,35.90485373067085
27479,46.70974020327842
27480,33.74600742949192
27481,39.73986710946726
27482,31.573700699640213
27483,44.35421426366009
27484,47.83421991542422
27485,45.15295286497296
27486,46.70851164982929
27487,34.90096215188533
27488,33.65337849905948
27489,49.63700047970305
27490,44.198011088360815
27491,43.42089004827889
27492,34.41317091198687
27493,47.89088816307538
27494,44.06702689190895
27495,48.13367957588569
27496,37.612783916886194
27497,40.92718727170221
27498,45.75004656347617
27499,41.4240117039724
27500,45.16998867367733
27501,38.362253349667085
27502,53.3605628378404
27503,44.99768705938318
27504,32.52117831394937
27505,36.63835370159886
27506,38.80687023008976
27507,41.629893713342696
27508,30.00808055184899
27509,47.24154203531408
27510,38.93248212263344
27511,37.730440353333044
27512,47.65392255611637
27513,40.35842337518812
27514,37.48879945554522
27515,46.76693625167344
27516,41.48101974774279
27517,29.951287095350153
27518,39.427544600852855
27519,40.18353753999581
27520,40.78249041512056
27521,41.19462851580962
27522,41.18937310980324
27523,38.04456100410449
27524,45.89524926520449
27525,37.58546722866164
27526,26.854859860668
27527,32.17521978541995
27528,53.05035249092511
27529,44.38972345785609
27530,44.78365346854485
27531,41.31772405670819
27532,43.18864962949691
27533,41.670868311373255
27534,27.9377585950245
27535,40.670964155908784
27536,35.84801478844927
27537,33.40066376285811
27538,43.62419534749107
27539,44.26899054603413
27540,43.23810744020142
27541,39.59088981089071
27542,27.69270947935852
27543,47.56630350026545
27544,38.167467270392834
27545,55.54069856580719
27546,45.63197530902522
27547,49.82043723689388
27548,48.625474983719265
27549,54.67355275989573
27550,41.28984965253535
27551,50.04262335530058
27552,48.45871201951198
27553,42.779123046630225
27554,45.69126218524518
27555,36.86783348531685
27556,55.01487093342228
27557,52.57310457998424
27558,59.29037973363179
27559,53.740348919852934
27560,55.530705337979654
27561,54.91415380178148
27562,55.16231484894681
27563,52.33782562449762
27564,48.921808175839914
27565,45.48301593017547
27566,53.83384130140117
27567,51.52359503348415
27568,51.54764437667176
27569,52.883669756374196
27570,51.14315683609559
27571,59.200912380197934
27572,49.93147128401679
27573,57.826581232175926
27574,53.55415087676262
27575,51.46631610692076
27576,56.00322500041958
27577,55.074287275176594
27578,57.526585298779835
27579,43.1197271782326
27580,59.64458156100213
27581,56.745639498614466
27582,49.508187558450686
27583,56.67339517696658
27584,52.4697821428874
27585,56.40801898488628
27586,58.553899969762604
27587,54.40290297157336
27588,56.90323435656788
27589,48.99050697136357
27590,57.34002205438465
27591,52.659858338323964
27592,50.56042368803738
27593,57.685880511233094
27594,44.77372093296749
27595,55.66434641537783
27596,58.900619604709526
27597,58.55269611454283
27598,48.47014771484403
27599,47.93692877780019
27600,54.46327617427164
27601,54.51660259721558
27602,54.085262380309814
27603,57.859215025572944
27604,44.492011323691585
27605,40.239659410981076
27606,60.03357750774884
27607,52.24674345578472
27608,51.784639781931126
27609,47.87685671089998
27610,48.41877971343172
27611,50.597528884826666
27612,34.284575242344374
27613,48.71884291008874
27614,51.32451105282357
27615,45.61159694392972
27616,51.86994452545464
27617,44.105478975261505
27618,46.089369478945386
27619,50.22188812683851
27620,51.32261543400297
27621,47.41445490942873
27622,41.29482460466836
27623,47.621699044719925
27624,40.29317673056194
27625,44.58705454934892
27626,48.234033780261036
27627,46.87953034642457
27628,41.13116173882198
27629,45.1170551652592
27630,37.76714661354801
27631,43.634939950325666
27632,55.38930983725317
27633,41.958575192389695
27634,42.796310011537415
27635,38.495864771464994
27636,50.21728856470143
27637,39.45059900534475
27638,44.58116205458683
27639,46.712636072686976
27640,46.93348603432197
27641,54.386747051243965
27642,43.20261138831394
27643,45.56447990115925
27644,47.89481305196911
27645,44.02901211920212
27646,48.20724885949606
27647,37.1610733011273
27648,38.35069982242288
27649,45.85000148910344
27650,22.758643880063204
27651,24.21124682936876
27652,32.009518488099275
27653,26.273714379062177
27654,27.228726415887728
27655,42.10034612236171
27656,32.45036338299876
27657,30.488471396872452
27658,35.271925237976454
27659,30.536052799353325
27660,37.57539977457438
27661,36.413978500328774
27662,30.599469772982445
27663,30.893549696552636
27664,39.38740525779247
27665,37.62158629046543
27666,40.008829635847924
27667,23.535659252181617
27668,33.59694893454803
27669,34.064078332441596
27670,29.47930765730832
27671,43.99331064994604
27672,34.22039802390295
27673,19.63761717050925
27674,29.578922457544763
27675,32.2103418997615
27676,25.222966151521618
27677,33.113411411760914
27678,25.691024353859337
27679,37.97718469195919
27680,33.78362410433253
27681,25.695405218731626
27682,35.80696247123642
27683,23.70353365218853
27684,32.35522235526867
27685,41.24452182061702
27686,34.75255668054078
27687,41.41623581642699
27688,29.88510440163556
27689,27.560037059009858
27690,37.56882157933338
27691,39.26574673280677
27692,35.509207328962916
27693,29.307771061552707
27694,33.581365457662855
27695,37.844390656696056
27696,39.23964420649273
27697,42.181003083357005
27698,38.810161805710784
27699,42.856247814784034
27700,23.492744346865983
27701,25.256287957553862
27702,36.48173268317463
27703,41.272810508874535
27704,40.09159944674283
27705,24.374574109735924
27706,31.3799355470301
27707,38.56059347468463
27708,16.885782323833567
27709,31.139786370708308
27710,37.85496874738555
27711,34.19486575022926
27712,37.77129418185012
27713,34.37736000023687
27714,40.4013621950851
27715,40.47850941447829
27716,35.631670974481644
27717,31.940530721182874
27718,37.29585697019975
27719,22.689486642194762
27720,36.443138928430514
27721,50.803914294607964
27722,21.121261234558087
27723,30.19820657089943
27724,30.66331765331895
27725,26.725008824325126
27726,22.014734021860036
27727,33.91044817471809
27728,27.678873251006515
27729,42.48652198718265
27730,31.933490542661183
27731,38.14697525521988
27732,38.58593160265243
27733,25.946038148525254
27734,40.22480221762072
27735,28.97748722112369
27736,40.47726915358515
27737,42.56438645619292
27738,31.79997353858102
27739,38.14040576440828
27740,37.590549929393774
27741,35.00286212167647
27742,33.277917168192474
27743,35.160326953568486
27744,39.26677968016298
27745,37.633549079702085
27746,24.385166607398173
27747,27.75829409786188
27748,37.40033279607684
27749,40.38999661872027
27750,42.03857153699806
27751,50.019327407726855
27752,52.27959243705659
27753,38.36679149181245
27754,37.81492957211688
27755,49.08848024583554
27756,45.950976533950154
27757,52.387576774542936
27758,51.154709677039875
27759,36.11516330544678
27760,47.80618095679849
27761,44.97001442379785
27762,26.66313225529585
27763,28.643942324850315
27764,40.46154494922623
27765,41.873832945534566
27766,43.65930129299912
27767,46.51296395240887
27768,41.058628238013505
27769,38.62015592147114
27770,35.712716776798686
27771,37.359597630676106
27772,37.1964496769382
27773,39.65346387834306
27774,50.25205598323417
27775,37.628304854750965
27776,41.93471563162676
27777,39.75099810259361
27778,48.852509880926796
27779,49.53894679419127
27780,40.4906955559391
27781,44.90370962006036
27782,47.21292389543587
27783,38.68569474180109
27784,45.173282074256115
27785,29.1980306326575
27786,48.35972050044535
27787,39.65946223216572
27788,50.96902461857643
27789,44.018629907460635
27790,47.68471503532179
27791,50.241483134920294
27792,40.091493810239655
27793,39.580475368821546
27794,37.82885637607671
27795,39.8293107861393
27796,38.4123359155461
27797,36.61857170286275
27798,41.674430587694566
27799,39.440625956954456
27800,33.989738361642786
27801,38.96275479437537
27802,38.77801000923957
27803,38.21911107808093
27804,39.8242299510828
27805,37.21569993947091
27806,52.71296704963932
27807,53.888577929717556
27808,40.12353902341195
27809,33.882626003167644
27810,32.20943661841065
27811,39.01514821271694
27812,34.53955008192807
27813,38.94500667837453
27814,33.015776214200685
27815,30.732961351456886
27816,33.0472387090008
27817,32.268424753837394
27818,36.29673109074205
27819,25.78548933426319
27820,34.59845619190671
27821,33.37671068556476
27822,50.25728863930179
27823,43.53043528396779
27824,32.77067763470194
27825,32.6255178338118
27826,35.544284215207966
27827,45.8511062555891
27828,38.61423028130908
27829,38.965393161860646
27830,48.387874763082756
27831,47.57159823282356
27832,41.123353711326615
27833,40.75162246274005
27834,48.33556935652501
27835,49.216316292715256
27836,43.196262987606396
27837,45.80534834737958
27838,41.4215067927573
27839,43.44675829262091
27840,43.22204574747836
27841,39.39134769015808
27842,34.00033323566662
27843,48.94559738776569
27844,47.639505023558115
27845,29.214689501701606
27846,42.04786607562683
27847,40.09262957151677
27848,48.192010544155096
27849,34.57140666519403
27850,51.04690615594278
27851,35.36858588957772
27852,34.70399364120807
27853,40.57035960254197
27854,37.301376164581924
27855,51.93355560484908
27856,48.477195099836194
27857,45.538185245894155
27858,46.06335390045092
27859,53.33202806671966
27860,47.7204904319253
27861,45.79033473914067
27862,37.91292427691086
27863,57.07543045931596
27864,35.303861660727854
27865,35.90523651508421
27866,37.67491258444824
27867,47.958623890664704
27868,52.23790546247392
27869,41.79069683000729
27870,40.8339895199031
27871,39.42533584634372
27872,33.30114441714307
27873,52.37082015758749
27874,40.126358095339725
27875,37.73616096751841
27876,23.906687077734077
27877,39.76992679845055
27878,20.301892697474926
27879,35.403731966181326
27880,23.04062273690334
27881,36.68945425642536
27882,36.32523529631339
27883,31.609400791451677
27884,21.274174665551122
27885,23.19646032266674
27886,23.44224536330273
27887,25.482475038469452
27888,34.37278452524988
27889,22.855465205585148
27890,31.173123418352617
27891,29.979453845196907
27892,19.862370353069558
27893,19.538388601385435
27894,30.82920833375601
27895,33.307213527535424
27896,27.341045250253472
27897,28.74000119593949
27898,20.78859822963181
27899,30.46247210341395
27900,49.56493467248505
27901,22.25434246391213
27902,22.10149098329421
27903,29.532291578219596
27904,27.81019712702932
27905,19.678644625197606
27906,33.13049559423842
27907,24.583645073264776
27908,17.83190078434685
27909,34.18805721691464
27910,34.544575304679945
27911,41.3954562619174
27912,18.108028365240003
27913,25.534679700328915
27914,32.7947890414509
27915,29.810688426656412
27916,23.27636732334602
27917,34.98871886823196
27918,17.0221213157282
27919,27.552882224861985
27920,37.92106288251365
27921,44.049866262165025
27922,21.228249465840097
27923,20.347643960899024
27924,32.819982729353136
27925,27.69250406662922
27926,25.201857073240316
27927,19.881518843536682
27928,22.67591737328285
27929,14.453411382064512
27930,20.834136891487585
27931,37.32102319503758
27932,30.172568383228494
27933,23.232969966778864
27934,35.45102864919679
27935,24.432210709230958
27936,22.736999172864284
27937,25.669077470453935
27938,29.818424952736322
27939,27.36762197402358
27940,33.74116279328132
27941,27.33290654440131
27942,17.338186821027637
27943,25.106365865305225
27944,23.56877299540086
27945,20.869238853312584
27946,41.75104358057129
27947,23.203207560793025
27948,34.5815933758281
27949,36.80190037669678
27950,38.783891319507084
27951,43.50101098566619
27952,40.12290321682357
27953,29.02289242497092
27954,34.553699915056505
27955,35.97891038472351
27956,15.526053469106298
27957,18.728625020613695
27958,15.871902477802369
27959,48.63277980658271
27960,39.80763802633173
27961,22.058222558822894
27962,35.01195571839775
27963,43.242633638297626
27964,42.55110042663877
27965,23.79021212453818
27966,40.96135014050375
27967,47.879685416511506
27968,27.798042231745182
27969,31.746648495901525
27970,40.81631696561112
27971,50.15207016208903
27972,32.71592472124382
27973,24.594432087172756
27974,39.207694538809626
27975,39.91216333811151
27976,25.310132671857172
27977,43.09509969486775
27978,33.062461680579936
27979,29.42437817680445
27980,24.85223098471466
27981,35.56297474353229
27982,41.9853197785621
27983,37.17570873211593
27984,35.26296628339791
27985,46.22854239642153
27986,29.91227195226724
27987,36.23941302599311
27988,30.54283176514178
27989,33.34841128083179
27990,34.211856283166895
27991,32.8072463533245
27992,37.77931131231692
27993,28.478169844577902
27994,30.72431424037429
27995,41.585590593451364
27996,45.40485003294598
27997,28.2543963128958
27998,40.348893728339746
27999,22.003337561954012
28000,37.42651149798779
28001,35.56900599448993
28002,38.879957195628506
28003,30.543155862959768
28004,31.522069814321355
28005,32.194782584496565
28006,19.29239652579703
28007,37.60332363645637
28008,31.996405335772508
28009,32.10849101374109
28010,26.531996612329372
28011,33.755425061231875
28012,30.46961904824273
28013,23.13497640170113
28014,42.677166375038425
28015,32.90157729569089
28016,41.05856599646139
28017,37.70033968992095
28018,33.44615976032036
28019,41.1125952111032
28020,41.92144557138553
28021,36.702319368363604
28022,33.34202994941973
28023,30.128691303230518
28024,32.350299475558415
28025,37.93698316759665
28026,38.415509904878405
28027,35.54540339720633
28028,27.518786241261395
28029,32.4397196490725
28030,41.76454401086707
28031,44.5898947620596
28032,30.54202184412251
28033,30.5861672580688
28034,36.550468133615695
28035,39.405972347997235
28036,36.00403399237126
28037,40.657733803086536
28038,42.63924290999188
28039,28.159063654922456
28040,29.968740365069593
28041,46.9612531080998
28042,30.14321915892715
28043,37.56528034712831
28044,39.47595244023339
28045,53.038172248882795
28046,38.30926148049478
28047,28.330493157960483
28048,30.551189243839485
28049,46.978106120610704
28050,50.858916516993894
28051,39.342505210098736
28052,40.005863048780014
28053,32.95813160832885
28054,46.136366693059415
28055,42.63532947728631
28056,34.2692565966036
28057,35.84356310497256
28058,44.11818925205628
28059,54.585550607069564
28060,52.22449018739927
28061,50.03858334193235
28062,41.290075211929334
28063,32.588523652726366
28064,43.835690302438564
28065,50.94247760266202
28066,51.82702466090251
28067,50.936194693661974
28068,43.66454799185097
28069,37.87693889088902
28070,52.03201239669595
28071,40.433467987008505
28072,31.24745608075684
28073,52.31804650790369
28074,49.109615203241766
28075,28.752135099379892
28076,46.234666150796535
28077,42.55535657989937
28078,39.38233897700965
28079,42.73120675570993
28080,57.262710633206986
28081,48.57402880678387
28082,34.70523534807781
28083,53.47806490777741
28084,56.55115135832256
28085,50.99848696240533
28086,53.51908996725946
28087,52.17117755960045
28088,45.95111375454924
28089,47.70141693141737
28090,52.37864940199664
28091,48.09060171592096
28092,37.29197865233775
28093,46.74750356279814
28094,37.04361443819689
28095,57.545124641621705
28096,50.976792306190205
28097,49.347713405233115
28098,32.8516902542698
28099,42.217840769866996
28100,47.34021206121664
28101,44.7926488877014
28102,40.44190495534909
28103,44.44345688113124
28104,34.508392405023415
28105,37.12977773114102
28106,24.749188710455712
28107,27.174516050410986
28108,25.231462873856298
28109,36.212212515564545
28110,32.69333613455402
28111,45.102160653113955
28112,32.615794316691364
28113,30.63115930287685
28114,37.07121010671271
28115,29.54624154675024
28116,26.183785023442994
28117,32.327185772522505
28118,27.07477399403027
28119,28.132664499190817
28120,29.563936275933784
28121,32.267493814546505
28122,40.119840065655175
28123,30.80045303471969
28124,38.81528964453304
28125,31.55886341341154
28126,35.777200425850594
28127,31.59439408928023
28128,24.317732830337377
28129,24.28967635128533
28130,21.56334295724114
28131,29.175913565395714
28132,32.76904947775191
28133,32.92797392865183
28134,28.359853961069607
28135,38.46935790766814
28136,35.70590927949429
28137,35.565362577854174
28138,36.832888172956636
28139,30.99563507437817
28140,31.13518100659705
28141,44.04522309634068
28142,38.02923961397295
28143,31.943255180266416
28144,30.83109265138362
28145,31.35919098666392
28146,28.515638834035144
28147,31.424219787832175
28148,30.01420890982085
28149,37.18489657812488
28150,30.146258977220626
28151,30.84282786417492
28152,40.17890695189739
28153,34.34275630986671
28154,50.28071154015866
28155,33.3730418307117
28156,31.740771988463464
28157,30.003125410710254
28158,34.44995784157581
28159,32.00627663641926
28160,27.77966857396175
28161,27.376739916963675
28162,31.814344595136664
28163,42.02708771411566
28164,37.39507811902585
28165,42.549233280770665
28166,32.79855719645034
28167,23.49320252196281
28168,23.684965433367534
28169,34.78540890704126
28170,39.51944604064713
28171,45.644333424687574
28172,38.00091456430465
28173,41.52768055554997
28174,38.05111943238091
28175,34.40630981890606
28176,39.81586543309041
28177,31.29203081786261
28178,35.77943924938762
28179,41.89570412791101
28180,32.34665748247614
28181,35.86283118041323
28182,40.967408475871714
28183,30.621214612322213
28184,35.159841013605586
28185,32.29747783427999
28186,34.54024294645372
28187,35.93764739367259
28188,34.64966542099444
28189,42.24867475439277
28190,43.594506400396675
28191,37.68837664061388
28192,32.263518182282326
28193,32.64873176775403
28194,37.28937571782059
28195,36.94514675356582
28196,34.02253432101529
28197,38.26355623714394
28198,39.11993989941041
28199,37.75942442316699
28200,38.63563677022752
28201,36.988181764348674
28202,41.69920729621066
28203,36.82457611266695
28204,32.97993592112546
28205,44.430844838765196
28206,49.36253869378832
28207,29.144850752141426
28208,41.01065764588166
28209,50.44787155148953
28210,46.87698419660565
28211,43.09947782476427
28212,43.845627869602296
28213,45.90045658729934
28214,38.46390543107827
28215,35.2566041077638
28216,37.44833020438543
28217,48.82853972591986
28218,41.42171493801942
28219,41.22148056955397
28220,28.171174974444668
28221,37.89233560733216
28222,55.26769399037992
28223,35.310266187242576
28224,40.09916441614419
28225,37.528276373814215
28226,42.28594077925826
28227,46.000332636180985
28228,39.53079802499512
28229,43.784473245068995
28230,44.8641680923245
28231,30.587825167457346
28232,26.245923023608302
28233,45.762990663344624
28234,45.01627611006274
28235,56.22121002782306
28236,37.881103465975684
28237,40.02520469988864
28238,38.03009166847813
28239,38.57155952043269
28240,42.66274956673017
28241,38.156390444496665
28242,34.07472590197725
28243,38.58907943197218
28244,37.14824119153806
28245,39.70722927247098
28246,36.723062011913605
28247,38.00607140847742
28248,42.841801634557946
28249,38.2400962450516
28250,38.03753802399399
28251,28.698156755998287
28252,47.88383895850999
28253,46.31051594804121
28254,37.94678634860501
28255,48.21329587557552
28256,48.84953191399586
28257,41.43254968412276
28258,26.31372647029897
28259,47.99659582646188
28260,47.68629358178884
28261,46.177239763878106
28262,42.99632130447728
28263,42.642245798882826
28264,43.82809217672219
28265,48.18045686189059
28266,40.084075393617574
28267,50.839215186968644
28268,50.11244977104529
28269,46.414364745420876
28270,37.72051905286429
28271,32.94863491104376
28272,48.03492420665855
28273,44.017252974470686
28274,53.70248331321998
28275,44.529906816442505
28276,49.23174782263314
28277,47.27967757556201
28278,49.22021959577832
28279,34.35727408603466
28280,50.19255512385917
28281,42.7555299069345
28282,45.12284750947435
28283,50.674038897284106
28284,41.372631260881874
28285,33.01067607940324
28286,41.177980303375946
28287,37.473687633808495
28288,29.1611826510866
28289,49.521359991925955
28290,47.016246735674486
28291,46.33925794111755
28292,49.751544799379474
28293,47.72092167720364
28294,44.7427397933137
28295,31.58090863690344
28296,54.867946113824814
28297,42.96942142227401
28298,22.987240708473944
28299,51.076847232726884
28300,45.25387167826628
28301,37.860034744356156
28302,54.896610346275786
28303,49.21111756017514
28304,39.97427866618413
28305,40.08522022161286
28306,39.3514741201962
28307,51.332884135679464
28308,46.436019180534295
28309,36.588720151460805
28310,49.15027721954491
28311,46.25693531027156
28312,53.61588836231638
28313,36.14773544722759
28314,50.04009899877241
28315,51.14176704643554
28316,31.33601838989353
28317,42.65718210488074
28318,47.41065291421543
28319,39.326345730779494
28320,42.69973678003595
28321,54.513635850198646
28322,42.83948011222143
28323,61.640881919556726
28324,49.29067166609593
28325,44.07656610834343
28326,36.19036769678719
28327,43.642215422077435
28328,54.24558669659421
28329,37.94998103038353
28330,36.89991269433723
28331,38.51423246826084
28332,37.5817273993361
28333,34.779317253730305
28334,39.368787531989895
28335,39.25341929484819
28336,45.76112535109276
28337,51.462075901894785
28338,40.14796155890931
28339,37.35240623154461
28340,45.347773022697496
28341,36.731016924831394
28342,54.55766970029323
28343,42.138476172634014
28344,39.5399599665404
28345,47.20566884431954
28346,38.885275559943295
28347,37.53636726019888
28348,37.05988951844804
28349,33.9980942721407
28350,40.804556175652635
28351,44.35715068841788
28352,44.260838361580866
28353,36.16709923932083
28354,38.86936562921074
28355,36.735774543272825
28356,54.97851960508543
28357,35.894152809307414
28358,47.78382599598136
28359,37.51471659818243
28360,35.50249681466466
28361,45.168538735888944
28362,49.62729238638866
28363,47.261763268227575
28364,50.037402528837056
28365,40.667684431504185
28366,43.11395031700319
28367,44.19819158130648
28368,51.96630359869481
28369,34.476773757124334
28370,32.641310805768995
28371,56.98643878165906
28372,42.29919801945822
28373,37.287470501417644
28374,52.68234014540807
28375,38.27154319894592
28376,54.08673727294173
28377,54.064367652432935
28378,40.489481460612225
28379,35.56495069871598
28380,45.91760764769961
28381,37.39912200633958
28382,39.08269256836107
28383,34.89995680675817
28384,41.94265957332753
28385,54.24577589646598
28386,41.09454221007206
28387,43.9057804860814
28388,35.83201447106552
28389,43.04082739491968
28390,39.342119478740855
28391,46.90798026734369
28392,50.326827228086046
28393,36.301477947556286
28394,34.17149807899317
28395,39.922785520094166
28396,28.852807584677645
28397,32.86862374114244
28398,38.84076546814
28399,45.289314299379626
28400,45.24314993271467
28401,37.846565656862346
28402,44.50429895062224
28403,35.340052964828274
28404,33.16160766924671
28405,38.02313454288468
28406,40.38721880474979
28407,42.75268345976715
28408,37.84347547247907
28409,29.64210307552463
28410,42.114522281530796
28411,30.70530688658164
28412,39.10517970924029
28413,33.937812754904144
28414,33.37306458413116
28415,45.73983617213137
28416,28.919674897107118
28417,51.22226232510569
28418,35.436736010834316
28419,40.66234524650314
28420,46.83774944643284
28421,29.6608558659015
28422,38.55012830620807
28423,35.96361449458965
28424,38.79280159690639
28425,35.340182211217794
28426,44.14160444948098
28427,29.445949911284288
28428,42.45261495187793
28429,41.1452599638934
28430,40.41223122386282
28431,36.19752536902445
28432,30.109315199981573
28433,37.05551792910038
28434,40.35434141844898
28435,45.43938959294052
28436,46.36660095438652
28437,38.38533460850245
28438,38.18617652531824
28439,39.54885565107435
28440,50.46216197355871
28441,49.86769601819711
28442,35.796403826551014
28443,47.626080292742216
28444,50.20493496920774
28445,56.174916362295896
28446,44.39426018541062
28447,38.40374256370238
28448,42.50343319849057
28449,46.06002151785045
28450,39.28194151796671
28451,46.37468558100346
28452,34.75767058108096
28453,37.681681780005924
28454,35.54261666041291
28455,46.03072311654046
28456,42.07665668251143
28457,47.58001930369514
28458,38.03982836307868
28459,43.10829890069237
28460,34.592203077543125
28461,44.78184457899398
28462,37.53540305496584
28463,36.05893967694988
28464,39.42368269965604
28465,42.14424107696211
28466,33.10298535968848
28467,41.89169402078181
28468,44.16572444185776
28469,38.28747976080414
28470,29.639856468696976
28471,39.97363404864524
28472,18.92170504022534
28473,27.608945557229088
28474,27.865870439561682
28475,41.78223527334975
28476,20.566758943620044
28477,28.444628740731076
28478,33.42481511445675
28479,25.838260801642882
28480,31.574956818106926
28481,23.02595890369007
28482,33.9776902780373
28483,21.831897955084127
28484,39.77819519649988
28485,26.830553741257813
28486,30.926546299206606
28487,41.21637114298394
28488,27.84725227434874
28489,30.332591750120294
28490,23.170025060836792
28491,32.433524817704516
28492,26.40625150519061
28493,34.25717211390527
28494,35.760773494102786
28495,43.69838258011811
28496,37.99802070520654
28497,48.29402181201406
28498,33.72473487037247
28499,32.702765185792586
28500,35.69425302652566
28501,33.995050567689844
28502,36.8179368620185
28503,25.383303583581842
28504,27.771796206403813
28505,23.415198795752907
28506,21.14280106247176
28507,30.545543116215065
28508,25.157569343395814
28509,24.13303464577967
28510,44.82354942892899
28511,41.45862025937924
28512,37.95261631273706
28513,39.63944137668919
28514,44.8494203812357
28515,23.392796620969072
28516,38.870227790781826
28517,34.524494653168176
28518,28.675025007266292
28519,26.656076318166797
28520,24.627498567975604
28521,40.399375919391446
28522,39.18897688403669
28523,41.58832860690883
28524,38.50609326984892
28525,33.31667583810013
28526,40.602989273038446
28527,37.7544737206809
28528,37.64214535929776
28529,36.256410756050016
28530,24.19576860657925
28531,35.389971018320466
28532,40.76793918009193
28533,30.020178050128287
28534,26.800201452032
28535,33.16592444102262
28536,40.946732156351274
28537,31.885542211197674
28538,37.112682928382
28539,40.148255954085634
28540,38.173276306888255
28541,36.69789143042009
28542,32.19404744694188
28543,39.533222330980784
28544,30.36407500199266
28545,44.20168013907825
28546,30.072300966459032
28547,33.09843073021335
28548,24.276396331446655
28549,28.500084447533098
28550,24.459126350205487
28551,29.677984766975303
28552,32.373996469671965
28553,36.342160056311094
28554,27.410561350415158
28555,26.947257724606597
28556,29.067902971882358
28557,20.393624367979243
28558,39.82146415282348
28559,39.04202774547427
28560,29.345428841493572
28561,23.31528619872691
28562,28.410488321320535
28563,36.34438866392643
28564,31.242433544910195
28565,42.53094420642253
28566,29.597622393947468
28567,29.536064629491243
28568,38.71138906481915
28569,43.878091974727894
28570,50.18850360195977
28571,45.5901319991194
28572,56.604582673932796
28573,36.332537046237825
28574,37.20832785909842
28575,52.86126847716213
28576,37.985786520229794
28577,45.12789087938182
28578,59.479503646751894
28579,32.68739862612635
28580,44.5316850559021
28581,44.780507075367645
28582,34.19317510545986
28583,35.860014698910625
28584,50.82313290291217
28585,53.569797027333145
28586,39.40171167073735
28587,35.21887752090614
28588,45.30666993583724
28589,46.876441136868664
28590,33.88144389357317
28591,53.891040899779384
28592,41.77142004545516
28593,34.05396340794461
28594,40.98706863894101
28595,52.94262537403476
28596,53.41893644027645
28597,29.536532117709328
28598,40.007898129472544
28599,37.812516546468956
28600,30.86179533442253
28601,51.06328320209355
28602,33.40835399195363
28603,43.2874672551172
28604,39.19388206075582
28605,42.55812368229428
28606,38.98844403557818
28607,38.33269988801837
28608,35.21517401244301
28609,48.59471639421923
28610,56.21901063078963
28611,38.3544463417977
28612,56.89762176770256
28613,56.95472215688456
28614,31.99601696758544
28615,36.61988133288876
28616,43.53336261020483
28617,51.15868841370961
28618,48.26041724713021
28619,38.847908614956644
28620,62.61600663538717
28621,57.488962237163385
28622,46.580697045634096
28623,35.79888528825283
28624,42.86894672925103
28625,50.063129711390914
28626,45.783144893991484
28627,40.48134740009338
28628,61.05639043753605
28629,50.95131600341979
28630,49.54373708531415
28631,30.372134777060634
28632,43.71537550620313
28633,49.91047663033588
28634,44.97378942282897
28635,41.80916121771284
28636,53.02027340742157
28637,41.82209641898565
28638,43.92354519288837
28639,46.611556981684934
28640,43.11311359957592
28641,50.325293854512935
28642,36.560889393088644
28643,39.5969522636387
28644,48.411669707694635
28645,44.8249843586197
28646,43.917982605372
28647,39.84309653303099
28648,32.72920849553651
28649,57.793493413468674
28650,52.96690965030394
28651,56.65362487101467
28652,52.2853675645416
28653,40.95110546246236
28654,42.36505346403689
28655,51.722252992539936
28656,43.8267591503982
28657,43.21667063967414
28658,57.90130902501705
28659,51.04684870261429
28660,54.56471831651842
28661,42.215881371622636
28662,56.04852594273403
28663,45.12132041522525
28664,17.23711067922542
28665,48.66830223515347
28666,42.751703323361326
28667,35.28775709638485
28668,41.69958316475133
28669,54.86204039787047
28670,52.09901629515041
28671,33.449235967096186
28672,36.111838329404144
28673,37.7816608110049
28674,39.82942122388157
28675,37.851855611179445
28676,34.94941026370557
28677,37.6582051369554
28678,40.55362431284317
28679,49.98005143607571
28680,49.82418484649608
28681,39.27054997407811
28682,31.19390939493661
28683,35.970926078675035
28684,50.68393055615135
28685,43.22204574747836
28686,32.727818053351875
28687,43.74003700106112
28688,38.55905845930619
28689,42.76316570536297
28690,47.639505023558115
28691,38.32036830729132
28692,38.309523019800025
28693,36.911414854197275
28694,37.61909121259173
28695,32.518359349642665
28696,55.971197453807264
28697,42.315910364174265
28698,43.38446932555612
28699,43.21019157787006
28700,37.0424932155628
28701,35.227407860722515
28702,59.26728151302345
28703,33.015776214200685
28704,36.52724399855524
28705,45.09125147733387
28706,45.92816364329933
28707,44.34265290304619
28708,46.62157370222291
28709,36.330816695090334
28710,52.62804774258596
28711,37.762414627628
28712,45.0683787858996
28713,48.54915246824979
28714,45.768349041434455
28715,39.8217608802229
28716,31.284413660981294
28717,39.51760871459209
28718,25.144778136380452
28719,18.797053387144555
28720,39.935293681061765
28721,23.977746678342037
28722,26.086264323287878
28723,30.993944228391193
28724,34.59892346029619
28725,40.14720009737384
28726,27.687208114356622
28727,32.2103418997615
28728,37.97718469195919
28729,39.249442603761175
28730,25.35607500541481
28731,27.812295915364558
28732,37.57554568674479
28733,41.48304103903301
28734,34.61308815836337
28735,40.40789564273953
28736,37.59029476869433
28737,39.24528875611772
28738,40.75681098580419
28739,15.767176437083462
28740,22.00002234987675
28741,34.061274279682735
28742,25.846179767011797
28743,33.78126318365521
28744,31.51361132901588
28745,29.94815821058694
28746,42.01819905288753
28747,44.424800500687084
28748,33.989738361642786
28749,34.96958398655208
28750,28.68998607637604
28751,41.06215006259221
28752,28.56230145731775
28753,28.375720915571833
28754,37.04957823701466
28755,31.72698191641628
28756,40.367326604634066
28757,42.72343859839202
28758,31.62580716237727
28759,32.298559015868086
28760,39.43018593100229
28761,41.064209490831686
28762,33.02003581911544
28763,38.011594670330915
28764,32.538221195085136
28765,25.49373094944867
28766,38.50679104195595
28767,38.08474514025208
28768,30.18532598843308
28769,31.777286171883688
28770,43.61651154586086
28771,39.42526675014771
28772,25.623087692853126
28773,36.911280457238064
28774,40.503751579309544
28775,37.79593437738513
28776,38.82217602356091
28777,41.741153304228796
28778,41.327694357249925
28779,43.783522544144326
28780,27.246629082139073
28781,37.65816956889989
28782,39.527074277283596
28783,26.357907875216945
28784,37.134423478260665
28785,30.204950891372
28786,35.364246670597446
28787,36.65386859704981
28788,40.60012039326513
28789,45.78259729128881
28790,33.21758209806015
28791,25.075341448699277
28792,24.372362391539074
28793,32.43120040885489
28794,33.66722782749734
28795,24.167658327002933
28796,23.825204856289865
28797,24.882432003070686
28798,26.807240817405912
28799,28.36263594317564
28800,39.916870943195406
28801,31.08146435121333
28802,34.924345797668984
28803,33.61721473401576
28804,57.292321890082434
28805,71.59523451223316
28806,58.827760079119
28807,53.511522938969385
28808,58.88102082247901
28809,54.83608189515762
28810,51.925999350660064
28811,24.52910929380665
28812,54.798867571785586
28813,62.551607456697866
28814,51.63501961859247
28815,52.74098728199547
28816,48.43947251243134
28817,49.98630091849737
28818,48.64226721848581
28819,46.748192158200716
28820,45.30001870846377
28821,53.65991730506182
28822,56.04130549700099
28823,50.54289392407358
28824,36.040146430419526
28825,53.30006065037699
28826,56.212183240600645
28827,53.15589940734846
28828,58.42276243923248
28829,38.367423397302915
28830,46.714272772506774
28831,40.8339895199031
28832,35.18730304279866
28833,59.9365748058941
28834,56.76354060703315
28835,53.219729281221085
28836,27.04979519596078
28837,48.38059335802873
28838,56.67336893284017
28839,49.37110626421727
28840,56.597470928145164
28841,47.53921014976571
28842,41.59221218220711
28843,54.1469424359366
28844,50.54869685029877
28845,50.54555513632919
28846,60.98591559259561
28847,49.71187826710038
28848,53.32100322645154
28849,38.464877476164645
28850,45.550147197778536
28851,47.396496341590264
28852,59.26903028451391
28853,50.967515141251994
28854,56.27065074500059
28855,42.85343952783284
28856,36.03375026382227
28857,38.22841805232498
28858,51.325501229570875
28859,47.17864748086429
28860,53.22267914089981
28861,47.86477652359141
28862,51.62991767806552
28863,57.128504425642845
28864,50.328180246499926
28865,41.39460478126592
28866,38.97092997137625
28867,48.03195650251533
28868,51.63759600319376
28869,38.87026468554791
28870,47.085524089669825
28871,40.75892947711673
28872,45.02669602831051
28873,37.116785005076714
28874,40.94971930285796
28875,40.80293040144275
28876,50.423521650261165
28877,53.29965169941645
28878,39.403842569457325
28879,37.37529550093506
28880,48.98968143983791
28881,56.6730627033313
28882,51.304189763264375
28883,37.06556050344907
28884,52.3271176334831
28885,38.92631246245628
28886,40.71919580218069
28887,45.287971876703416
28888,35.14609971553708
28889,44.12352522043217
28890,57.91689627842008
28891,38.033011082431045
28892,36.633501731157835
28893,40.23859361128575
28894,40.09230940664638
28895,34.244193763604684
28896,58.3986733595332
28897,40.859949724837826
28898,53.326548262850466
28899,41.95153964015468
28900,43.667072475769956
28901,54.749792795301225
28902,36.473115481301946
28903,48.243061321836244
28904,43.36953615039528
28905,47.57333487485492
28906,53.7023052994483
28907,55.5654399550674
28908,44.979352386822896
28909,52.985136538257365
28910,53.58032666212713
28911,43.27952326598211
28912,57.709862951314165
28913,41.87643036843426
28914,38.911412153652606
28915,29.434743467524797
28916,52.22465028225298
28917,49.10183198234003
28918,56.58792909561491
28919,43.285456834171825
28920,37.756624161004595
28921,34.18021994099968
28922,50.153636975920186
28923,43.00017853664251
28924,51.21791086092889
28925,44.81156289833157
28926,54.94710134621674
28927,49.06619756637508
28928,46.78041085333433
28929,36.98629545960112
28930,37.81889626632655
28931,39.96380224976366
28932,49.870270042210436
28933,52.05488911643244
28934,42.009378358556724
28935,36.652875596779474
28936,46.37473370969467
28937,57.33437218536207
28938,36.619626933257194
28939,45.28731253870612
28940,38.34977438595194
28941,52.18544103859668
28942,39.8907779253843
28943,36.2351728571107
28944,39.24087339770517
28945,55.591995810120856
28946,55.32723410836584
28947,38.08176603542897
28948,42.17313225567103
28949,40.877460769723456
28950,43.015528227374745
28951,39.0103480680112
28952,51.519050306591275
28953,39.35349311526393
28954,43.99887184940104
28955,35.39200505286929
28956,31.938482287438468
28957,30.8077089746173
28958,48.307908766437215
28959,40.59082601968752
28960,55.69303658223471
28961,45.25465389269642
28962,35.99497302425963
28963,37.7810304130708
28964,45.43386554220321
28965,36.314809655124755
28966,46.91842738165295
28967,44.0911330700214
28968,40.20137399618775
28969,44.68899089880134
28970,25.032622003931216
28971,50.57782872525471
28972,38.05323289878892
28973,36.23955431631914
28974,29.210787042366896
28975,46.258594819629806
28976,40.914600100786174
28977,49.57950041192565
28978,42.615350706608254
28979,38.49237773152825
28980,46.65615048712853
28981,42.12508624252517
28982,38.549932517702665
28983,36.93510894541248
28984,37.12683100865207
28985,34.7903101682257
28986,39.34411202569365
28987,34.44996640395563
28988,44.89985008247872
28989,41.46901091653258
28990,46.244098204361265
28991,41.468229062715274
28992,41.446070945917086
28993,34.108459196729555
28994,41.40672249806427
28995,38.0970440547638
28996,35.44577358501451
28997,48.428307830978575
28998,36.52951017506038
28999,35.602582935608936
29000,41.61835706017327
29001,36.151743731335415
29002,38.406366638365085
29003,48.79542086929852
29004,38.4645988201485
29005,34.374633951293724
29006,41.767431441476894
29007,40.678787690723475
29008,39.00113619667129
29009,37.65157319909008
29010,44.474141635868015
29011,45.45104466258601
29012,41.079211472056826
29013,35.801354093599734
29014,33.534746209921266
29015,40.96551528131674
29016,38.51010809777911
29017,34.95909411544061
29018,39.48641234941219
29019,37.89692113562525
29020,44.87907311625603
29021,36.270239686923446
29022,33.74103287367929
29023,32.3975261302823
29024,41.74644272052138
29025,43.09293978906578
29026,46.662424185120564
29027,41.80752332811289
29028,32.178184933036015
29029,51.48520854523038
29030,31.06950229556107
29031,45.85724567870959
29032,38.9366670874805
29033,31.68754097268199
29034,28.122671807431075
29035,20.259427859521175
29036,38.529228615693896
29037,35.36428382783054
29038,37.2899163267451
29039,33.17503757117796
29040,44.57944053452209
29041,41.233802261675855
29042,39.269401293617086
29043,37.20055573648518
29044,32.421610088659044
29045,26.58784231726172
29046,34.68205848750199
29047,33.9623577119061
29048,36.71403472797702
29049,36.06021941926696
29050,23.382711237121477
29051,37.44937194567989
29052,38.151556310085894
29053,37.43173673848843
29054,21.467595841572873
29055,33.56856475718395
29056,31.88504369035841
29057,28.942109370539335
29058,35.989249757279374
29059,26.356751733777433
29060,17.993921824388984
29061,28.07955602904812
29062,25.479220740020857
29063,20.5343739859695
29064,40.295375765193306
29065,26.54903460012163
29066,26.98647701226418
29067,40.0416051296433
29068,34.11033226939558
29069,23.158540476479686
29070,32.41637484259392
29071,24.058820446108804
29072,31.02892633355745
29073,23.354675320583354
29074,35.56885101586904
29075,37.70307684803493
29076,32.12364049275575
29077,19.770528223448412
29078,33.23764939942964
29079,27.69461257377698
29080,22.827276211280157
29081,33.63085630957259
29082,19.155314792122446
29083,26.445859869844952
29084,20.94665751605622
29085,31.30463981444715
29086,20.413591534587802
29087,28.200995401752834
29088,26.404994842560686
29089,30.455187304947994
29090,22.739402476756595
29091,35.02321899073765
29092,23.29834565077399
29093,38.77519304627245
29094,33.377182772766105
29095,40.211131782416686
29096,32.60854273936264
29097,21.06900149875947
29098,39.894892124024
29099,26.70584169974473
29100,22.156020390111742
29101,27.738837539130586
29102,32.06876541524226
29103,26.871504122205515
29104,19.466721973096742
29105,25.0412415728195
29106,19.630691392863444
29107,22.816581013804466
29108,20.708740965176037
29109,23.62276832753671
29110,21.565089739307968
29111,26.19927889654315
29112,32.727494878758904
29113,25.39894505882542
29114,28.16156872714945
29115,25.525665098962268
29116,33.03249002472557
29117,25.070095992130778
29118,31.367393892250405
29119,23.573287445558872
29120,26.973008929631952
29121,29.31335995751525
29122,17.05178030553916
29123,24.36421208588432
29124,29.36255131122993
29125,23.048072042030086
29126,28.380911590318536
29127,42.63438099601669
29128,43.82695589404976
29129,44.27555676417027
29130,50.16761250439641
29131,41.42418928794585
29132,54.63693889073946
29133,52.00624028667726
29134,39.03316391646655
29135,38.406161643804495
29136,52.339794048496856
29137,50.75603110107843
29138,44.39728492102611
29139,44.74596780361417
29140,44.22581633536271
29141,37.186790853726244
29142,48.12004272627529
29143,49.431763467070695
29144,65.1065787740401
29145,52.75746750692579
29146,36.26436163502436
29147,52.806275306498094
29148,52.814649630911966
29149,56.53710184450602
29150,48.91451231859635
29151,58.79626530859146
29152,51.53632252352881
29153,51.989282811256075
29154,51.04554066325326
29155,47.03441794959526
29156,46.10927293426041
29157,47.514084152588794
29158,39.74165575026193
29159,51.454042201075524
29160,55.69350449098522
29161,47.034560872982354
29162,49.78301150906201
29163,46.41194889911004
29164,57.4786451399103
29165,49.06412263598581
29166,53.55417445788886
29167,47.385182864258056
29168,51.216230185203436
29169,44.50844725143752
29170,42.80867966116745
29171,50.58023022225352
29172,47.80629516795754
29173,36.03558608328903
29174,35.40938641727254
29175,41.27384923407964
29176,46.523219330745704
29177,34.85372469608766
29178,37.21628052978599
29179,52.352117476375
29180,56.242873517669594
29181,42.03630823757594
29182,52.01249582229893
29183,45.82527883359367
29184,36.47548881743269
29185,55.32783131989292
29186,45.37858128254963
29187,40.5957350705602
29188,34.712005230335045
29189,34.616666539664976
29190,44.84278740130848
29191,47.785590770446206
29192,49.23656570741166
29193,54.83225676094817
29194,45.346394398720186
29195,44.3310038958263
29196,30.17922532358529
29197,32.21986027947952
29198,53.18819510065928
29199,25.325018645742215
29200,33.464999817974814
29201,30.30691888546344
29202,32.49250363960007
29203,30.448193467647272
29204,33.4735553034106
29205,46.76123889347229
29206,38.69389857141206
29207,40.67749325007629
29208,37.68119275585185
29209,31.008301716421805
29210,20.80923377600238
29211,41.90086692902205
29212,44.32271449537701
29213,54.52327592012858
29214,40.51846176018022
29215,41.9013976183412
29216,42.50265900273814
29217,46.71761700434526
29218,47.87419470218501
29219,48.32364114656329
29220,48.23342429825965
29221,44.46318191836002
29222,52.53971489735575
29223,51.98698569619595
29224,35.23089350666418
29225,40.57033291841528
29226,49.13353376538527
29227,29.756773639948996
29228,39.36799250761369
29229,39.29590013902906
29230,54.86662755322926
29231,51.02616574580766
29232,35.06853072364321
29233,35.16172469173679
29234,38.0780668196563
29235,54.66324946189084
29236,46.12443488619161
29237,45.321532153840664
29238,40.4601035706127
29239,46.91871924406675
29240,43.226505672152136
29241,43.149463920200056
29242,37.724093926217336
29243,38.231465745587535
29244,35.17910580446585
29245,43.57104969370818
29246,44.3326282166837
29247,40.03319007583492
29248,37.58817334376015
29249,46.07307603737678
29250,48.817273739172926
29251,41.19786056189711
29252,28.574110958493506
29253,36.253296073646
29254,40.29435418522489
29255,39.69356915894551
29256,33.25431119668825
29257,45.00898641473958
29258,37.993643063198384
29259,31.020623909101143
29260,35.461520757989746
29261,50.150664268408214
29262,39.03521139619542
29263,33.460966717638684
29264,43.395123756872906
29265,53.71338164867393
29266,43.86959623226574
29267,31.11080363214174
29268,50.19480816648546
29269,34.62164427983945
29270,46.94509017953572
29271,38.79619175147366
29272,50.830688068995215
29273,40.61948138555095
29274,53.015821895459474
29275,53.77581341408502
29276,42.29569386569003
29277,41.985385500248356
29278,43.88176426982422
29279,41.290075211929334
29280,45.917173452230486
29281,40.78121363852637
29282,29.50219504899798
29283,39.96493180523041
29284,28.504461585811416
29285,43.61357449839664
29286,34.2442318376641
29287,35.73646123213912
29288,47.28699648080596
29289,39.40412795270983
29290,33.48292367219383
29291,40.53644635282232
29292,40.30664710133647
29293,30.027666796036044
29294,42.54568664724833
29295,47.976966730760346
29296,34.74113081917556
29297,43.660278070167124
29298,45.10226518149358
29299,40.74316674621273
29300,46.2801801107653
29301,36.67747640759357
29302,64.12334516393342
29303,47.3480361009579
29304,40.53817531995762
29305,55.48533953202316
29306,48.046938383146845
29307,52.80650780555668
29308,48.494075246439074
29309,35.0534753646904
29310,47.16633423580683
29311,38.60965058629458
29312,45.85018445904918
29313,49.015082168798386
29314,42.12555714195638
29315,27.393621598531173
29316,31.076411120287283
29317,39.05942665552445
29318,50.988912748332204
29319,50.640604638361225
29320,27.228453141620804
29321,40.769365774247625
29322,33.303650565894735
29323,41.27473479047935
29324,28.043725227119566
29325,28.185173407990327
29326,40.87714005648711
29327,41.87707041205818
29328,39.87171020147458
29329,48.912304398380755
29330,32.22189627827231
29331,43.50209963865319
29332,38.61283358124409
29333,44.13972703933412
29334,46.671563580496404
29335,36.67666231860559
29336,42.72781900674503
29337,36.63700791606423
29338,30.046903707420654
29339,33.918797645887366
29340,34.31533785198883
29341,44.113373597779805
29342,37.23618909389599
29343,37.977839885708605
29344,39.23642935575758
29345,42.126410325362656
29346,41.61936515317709
29347,36.19918096493739
29348,37.3808992338276
29349,31.97938055441047
29350,49.218893763405504
29351,35.96317978133325
29352,41.654077393887874
29353,30.206388691580724
29354,33.72858009897706
29355,45.21610204129862
29356,39.46972075805742
29357,38.570959907878205
29358,41.889758627375485
29359,42.44500031684721
29360,39.21921715266339
29361,32.16300021594381
29362,42.02717564567017
29363,40.84857507993928
29364,35.75553758857937
29365,34.71814604678654
29366,45.50903060014798
29367,47.01958826520047
29368,40.15293038992967
29369,32.415060151004944
29370,32.17314342902898
29371,42.8416851389122
29372,40.40273879032746
29373,41.17079039053492
29374,41.74754840795895
29375,43.46512070441105
29376,42.85394772266796
29377,24.330988979525706
29378,40.64305577771879
29379,40.30985255494025
29380,41.431099511571546
29381,36.714452708219476
29382,36.82523715161514
29383,41.186710071505395
29384,36.92458502161721
29385,34.50910447139141
29386,38.142939594505904
29387,38.34747799522748
29388,32.37926421745019
29389,39.3592402578132
29390,33.73742215826934
29391,40.29166462429531
29392,32.943204916043896
29393,49.07948613431671
29394,37.04170685014028
29395,48.29490497471012
29396,31.00407817173443
29397,38.30723285252944
29398,33.693157409191265
29399,37.564856199617346
29400,37.49903243715222
29401,44.30488345658563
29402,44.47006082284746
29403,40.325501833460315
29404,38.14162125777335
29405,29.8873480916917
29406,17.16457946790821
29407,36.9967005824682
29408,30.57971993723484
29409,37.59595419411797
29410,42.97087712837396
29411,26.657359649703253
29412,27.47603326033537
29413,29.47264608816306
29414,45.078183549106
29415,38.161873774435676
29416,37.212603210322925
29417,48.94647006410601
29418,34.81526259347521
29419,44.547930445196826
29420,34.2448547802282
29421,49.91924232504033
29422,47.039825309298955
29423,49.67815244095417
29424,46.4224282396783
29425,38.645649575097664
29426,56.82630931331292
29427,37.90614854351679
29428,43.542962756400534
29429,43.16219353615442
29430,37.642902012538634
29431,52.590431300589955
29432,37.26628019349553
29433,46.38888481615197
29434,52.8214239310467
29435,37.89613046645639
29436,55.16595463704384
29437,39.0833377928038
29438,32.86395607205486
29439,57.40796368779611
29440,48.96356401144895
29441,41.01649735739059
29442,54.251244235451466
29443,48.90530889127445
29444,54.314780895886564
29445,37.15702561882121
29446,46.02360286694107
29447,40.280937680602264
29448,42.47133570541625
29449,31.038942927530904
29450,57.679676430535295
29451,36.92312556471256
29452,36.12162513807207
29453,55.776164217119074
29454,44.39786594810204
29455,35.93059207350329
29456,38.84564019925926
29457,40.05108161225268
29458,47.06823417173799
29459,33.31003256850612
29460,52.39922767824031
29461,48.091539457537536
29462,36.46821494866281
29463,42.121248981988074
29464,41.2447981154818
29465,43.00064648075613
29466,55.2176292634248
29467,54.47322231107199
29468,43.725072763341956
29469,41.69525177388735
29470,49.42413605469386
29471,44.062351378539255
29472,34.655120741854226
29473,47.90413038372076
29474,36.738387733051404
29475,40.37120039834391
29476,39.10874491465093
29477,37.11874332797318
29478,32.44461986932301
29479,48.390861428517674
29480,46.85878943175995
29481,42.245663635898545
29482,36.63165401428754
29483,51.965273226519784
29484,40.1092784869588
29485,33.24314386396969
29486,38.57491977995387
29487,43.79089622233617
29488,58.533389569814986
29489,49.53231034914824
29490,37.19370847256751
29491,45.70122584603496
29492,50.24720163149175
29493,37.50236864439222
29494,39.29253320871471
29495,55.21764120109492
29496,51.6468901270409
29497,56.276457003829165
29498,50.34809981826007
29499,35.13793872227147
29500,35.66049841163243
29501,46.50033880647295
29502,50.13210764574378
29503,36.54116373464466
29504,32.9379046353922
29505,40.12132152421184
29506,37.95393550396814
29507,41.381728226247354
29508,49.734351670974064
29509,49.623998012160925
29510,39.18700136041031
29511,40.13681611747131
29512,46.12952400901352
29513,37.78134751058557
29514,39.113156428544
29515,55.90224780448702
29516,38.60157760412933
29517,44.121659774402474
29518,42.35603447597653
29519,35.806563347921895
29520,28.76444144371242
29521,36.073278555052724
29522,37.72628288033409
29523,39.88444186396779
29524,38.60436948549004
29525,42.75163527636494
29526,35.8255674988302
29527,38.06544086044007
29528,29.516226376585085
29529,29.674348484088924
29530,35.16792882769633
29531,36.188790610698966
29532,32.5695286621385
29533,35.57795880031618
29534,37.70200689806003
29535,33.888891304258486
29536,46.48422322749675
29537,37.609242064811944
29538,39.959483995247105
29539,36.74898465525956
29540,38.89170553675935
29541,41.00449384779231
29542,48.414527631416256
29543,31.440852517110365
29544,38.55003867235233
29545,38.4188578642937
29546,43.10032914947955
29547,43.34247633970259
29548,45.08726527208723
29549,35.03213267599875
29550,36.63541555193515
29551,32.415796323595465
29552,49.26460680537805
29553,37.74097992770479
29554,39.981497798901955
29555,43.52886331788003
29556,33.21273473603994
29557,31.052438152617285
29558,40.30945610620643
29559,36.01508070648306
29560,40.78626079794593
29561,42.95669704236566
29562,30.8454212558554
29563,27.189304097852464
29564,35.54069779609552
29565,38.693055365319694
29566,38.09616603991639
29567,48.83026009346594
29568,32.158268240736476
29569,41.675607361676974
29570,31.074787299880693
29571,36.27482511121087
29572,41.22080887223006
29573,31.76118648484981
29574,37.131973570923066
29575,36.681442275687914
29576,40.380640230308764
29577,39.214311484544446
29578,40.13116472138587
29579,38.94925082890411
29580,30.834563450192178
29581,39.99656590557987
29582,39.99091198565087
29583,30.623739580979496
29584,32.82465647668768
29585,33.92606420776953
29586,44.01804040206632
29587,37.427379966014755
29588,33.24494529279273
29589,36.11918808228093
29590,33.54252680277375
29591,31.38472769289517
29592,30.814868873062135
29593,38.154445189243745
29594,36.41144173649279
29595,39.02344868666015
29596,39.664759099701826
29597,24.13845404313855
29598,39.16626304840906
29599,46.75356513682959
29600,40.98894570156175
29601,39.26647749133042
29602,31.600318414528168
29603,34.07095549152125
29604,39.26515745379409
29605,60.71101597307117
29606,45.7414519354838
29607,54.83608189515762
29608,50.00298458861474
29609,56.40188216619391
29610,45.783144893991484
29611,58.36448117846839
29612,51.155929367989074
29613,57.292321890082434
29614,50.94207573435823
29615,48.098030434014845
29616,48.18564136258342
29617,34.17072250227892
29618,45.78639378271527
29619,43.62523930230873
29620,57.20618689689548
29621,42.352656893767566
29622,53.3427535113565
29623,52.80181162041885
29624,33.36549457980498
29625,57.02491004019282
29626,44.74859447297158
29627,52.22252586072813
29628,40.78500457511645
29629,54.93211154913349
29630,54.639391321125004
29631,54.09169805159405
29632,59.39684197731419
29633,46.95480568134797
29634,46.03565632822714
29635,52.74098728199547
29636,50.371456636445046
29637,46.01044853693651
29638,47.60137597994463
29639,52.63140313012961
29640,44.33868070159351
29641,65.01939804551813
29642,60.98591559259561
29643,47.11303500399297
29644,40.44190495534909
29645,69.35435047142877
29646,52.43157446779135
29647,48.43947251243134
29648,53.14273915804196
29649,62.61600663538717
29650,56.823885225167345
29651,58.57905191678677
29652,48.7678260688455
29653,57.487981848854076
29654,58.23230931851356
29655,48.55903670399342
29656,49.71655056167843
29657,47.31095458106004
29658,51.48052083651897
29659,37.83794574717412
29660,52.819236647439844
29661,46.8598251542861
29662,40.910703295133516
29663,49.909451065619905
29664,46.260416092754284
29665,43.82687743672689
29666,55.502190286641245
29667,48.915391683601484
29668,47.95199040312648
29669,53.96724625866494
29670,52.68128355057908
29671,50.39786365357802
29672,53.983113641930544
29673,55.25359201589838
29674,58.56484906398644
29675,52.67130631121042
29676,56.13664445706904
29677,52.758692635486696
29678,58.250028154692764
29679,53.7219600975167
29680,57.59145570284408
29681,55.271778796315
29682,55.074287275176594
29683,49.46841385748713
29684,60.797537824032986
29685,57.501907546915845
29686,49.71566483365309
29687,45.311418591326
29688,57.69625943050884
29689,46.32254062351622
29690,36.703606394111844
29691,50.535336903367416
29692,51.27355487203939
29693,52.66906539075303
29694,42.749545051448585
29695,43.48344962007009
29696,40.89990324391548
29697,55.73120518067703
29698,48.94774145342315
29699,53.3288287439275
29700,40.47266372966579
29701,54.31271120013238
29702,45.863962319153245
29703,52.85672053451223
29704,46.99999553889361
29705,49.99837077327176
29706,45.31149952697622
29707,38.87105090307206
29708,46.62675283814152
29709,42.14849785212164
29710,47.10808977745144
29711,49.37513763426652
29712,42.94297550462449
29713,41.251626089452806
29714,45.551497401836265
29715,44.86188236037459
29716,49.389338489481666
29717,45.958303869676854
29718,50.14109168130554
29719,45.1170551652592
29720,49.37283095290528
29721,40.319687191359485
29722,42.44038262171074
29723,52.88785958238613
29724,52.558826006699235
29725,48.20426108831536
29726,45.86282082944909
29727,40.84940269658074
29728,43.03630534882168
29729,44.0489656345228
29730,46.758099047291495
29731,48.47559507528869
29732,46.3481437270754
29733,45.59123747639363
29734,48.765264090401146
29735,38.47959284223009
29736,37.36528342096333
29737,46.046076673833305
29738,44.17401291016529
29739,46.63918232826855
29740,46.534718262058995
29741,44.1512324420624
29742,44.58116205458683
29743,46.21665998956917
29744,43.206308846850135
29745,39.09111941855544
29746,38.31419995487183
29747,44.124287439269324
29748,44.123220986813976
29749,47.54229682692647
29750,46.54527600612672
29751,46.90841831611258
29752,41.67097917488442
29753,35.80144392167479
29754,43.93927911592864
29755,46.987442976175146
29756,43.93035217863124
29757,47.016036825836196
29758,48.46673596895523
29759,50.862336762683654
29760,45.86875302086128
29761,48.193778686037334
29762,47.27206924339317
29763,46.71951576623253
29764,51.172473604287276
29765,35.85374223080793
29766,50.80844905420794
29767,40.594506206426075
29768,40.28459998409049
29769,31.537782393058357
29770,43.16396272229257
29771,41.13649746720974
29772,40.39936727751922
29773,44.46202784561059
29774,47.99730356958369
29775,50.441464051922004
29776,53.98816462129023
29777,44.784433393415235
29778,40.8052322909863
29779,49.70314863432549
29780,59.22502596325448
29781,43.83272162128158
29782,42.43478901047054
29783,47.28948952138389
29784,57.193473942640466
29785,59.200912380197934
29786,32.92441901932624
29787,46.48454417153529
29788,58.91943740703765
29789,45.609148864329384
29790,52.31072644505967
29791,48.43219146510536
29792,50.037402528837056
29793,38.105514459786484
29794,49.82669172716921
29795,54.68580699370015
29796,46.217176836053326
29797,52.712735427614845
29798,68.38810766856568
29799,48.942404061682225
29800,49.24768474334864
29801,43.6730385791695
29802,32.6098060786995
29803,46.93794474348133
29804,55.92822024189083
29805,40.38721880474979
29806,44.75717963176737
29807,48.53655119415207
29808,36.724131866241954
29809,34.24506927167256
29810,41.246550737383515
29811,42.56754297974061
29812,46.299049167956845
29813,49.86663975152764
29814,48.7526679993691
29815,51.92909743797749
29816,57.72831465037726
29817,44.53103026716434
29818,46.433569987688415
29819,57.78802494244994
29820,52.831111058033116
29821,59.14931698437925
29822,43.56457100496618
29823,44.5183037088984
29824,55.46663706009252
29825,45.034273094552375
29826,57.18661269265177
29827,24.771495480920816
29828,34.14592343972468
29829,44.49491947461322
29830,37.860034744356156
29831,49.54509270590046
29832,40.011715877919954
29833,42.583693111138906
29834,40.46054306272879
29835,48.27053152126717
29836,54.24233809179647
29837,38.27154319894592
29838,54.63861263262068
29839,49.11226157070725
29840,49.46566253047967
29841,43.13717940728383
29842,49.56000043415918
29843,41.987296251956195
29844,53.70407256217985
29845,37.166736449360144
29846,55.20348311929186
29847,51.74933151362989
29848,53.46859395741632
29849,54.11066965432191
29850,51.23844400905661
29851,47.53479590298355
29852,33.76147095335946
29853,55.115143501945894
29854,43.01124506831645
29855,35.95718905172917
29856,55.58844835828035
29857,48.44636235017202
29858,43.87223368938727
29859,38.572282978048975
29860,42.24210811078933
29861,32.82753578714923
29862,44.03289538715045
29863,40.894872000677815
29864,40.768878488999846
29865,42.946705116946575
29866,49.90390995947388
29867,44.4273879549626
29868,30.500810178360823
29869,36.99994397675166
29870,44.10222560737283
29871,47.07461964300183
29872,45.5346110310332
29873,53.29960531818348
29874,41.83641255831862
29875,41.55378408739832
29876,52.92248736268708
29877,53.45479040695638
29878,37.131934378573355
29879,45.86894533977183
29880,55.72111073415414
29881,33.339857647485
29882,43.24569360055075
29883,36.45514160778714
29884,40.51846176018022
29885,53.731759709388655
29886,28.771628259482803
29887,44.40975724147442
29888,48.25494673921518
29889,27.393659471892512
29890,49.4756447912422
29891,41.028097696888544
29892,47.877632760036
29893,53.984594552420035
29894,48.032091256250894
29895,36.06426024492189
29896,54.76019424340268
29897,35.56557811578093
29898,48.04038360944357
29899,39.13412584070924
29900,43.97645514736923
29901,39.13869687408859
29902,33.13083042659935
29903,41.842525228967176
29904,49.098972444930375
29905,50.92141661173147
29906,43.45025493585945
29907,54.42556582589181
29908,51.9515428388692
29909,35.56372913686088
29910,44.05310155297764
29911,51.88498669918678
29912,42.86688678478977
29913,51.51466338308889
29914,42.75530562099127
29915,48.55636028281015
29916,46.755388056514946
29917,44.48224593941222
29918,37.866628451534034
29919,49.03921997287834
29920,46.48384599769013
29921,45.64339830402727
29922,45.91157488921305
29923,52.04625283808732
29924,38.116498934085875
29925,34.99401915108317
29926,46.15302141863421
29927,42.02764579210091
29928,51.76524201393653
29929,49.30526489725423
29930,40.63105015987512
29931,55.57040640952522
29932,53.07205421861401
29933,48.67546856071189
29934,33.30960890622071
29935,27.809031090152615
29936,49.276838567971964
29937,34.984122716839934
29938,43.389976327750375
29939,48.162934446227965
29940,53.115195244455116
29941,59.33376814016702
29942,51.71678265206302
29943,44.670884220822735
29944,43.91398247969853
29945,45.932559966724405
29946,42.29569386569003
29947,53.56583780451073
29948,36.416755452393375
29949,46.97970682393938
29950,56.597470928145164
29951,34.70523534807781
29952,41.437006248248025
29953,38.81480553858091
29954,40.03108523069627
29955,49.92181123805827
29956,46.89723105142565
29957,62.26808457316768
29958,35.10124207807666
29959,60.58283900097261
29960,42.723762639198995
29961,47.11526786028363
29962,48.03667313997774
29963,33.43109577078504
29964,49.2281521188555
29965,51.19081042054414
29966,34.684640506799894
29967,49.2450492531859
29968,31.218683840332407
29969,41.71464914379618
29970,50.60678639329869
29971,52.30523011505019
29972,39.10308787345524
29973,32.55320830309611
29974,41.30776293772726
29975,40.56663161407542
29976,62.63313711327362
29977,38.61346997573173
29978,56.62272107583542
29979,45.14761857741604
29980,42.86894672925103
29981,49.437476147166336
29982,41.13403034493122
29983,43.858448403316835
29984,43.24777506382572
29985,50.12611795940414
29986,45.176353230442984
29987,54.69889123471162
29988,53.50138118548046
29989,46.376417170425995
29990,52.36529786597934
29991,46.38190162427864
29992,51.15868841370961
29993,37.49787673510356
29994,44.58319119025491
29995,26.632780199205676
29996,48.301430815652374
29997,43.38302311092781
29998,41.80931360878168
29999,42.92355504896907
30000,38.63396301147442
30001,41.68325334499707
30002,38.33344126486142
30003,52.103135312409904
30004,47.007075274866274
30005,40.92430463694518
30006,45.939580197632814
30007,58.33850119357899
30008,49.80263490860206
30009,57.09897343222619
30010,48.79007179177029
30011,43.09439520340286
30012,53.29488303285009
30013,60.53085755627593
30014,51.76137163114457
30015,48.01042113903564
30016,46.54997353051408
30017,43.3046662469947
30018,45.74941496607541
30019,46.414788346018526
30020,49.30489080789958
30021,50.16032734624978
30022,48.627140494225614
30023,56.72098564094174
30024,55.27309453525962
30025,49.19199279405465
30026,45.963007120745026
30027,45.82960870597835
30028,48.29577561966694
30029,51.483364297450294
30030,56.55038998652235
30031,55.96359092619406
30032,45.51825391200332
30033,57.71384576174967
30034,60.18622680302454
30035,45.75380968614524
30036,53.648866983801085
30037,44.599269373457076
30038,54.91945410556248
30039,48.16688721599611
30040,44.370441673211445
30041,58.59827060943149
30042,63.37307250868621
30043,56.87310017289567
30044,53.8931891371069
30045,63.61192169863348
30046,50.590645203457385
30047,45.94017709296184
30048,48.717555300368495
30049,47.62055662738342
30050,45.94407642519501
30051,48.078700936280484
30052,45.723871931140245
30053,53.09732193642083
30054,61.964454060828665
30055,38.43164444869174
30056,41.425106232079614
30057,51.9828697938588
30058,44.95362270646267
30059,46.671625574011095
30060,40.71221828145211
30061,37.15492500908563
30062,39.093615109045295
30063,45.95540028801142
30064,44.455128254014326
30065,36.831768605174304
30066,43.316050511572314
30067,48.45935618132435
30068,43.92136883931046
30069,34.83469178626656
30070,51.23217403339051
30071,40.64551563145194
30072,48.4940271939857
30073,51.52654790471103
30074,41.30384382395628
30075,49.67795595101124
30076,42.66183340363833
30077,47.19650063976656
30078,38.685731423897415
30079,43.45213474510002
30080,34.184092328831014
30081,45.036752350921915
30082,41.45910535611757
30083,40.448479623206524
30084,40.595627630893816
30085,43.25347654528922
30086,43.98971776377607
30087,40.848604716496396
30088,40.03746694192295
30089,36.22079615131299
30090,45.459660664096184
30091,43.51798217227066
30092,34.09797259747606
30093,34.308216287441304
30094,37.30024154837496
30095,43.67036806346447
30096,49.33507930537537
30097,35.74355459171865
30098,37.97554263594391
30099,34.328569094633686
30100,34.2733694070263
30101,33.17820882744118
30102,28.833982278863367
30103,42.147563309744335
30104,34.47399300411917
30105,40.50669559262604
30106,33.547372782599346
30107,33.06947572411776
30108,38.563715728528265
30109,40.90400570836189
30110,41.4235189673461
30111,40.67037192499781
30112,40.91698523668147
30113,38.3958851340155
30114,37.688771597575936
30115,23.29816795509926
30116,42.21755448028718
30117,40.09834240219335
30118,21.491922755466163
30119,33.15232805777215
30120,39.38184997542433
30121,28.595351061755153
30122,34.842826228340044
30123,37.564954417579116
30124,35.00469260469684
30125,36.0406907341232
30126,34.359954818283555
30127,36.2722739019902
30128,32.429725427322495
30129,38.25537985962588
30130,41.20937232836994
30131,27.551952164439285
30132,33.464939215615075
30133,31.04111511367601
30134,39.6891793003942
30135,35.244963557762716
30136,34.625836739086296
30137,27.178033433454893
30138,40.92645378435743
30139,32.99823784546392
30140,44.69089594465424
30141,35.623045618533695
30142,40.39643248409356
30143,32.25831139004274
30144,39.35367941136372
30145,39.23781592271898
30146,41.791326436382306
30147,40.181333307723996
30148,37.53993750572586
30149,40.758881239338194
30150,39.937947138908996
30151,39.62736172136042
30152,40.99617131849214
30153,36.05612782168591
30154,38.49840296159671
30155,28.485139213122544
30156,32.62424098699601
30157,36.75395332226283
30158,42.333394161829844
30159,40.0050265577457
30160,38.12199946826405
30161,34.56482291932778
30162,44.41339776210028
30163,31.899957875717547
30164,42.956497646727726
30165,37.19339156907168
30166,39.8986160609087
30167,46.741691466578374
30168,43.78911504213391
30169,40.83111659639053
30170,37.13603667345993
30171,43.53792181027532
30172,41.5374576016447
30173,38.870679858203545
30174,36.117189040102424
30175,42.160249643425765
30176,45.606046258806714
30177,43.414463593043855
30178,46.58416767215806
30179,41.393729561779324
30180,30.27796615789991
30181,38.70443895560714
30182,42.10534634462729
30183,39.97687335987846
30184,43.8112225611904
30185,30.637875240025195
30186,43.428028128194235
30187,34.35771616106739
30188,30.270239458836528
30189,41.03515792404142
30190,38.11830792766748
30191,39.35830526544359
30192,43.869526888852334
30193,28.589600372519584
30194,40.21341613032217
30195,44.22265731028953
30196,57.632238206207134
30197,71.89005473985809
30198,71.10105994397304
30199,72.92448745091895
30200,55.11639095147787
30201,80.56129588563225
30202,65.74351117203912
30203,69.69644108924821
30204,68.18429749729243
30205,56.724884357956796
30206,63.14113053706743
30207,72.3185968216476
30208,40.709942276631125
30209,73.22194349921182
30210,67.27680693650669
30211,49.83148964362227
30212,70.12582778029537
30213,52.317559604924156
30214,68.38474098540134
30215,69.82876852343084
30216,72.32686020605303
30217,39.01339289206129
30218,70.69514352564063
30219,69.9866098060987
30220,46.576945342025496
30221,69.94647239466735
30222,60.550342986096744
30223,64.62548187442462
30224,41.52485761898234
30225,56.908387258320886
30226,63.487144229767
30227,58.0045927418342
30228,41.40869696695448
30229,70.97127099348418
30230,51.51818118678033
30231,73.50875236196651
30232,78.699890057949
30233,50.673524576218746
30234,65.0318416113761
30235,67.0775375743593
30236,41.10500471297636
30237,76.49456950386036
30238,47.84264241857478
30239,61.57896892783255
30240,47.67449332909531
30241,64.10532757429107
30242,65.72934143821914
30243,42.757788264568795
30244,65.82614339195305
30245,70.87831748873167
30246,48.119580545643494
30247,68.71843462793029
30248,77.12585590810757
30249,57.85540040903685
30250,72.83662183551502
30251,48.80215080168038
30252,67.70206584417072
30253,78.96583056864299
30254,47.03615595774433
30255,70.23026627953303
30256,57.1872070966706
30257,48.98573926631809
30258,68.85673991004873
30259,67.4212264900952
30260,29.858622631245865
30261,65.30134671717487
30262,72.73735750314012
30263,55.143750923315025
30264,65.60042134820685
30265,68.08907989812884
30266,46.25424200943251
30267,54.25325848968929
30268,69.58282405115067
30269,49.81776144905924
30270,69.60481227802558
30271,50.51749897834351
30272,45.80494987866068
30273,66.00286451996854
30274,58.13665043509289
30275,49.201238803573034
30276,54.479921862111205
30277,56.95601308511104
30278,42.465628222600614
30279,59.936816583035586
30280,45.38136959871792
30281,56.6808785976433
30282,63.21898681865418
30283,45.890755971704586
30284,57.08851760314738
30285,60.106823720640975
30286,51.3053429167112
30287,63.233919230694745
30288,63.791506539774204
30289,45.516508032706625
30290,60.90023470182759
30291,57.165237484792534
30292,56.10728534390488
30293,41.28629756718642
30294,53.293845021806234
30295,59.72780272938987
30296,56.483592674025346
30297,52.48759137076322
30298,57.780817347096765
30299,53.03977981267483
30300,67.90556051449504
30301,62.91968442340812
30302,47.77422799332322
30303,56.16871777624321
30304,56.190760728120246
30305,45.737384752277876
30306,49.05972596881084
30307,67.3333661259574
30308,67.61804497163169
30309,52.10749642838181
30310,64.00784280912474
30311,62.47697135838512
30312,53.070599261016284
30313,65.82360542843261
30314,61.85524999248028
30315,50.638705641332514
30316,44.81699003761246
30317,52.795267500925064
30318,66.5178064708171
30319,53.09077469683103
30320,65.15187772743123
30321,52.38408408174851
30322,70.0950312940777
30323,55.82284013057105
30324,60.59654971233505
30325,53.44215685243382
30326,53.96060616671489
30327,44.46825725593572
30328,49.31361437018245
30329,66.11520037620843
30330,50.90455276508264
30331,60.99515019808357
30332,57.92914701443624
30333,59.92736966645051
30334,58.809612854553606
30335,61.17249732095944
30336,57.05554484450094
30337,70.94128568405874
30338,59.62721300685395
30339,50.84901349816805
30340,59.99214316013112
30341,43.15820942375067
30342,46.97067250886653
30343,51.4451190468663
30344,58.29242655652493
30345,62.979988895246336
30346,49.68557319288069
30347,51.470419808962895
30348,61.6326879008426
30349,54.10854945715963
30350,56.92401878072235
30351,59.44478911748591
30352,49.78577314346343
30353,45.53474514161964
30354,53.27291803388438
30355,54.84594768814651
30356,55.555810243673534
30357,51.43540006111117
30358,56.369010341865526
30359,58.690262054879376
30360,48.7830642245631
30361,57.55344776552171
30362,51.44750959637655
30363,63.55415921311784
30364,59.65334166967274
30365,56.73449942599943
30366,58.44441799931022
30367,54.59859848611777
30368,50.744782694278584
30369,68.36297551640709
30370,55.17281063965106
30371,64.01357964027774
30372,52.66755492682614
30373,49.14460991355308
30374,47.66001103210989
30375,56.991063310265076
30376,45.926534768032155
30377,44.44701939825633
30378,75.52656888331431
30379,53.65174436890564
30380,62.659220977864265
30381,57.97162856071217
30382,46.5911631776378
30383,46.53713924125167
30384,56.16446294252056
30385,66.18732322686654
30386,63.3628745536755
30387,63.99793962195422
30388,57.94807553443685
30389,43.53118550274982
30390,66.19091069252427
30391,50.23887894384298
30392,56.03465438631706
30393,51.5663795947665
30394,45.59655004617079
30395,60.78101853373698
30396,48.70990983444617
30397,36.92008440184967
30398,52.37816343626427
30399,56.69334053469372
30400,44.28880155628418
30401,48.2183682779127
30402,45.67681309128345
30403,44.20831657571748
30404,42.20844716028685
30405,45.18235270673299
30406,55.65958422031515
30407,57.46002250449967
30408,40.98796475225388
30409,37.62738452920374
30410,43.36896728789892
30411,39.652756942114046
30412,39.07538569674029
30413,38.666636751065745
30414,49.86244520443447
30415,37.51223774570077
30416,44.70944696962321
30417,38.71838175042967
30418,57.99868822223127
30419,48.43970718010491
30420,49.173256904666275
30421,41.92424370879905
30422,40.187839655830984
30423,61.91118562712765
30424,43.700905503297236
30425,45.76605158903253
30426,38.62506516494835
30427,47.23725896633559
30428,53.584793759453426
30429,47.309357951555384
30430,40.94769702066358
30431,40.83971096807319
30432,47.751221979356764
30433,40.51543322457133
30434,42.830184758750995
30435,45.333256160436484
30436,43.10059984414035
30437,39.499501085501755
30438,49.928882558897996
30439,46.745731890866765
30440,53.86681945218074
30441,37.731446918532654
30442,45.72451054353675
30443,53.418702052085294
30444,50.72725834817837
30445,40.016070782810964
30446,43.620069038145424
30447,44.353383045712086
30448,45.13223650157232
30449,45.64533687402876
30450,58.59543509899709
30451,47.83186949806655
30452,39.12225890008168
30453,43.17058734130294
30454,46.56411013323011
30455,35.278049897329566
30456,48.4241501759232
30457,39.550838180447954
30458,40.49620896640439
30459,44.707337281794906
30460,45.37887566811347
30461,50.329012244210034
30462,45.209249690100435
30463,46.892335278831965
30464,45.21337896798501
30465,41.627900082748035
30466,38.157803104724344
30467,51.02163390322417
30468,47.624771860725986
30469,47.07300999706348
30470,54.11373053844496
30471,40.28938934271444
30472,40.282254133924056
30473,48.107714900793525
30474,55.51690572751771
30475,37.624251896100475
30476,39.15421828707545
30477,49.42661745538232
30478,40.84104520098133
30479,37.88316137848885
30480,42.187370347858106
30481,30.1865664103316
30482,36.955288659166854
30483,44.5492403413401
30484,55.344758096297866
30485,44.835997708836295
30486,50.11608133388708
30487,50.0042326579669
30488,38.522739815289654
30489,41.38570574169753
30490,36.69164086604712
30491,41.620914387048124
30492,42.278887120320334
30493,41.59315329913128
30494,33.51050128265145
30495,38.012885758368846
30496,42.30136456350382
30497,41.920580631147665
30498,33.946749816629634
30499,42.085740741926145
30500,45.258471385991086
30501,48.34173609747488
30502,44.36383714019169
30503,35.11265477512938
30504,51.39010075738392
30505,49.9575457710286
30506,42.61014898557613
30507,40.826319657587234
30508,43.86092120876391
30509,44.142545308824005
30510,48.695076346219295
30511,51.480008699760816
30512,45.843730241295255
30513,45.22128590997624
30514,51.898866730887335
30515,50.269284540104856
30516,45.55533078740621
30517,51.74217606328039
30518,36.446065704247275
30519,36.87766174385706
30520,43.86476491460798
30521,51.38800867305182
30522,58.284241733102135
30523,51.885781721451835
30524,52.44000840098314
30525,56.7421422722375
30526,51.19638723836363
30527,50.03242213296023
30528,51.026584454817396
30529,48.76945997689646
30530,63.868546525815866
30531,54.00540501832335
30532,51.26273846049891
30533,48.780370170343424
30534,58.34296754213961
30535,54.31624264648988
30536,51.72304992875221
30537,53.86247256671109
30538,52.01391102093243
30539,55.900084038035885
30540,55.0938850836985
30541,50.85928282443383
30542,54.844002944185135
30543,54.73770505562291
30544,56.859556408678266
30545,51.732382363675356
30546,51.02654020109057
30547,51.40036468840526
30548,44.42680616049887
30549,52.80532978837089
30550,48.71110185585504
30551,51.654275099508624
30552,46.64070349995623
30553,52.82104009510586
30554,51.19794910575547
30555,43.846406089712104
30556,51.46218314178573
30557,52.23610693716643
30558,52.22538412728916
30559,50.93322390099614
30560,51.95973482237444
30561,51.82812199387929
30562,57.19128692476604
30563,49.873797361110725
30564,52.60254833689588
30565,48.13707841235552
30566,46.57859932741554
30567,47.99808600783235
30568,45.33839788905867
30569,48.88979088197845
30570,41.92150266789311
30571,45.54769225462499
30572,55.38930983725317
30573,45.591751020879116
30574,51.5157558455722
30575,49.887727347236776
30576,49.06561696542989
30577,52.994961677794755
30578,49.74389678112108
30579,52.056371286149044
30580,44.28511252510437
30581,46.73888000561332
30582,43.613441700432546
30583,39.059724843009384
30584,47.585478471380966
30585,48.39506537321874
30586,41.02204805307162
30587,43.250849432017844
30588,47.94124816373463
30589,43.357595298654005
30590,44.912097424574135
30591,46.30581284393725
30592,43.86479274609357
30593,46.98666994819274
30594,42.69532118120057
30595,46.364264668440086
30596,43.72833151547996
30597,45.90063645638406
30598,42.73575259862055
30599,48.774873339712784
30600,44.8717379624508
30601,41.058048418473575
30602,46.70531839016388
30603,45.168614682267005
30604,47.0156635310913
30605,46.55816848012069
30606,51.68742622508802
30607,41.13588534862973
30608,45.306012407694325
30609,44.66119082292916
30610,45.0848726167131
30611,51.67829739669956
30612,45.01269183963943
30613,49.39723682651477
30614,45.04405357550668
30615,47.453583929869055
30616,39.76751322571604
30617,43.13962815549645
30618,48.361238125336676
30619,38.65866939666727
30620,40.987106525346164
30621,36.3105029928348
30622,46.74975189993002
30623,43.0386354958761
30624,51.28249798352512
30625,42.824818304482065
30626,49.722231492385696
30627,40.83298693663221
30628,58.53008638699323
30629,60.304817880346086
30630,45.82419781114306
30631,49.790526861795044
30632,52.25178349535153
30633,51.3499047716945
30634,49.69623885192457
30635,48.44304505387344
30636,51.64687602276678
30637,51.700360791050926
30638,46.248898588635306
30639,44.40651738812092
30640,47.10728539326583
30641,49.89883976882449
30642,57.458810070286575
30643,43.866853256571915
30644,47.29327353020463
30645,50.286242001749784
30646,45.85018445904918
30647,46.98673173009456
30648,50.874754609870514
30649,47.86582642382079
30650,39.52233637027378
30651,40.631715238573186
30652,54.7782435220296
30653,54.21569798360868
30654,55.56715403717692
30655,42.656299691071496
30656,54.28953797137859
30657,53.63854565211718
30658,41.260768956879375
30659,56.5753900843213
30660,46.36183355160367
30661,46.13520981068045
30662,51.128698243634496
30663,40.76712261110016
30664,41.8034272065371
30665,44.57353797685377
30666,46.3047587279662
30667,40.650178609882374
30668,42.42217905088986
30669,52.29966974523071
30670,39.58194121149327
30671,49.35715276099478
30672,55.867153956653766
30673,48.55384293901209
30674,35.93829495254375
30675,45.14464123446665
30676,54.90802618484066
30677,47.05508522459529
30678,46.671563580496404
30679,48.33501148934396
30680,55.7155648517141
30681,57.53700005382281
30682,51.78235845637083
30683,48.40860038528827
30684,49.5491336963685
30685,45.7933429867566
30686,40.70092568682452
30687,53.745555620340674
30688,45.39402391686618
30689,46.984458946014485
30690,33.51952201354562
30691,51.39718647581594
30692,44.119273879034566
30693,44.24209767330552
30694,27.72736444439466
30695,44.89557241271122
30696,45.43191201335478
30697,42.94967623286622
30698,48.88166321790707
30699,40.835427398581224
30700,50.662242321844126
30701,45.82777691578773
30702,52.303594764231086
30703,46.93942828736453
30704,35.46081757005665
30705,44.64930424416027
30706,42.78672872281038
30707,45.586941281278925
30708,41.86880500519896
30709,48.13836735611274
30710,47.122674428300286
30711,31.63956083298484
30712,46.14770521091854
30713,44.789411382424916
30714,45.78346173989225
30715,56.837911608152474
30716,33.40094932987193
30717,44.77784262898044
30718,46.154468493942545
30719,40.960037301301924
30720,44.296217868878685
30721,46.88513026869721
30722,45.841685184856544
30723,49.44792050148906
30724,52.166348189974066
30725,43.53160001977852
30726,41.825771872423516
30727,41.675540691395895
30728,45.48583794413176
30729,38.77961241243264
30730,47.76443202072916
30731,43.4565441751291
30732,45.806171983219954
30733,42.018496422981926
30734,46.12544041200997
30735,47.975497667453745
30736,54.856673076254424
30737,47.51807620840066
30738,42.926246473672165
30739,45.59640532891991
30740,51.86738528942208
30741,45.24338881935441
30742,44.41207143938347
30743,44.17894050102652
30744,49.29735774831124
30745,51.022442644919295
30746,50.41245269862502
30747,49.04822799671585
30748,48.48811677163471
30749,56.65295753569481
30750,42.395881219571564
30751,52.789652506170476
30752,39.42072488399229
30753,48.417512920297945
30754,41.00070851225202
30755,42.910925606173365
30756,44.171926150358566
30757,48.58292985376414
30758,55.48533953202316
30759,45.457727687943525
30760,37.16932985614505
30761,50.208777283207226
30762,39.30299821127441
30763,46.4605837410908
30764,47.8921795404313
30765,55.654387315120594
30766,49.630044119940166
30767,50.478494263655065
30768,55.202679719036304
30769,44.351484474769656
30770,48.3592218581202
30771,48.665703487637025
30772,50.66162241818403
30773,41.21946688540717
30774,38.576143610129876
30775,41.74600574913486
30776,48.723694958253574
30777,52.500340829500004
30778,45.895040578416804
30779,48.195791894335116
30780,52.79851771174797
30781,43.07302076527859
30782,42.28003501476074
30783,50.45338653753245
30784,55.54718334718241
30785,42.31790623225275
30786,58.24524508607942
30787,42.14075845931396
30788,49.94723564014261
30789,46.905291114312625
30790,55.40084164666753
30791,56.55888504972694
30792,53.96088823793413
30793,54.47059569623341
30794,55.88532404536781
30795,54.09813560867013
30796,41.69921406848563
30797,48.523624808230906
30798,41.82437711886822
30799,56.1402838224846
30800,51.25218949529635
30801,47.59108653454422
30802,53.174426377026876
30803,55.4058487972049
30804,64.09731446821941
30805,57.32214554182813
30806,57.63557714314128
30807,55.12547276365203
30808,27.65058561884196
30809,42.93727405638711
30810,35.23381753639633
30811,51.762171625073925
30812,36.78217755163324
30813,39.402799476615506
30814,50.00468198236691
30815,41.19022740235641
30816,44.598835859330194
30817,49.48410042287955
30818,32.3673116084294
30819,43.96017410053009
30820,35.865924954390195
30821,40.08694656161106
30822,42.01004740470014
30823,49.02751680289769
30824,46.974185459042346
30825,37.70606238375373
30826,42.6396519091994
30827,42.621350195101336
30828,53.45768308487318
30829,39.62269984891599
30830,50.88854785626049
30831,39.066591640493016
30832,30.123755109501456
30833,43.46318038250935
30834,36.34710128137239
30835,52.997630402915206
30836,43.28417030437887
30837,46.0251099941765
30838,39.44604402960037
30839,33.81834189845631
30840,42.50070149558281
30841,48.59737123150035
30842,45.265256559714075
30843,42.12533148170523
30844,48.635496996333025
30845,54.609183535650445
30846,49.90348765577206
30847,57.79369946785168
30848,48.83130081725969
30849,49.57530446441137
30850,61.51255934589502
30851,48.479928480740995
30852,37.01963161733903
30853,34.51768666381578
30854,53.425598109878365
30855,43.66438591687928
30856,55.112421588312024
30857,40.01432055779628
30858,43.34123294844326
30859,41.2567699638233
30860,42.43716388130746
30861,34.31533785198883
30862,55.27255391649743
30863,45.61114184494487
30864,50.13277896606349
30865,43.52077832343165
30866,48.74213867747643
30867,49.05076958208827
30868,42.87956695732213
30869,42.780143896514225
30870,53.60999759854101
30871,53.567723660271554
30872,44.28063765210682
30873,46.444454811397414
30874,42.73573369725241
30875,38.17060862976976
30876,44.780868350558116
30877,42.210296986275
30878,49.02384183308955
30879,41.15166942234315
30880,38.59805855044205
30881,45.50588080480216
30882,45.666689018842064
30883,41.29979579723635
30884,47.02791922682569
30885,44.51681496686996
30886,43.57193987565667
30887,38.01866245446618
30888,45.74800666757506
30889,53.58497653713315
30890,47.16076908722151
30891,37.03737274855608
30892,41.33795296510542
30893,42.393985501552024
30894,33.59938251822472
30895,39.71795591266847
30896,29.503714771809193
30897,33.35845247676053
30898,46.45977936724006
30899,41.46514047032939
30900,36.412944091647674
30901,43.626433415705904
30902,39.60686578419231
30903,44.0980158669724
30904,40.32894901122799
30905,35.28758530729097
30906,39.673583763676476
30907,47.062986513985706
30908,43.08514120866144
30909,42.68881410999809
30910,43.066116506592905
30911,57.78243317901078
30912,48.677638372460066
30913,58.78187073891627
30914,48.48557137485568
30915,48.20724885949606
30916,52.50737205899075
30917,35.55669625750959
30918,35.00086288406852
30919,42.79386002225388
30920,39.16300765592763
30921,36.778506808564124
30922,41.69651719122375
30923,27.279531132210728
30924,42.29822993095634
30925,38.69473572902489
30926,43.13342941998742
30927,53.81852959240122
30928,38.6941838615324
30929,52.49878888728948
30930,54.75676089514483
30931,47.391318827573485
30932,28.588165489843277
30933,43.114202012115335
30934,36.55969267265287
30935,40.28355340119018
30936,48.34967098128777
30937,42.82264367246944
30938,44.45545738684231
30939,43.87530416958069
30940,50.27930631720423
30941,49.02384183308955
30942,43.03350968711399
30943,50.735294736405756
30944,39.99067792617203
30945,37.41549618802664
30946,42.00587804453103
30947,40.03416842557763
30948,37.178284913375066
30949,41.0812976835782
30950,47.448625922082485
30951,44.325544830275796
30952,44.90889761341265
30953,34.307326519404214
30954,39.76568982433473
30955,40.249448229613094
30956,52.805050732569676
30957,36.06976956618643
30958,39.52695575844346
30959,33.193188733603925
30960,40.82285655915693
30961,30.848651012459932
30962,38.3518125873139
30963,42.560444521391844
30964,48.212199235957584
30965,42.50743164728017
30966,41.04860331388646
30967,41.94512549606067
30968,49.676718804410974
30969,39.70824175471505
30970,42.20572187582424
30971,40.04090332912574
30972,43.157499635079944
30973,43.27610423330914
30974,39.745964815321365
30975,54.342894491865394
30976,43.356316586206596
30977,46.69523586253108
30978,39.39584045776621
30979,41.789443399145654
30980,49.0916307564883
30981,31.56198707436301
30982,38.375825126238354
30983,45.10393881218381
30984,48.239090570167924
30985,44.80377506314674
30986,33.93476330430787
30987,38.46723913078206
30988,41.855470512744645
30989,34.00434089873317
30990,42.67438116770195
30991,40.621205757415915
30992,34.102376360395695
30993,39.21103674719302
30994,43.008520002874434
30995,40.85049338515263
30996,40.22353207425019
30997,43.700077964914485
30998,42.85711973995106
30999,49.69118737095609
31000,52.24249439092836
31001,47.464466527384815
31002,35.99739240491264
31003,41.4976815378464
31004,41.96845887751388
31005,41.438145710673126
31006,36.26351069048832
31007,42.96544784886436
31008,39.1550646992107
31009,43.90660560208463
31010,39.92832682397821
31011,43.25201585978246
31012,48.13850755287045
31013,49.065900231381576
31014,39.99218401034361
31015,44.70844053249141
31016,38.25437753688907
31017,38.87930535409285
31018,52.929795371539704
31019,47.29360102678021
31020,60.78376620074585
31021,41.40974785985699
31022,45.38723022479389
31023,49.31928953105501
31024,35.01195571839775
31025,43.242633638297626
31026,42.55110042663877
31027,39.13471631706931
31028,23.79021212453818
31029,40.96135014050375
31030,47.879685416511506
31031,27.798042231745182
31032,31.746648495901525
31033,40.81631696561112
31034,50.15207016208903
31035,32.71592472124382
31036,24.594432087172756
31037,39.207694538809626
31038,39.91216333811151
31039,25.310132671857172
31040,43.09509969486775
31041,33.062461680579936
31042,29.42437817680445
31043,24.85223098471466
31044,35.56297474353229
31045,41.9853197785621
31046,37.17570873211593
31047,35.26296628339791
31048,46.22854239642153
31049,29.91227195226724
31050,36.23941302599311
31051,30.54283176514178
31052,33.34841128083179
31053,34.211856283166895
31054,32.8072463533245
31055,37.77931131231692
31056,28.478169844577902
31057,30.72431424037429
31058,41.585590593451364
31059,45.40485003294598
31060,28.2543963128958
31061,40.348893728339746
31062,22.003337561954012
31063,37.42651149798779
31064,35.56900599448993
31065,38.879957195628506
31066,30.543155862959768
31067,31.522069814321355
31068,32.194782584496565
31069,19.29239652579703
31070,37.60332363645637
31071,31.996405335772508
31072,32.10849101374109
31073,26.531996612329372
31074,33.755425061231875
31075,30.46961904824273
31076,23.13497640170113
31077,42.677166375038425
31078,32.90157729569089
31079,41.05856599646139
31080,37.70033968992095
31081,33.44615976032036
31082,41.1125952111032
31083,41.92144557138553
31084,36.702319368363604
31085,33.34202994941973
31086,30.128691303230518
31087,32.350299475558415
31088,37.93698316759665
31089,38.415509904878405
31090,35.54540339720633
31091,27.518786241261395
31092,32.4397196490725
31093,41.76454401086707
31094,44.5898947620596
31095,32.85890469575012
31096,30.54202184412251
31097,30.5861672580688
31098,36.550468133615695
31099,33.075955709451364
31100,39.405972347997235
31101,36.00403399237126
31102,40.657733803086536
31103,42.63924290999188
31104,28.159063654922456
31105,29.968740365069593
31106,46.9612531080998
31107,30.14321915892715
31108,37.56528034712831
31109,39.47595244023339
31110,53.038172248882795
31111,38.30926148049478
31112,28.330493157960483
31113,30.551189243839485
31114,46.978106120610704
31115,50.858916516993894
31116,39.342505210098736
31117,40.005863048780014
31118,32.95813160832885
31119,46.136366693059415
31120,42.63532947728631
31121,34.2692565966036
31122,35.84356310497256
31123,36.77167434914787
31124,24.52299614988032
31125,23.22354244510709
31126,25.537006560313493
31127,42.49999528580524
31128,31.56850226029176
31129,21.64047705711344
31130,23.304465246412043
31131,34.20845161961683
31132,30.220708984623926
31133,21.81729496408641
31134,30.19619572993763
31135,35.953225728437026
31136,39.812100359003146
31137,32.63426956694116
31138,26.988714554747343
31139,28.81364015783963
31140,20.370593546575694
31141,23.11125372587442
31142,35.38457184298136
31143,41.87630413518302
31144,33.18924223332212
31145,33.78714158896421
31146,30.027003949423793
31147,31.700892680929442
31148,23.5790355446643
31149,28.157752490757854
31150,20.432893236954968
31151,27.123864435720815
31152,19.809466278813165
31153,30.11098029762588
31154,33.239056388371395
31155,26.979465612475437
31156,24.496218084222523
31157,35.30466653499912
31158,24.23771406188533
31159,21.330189812587058
31160,23.21311999362561
31161,44.26972599480853
31162,39.2477207740272
31163,34.10378585787198
31164,29.85476187896456
31165,30.359623818014157
31166,30.542853415431892
31167,27.888909507932873
31168,21.91777364407742
31169,25.679284132898246
31170,35.00478547264115
31171,26.10061728773904
31172,20.492329907410465
31173,27.22350644069032
31174,20.881812769207507
31175,26.003921347008237
31176,23.74254308669336
31177,27.073535746154132
31178,29.568022035366724
31179,34.69639664127705
31180,28.72119471534836
31181,27.039817963285614
31182,22.591089910967565
31183,22.917032839340596
31184,28.48693818365207
31185,38.91968657178312
31186,26.339761652999975
31187,24.46605894236201
31188,29.119119980603376
31189,32.023833578389734
31190,32.86344361991493
31191,26.47116006587695
31192,35.100926919384364
31193,41.32720351846422
31194,37.420249024948006
31195,33.1347739173587
31196,26.587459095840835
31197,28.268651760807984
31198,22.23626635188853
31199,22.297265628760503
31200,32.329733619929655
31201,22.846013919052222
31202,34.63230349389911
31203,32.642466845497395
31204,33.65006928554279
31205,23.388899085164653
31206,43.02650500758611
31207,27.095680421711123
31208,29.500750557022013
31209,24.599978518606818
31210,29.901694830345832
31211,37.390959079526
31212,18.812621180622713
31213,24.57081089905569
31214,22.779136320419802
31215,26.690660550138226
31216,30.422333734143827
31217,18.883592311918132
31218,30.9107782813985
31219,33.54286718315403
31220,42.25151012756704
31221,50.22013864224992
31222,42.059007317069856
31223,44.80530144567609
31224,45.88681024313816
31225,31.031266892239373
31226,34.36950552554523
31227,41.73279329060355
31228,46.12468933754807
31229,40.11747434835472
31230,42.374250121558674
31231,50.55374389557124
31232,32.00813493133113
31233,46.04320201165105
31234,33.647255158574396
31235,39.36640156278487
31236,39.74338794518298
31237,36.74002526393524
31238,39.61665523727919
31239,45.811006005358934
31240,39.15520069930832
31241,44.713864600355265
31242,38.28759842761079
31243,38.08658881809191
31244,30.9506083411029
31245,39.58155311412484
31246,42.59356224660475
31247,49.84773517438089
31248,39.836243684053834
31249,53.80663987620759
31250,41.4669030205801
31251,44.70150847601859
31252,48.962841857987684
31253,37.40404256790109
31254,40.54570970513188
31255,48.29129042560053
31256,29.770054250440616
31257,40.38698809648123
31258,34.164799930649316
31259,48.69288422327871
31260,36.35175747000008
31261,46.224066837005935
31262,40.35192294694655
31263,36.698246573305724
31264,34.061650970840915
31265,40.61453403925637
31266,41.85636181715996
31267,46.27666942972256
31268,52.7819577898919
31269,48.473528423314086
31270,45.40718624550385
31271,37.51811254751608
31272,38.57042354564474
31273,38.278890428666095
31274,31.735522224653593
31275,33.82516700753129
31276,29.906385876801714
31277,31.280436803585296
31278,39.80872844880675
31279,26.64908936397906
31280,40.59535105888229
31281,33.59255358170671
31282,45.17467917821807
31283,38.96349516751773
31284,38.62787823470291
31285,43.84965089461856
31286,53.92381737398944
31287,38.85645168938866
31288,46.27085417842067
31289,35.978019795876556
31290,32.69708555445119
31291,35.01539314641105
31292,40.493213292076504
31293,37.0927548808033
31294,40.54280286747535
31295,40.983856968072956
31296,38.7232611498743
31297,40.386190819012974
31298,39.644845371328685
31299,38.38386291541142
31300,35.218870842113844
31301,38.61398978607488
31302,32.73699170107964
31303,40.887793288456905
31304,31.708376134405768
31305,33.64147998124473
31306,33.48046502617315
31307,29.299836725100924
31308,34.25905609573558
31309,35.37779878341361
31310,31.33431097887092
31311,26.416202372843653
31312,35.375459736931035
31313,39.144254251664194
31314,36.622281931473104
31315,24.908174248746462
31316,46.15119851501894
31317,29.852342779272966
31318,40.055738727002264
31319,49.83180712299655
31320,48.98270334760286
31321,42.549637214464425
31322,50.558013088508716
31323,41.17194597089014
31324,47.0546268508897
31325,40.551130634112944
31326,43.24589617366469
31327,40.118045947661805
31328,33.36280741932393
31329,45.1141924649057
31330,46.62295987490814
31331,37.493590494682664
31332,49.19816395686483
31333,41.40152875988481
31334,35.995466794457336
31335,32.843346685209966
31336,37.20589558088024
31337,53.491037407705576
31338,37.54828900914468
31339,37.97178597845665
31340,45.38001098409518
31341,46.034297860184715
31342,42.3621557602193
31343,48.0545159790853
31344,40.5844260566511
31345,44.76014257483325
31346,55.38814885363169
31347,48.68836671463328
31348,39.19365430873752
31349,43.870034466788745
31350,46.23282001753731
31351,46.17434534411339
31352,52.96659892999975
31353,42.83300103086648
31354,43.13625007615424
31355,34.61835546742742
31356,39.56348537046126
31357,50.79093275341542
31358,48.41823967838339
31359,36.862076412129966
31360,37.04330862122563
31361,41.35008819503782
31362,43.27338517836004
31363,41.92221938669249
31364,34.947245540775555
31365,38.66844064761841
31366,39.374314318803
31367,41.46891959394023
31368,40.31556690995602
31369,44.452716417982735
31370,42.745423677618085
31371,42.24988190427835
31372,43.07781918991162
31373,46.412210295888784
31374,39.752428094722156
31375,39.38431244533872
31376,34.813639538828795
31377,40.66911250211109
31378,45.42372849042741
31379,41.47273571170793
31380,40.907761082390635
31381,49.593624016076724
31382,44.71274095877608
31383,46.555916482817686
31384,48.1893581452423
31385,39.75272435022488
31386,34.28825311895914
31387,44.04330977516793
31388,40.0984981486588
31389,42.6111809856594
31390,63.35593076276373
31391,43.67128405557605
31392,43.613364224455324
31393,52.88481880239293
31394,38.04273554003897
31395,45.31775785130763
31396,44.20816522630412
31397,45.76043895737538
31398,39.372829359765404
31399,42.819282324760394
31400,41.0017629069917
31401,46.781601143289805
31402,39.04946191180006
31403,40.81312596597975
31404,49.88560631224955
31405,45.98780199248324
31406,48.89110828198936
31407,41.746065558725775
31408,40.7319279479341
31409,39.01203869417316
31410,41.91326916550923
31411,40.93404514735261
31412,37.621841090288285
31413,41.643046673250524
31414,33.6559019020719
31415,46.294446859679454
31416,42.62510437903384
31417,45.401940974862875
31418,40.286407032567965
31419,27.31499223213978
31420,37.18780510352269
31421,38.04198771379024
31422,26.446193597912313
31423,30.214537409674534
31424,38.96435711943929
31425,28.687552347953485
31426,34.574161045514636
31427,44.816365740916574
31428,30.628136829758276
31429,28.397814225219065
31430,42.082986242239805
31431,40.18125819648274
31432,43.93804512428171
31433,33.68293795934872
31434,32.145506320763346
31435,30.02451341011094
31436,42.13153141653798
31437,36.95153695578452
31438,38.83270961886072
31439,30.249648874683565
31440,27.932536881914853
31441,44.033715375134854
31442,22.227931223393156
31443,34.9245639687101
31444,41.68185944209482
31445,40.0433744285268
31446,25.54375037624299
31447,45.068529379692855
31448,45.77155998578951
31449,43.10581756582135
31450,45.03685897942961
31451,35.22447996864517
31452,43.75530160443285
31453,32.42020215241905
31454,46.269476594289436
31455,32.45396390784418
31456,37.61384517904289
31457,43.759500223930274
31458,23.839693473353
31459,34.031690406021596
31460,29.87976962775442
31461,25.10585960046574
31462,28.83741585254981
31463,45.35739889080189
31464,45.955259823908634
31465,43.51034776524267
31466,47.89542066122547
31467,36.7698335651162
31468,35.37048771813909
31469,26.90412470300563
31470,30.05248713240157
31471,41.04892602291765
31472,25.680796357136835
31473,37.17186119110177
31474,38.97476889871996
31475,41.6742279024525
31476,39.03182830319644
31477,38.939775079528275
31478,36.45992630486032
31479,33.215218915166346
31480,45.77716572894904
31481,37.33139023113464
31482,42.14819421578911
31483,36.72042288997544
31484,30.038590315903235
31485,33.91255068468521
31486,41.80605906037826
31487,31.3871935332159
31488,42.66647249938092
31489,46.86927124765419
31490,36.943768299576035
31491,33.26671376597931
31492,39.12048589104251
31493,31.255123879744886
31494,17.841505320061536
31495,32.10925030579058
31496,30.69100803509886
31497,33.913417885977445
31498,35.779145185921124
31499,32.05548301690066
31500,32.619757729007205
31501,33.74836753121892
31502,27.910050622772843
31503,27.624448165727827
31504,44.28150925341423
31505,31.272369519006137
31506,37.14210094157704
31507,37.84590090010972
31508,28.64870541629581
31509,34.58053795525861
31510,36.60733831767931
31511,40.75154913935355
31512,39.25082870150724
31513,39.78836875893249
31514,37.97404023134247
31515,39.25022930530456
31516,49.37547411301305
31517,52.80181162041885
31518,37.49787673510356
31519,40.40057761868795
31520,40.949615643520545
31521,49.08848024583554
31522,47.29229721051364
31523,47.047114811015845
31524,34.72278823546987
31525,36.11516330544678
31526,56.604582673932796
31527,37.81492957211688
31528,45.12789087938182
31529,57.793493413468674
31530,26.66313225529585
31531,47.308037821169286
31532,30.63217061485933
31533,33.45529619230436
31534,44.018629907460635
31535,37.619176595397704
31536,31.622209286786127
31537,43.98879620995666
31538,33.989738361642786
31539,41.873832945534566
31540,41.979782797687946
31541,39.867909232850906
31542,40.97026708648065
31543,43.01280141474631
31544,33.14264959214889
31545,25.410448618571948
31546,48.72384550160365
31547,42.546525738130946
31548,37.648812784468284
31549,40.967627836740185
31550,40.93365034612666
31551,34.49007777470426
31552,28.643942324850315
31553,26.1131311945981
31554,37.504675363007635
31555,35.144902321086406
31556,41.412431933829176
31557,39.649751834431
31558,38.737792480538914
31559,38.55256473429886
31560,25.946038148525254
31561,42.48652198718265
31562,39.65946223216572
31563,45.11271554300949
31564,37.21569993947091
31565,34.71259735952011
31566,35.712716776798686
31567,37.628304854750965
31568,38.07097321066174
31569,39.140911324391524
31570,40.4013621950851
31571,35.47603546950116
31572,35.16751275441756
31573,38.57380576171859
31574,33.85184012253047
31575,42.28494686335703
31576,42.0784859160662
31577,45.85929014740591
31578,34.997808234133885
31579,29.568251429952376
31580,38.96275479437537
31581,30.0586976942174
31582,48.33341094333392
31583,36.37389709454803
31584,39.580475368821546
31585,40.4906955559391
31586,41.14361598137147
31587,36.25818309564609
31588,28.80901108314751
31589,32.05378132349799
31590,33.5127138747451
31591,38.222036037106015
31592,46.18642100984182
31593,37.74786125394072
31594,41.199845776563194
31595,42.39842292988373
31596,37.30412526884546
31597,35.912479241549974
31598,31.58184058632819
31599,31.447262924116032
31600,39.03851970730933
31601,40.091493810239655
31602,40.39643248409356
31603,38.956001040444505
31604,39.90184428694291
31605,25.836259949814927
31606,39.04823775843476
31607,42.35800497531517
31608,41.083323636599744
31609,33.08352951497232
31610,36.01417133850622
31611,37.510561040777326
31612,31.115360850610195
31613,42.191336774323396
31614,37.844390656696056
31615,25.822946597145076
31616,42.60371760333345
31617,18.939723244297106
31618,21.946899092053766
31619,22.267671848759953
31620,36.88092410764013
31621,20.720968389471146
31622,33.0482394583174
31623,22.31812265496211
31624,23.165516559324097
31625,28.499348316742665
31626,27.605520188564384
31627,25.45628227330112
31628,26.79470698545855
31629,30.615936887890104
31630,30.71568770881727
31631,27.563830813485293
31632,34.234423414311955
31633,25.293900262354676
31634,26.065886803749574
31635,36.408119309445574
31636,24.48716041708718
31637,16.8986049103071
31638,26.13532499809616
31639,27.072871863182
31640,23.186108357270857
31641,22.866148166831728
31642,27.320031280558567
31643,32.284585709670345
31644,17.51864030326189
31645,37.89873118641189
31646,17.976406820994583
31647,21.509599862932387
31648,23.9904324092334
31649,29.09278440452337
31650,41.21311445107583
31651,24.38370382956088
31652,25.93896887698498
31653,29.659230938035755
31654,33.49235855678947
31655,31.55361785725175
31656,21.547652620529917
31657,32.99322751500963
31658,41.2613027506789
31659,23.2863656353231
31660,15.598867877012427
31661,25.870978125987236
31662,25.69729854721858
31663,36.0192397092794
31664,38.89603797923786
31665,33.98773562011925
31666,34.03785988197029
31667,36.16492219251851
31668,29.246316787987617
31669,16.911667290891522
31670,32.05756917799393
31671,21.37410682541082
31672,35.830163899446475
31673,19.633054820033262
31674,32.337899087673506
31675,36.94915903480788
31676,24.157012765739346
31677,18.718929417621
31678,39.90746214706522
31679,35.59640431716966
31680,21.91443248366834
31681,21.078512242392488
31682,28.607313877473995
31683,27.884326617267202
31684,27.31713769880696
31685,25.311209867863454
31686,24.335978212630764
31687,35.022126546386154
31688,28.996705688706903
31689,36.03921483048093
31690,28.915404847451434
31691,42.449423498565146
31692,26.26066536478588
31693,31.86665937368774
31694,38.708584983656095
31695,29.23145927859077
31696,30.529137877324843
31697,27.212572114082146
31698,22.350303079353896
31699,39.647191646043666
31700,27.865437944986297
31701,35.53457899269234
31702,24.892934180002175
31703,29.875942337492347
31704,35.63929569940288
31705,25.54553818784901
31706,29.425178621650716
31707,19.98600426084768
31708,28.51125087013004
31709,20.721914510538454
31710,33.32905240445202
31711,40.5163257809944
31712,42.58019459790053
31713,24.771495480920816
31714,42.62432601649353
31715,45.72421242433044
31716,46.769643693240184
31717,30.44822438866329
31718,26.842188285700416
31719,30.116360730696165
31720,25.581491027060025
31721,33.34935430112255
31722,36.49488162586718
31723,56.80039798247127
31724,36.46821494866281
31725,39.691574726691925
31726,30.018499982941286
31727,52.08794478688984
31728,32.21935741609034
31729,30.022342873812867
31730,37.907471163754124
31731,21.040646242716367
31732,31.91933203018852
31733,31.840219540708436
31734,34.23047623843733
31735,43.35189191641983
31736,27.088004496809056
31737,30.609256014521563
31738,34.40898470879979
31739,38.297856933356
31740,22.778521962615688
31741,42.45261495187793
31742,36.69951692490081
31743,20.241945284322128
31744,31.804092556793577
31745,59.23295069949659
31746,38.20671819357775
31747,48.58853516236549
31748,29.77841106998101
31749,28.321022544089892
31750,39.79245611413414
31751,35.05515054281345
31752,39.11120237488259
31753,45.06074240077355
31754,38.27587122758985
31755,31.69985245999851
31756,48.51547375663054
31757,39.48671205270679
31758,43.952109029992464
31759,51.13720277162989
31760,35.81900683963123
31761,34.31772937587078
31762,36.724131866241954
31763,34.9880339857183
31764,44.71790429748635
31765,31.285231847377432
31766,36.97628751039446
31767,36.26818047106192
31768,31.20711523450941
31769,39.46418928649406
31770,56.58792909561491
31771,46.202074758844546
31772,29.95589836133494
31773,33.22816602884481
31774,42.01619621447894
31775,29.75575180920591
31776,40.405457393996656
31777,44.17493159997683
31778,33.505253481746365
31779,29.043063030981592
31780,33.05919243142522
31781,42.52426153453231
31782,35.73451032142893
31783,30.499144663251336
31784,36.795313450934756
31785,48.20463950851063
31786,46.154468493942545
31787,54.43160823546428
31788,32.966187356087524
31789,40.30240605820934
31790,52.059825476333714
31791,45.04177811295733
31792,42.487271376898946
31793,44.86381741506051
31794,48.872451040965146
31795,21.766026725663608
31796,42.76549407331756
31797,46.36620489579864
31798,37.89233387076521
31799,35.077414134548384
31800,38.13226422059639
31801,28.689084079536013
31802,43.660278070167124
31803,39.265642189658635
31804,38.644987978244316
31805,41.13712157559873
31806,25.802956883731795
31807,25.087965431313393
31808,42.58654779985912
31809,34.72159794823394
31810,41.82437711886822
31811,38.77938143347086
31812,41.87291502153308
31813,46.495649785670544
31814,30.30327031760957
31815,46.61823242599588
31816,41.384298013637014
31817,36.62044557861671
31818,41.24570471627068
31819,42.51931012277004
31820,30.385763572390502
31821,26.68887667902619
31822,41.91562790840113
31823,30.40736699697638
31824,32.060681818392446
31825,42.28251010381776
31826,21.72113027405303
31827,34.27071974686895
31828,26.889607373595503
31829,22.135810434805457
31830,26.166265685937212
31831,43.26719435602976
31832,45.46500297456096
31833,44.815223439975625
31834,24.02931235186218
31835,26.87813760840055
31836,43.97375568729301
31837,43.77551898561297
31838,29.313688654735067
31839,48.74213867747643
31840,46.79428657883998
31841,41.057080950353736
31842,33.72295826765361
31843,35.74525204425316
31844,37.68427436478284
31845,36.95127988562126
31846,36.198811000840784
31847,36.51766756702577
31848,33.992883274802814
31849,37.514222663083814
31850,38.56430112951719
31851,42.52140695607969
31852,44.44459916037579
31853,24.278377666649856
31854,22.17120765284833
31855,29.012278457794764
31856,36.88123944542887
31857,42.05548456454184
31858,42.366670310081176
31859,43.82622662443779
31860,40.46243033104987
31861,29.540544353944473
31862,31.361869364654126
31863,43.96966067229207
31864,35.11624394022574
31865,35.0999181113631
31866,26.00977467023771
31867,14.920128853592853
31868,31.21074221888083
31869,27.69902473873757
31870,26.772334763485038
31871,27.896143035412614
31872,27.82245012708128
31873,24.742413313068436
31874,42.13576671169084
31875,24.73785472372521
31876,38.801334611419776
31877,39.38458971815604
31878,24.220365111099852
31879,26.161997265291127
31880,15.667162653858917
31881,27.07579957792536
31882,23.900850673049142
31883,24.665605100264052
31884,34.82705344360664
31885,21.881469654146592
31886,29.79799060585455
31887,21.792762355097167
31888,22.253176102042076
31889,33.85310613839033
31890,24.33072134834
31891,27.69311939358408
31892,33.40508579046792
31893,24.186959746644078
31894,28.51403772001155
31895,15.918750633559384
31896,21.755528383324872
31897,23.594207888229874
31898,22.257914713760307
31899,25.97887899216384
31900,35.270067148750556
31901,33.735634792831675
31902,30.619504016681343
31903,36.07595568724038
31904,30.531038177209723
31905,26.447303013244714
31906,21.760962098628614
31907,22.383374786883973
31908,34.243191879493295
31909,28.0953563953414
31910,24.82725482120855
31911,21.125752340358005
31912,24.30308215373454
31913,29.118099215167412
31914,18.41899371091185
31915,23.939235183416887
31916,23.15175157817096
31917,26.106008417886848
31918,31.76222964964131
31919,27.32075708839033
31920,28.937646227961466
31921,30.33789704926702
31922,23.60194118889979
31923,28.393361375896937
31924,39.873519694496544
31925,28.631825101565557
31926,37.98483729117529
31927,28.100735902180624
31928,25.72225183890024
31929,17.671575361007978
31930,26.227267216689214
31931,21.22809897834469
31932,34.83851574461329
31933,30.02755868889254
31934,23.802046950703037
31935,26.84053692143035
31936,22.54830565045179
31937,22.08420467198392
31938,26.627955597597573
31939,25.254262095884496
31940,24.837108808083556
31941,17.58303090451096
31942,25.053385709231463
31943,37.67547662442551
31944,29.2064513382958
31945,43.13708051754686
31946,35.62996229560977
31947,30.024092831718036
31948,32.02339690917737
31949,19.895046774745914
31950,24.68429190883505
31951,26.226302382376254
31952,39.887887436835754
31953,27.167793858510883
31954,31.255512072535485
31955,33.21088970836389
31956,24.249995931370144
31957,35.198203795768066
31958,38.07928827797119
31959,31.737304428023254
31960,24.432494701277072
31961,36.44947983939345
31962,44.62108958883708
31963,38.7783794115192
31964,29.345018876408655
31965,28.87520760408136
31966,35.21889825637041
31967,52.98259403980242
31968,54.01206683679783
31969,41.886041688005236
31970,35.936299514351894
31971,43.01211099394829
31972,46.868467873129646
31973,40.3923416192232
31974,33.45141390903876
31975,46.17363810699317
31976,47.901215709254195
31977,27.79870592913876
31978,26.248289610070962
31979,36.68190734052316
31980,41.55109544410722
31981,31.52656825952848
31982,50.49181797862121
31983,43.59192366640421
31984,39.67831595997607
31985,32.66875835774863
31986,33.01271958007332
31987,38.11022932562272
31988,33.80898561703247
31989,39.103550376300355
31990,43.74632077055711
31991,43.63581553111367
31992,35.206425111670285
31993,36.7456525022067
31994,44.64840669087676
31995,41.69333154052135
31996,34.12351791600071
31997,41.342857809094525
31998,40.786651188407745
31999,40.37077181238605
32000,40.024626130224235
32001,35.676282116975194
32002,29.45992711375053
32003,42.41974400087739
32004,40.28885699637
32005,31.562967226747602
32006,36.26814748706552
32007,37.70929354530971
32008,41.34162836113574
32009,39.984895370051134
32010,43.97588115247632
32011,44.490093313889005
32012,33.83234672189374
32013,39.9069989626573
32014,37.20504530019679
32015,38.65196595568898
32016,40.56144935213008
32017,41.14702511452385
32018,38.84679276928698
32019,40.72071913594439
32020,42.336226080312265
32021,43.05114779387379
32022,46.83625657920699
32023,35.44463613428367
32024,40.76290102031977
32025,41.208031971253746
32026,38.265412776389304
32027,41.127480241333814
32028,34.11102821247182
32029,40.21056443931455
32030,39.94361240343232
32031,43.373668018790816
32032,41.767994626970044
32033,42.27908361315281
32034,36.531469394223286
32035,27.7766937000157
32036,30.39109443767365
32037,30.706046011638374
32038,39.56455179046743
32039,36.79146995122547
32040,45.97633916330676
32041,33.90437249202863
32042,33.920148765209476
32043,48.57670420047949
32044,39.733708223787055
32045,47.36298623267472
32046,39.99461955935229
32047,29.909811069140133
32048,46.84093572109336
32049,38.59903278922608
32050,47.90541501160304
32051,37.222933022247695
32052,25.33751470226862
32053,39.177922551345766
32054,46.5721643126683
32055,46.22220109257942
32056,41.75062031371672
32057,36.617890615889486
32058,43.491052994365376
32059,36.639870037884855
32060,32.790663442826386
32061,31.609790822786316
32062,37.7816608110049
32063,50.36654152779059
32064,56.34521628897661
32065,40.18667802413383
32066,45.46085465633316
32067,38.384543937633715
32068,59.93904606364852
32069,37.32218543280451
32070,35.28775709638485
32071,52.8569138309017
32072,38.875338965812006
32073,59.53613850826284
32074,51.53823756473561
32075,57.931090052026036
32076,50.43868357197379
32077,48.44616350356226
32078,49.99768679698871
32079,41.21916383197129
32080,56.612274031242706
32081,55.69499220881592
32082,32.43552701520332
32083,57.838707348359016
32084,55.971197453807264
32085,53.58038126551206
32086,51.33036922892147
32087,58.08097542965589
32088,52.668068827233164
32089,51.89612277257006
32090,42.674670799943726
32091,52.81778673466028
32092,58.430470430087794
32093,50.612909820575446
32094,50.07051878251053
32095,48.10823934815742
32096,52.64589354280808
32097,47.44318384598869
32098,43.62814521425467
32099,42.26787171667335
32100,54.52648435706824
32101,48.334329171157954
32102,41.497268238064116
32103,53.425114741551
32104,37.64720660259964
32105,38.9929357707157
32106,49.67204541091982
32107,43.05569570190683
32108,43.59788419468007
32109,54.15551262736679
32110,38.86003899551303
32111,47.61329331826404
32112,55.91836736850881
32113,40.337516334604956
32114,42.870187762678015
32115,50.54617530307955
32116,54.52143479081267
32117,58.748095587336806
32118,58.689035607489544
32119,41.49010825940516
32120,43.129882054069114
32121,46.5214349342706
32122,45.65454254247591
32123,30.645997659044923
32124,46.404783812747844
32125,41.74155573932082
32126,46.28694899723044
32127,44.079816044743076
32128,43.56889654667749
32129,52.85808589476029
32130,47.01033308650658
32131,41.650412530046715
32132,32.07866024455762
32133,37.60500127269818
32134,38.08420777658209
32135,40.38535912272535
32136,35.686374848289894
32137,31.255093208814408
32138,36.37203892785419
32139,35.73002125694437
32140,42.244710082558335
32141,45.42044526675537
32142,53.61491788456489
32143,38.42858807361131
32144,35.45177619471103
32145,36.494220678518275
32146,44.886326760544115
32147,29.143612770523998
32148,49.80315390516102
32149,34.310093484407574
32150,44.29908719305189
32151,50.380455977347886
32152,41.95037817351465
32153,35.18648752669406
32154,37.41617304965748
32155,42.587646949424965
32156,43.88443881856087
32157,35.93533726689753
32158,37.247740725099085
32159,51.03384374589434
32160,49.21111756017514
32161,45.251299794997585
32162,47.465992566462575
32163,47.20162873458582
32164,51.34096476674709
32165,41.45919135235068
32166,54.24558669659421
32167,50.28053677183209
32168,39.97427866618413
32169,46.25693531027156
32170,44.83880960384952
32171,38.49591563219494
32172,31.33601838989353
32173,42.69973678003595
32174,28.277860701241003
32175,53.61588836231638
32176,50.324858261738456
32177,30.84177644914221
32178,49.98549883273118
32179,37.450874626604055
32180,55.503377482816376
32181,56.48014260075898
32182,46.436019180534295
32183,52.63578607167223
32184,43.53900586385354
32185,46.009904987526305
32186,49.15027721954491
32187,40.26363259731507
32188,42.65718210488074
32189,42.078036544666844
32190,47.41065291421543
32191,54.6210387680358
32192,38.753112448938765
32193,50.604288844785444
32194,41.968099738688
32195,45.179274899741735
32196,50.04009899877241
32197,44.39149308976097
32198,51.332884135679464
32199,44.43448950898378
32200,38.10419741866613
32201,42.712356290201996
32202,54.513635850198646
32203,51.278654050575085
32204,39.554292577039746
32205,56.35224579059515
32206,47.51618761823931
32207,54.64031866427719
32208,37.06556050344907
32209,41.7229488149822
32210,54.2670341019568
32211,46.42028543216102
32212,37.571836153528515
32213,49.011771208094444
32214,39.326345730779494
32215,46.60814087024537
32216,48.37856858123296
32217,58.161959080861905
32218,44.07656610834343
32219,49.174744898476405
32220,52.40168066329732
32221,57.14823613999585
32222,54.76329751475431
32223,36.19036769678719
32224,47.00075056574808
32225,50.36420117975577
32226,49.98191310215316
32227,31.752015962233237
32228,43.6997328195112
32229,46.361013392848356
32230,39.94524179088505
32231,33.64905554126491
32232,40.92143981037475
32233,47.240394762464454
32234,45.18177637285619
32235,32.7114318351413
32236,58.04764842376102
32237,44.29619968819993
32238,44.93162375301528
32239,49.344819836682994
32240,48.764148993490444
32241,43.91035455570646
32242,45.35909215979058
32243,44.83978178020586
32244,47.7024688495091
32245,44.390597464637096
32246,37.93293102419309
32247,39.52557037834013
32248,43.15496492231487
32249,41.21868311178542
32250,52.176189348015996
32251,46.76718542373546
32252,45.05173043000273
32253,52.364227692869065
32254,39.90955558998022
32255,38.45805338352314
32256,48.51479415471457
32257,45.583530500085544
32258,51.11241459929349
32259,45.652941386184175
32260,41.780292676280645
32261,43.87550485546379
32262,50.221335841961555
32263,46.65428011520454
32264,36.45908628410559
32265,46.0418381268336
32266,36.4977791703854
32267,46.58845857626875
32268,44.21823540769013
32269,46.66210229709619
32270,44.163002897751795
32271,44.44821491014149
32272,45.34912913925988
32273,46.663481242656744
32274,44.68999653247687
32275,44.695557623499624
32276,43.42037265216514
32277,39.53623083558498
32278,48.730887725582626
32279,49.11039648857209
32280,42.43754441731163
32281,43.08608419086972
32282,50.4228853681977
32283,44.46187031841203
32284,31.04518311222464
32285,44.85658646756073
32286,46.13472760388829
32287,36.013018825467256
32288,44.708913602723804
32289,57.38164686314373
32290,47.90680994649722
32291,47.323422483018184
32292,44.379249556417385
32293,51.39638685275108
32294,46.48305386638228
32295,39.10758018806138
32296,47.48214498069993
32297,44.06304287511807
32298,50.24382504219623
32299,40.04095349228978
32300,45.075914573418856
32301,45.61274509892899
32302,48.540897991429844
32303,50.21677662565882
32304,45.65618440248354
32305,51.107077030117985
32306,43.572583471453726
32307,46.60316460105303
32308,42.014491926910296
32309,43.30177656602192
32310,42.598827140427204
32311,41.29099043272542
32312,47.48407623284741
32313,39.53018778693001
32314,44.391854009544105
32315,47.431412425906146
32316,43.48669284044313
32317,54.9288525968237
32318,45.90539947328106
32319,38.03521585652833
32320,46.3094458848558
32321,46.17443397443165
32322,44.47814578681276
32323,46.43727446802792
32324,40.90159532229396
32325,35.65424823912752
32326,28.548728639678963
32327,29.826606344151877
32328,31.413286655827584
32329,26.769489828499765
32330,10.752686150558102
32331,32.11040759363267
32332,33.75158858342097
32333,29.341241030927236
32334,30.471224166136302
32335,27.857584474365865
32336,23.80109514470572
32337,23.50466434322726
32338,28.240674679519433
32339,20.596609165813124
32340,31.93989097738281
32341,28.82207565460697
32342,19.0173305810643
32343,34.23005709604395
32344,23.7561584842543
32345,24.60484879964139
32346,37.234303636361744
32347,33.693754279633445
32348,40.120719003247174
32349,26.073354698302253
32350,32.2108854488226
32351,21.506171540111673
32352,34.16192903481295
32353,24.39387777730972
32354,31.95054678738242
32355,33.08039459976448
32356,22.612211212519398
32357,23.31967871625691
32358,31.0174957018013
32359,18.8414781977262
32360,41.10099465672009
32361,22.201177425835407
32362,42.46252762987045
32363,28.881457354390186
32364,28.18060367252252
32365,32.71758094595188
32366,15.832759023292578
32367,30.7882873548465
32368,35.048562564984394
32369,29.748187358707977
32370,24.770314291044087
32371,24.184245438039355
32372,34.63764490920058
32373,19.4459029042743
32374,36.53991647516314
32375,31.92037202365657
32376,23.442685083354135
32377,38.50609326984892
32378,29.071456897934297
32379,32.70099493118941
32380,40.17307384601685
32381,26.441375883066673
32382,34.19245892359028
32383,31.25913533130039
32384,19.823798071099123
32385,35.65746261101448
32386,22.541523674056663
32387,31.44948390906991
32388,39.930731006993184
32389,29.691025808979482
32390,33.316844187916615
32391,25.805470142947453
32392,39.457734768459986
32393,24.710603306823497
32394,22.615239002174597
32395,28.260369502379724
32396,20.903215619472693
32397,33.28812100149298
32398,37.32155741621581
32399,18.117160968690325
32400,32.340692974388645
32401,38.068996038092436
32402,31.922791647679293
32403,23.142204991031285
32404,45.39190835453891
32405,27.96536946100753
32406,22.962309975450992
32407,17.37532208050461
32408,10.937803789611635
32409,56.20511222312075
32410,51.97812384494447
32411,49.378376464728326
32412,44.292033073100505
32413,59.78430205494975
32414,51.77433477488833
32415,61.15120111026753
32416,47.08961270359505
32417,48.3062439546513
32418,55.555763471113245
32419,52.14124877826629
32420,52.15218653622251
32421,51.01718406629482
32422,48.47225228915441
32423,60.48166075248956
32424,58.40840310271837
32425,48.49225385695503
32426,33.45898159041826
32427,49.68487203286939
32428,54.58991262803146
32429,43.18733692231177
32430,49.79216248243151
32431,55.083718095757085
32432,48.715407983259425
32433,41.15250010410205
32434,38.84081818029063
32435,52.9529055251028
32436,52.701997641516115
32437,42.479666903287765
32438,44.176045219061955
32439,48.211103452382694
32440,60.21137542524446
32441,55.25476000476125
32442,51.445128148441995
32443,45.76845606152213
32444,41.53037597886078
32445,45.632050354283294
32446,43.90732715982281
32447,50.64107465915311
32448,48.19807277185633
32449,47.41914139166995
32450,61.4621087489752
32451,50.547746554416946
32452,53.46633752728999
32453,51.394497409453706
32454,61.84425499512816
32455,46.835251459413215
32456,55.1506528257592
32457,37.308204806062065
32458,47.603728645850055
32459,56.45065077438403
32460,54.42223486476585
32461,62.284460622242946
32462,59.425887461732216
32463,51.464834604996874
32464,39.793553825966505
32465,58.19878001197928
32466,47.15197300062677
32467,53.724255368541975
32468,43.12195914664045
32469,45.95127065683502
32470,53.21302802530033
32471,44.66459658832074
32472,48.708919643451544
32473,41.64409781880684
32474,51.76018196131627
32475,43.3515292765344
32476,45.044297776195705
32477,49.88025864055446
32478,52.83525685784663
32479,43.73064673440146
32480,42.450683491252875
32481,43.73426777053945
32482,43.091796921367916
32483,35.57233168862369
32484,29.221513683981417
32485,54.761193036553124
32486,40.16007548836484
32487,51.30339615821157
32488,42.97397679919108
32489,37.440727234788305
32490,47.26631308254146
32491,49.389532461311106
32492,52.82712948031204
32493,54.17257243321497
32494,52.59322285405501
32495,42.02167876445732
32496,40.69339436992008
32497,44.4296570441292
32498,41.651460792284766
32499,44.0711777771824
32500,51.74840276234494
32501,50.525318762235855
32502,42.780964701796336
32503,52.850574083898806
32504,52.56024173895115
32505,37.663046157823786
32506,36.09730495576852
32507,54.36662643412564
32508,50.37674614286122
32509,54.51840554816352
32510,50.29812912916918
32511,53.11839827963786
32512,41.9314488823839
32513,45.115684266719875
32514,43.20874353624811
32515,44.31875413114261
32516,42.239865570529226
32517,41.27424407355676
32518,45.86047102900799
32519,50.85389816223591
32520,50.56659966888099
32521,46.08566406448152
32522,54.6470169664508
32523,39.7905567383699
32524,35.93001131456836
32525,46.04486981928008
32526,58.838501649514846
32527,55.3462176531584
32528,47.472164176430326
32529,49.3788660184088
32530,64.55470521255691
32531,29.897057037787334
32532,36.31725575797426
32533,24.126835241031788
32534,41.81268170221347
32535,38.86445793629666
32536,38.39221885380199
32537,42.53000455196556
32538,31.620721975621162
32539,50.253900159856535
32540,40.59553909048811
32541,45.82760752773108
32542,47.35949717032274
32543,33.053879497634654
32544,51.1839124052623
32545,59.988089810392324
32546,44.34776958220264
32547,42.230370606473286
32548,41.43436634273772
32549,48.902768082586036
32550,44.14482352877315
32551,31.49888075169868
32552,20.124051856373768
32553,43.1350445760387
32554,44.02051172212124
32555,38.61081303455961
32556,55.115329766305194
32557,23.59385425828668
32558,54.766066421911944
32559,54.504831253313654
32560,39.01089323054692
32561,51.323666317652325
32562,45.63509404953961
32563,57.30366703961312
32564,51.876072183130596
32565,34.15317401445829
32566,47.411112453545755
32567,45.03065075808457
32568,42.32528152069031
32569,48.72312236017982
32570,52.61554051112072
32571,40.34445758466719
32572,36.374181785770745
32573,18.746568995983218
32574,43.59819937426572
32575,37.463305483505025
32576,39.3357215248082
32577,56.30000300765108
32578,42.070628628739286
32579,53.58285603791602
32580,44.24970431181659
32581,41.63526205377752
32582,34.619566546335435
32583,35.806197741524905
32584,36.345425586228686
32585,26.777997965396786
32586,28.547158262750834
32587,21.135376316153877
32588,28.848770755377373
32589,21.126407137546572
32590,17.934335567172138
32591,28.742213935966255
32592,29.05747350569304
32593,24.403227051191898
32594,39.650174783719415
32595,19.483162412652668
32596,23.899763902092815
32597,25.803415105554876
32598,36.18112815974805
32599,28.788369277861246
32600,29.469838039268044
32601,29.647804204344276
32602,34.82439176377594
32603,27.99825665097876
32604,18.976565919539446
32605,17.240973995402083
32606,19.985040540477833
32607,30.670451129696573
32608,20.282570736517936
32609,22.638734430394926
32610,23.731291036802148
32611,24.609609357469463
32612,31.859944365029868
32613,25.867023201983955
32614,19.623798990917955
32615,22.111677201386886
32616,20.671071069296065
32617,33.4568772449168
32618,21.469906361973084
32619,30.171936334380227
32620,25.20580778556679
32621,19.007671334589375
32622,19.48226754652913
32623,23.04669505746118
32624,20.829282040991174
32625,19.825883304437518
32626,22.84333991305136
32627,20.03723501943258
32628,33.22433058619561
32629,19.846760420973453
32630,20.63875479631829
32631,17.98273718505015
32632,32.72431692805556
32633,30.575644356695705
32634,30.89487131688206
32635,26.414962921242576
32636,22.648871254047204
32637,23.569068200718913
32638,30.165053669646205
32639,16.483144656518874
32640,17.704267939365305
32641,23.4532370616855
32642,32.70978876372264
32643,21.988855518143815
32644,18.865172614376796
32645,18.833193910732078
32646,36.49509299930173
32647,23.32055799655365
32648,19.236170746378676
32649,22.67087724857648
32650,29.356074358163077
32651,15.609871070922681
32652,35.660485269728554
32653,44.02966173549685
32654,27.987583434082133
32655,23.45184406534609
32656,32.05614741517293
32657,21.571090626735185
32658,23.39976425865281
32659,23.67131741285182
32660,22.41924947943942
32661,23.495475160383776
32662,28.722947355240017
32663,27.5003470305734
32664,25.19131254232542
32665,26.03616179491518
32666,40.831287557718326
32667,22.23865170469149
32668,25.19660274620218
32669,20.319817513341107
32670,28.213466993000146
32671,22.780626548475418
32672,25.845551077324274
32673,20.856081700613966
32674,32.23435789336976
32675,33.460966717638684
32676,38.25958536563141
32677,33.000195407771
32678,47.0569856961323
32679,34.39888598884888
32680,29.66658207972594
32681,37.84551385284054
32682,39.509964052898546
32683,43.72430500845504
32684,42.082747853385314
32685,35.404249199637285
32686,37.075837637503774
32687,51.74286976253346
32688,45.396391253585776
32689,41.75300706244353
32690,43.60352656399016
32691,33.93124178862304
32692,31.14789841887166
32693,40.724589201568456
32694,36.40137276506029
32695,36.80710136442599
32696,54.32009092069858
32697,57.25411732979642
32698,33.42028153712779
32699,46.88918145588165
32700,45.42095298589744
32701,49.567431789380706
32702,34.5841486382799
32703,36.2370994733581
32704,43.0469490160482
32705,40.78966006292101
32706,38.596821806149016
32707,47.33714586367688
32708,38.56399883235097
32709,39.95254278664341
32710,43.09562329683561
32711,46.16040361882447
32712,46.12568155395031
32713,60.04015948064905
32714,51.09808290865751
32715,55.76592536027202
32716,40.241736074864626
32717,53.87469206881256
32718,45.09358637448519
32719,56.951366134325326
32720,31.363436883338036
32721,57.17770552766757
32722,28.379619804763976
32723,41.86515381211531
32724,38.550243416530215
32725,39.80270639556444
32726,44.34446670944717
32727,41.449198051462524
32728,33.777542121967414
32729,36.97810973410181
32730,38.18970357088792
32731,26.24612848342302
32732,37.322314044967115
32733,34.529360778688755
32734,35.295702093675
32735,42.97162871380573
32736,40.89826240463931
32737,39.46912194025653
32738,34.91549487848255
32739,30.893377795858616
32740,27.524352161192603
32741,51.64777389148333
32742,39.6890684963063
32743,34.87065801938233
32744,50.50240239637779
32745,49.95056013686818
32746,53.88787632308639
32747,57.346023397072216
32748,41.1381694816208
32749,44.76963346001287
32750,40.130331462884065
32751,36.15541492807231
32752,31.752457569436977
32753,45.89183589590485
32754,41.13103932629925
32755,39.79746114257216
32756,42.619172622057995
32757,41.54956807855709
32758,29.7535498200262
32759,51.33070038103847
32760,39.324837078173886
32761,37.985682496429426
32762,29.2979027197496
32763,27.7682437620553
32764,38.24843580781385
32765,40.46910004044935
32766,43.78339484587471
32767,37.41216874191322
32768,38.57949406639192
32769,36.502522337772035
32770,39.54649461228604
32771,28.682324522201284
32772,39.6014861093915
32773,40.335200036708116
32774,38.619909834688215
32775,37.76557917468392
32776,48.12488023222261
32777,34.736914958405876
32778,44.08198098664394
32779,43.667771282443795
32780,32.53256596527806
32781,45.498509903932714
32782,37.420883281667614
32783,39.38184997542433
32784,33.770348791820126
32785,44.86309904689018
32786,37.270068580866436
32787,40.32582739378728
32788,40.24590358114713
32789,38.41678957033508
32790,41.40981265238422
32791,42.44578402701002
32792,36.607067506755826
32793,39.372189002376274
32794,42.73351751600901
32795,35.72491899189348
32796,39.093691653687785
32797,28.59872338933013
32798,46.14789760784622
32799,37.422460649266
32800,29.822666193472458
32801,16.9765049432395
32802,44.31901721859202
32803,44.819317715191374
32804,41.79692817590595
32805,25.85388175485358
32806,39.88806755769555
32807,25.45566228643903
32808,41.075491562278486
32809,39.91038480865593
32810,32.88406726002558
32811,41.5234244121332
32812,40.089371539933076
32813,48.673400582778356
32814,30.32044738113278
32815,40.5256238213398
32816,31.995742528072068
32817,25.03148787819196
32818,41.684342857954725
32819,29.249579781995674
32820,38.63188329160772
32821,33.01934255005056
32822,27.44763147303327
32823,29.454442810748283
32824,45.259578636259384
32825,39.83579200757851
32826,37.379382965059115
32827,39.3262154625251
32828,36.506003931484926
32829,38.14312800324565
32830,41.2508394844881
32831,29.088172802142218
32832,31.50263370764177
