ID,track_popularity
26266,39.29768265892305
26267,46.485695194982284
26268,44.66656802208139
26269,43.293183257694515
26270,34.99755223768442
26271,33.76837952782883
26272,32.79922561405604
26273,35.66748494342497
26274,32.313448672545576
26275,42.383866519222124
26276,46.905487112003456
26277,45.510982832895245
26278,39.9504155812946
26279,35.552837264283525
26280,45.72088121163404
26281,44.523349077646024
26282,46.064445647102396
26283,48.614949744388156
26284,46.08442223904543
26285,46.86839639157351
26286,48.41296179275081
26287,46.581408965361774
26288,43.86650876725323
26289,47.75802353387065
26290,47.94282761081435
26291,45.00106855604569
26292,36.914547853655876
26293,43.631386818297514
26294,38.466257508965384
26295,39.215098471236615
26296,38.71850202972685
26297,39.20290946804012
26298,35.82244195280627
26299,37.817338437910955
26300,39.21166314753794
26301,38.30937098074617
26302,34.26911397326572
26303,34.87853416259109
26304,38.231301473728514
26305,37.386886012896085
26306,37.38989554001856
26307,40.18320068460199
26308,40.23623089271458
26309,48.01982038688467
26310,36.03877359596159
26311,42.15563340034622
26312,33.61332647691675
26313,35.707115007212224
26314,42.9855721777791
26315,40.02706144620103
26316,40.09377042793106
26317,37.47098225616581
26318,34.1538188727546
26319,47.6225908202168
26320,26.4325476208578
26321,46.769599111732255
26322,48.15399333243831
26323,46.59361066568672
26324,43.57909508721454
26325,28.62382708083673
26326,37.120478316219035
26327,34.79021721857495
26328,36.51369033249094
26329,35.73037340398523
26330,39.089368989923415
26331,38.52273950905337
26332,41.92670330512795
26333,37.355453527635575
26334,27.239825773676678
26335,34.680902910908635
26336,35.00007188794815
26337,34.50263793656413
26338,37.89413744377355
26339,28.65290397223487
26340,31.59743244344106
26341,31.03819746722364
26342,24.05595659695016
26343,40.99016709307842
26344,39.797310571594835
26345,43.18255174273694
26346,41.71322788232601
26347,39.994538898851125
26348,42.0233896716985
26349,39.78962486776683
26350,41.86973434251487
26351,39.99811032208768
26352,40.74358983123264
26353,39.67006087222863
26354,35.44312031204455
26355,38.398499079813064
26356,26.13862195249971
26357,31.183873022626802
26358,37.203232027797405
26359,37.01069068642481
26360,47.98572301431057
26361,28.902434716144214
26362,38.30661604766202
26363,48.03548477319868
26364,40.73416120209934
26365,38.837018282145955
26366,39.500281242505494
26367,49.05474193242186
26368,47.76711452732465
26369,37.82095439114096
26370,37.819635031390476
26371,50.04062090598234
26372,47.215878736242644
26373,39.56035501724522
26374,40.659105797008664
26375,46.774331833168425
26376,47.91301585562579
26377,50.29592934504072
26378,38.84115934314462
26379,46.206484275482936
26380,42.285519702480194
26381,37.76262477269826
26382,26.196514186149646
26383,35.31786644350355
26384,38.387010631150346
26385,30.002441446921996
26386,47.39199320144654
26387,49.179249593050336
26388,49.28797638791309
26389,40.19300915277794
26390,38.71245589098886
26391,27.407782558421662
26392,25.72192778806505
26393,35.094612271602884
26394,39.97952856714553
26395,46.99013635240434
26396,47.9013165559901
26397,50.61098963902631
26398,48.92237014582871
26399,49.487499351573724
26400,40.28712288305663
26401,37.44842291367783
26402,41.655970670032296
26403,30.341618976400483
26404,25.633474449688883
26405,27.653434972178612
26406,47.943129054730505
26407,38.983848421858156
26408,44.54972222985337
26409,46.41698775683675
26410,44.04479562028426
26411,39.28478180186083
26412,49.730601168282625
26413,36.951245449659254
26414,36.737517065312
26415,41.105356758136644
26416,48.69445102731154
26417,51.00112507484007
26418,50.02793067823594
26419,39.14412425314089
26420,67.0
26421,46.27686935613349
26422,37.801326951616
26423,39.018620810494404
26424,39.466460369489695
26425,38.39359825405734
26426,36.518262787335125
26427,46.35775919920149
26428,46.40338092247922
26429,47.72166475346224
26430,49.58520767944557
26431,42.01482145558115
26432,49.54717495468661
26433,39.854075418935956
26434,48.77712377693146
26435,46.57540339590693
26436,50.875726303528026
26437,46.10440309809524
26438,25.711720800978597
26439,38.67163204107131
26440,1.0
26441,40.37905578439172
26442,41.78580038082942
26443,48.43335561931205
26444,38.402220365899524
26445,39.345385040586734
26446,41.60201431512967
26447,26.05400625554099
26448,36.58524686996239
26449,37.3217885818137
26450,38.86254872332388
26451,31.4541141313066
26452,26.26500253381892
26453,30.30008060784759
26454,29.08954628184311
26455,30.844038652572948
26456,31.895361438234286
26457,30.272675020915553
26458,26.909705745021128
26459,28.065813487494623
26460,28.373015763511493
26461,25.507057534297832
26462,26.01048072582934
26463,31.905376432530048
26464,29.17387362286726
26465,26.530084672475084
26466,25.45499829953841
26467,28.686524002509618
26468,25.918166835552764
26469,26.964057553913605
26470,23.929860628333692
26471,30.14700115010158
26472,27.309699015354674
26473,26.816769577970604
26474,27.097434902590685
26475,28.41102704964655
26476,30.836256310643744
26477,29.536190495855067
26478,31.63815812717328
26479,25.775487275555268
26480,26.73506481540789
26481,29.021187857120825
26482,23.998841578621885
26483,27.938348171374834
26484,27.7081366551666
26485,29.329490109549344
26486,28.839769037602252
26487,28.587920275285672
26488,29.87277237220557
26489,25.42692335684302
26490,27.805598920290258
26491,28.485433527099687
26492,28.21849158578333
26493,26.259811375256085
26494,26.621349385297087
26495,31.58863898761669
26496,30.84634218156038
26497,29.59359424954547
26498,28.347808247565002
26499,28.035722344984112
26500,27.477854718422062
26501,27.84481660034509
26502,26.79851677223452
26503,26.627853474816984
26504,25.67520184008855
26505,26.57923231333634
26506,26.707215047786736
26507,26.215826855996866
26508,29.962893016813958
26509,31.9388086119895
26510,32.38040093958855
26511,30.946609001417137
26512,27.79540920532562
26513,25.253075962201333
26514,29.15257395124559
26515,26.38527740022812
26516,26.22033813710866
26517,29.56370426535119
26518,28.01266535640514
26519,24.965607472004383
26520,23.897844842357685
26521,28.815961187468886
26522,29.24782926473299
26523,28.42315106250091
26524,29.869348446098932
26525,25.45544941750656
26526,29.04505261275748
26527,28.37263890220964
26528,27.210630155517247
26529,29.145840306351204
26530,28.009174397554393
26531,25.925543443135957
26532,27.795865375314513
26533,27.407311957126517
26534,25.452837816824204
26535,27.183813441925395
26536,29.364238850396404
26537,28.0194894198033
26538,32.22888937776746
26539,29.35961977336576
26540,31.77661405949323
26541,26.66660092979765
26542,30.95601149726656
26543,30.51713635308833
26544,31.1860770957456
26545,28.14852370520084
26546,30.583929211061168
26547,27.846923924982743
26548,28.382834303492746
26549,27.157592760493106
26550,27.621512265833903
26551,39.48947780298518
26552,36.09099369651204
26553,31.543543759988257
26554,40.05255840199479
26555,30.540094699512235
26556,44.78966470573286
26557,30.091546335491493
26558,39.41142484510327
26559,34.98486220735424
26560,31.237429920334105
26561,27.25499502924685
26562,28.885012189348448
26563,0.0
26564,31.68529209795369
26565,27.571722279734153
26566,27.6039906918015
26567,36.11346373309472
26568,28.021465963980685
26569,30.929728404861137
26570,27.531914917577076
26571,32.85402973545664
26572,25.15381547770582
26573,25.949922299354593
26574,35.8661718125646
26575,28.599225513606587
26576,30.353949561848008
26577,27.11476584311397
26578,27.385427394647657
26579,31.153322050389175
26580,25.534375469983257
26581,30.314855426605646
26582,35.54105385712057
26583,25.772786614959593
26584,28.619563996891824
26585,46.01746392320386
26586,47.76575861627868
26587,31.264350985843198
26588,31.57987325208499
26589,26.999180179765794
26590,35.924749060208946
26591,35.54861310084912
26592,25.79637262596388
26593,65.0
26594,28.147290033231922
26595,48.66476123730734
26596,37.193714757002226
26597,26.308720178833788
26598,37.66854027918497
26599,44.82401454234427
26600,48.35772833369553
26601,28.374730955989733
26602,39.51413497929701
26603,29.86172451753411
26604,30.53994602153802
26605,34.28241891477469
26606,39.894830926290595
26607,39.46171828119391
26608,38.567248152172105
26609,35.26974887970171
26610,41.478609817303955
26611,40.62341140825761
26612,28.854811974595602
26613,39.58644524040543
26614,39.057254457885584
26615,49.48963570961586
26616,40.571897363988825
26617,40.09794087185642
26618,48.99109393593057
26619,47.05353971795064
26620,39.9457417936323
26621,49.85744086765755
26622,32.47954949482602
26623,28.740671466432268
26624,50.0
26625,31.73195559821271
26626,25.20890827830517
26627,25.45691249773241
26628,26.383462812125668
26629,31.70812477177116
26630,28.4088582877749
26631,32.24767774536549
26632,31.17745263220887
26633,8.0
26634,28.475099182450048
26635,28.89968800828866
26636,30.428624920389545
26637,42.035855237641584
26638,31.137996993009782
26639,28.767193121444688
26640,25.56625358968586
26641,31.552103742930456
26642,42.093482948823855
26643,26.081194792549393
26644,30.351046720806345
26645,1.0
26646,30.947044099967083
26647,29.376358693964065
26648,36.49797069047076
26649,31.435848814391747
26650,27.413827506083933
26651,29.704395997640514
26652,26.9222278237523
26653,26.93341208695616
26654,44.80297123442221
26655,31.73400451197355
26656,28.576662737944126
26657,33.47040071852835
26658,30.033883290775673
26659,30.63328638683002
26660,29.328935580147242
26661,25.843065532286666
26662,27.40819854163656
26663,58.0
26664,28.985428241076896
26665,29.707587453123768
26666,30.245514933382772
26667,29.000619637459472
26668,26.759028421639435
26669,27.951428751470594
26670,25.337022237476976
26671,32.17322445399551
26672,37.23283326938833
26673,29.610189489866016
26674,35.77534663125443
26675,36.89455970897351
26676,37.30270907537252
26677,37.59707059009394
26678,36.8428976055632
26679,27.82768004919976
26680,26.018575695679573
26681,29.553644822230098
26682,28.519055015672876
26683,28.120042307305003
26684,22.79405857725646
26685,28.176909717619072
26686,32.54584402319987
26687,39.937801544061024
26688,47.86670264245434
26689,40.96219264380171
26690,28.746291172637413
26691,37.678429594932744
26692,27.089099439006095
26693,48.926292553495145
26694,30.92486766395978
26695,36.02917937368133
26696,42.633992436423995
26697,48.81372015133272
26698,38.51100348671193
26699,40.269993723499965
26700,28.63465600723618
26701,33.21527426303587
26702,40.73938820497363
26703,39.8370488230844
26704,30.50508988166048
26705,40.05194454173427
26706,37.7611076162303
26707,38.48436802778849
26708,29.66848610671861
26709,37.437787581802475
26710,35.31786644350355
26711,37.50568743771946
26712,28.42757738804985
26713,26.380684340823812
26714,29.00898408186567
26715,38.15392674023861
26716,25.823730306784533
26717,41.659759387860035
26718,39.12157765034289
26719,34.987297550345474
26720,37.589518742664815
26721,28.923455015448486
26722,28.296343058903137
26723,39.81748279604786
26724,40.20113091125273
26725,25.093314388788283
26726,27.08888800318098
26727,28.77734343686924
26728,25.794226219644624
26729,24.850564685304107
26730,46.111952010243236
26731,49.75205504272524
26732,37.83387905615704
26733,30.68728031744792
26734,25.978891515474015
26735,37.418133651394676
26736,40.2272054359624
26737,30.31294445592933
26738,37.802444019288735
26739,30.77854283757022
26740,26.84699648596551
26741,41.4580201809591
26742,34.200280341063525
26743,27.383067698961487
26744,41.02000245481202
26745,26.386706798505248
26746,31.957688000262404
26747,40.11471570136893
26748,28.591306957793336
26749,43.509110759041214
26750,39.66823037903253
26751,41.874240993374116
26752,46.348741617990456
26753,40.02462218149067
26754,40.02167411112945
26755,26.614350388262707
26756,41.60273931517465
26757,30.816280678549685
26758,24.78053023069608
26759,35.67931033911376
26760,26.122573825886334
26761,47.5392462919636
26762,39.37272034530055
26763,32.07389512197748
26764,41.05436002761646
26765,40.66912211449147
26766,25.134014031988215
26767,24.727799759229526
26768,30.838743236206803
26769,36.01994410611846
26770,27.734247736477467
26771,38.25132354278224
26772,46.51416003004257
26773,49.07797488382255
26774,26.01927318146443
26775,26.38796413128003
26776,38.39962617367864
26777,27.597542398761476
26778,45.8593716302773
26779,39.8362716895167
26780,26.193934964401425
26781,26.059579583543055
26782,37.88512619632831
26783,29.47426566162987
26784,28.59959174238022
26785,30.446746813437663
26786,24.56047826248116
26787,39.12763619975438
26788,29.007037217252822
26789,31.440670097890216
26790,35.725345397773104
26791,33.78101614624577
26792,43.58783686778071
26793,37.29046935658471
26794,56.55886535579826
26795,50.98135803149317
26796,39.55503131901045
26797,43.43343464296647
26798,45.67576701807318
26799,48.5399608430169
26800,60.128579483574256
26801,53.73389119753037
26802,44.60533970010497
26803,40.38704741168405
26804,54.17127244818262
26805,54.00257354899668
26806,48.49971323946206
26807,62.58256392490366
26808,46.77729957995505
26809,45.24934264993721
26810,54.721062511038255
26811,49.95373253913281
26812,39.46404481579015
26813,55.05777761789628
26814,57.82110543333415
26815,53.99580310857554
26816,46.620123218127375
26817,75.0
26818,39.049388789488155
26819,48.8103375312285
26820,33.40208021566989
26821,36.339585575885344
26822,48.85612904596316
26823,46.02772765471635
26824,69.0
26825,48.22468231485289
26826,30.452273052757
26827,66.0
26828,33.0
26829,52.67327424700882
26830,46.176336666485966
26831,51.583894965799765
26832,52.37521789581314
26833,51.97000477290145
26834,43.85479054868123
26835,48.88756598521142
26836,58.655488992581894
26837,64.0
26838,48.780493029881235
26839,26.472236903895848
26840,46.746269232217465
26841,42.67441665499587
26842,47.964560099339515
26843,45.792526744676664
26844,43.18067397356286
26845,36.775800021525235
26846,53.34213798787697
26847,33.85413734911492
26848,51.914041603408215
26849,55.242599822537414
26850,53.08220213900531
26851,38.198439021765736
26852,50.10218282848452
26853,52.34792901226422
26854,79.0
26855,51.60786490717891
26856,48.97258252053935
26857,52.96445842340858
26858,58.099168843359756
26859,46.746570227326735
26860,49.93614103021999
26861,47.44026934521496
26862,54.054706640127804
26863,46.80992121318279
26864,48.104902682747415
26865,40.99455560132238
26866,50.503781169229576
26867,53.56073014462399
26868,54.789188856943284
26869,47.13023583315508
26870,58.99017719374926
26871,57.19872284812964
26872,50.214514336387325
26873,39.940656785395184
26874,46.074249175835675
26875,52.336986470090466
26876,54.56949209095326
26877,56.90235123872865
26878,67.0
26879,48.31054471285072
26880,55.0
26881,48.792251983324064
26882,52.95774436875458
26883,48.47327653625152
26884,49.601653131220296
26885,40.08803090812846
26886,47.715178954385195
26887,53.71359817823375
26888,58.0
26889,53.39157458745796
26890,41.92175014489823
26891,42.770612197250216
26892,51.35753303838052
26893,49.10392831339448
26894,41.90548525184275
26895,53.63508674164747
26896,57.30109143795743
26897,59.0
26898,52.99028698279314
26899,57.07531944062344
26900,57.34250959027674
26901,52.06090319173413
26902,52.434618545098566
26903,47.809012755840406
26904,42.885828380772665
26905,55.813097327430334
26906,59.037611852131974
26907,53.30487152381019
26908,55.3821165899235
26909,56.403381651148955
26910,51.857685251495745
26911,55.854543523844235
26912,51.48037751496562
26913,53.852178160435585
26914,51.86483765672796
26915,54.11215484664896
26916,53.732008299525866
26917,72.0
26918,54.60673790721
26919,53.424928345065744
26920,47.642534657635565
26921,55.64042244953614
26922,41.62457791903176
26923,48.5358996581767
26924,50.7241087152484
26925,58.85640687268773
26926,51.70747594393191
26927,50.97110625095318
26928,51.21480180362137
26929,51.97063275375817
26930,46.59025227221282
26931,48.93149654022607
26932,57.40375451367385
26933,48.03611786151593
26934,42.4806305850585
26935,48.70688195567948
26936,55.98089897159385
26937,52.134605609615974
26938,52.69388266982224
26939,41.20834667824751
26940,51.04093912492011
26941,52.708602509441285
26942,45.92198576121113
26943,51.55455402001095
26944,56.96720013931961
26945,63.347321148937176
26946,42.37016667469163
26947,44.4037662080824
26948,48.94305410118651
26949,43.472777301850606
26950,50.69504452167432
26951,39.15169129797526
26952,47.64769419710593
26953,53.19446305646685
26954,41.225330568537196
26955,51.32341864919566
26956,52.310803723221866
26957,46.368464717206635
26958,59.12447099197843
26959,33.50363862248228
26960,52.66783031237897
26961,45.43340767199487
26962,55.40354242720947
26963,42.841813513024604
26964,49.31881601499857
26965,44.78532109231369
26966,52.66236390998679
26967,55.13861528521423
26968,45.02131658633061
26969,53.116475897589865
26970,51.286871273841044
26971,43.26031276527471
26972,49.08927490575308
26973,45.129048924613365
26974,56.52889826943804
26975,47.39857168718922
26976,47.91370406819213
26977,48.192967703111634
26978,51.77394211871681
26979,42.563073132235935
26980,41.20744525740232
26981,45.62645170699416
26982,59.88780243359189
26983,55.959566751792714
26984,43.69878726599844
26985,57.004762644525286
26986,53.064088851382905
26987,42.98307558277595
26988,44.13272529841852
26989,46.06189999704108
26990,57.75974305666088
26991,51.48275598742751
26992,56.828892482874366
26993,44.77914067437781
26994,44.68115392790735
26995,46.82044134484692
26996,58.95495916960661
26997,43.16716723473191
26998,48.94153523645968
26999,50.37259467993484
27000,44.370055792630374
27001,42.51392404923024
27002,50.545543803092116
27003,54.51348756532936
27004,45.49022915342921
27005,42.33865560275527
27006,45.19341903763107
27007,48.305981204550044
27008,50.77222220003997
27009,50.80108894096017
27010,41.00997820409728
27011,52.54256763738053
27012,55.356140910626806
27013,38.02887598790932
27014,45.51993429956261
27015,54.525159629086886
27016,44.291755874211255
27017,33.45090213129145
27018,40.313662415775305
27019,47.51740062351529
27020,49.63960245603137
27021,49.056894112113596
27022,54.760650313486664
27023,48.80186894291864
27024,45.49304206511658
27025,42.79247039578415
27026,38.98572452426739
27027,43.62469334191352
27028,39.33555388846761
27029,41.6069369216737
27030,44.03854765924217
27031,45.195726425101505
27032,33.56849029273887
27033,43.52811469082873
27034,48.84932308410019
27035,48.571037781594505
27036,51.600420470977234
27037,48.29475560159277
27038,47.76082839992731
27039,45.90747620400601
27040,53.02677260262034
27041,47.384602068624915
27042,48.31048779616221
27043,37.43286556975975
27044,48.03765650116004
27045,49.74668096659872
27046,54.976019787506594
27047,40.07524176904135
27048,46.29625587049131
27049,43.68055594292006
27050,54.74595371544828
27051,33.83665775222499
27052,51.1461749482497
27053,48.97326610027839
27054,33.64060906787749
27055,34.564538061244704
27056,48.65585072803686
27057,44.9113442380266
27058,28.948796399887605
27059,42.68090155539154
27060,48.244122570437035
27061,43.425826863342685
27062,45.0
27063,55.98919394565021
27064,47.011967680068615
27065,34.156356656597616
27066,35.69151116930997
27067,41.719917091717164
27068,51.43064918434155
27069,46.351697906493264
27070,49.78909781400118
27071,30.851355972059288
27072,48.031551113716205
27073,57.02261492568571
27074,51.39420587229266
27075,44.830400835301916
27076,46.765312076612474
27077,40.742268865726444
27078,50.830501099720685
27079,54.07752965123369
27080,44.914630742809784
27081,41.817911095513054
27082,41.81751537171804
27083,61.08626908797582
27084,48.70535357124345
27085,51.06207755802046
27086,50.30495622351576
27087,45.363858696644634
27088,55.644907086691795
27089,33.68407601901346
27090,45.76946580631663
27091,47.35876102817449
27092,45.13691519669828
27093,50.75752343410549
27094,49.38612985241015
27095,48.18629938205157
27096,49.55152164989198
27097,40.310741976745746
27098,49.058846198001206
27099,54.652818644953086
27100,51.04257158979705
27101,46.76104245417749
27102,48.224786691711095
27103,35.52723961232628
27104,42.462742214292334
27105,50.27484006275602
27106,43.744755348472985
27107,49.605931009153466
27108,49.23021583640205
27109,39.39405989764192
27110,37.633068462119965
27111,38.331413005327235
27112,44.50640117706611
27113,43.440216787769145
27114,51.13856737103074
27115,43.75275244610771
27116,44.22057413274573
27117,45.42965142598313
27118,45.17545827610002
27119,46.794731137057454
27120,49.56874901843854
27121,50.65208883877773
27122,56.96358569391085
27123,38.89131116313614
27124,40.75991117078067
27125,38.938791449955836
27126,42.43591770316977
27127,49.087288818688485
27128,44.28743996640365
27129,41.68162605416107
27130,51.55950213071355
27131,52.52589429452518
27132,44.651504353858336
27133,43.09014271886348
27134,51.36398359212405
27135,48.33149363065865
27136,46.55562914485542
27137,47.921649526590414
27138,42.04032574436796
27139,50.66866910996316
27140,51.28066613232904
27141,46.943885593833876
27142,47.92453337679398
27143,54.973935971007876
27144,51.27739835612939
27145,42.920644362252936
27146,40.77270744544233
27147,49.24961466204245
27148,42.857089948221095
27149,57.03003878925193
27150,45.82149003066729
27151,41.78632616334632
27152,47.10346743277173
27153,38.0
27154,49.016876762634716
27155,53.35622445521686
27156,56.16704034714853
27157,53.69425386747008
27158,49.46492239224818
27159,56.21033775232589
27160,51.01778944187015
27161,45.104757355931824
27162,49.87485465894807
27163,48.48408443083197
27164,53.105612407804756
27165,45.999970254304344
27166,54.06722075528096
27167,51.69439029591452
27168,44.72827696143594
27169,43.610251679970126
27170,55.897151629898175
27171,55.72021095589097
27172,46.09589594194179
27173,56.566040782483675
27174,57.10622651304984
27175,48.71295917313606
27176,91.0
27177,46.25978493288786
27178,44.49158354232827
27179,47.724785973197626
27180,43.21483481371351
27181,48.86235284313906
27182,51.08851330699568
27183,43.200425873303665
27184,47.052899739059754
27185,54.998304635737924
27186,46.15620664707016
27187,48.779466675723185
27188,48.5690712746017
27189,45.77245922822494
27190,48.648513965280436
27191,50.293820459764625
27192,57.63877734511295
27193,44.707771481343386
27194,65.0
27195,43.30772232251721
27196,48.458936348533896
27197,37.63818168291492
27198,58.634813403822754
27199,56.47203784696173
27200,49.276598457613794
27201,38.080475440979434
27202,45.14950057739459
27203,50.074305627208744
27204,45.572647451640194
27205,45.56559394259445
27206,43.44969995081239
27207,50.00521461887284
27208,56.50936824682084
27209,45.64806085224211
27210,50.98893946335034
27211,54.405035485068076
27212,42.16230261265084
27213,45.34578153777416
27214,43.00883705036964
27215,43.30501413301891
27216,60.0
27217,68.0
27218,49.51138547612791
27219,65.0
27220,53.856676974057685
27221,52.07857564411478
27222,57.88827078024601
27223,88.0
27224,54.0
27225,44.66944791826696
27226,50.43905120086891
27227,49.717003999136004
27228,40.99455560132238
27229,54.822264741517145
27230,50.92902011467524
27231,86.0
27232,48.58574204699739
27233,48.575144855516044
27234,57.180270004277254
27235,56.03340219648066
27236,45.41757381045025
27237,65.0
27238,47.30917912351538
27239,55.300520351742215
27240,43.25960453559079
27241,51.380318216989515
27242,50.6792393811125
27243,56.43367351117439
27244,57.05282185802962
27245,43.35959046910748
27246,50.91366077257347
27247,53.47239752548237
27248,82.0
27249,52.63130467049131
27250,57.97148481472851
27251,52.357395652946636
27252,70.0
27253,53.907770920986366
27254,51.47589915299284
27255,48.271612950759035
27256,55.71498682732187
27257,51.54373124722741
27258,63.0
27259,48.81630412701782
27260,56.13412980509175
27261,75.0
27262,55.00220941422789
27263,54.0376835430336
27264,50.6817539809775
27265,53.314764989331195
27266,51.83631970440754
27267,83.0
27268,57.84364095557587
27269,51.30202987844062
27270,53.60658051613861
27271,46.448237366093835
27272,54.88555743663565
27273,50.220403390265105
27274,53.78965509772353
27275,57.07065707117416
27276,53.270964129048174
27277,25.0
27278,29.191847784137646
27279,44.886241693735364
27280,32.0
27281,46.56406779218446
27282,45.386237939598
27283,55.188317220094426
27284,49.72959693160481
27285,44.23390197137934
27286,42.556970162699095
27287,46.494684095802334
27288,41.0
27289,54.61392892369125
27290,47.219273162118725
27291,58.44976230603704
27292,50.94533509326518
27293,52.70773641067324
27294,51.06418803190554
27295,43.0
27296,37.19824515205033
27297,47.59510538261953
27298,54.17449205122021
27299,52.7357241856522
27300,44.0
27301,53.33129773094875
27302,44.58932873262258
27303,54.69541797536217
27304,38.0
27305,34.0
27306,55.043786625366664
27307,47.70282405317569
27308,60.44485956486012
27309,55.36484198590173
27310,54.837649424866186
27311,58.76498927469776
27312,63.77155489706434
27313,57.49990860684519
27314,38.0
27315,52.50738697745717
27316,52.60363690037864
27317,42.75236844828996
27318,56.896711073366006
27319,54.07867636732694
27320,59.70809240458404
27321,56.58480682096979
27322,46.730288100847744
27323,54.62582435785659
27324,56.34101395533623
27325,51.259120635083164
27326,54.960229710160256
27327,54.47013171098235
27328,53.11654230167432
27329,57.81784923517811
27330,45.493519491536965
27331,46.094620971766
27332,57.39846996514683
27333,60.75989752855755
27334,30.18053090268634
27335,39.84485524732652
27336,36.8112322098226
27337,53.93644822465885
27338,44.49103800334925
27339,37.91584093271327
27340,43.55482448259052
27341,41.60149472514955
27342,41.87177498486749
27343,52.51590767034369
27344,52.064136226067085
27345,35.37499922053158
27346,47.670148843862
27347,40.09216577810742
27348,33.66699171918224
27349,48.31544698277451
27350,59.03885155440508
27351,48.25374911321316
27352,30.667683393127312
27353,34.90176716446526
27354,44.55659744123851
27355,39.41774223594599
27356,63.229983156526664
27357,59.60004119106247
27358,54.78899191166666
27359,48.029181343920946
27360,38.719927082597955
27361,52.176626438982126
27362,55.64624161488929
27363,35.440182253565006
27364,60.83537005833765
27365,47.529549003058946
27366,42.31199264036336
27367,39.87716867818387
27368,41.79133758742384
27369,39.56344721709841
27370,35.65428943393731
27371,45.056585930696535
27372,37.64155259711573
27373,44.06785129114584
27374,50.21473664474873
27375,39.88259818671212
27376,50.71276167937787
27377,42.65971845683299
27378,45.04442136463603
27379,35.36282731989523
27380,45.91194746877689
27381,44.5732237679785
27382,49.185378416287925
27383,40.255346048684494
27384,62.442778488606336
27385,58.88067211848947
27386,35.17291459266705
27387,30.2561422564736
27388,47.87139478799619
27389,50.49530198165733
27390,49.176201299696444
27391,49.45553878055277
27392,39.99296377908925
27393,40.05037852857955
27394,44.45284487599233
27395,56.18222680141076
27396,57.37895244392424
27397,31.283940221909642
27398,30.18001819509457
27399,32.303453732346206
27400,38.03802062215728
27401,34.935130057573204
27402,31.45627729229452
27403,64.15548815582606
27404,41.54636089103047
27405,35.528396842041026
27406,38.6975070508455
27407,53.667558402867854
27408,31.710602119972364
27409,38.79856986353965
27410,38.798194025095306
27411,46.393906903895825
27412,59.79844527998022
27413,48.64524567376889
27414,49.12921764990432
27415,42.71103370227284
27416,46.085072851423284
27417,37.233534785283005
27418,46.28188250326801
27419,47.56026611436874
27420,43.304780637390984
27421,47.69890394264127
27422,40.146299537940706
27423,47.419990665701604
27424,41.4605950838328
27425,49.176201299696444
27426,45.40891282078684
27427,48.46732563038007
27428,45.77723133284961
27429,50.17567461533481
27430,43.14241853651618
27431,47.53970312559341
27432,46.43486513626334
27433,49.87910037976375
27434,37.80104760533371
27435,42.425232494951224
27436,47.57454809069054
27437,45.90005144847662
27438,39.52877681312084
27439,49.43757091888257
27440,43.47900384890632
27441,50.50624055919288
27442,41.43233110200149
27443,44.22337744698076
27444,41.77908467445329
27445,44.49103800334925
27446,42.68563198923062
27447,36.51616880349564
27448,41.70618141147986
27449,47.13158877244198
27450,31.811686267377272
27451,42.085987833688044
27452,43.71695514678985
27453,34.497446797897176
27454,43.176778794253934
27455,34.5245426113712
27456,47.834408311293785
27457,42.60516481820086
27458,43.69645443090608
27459,31.24151861272351
27460,42.296952932296065
27461,39.74039502517321
27462,37.10294433067377
27463,35.90282941075778
27464,41.24917062405561
27465,51.11549934916068
27466,35.91239330063776
27467,45.375218759472936
27468,43.07561513171858
27469,43.09620975241581
27470,43.845870982764644
27471,45.5833278133418
27472,40.23031410047836
27473,34.65900951192464
27474,40.35546764306453
27475,37.74841028369621
27476,43.709509393206794
27477,31.63554484647873
27478,42.08688536824718
27479,56.0
27480,40.88223591054251
27481,49.84182755286482
27482,41.61954576815716
27483,49.78986627945574
27484,47.596567913305186
27485,53.103678910728135
27486,45.42842780136258
27487,41.50556504174089
27488,42.33839394230598
27489,54.91034144838258
27490,52.05825221778706
27491,50.07226629655209
27492,41.69359569701737
27493,51.707388587000494
27494,44.15773468741399
27495,50.37710918379592
27496,42.10324451448501
27497,54.575511651791906
27498,52.66787954697552
27499,42.326671923837246
27500,47.743009862301484
27501,43.09920238719878
27502,54.56960472731871
27503,52.147824019508306
27504,37.07436119462268
27505,44.711902843263736
27506,43.79341414664201
27507,53.07754278164516
27508,42.92867328941055
27509,57.49162238222005
27510,42.10039187364961
27511,44.18474536592264
27512,55.79749946800397
27513,50.95102996355172
27514,41.905340812644695
27515,47.730739787654926
27516,48.64982405233485
27517,44.16305349355072
27518,55.63118085014314
27519,45.42167045758742
27520,46.19770888541767
27521,47.7543969271717
27522,46.47904755191769
27523,43.423217620534594
27524,49.75789249268822
27525,50.09346204978392
27526,42.16978604638982
27527,58.655295380900604
27528,54.200118346200625
27529,56.62624983380393
27530,56.91076463500789
27531,51.67388911235509
27532,47.548324509934446
27533,52.59014238212431
27534,42.137280126139466
27535,44.030142218647875
27536,55.97352531321977
27537,46.53022346339369
27538,55.42617150731678
27539,50.94929736263541
27540,51.218318834501765
27541,49.68594397778577
27542,47.21016274522562
27543,49.87200595694004
27544,48.31065164426713
27545,52.743773014771854
27546,54.77685011212739
27547,54.78977707288211
27548,70.0
27549,57.38181555774861
27550,45.85258974542259
27551,61.147879767637946
27552,50.198312601056294
27553,48.313247398255484
27554,52.297093355595294
27555,49.11915309190566
27556,53.0
27557,50.0
27558,62.06589361384214
27559,53.80088652501077
27560,70.0
27561,48.0
27562,49.0
27563,54.875421990107284
27564,55.459461330636955
27565,51.86574731746352
27566,56.0
27567,49.88739142367963
27568,55.813086059816584
27569,39.0
27570,47.0
27571,71.0
27572,54.217179286426635
27573,66.0
27574,58.11433363258257
27575,53.93613174717467
27576,55.08423763485867
27577,63.0
27578,69.0
27579,51.76564474686338
27580,66.0
27581,75.0
27582,51.96575869900333
27583,52.093887939134135
27584,56.68460143566593
27585,80.0
27586,67.0
27587,52.68569392236569
27588,61.018174023657416
27589,56.25632524915392
27590,58.18092494985999
27591,43.0
27592,63.0
27593,68.0
27594,55.566090695367514
27595,54.55597293936614
27596,59.10288091770716
27597,71.0
27598,52.477909005250915
27599,49.33815617281698
27600,56.15061797311973
27601,50.45018400830985
27602,53.93385146674967
27603,72.0
27604,49.17153422338725
27605,45.000049461730185
27606,77.0
27607,46.96224211255162
27608,54.00551209183378
27609,48.42426467877413
27610,50.863473244997664
27611,48.65530455197467
27612,48.66249560878248
27613,50.0
27614,53.89307671450565
27615,47.44772646084805
27616,51.673280153454
27617,48.340993788652916
27618,49.91654651551601
27619,48.67192523881178
27620,51.532520030214855
27621,48.26145305010253
27622,49.349842565556614
27623,48.52667876498818
27624,45.53981598234627
27625,62.0
27626,49.06683636126294
27627,45.190158891129066
27628,41.38375488492174
27629,44.12167434184786
27630,41.31504082361009
27631,39.07966694501976
27632,66.0
27633,44.839859922024644
27634,42.8440118539764
27635,45.41057876395002
27636,55.0
27637,45.28848265984949
27638,40.17381503960543
27639,47.65995784844771
27640,42.417204269404714
27641,68.0
27642,45.680780649656874
27643,48.969025479896004
27644,47.057814723877925
27645,44.30210118362691
27646,43.957329062348094
27647,48.1099600038919
27648,46.63517899084883
27649,43.578657540271394
27650,29.27135346679947
27651,26.829434707885795
27652,31.73329183633372
27653,27.390926521181484
27654,43.105610862492675
27655,36.97841674235885
27656,0.0
27657,30.053299946121157
27658,43.14097699493265
27659,27.120285128334103
27660,38.96757000242316
27661,36.85271411197044
27662,35.9281597359655
27663,28.300486167767865
27664,41.9195782304051
27665,41.648957568972754
27666,41.890342100079636
27667,26.535346667456658
27668,32.672087967777486
27669,32.83079532895436
27670,39.025426903301366
27671,64.0
27672,37.203565224378984
27673,29.075369794599954
27674,26.794858118767614
27675,40.21148137984319
27676,27.48974371189134
27677,36.13422302698139
27678,30.00682462851251
27679,38.20702647126905
27680,41.76440946164135
27681,41.78230448623271
27682,45.83421532852596
27683,33.601809359194206
27684,22.0
27685,50.98259030180246
27686,41.732805941442535
27687,57.0
27688,35.70948294588634
27689,31.99868152612453
27690,43.41508066810918
27691,41.44584431965117
27692,36.28439888693915
27693,32.87655634132525
27694,2.0
27695,39.03841473385667
27696,38.32095705394262
27697,39.63805995478577
27698,42.889910911254994
27699,80.0
27700,30.482670069782248
27701,35.165722617932964
27702,34.31660470928757
27703,37.230083792621805
27704,41.290483663817064
27705,32.76332176829254
27706,35.3808979084801
27707,42.077953485312726
27708,17.882082863180077
27709,31.273704340042805
27710,43.16840836828435
27711,33.30129004176948
27712,36.101291633465635
27713,31.586097719908803
27714,38.77649189990799
27715,50.73234948476416
27716,42.02037206712732
27717,31.50215108171264
27718,38.25585586623737
27719,40.42640609985174
27720,42.03232773569974
27721,77.0
27722,33.349488147311824
27723,41.919502896730236
27724,36.19693490822356
27725,34.103966094330126
27726,27.954176344035716
27727,39.01014604836919
27728,33.89175692091845
27729,46.10263472751403
27730,37.01903502559759
27731,44.660184613902786
27732,47.99531365539487
27733,37.58791717268174
27734,43.31795424386707
27735,42.421570067100646
27736,47.96696674579439
27737,41.42340221916204
27738,34.37597832620844
27739,43.984138048605686
27740,48.62647639166095
27741,46.61776711386621
27742,45.609611236241896
27743,46.41433936978463
27744,44.043203821773695
27745,49.13393932056014
27746,36.40258610828972
27747,45.350084085489016
27748,46.54306024249598
27749,44.1435101451652
27750,45.402452394364055
27751,61.0
27752,63.0
27753,47.759290859738876
27754,54.162512014565024
27755,52.82808597781902
27756,55.8258532037686
27757,56.606210577529154
27758,52.499273095332356
27759,50.54495193996419
27760,47.423828168041354
27761,46.13086709182494
27762,33.298614271250706
27763,34.633661092217295
27764,50.06100673346459
27765,41.96302307506341
27766,42.15872877392168
27767,52.0
27768,48.82610136108059
27769,37.02351782502818
27770,37.74383351960079
27771,46.21985746871131
27772,39.98038633207736
27773,45.97271211527017
27774,57.94450967445668
27775,49.514612901656534
27776,48.74259160600166
27777,47.05646424607795
27778,49.288137772946676
27779,56.200928439243135
27780,2.0
27781,50.10543930152823
27782,55.886292903538546
27783,46.297206000637935
27784,42.09675927273737
27785,39.66416844822469
27786,39.483512135279085
27787,43.97056945882705
27788,53.380263184375394
27789,42.778342362060826
27790,40.92267379215931
27791,51.59683481964216
27792,38.63617810316557
27793,36.101291633465635
27794,38.415889036380776
27795,41.17284948992317
27796,42.607909241492244
27797,48.85293729122829
27798,45.153081596667
27799,47.71957192179257
27800,38.0580719040312
27801,37.71162353527681
27802,40.20255247240372
27803,40.393040872699444
27804,43.93051945485461
27805,41.050768150476635
27806,60.58451099449365
27807,58.93638435084421
27808,49.91392051132777
27809,42.85416218037444
27810,43.251710995933266
27811,43.59861327219919
27812,43.84531990566332
27813,48.0851209583587
27814,41.38429927160027
27815,42.06435738928296
27816,40.99029334492309
27817,42.39424976460908
27818,40.593719187356555
27819,46.87912872292227
27820,45.7265623699797
27821,40.79905208654475
27822,56.993408789057156
27823,60.05336405340149
27824,42.652799243301345
27825,47.39957756297823
27826,42.329968603968894
27827,48.82168973083392
27828,53.073255257468524
27829,49.370007486767165
27830,54.90999649027587
27831,49.43710658682626
27832,56.56174946790976
27833,54.419681508867335
27834,52.34229339187516
27835,52.363858023847435
27836,48.11382731975956
27837,44.256560833850976
27838,54.85679352483322
27839,58.730152750058735
27840,56.0169061561602
27841,49.58315107008316
27842,43.81876587034716
27843,55.18245778948022
27844,50.55179187665216
27845,43.07351553596305
27846,50.18476753025942
27847,41.512225633340286
27848,54.88003439518662
27849,43.48279721312211
27850,55.35782054114878
27851,43.217773845814975
27852,48.9681712928504
27853,52.97978258206076
27854,41.7281583114078
27855,53.847902231639104
27856,52.34286380631934
27857,51.18682311759694
27858,51.30818063289838
27859,59.91034445444757
27860,51.12699314675008
27861,49.811474515882075
27862,48.822871971183154
27863,56.14075943153629
27864,43.57506614936521
27865,44.91621283994077
27866,48.95276479689016
27867,68.66666666666667
27868,56.20092010147658
27869,51.00635316720306
27870,51.29653031712778
27871,44.232047217099144
27872,51.43879098777362
27873,56.358648884114956
27874,47.22928123030707
27875,42.62101481887452
27876,31.57620982733636
27877,50.313291194814376
27878,28.34767824121463
27879,37.93273675193257
27880,43.982054870634165
27881,44.135789458985876
27882,36.59791738500047
27883,29.751196922683473
27884,34.47759103083235
27885,35.17581096001147
27886,36.39407271864853
27887,36.40936689434065
27888,35.6950188459184
27889,39.088207464897515
27890,38.58085902431467
27891,35.5021311816545
27892,33.229850221491354
27893,38.04602544757784
27894,42.724768722857625
27895,42.95195764768675
27896,36.191480241394004
27897,36.007974070062374
27898,37.74341988808019
27899,33.64010852706189
27900,52.62692879719058
27901,34.704795498913796
27902,33.94714186141121
27903,44.909538584634916
27904,46.90233940001835
27905,36.52276018892433
27906,36.89877718715602
27907,33.90921232904356
27908,37.28045526473514
27909,43.558104076289695
27910,43.132553289628476
27911,43.694767687849044
27912,37.1524504514881
27913,38.99507003910528
27914,45.29927406868296
27915,35.821187926613106
27916,32.51830359070809
27917,47.14335730484062
27918,37.96674288892035
27919,33.95833357276345
27920,45.28258247491996
27921,41.774035268679704
27922,36.152249124475844
27923,36.285085713049206
27924,41.832124448156684
27925,35.31481936022277
27926,35.142909373992424
27927,26.977938702779888
27928,34.54778133781091
27929,29.582889239360707
27930,32.790069418926436
27931,47.886830794776735
27932,41.541305938081344
27933,38.35111014873371
27934,50.1677832961342
27935,35.963907805321575
27936,37.7306232956243
27937,43.059948117898784
27938,38.43748270362347
27939,33.97024111037024
27940,63.0
27941,41.000524964584
27942,28.048301821443104
27943,30.980308669080525
27944,45.29204911155182
27945,29.852003400972908
27946,36.803173137208034
27947,38.95441298652201
27948,35.988014074625944
27949,49.9885811110189
27950,52.11115211817425
27951,51.944433249930256
27952,49.966330575195464
27953,38.433957232228416
27954,44.77421097807476
27955,45.1786543309512
27956,28.21869182982614
27957,34.943789849445345
27958,35.51717497883189
27959,59.636627045490286
27960,51.5964292493228
27961,34.377450202635075
27962,45.707214803849
27963,45.53591061751422
27964,45.56397757677121
27965,22.110435744148383
27966,43.7719182904098
27967,72.0
27968,31.69945788875871
27969,29.366159374666463
27970,40.25283116531014
27971,5.0
27972,27.250716898763976
27973,26.79618236935099
27974,44.0676577159765
27975,43.29349196627097
27976,26.72066644527317
27977,0.0
27978,28.400303405321345
27979,26.635178544708708
27980,28.29309675730662
27981,42.4557554183476
27982,42.39502040165689
27983,30.580663163529934
27984,31.17508371220166
27985,50.156411676563536
27986,2.0
27987,44.7423935218419
27988,29.261141533241762
27989,27.719290526260984
27990,41.37053202665019
27991,32.12457015283829
27992,27.122891472890423
27993,29.80771957029615
27994,26.90185797771978
27995,37.51552606805974
27996,40.393040872699444
27997,38.94480581650891
27998,48.645839687957825
27999,25.442309992612348
28000,48.07443880675073
28001,54.0
28002,33.873756556693984
28003,42.56282686549725
28004,31.072934036239328
28005,29.56036384288482
28006,26.109284284604136
28007,29.467816222591217
28008,42.67298032603422
28009,32.59308357043645
28010,28.002224487048316
28011,30.05054679198554
28012,27.26937145121031
28013,32.79132989597562
28014,44.238885055996114
28015,39.597646906745766
28016,42.81791396752849
28017,35.779879906604286
28018,38.46704576854817
28019,39.9476339088068
28020,47.78095764647709
28021,29.161905531828022
28022,37.99035996571005
28023,35.372916021185645
28024,25.09789555878671
28025,39.12342666497554
28026,48.4806542508068
28027,26.26747916663959
28028,28.912625616102567
28029,28.777402050307558
28030,38.7098057274593
28031,35.821317701689004
28032,41.220627480141566
28033,41.742456164195545
28034,32.09862916020587
28035,38.503332436603564
28036,44.11608282055181
28037,45.31737277168066
28038,48.665836529363766
28039,42.47606434352372
28040,26.605877999411074
28041,48.65283454530061
28042,33.66367091716759
28043,41.18571240484447
28044,41.490205230671364
28045,46.61073287683687
28046,45.90943627879494
28047,29.73114956219414
28048,27.06193519581148
28049,47.997378194632
28050,52.67647105748352
28051,42.69387174167058
28052,43.756365364112604
28053,48.646822405611395
28054,47.0
28055,44.17555455260948
28056,26.762448644863387
28057,29.21839151354974
28058,46.45761752945641
28059,58.9717413023395
28060,56.939469247094486
28061,54.01991809853785
28062,56.91471117198155
28063,46.4570566670815
28064,52.6303050310738
28065,55.08711857237434
28066,54.837420956055325
28067,61.80779946923262
28068,43.749437742011594
28069,56.991844635574786
28070,52.36623294784817
28071,52.46754452556757
28072,42.90508479727963
28073,52.838391946497566
28074,51.7199576211337
28075,48.90327799766918
28076,53.3294139559281
28077,48.52251787391057
28078,50.313291194814376
28079,59.399799316893535
28080,61.09815735696053
28081,50.58624105082211
28082,44.66944791826696
28083,51.14842511887885
28084,62.52576813671386
28085,56.37281886857681
28086,57.47837883466122
28087,59.76287519773306
28088,55.30170576506966
28089,54.85628196274973
28090,72.0
28091,55.4402014851043
28092,44.527167103166555
28093,53.52827675477708
28094,44.76637318864337
28095,62.67177904009752
28096,51.26718778773598
28097,54.27681676695123
28098,40.761477597444895
28099,54.70167759730125
28100,52.138503467691116
28101,49.385645033621664
28102,48.747195793045556
28103,37.0
28104,38.689780181726455
28105,42.75175626812476
28106,33.884156772787264
28107,35.94310331011197
28108,36.489945874962466
28109,46.544144294712034
28110,33.11431882083487
28111,48.626120564925166
28112,35.97042200429983
28113,44.918768813182986
28114,39.34035165023177
28115,35.54395456873414
28116,36.91594964757898
28117,42.1725201412945
28118,34.386795897315324
28119,34.66625450407623
28120,45.824480837933805
28121,46.844521160224645
28122,46.031245317801854
28123,36.47836277694002
28124,47.16546835591798
28125,38.56052737807241
28126,45.8301452163197
28127,37.065593847019
28128,35.23726578620342
28129,35.98728182599967
28130,33.40270817893885
28131,34.215498776207575
28132,41.15103830225809
28133,37.748949777721094
28134,35.62347278783792
28135,40.80179767501955
28136,50.47857623589098
28137,37.743880476938216
28138,37.858458406866866
28139,38.36423360897291
28140,41.60076754162011
28141,49.52202076516314
28142,36.488378603378045
28143,37.55257712264244
28144,35.11578351008499
28145,36.26343872620644
28146,35.51889869217071
28147,34.43545305295195
28148,35.77168567003119
28149,41.04002139521533
28150,34.24407250379071
28151,37.14484596802293
28152,46.91247121180957
28153,36.586560086167616
28154,51.281059524807475
28155,36.524833059044404
28156,41.377038547864736
28157,37.165301204614
28158,36.035837934427626
28159,36.99341806547666
28160,45.38099036059459
28161,34.67674447162238
28162,38.74055145562882
28163,41.01374563731558
28164,38.12271189642168
28165,47.670477990377876
28166,42.009049331066244
28167,34.132517773055945
28168,30.98631408875534
28169,40.697674568298915
28170,49.8013853110216
28171,55.93700047481752
28172,45.26292834480667
28173,47.32200834865572
28174,52.37241172418507
28175,49.53995710819763
28176,49.3304232062614
28177,48.00449891165669
28178,43.718825878255636
28179,45.25517295560687
28180,48.03487532479686
28181,45.43162448247837
28182,46.464955255495006
28183,43.33989224222301
28184,44.54225685731803
28185,43.693583062792726
28186,44.24059724075672
28187,45.35961046373191
28188,41.58865976626514
28189,53.50782598108282
28190,53.20657549863739
28191,45.23994233647794
28192,43.64322502100587
28193,42.58056727262582
28194,44.643785763122075
28195,42.42264867915611
28196,42.5455664042809
28197,44.44514978729586
28198,43.56935631688166
28199,44.28426276207456
28200,43.570689552864074
28201,43.86225989924945
28202,43.45897225059843
28203,43.93393884417921
28204,42.19128024017275
28205,39.89586154215401
28206,50.43968140640364
28207,39.375765855038786
28208,46.356278973083036
28209,64.0
28210,40.59440200101988
28211,36.049891993964145
28212,45.360427781211186
28213,45.55972115971202
28214,43.307248826398464
28215,39.11309001116621
28216,34.07915280260058
28217,51.170900892696864
28218,48.88187983420491
28219,45.33471400555812
28220,40.339714186585816
28221,47.762365208378995
28222,72.0
28223,38.876392742916224
28224,39.29015167103535
28225,46.22391480075217
28226,37.26930820299671
28227,46.02881244079531
28228,46.277086203554646
28229,38.71078331569759
28230,43.672180053503986
28231,30.501304633100634
28232,33.93219229938056
28233,48.92096752274172
28234,49.162960116841276
28235,84.0
28236,45.50575183024564
28237,44.65850752310186
28238,46.725284516112694
28239,37.0964901377249
28240,45.71981814349292
28241,46.74058318911435
28242,34.725719421877216
28243,46.17318466368288
28244,39.63468283932066
28245,47.32459954619884
28246,40.32863451830035
28247,45.0298946308943
28248,50.65655034064489
28249,51.30321656046398
28250,42.989682902409136
28251,35.444225208388126
28252,42.85734321619709
28253,47.48462738471867
28254,43.649977359915134
28255,47.581950803060366
28256,48.07718981249747
28257,46.94296600314084
28258,34.20116994830137
28259,52.86391546377763
28260,46.468311036328195
28261,48.72333445861174
28262,39.742381521839896
28263,43.59139752641828
28264,46.22619850289242
28265,46.45149461300219
28266,45.56052065939531
28267,50.05368664967616
28268,50.28173351886083
28269,48.53806432071919
28270,36.8462330695435
28271,29.801299970233334
28272,46.17712190777525
28273,48.90881562047417
28274,46.636171839674965
28275,45.488172411450904
28276,40.04895134003695
28277,54.265477341941
28278,48.73521606966694
28279,34.654746317351055
28280,48.50028391961336
28281,46.42253640090392
28282,39.094455892775414
28283,46.16918824630159
28284,45.0314052229308
28285,40.10837930965468
28286,46.834453073162464
28287,38.373636942458035
28288,38.36834725478406
28289,52.59118487862013
28290,45.000394877615705
28291,48.02214221451489
28292,44.069802644982275
28293,47.16562373802025
28294,48.66023536732184
28295,42.64341457012971
28296,49.50736796709025
28297,40.36898330951663
28298,39.4602612242506
28299,46.846430776823844
28300,53.5108781278822
28301,48.89041016391067
28302,72.0
28303,50.503781169229576
28304,49.10392831339448
28305,45.73105465313693
28306,45.584268579148535
28307,47.13023583315508
28308,47.16455688503305
28309,41.35883137982585
28310,50.89732173803935
28311,55.13586227072388
28312,59.2832731555544
28313,47.48678555725205
28314,48.995271597612735
28315,54.60673790721
28316,44.045762701049156
28317,47.95037442615037
28318,50.95205860700385
28319,45.47101262474949
28320,37.0
28321,56.860266591436165
28322,52.59014238212431
28323,63.142445210761686
28324,55.92720277045361
28325,53.974414425586176
28326,42.254751618501736
28327,48.95876068352936
28328,59.43389053738466
28329,43.332702514479244
28330,49.029943191901296
28331,41.942683568667576
28332,47.38164969609327
28333,42.90699559929432
28334,50.89231281024907
28335,41.334315141884375
28336,50.70230026383573
28337,53.30102391580264
28338,53.4182695730261
28339,45.40411679436077
28340,50.40417898923802
28341,41.54227023510738
28342,52.69152629061664
28343,55.662119682710305
28344,49.713689513921096
28345,53.418466156778685
28346,49.268505936566534
28347,48.64292236143433
28348,44.02385112579553
28349,44.92902414921132
28350,52.3074388598265
28351,48.08780434180045
28352,54.24262085762917
28353,47.167414691663204
28354,44.485113866829856
28355,42.46399561414806
28356,56.2747001946368
28357,42.90918435987343
28358,49.21498461286925
28359,43.398104014236885
28360,45.157493456628316
28361,54.6352195205006
28362,55.22809518110659
28363,51.10135610913408
28364,49.133262286333235
28365,48.39118362865977
28366,48.850848426522184
28367,51.97811828315532
28368,53.17312041244934
28369,46.94248113712982
28370,44.07287246799617
28371,53.287419904523645
28372,50.754176084483426
28373,47.81799407494817
28374,53.50730618059446
28375,47.808392691502
28376,53.88390883416564
28377,52.67255747312528
28378,48.169433967687155
28379,42.281800242430826
28380,53.63040880760749
28381,51.5287482506848
28382,52.551038328380145
28383,42.150057274634854
28384,50.2447934913273
28385,60.14677185418852
28386,46.52127772498759
28387,43.042867208841976
28388,46.75391150093176
28389,46.95627063412029
28390,44.45215080458131
28391,50.578968914381804
28392,47.7569226228854
28393,46.49628728854875
28394,50.78233053540835
28395,43.79059402923166
28396,40.076937912385304
28397,40.95862084678765
28398,48.57697535645413
28399,51.03259709718625
28400,46.129930575413816
28401,44.876194511432814
28402,40.526654100912985
28403,46.496786949703896
28404,27.11875186913997
28405,45.77057795924253
28406,51.020407184276685
28407,44.24170198897536
28408,46.80478741547094
28409,33.298614271250706
28410,47.055332386627654
28411,33.84110514338767
28412,38.876392742916224
28413,35.056298603602514
28414,37.25571921892792
28415,54.01585709520815
28416,32.255617644681976
28417,49.64410150704358
28418,37.13596046097905
28419,47.12757564792205
28420,50.02371412348513
28421,30.586150215137522
28422,36.56358788697976
28423,34.300387933741455
28424,41.48732140994637
28425,39.23856588376809
28426,47.8441055468216
28427,31.766932440337456
28428,46.21246963956677
28429,39.39416572764461
28430,41.648957568972754
28431,34.49347045983238
28432,31.145148820076184
28433,46.68286769911135
28434,48.20345901767876
28435,52.93488107319645
28436,49.98247701445783
28437,48.373510737715115
28438,51.02442743693711
28439,48.82595222318512
28440,49.626966539362535
28441,50.65351118475402
28442,41.08215229108553
28443,53.72635533859577
28444,56.74944659603078
28445,52.68794675203291
28446,50.45266078187878
28447,41.88672736106979
28448,50.512624298785695
28449,50.43686525010277
28450,47.79981703552145
28451,48.150515723836136
28452,42.672885905020216
28453,45.785260741742135
28454,41.52292306253706
28455,51.375409497652235
28456,52.53187139143164
28457,50.74616999274619
28458,40.27166344191417
28459,50.25483126912711
28460,44.806159069504616
28461,53.71072873541627
28462,48.246557720485185
28463,42.41331505123513
28464,51.75594353215556
28465,50.13384563498822
28466,41.07908264899305
28467,48.317429464498844
28468,52.40517954210646
28469,41.9131012662572
28470,36.162337506860915
28471,39.403744718177656
28472,32.121238865299865
28473,34.393369491038776
28474,37.190066080342845
28475,40.663245653892815
28476,30.507151637002107
28477,31.95633304398446
28478,39.21380442452096
28479,39.282734973850395
28480,32.04417162386106
28481,26.425086100578895
28482,39.73495081698668
28483,33.230920264101776
28484,40.873080158360146
28485,30.588449481954882
28486,30.776807076113993
28487,46.049493536894495
28488,26.426707593218556
28489,27.973785904847706
28490,45.18322080794096
28491,50.86043225688232
28492,37.7674437690924
28493,38.87241908240878
28494,38.23817939424662
28495,45.110503807934236
28496,36.97424847351466
28497,64.0
28498,2.0
28499,32.71903874486882
28500,32.83079532895436
28501,38.96710431278731
28502,43.14097699493265
28503,28.548755846909483
28504,30.012174923292193
28505,28.986027553534587
28506,27.954176344035716
28507,31.30461877988336
28508,29.88612390474809
28509,35.20162938173686
28510,65.0
28511,44.585401750244
28512,39.28748992806674
28513,40.84945573492407
28514,43.802791494464905
28515,26.535346667456658
28516,42.699353086866424
28517,40.78675560995967
28518,29.628756712016646
28519,34.14038649889394
28520,27.503762310909682
28521,45.673795144294715
28522,43.7719182904098
28523,42.275476104977734
28524,60.0
28525,38.23082080156931
28526,40.654104458717526
28527,43.09527020213179
28528,47.759290859738876
28529,37.91332522377538
28530,41.95578401951792
28531,41.874029855181114
28532,38.205960017102136
28533,41.458141744918166
28534,33.84110514338767
28535,38.428702522567086
28536,38.751308508824415
28537,29.467816222591217
28538,38.273586594586995
28539,39.28968570022126
28540,37.216289034020186
28541,39.176770578297315
28542,35.26741055255653
28543,40.09503148103807
28544,37.14791725418359
28545,43.53610803285427
28546,37.99396512708818
28547,38.053457353910154
28548,29.27135346679947
28549,27.120285128334103
28550,2.0
28551,42.67298032603422
28552,34.80888960125512
28553,40.44643498078249
28554,35.477273218853206
28555,35.06022370798936
28556,34.05286913860711
28557,24.713064853637
28558,46.21246963956677
28559,41.648957568972754
28560,36.995742759939056
28561,30.166909922101585
28562,43.65540600047446
28563,40.47216288066237
28564,37.23668511979388
28565,40.98307881444704
28566,35.83419337117395
28567,33.301374696815245
28568,39.24367172322139
28569,51.058328589484866
28570,54.276958269364854
28571,54.59134502976613
28572,68.0
28573,43.09920238719878
28574,42.10039187364961
28575,63.347321148937176
28576,52.97978258206076
28577,52.477909005250915
28578,76.0
28579,43.998515288921325
28580,59.7260135059518
28581,49.98241899783162
28582,45.486430704131415
28583,42.48666989674795
28584,50.870316195653736
28585,59.684287223839064
28586,50.77222220003997
28587,44.66467559031264
28588,38.441860106958025
28589,51.45552891672915
28590,47.28426537027291
28591,54.564350017132504
28592,45.01814579634462
28593,45.63305946093415
28594,45.77740778280627
28595,57.15608777732407
28596,46.36777780816449
28597,50.51464512483444
28598,45.79821332161876
28599,47.78770678530826
28600,48.25747837340684
28601,54.702323427099024
28602,44.42815191155458
28603,53.50644453842148
28604,51.04093912492011
28605,52.05825221778706
28606,43.493460179131965
28607,45.75560949981806
28608,46.05795395661739
28609,50.28145570383488
28610,54.778410429560466
28611,48.536579428511125
28612,54.26923138180928
28613,59.283594486720844
28614,43.81876587034716
28615,53.9636511074094
28616,51.90805501844266
28617,53.314764989331195
28618,53.962495321086394
28619,49.46903668626975
28620,91.0
28621,49.28068478426774
28622,51.07663241606077
28623,53.00036510371846
28624,70.0
28625,40.0
28626,52.434618545098566
28627,34.0
28628,78.0
28629,54.641231963209144
28630,51.58862995163889
28631,41.2107376604385
28632,37.50636335224763
28633,30.0
28634,29.0
28635,61.021636079769
28636,52.683725596990726
28637,52.38876333096536
28638,42.76282229715176
28639,37.0
28640,46.004477323308144
28641,28.0
28642,49.8454380670624
28643,44.421726558281534
28644,50.93852369849133
28645,54.39764037074425
28646,46.60949373361029
28647,45.79076658925309
28648,46.5384283815947
28649,77.0
28650,61.5
28651,66.0
28652,84.0
28653,41.540198239793455
28654,48.82168973083392
28655,54.500111607459665
28656,45.98965711231726
28657,53.00185950611644
28658,71.0
28659,66.0
28660,70.0
28661,44.44133249075676
28662,70.0
28663,50.31693842718173
28664,33.73540599236665
28665,44.069073237305716
28666,40.71719714250193
28667,39.81735768271354
28668,47.06993379411547
28669,54.836893893068094
28670,53.852178160435585
28671,39.940656785395184
28672,41.63898169520034
28673,47.44026934521496
28674,53.71359817823375
28675,50.64371673246655
28676,41.74410745072013
28677,41.90548525184275
28678,46.746570227326735
28679,55.813097327430334
28680,57.19872284812964
28681,41.6485405375831
28682,48.616740388512085
28683,42.92930953101249
28684,49.580147548333294
28685,56.0169061561602
28686,41.965371449475604
28687,46.395944339113996
28688,49.357028399694364
28689,45.85258974542259
28690,50.55179187665216
28691,48.24615199253559
28692,49.93537266514991
28693,49.88252423172931
28694,41.56247629178919
28695,43.79204084934239
28696,52.07050858129185
28697,47.56310194338053
28698,53.95830848788049
28699,52.62497452114357
28700,44.49665380194658
28701,45.11046039144522
28702,54.9006537340147
28703,41.38429927160027
28704,43.582460115572765
28705,49.58339661978438
28706,50.31816845669138
28707,48.48639299048278
28708,51.04443171866462
28709,48.43132867760373
28710,55.49090500579726
28711,42.92911771204025
28712,45.38662281802723
28713,53.084785427498765
28714,60.0
28715,51.92308280406871
28716,38.983348099103864
28717,45.83137098818911
28718,29.779757438750902
28719,25.673435676341168
28720,41.80531110167238
28721,42.44818715751275
28722,32.065331992811586
28723,56.0
28724,36.56358788697976
28725,44.24170198897536
28726,28.366709098938895
28727,40.21148137984319
28728,38.20702647126905
28729,37.443171628535964
28730,30.586150215137522
28731,30.568289397412823
28732,38.967462099247975
28733,42.68551419757932
28734,34.210807307466055
28735,37.49691698147943
28736,41.218368828509476
28737,42.40736982488901
28738,40.73624846735455
28739,25.442309992612348
28740,28.45562437784328
28741,41.484491471671944
28742,32.88329274523068
28743,39.09540911606229
28744,35.409072052732064
28745,29.359002421323304
28746,40.98307881444704
28747,40.27666863737759
28748,38.0580719040312
28749,38.87241908240878
28750,37.89669596299387
28751,41.52905263423336
28752,36.162337506860915
28753,32.637831677072164
28754,41.205181859616246
28755,40.1683133434756
28756,43.70176915001745
28757,47.63183593167319
28758,45.788925015170484
28759,43.2046815131718
28760,40.98156827091481
28761,41.64430227851891
28762,37.49651946471216
28763,41.820995492214486
28764,37.90689154370984
28765,33.957971850995705
28766,42.481996867876944
28767,47.49243734998531
28768,36.76288837417842
28769,35.89194067640076
28770,41.54108801873248
28771,43.89882545637331
28772,33.02277769976048
28773,41.10302812602234
28774,43.84091147910425
28775,43.915750525982034
28776,39.02335766716145
28777,38.36923421202542
28778,39.73252874881843
28779,37.95821967845883
28780,36.883856141123715
28781,39.905724500785205
28782,35.83094684533846
28783,36.11038456544544
28784,45.39964015686131
28785,34.478224402969396
28786,37.846269884023755
28787,39.07809241188523
28788,38.205960017102136
28789,40.61187339795315
28790,45.74473325510749
28791,38.400901837023035
28792,36.237200915299624
28793,42.9461329689681
28794,38.08716455189115
28795,26.97285105935607
28796,26.456575933718074
28797,2.0
28798,39.95761561250078
28799,41.94057645035684
28800,45.03522342978135
28801,39.23827401706851
28802,44.13300459228929
28803,49.08766260175584
28804,85.0
28805,94.0
28806,61.08964611739369
28807,67.0
28808,64.61551025076035
28809,70.0
28810,52.95054543984813
28811,43.96625761702187
28812,63.0
28813,85.0
28814,54.99340806941557
28815,51.30202987844062
28816,51.00895809126299
28817,60.0
28818,62.0
28819,57.20030292702579
28820,47.0681065189148
28821,54.047878741806635
28822,56.58075085369758
28823,53.71029927622703
28824,45.49304206511658
28825,59.39214401928469
28826,56.24838491006885
28827,57.0
28828,62.06589361384214
28829,43.221732076872364
28830,56.093656863977124
28831,51.29653031712778
28832,40.36254015391054
28833,64.84633743034442
28834,50.256920184608546
28835,58.518110395876825
28836,48.77100006165281
28837,48.97258252053935
28838,66.0
28839,53.63255761036915
28840,88.0
28841,46.0
28842,45.88529486324509
28843,70.0
28844,45.0
28845,56.61329519132989
28846,87.0
28847,52.56954627098531
28848,52.318199288191586
28849,66.0
28850,50.790021833545836
28851,43.76084139455214
28852,57.51699404340986
28853,54.875421990107284
28854,63.0
28855,48.09213912349946
28856,41.74671576275748
28857,47.58305963455392
28858,66.0
28859,48.38610243657411
28860,52.0
28861,51.58251561180763
28862,52.91606480563034
28863,67.0
28864,53.22976550862946
28865,49.25374924403575
28866,44.03432205611888
28867,54.1427974319158
28868,53.50609489255386
28869,48.41177131353025
28870,52.95357416335617
28871,46.673532548291895
28872,49.26347189746084
28873,49.659353180558696
28874,55.55298650540963
28875,52.707700734957214
28876,56.44909987231052
28877,52.80737848962987
28878,45.51843442010379
28879,40.395633552773475
28880,48.40732224568412
28881,57.48444883943673
28882,55.26548066408729
28883,53.45200960307802
28884,53.07758840695056
28885,48.89463257648712
28886,49.36366146987601
28887,47.096943302361595
28888,41.3910944980599
28889,48.575144855516044
28890,60.963914773695635
28891,49.23846072938677
28892,41.21365186891127
28893,49.47821661707456
28894,46.50689233641075
28895,42.066341706801026
28896,50.54060578463601
28897,47.22182885001756
28898,54.312029586152974
28899,43.80171458281461
28900,48.40236040668038
28901,54.69025489330583
28902,41.01638291217487
28903,48.818711114695
28904,56.290360126938225
28905,48.16891086657051
28906,54.483254339729804
28907,59.64909889305713
28908,51.83631970440754
28909,52.47062386358841
28910,51.80259196293099
28911,49.77480549517552
28912,67.16632397549121
28913,51.53106251981647
28914,49.717003999136004
28915,50.189352161410525
28916,53.5570313418748
28917,54.76632969170447
28918,57.57940690583612
28919,55.021980530637514
28920,44.55141057689701
28921,43.99107900717011
28922,53.63370735341126
28923,52.12116802407925
28924,52.15867176251389
28925,56.34908978142734
28926,51.520172007935095
28927,53.97972235757871
28928,45.65091744457965
28929,40.5018357720359
28930,41.70133522168819
28931,46.41687637393057
28932,54.300757779753305
28933,56.21462129258244
28934,42.34715437285786
28935,49.649016517074436
28936,49.40049314569472
28937,55.15790361185106
28938,42.977549413681245
28939,44.20673703467412
28940,44.307196056299304
28941,54.28368360516267
28942,41.38628041153858
28943,41.193120630784215
28944,50.26676532870605
28945,58.736295013948066
28946,61.09756556475545
28947,40.662517551826674
28948,52.17016214562123
28949,50.24877466495484
28950,53.05644955549001
28951,47.533046944313675
28952,52.874768313958974
28953,53.18396823752796
28954,45.24825325628803
28955,40.213628793042176
28956,40.228896276423015
28957,42.35597797414112
28958,52.7227720717446
28959,49.413366365313834
28960,51.62840255782633
28961,46.469807433007105
28962,48.76333086029799
28963,31.5858242693326
28964,83.0
28965,40.136094271338244
28966,38.304105536083576
28967,45.69333997367285
28968,59.0
28969,68.0
28970,25.428187401741408
28971,58.0
28972,42.0
28973,43.43091199779674
28974,44.03313543268846
28975,62.0
28976,66.0
28977,34.303197929168
28978,65.0
28979,41.3282058582041
28980,65.0
28981,75.0
28982,43.26617098777389
28983,49.033313917647796
28984,42.90173032460189
28985,43.06959595286596
28986,52.29220981228272
28987,45.04953786404948
28988,52.05099936290674
28989,47.447599269654056
28990,47.29313600875073
28991,49.52774222924175
28992,52.064497794386966
28993,40.437273824518954
28994,50.6515008203881
28995,41.55275642052933
28996,43.97864785294108
28997,51.41770044700945
28998,43.38496023019744
28999,48.39514704665181
29000,46.32922318248362
29001,42.14682476548956
29002,42.2557274018782
29003,53.198846447321216
29004,46.14759587208006
29005,46.14311352059785
29006,51.70052502211522
29007,48.594477514628224
29008,51.22138717956612
29009,42.69163406084864
29010,49.16854134658567
29011,50.673525488847226
29012,48.160313428554645
29013,40.73229506608392
29014,42.509489601943635
29015,45.52230773479938
29016,42.60889542533989
29017,47.77652798161317
29018,43.16781001533007
29019,43.56994575189324
29020,53.1450624456789
29021,47.02901418141652
29022,40.808700891784255
29023,47.45939791664474
29024,47.06864004746419
29025,53.297982485929104
29026,50.986504193472776
29027,46.648786824346516
29028,42.74474609771748
29029,51.481740001494394
29030,44.50612045506906
29031,50.50268311731636
29032,46.94163368973656
29033,41.18461952840182
29034,39.179081849913274
29035,33.8152518111937
29036,39.06192974641241
29037,37.120187247367696
29038,41.26374203077779
29039,38.71684544112611
29040,45.618911545881055
29041,39.18915697909168
29042,43.279768336811635
29043,39.25617521337122
29044,37.03673574198445
29045,33.90048966400227
29046,36.979625835697284
29047,41.622407476926625
29048,39.282684982739745
29049,40.04821755931639
29050,38.78065741385234
29051,46.6176794956005
29052,40.35898722734468
29053,39.02335766716145
29054,30.00682462851251
29055,44.21029718596571
29056,48.235019461529106
29057,45.707214803849
29058,45.576656967769686
29059,44.22127908351861
29060,40.60253146587168
29061,48.21368848415636
29062,33.61232947934947
29063,37.35189118579563
29064,43.4748308385675
29065,31.88037786492222
29066,34.0674060057474
29067,44.11320812713921
29068,46.81939912809791
29069,41.97294819279892
29070,41.917486782923625
29071,25.889268330747935
29072,35.900412412577026
29073,40.97163403128573
29074,43.297900624572335
29075,3.0
29076,4.0
29077,43.35535261047264
29078,46.94399209608589
29079,26.471366173614214
29080,30.586150215137522
29081,44.09958253948737
29082,27.094221804621103
29083,26.919616118990174
29084,28.654207839861872
29085,34.49347045983238
29086,31.766932440337456
29087,28.47653988699906
29088,38.59047185568765
29089,34.79667970638713
29090,46.778822521481025
29091,28.2553698106262
29092,48.8509938098655
29093,49.321775973894475
29094,44.172495321374036
29095,41.1485636998131
29096,43.02966936118638
29097,30.781687615355175
29098,43.840191690957454
29099,26.794858118767614
29100,29.797617876611994
29101,37.80109551030697
29102,41.18571240484447
29103,31.764570730555036
29104,28.53107401344313
29105,38.41756985176942
29106,28.558473909611582
29107,33.207135899833986
29108,31.081792288904065
29109,37.615512213951384
29110,26.929215256333492
29111,27.32211588025791
29112,40.83708556057046
29113,27.390926521181484
29114,46.25984451542109
29115,45.47660269627744
29116,41.48732140994637
29117,41.31050191154995
29118,44.60481402811831
29119,32.09370969062663
29120,41.11563628047705
29121,33.6525888412861
29122,28.37501544936679
29123,27.82920900970125
29124,43.55169097406097
29125,27.76881469394222
29126,48.18354055128007
29127,47.60734005886905
29128,52.93772949925141
29129,50.421093021814706
29130,52.98440265544272
29131,52.172625747376735
29132,57.53063622516101
29133,53.31403454662275
29134,42.770612197250216
29135,50.550943874557824
29136,53.41321406459384
29137,53.76867351119912
29138,50.43905120086891
29139,47.79188120563831
29140,52.92644764941929
29141,41.06642075877748
29142,50.73265952823544
29143,53.63508674164747
29144,86.0
29145,59.19110063916926
29146,45.908689518347785
29147,55.08711857237434
29148,56.20092010147658
29149,56.80492254333242
29150,55.78041741253974
29151,60.33675965791369
29152,54.63930591216587
29153,52.63861722934265
29154,61.25940911220958
29155,49.95199726888879
29156,54.590598999298194
29157,48.35349207838468
29158,46.01508666810449
29159,50.706944136163905
29160,51.14842511887885
29161,50.39565571728757
29162,53.561393523601886
29163,47.909365608113575
29164,55.01368549796527
29165,50.92902011467524
29166,57.02415628938317
29167,50.949882958322235
29168,60.2140788942235
29169,49.465365927692616
29170,50.906478732513705
29171,53.41768424315629
29172,54.0376835430336
29173,45.36864440416536
29174,48.58574204699739
29175,43.38885394128212
29176,52.43393540403814
29177,43.21425336254378
29178,50.42846102757755
29179,52.838391946497566
29180,50.22023616618635
29181,47.8771886102625
29182,68.0
29183,52.86579748410451
29184,40.652687607884104
29185,53.99707812062914
29186,52.99824562699922
29187,49.807377073270494
29188,43.50981490641589
29189,42.16818244714728
29190,53.26493790854626
29191,54.120980065977584
29192,49.39376186981118
29193,49.53086817286858
29194,53.296999522286114
29195,47.77279905818302
29196,31.18242791882187
29197,39.25815984966387
29198,77.0
29199,30.930552336862153
29200,42.445634297297445
29201,22.0
29202,35.30371977454206
29203,36.258129513385036
29204,36.0
29205,55.61326379053904
29206,51.93698615497006
29207,53.297982485929104
29208,50.30758843542433
29209,42.537890404650184
29210,16.0
29211,50.805863629062046
29212,55.968873819502264
29213,35.0
29214,33.0
29215,47.73147086997906
29216,46.23671593175414
29217,27.0
29218,37.0
29219,34.0
29220,35.0
29221,52.589470143662915
29222,51.60278542635545
29223,50.213403315316256
29224,55.63548155840256
29225,49.45000675752522
29226,45.0
29227,44.421406548434064
29228,50.066237492414615
29229,42.07720506871514
29230,53.474528728608675
29231,42.0
29232,46.48628645858696
29233,43.89102105288143
29234,55.72021095589097
29235,59.607169047023625
29236,54.113497913991964
29237,50.157837256735974
29238,22.0
29239,52.0
29240,44.0
29241,45.19323594933764
29242,58.870565418369374
29243,45.01488400348591
29244,44.162355030140354
29245,48.65293017132575
29246,46.720714838588684
29247,50.550906474005274
29248,50.82801331513827
29249,50.315114503528136
29250,33.0
29251,29.0
29252,15.0
29253,42.56986055632886
29254,49.41670450429711
29255,51.700364238805726
29256,43.82206374995841
29257,53.440946930918244
29258,53.17621688255461
29259,43.5393984070579
29260,45.93482504445476
29261,50.370391754248516
29262,51.68138203770492
29263,41.3910944980599
29264,54.30873979544034
29265,54.166405196373006
29266,48.62506022591719
29267,41.57683114207473
29268,51.82297435512513
29269,42.00217325844768
29270,57.728394745073
29271,50.90905495089125
29272,52.108638658597776
29273,51.892481356783065
29274,60.556613249350804
29275,59.25502088436294
29276,49.51138547612791
29277,50.16511358380945
29278,51.77627800165953
29279,56.91471117198155
29280,53.8896953375912
29281,51.9209733398454
29282,41.755834570452215
29283,36.9074924778256
29284,36.56732258866702
29285,49.22322847676936
29286,35.49686295068914
29287,45.58215029210903
29288,48.06833018183555
29289,43.11306706777136
29290,32.193075025679995
29291,44.12392591611977
29292,47.95138296036411
29293,42.60555534556753
29294,41.36864808791631
29295,68.0
29296,34.26805504933765
29297,47.07481052440708
29298,43.80614083270779
29299,43.41452242802821
29300,48.970127805192796
29301,45.788925015170484
29302,76.0
29303,51.12699314675008
29304,46.01097525708504
29305,54.40996736815663
29306,50.08883242885641
29307,74.0
29308,67.0
29309,29.230994368973672
29310,60.0
29311,46.434308070889536
29312,50.43132473378217
29313,44.869844133202015
29314,44.16918205952596
29315,32.42033541119529
29316,32.065331992811586
29317,43.2143369552645
29318,58.714285714285715
29319,27.0
29320,45.0
29321,52.95362741351515
29322,45.41697662246208
29323,48.536691817398335
29324,26.75727781326146
29325,35.67429319181467
29326,41.31476888271039
29327,61.0
29328,43.19667961903652
29329,43.50482659160303
29330,35.57829731462573
29331,41.59444349851547
29332,42.64430377895899
29333,38.02775558194697
29334,80.0
29335,40.83674614500859
29336,53.0
29337,33.53193951444491
29338,40.98560365515712
29339,42.2669259839971
29340,20.0
29341,41.67560008496382
29342,39.38273898965959
29343,38.76162019699405
29344,39.84103589826242
29345,41.39527285591431
29346,39.98038633207736
29347,40.38804324693718
29348,35.26175504213981
29349,36.31136691684694
29350,39.52937183866833
29351,39.40397535629924
29352,38.865532183953434
29353,34.49768532833007
29354,34.70444019782709
29355,41.939587657336766
29356,41.932756193319264
29357,42.454854585071075
29358,43.94921741368894
29359,36.65349579149373
29360,37.60429865557724
29361,43.78190191993519
29362,38.0376997434548
29363,39.794729917662515
29364,40.78545779939613
29365,43.818599850710264
29366,39.92298452091833
29367,39.63805995478577
29368,38.490068285227515
29369,38.28747360565839
29370,32.76332176829254
29371,43.232167374668094
29372,42.49344560713139
29373,42.878991636906335
29374,41.134979855798086
29375,37.50762703294588
29376,39.589821494671
29377,24.890255595241292
29378,43.532263324490515
29379,41.95823009893633
29380,37.087834929560756
29381,39.19777833365636
29382,38.701830991740486
29383,43.349490717214536
29384,39.254744386522404
29385,34.73442159410555
29386,42.116371526374934
29387,37.41517204433037
29388,39.122460350481155
29389,39.35353732507937
29390,26.818021187752123
29391,33.402610520168416
29392,36.07826064967044
29393,36.97841674235885
29394,41.15931141767892
29395,46.27854743562706
29396,38.57789906208908
29397,38.428702522567086
29398,36.58782720253527
29399,37.82168376305192
29400,48.36601455425613
29401,41.13968063229172
29402,40.44255386640283
29403,37.07239840871985
29404,42.878395292644235
29405,34.16697474323184
29406,30.497769237245535
29407,38.28665229294058
29408,36.85381794968618
29409,40.29763748280882
29410,42.010866577480485
29411,30.72186225613136
29412,32.255617644681976
29413,28.226527313737776
29414,49.30970240804004
29415,37.5759722358818
29416,39.49425359864347
29417,49.485864681811776
29418,48.256753027755785
29419,50.489983330436075
29420,41.61609882965365
29421,53.05517042289828
29422,51.588225746957136
29423,53.32257727535291
29424,51.434712987921564
29425,43.2111599394849
29426,54.095824550563606
29427,41.858114692145406
29428,53.63781525736023
29429,51.21916480190598
29430,40.8658128261764
29431,53.034937677003036
29432,50.745565570402036
29433,54.22569877124757
29434,49.9416971196745
29435,53.39262401925507
29436,52.95874918072072
29437,43.05622098899418
29438,49.80304215575009
29439,56.031826745830315
29440,51.30780823586146
29441,49.519669596393996
29442,50.62779898236863
29443,48.84094194162233
29444,54.125179890811275
29445,49.45675893929573
29446,63.0
29447,47.69059690700599
29448,50.4985817662957
29449,42.36411480121441
29450,56.51259482623843
29451,38.026676537236284
29452,42.067398633596454
29453,53.00383239104281
29454,49.66898984238021
29455,41.252871683050515
29456,50.6183052212592
29457,48.26772529735202
29458,50.503773056568775
29459,43.504353827018654
29460,56.05773657139441
29461,50.627079412267896
29462,47.41600250983848
29463,52.568001005172775
29464,49.879820795935046
29465,49.965737562312924
29466,55.61852705946524
29467,52.41174164028388
29468,51.66043060615817
29469,50.434023926055815
29470,50.69296121480343
29471,50.23090201613537
29472,45.53753145651558
29473,55.623226748199826
29474,40.84941554063242
29475,54.935093561533236
29476,48.96481728831295
29477,41.586843843107275
29478,42.09949368553233
29479,57.07659216902566
29480,58.61213340087194
29481,52.78115558845587
29482,46.12893780183555
29483,58.161266906108935
29484,55.920377097677694
29485,41.284968092734005
29486,45.69331587967143
29487,52.89659352176002
29488,57.44905733247802
29489,53.69552710814431
29490,43.99189790831085
29491,56.51222942583768
29492,54.41391544452617
29493,42.164787324346
29494,51.217001417571666
29495,46.36777780816449
29496,51.89630833146916
29497,54.29215212152675
29498,65.0
29499,42.15278477581373
29500,50.108915497958
29501,47.78598388363994
29502,54.75526961605113
29503,42.23148396082636
29504,46.24417516441772
29505,51.25865530388626
29506,45.420964871904786
29507,43.0
29508,73.0
29509,78.0
29510,40.241188089756086
29511,36.45692003262095
29512,42.29819859454971
29513,43.84971512998645
29514,45.30171730005034
29515,79.0
29516,39.38273898965959
29517,44.54119051878023
29518,42.99906291048786
29519,44.207823761625846
29520,43.62256760619401
29521,3.0
29522,39.52757515950005
29523,39.312024405306424
29524,19.333333333333332
29525,44.25435554576411
29526,37.25264426502021
29527,39.0062318579473
29528,36.42227823750286
29529,33.60219369439017
29530,40.00872155722537
29531,39.44358539514417
29532,37.675251302971596
29533,42.78480529775859
29534,39.30133122357331
29535,36.80292816962705
29536,72.0
29537,33.052778697648826
29538,40.536399606021696
29539,38.595369016546755
29540,42.17185659204237
29541,38.765181087716485
29542,64.0
29543,40.91536974617677
29544,45.56397757677121
29545,43.12292675720304
29546,40.55137624047802
29547,39.92298452091833
29548,38.45781140743848
29549,38.98895277366378
29550,38.416314602427825
29551,43.147518499874536
29552,81.0
29553,40.837913031470656
29554,38.56220093984864
29555,37.434018977102276
29556,38.415557262201176
29557,35.82564549073576
29558,42.53873178187983
29559,45.752256487644125
29560,36.91942788728011
29561,41.978237397248236
29562,36.77340050648432
29563,27.390926521181484
29564,39.37359817683837
29565,49.00170131377557
29566,44.88859242659919
29567,68.33333333333333
29568,45.02053750623634
29569,45.4228163795003
29570,36.28007857737337
29571,48.221569793212794
29572,44.41618698035256
29573,41.45712249295368
29574,39.12617138730948
29575,41.13431624129196
29576,39.02786569165172
29577,38.0172264918392
29578,40.6569478420429
29579,36.47974626251411
29580,32.43031188223692
29581,53.0
29582,42.868636948486476
29583,36.839805284898354
29584,39.97964076140257
29585,39.32567150242889
29586,44.25050375762372
29587,18.0
29588,43.51468934015007
29589,41.756989278465156
29590,44.36994563038178
29591,37.88792974731434
29592,38.48905265616724
29593,42.097476611468565
29594,39.729890623645716
29595,41.20577800881992
29596,38.728012253756646
29597,28.17564124908344
29598,41.18957461336022
29599,39.52937183866833
29600,53.0
29601,47.17955380597397
29602,41.736621245596986
29603,22.0
29604,38.66629164269128
29605,54.23949542865512
29606,53.69116526016324
29607,70.0
29608,53.90799149724926
29609,68.0
29610,52.434618545098566
29611,71.0
29612,50.685973930837
29613,85.0
29614,56.19922572916618
29615,54.893679316431665
29616,35.0
29617,40.08803090812846
29618,52.93772949925141
29619,48.71117261270497
29620,77.0
29621,52.63353749577006
29622,67.0
29623,52.34792901226422
29624,40.161456984166655
29625,60.34950372802511
29626,44.0
29627,52.553212667310845
29628,51.43190073077986
29629,75.0
29630,61.901653513505806
29631,59.64909889305713
29632,56.0
29633,52.69487684235267
29634,48.85357761758808
29635,51.30202987844062
29636,47.13023583315508
29637,51.568053499283955
29638,53.0720303242128
29639,71.0
29640,54.48844291407388
29641,71.0
29642,87.0
29643,52.679286975972
29644,48.747195793045556
29645,81.0
29646,51.60786490717891
29647,51.00895809126299
29648,49.87498489689308
29649,91.0
29650,60.33675965791369
29651,80.0
29652,53.63508674164747
29653,53.23823046970943
29654,74.0
29655,56.87910839838013
29656,51.953707886689614
29657,53.54565350905935
29658,55.52075242449981
29659,43.11446450450204
29660,52.62668922495484
29661,50.503781169229576
29662,54.0745377437984
29663,54.16850095623661
29664,51.515100653476374
29665,46.746570227326735
29666,70.0
29667,53.41179475081648
29668,53.856676974057685
29669,63.54720329817839
29670,50.096213093413944
29671,54.81134914071228
29672,54.223956468027765
29673,57.6561846927378
29674,66.0
29675,52.838391946497566
29676,67.0
29677,66.0
29678,67.0
29679,55.32645363174265
29680,67.0
29681,57.0
29682,63.0
29683,68.0
29684,66.0
29685,66.0
29686,53.332384094464274
29687,52.135862152354434
29688,51.0
29689,50.95992961314754
29690,47.40060302614751
29691,55.08758397497057
29692,52.51104555159773
29693,69.0
29694,58.03319757027875
29695,35.0
29696,48.499734360536976
29697,48.99910596032663
29698,50.484266603479654
29699,50.81997673891137
29700,50.19855801313865
29701,66.0
29702,50.508033834959946
29703,49.60268725884836
29704,50.28114246157149
29705,48.421988342574906
29706,45.000394877615705
29707,44.173184005801886
29708,51.11003829508857
29709,47.31264105940677
29710,51.94757411799728
29711,47.569091483981396
29712,49.010536929578095
29713,48.762720351590865
29714,45.14183771668613
29715,50.09238453753207
29716,50.01826736480054
29717,45.65658598883546
29718,48.49368981963947
29719,44.12167434184786
29720,46.57301788584602
29721,45.836973915863865
29722,42.87819425972706
29723,50.19371439461479
29724,52.26266317478855
29725,50.15685919123597
29726,45.064961395988604
29727,39.66243909878244
29728,46.003603383282616
29729,48.80110243198323
29730,45.93096843651206
29731,53.103415541915055
29732,46.42442154239773
29733,50.9069894181969
29734,44.815953657989986
29735,44.034679686514224
29736,40.92393145532779
29737,42.15872877392168
29738,43.420687409113285
29739,44.31174732200299
29740,44.68474690239942
29741,43.673816563554055
29742,40.17381503960543
29743,48.284004168753015
29744,48.66121675028375
29745,38.48646613574265
29746,43.89292964188711
29747,43.23981473508265
29748,48.03504799354951
29749,41.909899978703955
29750,49.215028231743524
29751,43.03398979747278
29752,47.86038531168651
29753,39.25099963850099
29754,41.76183862855665
29755,45.59002909602638
29756,41.89291435096031
29757,40.798303089874125
29758,45.16035183062224
29759,43.318844348384864
29760,45.99128207425233
29761,46.45477256546744
29762,45.802371345337534
29763,49.75009818201281
29764,57.05531031948254
29765,42.10064545436413
29766,57.604037539678494
29767,37.24953639981324
29768,49.5119871206961
29769,36.0017906118716
29770,49.814206493112295
29771,40.964912813311436
29772,45.57270854049833
29773,48.37242268279797
29774,50.69721316304821
29775,68.66666666666667
29776,54.80292487748684
29777,48.631224988095894
29778,46.3810627539651
29779,52.52589429452518
29780,75.0
29781,51.50883378622857
29782,48.434895665788
29783,50.20958257791113
29784,66.22552952258135
29785,71.0
29786,40.93401947351171
29787,24.0
29788,53.6120814819226
29789,45.238646386543444
29790,53.86931422383937
29791,50.86192299689366
29792,49.133262286333235
29793,49.357028399694364
29794,49.74545874140593
29795,46.666666666666664
29796,55.98120704687865
29797,52.62236180588662
29798,88.0
29799,57.84364095557587
29800,57.82110543333415
29801,46.82903178786721
29802,40.83115516908875
29803,56.43367351117439
29804,61.0
29805,51.020407184276685
29806,46.265650189585465
29807,49.580147548333294
29808,41.90548525184275
29809,43.46135038247241
29810,43.70176915001745
29811,51.67317344646375
29812,51.22537669935094
29813,55.71498682732187
29814,54.0376835430336
29815,62.34002019477173
29816,68.0
29817,53.50644453842148
29818,52.578389759750074
29819,61.0
29820,50.04560968438179
29821,56.703689777579264
29822,59.711695836186
29823,55.0
29824,70.0
29825,50.382670091594726
29826,58.06088852863901
29827,37.74341988808019
29828,32.52454341392952
29829,50.986504193472776
29830,48.89041016391067
29831,68.0
29832,50.64371673246655
29833,48.48639299048278
29834,52.72974094491922
29835,53.748871605365075
29836,54.836893893068094
29837,47.808392691502
29838,60.04235356138298
29839,54.11121895563525
29840,47.593101495458924
29841,48.26095977979981
29842,54.32138834612099
29843,45.8533076539022
29844,51.722017018652906
29845,47.773429183035596
29846,57.621205529418916
29847,57.52865854393581
29848,54.59092075885485
29849,53.31004334271436
29850,52.85316802024953
29851,51.573630205521575
29852,34.822872433375785
29853,49.49316015483325
29854,47.83657286789412
29855,42.89981951208802
29856,58.93025746724319
29857,54.17449205122021
29858,50.658298536862546
29859,43.43488934748759
29860,52.19462907102739
29861,48.81810410596263
29862,51.414530834931824
29863,46.266477820231
29864,48.64520705518039
29865,50.143293581996595
29866,49.30366732874796
29867,50.22856719248804
29868,42.131563589533734
29869,48.783044316744615
29870,57.6672061752292
29871,52.32655749750401
29872,48.25746188550717
29873,49.38908575378038
29874,46.88894635432416
29875,49.677648185429234
29876,54.46405609086385
29877,53.83660620110647
29878,42.699808608860025
29879,56.2433194600597
29880,51.95751108320725
29881,41.676955867443844
29882,51.83037474834757
29883,45.0
29884,33.0
29885,57.22019749508565
29886,44.51084784219286
29887,53.73118959357217
29888,44.0
29889,32.577739960288895
29890,53.41480981587658
29891,48.23793551561934
29892,55.479238956500616
29893,58.485968350499924
29894,56.69851508663423
29895,44.58932873262258
29896,57.79622445410956
29897,42.157480293590936
29898,40.0
29899,44.31431401835468
29900,49.661923387618046
29901,52.00903253656421
29902,44.820227764948896
29903,42.0
29904,48.83871481188901
29905,58.5524010640484
29906,49.72834392804654
29907,52.261599914687004
29908,55.26979544042789
29909,47.937515644032175
29910,51.90984983712592
29911,43.0
29912,54.89264261641456
29913,53.43699347265704
29914,55.36484198590173
29915,48.0
29916,54.81140357379941
29917,55.28224758256277
29918,48.28402176829931
29919,58.264809810108154
29920,54.51495199378301
29921,43.70483521867426
29922,50.87813133953127
29923,53.536479456786246
29924,50.51716323029484
29925,45.76207761733418
29926,52.70773641067324
29927,34.0
29928,54.81037121905644
29929,57.027125380085174
29930,43.13527142573209
29931,56.19409211292882
29932,52.983457736638286
29933,51.22149691523308
29934,48.187935190791926
29935,40.15243491387038
29936,48.10692335083707
29937,51.0587263717671
29938,47.669182251875235
29939,52.87439516057383
29940,56.262495380743154
29941,67.0
29942,53.17184688761233
29943,54.0
29944,46.951150446076944
29945,60.0
29946,49.51138547612791
29947,65.0
29948,52.07857564411478
29949,57.88827078024601
29950,88.0
29951,44.66944791826696
29952,50.43905120086891
29953,49.717003999136004
29954,40.99455560132238
29955,54.822264741517145
29956,50.92902011467524
29957,86.0
29958,48.58574204699739
29959,62.58256392490366
29960,48.575144855516044
29961,57.180270004277254
29962,56.03340219648066
29963,45.41757381045025
29964,65.0
29965,56.403381651148955
29966,47.30917912351538
29967,55.300520351742215
29968,43.25960453559079
29969,51.380318216989515
29970,51.97000477290145
29971,50.6792393811125
29972,57.05282185802962
29973,43.35959046910748
29974,50.91366077257347
29975,53.47239752548237
29976,82.0
29977,52.63130467049131
29978,57.97148481472851
29979,52.357395652946636
29980,70.0
29981,53.907770920986366
29982,51.47589915299284
29983,48.271612950759035
29984,51.54373124722741
29985,63.0
29986,48.81630412701782
29987,56.13412980509175
29988,75.0
29989,51.86483765672796
29990,55.00220941422789
29991,50.6817539809775
29992,53.314764989331195
29993,42.770612197250216
29994,51.83631970440754
29995,83.0
29996,53.60658051613861
29997,46.448237366093835
29998,47.91436379173001
29999,46.166769282053146
30000,39.80807817191184
30001,54.333333333333336
30002,46.95604233516323
30003,59.09561372151453
30004,45.0
30005,50.777541499919096
30006,21.0
30007,68.0
30008,49.100438205789395
30009,56.689006913744684
30010,47.0
30011,64.0
30012,67.0
30013,55.0
30014,57.76255304981886
30015,24.0
30016,53.80562787370451
30017,51.00115894917197
30018,36.0
30019,49.24568330556617
30020,54.86918825259697
30021,53.2106938931155
30022,52.73343949556645
30023,54.85435162464195
30024,56.74456364694554
30025,48.03952818843862
30026,51.37502769872515
30027,52.54606855607914
30028,59.45583011077222
30029,60.34884358481993
30030,59.397422110420806
30031,45.0
30032,43.0
30033,51.0
30034,65.0
30035,46.0
30036,40.0
30037,51.75246764298747
30038,58.36762734792155
30039,55.875743853858324
30040,53.04417586513968
30041,81.0
30042,61.87115885101056
30043,47.0
30044,58.18483082038784
30045,58.86451828511862
30046,55.69550960686126
30047,53.83362488615151
30048,54.73102023477641
30049,55.05777761789628
30050,54.00257354899668
30051,56.0
30052,78.0
30053,56.780786039566735
30054,50.0
30055,43.152050681217524
30056,55.40047247663882
30057,82.0
30058,48.76608175004886
30059,45.0
30060,46.715675303432754
30061,48.406167648979604
30062,76.0
30063,72.0
30064,37.0
30065,47.47840277580583
30066,46.14620821810094
30067,72.0
30068,49.94509265464853
30069,38.666666666666664
30070,58.58490130027331
30071,42.944171395393454
30072,68.0
30073,63.0
30074,34.51509988215209
30075,79.0
30076,76.0
30077,66.0
30078,43.66635456242037
30079,46.34219615148207
30080,36.60393846420063
30081,49.27101660077708
30082,53.81312444627308
30083,46.32334143311463
30084,46.463468492200974
30085,55.0
30086,45.520287337369524
30087,42.80097364728559
30088,80.0
30089,46.197870835953346
30090,44.07034047325579
30091,46.435967429798
30092,73.0
30093,40.45768431194604
30094,37.14794042542675
30095,44.47208641547179
30096,69.0
30097,78.0
30098,43.39656270830707
30099,30.55484059060068
30100,35.38877534492423
30101,43.731195454957735
30102,40.05988022614458
30103,42.354826694481005
30104,41.094458474431356
30105,39.247436282743635
30106,42.902913894622905
30107,39.73598149802323
30108,17.0
30109,41.0582339645472
30110,40.66541066671408
30111,40.32332034670264
30112,37.805593154057384
30113,39.94252419536512
30114,46.57609600553118
30115,37.47597258198881
30116,46.049228905860836
30117,45.82233085917233
30118,41.53163490243253
30119,38.565998075437065
30120,48.41758477686143
30121,48.17901830312319
30122,42.41940116807401
30123,49.107038168546
30124,43.18244023075785
30125,45.52609499482117
30126,45.24934264993721
30127,38.87363417416783
30128,39.19215354689238
30129,42.37241852392751
30130,38.364087884490644
30131,39.880300359349256
30132,42.46057385367018
30133,43.6138240305134
30134,46.59002973225339
30135,44.299450652952075
30136,44.07475094907306
30137,37.809280182535545
30138,47.7663787958243
30139,40.381712562265754
30140,41.61591798597544
30141,41.02819984556299
30142,36.71023210341215
30143,44.148281471531085
30144,39.75578848489703
30145,39.99407319471274
30146,41.485322427438
30147,38.06632216444118
30148,36.54982616200483
30149,45.27019100045616
30150,41.17859018001202
30151,39.48448936217819
30152,48.226282012244035
30153,41.622208705001206
30154,41.83730699672389
30155,38.741778953815974
30156,37.602129825621034
30157,44.57524833958187
30158,41.76183862855665
30159,42.67175909400072
30160,35.977411099922364
30161,5.0
30162,0.0
30163,38.41920467733937
30164,46.515837918818576
30165,35.72888627725042
30166,40.647961428773435
30167,45.18571011141121
30168,43.72620935204465
30169,39.0542434678108
30170,42.187401562190786
30171,42.75574056442872
30172,49.32563429875245
30173,40.526695244177624
30174,36.1609695652839
30175,46.366738422495125
30176,46.00495548706785
30177,43.80059835031167
30178,44.21690000444759
30179,47.936679100653954
30180,1.0
30181,38.718241405399446
30182,56.0
30183,44.18964870279889
30184,44.07203743542962
30185,39.65122055561587
30186,41.59282930118689
30187,39.93028452075191
30188,45.092869577598265
30189,45.72696951669289
30190,5.0
30191,43.993909252129065
30192,46.80787318404215
30193,59.42939455283841
30194,44.19351314694076
30195,43.90463509929375
30196,61.53540757092481
30197,98.0
30198,93.0
30199,95.0
30200,49.34890068151065
30201,98.0
30202,71.0
30203,98.0
30204,97.0
30205,61.66615276366116
30206,97.0
30207,98.0
30208,47.82862493879526
30209,98.0
30210,97.0
30211,48.37123463152601
30212,85.5
30213,54.7672169393654
30214,85.0
30215,96.0
30216,88.0
30217,52.8379243038045
30218,94.0
30219,90.25
30220,57.3167916388775
30221,94.0
30222,57.0
30223,95.0
30224,49.909225113343894
30225,83.5
30226,94.0
30227,52.0
30228,56.51652409265021
30229,93.0
30230,59.06501089045246
30231,93.0
30232,81.0
30233,48.945662611948904
30234,86.0
30235,90.0
30236,49.343973380661524
30237,94.0
30238,47.02087981007221
30239,90.0
30240,54.463485248845856
30241,92.0
30242,90.0
30243,49.36544179434536
30244,94.0
30245,86.4
30246,54.272576970956095
30247,92.0
30248,92.0
30249,55.128422763323876
30250,91.0
30251,39.0
30252,87.0
30253,93.0
30254,55.49153347269416
30255,91.0
30256,93.0
30257,60.5442146501829
30258,90.0
30259,91.0
30260,58.09269482815213
30261,88.0
30262,88.0
30263,58.10081485761567
30264,87.66666666666667
30265,91.0
30266,47.679080915779515
30267,18.0
30268,89.0
30269,51.99968498421551
30270,91.0
30271,61.15290532160367
30272,52.51341651921401
30273,73.0
30274,59.95590600529293
30275,59.15045127262376
30276,56.5595713227997
30277,59.344835365566574
30278,51.88841610915532
30279,60.041448395500865
30280,47.0
30281,66.0
30282,83.0
30283,55.15223758073084
30284,53.48511856963964
30285,52.12396593105544
30286,52.13433377224015
30287,80.0
30288,90.0
30289,54.73189571106012
30290,56.56348843915227
30291,52.14910340983623
30292,55.36108839126132
30293,54.16783764782875
30294,58.57382525461793
30295,58.90202700802095
30296,56.21600507247271
30297,84.0
30298,69.0
30299,60.231491472307766
30300,77.0
30301,60.76995365967504
30302,57.415314480218605
30303,59.19595698766897
30304,79.0
30305,58.98237416588913
30306,55.22935562696704
30307,83.0
30308,79.0
30309,51.95787003780546
30310,55.977203963912885
30311,58.44706451546047
30312,55.16956403069739
30313,85.0
30314,55.128858454755
30315,46.09473439429277
30316,49.299388894074994
30317,53.65282401125231
30318,61.96677572017885
30319,48.013880914415395
30320,59.1468542569281
30321,73.0
30322,88.0
30323,62.0
30324,56.222048501223355
30325,49.26165414775179
30326,58.718408569275475
30327,52.43936303907362
30328,47.83012582302327
30329,66.3362389759828
30330,51.50440911230448
30331,60.0967529208203
30332,56.37980843173929
30333,63.8849262585558
30334,49.716131008610084
30335,65.0
30336,59.62235530422329
30337,91.0
30338,58.54889187214916
30339,57.1972628412768
30340,55.82129535680138
30341,52.876557009438706
30342,54.076125672257454
30343,56.698202734417094
30344,63.423154074433555
30345,59.15574189984093
30346,52.427102638096045
30347,50.88148033281018
30348,64.77328326458657
30349,71.0
30350,55.2606235843498
30351,58.238492946790835
30352,50.006228855287915
30353,49.44146641234015
30354,51.72291980531189
30355,55.57034251057728
30356,59.50493073145899
30357,59.585607256971635
30358,52.244439084835186
30359,59.88202585221406
30360,52.14637917594562
30361,53.80704070595274
30362,53.92103105629818
30363,75.5
30364,74.0
30365,57.35371165341158
30366,66.0
30367,54.263906628219864
30368,53.584794630539754
30369,85.0
30370,54.10772409948019
30371,72.0
30372,53.31968929713041
30373,60.46042352937388
30374,57.644975135815294
30375,52.904652867603346
30376,42.887899840004074
30377,42.091315578812605
30378,87.0
30379,57.10028912794852
30380,58.43854940772742
30381,71.33333333333333
30382,42.820299875634916
30383,43.31536462262135
30384,52.64680924622714
30385,64.49601954591562
30386,86.0
30387,91.0
30388,93.0
30389,47.55475989448991
30390,98.0
30391,51.83669823378757
30392,71.0
30393,51.0
30394,76.0
30395,86.0
30396,79.0
30397,34.67742314080554
30398,77.0
30399,81.0
30400,57.0
30401,65.68393658453626
30402,74.0
30403,57.00256131525967
30404,48.72201563016513
30405,49.147955725801154
30406,82.33333333333333
30407,80.0
30408,62.0
30409,83.0
30410,66.5
30411,58.306787935138
30412,48.903887513225975
30413,45.792822677004146
30414,85.0
30415,75.0
30416,82.0
30417,78.0
30418,79.0
30419,77.0
30420,73.0
30421,46.82442752564352
30422,53.41725958028314
30423,93.0
30424,29.227084050124635
30425,57.657463391435165
30426,48.18470769851112
30427,77.0
30428,86.4
30429,59.22985150692746
30430,48.29975458504206
30431,57.539775322594586
30432,75.0
30433,48.97490264596422
30434,50.76177141953378
30435,61.0
30436,76.0
30437,56.07318036784996
30438,75.0
30439,78.0
30440,55.0
30441,55.0
30442,71.0
30443,56.48181722297133
30444,76.0
30445,71.0
30446,40.46933338469227
30447,80.0
30448,77.0
30449,77.0
30450,85.0
30451,80.0
30452,67.0
30453,37.31644950736822
30454,78.0
30455,47.69864931652712
30456,72.33333333333333
30457,63.0
30458,38.666666666666664
30459,51.6
30460,78.0
30461,83.0
30462,55.85694697094793
30463,76.0
30464,61.0
30465,52.817125678941196
30466,68.0
30467,35.0
30468,83.0
30469,49.54983895141002
30470,76.0
30471,42.802448126205206
30472,38.49057980502271
30473,57.35128985038715
30474,58.0
30475,42.32937183132285
30476,44.06988368743528
30477,50.58035523805447
30478,47.29345590393177
30479,40.899447402272884
30480,45.1532168214588
30481,43.887479563902005
30482,44.545627555935496
30483,49.4981512768151
30484,55.092438461769895
30485,50.728571078964514
30486,48.44655949704627
30487,58.134392916544776
30488,44.3610086297705
30489,46.56842292599712
30490,41.09710460658199
30491,49.75260703202097
30492,49.30663927822234
30493,48.02220876603281
30494,34.649926205357865
30495,50.68905526673672
30496,40.450410107304734
30497,47.71902136607711
30498,45.21911363638177
30499,46.20161425925941
30500,49.221524609016846
30501,49.23958255332991
30502,46.997284036907686
30503,48.17384321232446
30504,50.924495122391306
30505,49.708402702815555
30506,47.72904162412691
30507,50.95741728568286
30508,48.856519189520974
30509,50.70284993987283
30510,48.733598553007226
30511,54.95954904299781
30512,53.46091741119617
30513,53.26626236964012
30514,60.08847888772906
30515,53.69165571178371
30516,48.586699785783864
30517,53.36750744565123
30518,48.58580697199674
30519,44.784533672531694
30520,49.4600391661854
30521,53.94114648914118
30522,59.39214401928469
30523,53.10639569855443
30524,53.9506213756734
30525,54.49568875454893
30526,51.85161062316259
30527,38.0
30528,51.861005682502594
30529,52.63854519215398
30530,83.0
30531,52.41364375224506
30532,50.55807713963253
30533,54.78354440719588
30534,55.986464298785485
30535,58.98626616184
30536,52.89828027897678
30537,58.66244986910967
30538,54.04299590203078
30539,67.0
30540,54.534019302410954
30541,51.04615375811766
30542,56.40962089689865
30543,59.69759202857723
30544,55.77836717216319
30545,51.7349974382795
30546,46.8920216023408
30547,47.43859384352327
30548,45.58560730045626
30549,57.910280108677256
30550,46.45200502520058
30551,50.319153108742206
30552,48.16420724583836
30553,46.855018351230015
30554,53.31945043345463
30555,42.532069025617304
30556,47.595477307045726
30557,48.16911778902213
30558,50.826497153490656
30559,52.27028329216581
30560,50.05203966650948
30561,46.4843349217509
30562,48.33664309888342
30563,48.393205091174615
30564,52.83227345953804
30565,40.28939330386644
30566,47.204070947495566
30567,52.02803917728796
30568,48.511285111492974
30569,44.62611829394398
30570,48.89968693440232
30571,49.0
30572,66.0
30573,45.43446630530489
30574,45.28928741887912
30575,44.942735287113145
30576,40.77999779206338
30577,47.89818088477677
30578,49.51966321735465
30579,44.98351111398301
30580,41.52736611996269
30581,50.05606699072742
30582,43.182334173868554
30583,40.27338242457541
30584,48.76401194844217
30585,47.324114546155194
30586,45.17835614686521
30587,44.92174540340539
30588,48.224639881094646
30589,46.15937571362271
30590,48.33676699692617
30591,74.0
30592,44.01025047860807
30593,45.3448974827867
30594,47.8720099948872
30595,52.56944601842123
30596,38.95670332584712
30597,47.540790150124195
30598,42.7963020208395
30599,48.959478498620555
30600,45.67880084425608
30601,46.65078782880367
30602,49.52126583060825
30603,46.77547288718789
30604,46.07312232777374
30605,44.384276633865085
30606,44.94581392901071
30607,45.34167703630007
30608,46.68904758856103
30609,45.699001693890956
30610,43.177245846986004
30611,68.0
30612,45.08076961651023
30613,39.063778872057156
30614,49.698820125666565
30615,47.608445254565105
30616,47.50484579164722
30617,40.97421900702202
30618,52.0
30619,39.61807454252478
30620,72.0
30621,37.20650316424327
30622,73.0
30623,49.163969765228806
30624,77.0
30625,42.0530152911873
30626,76.0
30627,48.96844219349708
30628,79.0
30629,85.0
30630,42.04993079590747
30631,50.51825729937489
30632,70.0
30633,58.0
30634,49.51084473919438
30635,47.39327224937694
30636,74.0
30637,71.66666666666667
30638,76.0
30639,76.0
30640,41.7293646040746
30641,72.0
30642,57.65363974484144
30643,47.05646424607795
30644,45.956952955483054
30645,58.856743981442875
30646,50.43132473378217
30647,82.0
30648,84.0
30649,46.085592997516265
30650,68.0
30651,45.66684751825685
30652,50.42885287697088
30653,77.0
30654,67.5
30655,37.43541368721851
30656,70.66666666666667
30657,75.0
30658,40.06285796065217
30659,82.0
30660,56.365946231622274
30661,78.0
30662,76.0
30663,42.19268850973685
30664,47.5397427467202
30665,47.07376848215546
30666,47.530705853374144
30667,40.83847569497495
30668,76.0
30669,68.0
30670,42.8324932738252
30671,59.6817665781911
30672,81.0
30673,81.0
30674,37.23481657069523
30675,67.0
30676,70.33333333333333
30677,78.0
30678,80.0
30679,83.0
30680,74.75
30681,77.0
30682,81.0
30683,38.99780645221211
30684,67.0
30685,46.87230725844564
30686,43.0599002307913
30687,75.0
30688,37.0096244127372
30689,53.656304229284146
30690,39.482341682001746
30691,74.0
30692,42.666666666666664
30693,30.666666666666668
30694,40.37320450484441
30695,63.0
30696,43.0
30697,40.208704453875804
30698,48.062478762369366
30699,48.45171414827771
30700,78.0
30701,39.03650197846109
30702,45.67348983311754
30703,43.85616628854187
30704,42.86024809817188
30705,44.98686657357797
30706,45.81653143843268
30707,47.54209654873601
30708,42.86271050910403
30709,73.0
30710,50.74002392062414
30711,39.52070489899708
30712,43.99727567331577
30713,61.0
30714,64.0
30715,65.0
30716,22.0
30717,50.10132250281889
30718,61.0
30719,44.8340396322931
30720,47.69945272119742
30721,50.828446144549524
30722,38.96679392538122
30723,63.0
30724,54.292605536300165
30725,41.45400920143095
30726,48.301577098755345
30727,46.74647824663412
30728,39.62207915254486
30729,33.0
30730,64.0
30731,38.11833857597534
30732,45.31723992335255
30733,42.246255111892445
30734,36.89280181296124
30735,51.32920186259295
30736,74.0
30737,39.1622521622842
30738,45.9648035262852
30739,50.758204133422815
30740,51.230267360598845
30741,51.89271060724025
30742,46.92804037071034
30743,44.80692577655275
30744,73.0
30745,47.938854413282925
30746,52.388615679534205
30747,50.27524788239423
30748,51.41314662200705
30749,71.59225894628375
30750,41.058541822316634
30751,54.43830205784502
30752,45.768543521189365
30753,52.37165085964023
30754,37.38171156026785
30755,40.014126726314174
30756,48.530621297379845
30757,47.3702974810875
30758,54.40996736815663
30759,45.84193370567173
30760,11.0
30761,51.93603146370004
30762,37.0967264505221
30763,40.71522729356677
30764,47.456815220830535
30765,51.79745909903396
30766,49.242076822226736
30767,48.6732348041005
30768,59.0
30769,43.074670545101355
30770,50.525112516094445
30771,52.66741401219531
30772,49.02496259330245
30773,40.470616260021366
30774,35.33857583091035
30775,40.7826097244452
30776,66.0
30777,73.0
30778,50.30057442626826
30779,58.0
30780,47.672667866422756
30781,51.10385948085545
30782,36.572317120804755
30783,48.46277189602779
30784,57.261756338687206
30785,43.596389579593065
30786,58.601278202950986
30787,46.61903381447262
30788,52.51540111248461
30789,49.20413931656949
30790,55.92781462499912
30791,64.72687522168583
30792,54.87625655936235
30793,52.57138513262844
30794,76.0
30795,51.692104511725034
30796,51.4485565732584
30797,51.000272287555696
30798,43.911999556508555
30799,52.183228053454926
30800,46.666666666666664
30801,48.3420968678911
30802,56.39129937182876
30803,58.73049369960713
30804,42.0
30805,51.63896718005398
30806,54.63728973135736
30807,52.13129194607863
30808,43.24533800245827
30809,50.29635708135469
30810,42.8039677214916
30811,58.57125678959936
30812,49.31364528849795
30813,47.78485428584021
30814,53.35517514136456
30815,45.79358936174092
30816,50.21791134981317
30817,53.35647294465311
30818,44.40043001840916
30819,38.0
30820,42.667648622549656
30821,50.46746546347042
30822,47.26049054958662
30823,54.030653962385955
30824,53.568254285682144
30825,44.197292888906006
30826,51.44781142071949
30827,52.31094696861977
30828,59.82267626111377
30829,42.0
30830,53.13142124838809
30831,46.762907230530665
30832,45.856301011736846
30833,52.78843708695076
30834,50.25317199467539
30835,55.229391085227135
30836,51.56909829892756
30837,49.36716646910197
30838,41.150055043723775
30839,40.98534108148924
30840,38.156778514698075
30841,54.7608109159009
30842,48.24554497389022
30843,43.38607890871063
30844,83.0
30845,60.87323685670709
30846,47.0
30847,87.0
30848,52.982150453640465
30849,51.313764521810164
30850,58.984310266232846
30851,47.60146458420494
30852,33.0
30853,44.4053257274706
30854,51.950765027180175
30855,39.11216178945613
30856,76.0
30857,40.22188478654711
30858,38.67808796120384
30859,55.0
30860,3.0
30861,20.0
30862,78.0
30863,59.0
30864,47.77209743327625
30865,74.0
30866,61.0
30867,70.33333333333333
30868,67.0
30869,56.07318036784996
30870,75.0
30871,74.0
30872,72.0
30873,69.0
30874,51.28678422053104
30875,45.76538205589104
30876,67.5
30877,43.76958468167058
30878,60.0
30879,4.0
30880,43.65293256522468
30881,37.40146213810392
30882,39.523882704631895
30883,41.54847919413911
30884,38.38886872208381
30885,38.405316896573126
30886,40.887474350454056
30887,65.0
30888,38.134135233332586
30889,71.0
30890,46.91908022331306
30891,44.93015360033896
30892,43.82654470403042
30893,37.64055230816869
30894,41.75908939827478
30895,40.82454316839153
30896,46.09980333911615
30897,37.753349591571464
30898,45.77228903211437
30899,48.0237586767579
30900,34.754975635260976
30901,38.50082058288848
30902,65.0
30903,42.43895629968078
30904,38.12657550971303
30905,45.29026690423671
30906,44.229684203464615
30907,38.50246525569676
30908,41.746139747449185
30909,42.46904448415774
30910,39.58356437693693
30911,72.33333333333333
30912,50.358674580071636
30913,72.66666666666667
30914,43.48653462876167
30915,43.957329062348094
30916,81.0
30917,43.24831236249432
30918,43.204940624720464
30919,41.348472448753604
30920,3.0
30921,8.0
30922,47.05691269140837
30923,40.536752131978425
30924,42.10233223564084
30925,46.5
30926,38.3038833343194
30927,77.0
30928,47.609898959144694
30929,77.0
30930,82.0
30931,40.90235237534546
30932,32.50307799918789
30933,42.63063713400557
30934,36.483759068652944
30935,51.0432146015447
30936,44.41243944927998
30937,58.0
30938,37.15569100137829
30939,41.25
30940,49.333333333333336
30941,60.0
30942,40.64126754382592
30943,62.75
30944,35.5
30945,39.620393438174695
30946,38.10616647029948
30947,8.0
30948,42.49286036994206
30949,42.791772577276554
30950,58.0
30951,44.21303458414572
30952,38.739363666627014
30953,13.0
30954,30.605786779330664
30955,9.0
30956,61.0
30957,37.04194218654675
30958,14.0
30959,19.333333333333332
30960,40.88679904149937
30961,40.04692414172292
30962,39.01995497105037
30963,41.67560008496382
30964,51.6
30965,42.38157599577417
30966,44.375217980284674
30967,38.875639693187765
30968,43.19852709859051
30969,40.089130944932315
30970,37.303368092209965
30971,36.43206987492625
30972,68.0
30973,43.42176189416898
30974,44.252340913086336
30975,71.0
30976,65.0
30977,50.45700564061409
30978,38.309352978540296
30979,40.74699173346413
30980,71.0
30981,41.444607549023175
30982,41.917628619145795
30983,38.180867588070264
30984,61.0
30985,42.29995211414715
30986,41.75513573741336
30987,7.0
30988,70.0
30989,14.0
30990,39.93136568600586
30991,18.0
30992,11.0
30993,38.96874555234492
30994,37.466786419350484
30995,43.360591822053706
30996,6.0
30997,39.286786149049966
30998,51.0
30999,58.0
31000,44.45622913376562
31001,51.5
31002,42.0
31003,47.24791961089227
31004,38.52429229234617
31005,38.70867027571482
31006,35.78397981261424
31007,40.325021594160226
31008,65.0
31009,49.26081686454473
31010,43.75793526804551
31011,62.0
31012,38.434073053124806
31013,41.47729798072196
31014,4.0
31015,45.0
31016,46.572615088237065
31017,39.78672887728893
31018,75.0
31019,45.0
31020,85.0
31021,42.09490455474199
31022,7.0
31023,47.187927888354324
31024,45.707214803849
31025,45.53591061751422
31026,45.56397757677121
31027,0.0
31028,22.110435744148383
31029,43.7719182904098
31030,72.0
31031,31.69945788875871
31032,29.366159374666463
31033,40.25283116531014
31034,5.0
31035,27.250716898763976
31036,26.79618236935099
31037,44.0676577159765
31038,43.29349196627097
31039,26.72066644527317
31040,0.0
31041,28.400303405321345
31042,26.635178544708708
31043,28.29309675730662
31044,42.4557554183476
31045,42.39502040165689
31046,30.580663163529934
31047,31.17508371220166
31048,50.156411676563536
31049,2.0
31050,44.7423935218419
31051,29.261141533241762
31052,27.719290526260984
31053,41.37053202665019
31054,32.12457015283829
31055,27.122891472890423
31056,29.80771957029615
31057,26.90185797771978
31058,37.51552606805974
31059,40.393040872699444
31060,38.94480581650891
31061,48.645839687957825
31062,25.442309992612348
31063,48.07443880675073
31064,54.0
31065,33.873756556693984
31066,42.56282686549725
31067,31.072934036239328
31068,29.56036384288482
31069,26.109284284604136
31070,29.467816222591217
31071,42.67298032603422
31072,32.59308357043645
31073,28.002224487048316
31074,30.05054679198554
31075,27.26937145121031
31076,32.79132989597562
31077,44.238885055996114
31078,39.597646906745766
31079,42.81791396752849
31080,35.779879906604286
31081,38.46704576854817
31082,39.9476339088068
31083,47.78095764647709
31084,29.161905531828022
31085,37.99035996571005
31086,35.372916021185645
31087,25.09789555878671
31088,39.12342666497554
31089,48.4806542508068
31090,26.26747916663959
31091,28.912625616102567
31092,28.777402050307558
31093,38.7098057274593
31094,35.821317701689004
31095,27.48974371189134
31096,41.220627480141566
31097,41.742456164195545
31098,32.09862916020587
31099,39.66416844822469
31100,38.503332436603564
31101,44.11608282055181
31102,45.31737277168066
31103,48.665836529363766
31104,42.47606434352372
31105,26.605877999411074
31106,48.65283454530061
31107,33.66367091716759
31108,41.18571240484447
31109,41.490205230671364
31110,46.61073287683687
31111,45.90943627879494
31112,29.73114956219414
31113,27.06193519581148
31114,47.997378194632
31115,52.67647105748352
31116,42.69387174167058
31117,43.756365364112604
31118,48.646822405611395
31119,47.0
31120,44.17555455260948
31121,26.762448644863387
31122,29.21839151354974
31123,32.1069602013182
31124,35.26664023862801
31125,28.030213718886294
31126,36.99013215601139
31127,54.61887269047085
31128,43.27087266382824
31129,35.611914665553726
31130,37.18922497800721
31131,43.60280739924745
31132,47.96776969264078
31133,33.76269207116302
31134,42.65501600834373
31135,44.08747320138672
31136,41.43697311907613
31137,35.93994160443163
31138,26.388741042936786
31139,35.750115530394446
31140,25.784592745374354
31141,42.95198006771284
31142,44.78968838627901
31143,35.120653475305396
31144,44.1926994234045
31145,44.907260999681036
31146,38.18839131116499
31147,44.80050679725138
31148,36.59868116389182
31149,44.53291993712545
31150,24.19054798859299
31151,38.83770917604149
31152,29.59623316277261
31153,41.429337214852346
31154,45.260726431212454
31155,28.019460392348748
31156,32.143811013816936
31157,46.7591682955962
31158,32.66285428625779
31159,35.41495947255401
31160,27.420897597648743
31161,43.12060180243605
31162,44.636533478810435
31163,28.292769889587838
31164,36.98391702172264
31165,41.03212531401979
31166,33.358531084290156
31167,32.448659319830384
31168,27.801458152354257
31169,37.06105500600105
31170,41.91489443619297
31171,34.662077935179276
31172,44.33665552322234
31173,41.133287806985365
31174,27.781454944690875
31175,34.65904728176499
31176,36.797673818729656
31177,33.746747864830795
31178,45.75729844847467
31179,35.21253629519567
31180,46.79848049618231
31181,24.613666199039713
31182,31.264172308589654
31183,30.41746170420742
31184,31.714852570488574
31185,45.06887214596511
31186,39.04381686308409
31187,36.04854266662172
31188,24.140286948717183
31189,29.81504979903342
31190,35.290723460494014
31191,40.547394955653274
31192,43.992505603114616
31193,45.644070909582986
31194,30.87104737657452
31195,43.53996337297348
31196,33.75576752778531
31197,36.05268395848234
31198,39.68151491999487
31199,28.050015984233283
31200,37.712833760420715
31201,32.110114321282225
31202,46.603854729662416
31203,35.99413654189986
31204,41.17367001433602
31205,34.01889756319955
31206,48.574977561606794
31207,36.52056352755902
31208,33.69218854598541
31209,32.075503091295985
31210,42.38912924849331
31211,33.86424153372741
31212,29.43826315040871
31213,29.658737265114134
31214,31.3197736919734
31215,26.86664553770991
31216,44.22408434515214
31217,28.147566130392775
31218,37.02594298301222
31219,43.8419192619048
31220,49.80809328083574
31221,50.792750807251096
31222,43.97225550886782
31223,49.66856485321879
31224,52.65154057272772
31225,47.902965018802846
31226,44.91169034034888
31227,46.567757551489464
31228,47.22878036628665
31229,44.61240950616297
31230,48.68325909584869
31231,55.68928725748337
31232,50.86909306086245
31233,50.11975399646158
31234,45.49304206511658
31235,51.29653031712778
31236,43.8751315176855
31237,42.500716214780994
31238,41.501087266205744
31239,44.23823689656388
31240,46.11790907702077
31241,54.5810041845039
31242,41.04947175284372
31243,42.508579335518846
31244,45.707397122353534
31245,56.83860557036011
31246,49.90296290096047
31247,49.92397499490708
31248,49.64272140372198
31249,53.2080972794997
31250,44.526579771257566
31251,51.08821747554908
31252,50.73474516397252
31253,46.19142583754055
31254,49.370121279730355
31255,50.0
31256,42.83849808175677
31257,46.13556260575431
31258,42.993210272253
31259,54.98211117699149
31260,42.94890224813463
31261,51.297262618088176
31262,47.16438962063822
31263,44.38685185379813
31264,46.03430218458073
31265,44.534737852168234
31266,66.0
31267,54.45616358670863
31268,53.67214737942642
31269,52.514296144420825
31270,49.010531338090416
31271,44.61639691030098
31272,42.221961939371354
31273,44.06313753441727
31274,48.11589597631266
31275,45.74148747322955
31276,42.92320087158933
31277,43.054501012485986
31278,41.05708701643184
31279,43.48600614881212
31280,47.189380528276224
31281,48.76570045605615
31282,49.389559434323424
31283,47.548597393098426
31284,42.756031644336694
31285,44.52271479287149
31286,61.0
31287,46.311003606527436
31288,58.53796902269745
31289,44.469059564524684
31290,41.29525776957787
31291,41.92031931197228
31292,46.82657600526442
31293,53.233294409650604
31294,46.209288901572805
31295,51.74953282958932
31296,43.60957615927673
31297,46.28906111245886
31298,45.984028723315284
31299,46.35563558409415
31300,49.25671363398552
31301,43.86923256468956
31302,44.51821891272679
31303,46.559719935645724
31304,51.43879098777362
31305,41.934901237664796
31306,39.2929876357309
31307,37.29938902626035
31308,37.04528327593654
31309,58.0
31310,44.797025374957876
31311,37.394929117425626
31312,44.214819498353336
31313,48.06691218234892
31314,45.40724995123855
31315,38.751328467749886
31316,66.0
31317,43.73631031270789
31318,53.586787091271866
31319,54.5243350809764
31320,49.5527125422384
31321,47.57493863178437
31322,51.877706073955736
31323,50.10374568388213
31324,43.81668700063785
31325,46.92213051731311
31326,50.20958257791113
31327,40.7826097244452
31328,47.72791446855958
31329,51.488472927018705
31330,48.46277189602779
31331,37.82920512901764
31332,47.14133781074972
31333,39.808078633393144
31334,44.838190013465905
31335,45.57810378797824
31336,45.5230489860989
31337,72.0
31338,38.108452383045446
31339,44.03355767934478
31340,42.232720300994245
31341,50.2295882536016
31342,50.99952523682172
31343,65.0
31344,51.98621477791941
31345,47.27444340524364
31346,80.0
31347,45.518329042210006
31348,49.12838760058839
31349,42.12849407863439
31350,48.603255122944894
31351,57.0
31352,65.0
31353,40.44180453512974
31354,37.40146213810392
31355,45.632639137193046
31356,39.58356437693693
31357,50.50199187607189
31358,73.0
31359,46.572615088237065
31360,43.50722028912688
31361,45.08225789515558
31362,46.22234789766557
31363,48.048345045425684
31364,1.0
31365,46.542302615271865
31366,45.28584868947354
31367,37.84916524974988
31368,36.393014038824134
31369,45.09422860617645
31370,50.30495365466744
31371,45.29611992188614
31372,41.92118013473779
31373,48.34799725538328
31374,50.129237980654665
31375,34.296323438176714
31376,39.14909848576028
31377,41.05990458085455
31378,49.12175470075403
31379,51.25552805216096
31380,49.276664434753364
31381,49.47164644472344
31382,45.94120965087503
31383,73.0
31384,46.80423330797466
31385,49.110832999599
31386,43.695534956170384
31387,48.30603079923468
31388,74.0
31389,41.96723427813893
31390,84.0
31391,48.1047310321471
31392,44.60238485402215
31393,46.225306638837935
31394,38.07034915420641
31395,51.5
31396,48.96303851109902
31397,68.0
31398,48.14676619710736
31399,46.76413724826142
31400,47.26823959436368
31401,47.306380318036595
31402,46.39355768784503
31403,40.7516958000498
31404,78.0
31405,42.35734925584555
31406,17.0
31407,42.02317143672851
31408,58.0
31409,40.44543223344453
31410,37.53194118516698
31411,37.65953527544572
31412,37.68963571091025
31413,45.36836583000272
31414,44.19881746123702
31415,50.162591903254686
31416,51.54941740874851
31417,43.239300613127455
31418,44.17106406373571
31419,36.8127587917391
31420,47.89615467500772
31421,47.47577826143703
31422,30.951885263448947
31423,42.33475505902966
31424,47.24720884583772
31425,39.933433899968094
31426,49.97722625811092
31427,42.461875171581575
31428,43.38548926654283
31429,41.05907050472751
31430,48.90551436330674
31431,51.03170849921933
31432,40.67277277639984
31433,45.9936963453509
31434,41.24449188122804
31435,47.51541567786218
31436,42.94402451035394
31437,46.460306083581536
31438,37.77790146902224
31439,42.83144947896828
31440,42.53019636459653
31441,48.565362444112246
31442,39.25526300912208
31443,47.42344229574491
31444,44.3262570390002
31445,42.09406726454462
31446,29.911695847349083
31447,45.000544240057096
31448,46.405149590063715
31449,44.45908984767537
31450,45.2349022325516
31451,47.18996926539312
31452,46.68321312023454
31453,45.55001657955773
31454,41.31152051721902
31455,39.495031678139156
31456,46.11298679635509
31457,47.5282681057649
31458,44.732971405078175
31459,48.963061181269104
31460,43.78090319415388
31461,42.02042665198892
31462,42.746175439831816
31463,48.9301367181976
31464,46.5264502286537
31465,50.4807247599162
31466,49.12928324310846
31467,34.10985844642081
31468,42.42254072404647
31469,36.771223373180675
31470,44.911781918603744
31471,47.3066932899049
31472,44.93422742550844
31473,47.6440780970351
31474,40.605501292536985
31475,46.04318613878564
31476,49.19726597644485
31477,48.14206260721076
31478,45.39513863853825
31479,44.569033903390306
31480,44.28079213673408
31481,47.58027230670199
31482,45.886863588543385
31483,43.38785140872375
31484,45.947683343332045
31485,48.25956284483117
31486,48.33139748642919
31487,43.38501055778135
31488,46.32025415559888
31489,50.130696716843
31490,44.480119922221775
31491,45.37003390909675
31492,42.906859706401875
31493,29.637834252450986
31494,31.570694817892612
31495,48.40293739474383
31496,48.15383161903347
31497,41.9217855122742
31498,51.44908374922085
31499,38.46756579844343
31500,41.31050191154995
31501,45.13280464906183
31502,31.399308433612752
31503,38.654137310944066
31504,46.8009553060738
31505,44.22127908351861
31506,46.81939912809791
31507,42.88471107242897
31508,41.07679395649652
31509,48.512608326938896
31510,42.083475966237316
31511,42.60066432809799
31512,35.02275918169546
31513,44.35703983440422
31514,44.267568953944185
31515,40.56493379549747
31516,54.81134914071228
31517,52.34792901226422
31518,42.770612197250216
31519,47.53422839840518
31520,50.986504193472776
31521,52.82808597781902
31522,49.580147548333294
31523,48.45531401906135
31524,44.79658923930038
31525,50.54495193996419
31526,68.0
31527,54.162512014565024
31528,52.477909005250915
31529,77.0
31530,33.298614271250706
31531,48.65530455197467
31532,31.507805564786327
31533,48.66249560878248
31534,42.778342362060826
31535,45.000049461730185
31536,33.613060790233554
31537,49.33815617281698
31538,38.0580719040312
31539,41.96302307506341
31540,47.44772646084805
31541,47.841130598190716
31542,46.05289405369664
31543,45.190158891129066
31544,38.095427070849205
31545,30.93550658415756
31546,51.4700750209947
31547,62.0
31548,48.36445572961278
31549,39.07966694501976
31550,47.07019086841119
31551,38.64409065697911
31552,34.633661092217295
31553,33.30408874835522
31554,42.353461095871474
31555,41.31504082361009
31556,38.90595252583878
31557,48.340993788652916
31558,44.839859922024644
31559,47.87208126590289
31560,37.58791717268174
31561,46.10263472751403
31562,43.97056945882705
31563,45.73950984044502
31564,41.050768150476635
31565,37.48686426894533
31566,37.74383351960079
31567,49.514612901656534
31568,42.078730599609656
31569,42.8440118539764
31570,38.77649189990799
31571,37.576816136896426
31572,41.59073404252465
31573,42.64791242220948
31574,40.028106719023796
31575,42.88584458395112
31576,45.77296855424302
31577,46.23330321758184
31578,42.8127328460647
31579,34.66378641447025
31580,37.71162353527681
31581,43.99107900717011
31582,46.292018863148705
31583,46.54560323800754
31584,36.101291633465635
31585,2.0
31586,38.405316896573126
31587,35.83094684533846
31588,37.044688132382674
31589,40.45570883012737
31590,39.534556132198986
31591,39.69862072015717
31592,37.230083792621805
31593,38.66867401642589
31594,38.33145503866114
31595,45.44094797752626
31596,38.08691636640184
31597,31.586097719908803
31598,37.69400192552612
31599,34.041694289079196
31600,42.91858012893017
31601,38.63617810316557
31602,36.71023210341215
31603,38.71893113068039
31604,42.02844353404855
31605,35.165722617932964
31606,43.2052757791028
31607,38.66779066581361
31608,38.28142265157428
31609,37.44289873606474
31610,39.905724500785205
31611,41.47107192204731
31612,36.66928284942076
31613,39.78276401403047
31614,39.03841473385667
31615,36.14148562961329
31616,52.11753402259188
31617,37.03124701033583
31618,29.39258279517092
31619,33.57936401419038
31620,39.398496523787365
31621,35.345939979494574
31622,36.63622542224286
31623,29.414076257544593
31624,37.06406368810122
31625,37.112751003915996
31626,38.77095139313097
31627,32.04461995751819
31628,34.641453893783
31629,44.90812675041701
31630,34.21668549919586
31631,37.98206162211726
31632,42.08718921327749
31633,40.12066946868115
31634,34.91017208170839
31635,38.435414872882596
31636,37.53339434074963
31637,28.352634647562706
31638,32.15074209862906
31639,28.29150088006591
31640,33.12670896798585
31641,36.8633413286527
31642,39.501706374565636
31643,42.27831840549974
31644,31.022378343046647
31645,35.22446075185013
31646,33.54830057509009
31647,35.34416834388463
31648,39.03294625900717
31649,40.63380033051771
31650,40.06811771516175
31651,39.33814486569318
31652,38.30465930352926
31653,36.2305769725688
31654,46.0
31655,41.7314557223639
31656,32.625072309470376
31657,48.876452853469615
31658,47.30841272776405
31659,28.882701156644632
31660,32.704800478222005
31661,36.83024995248034
31662,39.75357507504735
31663,40.699175151941084
31664,40.83006957634906
31665,44.91429435740271
31666,44.877871396609066
31667,43.77324303969682
31668,39.15294693473061
31669,42.12395273100609
31670,42.14338339379715
31671,34.86538568030251
31672,38.4794363145653
31673,34.485269770375936
31674,39.66149174845317
31675,45.639868731342425
31676,44.62114454912307
31677,32.20299061560193
31678,40.5203806834785
31679,44.7305448671612
31680,38.95252786316851
31681,33.232710723634
31682,36.96812937775436
31683,50.26332798739015
31684,34.97249466919257
31685,46.94889042884946
31686,39.328559469086045
31687,38.49672507913991
31688,35.74046149977915
31689,38.0
31690,49.521574653566695
31691,51.65952303244852
31692,27.713526193064418
31693,43.672322483870985
31694,46.17620411815475
31695,35.86089031614155
31696,41.69896055996181
31697,40.55747949228564
31698,38.66971495777932
31699,47.698478446375155
31700,40.49226821998022
31701,34.33496749819403
31702,34.06481716760333
31703,40.45035625774759
31704,41.69537011275079
31705,38.55273940047321
31706,44.76857845270193
31707,35.076619206143704
31708,39.437521771541995
31709,38.493038215876595
31710,29.986883260596834
31711,48.83834933060023
31712,48.81855779654463
31713,37.74341988808019
31714,46.85392300899381
31715,43.81435418927955
31716,54.23483420104052
31717,35.0
31718,29.69620017288811
31719,27.390926521181484
31720,28.63399048092212
31721,28.234856666227742
31722,56.20224772393493
31723,58.0
31724,47.41600250983848
31725,48.751917194307985
31726,31.35668096379383
31727,53.314764989331195
31728,34.14934503401151
31729,31.94669610565922
31730,46.521749749186974
31731,23.140124991384077
31732,37.033019200747596
31733,36.162337506860915
31734,39.901114029251474
31735,43.7719182904098
31736,2.0
31737,27.326015780043463
31738,30.580686275153397
31739,56.0
31740,25.673435676341168
31741,46.21246963956677
31742,42.9461329689681
31743,24.661673399730944
31744,32.324554461364734
31745,57.11943970336453
31746,43.61420624972124
31747,54.341858104994785
31748,48.61028945726127
31749,30.00682462851251
31750,44.60481402811831
31751,47.13014471593809
31752,43.05610460073976
31753,42.10588386828598
31754,39.09540911606229
31755,37.14791725418359
31756,55.40771693016565
31757,45.575622050183505
31758,42.120930529438674
31759,50.73507877627152
31760,39.7475643980392
31761,43.49915589612655
31762,41.90548525184275
31763,49.3177384676677
31764,44.57470477191503
31765,31.324809364523
31766,41.337910680682235
31767,45.66764423305288
31768,45.224148510956894
31769,51.29574131732601
31770,57.57940690583612
31771,47.63183593167319
31772,27.01981368011851
31773,35.15238695410565
31774,47.72390097533291
31775,30.69325003894143
31776,45.32699388561984
31777,42.89588447545201
31778,28.157203777999197
31779,27.36330687782641
31780,27.586902518796293
31781,45.110503807934236
31782,44.302397067143254
31783,37.78801200679482
31784,48.4398039274636
31785,50.549173321519305
31786,61.0
31787,77.0
31788,34.0674060057474
31789,46.89549690195296
31790,69.0
31791,47.71620368762459
31792,45.6730227158075
31793,43.451004694920925
31794,51.05540373515538
31795,28.29366238697115
31796,40.75124801749701
31797,45.110503807934236
31798,44.9598860769526
31799,44.897535029401205
31800,43.953942332405425
31801,29.68932988559969
31802,47.07481052440708
31803,1.0
31804,45.11194250750988
31805,55.0
31806,41.05409231914327
31807,40.429881753592014
31808,45.76524662030735
31809,45.632639137193046
31810,43.911999556508555
31811,48.29937981917068
31812,54.784966690095715
31813,41.68758933552477
31814,28.366709098938895
31815,47.621891733475266
31816,44.09958253948737
31817,48.00182276727622
31818,47.0
31819,39.39264587945737
31820,32.82257945366731
31821,28.558473909611582
31822,39.282684982739745
31823,36.771223373180675
31824,33.02277769976048
31825,40.45857888256596
31826,28.13155156223272
31827,46.56807823557381
31828,26.535346667456658
31829,25.387719732916494
31830,27.17930830908944
31831,40.487562025678265
31832,46.506507277004516
31833,47.6262287312171
31834,27.796262816189433
31835,26.846618369078065
31836,47.51705258483427
31837,43.99225088324666
31838,32.65217068684953
31839,61.0
31840,62.0
31841,46.522704918103884
31842,44.2818103508028
31843,33.66240838821796
31844,45.10284935768552
31845,26.018421736909406
31846,47.13062385014535
31847,47.34856040734821
31848,38.918801004259784
31849,39.70075188568108
31850,45.76338930724122
31851,55.0
31852,47.217027717683706
31853,26.673155815931377
31854,30.279760872943687
31855,33.61232947934947
31856,51.05368192043005
31857,61.0
31858,44.231171340580005
31859,43.16988559247347
31860,47.49703031017799
31861,28.548755846909483
31862,43.62256760619401
31863,45.10284935768552
31864,39.58329930712852
31865,27.351013615177923
31866,25.907452228272234
31867,34.08546097217909
31868,40.73963453749699
31869,39.44311435022673
31870,38.138558515704844
31871,40.209246514555595
31872,26.707246572458587
31873,37.08056977208749
31874,40.820010153001554
31875,40.358792499137394
31876,35.76278824862366
31877,39.09745144413377
31878,38.2761223616571
31879,37.494023702081115
31880,27.16896370906378
31881,42.69173835184651
31882,32.707500671591546
31883,38.69781019791311
31884,36.960362469459106
31885,30.904131948073566
31886,37.56373916013353
31887,43.18964087757681
31888,33.78041330238686
31889,37.9454385910262
31890,34.68846205095615
31891,33.854044851421186
31892,30.72065857729884
31893,33.05274126090023
31894,31.152266404025312
31895,26.471520216703198
31896,36.16752222546892
31897,39.1851441762434
31898,36.08324477260638
31899,38.82389211761942
31900,36.99983739094353
31901,39.06901688120654
31902,35.4811517799358
31903,40.712777137131305
31904,42.74672567262005
31905,31.00102608966307
31906,27.81108209141436
31907,30.568711358898412
31908,35.48627472330352
31909,38.03130368246257
31910,29.023308442705858
31911,34.63080993618187
31912,38.591536959377386
31913,41.03931248588972
31914,30.235138505468917
31915,38.35644970708457
31916,35.51223879678103
31917,33.526729648528324
31918,39.940724884066796
31919,42.277349847514614
31920,38.25289929236968
31921,32.47469322177206
31922,33.090225998061364
31923,39.712436707503954
31924,31.84320254369267
31925,35.845300507727366
31926,42.26191696829085
31927,36.63466495928628
31928,35.247512969802784
31929,27.8764057880185
31930,35.67714834488108
31931,36.69694809255984
31932,34.7600657982749
31933,32.18680481967753
31934,40.017991264461855
31935,34.90937157395539
31936,31.15155149216046
31937,33.752865489473294
31938,30.132024401466257
31939,36.30720628514761
31940,34.509110301392674
31941,37.23635979141437
31942,22.674761576669525
31943,36.94076371098049
31944,37.238661618392314
31945,43.726114309999176
31946,44.683728004620434
31947,35.80621824803564
31948,42.114661504680384
31949,26.519804402098956
31950,41.59556230955579
31951,31.30460468190576
31952,38.56474773830942
31953,30.314813858181264
31954,33.35614483635357
31955,43.9697043635703
31956,35.867648696295525
31957,31.483232758253106
31958,42.31619209801567
31959,36.95709619537642
31960,36.65286230996679
31961,38.48365136097625
31962,45.69917174101054
31963,42.74914192627452
31964,27.404930416398887
31965,39.268814891967466
31966,37.22144593296144
31967,56.0
31968,58.84283608916162
31969,48.1467087566077
31970,42.23631348701404
31971,55.06759413097952
31972,49.50300435291242
31973,47.165365269401214
31974,37.44093474698674
31975,48.861908902775056
31976,47.748753533702455
31977,41.47232159743045
31978,34.83631797602027
31979,42.48389354554495
31980,42.850414253312756
31981,47.371888743071864
31982,55.1760809427657
31983,50.81367710332191
31984,41.560260161820615
31985,36.74507473096792
31986,40.05849105347831
31987,43.2458167051959
31988,40.19776722349244
31989,37.69082547304751
31990,38.30282811838554
31991,40.62316067931244
31992,37.746750681728116
31993,38.927640536778085
31994,45.86591514364616
31995,39.8532551514409
31996,44.88534077231551
31997,48.29026895546743
31998,44.08209551505474
31999,38.702840175467955
32000,45.35114773937937
32001,36.08140722591145
32002,36.13990758477535
32003,51.30223250716014
32004,42.51089023006719
32005,33.61484041570368
32006,42.27968324430298
32007,47.89673644687754
32008,45.8946647577671
32009,37.68349292982224
32010,39.4429407362909
32011,45.28826007796877
32012,48.22453533688052
32013,42.54061789770749
32014,38.066578548491414
32015,41.95432349999531
32016,41.603897824098304
32017,41.249565885860875
32018,44.04869686763439
32019,45.65817271514778
32020,46.91302546248466
32021,41.43212573655204
32022,43.92162720019782
32023,38.5322521936116
32024,47.24462006364245
32025,47.17975756610637
32026,42.79433049327158
32027,47.774256421734066
32028,39.778546213445445
32029,47.32057281586067
32030,44.947263062136884
32031,50.6147552069736
32032,46.17309418415769
32033,50.37892078897242
32034,37.12207983510149
32035,40.177799330700395
32036,37.57012033872054
32037,42.74992161142005
32038,40.85239691998976
32039,42.42056008203475
32040,48.885947666642714
32041,43.72455228661129
32042,32.36746836802986
32043,52.50243691190949
32044,40.78990327276127
32045,45.798542784966735
32046,50.95019264480059
32047,44.80740068312413
32048,46.386218187935754
32049,48.55358794560583
32050,40.334127815310396
32051,43.966496502214675
32052,31.199084115842627
32053,47.85513789257195
32054,46.751111784776555
32055,54.29819569898449
32056,44.11001821086283
32057,42.230921284228046
32058,36.4165104253928
32059,51.88619625079922
32060,43.326266525959404
32061,42.7820530798926
32062,47.44026934521496
32063,53.41725958028314
32064,79.0
32065,45.08199101980302
32066,53.440946930918244
32067,40.775854914963595
32068,74.0
32069,40.67847768243315
32070,39.81735768271354
32071,54.483254339729804
32072,48.89041016391067
32073,58.32594394327257
32074,54.300757779753305
32075,50.0
32076,55.075604729040556
32077,56.43367351117439
32078,50.58624105082211
32079,47.66606778906793
32080,54.74251384642989
32081,57.995411378638224
32082,43.25960453559079
32083,53.90274705455817
32084,52.07050858129185
32085,53.14742782710264
32086,49.133262286333235
32087,52.18210140889588
32088,53.725826194577685
32089,65.0
32090,51.264852209351545
32091,60.460595330228514
32092,52.43738222284089
32093,50.68964867746776
32094,49.25549711510746
32095,51.57307394323494
32096,60.00269786267717
32097,54.82875124041219
32098,45.95342323996742
32099,46.11936076022194
32100,46.36777780816449
32101,57.07659216902566
32102,55.920377097677694
32103,43.0
32104,51.286871273841044
32105,42.334989690276
32106,50.52065559074503
32107,52.23759293805923
32108,50.6576017482585
32109,52.089029590266875
32110,45.75560949981806
32111,50.503773056568775
32112,58.85459931800906
32113,50.77222220003997
32114,44.118537695675606
32115,49.485864681811776
32116,61.0
32117,54.095824550563606
32118,68.0
32119,48.07914253131605
32120,50.501099991094385
32121,49.04318429312741
32122,51.632984256239546
32123,31.232490657850835
32124,49.3372161937049
32125,47.33877879852997
32126,49.03872101049796
32127,51.092963726052595
32128,48.970127805192796
32129,70.0
32130,54.354390662159304
32131,51.03307796931477
32132,33.176178332884625
32133,44.92700797046844
32134,49.46903668626975
32135,45.97271211527017
32136,46.356278973083036
32137,37.72489938734301
32138,36.061966904276915
32139,45.51993429956261
32140,48.2180473423066
32141,45.587990308530195
32142,50.15189430968291
32143,43.68232553635115
32144,46.80478741547094
32145,49.84182755286482
32146,48.999542979216045
32147,41.43127039594177
32148,54.60719094059738
32149,43.391079508707115
32150,47.898306967426294
32151,50.45018400830985
32152,47.363294025344246
32153,46.810478384773106
32154,47.02823704106838
32155,49.601025640416005
32156,46.097465241955376
32157,47.400637497484944
32158,47.69993025364211
32159,48.47327653625152
32160,50.503781169229576
32161,18.0
32162,48.483596361349456
32163,32.0
32164,51.95325383168051
32165,29.0
32166,59.43389053738466
32167,50.39121942265968
32168,49.10392831339448
32169,55.13586227072388
32170,47.612749516136795
32171,47.36177065448044
32172,44.045762701049156
32173,37.0
32174,46.14655288266359
32175,59.2832731555544
32176,52.11078172247203
32177,42.49027998338653
32178,28.0
32179,46.89339746204486
32180,57.758830710708125
32181,61.51820852722296
32182,47.16455688503305
32183,52.36925917376465
32184,49.21362563130078
32185,48.932110610697315
32186,50.89732173803935
32187,53.337732613796135
32188,47.95037442615037
32189,50.195222114180396
32190,50.95205860700385
32191,51.57125297246598
32192,55.97352531321977
32193,53.047562202547134
32194,51.394701595191236
32195,51.680366303308304
32196,48.995271597612735
32197,38.0
32198,47.13023583315508
32199,48.5399608430169
32200,44.811355463007544
32201,46.30985375922335
32202,56.860266591436165
32203,50.49480250570381
32204,46.74630178932921
32205,57.006853852336626
32206,51.568508584336975
32207,57.0
32208,53.45200960307802
32209,48.74352073096116
32210,59.55140761793987
32211,51.685114115157766
32212,43.77315375610935
32213,57.52569480068768
32214,45.47101262474949
32215,57.68928635425451
32216,55.344360515622974
32217,55.103224684046
32218,53.974414425586176
32219,49.87911544736331
32220,55.29478801821971
32221,58.21817438212697
32222,59.45723785363075
32223,42.254751618501736
32224,56.3516934981453
32225,38.0
32226,48.792251983324064
32227,42.98469457086807
32228,38.84943761736595
32229,40.94296111085207
32230,45.11194250750988
32231,40.83978340230288
32232,44.06912187474604
32233,39.1622521622842
32234,40.403180108990945
32235,40.34904224995095
32236,49.23604645228267
32237,44.70937807738849
32238,48.01884221684311
32239,61.0
32240,41.29823099565342
32241,37.87041206952848
32242,40.72303374491541
32243,45.826497899344105
32244,47.514039050315915
32245,42.487316953468806
32246,39.49117631943589
32247,41.94670503414776
32248,55.0
32249,36.97424847351466
32250,48.315408796157016
32251,42.63667938254875
32252,39.824132046377414
32253,50.54203297556134
32254,46.207705369909924
32255,38.750811594092966
32256,49.265932133343846
32257,43.60135649286677
32258,64.0
32259,44.4812892794339
32260,48.52863909542433
32261,44.42121331530832
32262,49.83307007185161
32263,38.73243171082295
32264,36.1652924916859
32265,39.164411415049656
32266,38.20095003672173
32267,45.966223397548866
32268,45.18482356863222
32269,47.07481052440708
32270,37.18832140355945
32271,37.0
32272,40.92953736951613
32273,37.35940261820095
32274,47.95918981154596
32275,41.24416462544307
32276,46.83681640677137
32277,42.65796613731437
32278,48.71894763940706
32279,44.22073433565499
32280,36.65349579149373
32281,45.613294747396914
32282,43.126923846902066
32283,42.12990103177808
32284,38.726393239471
32285,37.6421035659173
32286,44.51406050714865
32287,2.0
32288,46.6176794956005
32289,50.88534912026061
32290,39.72224120042314
32291,44.875549287465105
32292,38.43361031710757
32293,72.0
32294,57.0
32295,48.51157397913213
32296,45.03208773026803
32297,43.70176915001745
32298,50.01005689274833
32299,37.97403933873158
32300,42.90949818860743
32301,44.19530166015598
32302,49.967178073153356
32303,51.52038455231309
32304,41.222447447001734
32305,48.634428068834595
32306,36.572317120804755
32307,41.46411145724453
32308,37.216289034020186
32309,37.17136052482109
32310,39.45939186275638
32311,4.0
32312,43.638673622131094
32313,39.4117844325987
32314,37.49691698147943
32315,72.0
32316,44.14964262493348
32317,52.42604821772239
32318,43.771629114291756
32319,45.84127344197528
32320,47.674938177717465
32321,41.78525332836448
32322,42.42155320645632
32323,37.088811522687124
32324,47.24033420454547
32325,47.98123336651584
32326,41.0212555344914
32327,36.563945836585134
32328,46.27772679072933
32329,39.87052357334886
32330,30.497769237245535
32331,47.43198168725826
32332,42.03148824491928
32333,43.49054293416749
32334,29.323632575156577
32335,33.91899328171929
32336,25.472552936013358
32337,28.226527313737776
32338,28.08730071461615
32339,28.163970302202216
32340,33.067971718801154
32341,30.663841070770438
32342,27.236985876376405
32343,35.29560497793794
32344,30.737340284300547
32345,43.64475548101385
32346,42.70058973189407
32347,36.66401401622056
32348,46.19802278036336
32349,43.07918459854098
32350,37.172485588861434
32351,40.87536376378178
32352,29.425872863173428
32353,28.689407926478598
32354,43.73718115923128
32355,43.16304638301943
32356,39.6066840233694
32357,25.773429530721113
32358,42.190307455952784
32359,35.731038451440966
32360,44.68422981248369
32361,28.897981307202613
32362,45.56458654673973
32363,32.57452218005404
32364,27.275495213315022
32365,37.164309971760595
32366,30.106358834754428
32367,42.60697518516426
32368,43.33588043009043
32369,27.586902518796293
32370,31.561868040021636
32371,28.113193276578418
32372,30.608446481154573
32373,27.37327199705703
32374,38.7098057274593
32375,30.46092582290301
32376,30.558167362171126
32377,60.0
32378,34.131314480679215
32379,40.41063548024755
32380,48.70170653956908
32381,44.99865662010047
32382,48.2765291022445
32383,46.804190274481634
32384,28.440979429008728
32385,45.26124047709048
32386,30.166909922101585
32387,35.9281597359655
32388,50.65041117842748
32389,41.89413331395367
32390,45.971029049599736
32391,32.351583924163116
32392,45.119084873193565
32393,29.45648676978074
32394,32.00748310987669
32395,28.252075286256456
32396,32.72275953974767
32397,37.51552606805974
32398,41.78417778452037
32399,25.673435676341168
32400,41.381314893656544
32401,42.81372717073653
32402,39.722214220074804
32403,26.605877999411074
32404,47.41389662200256
32405,27.32211588025791
32406,26.661848385026822
32407,26.704367187414455
32408,24.96102944210029
32409,71.0
32410,53.89997369351516
32411,52.70799400466365
32412,51.49484428984227
32413,58.601278202950986
32414,55.19746879976965
32415,60.0
32416,59.0
32417,56.11075505527285
32418,57.9407438050759
32419,57.98806380831162
32420,56.142772487832616
32421,50.86333980861787
32422,56.498059238885
32423,77.0
32424,76.0
32425,58.58222747944559
32426,40.420774335074206
32427,55.51764306590002
32428,55.77836717216319
32429,53.50644453842148
32430,50.35207485260175
32431,58.55201842634652
32432,51.51957175303312
32433,41.0
32434,45.97539280621862
32435,58.3843548696039
32436,51.9048110063789
32437,54.46051325759871
32438,55.079852812833174
32439,52.79478663488673
32440,56.48781288915639
32441,54.492609500192074
32442,60.104854366824206
32443,63.0
32444,58.87935604616811
32445,50.12128700208054
32446,50.703159903006636
32447,56.802253180205035
32448,53.24761961604844
32449,50.38678429453017
32450,64.73013435481533
32451,52.632768503109034
32452,54.61558625502086
32453,60.40953804638723
32454,49.0
32455,51.434712987921564
32456,60.92427511126896
32457,43.2111599394849
32458,51.247621691189366
32459,70.0
32460,49.79748603312431
32461,83.0
32462,59.18213134045871
32463,49.552242795299875
32464,52.8887117333304
32465,55.02356367633692
32466,52.675364266439864
32467,55.395455090479906
32468,49.51618951526616
32469,46.52115820676277
32470,67.0
32471,45.16577048256048
32472,52.151697574350436
32473,47.29825835817662
32474,55.07271437514443
32475,50.489983330436075
32476,47.92552639249392
32477,46.8066043141145
32478,50.09580491867964
32479,46.55583434622102
32480,51.74502221905874
32481,46.80885961266889
32482,45.96589676896737
32483,43.67926710814116
32484,36.53708832282164
32485,58.0
32486,50.49247125725068
32487,48.83613497604413
32488,56.0
32489,39.25756757044328
32490,48.410672205825456
32491,49.52579889832643
32492,46.149744900410646
32493,50.542341813589054
32494,47.82583177490346
32495,49.37664394366475
32496,46.53516342166488
32497,43.88638418450584
32498,48.096100494932564
32499,48.6826162401384
32500,46.39629815288121
32501,47.31879001906259
32502,42.001573976096374
32503,73.0
32504,51.80518490673548
32505,45.682769656286844
32506,40.161456984166655
32507,51.35753303838052
32508,54.11121895563525
32509,52.34306341438174
32510,53.732008299525866
32511,51.98576661762189
32512,47.96041841520445
32513,54.48844291407388
32514,47.509451949528746
32515,52.72974094491922
32516,48.23442555633982
32517,48.89041016391067
32518,55.533891132233705
32519,53.56073014462399
32520,69.0
32521,55.78691869894629
32522,52.90118238770281
32523,43.16781001533007
32524,48.328057612698856
32525,49.46098300293405
32526,59.037611852131974
32527,50.95361666355735
32528,55.12719948501199
32529,49.40241110106051
32530,76.0
32531,27.693931536167646
32532,41.205181859616246
32533,28.548755846909483
32534,49.357028399694364
32535,46.05961390687571
32536,43.2111599394849
32537,53.17650827492235
32538,38.08716455189115
32539,52.25151312411581
32540,42.57320308316892
32541,44.91213787340286
32542,50.426477400474404
32543,31.475701820558548
32544,49.01865129767889
32545,67.0
32546,51.020407184276685
32547,48.26772529735202
32548,43.072182457551726
32549,47.938088129858926
32550,47.37092885421547
32551,2.0
32552,27.239687197308847
32553,49.939613439310186
32554,47.2234984200395
32555,46.12893780183555
32556,55.53507119722373
32557,31.078482778663002
32558,57.07352158537556
32559,54.85445560964458
32560,47.49558779522038
32561,47.83558569575977
32562,45.97271211527017
32563,52.95874918072072
32564,46.292018863148705
32565,41.094458474431356
32566,48.08780434180045
32567,48.53496654317353
32568,42.996194558436635
32569,51.01192493070214
32570,50.31922253171889
32571,45.0
32572,41.64017001789544
32573,31.961192759459475
32574,51.055007735923624
32575,33.96309270128031
32576,53.16765654162701
32577,58.8847636666942
32578,51.67317344646375
32579,58.13655108570284
32580,55.979948232416646
32581,44.52598955930893
32582,34.775074440215384
32583,37.17588340256769
32584,39.6365016174698
32585,37.70897774304706
32586,35.277403214910116
32587,27.235992496215932
32588,36.0451102162679
32589,35.53467036500501
32590,33.62751216851307
32591,34.42576198499163
32592,37.70557483921991
32593,34.442041739519496
32594,40.478385436236294
32595,33.418861785424625
32596,37.73995893618268
32597,37.683016553157486
32598,36.77312850226621
32599,37.76645859044325
32600,36.63014724841682
32601,37.753092833724196
32602,37.929457736410455
32603,37.37477283350358
32604,33.05320659917046
32605,27.804328641012845
32606,28.304983798579645
32607,36.77276022271882
32608,33.81148431082796
32609,34.507730250997355
32610,35.67426537361786
32611,38.763795902278204
32612,36.31924758455531
32613,37.367368958007184
32614,30.189153109224474
32615,32.18030946080193
32616,32.652499882825374
32617,34.376740718335505
32618,35.979638513782746
32619,45.68359570029642
32620,33.500202414395325
32621,31.841014895740653
32622,25.522666515336788
32623,36.229660686062694
32624,26.32065911516981
32625,34.733370065598656
32626,30.489828709666973
32627,30.899530739003236
32628,34.138860449274745
32629,33.24020473166868
32630,31.52303526836863
32631,28.621747489248207
32632,35.93306963891593
32633,38.16164226805017
32634,33.17348674568279
32635,32.03263371883733
32636,36.13871085555088
32637,31.161417302204395
32638,37.6657565188882
32639,28.58419619643342
32640,30.51859482617935
32641,38.40426809014518
32642,39.326365633928496
32643,39.74553106228203
32644,32.93395639081779
32645,27.164933955245147
32646,37.69616478622625
32647,37.10653378855529
32648,31.2496712525881
32649,35.46997092267846
32650,30.831840510728
32651,26.814409638351133
32652,37.08348126036454
32653,41.66663610421592
32654,37.282025270479636
32655,35.414627803730305
32656,37.892326142759536
32657,33.87585231724178
32658,34.88574093569507
32659,42.07148812313279
32660,36.32390049125407
32661,35.77370162239056
32662,36.82692318175263
32663,36.464244468762324
32664,36.95976611651252
32665,36.75556514660985
32666,40.92143369511063
32667,30.404929612626837
32668,38.037425901065724
32669,29.16799972680266
32670,38.0462129581202
32671,34.73189888932239
32672,32.90061282022434
32673,31.839538364655503
32674,45.50640836629605
32675,41.3910944980599
32676,48.42590356971252
32677,45.15460897422892
32678,46.501787823439756
32679,37.89996811706937
32680,42.07607615837857
32681,42.2557274018782
32682,51.55119750852586
32683,50.37226557872045
32684,55.269363078712786
32685,42.053247076489825
32686,42.8374621905579
32687,55.735719475184105
32688,56.078248415999184
32689,44.91939969853528
32690,51.12507634666692
32691,40.4933378848659
32692,41.790042682971425
32693,45.52230773479938
32694,48.24615199253559
32695,40.92968962162647
32696,50.9757132974511
32697,57.10682346071759
32698,42.65309368403575
32699,49.0752851766612
32700,52.904429738879806
32701,50.62224324612301
32702,41.20664999906095
32703,42.92930953101249
32704,51.903298898458985
32705,52.14448960875084
32706,47.12757564792205
32707,53.908742442982486
32708,55.414257541120314
32709,52.064497794386966
32710,51.50883378622857
32711,55.76944348326369
32712,51.176629036978966
32713,54.53838414256243
32714,49.41587551837471
32715,59.16566959276522
32716,52.17245929842523
32717,55.25595962122034
32718,51.04443171866462
32719,54.9006537340147
32720,46.12708455321855
32721,46.0
32722,42.187809905740274
32723,48.74499533417949
32724,42.37157355199995
32725,52.62497452114357
32726,45.07811607983341
32727,51.50886196134641
32728,42.50461436086469
32729,42.3810430910742
32730,43.38691175268651
32731,41.12149503168231
32732,51.57456816251882
32733,47.62112048178085
32734,50.68916531781453
32735,52.627116497394326
32736,47.65659667888813
32737,47.944273166723846
32738,46.39515572644271
32739,37.8159165024228
32740,35.918258248504976
32741,56.21274083357883
32742,48.596015745554546
32743,43.86972964689395
32744,54.59679992120251
32745,53.545384583603976
32746,54.638295582291356
32747,50.09629903681235
32748,54.775348166537356
32749,52.01999082256694
32750,48.53496654317353
32751,50.272025505320535
32752,44.190851044243516
32753,49.784038081325136
32754,47.11232823666127
32755,48.565362444112246
32756,42.92740554348833
32757,47.429320770663274
32758,39.049388789488155
32759,67.0
32760,65.0
32761,51.502734345592714
32762,30.776807076113993
32763,46.53342845514493
32764,50.9795146408654
32765,45.27019100045616
32766,48.861723756397694
32767,42.92259696770737
32768,47.107716397638995
32769,44.632230148506075
32770,48.262097932980204
32771,39.70708924320791
32772,48.48943853867703
32773,45.00464519771815
32774,50.749543743262784
32775,43.73457646410814
32776,51.35263648652514
32777,52.468924871070364
32778,47.96389154846253
32779,47.92427630797937
32780,46.440657317798966
32781,49.97212724668514
32782,45.69347952919994
32783,48.41758477686143
32784,46.36698626765668
32785,49.46745976977979
32786,50.53329642855758
32787,50.09165738518771
32788,50.10132250281889
32789,43.400807468242874
32790,42.68348187939337
32791,44.57756762981238
32792,49.84711363240697
32793,48.0237586767579
32794,47.50347356806338
32795,43.94774226088803
32796,46.30466248171516
32797,31.577776219713556
32798,67.0
32799,34.42990442767076
32800,38.918801004259784
32801,24.74034428578815
32802,46.96662993688533
32803,48.077982338574955
32804,46.816630327733655
32805,24.560501214896103
32806,43.59043824439359
32807,28.396667320024672
32808,54.0
32809,45.42733925382712
32810,43.633623370951845
32811,44.0641743898682
32812,44.71481936549316
32813,48.87409614367818
32814,48.22811229870949
32815,50.60255152091202
32816,43.37673745276064
32817,30.90982441693353
32818,45.00590635102566
32819,32.19626898815721
32820,50.689643074250164
32821,50.69283504593217
32822,46.04124875469107
32823,37.92547782296952
32824,77.0
32825,44.74104206389647
32826,44.369057959798916
32827,42.07189679265985
32828,42.00219270875847
32829,47.10269664798612
32830,48.866180584019624
32831,46.1201067201722
32832,39.76964966906985
