ID,track_popularity
26266,25.026165808974056
26267,28.798849698995237
26268,26.116873693820487
26269,28.017741420024144
26270,18.377209999208315
26271,17.377223057728667
26272,17.937927182586723
26273,18.306173278740452
26274,19.308088190068414
26275,27.89624814012766
26276,28.112001003166522
26277,30.490602524552045
26278,32.61985729283636
26279,27.689669917957282
26280,30.317998745405745
26281,27.563242048907703
26282,30.896927205124946
26283,30.70825372582245
26284,29.41243212342656
26285,32.39236268299811
26286,29.59930571282008
26287,29.854410331079336
26288,28.730179395171813
26289,29.366074819206048
26290,31.707818993269306
26291,29.35042705181195
26292,28.74193511640587
26293,29.072921749599807
26294,31.639058480569673
26295,27.383434934445496
26296,25.412692608600334
26297,26.02762385261365
26298,27.338250532829726
26299,32.91022539300315
26300,29.574375319649942
26301,27.18302182878187
26302,27.54114971185164
26303,28.95992406646131
26304,30.097540227340563
26305,26.537437235744292
26306,29.548703588786058
26307,27.848512670639376
26308,26.399807518618463
26309,33.614073183420075
26310,28.676337618544515
26311,37.57286629269364
26312,32.300510206555685
26313,29.40427213029091
26314,35.82381596981643
26315,32.190838631283185
26316,32.77115593351763
26317,30.854158956852842
26318,20.408564783422527
26319,31.72231422795899
26320,20.4008635204734
26321,29.53763233897559
26322,30.309660463930822
26323,26.516103135991134
26324,32.381713670715655
26325,26.12752951347875
26326,28.655232358129936
26327,29.443721598370917
26328,27.665064490330955
26329,27.540244212631876
26330,26.60268802757218
26331,27.361479523826386
26332,24.75582841203531
26333,26.785366666113912
26334,25.27421259513101
26335,30.866852262692806
26336,31.88988967735237
26337,31.530959825244867
26338,30.539656192982488
26339,24.730280833339922
26340,29.187852337795153
26341,27.703824964644056
26342,24.422704412125203
26343,30.48754265914167
26344,28.878620524650778
26345,28.036812725134766
26346,29.55351346191437
26347,29.487378687972626
26348,28.84048211227592
26349,29.04451393535026
26350,30.31767895780989
26351,30.605057871159953
26352,30.52451179677369
26353,25.21833812976197
26354,18.148348046028765
26355,27.13447692126976
26356,23.668796052166712
26357,27.95098095595813
26358,32.02223447053527
26359,34.02183100123966
26360,28.47162954126987
26361,24.812936266146714
26362,30.52832761256173
26363,33.933016448750934
26364,40.41808144098065
26365,56.12540448009795
26366,50.137161422701055
26367,61.4400476666183
26368,33.71834193472272
26369,29.144944688237832
26370,50.88181974925406
26371,41.612393874183226
26372,32.34774228220659
26373,36.06125931660857
26374,34.3312474118587
26375,40.146431446430555
26376,37.15108386011535
26377,44.78050853840053
26378,30.45921904599272
26379,46.977124586714545
26380,24.12109776313129
26381,43.90387469037489
26382,23.89435267183372
26383,21.136993757885136
26384,48.21895916901885
26385,23.778662093633915
26386,31.486908100650197
26387,32.869521414513734
26388,34.798236504118215
26389,12.577199378478369
26390,26.32440200470115
26391,23.323056385295025
26392,23.725479523362225
26393,22.10400828364626
26394,19.740956538428915
26395,32.25969118470727
26396,31.797403924797266
26397,37.00107698329733
26398,36.37746970973993
26399,34.28150053844388
26400,21.950714013193533
26401,19.967016400257712
26402,26.26191873421753
26403,22.148079599809726
26404,52.08591069514657
26405,52.585538004109324
26406,60.37944082304693
26407,20.77883043384526
26408,27.659260206269845
26409,29.706989829327007
26410,31.039421146875494
26411,31.39748580231731
26412,40.07665397645792
26413,26.081741630193587
26414,41.10853690174318
26415,24.50546018719664
26416,33.13815984521665
26417,35.853485803053175
26418,35.61803993932863
26419,60.74550142246018
26420,52.63049959529427
26421,29.97516707909847
26422,32.47275501060738
26423,37.35859288164475
26424,30.473292718245496
26425,30.544840301912622
26426,27.216596968631702
26427,32.12304153115839
26428,31.515992790137712
26429,43.53661509821907
26430,59.90655213932774
26431,51.05560514696733
26432,35.336836922510884
26433,27.09344078120741
26434,34.149299890176316
26435,35.976624528562
26436,33.13726548635541
26437,30.860594177338225
26438,48.9901554787815
26439,19.26891176518237
26440,21.085784812197968
26441,32.66932027800763
26442,36.010657630236786
26443,33.072251302387876
26444,37.10820266957478
26445,61.896179280543514
26446,56.53398846358524
26447,19.63405798734646
26448,35.57143309351817
26449,42.718162613842644
26450,63.40357962040741
26451,29.755274252455752
26452,27.675313875929234
26453,26.3881699042934
26454,28.58499974317554
26455,30.063201713526396
26456,29.30068875314851
26457,28.299874085484532
26458,25.99236256015121
26459,24.514853337904423
26460,28.131058871067406
26461,27.762168418761014
26462,26.833543573079552
26463,21.97482595166106
26464,24.213170266962127
26465,25.7972491522332
26466,26.959922002598226
26467,26.458134222543297
26468,27.72153497235044
26469,28.289903073208738
26470,27.1025668451177
26471,30.813357250407556
26472,29.168525701870884
26473,27.528252240696226
26474,22.736643371431526
26475,27.590609130703484
26476,29.458672015390864
26477,26.777775711336677
26478,28.86248129202358
26479,27.238495570563774
26480,27.290504445120142
26481,32.1369889591536
26482,25.54420362725432
26483,29.336567688338654
26484,27.0434958556983
26485,29.339233686337703
26486,23.449973974094576
26487,28.504176909700607
26488,27.462176015664724
26489,27.43171295736099
26490,27.205562749566692
26491,28.287826314926637
26492,23.50026513885421
26493,26.33262131673389
26494,25.860168324289955
26495,29.59918238457101
26496,26.766160808152243
26497,27.63081900548202
26498,29.228511038836487
26499,28.472997946955477
26500,26.289188289549678
26501,29.4889551802135
26502,28.362703246386797
26503,26.488638770472495
26504,25.20332017032088
26505,26.083621418696858
26506,27.41258882420258
26507,22.18292085947487
26508,26.31518213729793
26509,28.362065694349326
26510,28.44722578792962
26511,25.791601964827482
26512,32.19847803177157
26513,20.388436322969824
26514,27.404026305502622
26515,25.076563157831583
26516,25.715405268547816
26517,27.782140048258306
26518,30.029773442698666
26519,24.5491073364775
26520,26.14148400830122
26521,29.59339975762512
26522,29.565409352073893
26523,25.94652220435774
26524,25.317372731525907
26525,28.186428353677783
26526,33.34458814790439
26527,27.76597481982494
26528,29.450802333450376
26529,33.39250950494529
26530,27.449170106974602
26531,23.320877315175252
26532,28.87444504185684
26533,21.946805834161008
26534,21.97054647102149
26535,22.128457751158006
26536,27.570471507349332
26537,29.053990916897114
26538,27.691522301682074
26539,28.791794805186797
26540,28.13392049808917
26541,30.01993279467505
26542,28.57481498243203
26543,27.802409046286513
26544,28.7568693615383
26545,31.3526257012683
26546,29.104042144505875
26547,29.686420325987807
26548,27.524341369825695
26549,27.997905994950994
26550,24.87216789068096
26551,38.17935691055095
26552,29.346457351435177
26553,35.801598068727564
26554,26.060073027331363
26555,24.646075104084822
26556,57.65557955686036
26557,29.319992902463095
26558,21.8670621782749
26559,29.631467042410804
26560,24.571094347701507
26561,21.754344569816844
26562,23.081266302763193
26563,26.582691304139676
26564,30.63264027190346
26565,25.587491756585965
26566,24.84259658335304
26567,25.2868489781718
26568,30.98802259265417
26569,37.35919873719199
26570,21.27520787705775
26571,42.500490118055055
26572,17.704036188070624
26573,14.477830711379205
26574,30.518380796991607
26575,20.044395160433645
26576,23.083183630592067
26577,27.0970353752676
26578,21.073433673052104
26579,31.409916046575695
26580,37.228645183498486
26581,24.226659323857508
26582,21.02283598852155
26583,32.04793688051821
26584,27.46722037752725
26585,33.075075326353456
26586,32.24685517879638
26587,43.561471254411494
26588,27.71848011275678
26589,26.40164526178897
26590,26.17500489655029
26591,26.96516198115649
26592,46.08467176948821
26593,47.69675272072127
26594,22.983055286839967
26595,68.63530495130621
26596,49.729482245821664
26597,29.142316766784475
26598,45.58247541811417
26599,34.216085257358344
26600,60.095741000969504
26601,66.52241711549118
26602,37.27253728337607
26603,43.57895760602149
26604,22.48489358864983
26605,25.807582651824507
26606,36.79338953571116
26607,27.69692475358979
26608,33.397816167570426
26609,26.881462172525428
26610,35.185249138943725
26611,60.32936062292262
26612,28.198884550411407
26613,50.5046874685706
26614,57.818778756459785
26615,57.92323889122342
26616,30.319700763195595
26617,56.31713418740871
26618,52.34903617454312
26619,34.767855240552194
26620,34.078702458301706
26621,35.68478568119248
26622,24.120626728814162
26623,25.316645030793023
26624,27.590603269144253
26625,26.269762617057076
26626,50.59028432940992
26627,23.102329000819154
26628,26.500760087300723
26629,22.022856633478455
26630,26.912176834504148
26631,35.17757781434702
26632,25.98713921759825
26633,28.089556617543586
26634,25.154302377331742
26635,33.405027013188594
26636,23.413070260666718
26637,26.204999250932918
26638,19.482142622536298
26639,35.53577979405455
26640,37.559007226665244
26641,46.49380547613871
26642,25.63115050132573
26643,30.438702496935736
26644,26.35797419509851
26645,27.083489701591528
26646,30.57813101122184
26647,28.495637536014407
26648,37.10102155541365
26649,25.384335741493075
26650,53.73243342218602
26651,28.584771559557726
26652,34.18055295963133
26653,38.393757185695634
26654,33.92408046959023
26655,22.407452664959024
26656,23.940833692439718
26657,30.20968952616802
26658,37.33070023466947
26659,27.304377470242322
26660,34.95937241740185
26661,26.344087190475012
26662,22.402450825856725
26663,30.837731433349873
26664,29.93058288759113
26665,21.194001918181332
26666,26.786620860636138
26667,37.89420620937396
26668,19.719819765034952
26669,28.058445232481436
26670,22.07234648061814
26671,16.962769967452125
26672,30.808463670449658
26673,33.431322491817795
26674,14.496603714349895
26675,28.342840372674974
26676,39.54516156849961
26677,45.80583473369475
26678,29.618532531917907
26679,28.003074009862043
26680,27.35843513991837
26681,30.449908673214715
26682,28.647892945254778
26683,26.122987401966864
26684,21.55452130010533
26685,29.11369025324075
26686,23.74891918597554
26687,31.38937725453731
26688,27.377893688287315
26689,39.04525980516161
26690,32.2314269028889
26691,31.411980683159033
26692,25.68020692200643
26693,32.70895019432041
26694,31.022435984341733
26695,20.06860459828246
26696,38.17235798850044
26697,45.50023816161791
26698,29.353547170468428
26699,29.209927331505575
26700,26.317217062237674
26701,51.82908953512951
26702,31.953200220211585
26703,38.93283845676979
26704,25.757885073337647
26705,32.78597600637537
26706,28.24413433977836
26707,37.36760462956971
26708,39.45813043259288
26709,40.74928366106317
26710,24.80101140376233
26711,30.13084739057037
26712,29.592952703009985
26713,23.49854869398374
26714,26.484122247910364
26715,50.06316415354835
26716,35.86607221930822
26717,33.5443213347851
26718,33.36541833831134
26719,30.2103934802945
26720,32.55467299657824
26721,30.70097210165841
26722,26.943752470655426
26723,31.027918502186516
26724,26.38130557758654
26725,27.399587077160128
26726,25.933589870963964
26727,27.339818924446995
26728,36.020346022435945
26729,31.140478163583843
26730,31.805193829714433
26731,33.62506162441122
26732,50.57543853957161
26733,25.37928326714944
26734,28.154367257461075
26735,41.79311470209339
26736,32.179414359241
26737,30.393028279834606
26738,36.94335851921543
26739,28.615109793048877
26740,28.466720367050545
26741,32.92709522008032
26742,40.873259730975576
26743,25.619617135938654
26744,24.2632908608332
26745,38.71088986534613
26746,24.465859837244324
26747,29.01647427201963
26748,29.65299526133661
26749,47.67348795879539
26750,32.14658328389267
26751,40.851983306772404
26752,41.44437481650216
26753,31.59136526953693
26754,42.857609699820046
26755,26.732108047635514
26756,42.555984204123284
26757,29.02183644816645
26758,24.57274819364461
26759,29.014414300801526
26760,33.74172627921556
26761,39.92780129218602
26762,36.5655339511987
26763,30.9960296791899
26764,40.29440024253264
26765,41.17384556600036
26766,28.9122317660349
26767,28.973131400603684
26768,27.46476718639817
26769,31.17121834415681
26770,33.540368286800486
26771,60.49000089974222
26772,33.6080723409915
26773,51.66222644694047
26774,27.547899921753945
26775,25.41087851475049
26776,55.997004939230294
26777,27.281086919787658
26778,45.55714504094414
26779,37.267606939461686
26780,26.410361757947182
26781,25.81563216609675
26782,54.857096207131946
26783,27.79904744945737
26784,30.126133705792473
26785,31.521228989833276
26786,25.15489011636253
26787,29.419998971711212
26788,30.73788319996934
26789,21.18090554362802
26790,33.06649766484605
26791,32.76175689764747
26792,46.41938143460238
26793,32.961096511588714
26794,41.36804817726913
26795,40.45044784123985
26796,41.9039623638563
26797,39.88046750503912
26798,42.249155600470615
26799,44.925720200113894
26800,43.64601593683322
26801,46.090213515808124
26802,36.39995541108715
26803,37.65605068126171
26804,45.5681944598943
26805,48.274026742684846
26806,31.27949874283852
26807,50.14435625537424
26808,43.51677278650423
26809,34.369828121969434
26810,42.914848665048495
26811,41.906948315670185
26812,50.820344988570994
26813,46.07560324801898
26814,46.89910030310575
26815,53.40646150790556
26816,42.10132954645259
26817,60.63082157628599
26818,42.208411399487765
26819,41.565398081162144
26820,39.8108091982904
26821,34.469580538011385
26822,42.336026877501396
26823,40.79696231421063
26824,59.56112288438388
26825,36.86448668249892
26826,35.201574615076844
26827,49.27828921178752
26828,44.566961806757355
26829,45.2606243309928
26830,36.572023156999215
26831,54.26749235038385
26832,38.25242942248374
26833,41.49626914668931
26834,40.84758429172953
26835,36.30001559737505
26836,44.13329615208121
26837,68.93890531679682
26838,49.83256310325052
26839,32.3631849752933
26840,38.345379135947184
26841,47.2515016836203
26842,48.26024747159999
26843,45.702533250020224
26844,39.87331747883562
26845,34.93004002108374
26846,41.54208028249333
26847,33.10112753246387
26848,43.63636233819806
26849,44.72482930641211
26850,45.54497526870063
26851,35.481015851375616
26852,46.02743287198314
26853,57.8997044254012
26854,63.75900558741732
26855,42.66975330635867
26856,52.687615781801185
26857,63.70215608905921
26858,43.636324736207904
26859,60.58874110156064
26860,46.61150951333827
26861,42.18717224667907
26862,49.5058269705245
26863,37.66825095215478
26864,38.862585345493294
26865,41.50429532517196
26866,41.20168371819399
26867,53.69246486994482
26868,52.91793099754155
26869,43.45647388307636
26870,44.69316217071503
26871,47.39458471832883
26872,67.48852594121836
26873,36.118669515198185
26874,43.173857280380204
26875,44.040815235857615
26876,45.99160565859892
26877,49.500015619904865
26878,65.93283647872806
26879,39.455622216876726
26880,54.114746613310636
26881,42.836380899054554
26882,49.88142546759597
26883,40.39277493494908
26884,45.457227802890266
26885,43.92229921208435
26886,39.499353044244785
26887,50.29283524208405
26888,62.00704664411617
26889,44.45957326112313
26890,49.246513434333
26891,52.34368380731888
26892,56.99340633571157
26893,36.05450529868217
26894,42.16253488255576
26895,65.5008462599862
26896,43.591922257925
26897,55.93502522956452
26898,47.24641017685508
26899,56.24392180129089
26900,48.9331803749733
26901,43.28706992117057
26902,57.482205715133034
26903,43.695802550199396
26904,41.41005595474249
26905,46.788918636450404
26906,55.64937821185783
26907,48.25994291459762
26908,47.611578618995196
26909,43.37544925337552
26910,46.17727817815884
26911,49.21227923693448
26912,42.441657715771164
26913,46.735569888340635
26914,52.63749157656194
26915,40.32469694860695
26916,44.29192855577387
26917,67.85721263664367
26918,45.895513035634515
26919,50.19973878067714
26920,38.609556982364566
26921,52.241348112310696
26922,38.30796170172153
26923,49.9319618142882
26924,41.52453425622616
26925,43.067288714376815
26926,50.558108611438875
26927,40.56250842598901
26928,43.64888169826979
26929,40.813643102597325
26930,40.49056176296327
26931,40.05642966589902
26932,44.85661765756441
26933,48.00281930519208
26934,44.923984468001684
26935,41.78107639004705
26936,54.07890388237723
26937,52.31461779591119
26938,42.85569291219605
26939,37.381684521302475
26940,41.44189659528537
26941,44.38134117495612
26942,43.26951760535539
26943,42.94974705463655
26944,44.58227958819856
26945,47.708204442032454
26946,50.54230955221248
26947,41.87644582619479
26948,41.64568180863842
26949,39.278499546811105
26950,44.15472812885704
26951,40.22800419824518
26952,40.0291591389979
26953,41.73668115372668
26954,50.66762802938593
26955,41.75332707274644
26956,42.785127447354434
26957,41.15955254286829
26958,51.022431173183804
26959,37.70887191945845
26960,47.40449474673915
26961,37.88894544706286
26962,43.5507305349485
26963,41.948408446539524
26964,45.5626654046866
26965,43.346741922174324
26966,39.08038556321672
26967,42.83550056863401
26968,40.7009290586195
26969,44.11300104511087
26970,42.877846492091
26971,37.77239283587393
26972,44.161087453542876
26973,60.35677351757775
26974,43.694426623504924
26975,38.601358808648115
26976,37.99393710549063
26977,41.32921165368498
26978,61.49272960524229
26979,41.1727094299498
26980,40.3791651446473
26981,36.85354537982319
26982,41.44397375595252
26983,44.18547535869234
26984,41.897021357983554
26985,42.82155539253446
26986,42.986238240533666
26987,42.15337187608104
26988,43.30882299650903
26989,38.00173134654554
26990,44.71392650736447
26991,41.73191247282701
26992,45.44214353409367
26993,41.89612739177212
26994,36.62650910859844
26995,41.24363431726708
26996,42.32367102226024
26997,42.19130623516205
26998,44.43045484933145
26999,36.58420144784253
27000,44.21297031652768
27001,41.706937092263885
27002,43.01373996422637
27003,40.143890925842534
27004,41.516366607613904
27005,43.22353362004678
27006,42.615328045069795
27007,35.03755366524417
27008,42.07328188907513
27009,38.312586539440865
27010,38.06820739729102
27011,43.93706697569986
27012,47.30909957720601
27013,41.69303159516219
27014,38.48682738740176
27015,42.18003430492403
27016,38.05691046668966
27017,48.174100107057605
27018,40.48423352307707
27019,46.202161254846445
27020,42.29530884938724
27021,41.43669751709622
27022,38.54964474225987
27023,38.77212595230851
27024,59.23245553054199
27025,39.29398777019291
27026,38.185082813274995
27027,40.841409876912174
27028,41.90467326439873
27029,37.392052056086875
27030,43.28774670212737
27031,39.58834355382572
27032,31.857652755611582
27033,61.04887608689596
27034,42.68007810351279
27035,47.333045736307064
27036,41.04739011757644
27037,43.71646709894178
27038,38.33085487065546
27039,48.84719358228747
27040,39.19065901218817
27041,39.923129547018334
27042,42.01874553611717
27043,37.16651689481711
27044,42.78925289960884
27045,42.10235760168088
27046,44.94930458058167
27047,46.872673898584246
27048,51.62420165386842
27049,41.55601957134506
27050,46.306182440808655
27051,36.37853244908149
27052,42.39120597150588
27053,65.37721916190573
27054,35.83327226923402
27055,37.46614228447672
27056,45.85372811348093
27057,42.49363834340492
27058,32.289835318675514
27059,49.695945598621854
27060,39.962330918889094
27061,41.68299979666074
27062,32.469225264428964
27063,42.40598449069511
27064,45.56477670096329
27065,41.198645449842246
27066,35.48531477364698
27067,42.564750911838615
27068,46.78993432798002
27069,42.704785209268806
27070,42.98678897364841
27071,36.036988461632525
27072,44.17298532443061
27073,45.05946693451743
27074,45.42106005946479
27075,42.12178870081815
27076,45.14045468012367
27077,37.87063602118647
27078,43.379694683272234
27079,44.76518597135337
27080,38.60439055631088
27081,48.30971152169843
27082,41.283059695202795
27083,49.28564295252363
27084,41.98794521243972
27085,46.08887636211443
27086,43.1635276153153
27087,44.01114493209814
27088,43.85067923367193
27089,37.17351915624083
27090,38.2736374904491
27091,40.27383501009421
27092,40.44338215516629
27093,41.90232656339579
27094,39.403668644059806
27095,42.45754861349613
27096,41.738791474160024
27097,26.938881541939246
27098,42.69448912960084
27099,46.82509181130498
27100,44.74054716741873
27101,43.00477640190047
27102,37.121549515486436
27103,36.60193163810284
27104,42.431009851879004
27105,41.014686626967624
27106,40.217758496819876
27107,45.35295600241784
27108,42.32077551913592
27109,40.416813961539305
27110,46.352668497203545
27111,42.359218665112955
27112,39.868436740124814
27113,35.537178512183615
27114,41.04626591465158
27115,37.72254867987172
27116,39.988285503545214
27117,39.12182070259436
27118,43.67635968835516
27119,41.55585297371567
27120,42.63901954704223
27121,46.31597837511773
27122,42.826072110019105
27123,37.28202737284494
27124,37.523398530174205
27125,37.05647225949737
27126,40.94959509888035
27127,40.88528691984497
27128,44.70809098091667
27129,40.7641820255614
27130,44.204497395572
27131,45.3920736265598
27132,40.8291100415504
27133,38.36540742452471
27134,44.397451137273485
27135,43.950442608536115
27136,36.0109419644065
27137,41.34458299683349
27138,38.76045180142313
27139,41.97142278095153
27140,42.36608418857472
27141,41.64333105780634
27142,38.64726274978466
27143,45.680084373486544
27144,45.42122521611883
27145,38.588145885976644
27146,35.23052043159958
27147,42.2132876134366
27148,33.3326124311129
27149,46.72478724740269
27150,39.828810134873564
27151,37.681178362039674
27152,36.69629142748689
27153,34.352175493260056
27154,43.71312772099866
27155,46.66792810897056
27156,40.03446466867425
27157,42.694562223301894
27158,41.85787314380358
27159,45.203056984961904
27160,41.258051289159084
27161,38.66194562626782
27162,42.04727136258863
27163,42.84561413385259
27164,38.41676306801836
27165,39.00352757202176
27166,45.48058627892187
27167,38.6769275896846
27168,39.67940608554665
27169,36.47650679652675
27170,43.911313746719664
27171,40.51362853926338
27172,36.99992809022822
27173,37.73274502607279
27174,41.08948932507407
27175,38.39966586479261
27176,83.41186983004266
27177,34.7278412279672
27178,38.4006528053582
27179,42.081857578942454
27180,40.984439388923036
27181,39.24556355889125
27182,39.35522286548265
27183,37.46970896905657
27184,41.032383926045355
27185,44.64930318317218
27186,38.95529316330369
27187,43.12461333481855
27188,41.000875227119955
27189,39.02934200049832
27190,40.42520663569947
27191,43.280649551852925
27192,43.18919641515671
27193,35.24134401888717
27194,58.336507617996716
27195,38.741402665780484
27196,41.34211468656479
27197,31.630945452731822
27198,46.20834481909778
27199,48.365966291900826
27200,40.73487738635557
27201,36.43387245687415
27202,38.803102839534745
27203,37.676298300068055
27204,39.84017904111104
27205,38.91072608917298
27206,34.1130594556362
27207,41.08079561442654
27208,42.86274486653893
27209,39.2942839881067
27210,39.43415747473525
27211,39.26995453799941
27212,41.74256910422359
27213,39.81076617363731
27214,39.28200472546514
27215,40.80075174075813
27216,49.83811036066085
27217,66.0534282758083
27218,42.0781342134577
27219,66.09898492404145
27220,54.046425232831865
27221,41.29029083436476
27222,42.42160901205506
27223,64.18759264902462
27224,62.294917879024496
27225,42.60984984961074
27226,53.29413789250518
27227,40.71977940532045
27228,41.50429532517196
27229,45.13394147352768
27230,53.61226651156007
27231,82.56648092739792
27232,41.89594248441989
27233,64.23398830668694
27234,45.32763296506539
27235,56.44968434739934
27236,39.27719492048353
27237,45.579579871004185
27238,42.12897685937488
27239,47.87932842828051
27240,41.59129678015136
27241,43.73596058553633
27242,47.44303727611617
27243,43.69829345258804
27244,38.865341757178015
27245,34.94984792156817
27246,52.36053338419187
27247,42.22430207989559
27248,74.18086908893733
27249,39.08622869796562
27250,51.0109153046477
27251,39.36141285808711
27252,59.985124277224116
27253,44.62278554146071
27254,46.076404120299046
27255,43.068824116897176
27256,54.136818679659754
27257,47.00083962369824
27258,59.93306340648138
27259,46.22666910765261
27260,44.15381742761928
27261,61.15321269550607
27262,64.01886013720676
27263,48.289191343886685
27264,43.38655019670388
27265,46.1538035223376
27266,41.31286356657608
27267,58.19777314875583
27268,47.71334034226943
27269,68.30901156615451
27270,46.41224303167176
27271,38.592875476131994
27272,41.783587874593685
27273,43.31976543473737
27274,42.03561769994917
27275,41.1313155814389
27276,43.0875312993648
27277,41.11735638415068
27278,34.32552075739204
27279,43.50299014530626
27280,30.138645050883763
27281,45.840112123910814
27282,38.06222486292237
27283,30.93699577214207
27284,43.533293258548774
27285,41.28524476579535
27286,40.99371743674874
27287,43.25632288691158
27288,29.340063902499327
27289,48.29236784330466
27290,43.03687835128943
27291,34.39165128587204
27292,43.11148947449004
27293,46.93832601220263
27294,42.75280130702812
27295,32.31337151987026
27296,35.337449523181974
27297,39.72197413242101
27298,42.56021928019501
27299,43.16322655508101
27300,26.244650703865954
27301,43.125928808529416
27302,41.35160546897136
27303,43.72838329202004
27304,33.36994458145348
27305,31.075509077414107
27306,47.668113925219444
27307,40.68626653041742
27308,46.62890100962951
27309,30.718027281519007
27310,41.15740096468693
27311,54.74231603823502
27312,45.35236397926699
27313,49.670880139545126
27314,30.928880527851845
27315,40.35917462523993
27316,45.156457302915
27317,37.24040574839229
27318,43.60800167103559
27319,46.05273496493361
27320,46.95837806079554
27321,43.24603156818031
27322,45.3590069488288
27323,42.37975287336988
27324,43.43604198775782
27325,43.37068437032838
27326,45.98907918128138
27327,46.13705643817175
27328,44.56419130943334
27329,45.52133451938884
27330,41.394494293706444
27331,46.000465192254744
27332,43.02146223537571
27333,46.39680411068268
27334,43.45832127786429
27335,39.664079587119815
27336,39.08876818301821
27337,41.05643502869182
27338,39.475394426750924
27339,34.65016815598952
27340,39.478693660390135
27341,41.28541872815415
27342,37.91180881997701
27343,42.03717231084771
27344,44.81762093561488
27345,35.451934459714465
27346,40.412385532711234
27347,36.61163381683109
27348,36.97582953323787
27349,40.14749947808625
27350,47.688568484112274
27351,40.73301824875628
27352,36.206763417658195
27353,38.24146207344959
27354,37.74738974117591
27355,36.96949153211223
27356,52.79770598649459
27357,46.653731585861735
27358,44.82010976041808
27359,41.58863087336971
27360,34.46861196798773
27361,42.87893598781056
27362,41.08887778111018
27363,42.10484537705837
27364,40.785074501024646
27365,41.49097245721876
27366,38.66438253072428
27367,39.63977219642317
27368,35.513732012975424
27369,41.25278075791031
27370,44.037068028285574
27371,40.12547335726825
27372,40.88770279444368
27373,38.052390597934654
27374,41.94688723376754
27375,35.39794128304129
27376,38.596129908261105
27377,37.184496074096515
27378,40.57155192451036
27379,38.10140992856259
27380,36.41874704294544
27381,44.96133928886934
27382,39.13649681296266
27383,37.97766797879603
27384,45.89601060580692
27385,45.533825735218464
27386,45.67490081848554
27387,37.14669967377602
27388,36.62343850308774
27389,47.11673248181066
27390,42.52868616281277
27391,43.43761423816338
27392,36.19917568799765
27393,42.652613172133705
27394,38.34352173033429
27395,45.802967235144266
27396,43.41799845437394
27397,43.02060834177487
27398,36.18539110216656
27399,34.529689929107775
27400,40.21073884775114
27401,37.85089267470957
27402,36.23860159021527
27403,45.11292032404175
27404,36.60426535342077
27405,38.15105372433079
27406,42.208191833678285
27407,45.48628182612316
27408,44.117663754376615
27409,36.51978541889332
27410,35.68446505230474
27411,43.03986183094054
27412,45.55345232545482
27413,40.57570169833112
27414,43.75578435591896
27415,38.5594655667875
27416,41.27785320102077
27417,39.67825214719997
27418,39.42901890864838
27419,52.519381054554984
27420,38.993531641694354
27421,39.536121649140014
27422,40.288498119404835
27423,42.65839553090595
27424,38.618362843232376
27425,42.52868616281277
27426,39.74889025316223
27427,41.30109763429856
27428,37.116197350327624
27429,41.569794543688424
27430,34.65009695678505
27431,41.243500794400234
27432,43.49765680515535
27433,38.782742796927955
27434,37.44180892519315
27435,41.2806741198776
27436,43.04672824797036
27437,41.661518053189226
27438,37.669390036521264
27439,45.08276969031535
27440,38.0885949194081
27441,41.818299272353
27442,41.127211509340604
27443,41.7065365019516
27444,36.38435376679666
27445,39.475394426750924
27446,35.367362659263954
27447,37.196213625114915
27448,41.8028877501677
27449,39.14531728337798
27450,37.15805800671528
27451,37.587132211827225
27452,38.075005903174436
27453,34.756000212612086
27454,45.8209209628251
27455,35.2343075559209
27456,38.62469859530782
27457,41.46328943328244
27458,37.944268266400826
27459,37.012743390995
27460,35.69322313312723
27461,36.44853463651687
27462,42.17563164431834
27463,39.787694644554506
27464,42.613003573851685
27465,39.2435014239829
27466,37.60206233223482
27467,34.23191593379292
27468,38.90491160682424
27469,46.11180258971829
27470,33.99506871968018
27471,37.00310371092007
27472,33.99001454609223
27473,35.6812111404865
27474,37.748823598854486
27475,39.0500821225154
27476,38.47023688132691
27477,32.60439675264729
27478,42.94584427252846
27479,61.826911379724
27480,42.563760535390486
27481,50.57625932741629
27482,41.58942407947383
27483,39.23176858504717
27484,41.67352499808853
27485,43.49428089246934
27486,40.951374526308626
27487,40.8197737966987
27488,41.377810593798515
27489,42.172870160048575
27490,41.812622447694636
27491,41.90725068513224
27492,39.614962575824904
27493,41.9542097075652
27494,44.0066460130994
27495,39.72156526497689
27496,41.9221557404765
27497,40.755860943962034
27498,39.5660139118515
27499,42.69907984453289
27500,39.04917162416298
27501,42.661685030507286
27502,45.34785378347503
27503,44.08710144467713
27504,38.45394505151605
27505,42.525132113080694
27506,36.71546750074464
27507,42.89616629792361
27508,37.02815771797148
27509,43.6068125561879
27510,43.6031978485448
27511,38.390949969063435
27512,44.69495528235549
27513,37.4679227662076
27514,41.72571014494689
27515,40.372480285103435
27516,38.314959383018795
27517,39.35209432996766
27518,40.71226728029082
27519,36.07693303974895
27520,36.388575060031286
27521,39.25212437925392
27522,41.22744171752063
27523,40.64863721334575
27524,39.42104502602969
27525,38.65925508169479
27526,38.2202616391216
27527,59.99129085902785
27528,44.817493092189146
27529,45.25266061362341
27530,42.92756607977832
27531,49.007071101820294
27532,43.34926740481738
27533,41.27673578333708
27534,42.10291188155864
27535,44.56527845682296
27536,41.44948080212198
27537,41.21268054074363
27538,39.60639951756761
27539,43.50014394860139
27540,40.83813271575876
27541,40.557455824345155
27542,39.76872159664104
27543,42.23782634248982
27544,42.181271695802266
27545,43.61003557973791
27546,42.95035804867794
27547,44.62628014033372
27548,63.22259608930798
27549,49.07057586208397
27550,43.03198814865201
27551,45.219095839521955
27552,64.49182320670342
27553,43.462795086987185
27554,42.099718985891215
27555,51.02404955472085
27556,67.65106183541968
27557,38.99511281481784
27558,64.23904098866552
27559,51.99921903405906
27560,72.60739678164899
27561,35.98591640217275
27562,32.95887906751237
27563,55.01788814511661
27564,44.14072073497469
27565,44.0471466234409
27566,66.08393203426249
27567,44.48580912462437
27568,49.7141844752095
27569,34.45664498818576
27570,36.68278108755892
27571,75.67839469952469
27572,55.96075181859153
27573,66.04821594299185
27574,46.596608414034634
27575,49.61491645138195
27576,45.73405958908642
27577,55.02025311568236
27578,64.90613504227507
27579,47.97937303193596
27580,75.14299341361573
27581,64.6674285968246
27582,46.80473975200683
27583,48.889538074282534
27584,44.50985772903093
27585,72.87843234128792
27586,66.37820966689891
27587,48.567272514191366
27588,62.83555140797108
27589,44.01981540380657
27590,55.091320565095856
27591,47.39348955638429
27592,54.253081389500984
27593,73.87132186398209
27594,43.369127423371125
27595,51.84230221844786
27596,47.69100207789615
27597,77.31436878870046
27598,54.603036859175134
27599,44.01083903169604
27600,50.87294378122085
27601,55.797209537927934
27602,51.075059027383105
27603,65.17453527768018
27604,47.36497888177446
27605,44.16300923811846
27606,76.41409447728046
27607,43.8965361436263
27608,45.54573718744104
27609,43.0973183488626
27610,43.82101281808319
27611,46.44133985942976
27612,39.4100242066543
27613,50.55914255791057
27614,50.385795299564215
27615,38.08621984199918
27616,45.31512825388834
27617,42.30907924945679
27618,30.605383517607233
27619,43.84746724256686
27620,49.27252547124491
27621,41.391933120722285
27622,28.568374646944903
27623,53.8423864343468
27624,58.566772818888616
27625,60.154846728813624
27626,51.71225567752882
27627,49.358661075615245
27628,60.52011534342933
27629,49.746798198082715
27630,44.75546672694075
27631,39.32368742307027
27632,49.46190714329349
27633,48.253045340842185
27634,49.28975927490882
27635,45.77254605129769
27636,59.311967921346714
27637,46.1865779029106
27638,49.07952327351307
27639,42.82528175567228
27640,40.14350331920494
27641,70.34784978105668
27642,38.6806023718141
27643,49.422816587926704
27644,50.261400879671
27645,39.06439519640958
27646,41.249533814752326
27647,46.83297541288775
27648,36.94135864068733
27649,49.198954103112285
27650,33.517341676963596
27651,42.811507552441114
27652,35.697963920843556
27653,41.34187686807728
27654,42.84969840259986
27655,43.19155306206501
27656,43.37830607642954
27657,43.09443555596988
27658,43.872926334121104
27659,37.455376496103675
27660,32.23696138866684
27661,33.95276705078019
27662,44.092351904561134
27663,46.24423985442931
27664,36.59272671517711
27665,36.55423756578466
27666,36.97389685194927
27667,36.78933148410745
27668,33.65906918942147
27669,45.01999163849303
27670,42.986671729949414
27671,48.310351554346944
27672,36.53947395708724
27673,31.316438200270746
27674,34.17887703593878
27675,35.49346089995479
27676,33.01641993883109
27677,37.1786253018769
27678,33.406136951306635
27679,34.09862909685967
27680,38.82653258992967
27681,33.951210648547956
27682,58.12776356252609
27683,43.45538561626482
27684,35.422610828388045
27685,40.13909752250775
27686,39.444977127834704
27687,47.937434161861304
27688,35.04725088451168
27689,45.50710303623621
27690,33.896977168092185
27691,40.07264621631227
27692,28.26879791908963
27693,35.020921817651555
27694,22.66652434467739
27695,35.188232801618945
27696,48.428589959718074
27697,35.49341029837838
27698,38.878090031199996
27699,61.56790688177192
27700,33.99217357333478
27701,33.04247062104839
27702,42.115650045542466
27703,36.954429632299416
27704,34.41123148164356
27705,33.024532682507726
27706,35.07480053326058
27707,34.54756862672587
27708,23.45916683746349
27709,35.44158688515108
27710,34.31732459709599
27711,46.3313495140965
27712,47.36702209952038
27713,43.93385864772549
27714,46.883178918048976
27715,37.13640650725021
27716,34.33581063297728
27717,35.82245592296235
27718,31.63188601111416
27719,40.10555566308647
27720,34.62872856136807
27721,69.76167144885619
27722,36.99092502781073
27723,35.306081859127495
27724,43.770389215536056
27725,43.50940266474236
27726,41.69240242457553
27727,36.66247560030729
27728,33.861114344075794
27729,49.714580047931854
27730,34.65419714721249
27731,36.3212854279291
27732,46.59789422727297
27733,43.14455218512462
27734,34.627803727903874
27735,36.76032755358881
27736,41.76576634492393
27737,36.0997294418965
27738,37.680447062347476
27739,37.03203011278348
27740,35.869083618856294
27741,36.59347845899225
27742,34.92471275311568
27743,37.87643471193186
27744,38.40809927049997
27745,45.555706563159184
27746,36.78374687662413
27747,35.1076010553033
27748,49.859267690185746
27749,39.55229225606499
27750,45.541638760395244
27751,46.60140135215307
27752,63.73075476607469
27753,60.22930457862565
27754,44.87932653519644
27755,58.80640029483324
27756,54.98654096774366
27757,45.11314694798434
27758,52.57833132087691
27759,49.3122483941953
27760,48.69580490507728
27761,42.02322815058113
27762,47.030881639769696
27763,33.399245645049646
27764,43.36480769017124
27765,48.00787245270299
27766,42.52046391020824
27767,26.166997872866013
27768,47.54635513082407
27769,44.488590549548206
27770,46.90073601843478
27771,43.9216235432569
27772,38.31734452590854
27773,50.877225427465966
27774,52.663721862971215
27775,43.54203306311377
27776,39.209570377188705
27777,58.29373119081092
27778,42.92044797006699
27779,51.95581826212374
27780,25.1548808564626
27781,52.61081761966749
27782,46.121511760718455
27783,41.83809158166671
27784,40.514838270971524
27785,41.30061690448162
27786,40.06470696292198
27787,37.99402275953317
27788,48.178775696378516
27789,50.413262062470814
27790,41.13823144649451
27791,54.51539939448797
27792,44.790586926951754
27793,59.08304849455907
27794,39.30427610668082
27795,41.2811862752607
27796,38.9835342794674
27797,48.61086803234017
27798,44.549467403655726
27799,49.29763445226962
27800,44.977634447016925
27801,61.79229265841602
27802,36.075394430541394
27803,35.55719164354353
27804,48.43762760442005
27805,41.00293460667474
27806,46.606980841648316
27807,44.40839649208678
27808,41.230693639589035
27809,41.09802315838485
27810,40.86947416387493
27811,42.021524022712946
27812,41.6109879136439
27813,41.99538090856024
27814,40.63819667177052
27815,40.39914151681117
27816,41.17670805882853
27817,37.81585511365097
27818,42.47281126664749
27819,36.72013167197544
27820,40.112526462965
27821,42.413251000300626
27822,43.84671986733372
27823,42.078715228759265
27824,42.272746746323556
27825,36.92047088829289
27826,42.92487296106279
27827,43.02828429002264
27828,40.739934598277564
27829,41.0136455790713
27830,44.34026318124849
27831,42.48729044465887
27832,42.027316155630736
27833,42.5277505145141
27834,50.21967370171664
27835,41.85875150728027
27836,42.2895277988212
27837,44.506668857218706
27838,41.88724610455837
27839,43.643332195643595
27840,41.76137423424161
27841,38.65721816031637
27842,40.730738659159385
27843,43.6006607080849
27844,42.27541267390665
27845,42.034289478571715
27846,38.70239694709262
27847,40.367830919665096
27848,42.48647400641467
27849,51.01840097210501
27850,45.10659226730304
27851,42.50862040243396
27852,40.03500068334039
27853,50.97505462925726
27854,42.134631309249016
27855,45.617541538190295
27856,42.492058186411604
27857,43.277262755955135
27858,42.36082541819818
27859,42.95680701904408
27860,42.54599380955366
27861,39.32502954799577
27862,37.17257601408393
27863,45.066733598928096
27864,38.15787007155427
27865,40.70789479472917
27866,39.529229574389184
27867,77.67500818048285
27868,48.04009175169234
27869,48.674722156209114
27870,49.81314661322712
27871,40.88810735284751
27872,43.901503929517986
27873,46.84222601985689
27874,48.26447520073506
27875,43.95929500890319
27876,35.536381716091604
27877,41.76279065305049
27878,36.63653008917849
27879,46.937762198696774
27880,39.12351815191859
27881,42.83627446277149
27882,45.56031259213123
27883,36.430037271127176
27884,32.83090149704694
27885,33.62755530561266
27886,42.86047095265691
27887,34.50965214519601
27888,36.86704829721645
27889,34.30734868235534
27890,37.719747258595575
27891,39.89643859932095
27892,32.03291217357382
27893,42.540449460852
27894,38.90963299411846
27895,38.91134125392356
27896,34.1009915463167
27897,37.97048675411199
27898,37.29789726190037
27899,33.67232206311143
27900,43.53190266900244
27901,36.73134407761121
27902,35.488402057030804
27903,44.99738664884623
27904,36.93298890758776
27905,30.737098639235192
27906,36.417229582313006
27907,35.601793950705016
27908,34.13428005274624
27909,36.943574568517185
27910,39.0628928509348
27911,37.8271479263026
27912,33.18453748939763
27913,34.07662436623143
27914,35.10256576632972
27915,35.56522642506501
27916,38.076260273205065
27917,40.57696377268155
27918,32.31200111829223
27919,37.229556325045934
27920,39.831918289735945
27921,41.22992475427422
27922,34.95874622134416
27923,34.801477506935136
27924,37.009841748109906
27925,32.610478737970894
27926,33.21239696935642
27927,32.24263319893676
27928,38.11931502362236
27929,33.074401469878005
27930,33.21745717907552
27931,39.73352746062973
27932,35.98895610982133
27933,33.79436601750013
27934,41.4557767201677
27935,38.33342629583747
27936,34.71285998356804
27937,38.473603889535795
27938,34.11418011648995
27939,35.90566816331224
27940,54.04407406550851
27941,33.668860477589405
27942,32.36970375868462
27943,34.11722652263028
27944,34.96389454139346
27945,33.19883379632646
27946,40.05394662291339
27947,34.48241275372156
27948,36.121599236416984
27949,39.774030700423445
27950,37.76429503095782
27951,40.60766630841602
27952,50.65268495323911
27953,36.28821673926983
27954,38.99345593698891
27955,38.939812536933545
27956,30.836727711594875
27957,33.681269277259396
27958,33.41540472625018
27959,43.59561898352234
27960,44.696607489531964
27961,31.515245151871895
27962,31.819591197374162
27963,39.02003132672814
27964,37.025330816455394
27965,33.147566197661064
27966,44.55284409627938
27967,54.91133035541062
27968,32.057046825795496
27969,42.17567110429001
27970,37.89912930170996
27971,23.738461185176863
27972,34.62342716848453
27973,34.474650586560536
27974,37.536215434433075
27975,34.24320765835623
27976,33.19223063549767
27977,21.541957056208844
27978,34.37124751628721
27979,35.591964326035395
27980,31.967703374924106
27981,56.3250807968434
27982,25.464774768464608
27983,35.488574347340716
27984,32.363932802996935
27985,39.17656620300479
27986,23.63353774052108
27987,33.09707247458968
27988,33.37348532385063
27989,35.203866107548656
27990,37.85953715572972
27991,34.9204572580861
27992,34.50518453762243
27993,34.5572646598063
27994,32.71116063503254
27995,33.24022957231707
27996,35.55719164354353
27997,31.48769235465001
27998,35.55256089737557
27999,31.28929717419961
28000,33.61873071532027
28001,42.44629135179924
28002,37.173592045926625
28003,32.52640224468347
28004,30.84362575476242
28005,35.010945206099805
28006,33.71793100411471
28007,34.99094926076055
28008,33.12204761513961
28009,36.69718261132707
28010,32.448125734300724
28011,33.89037165157028
28012,31.705620911334954
28013,31.87760609040184
28014,35.84103616651349
28015,43.74999161269859
28016,35.61600340086965
28017,36.36062172230285
28018,35.809232873141205
28019,37.99741443281222
28020,37.31421909465031
28021,33.63633209882507
28022,38.38769644636591
28023,33.977607915819824
28024,33.78752520723624
28025,34.04027315462817
28026,35.27927633887969
28027,33.71652881338587
28028,38.87565140735933
28029,33.07777665720136
28030,35.36647121180221
28031,42.73313216174821
28032,33.15035011126207
28033,34.0207354458654
28034,35.441025829218304
28035,35.911905156807606
28036,40.38479224225182
28037,33.285867707798964
28038,41.78997847993391
28039,38.440024651592395
28040,33.621103021088366
28041,38.29354853394852
28042,40.37972781453242
28043,40.20154026507199
28044,44.0920311053834
28045,37.98036854216268
28046,35.491229587779486
28047,34.70878955993421
28048,32.0049775364771
28049,38.799594867983316
28050,41.91586226502835
28051,55.132757861641934
28052,34.94723447601193
28053,34.85143495133014
28054,47.67858505056077
28055,39.58447391422771
28056,21.1633180591523
28057,35.31234521566215
28058,43.78990557268654
28059,48.89527736205018
28060,44.7803848089356
28061,45.74134748321447
28062,49.72020924249135
28063,38.94585478343604
28064,42.41062561335809
28065,43.43632455999542
28066,42.95966749405259
28067,34.61971980179688
28068,43.55686871395337
28069,40.693616372165714
28070,44.92568395080407
28071,42.42552721233014
28072,40.93995110958377
28073,54.39434124644524
28074,39.77412732446524
28075,41.15482925939339
28076,42.72391084810995
28077,41.18695054610404
28078,41.76279065305049
28079,41.10814193581235
28080,50.411622114023224
28081,49.155913313688224
28082,42.60984984961074
28083,47.46120075584776
28084,46.944126837821486
28085,46.082030217779135
28086,45.441683902136674
28087,48.08500477160245
28088,48.42361745944456
28089,44.8643624955403
28090,63.456166992793285
28091,53.13261721033711
28092,40.99751253310166
28093,44.03877532478923
28094,41.940099761253755
28095,48.16068602593162
28096,46.102835622133085
28097,44.525742596847465
28098,52.13110010304891
28099,44.70617870456179
28100,45.48301050262656
28101,43.331678363979904
28102,48.25440867385026
28103,33.22891793893541
28104,37.48658924814451
28105,38.862490859876566
28106,38.591931471717444
28107,37.92771434687855
28108,35.738861543936636
28109,38.446750671356725
28110,36.72270497390588
28111,45.61400094388805
28112,37.27704171904947
28113,38.60710536397684
28114,38.34397005430104
28115,38.88461896209609
28116,37.189738841174375
28117,39.186374404214675
28118,37.53212858967342
28119,37.94088163627173
28120,38.416363085501565
28121,37.64253833677468
28122,40.17131415877311
28123,36.710543386295925
28124,38.561500181164725
28125,38.67748429302797
28126,39.619960695605585
28127,38.51211269198177
28128,36.533956661852216
28129,36.33859839210449
28130,36.30891799703401
28131,39.19586324877401
28132,38.828285371742716
28133,37.47543488656442
28134,35.54140554377839
28135,39.41180053299762
28136,39.81440197389951
28137,38.38595046537222
28138,38.97520584618929
28139,37.112142314705835
28140,37.171991243450385
28141,41.235296677308106
28142,41.54290990131996
28143,39.149338593845236
28144,36.049195718468724
28145,37.571280509438836
28146,38.438577482756855
28147,39.69262214798451
28148,37.89812177328107
28149,39.81720021834349
28150,38.02640825729855
28151,38.053862998447585
28152,39.489980024783286
28153,39.08838741618747
28154,42.900915386734724
28155,38.63550748058509
28156,38.246303806465335
28157,38.50411319089468
28158,40.595504248229986
28159,37.91302745910089
28160,38.005667675713696
28161,36.98163234002942
28162,37.30933017216094
28163,36.99246996920341
28164,38.647222582941495
28165,42.198336639619036
28166,40.44697633208499
28167,37.66774349826327
28168,37.15973448857997
28169,41.703931879291
28170,40.66302891930453
28171,44.36575222005979
28172,41.65803170089255
28173,42.05743239039616
28174,42.940884966876006
28175,43.2869973842589
28176,42.71527279047033
28177,41.04630031114491
28178,41.37459842650001
28179,41.291443432635816
28180,39.2796543851891
28181,43.78545202538034
28182,43.3707455845737
28183,39.90275326478063
28184,42.21748997499907
28185,42.07539693232259
28186,40.17992810118781
28187,40.170426291693246
28188,40.93137550084485
28189,39.80616239194041
28190,44.73861809452171
28191,42.88582175176191
28192,41.01746196410277
28193,42.08818874063999
28194,41.38163700817924
28195,40.12988117131069
28196,41.63403716863549
28197,43.9214713741464
28198,43.73607017712652
28199,42.9794793421675
28200,44.45189813545689
28201,44.24775173524951
28202,46.05775043570456
28203,42.412121880292254
28204,35.420033481012574
28205,41.11897442228557
28206,39.70613747429672
28207,30.265156029340012
28208,49.62968757554751
28209,60.96342928064131
28210,39.71672527523397
28211,40.94377477470534
28212,48.44574993558455
28213,48.52606419436468
28214,38.78063919931208
28215,37.373230852397064
28216,38.2553561439986
28217,42.63250333634319
28218,37.13300748494769
28219,38.30475696293152
28220,36.98830907323192
28221,36.52473636337322
28222,72.94428081572264
28223,34.10059060770388
28224,45.98880736754723
28225,38.27830994059629
28226,38.71965229482317
28227,41.882034896153286
28228,39.73742327330732
28229,40.61203446034413
28230,40.41748284624977
28231,34.26536164231329
28232,33.5797727471247
28233,42.662727860665974
28234,35.926410942983566
28235,72.53738962372209
28236,34.88932508280343
28237,35.85391517874561
28238,46.85047314699009
28239,40.1236648899397
28240,39.156066217640394
28241,35.27326444966977
28242,37.680447062347476
28243,37.24896420914795
28244,37.284017319773405
28245,46.949045646634424
28246,39.463932278716726
28247,39.67208072567318
28248,48.21735044638897
28249,37.04962616364345
28250,37.65254385011921
28251,36.63760342569306
28252,41.47666794694763
28253,39.12270845376508
28254,36.225887069433576
28255,41.47799938799281
28256,43.46886544320846
28257,37.25224659320703
28258,38.7632034981596
28259,38.00385643202092
28260,43.758591584151795
28261,36.491543582939094
28262,38.19310280099546
28263,35.5694626329266
28264,40.09238612490863
28265,40.60866092960082
28266,33.91833969376762
28267,43.22843986901756
28268,41.57574150811308
28269,48.95127557428728
28270,37.43581790274187
28271,45.8783906730518
28272,39.55360291739674
28273,39.55040004030001
28274,43.69580913828988
28275,42.879473791055545
28276,48.1744758812935
28277,42.828302207922626
28278,41.99166845750605
28279,36.81147590127792
28280,40.54566145038319
28281,38.369733101111194
28282,43.99248364323029
28283,43.88342318991257
28284,39.01031007487457
28285,35.16938558057555
28286,37.45092546246488
28287,40.88752621651436
28288,35.95209440689078
28289,39.350066226529044
28290,51.79537393030646
28291,48.86591612847656
28292,41.984155228439235
28293,39.69169080130286
28294,37.25295202119912
28295,34.160482543940155
28296,43.21901729455598
28297,39.11174230018635
28298,32.84750035800708
28299,41.44402778250929
28300,43.66574394407664
28301,42.11043211214088
28302,72.94428081572264
28303,41.20168371819399
28304,36.05450529868217
28305,37.314413947806024
28306,38.68177074109146
28307,43.45647388307636
28308,44.65842785991399
28309,42.90087987927077
28310,47.14551641181008
28311,42.98812236790561
28312,41.90452838462082
28313,41.247169280991834
28314,45.51057519395133
28315,45.895513035634515
28316,35.86139972229026
28317,42.635657832338985
28318,45.79861805024924
28319,43.056511025605744
28320,29.85597742100497
28321,44.10699300383395
28322,41.27673578333708
28323,48.77132786478225
28324,46.8016574356934
28325,45.88352464371577
28326,43.18692864800558
28327,42.7378030854793
28328,43.95763473821692
28329,42.81070870027967
28330,41.331169583008
28331,42.50258424046774
28332,43.16690131933762
28333,41.42534884624742
28334,40.965547209312355
28335,43.23243088329759
28336,42.214903143107584
28337,43.79334035155967
28338,41.84080210307859
28339,40.75677934887543
28340,48.20162124911321
28341,42.50150848470856
28342,47.30850939271563
28343,45.528838396424995
28344,41.282901226857824
28345,50.19426594090871
28346,43.3154076111787
28347,40.63614678983417
28348,42.45987888352549
28349,38.441108393768275
28350,41.95821455781654
28351,42.3542970531567
28352,44.526765219343055
28353,39.908698624965204
28354,42.82503419481372
28355,42.973620175646445
28356,47.5865463948569
28357,41.00144414137456
28358,44.4349507267903
28359,41.8115417035344
28360,41.653109166253195
28361,43.74818667236691
28362,49.23095396989999
28363,43.94666503981223
28364,49.2021483671461
28365,41.576912467983405
28366,46.04628049542873
28367,44.857773895648364
28368,46.04352527442215
28369,41.43239107759023
28370,40.715861852481225
28371,47.39927428577175
28372,42.890237549602794
28373,41.15004568999335
28374,48.69133520817191
28375,37.80360217400981
28376,48.94626773438637
28377,48.476532603484934
28378,42.30979522388215
28379,41.5036335217022
28380,44.81749262153305
28381,41.56247287596865
28382,45.17713532192168
28383,41.00194841747679
28384,27.013545355727693
28385,45.732142718284685
28386,40.55321046247892
28387,41.652469266745015
28388,38.850915210518096
28389,41.50808075316465
28390,37.41736324906735
28391,41.127612137171376
28392,46.49708971305391
28393,38.95456776589759
28394,36.48404935332529
28395,38.6249808505724
28396,35.81200953534415
28397,37.62011808327547
28398,36.659630723912244
28399,43.592561900402934
28400,43.29902527328102
28401,40.88818299802868
28402,24.62309991368476
28403,40.23082875860098
28404,37.455376496103675
28405,38.10245062177292
28406,42.439946237912366
28407,43.65133910509115
28408,39.294617508160684
28409,47.030881639769696
28410,41.30061166166848
28411,41.47491357101414
28412,34.10059060770388
28413,37.59617034414893
28414,34.340045766244614
28415,45.266727156015484
28416,32.900523973369374
28417,45.23606725812819
28418,34.811393834389534
28419,42.11277346526922
28420,46.23519464895948
28421,34.69789698982306
28422,41.59887650156185
28423,35.20430349324572
28424,34.894064512509985
28425,37.317557270159426
28426,40.97850429983777
28427,31.974801593007584
28428,33.08806484361858
28429,43.36975560010704
28430,36.55423756578466
28431,36.79658924600146
28432,37.406173099645116
28433,42.11264302792041
28434,37.82386816310431
28435,45.4402559397243
28436,46.25920367725965
28437,41.45094052461334
28438,42.8866009749142
28439,41.13098091295744
28440,44.666526625211674
28441,44.311770444839176
28442,41.741672150820435
28443,42.8249704098456
28444,32.31564920376957
28445,47.43898828659313
28446,42.17113905583653
28447,41.88568941188566
28448,43.801231828346076
28449,43.07498770120042
28450,40.383210390675224
28451,45.32099355743392
28452,42.320126848920346
28453,43.15967050952569
28454,41.01748187584259
28455,42.676276689048485
28456,41.65114552898418
28457,42.35123906356837
28458,40.98070975251654
28459,41.337035321389436
28460,40.581630601503775
28461,43.91045154420687
28462,41.74869359437815
28463,44.2483045932349
28464,40.79972030069942
28465,41.18086333513706
28466,37.97345020646273
28467,41.5221609559186
28468,40.01702619305352
28469,35.19295058178848
28470,40.43540622580387
28471,35.087798940652846
28472,39.9255245166802
28473,41.8594141731775
28474,32.543768000404
28475,34.6203076146811
28476,33.61721904677516
28477,34.412215297909555
28478,41.855336087966506
28479,32.84134627976975
28480,41.663846755901076
28481,39.540397296545265
28482,37.42237619038493
28483,32.070082489136475
28484,34.5586318236801
28485,34.7155205790999
28486,35.90145690540621
28487,41.25543913394059
28488,34.91637716770042
28489,39.20668877479615
28490,34.868561751730425
28491,37.7599990959246
28492,31.38737627169143
28493,35.15969390667351
28494,37.88633863390308
28495,39.71021785649329
28496,48.02962639057504
28497,48.310351554346944
28498,22.66652434467739
28499,45.83523257612987
28500,45.01999163849303
28501,45.02616522143019
28502,43.872926334121104
28503,33.974694683374494
28504,45.80807633072668
28505,42.72764698738271
28506,41.69240242457553
28507,35.59862890686111
28508,42.73390063518671
28509,33.270326391772464
28510,43.133714301796935
28511,41.65543612469225
28512,37.69526725242284
28513,39.840032472488595
28514,43.67782907264045
28515,36.78933148410745
28516,36.073045564789496
28517,37.98930194691072
28518,39.214608465851775
28519,34.98531030869722
28520,34.828899557830404
28521,36.17577798083749
28522,27.572268361160496
28523,40.45038856535728
28524,45.87871458536088
28525,31.307066658951747
28526,39.51085658204275
28527,35.75703703135146
28528,60.22930457862565
28529,38.24140050982061
28530,32.93712269653585
28531,39.203399652131765
28532,44.38679993263665
28533,38.42028533169116
28534,41.47491357101414
28535,33.396134717018896
28536,38.18186234018003
28537,34.99094926076055
28538,36.19885756372423
28539,40.79802997524574
28540,40.61464696010632
28541,37.311650154044415
28542,34.250974735368175
28543,37.16990635967201
28544,41.78568908389859
28545,38.15631837018373
28546,33.87589258731228
28547,36.709521153689785
28548,34.024718062167686
28549,37.455376496103675
28550,23.63353774052108
28551,33.12204761513961
28552,31.899056897654564
28553,35.33460863604298
28554,33.95396052283255
28555,35.91951074084986
28556,42.240206149194215
28557,43.527931458522794
28558,33.08806484361858
28559,36.55423756578466
28560,36.01648467775241
28561,40.33056216594528
28562,41.75985622173218
28563,36.95431646953713
28564,38.34881836343856
28565,38.81082949398035
28566,34.00414226193922
28567,34.403565338818574
28568,35.61917201894046
28569,45.79112892526733
28570,48.1250952458982
28571,43.66891490172951
28572,73.87132186398209
28573,42.661685030507286
28574,43.6031978485448
28575,47.708204442032454
28576,50.97505462925726
28577,54.603036859175134
28578,77.72145883122447
28579,41.34972255792327
28580,49.8176844154742
28581,49.34899944021179
28582,46.26026217699092
28583,43.3082125197043
28584,53.13818276647181
28585,45.54433746771243
28586,42.07328188907513
28587,41.52941983671417
28588,40.650364074853464
28589,52.88175475327262
28590,33.6325874924177
28591,47.91308525353191
28592,45.90060980630267
28593,37.9723126366736
28594,44.65548710490065
28595,55.801627055336205
28596,50.303381288961155
28597,40.431580923226385
28598,40.18957080796438
28599,42.82494209824927
28600,42.58817814275333
28601,47.34205643050083
28602,52.534439998921656
28603,42.83004648434076
28604,41.44189659528537
28605,41.812622447694636
28606,43.034144232715754
28607,49.42909725415635
28608,40.42068083916131
28609,44.95771432188601
28610,43.81982104628533
28611,44.48314065443401
28612,49.6323155608852
28613,48.83168036857646
28614,40.730738659159385
28615,41.17256397750084
28616,44.27508807824157
28617,46.1538035223376
28618,46.26495307155604
28619,47.32020241723654
28620,83.41186983004266
28621,48.53049542615514
28622,42.760738395242
28623,37.58785817687261
28624,59.985124277224116
28625,33.27069008780838
28626,57.482205715133034
28627,29.77012233600731
28628,62.4934187477631
28629,47.64322703680658
28630,46.1524494014157
28631,41.15562288894693
28632,40.93330623223262
28633,34.93077669787843
28634,34.88727117028398
28635,49.27033761300763
28636,42.810266026358015
28637,51.27052802037977
28638,41.622533774942625
28639,31.722737710001418
28640,44.48585277126498
28641,34.208369666571826
28642,45.59370942565924
28643,36.98864873787562
28644,45.868588365149634
28645,38.47982558095353
28646,47.69113175554212
28647,39.922874344657615
28648,43.569833052144624
28649,76.41409447728046
28650,63.51440253538716
28651,66.04821594299185
28652,70.79479945826941
28653,42.451778145471785
28654,43.02828429002264
28655,45.13880174859566
28656,43.816459688428225
28657,40.31093972548644
28658,35.32410498690642
28659,67.34249613112476
28660,64.42081229743201
28661,43.901422930072904
28662,58.687280400132536
28663,41.301848542672225
28664,32.82655857063993
28665,46.15778685172455
28666,36.67692855015805
28667,41.70396658322406
28668,42.88747963393212
28669,45.9131106715456
28670,46.735569888340635
28671,36.118669515198185
28672,49.73459996246907
28673,42.18717224667907
28674,50.29283524208405
28675,41.74707724773371
28676,49.42507664805729
28677,42.16253488255576
28678,60.58874110156064
28679,46.788918636450404
28680,47.39458471832883
28681,38.40368135954502
28682,38.209773902740665
28683,39.568177673490524
28684,51.92053721503434
28685,41.76137423424161
28686,41.58211185959525
28687,43.788272519476024
28688,43.498734315288885
28689,43.03198814865201
28690,42.27541267390665
28691,41.87050235690816
28692,42.99905544152515
28693,40.90853007148514
28694,43.13409264900922
28695,41.74141938838316
28696,48.79730588278385
28697,43.10190072512243
28698,41.12801094769541
28699,43.41561986242862
28700,42.77513076980181
28701,42.2429633508284
28702,49.02761315623095
28703,40.63819667177052
28704,42.13446985420241
28705,43.56695859475031
28706,45.00579203954722
28707,42.010299968329605
28708,46.90231768466615
28709,41.062548532852674
28710,48.07127237299004
28711,39.64725067168992
28712,48.36136658578661
28713,47.93498761606079
28714,60.98320005458032
28715,42.482686430467595
28716,41.855336087966506
28717,43.45077758245552
28718,33.92547515421851
28719,33.102146717445954
28720,37.97488318071963
28721,38.09950449416852
28722,35.67115092201929
28723,32.59170533983219
28724,41.59887650156185
28725,43.65133910509115
28726,33.99478344741651
28727,35.49346089995479
28728,34.09862909685967
28729,43.04667846128077
28730,34.69789698982306
28731,33.03775662808283
28732,32.23696138866684
28733,35.61286492699432
28734,36.774227079035846
28735,37.994684653700865
28736,37.90024580786377
28737,37.21649856179392
28738,33.99365044660289
28739,31.28929717419961
28740,30.119761094111627
28741,30.811392057464246
28742,33.909068099869415
28743,34.487568255835505
28744,35.002956172195084
28745,35.812176437716694
28746,38.81082949398035
28747,35.5923224146889
28748,44.977634447016925
28749,35.15969390667351
28750,38.85226080203791
28751,36.232964441540254
28752,40.43540622580387
28753,37.07239290392501
28754,33.19370581459906
28755,34.89259505048802
28756,40.845572536122646
28757,41.23474124465847
28758,36.03430493995543
28759,39.48850981057336
28760,38.09012643302666
28761,37.3063170073948
28762,33.60338608459522
28763,35.37701258894678
28764,37.53055204016937
28765,34.03795604298764
28766,34.980435527846275
28767,36.55005251038996
28768,36.96716351968221
28769,34.82111598143997
28770,33.384795858835
28771,39.27861274989028
28772,30.807769569337967
28773,34.826497172941735
28774,35.97003863725659
28775,38.21878677200323
28776,36.77225033131811
28777,38.87946386589306
28778,38.83867791098812
28779,39.19945922671475
28780,34.540860614915545
28781,35.53400773604821
28782,34.647593474407905
28783,33.6194108349327
28784,36.069712434605755
28785,34.59111524286457
28786,37.086151759886405
28787,36.999730414810266
28788,44.38679993263665
28789,35.90466350263255
28790,30.7026928771494
28791,33.08231543909838
28792,35.49015462552698
28793,33.93205859344779
28794,43.52459852579825
28795,37.21923059283792
28796,41.59316842078627
28797,44.486412150189146
28798,33.91436458904181
28799,34.18155661388944
28800,42.16440306217651
28801,37.264514326369294
28802,41.590492997323274
28803,49.93115024132046
28804,80.75152940138949
28805,84.43357023129363
28806,56.93294189456494
28807,47.090951887375155
28808,45.766111427897634
28809,70.40944585792433
28810,48.6296854149091
28811,39.7366763516964
28812,70.78174931402995
28813,78.54979679943663
28814,45.50586327643137
28815,68.30901156615451
28816,53.453389390774646
28817,64.12035535325208
28818,45.13271288119824
28819,50.501657530928675
28820,42.71652643860604
28821,49.098752834847275
28822,50.09640190584925
28823,43.10087453530694
28824,59.23245553054199
28825,57.73240685253332
28826,45.35225097300775
28827,65.67573202255424
28828,64.23904098866552
28829,41.60004920619735
28830,46.12325557432325
28831,49.81314661322712
28832,48.44246452018428
28833,55.97928051968843
28834,56.84925091796758
28835,48.688261864215995
28836,41.086455608990235
28837,52.687615781801185
28838,72.62355788041683
28839,55.591160949449765
28840,64.18759264902462
28841,52.13259828732491
28842,53.510102679415205
28843,72.60739678164899
28844,34.171647972556514
28845,46.9123472284644
28846,85.71198719406988
28847,51.88365835377873
28848,52.7883512764166
28849,61.704215234970874
28850,43.48939478534648
28851,43.867838931288894
28852,58.513532736986285
28853,55.01788814511661
28854,79.70554792945781
28855,44.47393967364869
28856,41.35175392377923
28857,38.25592425243931
28858,64.1783473171317
28859,43.6796503684965
28860,38.30407963628315
28861,45.89091095760666
28862,46.29678094410094
28863,58.408615702697745
28864,40.336247512849056
28865,49.93486107650283
28866,43.481102746171274
28867,40.29532496812531
28868,38.63467799003969
28869,42.71827574420785
28870,47.71590818478357
28871,37.494743748492496
28872,42.70662669686412
28873,39.401964149338994
28874,39.861489341974504
28875,41.11613032962576
28876,43.88010413906383
28877,47.62822583095186
28878,40.23720567339301
28879,41.43767631190295
28880,40.0489173660074
28881,47.868487231588304
28882,44.57789469444666
28883,40.42255623273044
28884,46.76668150164731
28885,41.13083198025416
28886,41.03000658047172
28887,44.097831220195985
28888,43.29122887854719
28889,64.23398830668694
28890,47.22883304571723
28891,42.53554623211547
28892,42.51280740206752
28893,43.48923873509964
28894,49.80373627343618
28895,42.817254371016176
28896,46.83016182508354
28897,43.55430070022674
28898,48.57250219964332
28899,42.66864754777247
28900,41.14590713827031
28901,47.54190329253366
28902,42.066958129711004
28903,43.27840849166872
28904,41.59160678461687
28905,53.34066728202026
28906,49.62772730242523
28907,73.38322920830312
28908,41.31286356657608
28909,47.18252419636895
28910,46.776298775111854
28911,41.860751401089075
28912,49.63736050271053
28913,40.608391267627056
28914,40.71977940532045
28915,38.54924844034187
28916,44.87953719603507
28917,45.16836462350562
28918,44.18266485567834
28919,44.52397447579434
28920,42.04753160022416
28921,43.52581940686521
28922,51.81823557737124
28923,45.41069283976605
28924,43.377383964730015
28925,46.37110959482932
28926,40.614785337768154
28927,45.42788384532437
28928,44.28023422286779
28929,42.025097246138436
28930,40.75161317904833
28931,43.72556121379623
28932,48.45861697667083
28933,44.81354606139859
28934,44.41826256769227
28935,42.05349195281388
28936,41.04233264826713
28937,49.75842916055711
28938,40.65509358862268
28939,42.98053291699658
28940,42.448895190505134
28941,44.09108111998044
28942,42.29613661934056
28943,38.67084887420769
28944,39.53553969694482
28945,46.6313470904061
28946,46.12950402832308
28947,38.9731736032187
28948,38.8364646502395
28949,39.91884603837056
28950,42.88949518073218
28951,40.6528803740569
28952,43.85959169225287
28953,42.73138478590565
28954,43.734125873748326
28955,41.7590876967939
28956,41.8614543935118
28957,42.36693588652607
28958,44.09884630404321
28959,43.19389172081497
28960,48.30926097633931
28961,49.64749359482526
28962,41.828049722540825
28963,37.94624061425229
28964,58.32766762384564
28965,41.62564553604457
28966,48.506778379346564
28967,35.937669596384225
28968,70.58609585751755
28969,61.95243822909471
28970,9.048905567224438
28971,25.048011204291857
28972,26.418948969610412
28973,42.342619350611145
28974,39.72293729385046
28975,58.43616477164745
28976,54.37081614911145
28977,64.0424507232347
28978,58.104134845398185
28979,45.050872666723585
28980,57.9509177572494
28981,57.49319373061065
28982,39.493937839331394
28983,39.559960228088286
28984,37.2614959170127
28985,41.80682694033248
28986,42.75756464463592
28987,41.15420754222814
28988,44.424967243163046
28989,40.628191865337264
28990,44.486719232593124
28991,40.780979110333796
28992,42.36687852095123
28993,41.534228197526126
28994,41.37315115082483
28995,44.14612342782164
28996,36.9429919916659
28997,46.25801361454222
28998,40.69164667794071
28999,42.45501671759741
29000,42.2461013312547
29001,42.241843821979224
29002,41.33950863539006
29003,48.5019995056672
29004,41.43664734327081
29005,40.01205947026968
29006,41.223045425989795
29007,43.12989375947472
29008,42.76378243739089
29009,41.05698389806041
29010,41.93736467274245
29011,42.361608846591345
29012,42.21286060550138
29013,41.13773436614083
29014,42.45274905956002
29015,45.3047251100949
29016,42.541747813166644
29017,41.28321321835319
29018,41.95011271643189
29019,42.231060260298804
29020,43.57445199929432
29021,41.29570366280931
29022,49.511309332232976
29023,40.00900163475351
29024,43.484666823838104
29025,48.40084917575211
29026,49.002012319975115
29027,42.56947402187552
29028,40.923776670962695
29029,46.21671744546074
29030,40.26881999931618
29031,47.071225527679054
29032,39.71793892551154
29033,34.66041717649227
29034,42.813459726572994
29035,41.14816276449484
29036,43.53436779892564
29037,44.66875896914356
29038,37.191787694448315
29039,38.82736824504873
29040,37.63326651405767
29041,35.5060347804722
29042,37.77526470951342
29043,39.69883572133081
29044,38.635520477407134
29045,38.119366308191424
29046,33.10817697970044
29047,39.82419340774925
29048,37.89160061702452
29049,38.20297595387126
29050,34.895127551746945
29051,40.50602997368575
29052,45.39787491937985
29053,37.00412731085294
29054,33.406136951306635
29055,39.42750587559479
29056,43.72958397135611
29057,31.819591197374162
29058,40.40845336820091
29059,36.07058402437144
29060,34.64146910237443
29061,41.97715006909466
29062,44.168526917560555
29063,32.49512142596637
29064,45.368438015707326
29065,33.87857192730817
29066,43.71851629962361
29067,36.032862479681505
29068,35.71723126180247
29069,32.28187195440634
29070,33.937808240204944
29071,36.00001647746071
29072,34.637726806207475
29073,32.84353525740651
29074,40.77977950490606
29075,21.862976151066334
29076,23.194830160965875
29077,33.97457284067938
29078,33.71629938946707
29079,34.32705358058542
29080,34.69789698982306
29081,42.41164445824309
29082,32.890546455156176
29083,34.47992452521484
29084,32.051062573265305
29085,36.79658924600146
29086,31.974801593007584
29087,35.275772640831555
29088,35.59977693419643
29089,35.045787172790554
29090,34.753733915817925
29091,35.00101731146062
29092,34.42870614645096
29093,45.656669155479086
29094,35.629372969703574
29095,42.3370903745336
29096,36.59523952809158
29097,41.156850970001486
29098,35.413813394931125
29099,34.17887703593878
29100,31.80222375669816
29101,33.97021043384478
29102,40.20154026507199
29103,31.467415972149617
29104,33.92556611293892
29105,32.589847268028265
29106,41.0703164932615
29107,35.26501182125285
29108,32.24274748468771
29109,37.30504732912168
29110,33.40373681648857
29111,41.509801165110964
29112,39.00014796484697
29113,41.34187686807728
29114,40.71023643346717
29115,34.76148444574136
29116,34.894064512509985
29117,34.294969095169044
29118,39.191740178770424
29119,32.8176623088884
29120,32.3800875280378
29121,34.65319778807924
29122,31.242755249549404
29123,36.42003883580913
29124,40.92532682208325
29125,33.353583583979955
29126,43.228779852939034
29127,40.485234700941504
29128,47.56165784534671
29129,40.6908657765298
29130,45.90266719172711
29131,44.80661951354391
29132,51.630689346004175
29133,44.592149784914575
29134,52.34368380731888
29135,45.17875662449288
29136,47.63007098453409
29137,43.87667895662856
29138,53.29413789250518
29139,43.20493573818904
29140,44.055826664388775
29141,46.51604801227714
29142,43.465795683171955
29143,65.5008462599862
29144,82.56648092739792
29145,44.15621655117922
29146,44.22852932743567
29147,43.43632455999542
29148,48.04009175169234
29149,48.59975621069789
29150,43.67333186425668
29151,54.27545871454888
29152,44.84275896698496
29153,42.67209155094038
29154,49.87581880089639
29155,46.5238796344182
29156,44.628655662858606
29157,44.4123388112123
29158,43.94760066584435
29159,46.05137281103896
29160,47.46120075584776
29161,46.57885899531469
29162,43.205952909545964
29163,45.619338329511336
29164,65.6944441335854
29165,53.61226651156007
29166,51.44630000316051
29167,44.143608163582975
29168,50.39241025257126
29169,45.74172510659747
29170,46.96689603666883
29171,48.515286311188405
29172,48.289191343886685
29173,40.790594397965165
29174,41.89594248441989
29175,42.58755165723726
29176,44.359211451552405
29177,41.262146719061484
29178,44.289957284461764
29179,54.39434124644524
29180,48.06580779587937
29181,43.456416029246036
29182,61.78536284683282
29183,46.41192185793091
29184,41.4600352768975
29185,49.0833201252247
29186,44.623154696728186
29187,42.81593450344518
29188,42.696805580642746
29189,42.6663187119299
29190,42.292992288419754
29191,43.64035622180483
29192,45.51105074329416
29193,46.14440499662864
29194,45.95259823156153
29195,44.90438417344305
29196,37.714314939738955
29197,38.14788709015339
29198,69.76167144885619
29199,41.46075446767324
29200,40.63234167035889
29201,21.160742364465133
29202,47.97671613554032
29203,23.73713760505971
29204,33.502788419663304
29205,38.311336413581685
29206,34.36893002865545
29207,33.08075724687912
29208,44.81664958741678
29209,41.722803079359345
29210,23.46663837630547
29211,43.28185932017044
29212,31.249692844311614
29213,35.142512970589884
29214,25.586240933272805
29215,43.16027941319294
29216,43.302056926579965
29217,29.97170628096913
29218,28.9707908635029
29219,30.77587605012689
29220,31.99813956628695
29221,44.35718463837802
29222,47.47626366529249
29223,46.74809349963871
29224,44.80880117943728
29225,42.4902995889604
29226,32.95619875488131
29227,38.881706007471124
29228,44.19009214659203
29229,42.19331714895554
29230,51.5017349629872
29231,33.81210117047975
29232,42.19159024754465
29233,37.02189444198015
29234,40.51362853926338
29235,46.08841305353652
29236,44.70297661094728
29237,43.95873048910821
29238,26.636714512339637
29239,32.316227199212726
29240,31.03047024139314
29241,37.263659968127385
29242,42.523074300203625
29243,40.64722167577669
29244,29.761572249580468
29245,42.559621553721776
29246,44.567033651563186
29247,42.5594640522584
29248,43.32045772743391
29249,45.869586009392485
29250,34.29109794862781
29251,28.890802043394395
29252,21.9304179020605
29253,37.195066959029624
29254,38.89180228550745
29255,44.61336300850262
29256,43.20386965151913
29257,44.33586742786966
29258,42.81230968083141
29259,42.36715091895277
29260,41.94857953457854
29261,42.892340654075454
29262,42.45735577516029
29263,43.29122887854719
29264,43.58300478145248
29265,47.54453303014077
29266,44.7780856604622
29267,41.63681147767517
29268,44.718062326690635
29269,43.49001404839755
29270,44.38541343651428
29271,43.7361516430266
29272,45.44533942052732
29273,40.988643407593024
29274,55.53608201890773
29275,45.26262438211303
29276,42.0781342134577
29277,42.12761928814738
29278,47.05386385865573
29279,49.72020924249135
29280,43.48381852986093
29281,43.362179932588035
29282,41.35729642084814
29283,41.463505820834925
29284,42.035346666394375
29285,41.25449246192593
29286,40.108436624376836
29287,39.16794146000202
29288,50.681843381275684
29289,53.37012632516429
29290,44.26984286960749
29291,56.81437696846482
29292,39.373855544435344
29293,33.06770214027206
29294,37.77439375367808
29295,60.016635460009795
29296,33.835581021399825
29297,58.468054285293896
29298,43.67782907264045
29299,36.91833395221763
29300,40.50585216277125
29301,36.03430493995543
29302,84.58616544615688
29303,42.54599380955366
29304,48.50969830069001
29305,48.83181633796382
29306,43.89963581725401
29307,67.7880864994932
29308,70.36176324753325
29309,36.20138853166346
29310,60.57971796035061
29311,37.635075883591206
29312,60.91073098602265
29313,72.3916723570938
29314,36.52851033604418
29315,39.17808259788867
29316,35.67115092201929
29317,37.02536218694791
29318,24.79679353428088
29319,17.02478951523584
29320,33.008709369235405
29321,29.929613600367993
29322,37.21891889555404
29323,40.60388873578527
29324,34.35297023679337
29325,34.91682306475648
29326,36.94261882953755
29327,57.116048498782526
29328,40.620389458724524
29329,60.697860402850765
29330,39.97244605710312
29331,34.75858973203049
29332,39.2287161036852
29333,41.94011046269703
29334,61.56790688177192
29335,36.80845556350483
29336,56.92930427439485
29337,30.911770122560306
29338,39.17414029003795
29339,38.78641701749918
29340,21.381137726707028
29341,38.31592397010515
29342,41.27934950046391
29343,35.903627525290496
29344,37.84089583411469
29345,48.76741391128106
29346,38.31734452590854
29347,41.472797221023214
29348,41.612334397078826
29349,39.72146562070005
29350,46.09326207056168
29351,38.45064307373501
29352,44.13429875339669
29353,31.48555612361667
29354,42.80361575172514
29355,38.48401278894357
29356,44.878178818694664
29357,35.63928586257407
29358,38.02797504317064
29359,40.74401105395175
29360,35.122432457517974
29361,37.497110878619075
29362,41.492165537664874
29363,34.27142414030424
29364,37.36152044038511
29365,40.52501665444904
29366,47.91444267761907
29367,35.49341029837838
29368,40.78593925356356
29369,33.66299087272273
29370,33.024532682507726
29371,39.04246897413452
29372,44.32933268567622
29373,43.75597692618846
29374,43.57036558757578
29375,32.82803342312324
29376,31.50728605282459
29377,40.38860277587266
29378,36.83519134448792
29379,38.26462980098206
29380,39.6813361029665
29381,36.71229830575929
29382,32.791494447975005
29383,33.13841310086178
29384,33.11827210958747
29385,37.777206482561674
29386,36.57195962815322
29387,35.60960607742258
29388,32.07070196402296
29389,39.26238577278144
29390,38.56813646600375
29391,33.9570147200146
29392,31.70559910161229
29393,43.19155306206501
29394,35.16779139208998
29395,37.788058993056985
29396,22.13165422390985
29397,33.396134717018896
29398,34.6594742376287
29399,41.50326829981645
29400,41.86799470949702
29401,36.753463723874845
29402,37.35466208058872
29403,29.994647805252146
29404,35.08974215774575
29405,34.36273126644007
29406,31.49233900708279
29407,35.90877484235589
29408,33.04646030286696
29409,38.66151882658862
29410,45.37215027461344
29411,31.291948635553815
29412,32.900523973369374
29413,33.398144811151816
29414,29.097772052631186
29415,35.308107757895826
29416,35.06517635553268
29417,48.443518132451416
29418,43.17408728519235
29419,53.14921499544368
29420,42.39250355640629
29421,47.9345817613638
29422,46.41040692689343
29423,47.87639007528937
29424,49.775136867458286
29425,51.252259754480036
29426,48.73855540768697
29427,41.44541761856785
29428,44.09967946381678
29429,43.639163669706846
29430,42.49565265021694
29431,46.663585125026806
29432,42.38758500155042
29433,44.44027018763457
29434,47.04363026192593
29435,44.454173854614496
29436,49.04228708996339
29437,41.79433547666703
29438,42.90769469088098
29439,47.68775228103062
29440,46.65327523663405
29441,42.43446506519511
29442,49.04468691764418
29443,46.58757674748442
29444,49.36463076583274
29445,43.14051456598008
29446,54.22300617699063
29447,39.169267534789284
29448,42.10099364998089
29449,41.225189639073015
29450,49.50163132301031
29451,43.24255581168115
29452,43.259464949975275
29453,46.39424434650833
29454,44.079718246839725
29455,41.62175942017564
29456,39.90530800177896
29457,43.24246015896442
29458,43.41035029515738
29459,40.52290982408501
29460,48.61110492761303
29461,45.45046266581426
29462,44.404685786933555
29463,44.50214031324999
29464,42.24625709829588
29465,45.20303590000543
29466,48.99549595755744
29467,49.550457094519025
29468,41.749839299716214
29469,44.262347913653855
29470,46.906325807474076
29471,43.50922874655167
29472,42.39296200953987
29473,48.765875168326666
29474,45.65900953055281
29475,53.94600805783904
29476,41.60520080656142
29477,41.778613160764536
29478,41.83027878491979
29479,50.90090804663366
29480,46.67172124352523
29481,45.90761499600327
29482,42.80067232745457
29483,45.600853969965556
29484,51.096328515132356
29485,43.785317050229054
29486,43.2026324975972
29487,43.53468140344093
29488,57.99385640669462
29489,55.304290603741144
29490,42.93071020673599
29491,43.34647475536385
29492,49.6323155608852
29493,42.659559131323824
29494,43.578974043294686
29495,50.303381288961155
29496,44.36056327277647
29497,49.26302647177419
29498,65.7784024148873
29499,42.12342754333562
29500,41.73631317945974
29501,42.90026365105294
29502,48.87524165579956
29503,42.84083036177388
29504,38.220191850232986
29505,42.508238552133335
29506,40.73504034932742
29507,31.86621729649432
29508,73.38945189799361
29509,73.90199607549557
29510,35.53181466899341
29511,43.04853373326419
29512,40.32661556651269
29513,37.42943099222285
29514,37.50827625244903
29515,76.47813504879697
29516,41.27934950046391
29517,39.19840135366262
29518,41.735309275176206
29519,46.44837573989776
29520,33.25118111926828
29521,26.201718968219122
29522,44.35317512899253
29523,44.04110226267924
29524,59.25957838542977
29525,44.33475327709049
29526,41.029371508903516
29527,38.77422287515153
29528,40.01806450513626
29529,34.220308012771824
29530,36.88280794175805
29531,42.047500242099744
29532,37.48883344029633
29533,42.149827574144396
29534,46.3499424388138
29535,45.36038248343425
29536,66.39374214220486
29537,38.80227231452927
29538,37.78741843395886
29539,40.2248703735556
29540,40.491486344789166
29541,41.17315591996955
29542,62.7435277693043
29543,46.711211961890974
29544,37.025330816455394
29545,46.321559453014416
29546,43.284435404195435
29547,47.91444267761907
29548,45.01519835228282
29549,40.77814683288645
29550,36.00610378527885
29551,37.78317415419933
29552,78.12234382443853
29553,36.76793449970959
29554,37.63099508781667
29555,39.19558104611151
29556,36.60206628602725
29557,35.386215370157146
29558,40.01454002345787
29559,38.62115408510651
29560,39.48002805173172
29561,42.26320202342417
29562,38.751046297309145
29563,41.34187686807728
29564,39.43248581700202
29565,38.455947028970684
29566,40.250614486738
29567,57.958630588403665
29568,41.394786700893206
29569,39.06888065211551
29570,35.67476367864865
29571,39.357253036857045
29572,39.63659596454954
29573,35.253338260354695
29574,38.67165180352985
29575,35.613042390156586
29576,35.56267110490163
29577,35.50954315424676
29578,44.67815148195689
29579,34.78968256076911
29580,35.39072969820004
29581,66.25345819819174
29582,39.30019715095569
29583,34.90945626240521
29584,38.980895567268455
29585,36.27219787383496
29586,41.61455251415913
29587,25.591467443459983
29588,37.399987692343586
29589,38.20999163718271
29590,36.7840626636949
29591,34.79892013895144
29592,38.60600596206661
29593,40.95504996861772
29594,40.44537940959264
29595,40.024320350741135
29596,35.68949760806218
29597,32.079184722435386
29598,43.80261362776984
29599,46.09326207056168
29600,38.45963669485327
29601,34.40021028697529
29602,39.11793935400409
29603,29.986379313365827
29604,47.37529888773228
29605,44.62897154425399
29606,50.49705807850805
29607,70.40944585792433
29608,64.15632518063677
29609,60.58971727746554
29610,57.482205715133034
29611,65.2686602771974
29612,40.27198591776602
29613,80.75152940138949
29614,51.68824836409835
29615,46.741670579672714
29616,42.200892499029884
29617,43.92229921208435
29618,47.56165784534671
29619,47.65336497937933
29620,75.32637222617097
29621,39.19466578258125
29622,62.93290286427115
29623,57.8997044254012
29624,38.27056635900215
29625,35.035988083008604
29626,43.26460895521198
29627,48.57854173895846
29628,49.38087199558037
29629,54.94715126384525
29630,50.38213054167511
29631,73.38322920830312
29632,65.83889751055969
29633,43.41657062615264
29634,46.39527322326029
29635,68.30901156615451
29636,43.45647388307636
29637,44.34501819999261
29638,43.24575618002435
29639,62.6700839938014
29640,48.55096960070812
29641,72.99152438715004
29642,85.71198719406988
29643,42.83888843732888
29644,48.25440867385026
29645,81.05511620730852
29646,42.66975330635867
29647,53.453389390774646
29648,45.658556427397755
29649,83.41186983004266
29650,54.27545871454888
29651,75.65945497445024
29652,65.5008462599862
29653,44.61821228959827
29654,49.92220446522863
29655,44.5619652437028
29656,47.95333804415339
29657,38.70173956157779
29658,47.7870694456551
29659,42.486313449564875
29660,48.97043605895563
29661,41.20168371819399
29662,42.16244763326203
29663,45.34093483343026
29664,45.07849034191042
29665,60.58874110156064
29666,64.42081229743201
29667,54.37061862211353
29668,54.046425232831865
29669,53.94889179570382
29670,56.29677210561545
29671,54.086081345785026
29672,47.242998576841416
29673,48.988118227185026
29674,65.32859018461905
29675,54.39434124644524
29676,65.93283647872806
29677,64.1783473171317
29678,67.38454541531605
29679,55.84163257035384
29680,66.24065562130181
29681,66.99422882515547
29682,55.02025311568236
29683,61.78536284683282
29684,66.31407567808259
29685,65.44904894366972
29686,46.86261816458213
29687,63.26783120603973
29688,53.09612531246017
29689,65.10951609064442
29690,53.65838101699197
29691,55.145663037208294
29692,54.297840874365924
29693,66.69308041273095
29694,53.72127954342778
29695,28.183428981588584
29696,46.972095670193795
29697,52.36319886951187
29698,63.74995718398806
29699,52.540241127157955
29700,47.674697683191546
29701,65.31853375175167
29702,52.04210804777423
29703,62.7842080741652
29704,63.70652085894173
29705,48.72888752566554
29706,51.79537393030646
29707,46.84796707161458
29708,48.5944078664993
29709,52.36158032665672
29710,49.81347394447078
29711,51.79634665565892
29712,48.383632691612625
29713,46.76447054725123
29714,51.59480795916038
29715,52.1761296402297
29716,55.096080566646336
29717,52.1381290063226
29718,47.04742947570451
29719,49.746798198082715
29720,51.82474538785855
29721,46.53923297952707
29722,45.1720635846621
29723,53.895968314167504
29724,45.84598884996363
29725,54.32963187367804
29726,44.9420447094112
29727,42.94382144570203
29728,44.83612939165997
29729,42.52344976652701
29730,50.582677838123374
29731,43.83982220236732
29732,46.61251519984184
29733,49.507295113370056
29734,49.7585720129508
29735,49.32544547528155
29736,45.35638843363517
29737,42.52046391020824
29738,49.5936005020178
29739,51.48289784554731
29740,50.70815251622587
29741,49.916213298237224
29742,49.07952327351307
29743,49.69495206436984
29744,49.533695626716046
29745,45.893902777954
29746,45.49413738156918
29747,45.77060506259214
29748,44.74645427683946
29749,44.70883418883297
29750,49.60482730986662
29751,47.168337897337416
29752,48.00225780070943
29753,37.78422253220657
29754,25.848449301051698
29755,48.627032582252916
29756,48.49798970419351
29757,43.198396677458625
29758,51.28589998815275
29759,47.07586913368647
29760,50.51074896106006
29761,46.29190454915841
29762,50.06805335295545
29763,52.10983270980449
29764,47.52577103955902
29765,34.29975100748236
29766,45.417949894336076
29767,42.15609071137209
29768,39.175837262074126
29769,37.22786347871068
29770,44.27290604017093
29771,32.6639356174063
29772,39.372811452622024
29773,36.82035450266046
29774,44.00805961111848
29775,77.67500818048285
29776,46.93020607730163
29777,47.00106139756432
29778,46.06856203241156
29779,45.3920736265598
29780,73.89697144734495
29781,43.05461604044703
29782,38.59079061051598
29783,44.11507976715901
29784,51.512759229696755
29785,75.67839469952469
29786,49.283131755663064
29787,34.35840209183669
29788,55.16051087452075
29789,45.17865698991491
29790,55.33837275618795
29791,49.812781237138374
29792,49.2021483671461
29793,43.498734315288885
29794,53.69030133464066
29795,75.7966966494341
29796,52.72859317736212
29797,47.1314208723794
29798,75.23296526196407
29799,47.71334034226943
29800,46.89910030310575
29801,38.86593232036193
29802,42.86895371405553
29803,43.69829345258804
29804,61.46967063083044
29805,42.439946237912366
29806,49.55033477997564
29807,51.92053721503434
29808,42.16253488255576
29809,37.851089918006195
29810,40.845572536122646
29811,43.23870047743725
29812,45.06158355524968
29813,54.136818679659754
29814,48.289191343886685
29815,53.32007565985601
29816,62.30936220057136
29817,42.83004648434076
29818,39.37219794216002
29819,61.64365376573156
29820,45.04827626791317
29821,47.50536037778164
29822,40.85940239366198
29823,60.05667357360733
29824,69.0252887551138
29825,51.138952270264696
29826,45.884907474424764
29827,37.29789726190037
29828,33.7760460182881
29829,49.002012319975115
29830,42.11043211214088
29831,66.0534282758083
29832,41.74707724773371
29833,42.010299968329605
29834,47.52400506373457
29835,47.33035238423097
29836,45.9131106715456
29837,37.80360217400981
29838,48.39294835299867
29839,47.59949502398806
29840,42.831114789539996
29841,41.06701877169268
29842,46.0150636850794
29843,42.67587726483711
29844,47.18123228153497
29845,38.26492470490652
29846,49.64898270081185
29847,47.84998778702601
29848,49.2072192776696
29849,43.7676520468258
29850,45.86486900684005
29851,42.63133889292875
29852,36.39772913243519
29853,47.23815635493788
29854,45.470263388294846
29855,42.26080465593841
29856,48.982908407932186
29857,42.56021928019501
29858,41.53718443441911
29859,42.345667623502464
29860,39.06546757458156
29861,38.679729582710706
29862,41.71487185378907
29863,36.2810626355369
29864,29.06232906543385
29865,37.82421345964866
29866,41.45087951148072
29867,42.79454601208961
29868,39.388758280363135
29869,35.059918693799936
29870,44.541765485387785
29871,28.647554907260588
29872,45.81781174990125
29873,44.545595635862384
29874,42.41290721299365
29875,40.28702251026034
29876,47.501193959064906
29877,48.85703893457925
29878,37.62955214286844
29879,47.822032156096974
29880,49.50458461620825
29881,40.9299700787219
29882,44.042956232700135
29883,29.780785484313327
29884,25.586240933272805
29885,44.042764289897924
29886,38.28027568931054
29887,48.24660776788785
29888,26.244650703865954
29889,36.24307913730135
29890,46.817849182983736
29891,41.932539547501776
29892,44.40835511024343
29893,49.23593568111121
29894,43.02241491206972
29895,41.35160546897136
29896,48.15979211837422
29897,28.11185518613315
29898,32.38108935932537
29899,29.564899989975366
29900,31.31037058020855
29901,45.50914438925691
29902,42.03478093484758
29903,27.908961964257156
29904,43.987127860386
29905,46.559699688406106
29906,43.75448664011998
29907,50.39579150551027
29908,49.20320624778517
29909,40.91262099424867
29910,43.24837570730426
29911,36.07999154596484
29912,45.66846976040381
29913,48.40869584731995
29914,30.718027281519007
29915,31.700313530778438
29916,31.970527634975962
29917,46.25082438772071
29918,30.516198449294553
29919,47.8032018219438
29920,47.08265919715939
29921,47.96177194224219
29922,45.33925091480585
29923,48.370743862000204
29924,41.2625308462957
29925,28.186266478759485
29926,46.93832601220263
29927,24.63551748782321
29928,47.92017826330336
29929,45.79192195920295
29930,42.667131778111816
29931,47.13950698326818
29932,48.914448016085075
29933,46.311545209541706
29934,38.16988606419092
29935,41.261279740633036
29936,45.237718587931205
29937,44.61183475804201
29938,41.88127280277445
29939,45.51667399616303
29940,50.126779115448564
29941,77.03384297839969
29942,43.874333514888015
29943,62.294917879024496
29944,43.22103262656745
29945,49.83811036066085
29946,42.0781342134577
29947,66.09898492404145
29948,41.29029083436476
29949,42.42160901205506
29950,64.18759264902462
29951,42.60984984961074
29952,53.29413789250518
29953,40.71977940532045
29954,41.50429532517196
29955,45.13394147352768
29956,53.61226651156007
29957,82.56648092739792
29958,41.89594248441989
29959,50.14435625537424
29960,64.23398830668694
29961,45.32763296506539
29962,56.44968434739934
29963,39.27719492048353
29964,45.579579871004185
29965,43.37544925337552
29966,42.12897685937488
29967,47.87932842828051
29968,41.59129678015136
29969,43.73596058553633
29970,41.49626914668931
29971,47.44303727611617
29972,38.865341757178015
29973,34.94984792156817
29974,52.36053338419187
29975,42.22430207989559
29976,74.18086908893733
29977,39.08622869796562
29978,51.0109153046477
29979,39.36141285808711
29980,59.985124277224116
29981,44.62278554146071
29982,46.076404120299046
29983,43.068824116897176
29984,47.00083962369824
29985,59.93306340648138
29986,46.22666910765261
29987,44.15381742761928
29988,61.15321269550607
29989,52.63749157656194
29990,64.01886013720676
29991,43.38655019670388
29992,46.1538035223376
29993,52.34368380731888
29994,41.31286356657608
29995,58.19777314875583
29996,46.41224303167176
29997,38.592875476131994
29998,44.20817052903602
29999,50.83302042539514
30000,63.63200157765047
30001,57.58232603480935
30002,42.88271519312687
30003,48.983958564841565
30004,29.55997653548549
30005,44.604470080597615
30006,34.03433011004515
30007,76.10690819849836
30008,29.618207815596893
30009,51.7956354599536
30010,27.346326074758736
30011,63.721933346078345
30012,74.86618424120525
30013,66.92769836198732
30014,44.12962655286334
30015,29.353568293775915
30016,46.45459407239328
30017,41.71962904628066
30018,32.632350617791346
30019,47.03661400445925
30020,65.19022428670858
30021,47.24753193713909
30022,62.647751773757896
30023,33.43060291516003
30024,47.85760758570833
30025,50.60982621095706
30026,43.018374588852275
30027,47.35982685033315
30028,58.39867866556304
30029,46.801420018161885
30030,49.184902210872664
30031,34.71228555848765
30032,30.472751293270772
30033,50.91071301950281
30034,66.52113426229357
30035,33.75406696588996
30036,26.162674505438403
30037,33.539422621755875
30038,45.680913816329294
30039,47.43208442448247
30040,44.540490902289996
30041,75.48196079028523
30042,52.07012529192253
30043,33.20078350010227
30044,48.15472486755542
30045,50.028308516147376
30046,45.76100935021653
30047,45.13949578516804
30048,46.66598545612676
30049,46.07560324801898
30050,48.274026742684846
30051,64.22741886863624
30052,51.0107265299633
30053,47.912625529801765
30054,33.893979588939494
30055,51.218302829807634
30056,45.9892777353753
30057,68.62751690581122
30058,60.59681448842312
30059,33.55147283617748
30060,45.07670212743838
30061,42.16323394117786
30062,72.44864891097112
30063,60.3637290404527
30064,31.652430830637165
30065,47.40049390006488
30066,46.18526310268584
30067,42.94810613601325
30068,41.11692320920794
30069,20.320231670520986
30070,47.15536007315643
30071,39.98577052311155
30072,71.88156401732343
30073,63.418966166219604
30074,45.968376027718655
30075,74.20970734108037
30076,50.74426411517704
30077,41.39343734920949
30078,40.722601498044774
30079,42.87734650459594
30080,39.303740213441
30081,42.572258912130906
30082,42.97680081222342
30083,40.686795884023404
30084,37.75185744119066
30085,57.65151171362775
30086,41.605559897704495
30087,40.588627597798485
30088,24.89298555132865
30089,39.99164211542737
30090,58.37316413080286
30091,50.13105967536544
30092,60.26282695953152
30093,37.05343968785597
30094,40.896174273637115
30095,69.35011000564533
30096,41.801165624961165
30097,42.22692417005432
30098,48.392975426907796
30099,38.62283648077063
30100,41.47277912532357
30101,36.6130486876112
30102,40.878280668995636
30103,26.511331542505076
30104,41.27225891788253
30105,42.886261350426665
30106,38.470712503401536
30107,41.26279375285807
30108,28.618802193843447
30109,45.56648857144367
30110,43.486013859644686
30111,42.51662388194108
30112,44.017042119861955
30113,42.57699412546087
30114,43.936853830717745
30115,24.371835208958988
30116,44.709577855881335
30117,47.32683714881632
30118,40.23280373181692
30119,42.17109448524212
30120,56.70565438781249
30121,28.38235061620004
30122,25.26766169637394
30123,36.671462185792706
30124,35.42444163302504
30125,41.9684451661297
30126,34.369828121969434
30127,43.1499727455575
30128,45.190532848092076
30129,27.57962789378371
30130,43.55692955275864
30131,45.87940615255221
30132,34.856194278904916
30133,46.0070190389619
30134,45.59316244808345
30135,44.410955322796596
30136,42.3528452363349
30137,22.3094075732176
30138,46.01492314127111
30139,41.178455198156755
30140,49.18684485320191
30141,33.87098069482929
30142,41.609181126988695
30143,42.08209018463765
30144,43.291790920214
30145,42.84896082451713
30146,38.70942432765453
30147,44.93325462470213
30148,26.352776882154533
30149,45.47349743615749
30150,49.08196180698887
30151,38.621350076996286
30152,38.76277409980179
30153,38.44077944995573
30154,48.13213778552154
30155,38.80784160109785
30156,41.72890870651026
30157,46.97416054355842
30158,45.58488468694358
30159,46.43981988259867
30160,45.606483061142185
30161,18.74705787344211
30162,22.817464864884055
30163,24.003021531550267
30164,49.77621505127917
30165,23.25145510141415
30166,43.240986164926575
30167,49.40304532506194
30168,45.93287712018703
30169,48.25452403135365
30170,44.501278917542166
30171,49.97544912376718
30172,45.118975051679584
30173,38.52187321578293
30174,44.50966994598486
30175,47.46222997460087
30176,48.74186748357154
30177,48.90758847208219
30178,40.019256047708524
30179,48.09829359421023
30180,27.64826281821929
30181,46.433589889777004
30182,41.71100101639091
30183,43.322450234080364
30184,47.42417147724252
30185,36.4744515487464
30186,44.271919476551645
30187,44.331421856531186
30188,38.293233039983605
30189,57.29458001892742
30190,27.782947251566807
30191,49.01375813877401
30192,50.321083815478374
30193,36.66751403030658
30194,49.605493837594146
30195,49.71421845799205
30196,69.14563916702161
30197,87.66702879537249
30198,84.76279758452159
30199,83.73084880384155
30200,24.76412055337368
30201,86.34264668837349
30202,78.04184877461279
30203,86.68947788597089
30204,83.52088597166879
30205,34.918675401908125
30206,84.66165646100579
30207,89.69512912873552
30208,28.303522790285324
30209,86.01938688836242
30210,89.68767471857585
30211,29.032375193052122
30212,83.62568204560841
30213,31.633124269656996
30214,77.93467661556281
30215,84.16082734126945
30216,85.18907916755316
30217,30.987416174343007
30218,88.99287484745514
30219,85.19745334761282
30220,32.13295642599542
30221,87.31176615600302
30222,74.12915006976297
30223,86.72074342868336
30224,28.813689132345715
30225,77.31094979032402
30226,85.89051919014811
30227,37.17027026461191
30228,45.11095079430953
30229,85.77200417857946
30230,27.416109280530605
30231,76.73634337823519
30232,75.99141971460959
30233,30.072773166712178
30234,83.39858839239436
30235,75.87345405528069
30236,46.398372725641885
30237,84.43357023129363
30238,31.733020891944218
30239,70.94627908333861
30240,34.49376193059079
30241,84.56017378060585
30242,87.66053520336328
30243,34.03388482539953
30244,87.13189894276852
30245,87.3441603595261
30246,32.87885250102264
30247,85.94185830045893
30248,86.51168125094986
30249,30.27215957771487
30250,86.93327106184127
30251,32.051504796253425
30252,80.40439909289194
30253,83.74513367904193
30254,34.27466329248974
30255,85.21391493407394
30256,83.44382595679366
30257,32.074058230573655
30258,76.63061365358328
30259,83.99021895350909
30260,30.37144266660468
30261,83.16100363696577
30262,85.58739618003253
30263,31.58183139564722
30264,80.20637654411692
30265,83.91441579622023
30266,26.292508712718497
30267,66.37805770362318
30268,87.73264297228654
30269,32.985209865597994
30270,86.18585662135166
30271,28.858063496883318
30272,32.22607102754416
30273,81.9594237512301
30274,76.14512556381081
30275,34.13997802646103
30276,65.62738169468395
30277,64.76803536428258
30278,34.16038581103272
30279,68.31723615500312
30280,30.063337080094833
30281,73.65798850306061
30282,82.41301228546092
30283,32.74246595658242
30284,64.27930123966036
30285,73.7973838556162
30286,34.296002980994686
30287,74.48945576356294
30288,84.24329867769573
30289,30.755561158960354
30290,69.17186881482527
30291,66.15157566545804
30292,67.37627232872995
30293,32.11344918024632
30294,47.18637691334567
30295,55.95777623237606
30296,49.076418797264886
30297,70.79479945826941
30298,64.90613504227507
30299,55.1006761090638
30300,75.8876411555268
30301,49.724309263493666
30302,53.88739893213016
30303,47.93839599659219
30304,63.75900558741732
30305,54.99970550187188
30306,47.19968521667205
30307,83.19599981419648
30308,82.28476992557496
30309,43.88139221112232
30310,64.59369467478324
30311,48.608384060930135
30312,45.955962047524075
30313,83.97853768766393
30314,47.45177671528474
30315,43.103180603525985
30316,44.22986215234911
30317,48.05329448365904
30318,50.541636374343646
30319,43.445896022528295
30320,51.4913069851967
30321,58.67242872562171
30322,84.82687032011128
30323,65.20811716504761
30324,46.54135644578563
30325,44.74304107534756
30326,48.05674201985956
30327,44.1893633223356
30328,46.83178248757596
30329,50.81536100089289
30330,52.18931751045223
30331,58.162973271072644
30332,47.22345463402973
30333,49.0398100542382
30334,48.44534434671339
30335,35.440967093550206
30336,64.72154253907836
30337,87.42975986549217
30338,49.928003770581554
30339,47.34013504887604
30340,44.91789756418431
30341,47.32880215685431
30342,48.33957285879979
30343,47.64013002105292
30344,55.710235798385426
30345,49.94046257952254
30346,47.801356030927096
30347,49.3264071590015
30348,48.289784599689035
30349,65.83719541153474
30350,46.80704864414274
30351,55.482728958921484
30352,49.534642339977864
30353,47.90722998715836
30354,48.77443964475964
30355,48.10874792947547
30356,50.24824052895548
30357,49.96444338388222
30358,47.663467313769246
30359,48.56607935368861
30360,49.540371196007214
30361,49.87668227869122
30362,47.6456974218851
30363,69.96628296802886
30364,80.33731861568094
30365,47.43076287195847
30366,66.14367467459171
30367,49.083884156534765
30368,50.396309230889415
30369,77.80888892301351
30370,47.994852293659754
30371,77.20521143694856
30372,48.56332788803049
30373,49.69798472846301
30374,47.68369545768556
30375,49.64866252604096
30376,43.348247883711146
30377,41.87149616146529
30378,79.91315363145895
30379,47.38789696937395
30380,48.80110120243052
30381,31.52185324792271
30382,45.026209571998976
30383,49.069659848384156
30384,48.510284138716294
30385,50.134555416950235
30386,73.5543469983778
30387,79.61815869652726
30388,87.39519189573099
30389,64.62234495002414
30390,33.596286117970955
30391,45.36571125088883
30392,84.68517583832819
30393,48.3886085486271
30394,69.68060497720916
30395,86.29465725005105
30396,81.9319506188032
30397,48.60626477948624
30398,69.21549835154245
30399,83.81821984194994
30400,60.60414297649782
30401,47.920368345918945
30402,65.31730528993545
30403,44.1761993046131
30404,40.773644861664934
30405,45.833977963027955
30406,82.5405825447597
30407,74.46951455790037
30408,45.704532001725795
30409,69.39485740731595
30410,46.43501277241807
30411,45.83227813187255
30412,64.27566696893336
30413,59.67588152853719
30414,82.33426446893228
30415,37.96963373805329
30416,34.55656863074517
30417,57.03969295999442
30418,81.57772646507038
30419,59.62900434636923
30420,34.36017472017565
30421,59.898941860753816
30422,56.357423763987654
30423,86.06868614882725
30424,73.1288924996156
30425,50.33813377133023
30426,63.66885924492267
30427,69.76167144885619
30428,87.00457920249974
30429,47.996885646076144
30430,44.06384328888007
30431,43.548223615299186
30432,62.08727003461896
30433,40.676875621871616
30434,40.88518013490385
30435,59.94983739705336
30436,62.01113573684708
30437,62.814912652344205
30438,74.10287359532272
30439,72.82718161313487
30440,63.27671029577536
30441,57.65151171362775
30442,60.879419348890806
30443,45.67863521473522
30444,70.93657259869988
30445,45.51160528863655
30446,65.39007314609574
30447,70.64784165478103
30448,62.645518699638195
30449,71.52876221473736
30450,77.64211627482705
30451,60.118741286357725
30452,72.06433981071078
30453,61.20433737257661
30454,75.8928938152839
30455,40.63138852972419
30456,61.66169320542155
30457,60.27739417455023
30458,60.28120153085813
30459,58.2358833970965
30460,61.654344382460984
30461,73.39857712925684
30462,48.99626957623464
30463,48.394384681502
30464,73.77542597074242
30465,45.40627123533796
30466,70.84581458840644
30467,70.67653559302121
30468,75.22034393963688
30469,43.212669172116044
30470,59.988877520219646
30471,51.42439404965855
30472,38.40831125532935
30473,45.990491776298434
30474,47.65513180842296
30475,38.43347362795298
30476,36.31002644752352
30477,43.52235175880067
30478,47.26269317278844
30479,49.442672542025996
30480,40.37027187626255
30481,39.730999502849684
30482,36.35102239596428
30483,48.15757166762387
30484,69.4791296457569
30485,40.26171150310443
30486,62.658732977114184
30487,45.94322473879676
30488,40.288004158346446
30489,40.7166994836826
30490,39.512445388443396
30491,37.568507341101686
30492,40.160772422607494
30493,39.91942063381313
30494,46.74829125926095
30495,49.6614943518047
30496,39.42682084983427
30497,42.71405472199936
30498,47.33762228488096
30499,47.502333064049864
30500,42.47291539442625
30501,63.045469037874675
30502,38.17179813334634
30503,38.76919193343797
30504,47.33813427728751
30505,44.57150150284492
30506,47.474190633291585
30507,60.881984247058185
30508,46.35350701332948
30509,62.94227282301502
30510,46.209543976785056
30511,44.78350973397754
30512,42.084854108777265
30513,45.67889560168409
30514,47.80663982679114
30515,47.760082573985294
30516,45.95457577192035
30517,47.773114494626675
30518,44.97493056511851
30519,43.35242112519258
30520,43.8922797665974
30521,68.70879056877803
30522,57.73240685253332
30523,50.564589928352795
30524,48.2978219655947
30525,47.669469915228554
30526,46.35525218766539
30527,36.49341139429829
30528,41.3587064371484
30529,46.67987129270308
30530,74.90769296004443
30531,51.36314213052389
30532,45.57590386933096
30533,48.1154782828243
30534,47.41777551985959
30535,50.247234151023164
30536,49.795396131001134
30537,50.04187111948623
30538,45.189767722415624
30539,67.9337547515083
30540,50.425872227236056
30541,57.334928659356436
30542,48.85348610916623
30543,47.56904356536302
30544,49.10626093114117
30545,48.46613452539801
30546,53.76294790021222
30547,52.97330792587802
30548,40.88862809271316
30549,48.51817629173625
30550,45.00651009807033
30551,45.17080947752565
30552,43.419874328713576
30553,46.73180450958677
30554,44.28681122251541
30555,47.29933186455081
30556,53.45496537352894
30557,41.05750692905339
30558,43.86048879546547
30559,43.3966721780016
30560,48.147218414961955
30561,46.770189849563195
30562,48.77130985830051
30563,43.21363834285165
30564,44.42719669621783
30565,48.91371439750522
30566,40.168578129346656
30567,42.72567001783756
30568,39.5008395005117
30569,42.58759468108946
30570,39.86117192853459
30571,27.578228778545
30572,49.46190714329349
30573,47.97712534043894
30574,47.81035247408528
30575,43.09222048424747
30576,39.73354950340584
30577,51.41234913550738
30578,45.44313577425375
30579,42.25322847267638
30580,40.909348461942514
30581,50.52594814412416
30582,42.691816428841236
30583,46.709002546703594
30584,51.338746393528496
30585,49.72517137509023
30586,49.11732412231933
30587,38.82078127375725
30588,50.37249949286772
30589,39.079134125413994
30590,49.083814453899826
30591,71.78938551219201
30592,40.06601341849935
30593,39.0662717457933
30594,39.95791146538141
30595,41.367491037823854
30596,48.71481019290192
30597,41.37648408947967
30598,40.66467661677036
30599,47.260373336329934
30600,41.207090705302626
30601,38.45172199127529
30602,41.738164554975135
30603,42.435936281180325
30604,42.664180197651696
30605,44.29466432442215
30606,51.42908876875182
30607,41.331280623338266
30608,42.006505280635196
30609,47.700633424978925
30610,42.68272477130223
30611,79.64812808539624
30612,40.30432430860609
30613,44.060413348848506
30614,43.30170122278066
30615,40.84983773103565
30616,41.296156595130725
30617,49.86236046394873
30618,26.166997872866013
30619,40.40139516133219
30620,60.47745288998314
30621,60.24625487538853
30622,67.16324162195127
30623,60.51780331912613
30624,61.25879513244292
30625,60.96349536618054
30626,44.46538084608161
30627,57.267889474968584
30628,71.28104417171372
30629,82.66901587585696
30630,63.190666880195415
30631,47.11443515661833
30632,63.74763103369863
30633,58.773160119816644
30634,59.4087842649827
30635,59.1615848214703
30636,59.35607414968708
30637,79.11704699206989
30638,72.48891541212214
30639,65.2580333912547
30640,49.659284521635314
30641,61.97088067732369
30642,47.85252661092075
30643,58.29373119081092
30644,64.50909711828827
30645,46.362133301810296
30646,60.91073098602265
30647,25.21727184826771
30648,68.87410580884622
30649,62.83839479794925
30650,58.96923644041212
30651,45.832110908556324
30652,48.18685800138773
30653,50.046570274371476
30654,59.11290175687193
30655,51.759448410974805
30656,72.54437033269816
30657,72.70873337345769
30658,43.86024369025707
30659,69.9289173898267
30660,44.00631081514134
30661,63.61973218137895
30662,63.51522344147035
30663,48.46454417836403
30664,48.571640122948196
30665,58.918913808894395
30666,50.93361413310413
30667,60.81478245054134
30668,62.257679931855264
30669,61.688754519619415
30670,61.62583650310808
30671,48.69488701820733
30672,65.99217918446678
30673,71.64721172456628
30674,63.27063315056427
30675,62.68225381991495
30676,68.14914893518227
30677,48.914382374475885
30678,61.56790688177192
30679,72.65431223880492
30680,76.04766989086255
30681,72.90006098552419
30682,76.42859983316511
30683,60.951533159886395
30684,43.30416026477914
30685,62.82051602179988
30686,60.86867925156824
30687,69.62088494851261
30688,61.07268728093729
30689,45.22388713173672
30690,57.32953746061827
30691,59.87869037194141
30692,41.25053135991297
30693,61.45691732560155
30694,55.69471655547014
30695,55.3658609040416
30696,69.99045833856387
30697,63.39438897512959
30698,38.55512527342768
30699,63.05664071039529
30700,61.97729134442371
30701,38.3028690363336
30702,38.47714852560361
30703,39.74570692136811
30704,56.977330807779396
30705,50.009612296481095
30706,50.18765158116891
30707,59.12460651108497
30708,61.05957591196784
30709,69.14626575126537
30710,48.47397243819382
30711,54.018035082825435
30712,60.87201647329689
30713,62.266599969970365
30714,51.961870221773964
30715,62.92403084292938
30716,21.160742364465133
30717,45.02501551479257
30718,36.24054499545888
30719,24.427975547366337
30720,45.54940425711045
30721,42.23915441996649
30722,40.61557953805458
30723,66.08837472864874
30724,53.18090718082367
30725,48.10356858284322
30726,40.38137924158111
30727,41.26433206317929
30728,58.400558062280254
30729,58.2994863051681
30730,68.93890531679682
30731,41.1346738842243
30732,47.26954224568402
30733,43.213448788433695
30734,62.39871693353304
30735,46.905483192808816
30736,71.28016277657841
30737,61.22673598685531
30738,47.580886950460346
30739,42.148474123047706
30740,46.85159281282188
30741,43.02663106366288
30742,42.60013814508291
30743,41.15417792950181
30744,64.81326323404961
30745,64.64226808457366
30746,52.09059664343141
30747,45.916906043605316
30748,54.630318205622494
30749,51.61388707551848
30750,39.32125879042859
30751,48.89979632918765
30752,40.1528572222051
30753,42.301759940109214
30754,40.018123316727156
30755,41.35963257192451
30756,42.9502671442022
30757,42.397206697338646
30758,48.83181633796382
30759,61.75507650278785
30760,25.52713182705703
30761,54.778023443929236
30762,39.82129837814087
30763,44.207624677826374
30764,43.58800863385428
30765,51.72782135863487
30766,50.09882054487294
30767,49.78377978903713
30768,51.73469327708573
30769,43.664996313861494
30770,42.77662419277698
30771,27.777221722706653
30772,44.59690519890762
30773,41.08497836090856
30774,46.57755572087902
30775,41.51207017268271
30776,51.75548437848474
30777,76.1736128319441
30778,43.437006113303696
30779,59.20425061331747
30780,45.51491656417578
30781,39.44788045431462
30782,59.172483356649
30783,49.967440412452824
30784,58.00802628343965
30785,38.04787848716287
30786,56.28945607634853
30787,47.959223908815474
30788,46.87559860483291
30789,47.30514506055289
30790,34.39696894464711
30791,35.53084794191211
30792,35.9740475848654
30793,44.97387038708099
30794,74.64696219526857
30795,41.844586474469025
30796,47.84691140936999
30797,44.70936601761533
30798,42.7443299515204
30799,44.15032427401121
30800,26.240522365322608
30801,47.32754603377424
30802,47.829038588232336
30803,48.62919885102295
30804,37.81470095327711
30805,28.631440296231055
30806,30.357680743161282
30807,42.93236051744382
30808,38.24752135821039
30809,43.36073690887132
30810,42.087494538351955
30811,47.46173307305086
30812,39.61833431036075
30813,43.56474647282498
30814,42.085072404558126
30815,40.278838842293275
30816,41.07377014599786
30817,49.24595161844778
30818,39.16016207310759
30819,30.928880527851845
30820,29.43484409379134
30821,40.067412453630745
30822,42.315889386589745
30823,47.014858127489425
30824,46.98112633682434
30825,41.4004822254935
30826,63.07925195721822
30827,44.7861459919775
30828,42.32527782918964
30829,30.77103647483422
30830,45.3244715835061
30831,40.28509953386784
30832,37.33013275166885
30833,43.99183557165633
30834,41.55869787488483
30835,47.431287192933596
30836,42.153623949333976
30837,44.705072229266584
30838,41.149586844434126
30839,39.89907988684302
30840,42.38189429059367
30841,45.535316867426445
30842,43.04573573634229
30843,43.28101751582769
30844,63.50123121291717
30845,50.702841288976686
30846,45.344416979910456
30847,83.28174072182392
30848,40.419322282537394
30849,49.48750355536003
30850,51.77692192238847
30851,41.46496267237892
30852,25.898503306503066
30853,36.80791564267694
30854,42.388356700457216
30855,58.665184470073385
30856,71.74393970823157
30857,46.418380700762754
30858,58.146923481314126
30859,41.203175167694766
30860,18.838064214608323
30861,21.381137726707028
30862,62.65778603806271
30863,59.85287601597166
30864,46.244296694515576
30865,69.15461341603931
30866,62.43587475050458
30867,45.36693746617078
30868,61.677361964718536
30869,62.76272173633745
30870,72.48934796287841
30871,60.663354239698386
30872,63.40160678801474
30873,76.30307211730405
30874,64.16460845395426
30875,63.948384480680524
30876,60.588650676671186
30877,57.99030775475865
30878,18.369761887018438
30879,23.202513619540344
30880,40.96659264017755
30881,42.5669400133784
30882,59.105804371294
30883,25.383662254565284
30884,45.137050266434
30885,39.16029335324581
30886,40.491478202661774
30887,57.146972806551794
30888,42.29986692056252
30889,61.184550794513946
30890,42.86865048728617
30891,41.54166002610342
30892,35.35896262020566
30893,38.14223303155307
30894,34.71744544200745
30895,39.14958960738451
30896,35.75904499399227
30897,44.00943718770167
30898,46.43312025421063
30899,41.70914538218315
30900,45.67149715108457
30901,41.41455315958495
30902,43.75774333067088
30903,47.114416457243856
30904,39.57642396960175
30905,32.08897922664438
30906,36.465919875887316
30907,40.40415124218922
30908,47.76104102824462
30909,38.65446865839131
30910,25.517583298192523
30911,74.80731243629657
30912,41.818545323389976
30913,62.877547916747666
30914,26.401623511826724
30915,41.249533814752326
30916,70.66042374657184
30917,38.20811539056984
30918,32.49518727199508
30919,23.984553704911505
30920,39.53973609255365
30921,17.19241491295636
30922,38.433529121538996
30923,33.80040101539079
30924,38.288627833638884
30925,59.407901598642866
30926,38.16815428539127
30927,70.13831498502356
30928,43.72791550227257
30929,64.35316665752643
30930,77.42877978897938
30931,49.26656061411897
30932,34.73933860810648
30933,37.47357533038759
30934,36.19691444929784
30935,61.08009399532024
30936,49.048633165665485
30937,60.568029065814045
30938,37.2721888898925
30939,68.28478870491735
30940,21.852932293573357
30941,19.27180679111177
30942,60.33038290527858
30943,19.009100703135626
30944,20.402413731439594
30945,38.694241739584214
30946,39.63645254645268
30947,23.473302226245337
30948,40.78851687619697
30949,39.86224207117384
30950,57.84895946798865
30951,46.86265132083184
30952,40.587876067793665
30953,22.336552292389154
30954,44.406086839439794
30955,19.51930892133668
30956,63.71408923904464
30957,25.887665425519877
30958,23.82067117578724
30959,16.891331614194005
30960,44.81469106680438
30961,43.612616205252074
30962,46.098786866495
30963,38.31592397010515
30964,24.361344934943347
30965,23.537403506266905
30966,60.07986839712539
30967,59.196258141058586
30968,61.86567009950838
30969,61.30608119495636
30970,61.97233915507181
30971,60.25354645891589
30972,73.8704962502536
30973,43.08256930614663
30974,62.25418306719059
30975,77.02403704329947
30976,61.29486622325957
30977,42.73176274387933
30978,61.36749314098632
30979,42.2571900498658
30980,72.8761857846797
30981,40.479889555596586
30982,47.35044796458761
30983,40.17653347039084
30984,57.53689476970943
30985,43.776683641559295
30986,48.243987323048096
30987,12.70880305273414
30988,68.42534900810483
30989,20.845782799560997
30990,40.60519867385321
30991,19.63755109924865
30992,22.333184092770253
30993,41.73166431398181
30994,42.607813443870796
30995,40.84168014608307
30996,22.19301750272175
30997,45.53737907263785
30998,27.202480521193742
30999,68.85839091287012
31000,45.80632730821461
31001,27.811036884558902
31002,21.423035217572462
31003,38.52165292742774
31004,46.57843411863947
31005,39.66274169290104
31006,36.22076958636325
31007,50.96716828127334
31008,68.95076290864574
31009,45.27016719341419
31010,35.68783686501711
31011,60.296824671716394
31012,39.830519443189786
31013,42.03638121487237
31014,24.348690506219004
31015,26.634001070393534
31016,38.59163240544154
31017,38.05786712678787
31018,46.67778098272031
31019,38.99052085371608
31020,76.24783131390171
31021,40.01130479888931
31022,42.00228143661469
31023,48.95033227632083
31024,31.819591197374162
31025,39.02003132672814
31026,37.025330816455394
31027,43.37830607642954
31028,33.147566197661064
31029,44.55284409627938
31030,54.91133035541062
31031,32.057046825795496
31032,42.17567110429001
31033,37.89912930170996
31034,23.738461185176863
31035,34.62342716848453
31036,34.474650586560536
31037,37.536215434433075
31038,34.24320765835623
31039,33.19223063549767
31040,21.541957056208844
31041,34.37124751628721
31042,35.591964326035395
31043,31.967703374924106
31044,56.3250807968434
31045,25.464774768464608
31046,35.488574347340716
31047,32.363932802996935
31048,39.17656620300479
31049,23.63353774052108
31050,33.09707247458968
31051,33.37348532385063
31052,35.203866107548656
31053,37.85953715572972
31054,34.9204572580861
31055,34.50518453762243
31056,34.5572646598063
31057,32.71116063503254
31058,33.24022957231707
31059,35.55719164354353
31060,31.48769235465001
31061,35.55256089737557
31062,31.28929717419961
31063,33.61873071532027
31064,42.44629135179924
31065,37.173592045926625
31066,32.52640224468347
31067,30.84362575476242
31068,35.010945206099805
31069,33.71793100411471
31070,34.99094926076055
31071,33.12204761513961
31072,36.69718261132707
31073,32.448125734300724
31074,33.89037165157028
31075,31.705620911334954
31076,31.87760609040184
31077,35.84103616651349
31078,43.74999161269859
31079,35.61600340086965
31080,36.36062172230285
31081,35.809232873141205
31082,37.99741443281222
31083,37.31421909465031
31084,33.63633209882507
31085,38.38769644636591
31086,33.977607915819824
31087,33.78752520723624
31088,34.04027315462817
31089,35.27927633887969
31090,33.71652881338587
31091,38.87565140735933
31092,33.07777665720136
31093,35.36647121180221
31094,42.73313216174821
31095,33.01641993883109
31096,33.15035011126207
31097,34.0207354458654
31098,35.441025829218304
31099,41.30061690448162
31100,35.911905156807606
31101,40.38479224225182
31102,33.285867707798964
31103,41.78997847993391
31104,38.440024651592395
31105,33.621103021088366
31106,38.29354853394852
31107,40.37972781453242
31108,40.20154026507199
31109,44.0920311053834
31110,37.98036854216268
31111,35.491229587779486
31112,34.70878955993421
31113,32.0049775364771
31114,38.799594867983316
31115,41.91586226502835
31116,55.132757861641934
31117,34.94723447601193
31118,34.85143495133014
31119,47.67858505056077
31120,39.58447391422771
31121,21.1633180591523
31122,35.31234521566215
31123,35.486562042019465
31124,33.544828780315115
31125,31.41765494804098
31126,35.12498202696253
31127,43.135852328322144
31128,40.37553208873366
31129,33.66903466979439
31130,35.71205843697042
31131,37.014974982634115
31132,39.17356923425913
31133,30.73726668123985
31134,37.86262671966133
31135,36.0295996666469
31136,38.2636801001769
31137,62.453093099213845
31138,32.49502162464481
31139,35.65016163626989
31140,32.55839181303754
31141,32.6979966303973
31142,38.87497539425157
31143,34.71606638764861
31144,39.270476565137976
31145,36.40946583398627
31146,35.449136546516776
31147,36.40733408728993
31148,33.42654685647857
31149,35.4142486607635
31150,30.591498449381344
31151,33.104140597025065
31152,32.02171439173606
31153,32.44900128836294
31154,37.370916296851064
31155,36.46282966608544
31156,33.8045610555494
31157,36.62955981651649
31158,32.63795830151918
31159,33.84816346811969
31160,32.14382589978245
31161,43.14496619239036
31162,35.54441712022824
31163,39.01896641425774
31164,37.380245600109454
31165,40.644397553543676
31166,34.695193755806216
31167,36.98716266363421
31168,31.238488507660346
31169,34.99683620955956
31170,42.01300456093009
31171,32.25117336532615
31172,30.527157544343755
31173,33.57640048972366
31174,28.665280228598405
31175,33.416507147962264
31176,32.17188203366304
31177,32.72325795223037
31178,43.43911479644309
31179,39.568517482967984
31180,42.676731813115
31181,34.02659273509989
31182,33.07698596760355
31183,31.96819121754121
31184,32.438045620112746
31185,38.56216510835471
31186,33.132763867155504
31187,34.24467026725981
31188,34.87870881821826
31189,37.769560787749676
31190,39.14135269818401
31191,38.671580981936046
31192,34.91059757833149
31193,63.19455497978304
31194,37.198754957551785
31195,37.52949856861267
31196,33.02556890395492
31197,35.69409224119963
31198,38.72079241952442
31199,30.101725296148448
31200,33.975756531012124
31201,30.706381754640073
31202,35.043273801371015
31203,36.23411446886429
31204,34.13252220628123
31205,32.754978727356686
31206,41.37276729807477
31207,33.168870886794345
31208,34.34381674266825
31209,34.984770035814655
31210,38.91701706308312
31211,34.86875776364129
31212,30.961528284618783
31213,32.537257254585285
31214,32.03546770958637
31215,33.300465572589395
31216,36.67169927376517
31217,31.300334208551465
31218,35.84742733404241
31219,37.18422684081365
31220,50.67040315488158
31221,47.47945501796816
31222,40.940246753908184
31223,41.85532958453381
31224,44.06227801348774
31225,42.566136666661286
31226,36.73421254234509
31227,48.73987872204051
31228,45.00334419981886
31229,41.0942707157199
31230,42.3995312220623
31231,44.44400042054383
31232,37.542107008393515
31233,44.43949883348552
31234,59.23245553054199
31235,49.81314661322712
31236,41.60479702405603
31237,38.39865008484931
31238,38.80839504444442
31239,42.04677221290285
31240,49.70946322424796
31241,44.427781707393684
31242,40.5928973902981
31243,40.27661411727492
31244,36.74718408514892
31245,40.69846569969571
31246,42.64196448189814
31247,45.11737101027715
31248,38.76974590587693
31249,51.41612548786893
31250,41.792946622108104
31251,42.284841890343216
31252,40.647252866614934
31253,40.02624903534595
31254,40.93812913508622
31255,29.583949044455817
31256,40.78779770846144
31257,40.278457831141274
31258,46.87730271849908
31259,52.18726835987004
31260,41.95950399878223
31261,45.77902335104115
31262,40.60043733193474
31263,40.006861895570395
31264,49.52357979945459
31265,42.812708690211224
31266,61.704215234970874
31267,45.309689437508254
31268,45.97149215129176
31269,43.85769959565183
31270,44.00051014063479
31271,48.635300300801624
31272,40.009969968133454
31273,41.33110181400213
31274,39.50565413261113
31275,39.09220074241554
31276,38.92947010982625
31277,38.93345661032964
31278,39.81606259485664
31279,37.17464587238542
31280,43.81540635421402
31281,48.12629999503571
31282,49.21358264377483
31283,39.20117701351374
31284,49.80647703516947
31285,42.54634949140821
31286,54.976675026158595
31287,43.875466414439266
31288,49.66134001812417
31289,41.05135240071431
31290,33.44427499736519
31291,42.27622666320585
31292,49.36291380113537
31293,51.239648664252066
31294,59.55318138227882
31295,48.79094488644243
31296,43.188141204654094
31297,41.355499885806786
31298,41.50481664815052
31299,40.93467437922174
31300,39.85580946210625
31301,41.45773340780308
31302,42.34635627987466
31303,41.22131237735314
31304,43.901503929517986
31305,39.97136488965048
31306,44.219318601310306
31307,37.148714718478075
31308,38.50730397675118
31309,58.10368651795224
31310,37.51067685205554
31311,35.77662283026673
31312,44.66920760401588
31313,46.93118424373032
31314,42.51697591469192
31315,38.37908093942674
31316,49.27828921178752
31317,36.85046273025498
31318,34.67402244087101
31319,45.578919101255075
31320,53.37145688013671
31321,43.3741875076685
31322,43.39923699195951
31323,43.10982465174398
31324,39.17702702612021
31325,42.47131266551743
31326,44.11507976715901
31327,41.51207017268271
31328,40.164155771969
31329,51.069735540734776
31330,49.967440412452824
31331,38.47654566386073
31332,41.58504463646737
31333,39.4899971586874
31334,40.03119263262337
31335,37.76434869366584
31336,50.21088663965472
31337,72.94428081572264
31338,36.12629557069269
31339,37.95072640120431
31340,42.14953825669069
31341,46.416155981452086
31342,39.45089381748183
31343,62.59805667668139
31344,44.16457264416761
31345,48.56579795450714
31346,73.64939186349864
31347,46.502863068395776
31348,41.57246228285652
31349,43.284244086943815
31350,43.80596358960598
31351,71.3814167314035
31352,62.92403084292938
31353,42.105951670352695
31354,25.830057840435355
31355,41.66520991271442
31356,25.517583298192523
31357,48.18452604658809
31358,73.38945189799361
31359,38.59163240544154
31360,36.4876444415755
31361,40.113831819056244
31362,41.502088192534885
31363,38.29727370392164
31364,35.50236123505317
31365,40.1667663455843
31366,42.80616716673246
31367,38.32698357754284
31368,41.349229798772996
31369,40.60070355069047
31370,52.05151724210132
31371,39.82627940726846
31372,38.46661213581727
31373,41.69684166359315
31374,40.27488383881912
31375,38.311920348862365
31376,38.829538253436446
31377,48.96789068193991
31378,44.528783548229576
31379,40.407963855733705
31380,42.7465042870742
31381,45.72182076000076
31382,44.12733561108636
31383,39.065892175032005
31384,44.60042723701208
31385,41.87299288738416
31386,54.65026511068879
31387,42.74201539362106
31388,69.15461341603931
31389,38.70835169466331
31390,84.7229657155482
31391,42.847243412921735
31392,41.719636749598834
31393,43.31615500702945
31394,38.40381886021643
31395,27.811036884558902
31396,44.86303937312749
31397,45.879734060390675
31398,42.44329010634875
31399,37.570867121164454
31400,40.941556354889464
31401,43.15497754855434
31402,40.587436654399966
31403,38.59314907443637
31404,62.65778603806271
31405,50.22340451021288
31406,43.906531766404726
31407,39.981045589863506
31408,60.568029065814045
31409,39.172889632054066
31410,41.88089147230932
31411,58.1584169188938
31412,47.106001141254914
31413,49.18114573451474
31414,36.97980261501228
31415,43.557612428483154
31416,45.673069335093416
31417,44.798163745528704
31418,36.24626984950519
31419,34.68466129268948
31420,35.64496364692312
31421,37.0792485264584
31422,32.3022748690411
31423,33.69009553594579
31424,34.782372687944175
31425,31.671566987233728
31426,36.55923789902105
31427,35.06514972151232
31428,40.459915856012955
31429,33.29504123320421
31430,44.234248683521386
31431,37.32341810809362
31432,39.77589309143082
31433,43.53647369849292
31434,30.45467979739346
31435,35.17338723407155
31436,36.26699369070589
31437,34.8110619482137
31438,41.34062127396936
31439,32.497737578632986
31440,37.40714403678968
31441,46.300677116899216
31442,32.562909788981386
31443,44.281255022355914
31444,36.35953901029685
31445,40.05821902925363
31446,34.40509900368787
31447,37.47295392164088
31448,45.120482297078865
31449,40.38168162860209
31450,38.4655094236484
31451,35.426692498299836
31452,39.50172894341684
31453,41.04492899267106
31454,35.649794623512655
31455,31.25716611142913
31456,33.782106303939
31457,40.24779870850209
31458,34.477616947049725
31459,36.124273784564465
31460,33.27420149952829
31461,32.957034565911066
31462,27.77802593053031
31463,47.21442357259388
31464,42.314683299537414
31465,39.18061526479938
31466,43.87505292945423
31467,35.14403620165028
31468,37.05460740256933
31469,39.89366066739954
31470,34.8029575654886
31471,37.90539747773661
31472,32.15042834393149
31473,36.30941502662094
31474,34.238927290915996
31475,45.523577296608345
31476,39.74265417331889
31477,41.623036377643444
31478,37.94066874058477
31479,33.85046541248634
31480,42.98215855539133
31481,45.12374853111831
31482,45.41105371926103
31483,36.03648262086456
31484,34.68060577163675
31485,35.61958824774588
31486,36.927385221109006
31487,41.09874001966895
31488,39.15948911418595
31489,39.248326699856605
31490,32.34212611280849
31491,34.77601265237507
31492,34.75012195593098
31493,34.7790297086735
31494,30.941234322509978
31495,33.87157120661358
31496,32.80773455331399
31497,39.11121341776897
31498,33.791086929346946
31499,36.03304756754525
31500,34.294969095169044
31501,38.947273843017115
31502,32.97357365190855
31503,39.94108056730485
31504,47.03369400244654
31505,36.07058402437144
31506,35.71723126180247
31507,37.64877162949183
31508,29.997832646853297
31509,35.439396400784105
31510,39.424581299871576
31511,38.55730422805584
31512,37.07940325729881
31513,38.486268563321545
31514,37.899748558736675
31515,34.48388179331717
31516,54.086081345785026
31517,57.8997044254012
31518,52.34368380731888
31519,46.25408746892324
31520,48.44690381383624
31521,58.80640029483324
31522,51.92053721503434
31523,54.85556958685767
31524,42.52733126029315
31525,49.3122483941953
31526,73.87132186398209
31527,44.87932653519644
31528,54.603036859175134
31529,76.41409447728046
31530,47.030881639769696
31531,46.44133985942976
31532,27.750080102882656
31533,39.4100242066543
31534,50.413262062470814
31535,44.16300923811846
31536,39.37241377285442
31537,44.01083903169604
31538,44.977634447016925
31539,48.00787245270299
31540,38.08621984199918
31541,45.624930377172625
31542,40.45527403305492
31543,49.358661075615245
31544,44.883599234871596
31545,47.791195503848975
31546,49.111422722458144
31547,60.154846728813624
31548,43.52449900370267
31549,39.32368742307027
31550,34.8440255588073
31551,46.45876011338906
31552,33.399245645049646
31553,47.32999622124447
31554,57.81602567269411
31555,44.75546672694075
31556,48.831438085865656
31557,42.30907924945679
31558,48.253045340842185
31559,37.19287324539645
31560,43.14455218512462
31561,49.714580047931854
31562,37.99402275953317
31563,51.40849358012108
31564,41.00293460667474
31565,43.84804043454311
31566,46.90073601843478
31567,43.54203306311377
31568,36.73097271777148
31569,49.28975927490882
31570,46.883178918048976
31571,42.833854888506046
31572,36.4388922438056
31573,43.61510868064686
31574,36.96760592399604
31575,42.36097062090906
31576,40.98440517221716
31577,39.65961998960014
31578,37.661072760422364
31579,36.22190659738882
31580,61.79229265841602
31581,43.52581940686521
31582,40.76970191517517
31583,40.35451529681397
31584,59.08304849455907
31585,25.1548808564626
31586,39.16029335324581
31587,34.647593474407905
31588,36.995656517972186
31589,34.34465757099156
31590,36.32955288760404
31591,38.505732643603054
31592,36.954429632299416
31593,36.48296500506031
31594,39.92810744309144
31595,37.654989066412256
31596,30.599542563585803
31597,56.78130053953596
31598,33.10609276202486
31599,34.05630728920235
31600,35.95487267264208
31601,44.790586926951754
31602,41.609181126988695
31603,38.7254448790474
31604,38.15801704807003
31605,33.04247062104839
31606,38.72995494634588
31607,40.08562988073423
31608,33.41239211777663
31609,42.11295326827208
31610,35.53400773604821
31611,37.54951406066209
31612,33.56339918711602
31613,36.77659436003292
31614,35.188232801618945
31615,34.935948082381316
31616,42.217532749906695
31617,31.60051733034454
31618,32.15584017566823
31619,32.88788806163133
31620,37.78669602292064
31621,33.407160046100195
31622,32.018688043123035
31623,33.394075113084874
31624,32.350163629223005
31625,38.113354638539825
31626,39.790438530057784
31627,35.46841732179081
31628,33.54209513430353
31629,36.57109818189904
31630,36.564425961072175
31631,34.18859189864352
31632,36.070028033574104
31633,35.479815400866286
31634,34.420142437081836
31635,38.8952677240912
31636,33.21170240825814
31637,26.675404462552883
31638,34.4952392425989
31639,22.950357029360234
31640,33.02630990480614
31641,36.20832666196087
31642,35.80246564522727
31643,35.744476404001816
31644,32.2069528236449
31645,36.24300134425881
31646,30.046170609073897
31647,32.89028853313521
31648,34.02048013096953
31649,36.07100297163901
31650,36.23866093377367
31651,33.251550732019254
31652,34.67730367681668
31653,36.78271637090386
31654,22.319609288984797
31655,32.18981157060387
31656,33.63408155905295
31657,39.705955895471824
31658,40.82727840723375
31659,35.78780361246703
31660,30.858228134199138
31661,35.39657191231777
31662,35.1854756877532
31663,41.009528334392314
31664,39.954167441751835
31665,37.93059691182805
31666,38.852390144577946
31667,34.846969987316385
31668,36.19904458622884
31669,30.1131906710696
31670,34.70217237098596
31671,33.193320850981316
31672,39.40257217438195
31673,31.33073462696821
31674,37.85745451285777
31675,36.823427448694254
31676,33.90656641769972
31677,34.201189661209064
31678,44.628936654780354
31679,36.97465608317018
31680,37.51558664325335
31681,31.74537224418967
31682,35.415562156893905
31683,38.03814259405644
31684,37.76337210017196
31685,35.86803069041489
31686,33.2040022317474
31687,36.47932142281954
31688,33.8651304055871
31689,25.99286930971582
31690,36.3830615073799
31691,41.067265841891036
31692,35.15107890425518
31693,36.1398362930915
31694,36.9217639693198
31695,37.01618514009193
31696,37.085505258919376
31697,35.706930921374656
31698,31.420101568006043
31699,41.33409784511139
31700,35.51776808354609
31701,36.511575353480524
31702,34.06913817468562
31703,37.8531749449133
31704,43.95668709332105
31705,33.77809430698072
31706,31.703265419201756
31707,32.55760484269128
31708,39.92431472343808
31709,34.62176970814158
31710,37.96111381680942
31711,41.00977508452393
31712,34.4006729138666
31713,37.29789726190037
31714,35.040707472578966
31715,35.37058190815006
31716,43.56868028887417
31717,23.365789451513123
31718,40.573033720883075
31719,41.34187686807728
31720,34.70844423223634
31721,34.527925140901225
31722,42.25163737863418
31723,47.65513180842296
31724,44.404685786933555
31725,41.09666857897504
31726,34.93670319493114
31727,46.1538035223376
31728,33.296731507169206
31729,32.876200970010174
31730,37.61862806094917
31731,32.22940284091907
31732,31.47285951231338
31733,40.43540622580387
31734,41.758825485673825
31735,59.67402253343266
31736,44.486412150189146
31737,47.184405483726955
31738,35.488574347340716
31739,32.59170533983219
31740,33.102146717445954
31741,33.08806484361858
31742,33.93205859344779
31743,34.192855801262304
31744,34.56666692222797
31745,48.50842682836855
31746,40.99264613070388
31747,50.51165633261498
31748,40.39372401086487
31749,33.406136951306635
31750,39.191740178770424
31751,46.47317202994424
31752,41.79433547666703
31753,38.10935304826218
31754,34.487568255835505
31755,41.78568908389859
31756,45.69450789191884
31757,34.219163126334244
31758,37.2530164366223
31759,42.502454393226365
31760,31.56218873277887
31761,46.41938143460238
31762,42.16253488255576
31763,35.86909071887094
31764,41.618531251254666
31765,36.46099110042577
31766,37.36801792076864
31767,36.769534980288924
31768,36.84557000888411
31769,44.443793242845324
31770,44.18266485567834
31771,41.23474124465847
31772,38.850391127901425
31773,39.732236252829466
31774,40.140750073224844
31775,32.692424581851604
31776,40.00164160285784
31777,36.56957749027891
31778,32.90524013498904
31779,34.700739385824235
31780,35.48873469753875
31781,39.71021785649329
31782,42.97515880334083
31783,35.34560031563688
31784,34.206370843870985
31785,43.78176534334329
31786,36.24054499545888
31787,69.76167144885619
31788,43.71851629962361
31789,40.005581350701036
31790,69.36880614715747
31791,60.51438886767442
31792,57.77427516862227
31793,55.544723538525275
31794,61.372315281414565
31795,31.86082519809124
31796,42.59310584674334
31797,39.71021785649329
31798,34.799064014418306
31799,49.551693376634695
31800,42.85206531428406
31801,33.16077752185439
31802,58.468054285293896
31803,58.837287243448614
31804,55.50117502263185
31805,55.63585088440189
31806,33.07625722687662
31807,35.02523485226563
31808,47.29410776841377
31809,24.987833007592137
31810,42.7443299515204
31811,38.72259329477511
31812,37.57731835579758
31813,58.660559041676024
31814,33.99478344741651
31815,39.55906796283307
31816,42.41164445824309
31817,45.91325626520177
31818,47.67858505056077
31819,21.648767001803968
31820,40.252008370374966
31821,41.0703164932615
31822,37.89160061702452
31823,39.96801490771732
31824,30.807769569337967
31825,36.00344397940791
31826,30.287976747013555
31827,35.82413659572872
31828,36.78933148410745
31829,31.864199433162728
31830,35.59783820173707
31831,58.30556408759142
31832,46.12538263025712
31833,24.360768748793966
31834,31.94003683746536
31835,40.95547051631171
31836,42.02158038992342
31837,46.96721082884035
31838,33.39153205967925
31839,62.43587475050458
31840,60.10686774286144
31841,39.01902124787808
31842,39.60074435297387
31843,34.658551386822054
31844,39.69915093101541
31845,26.80552806171096
31846,44.91982819119723
31847,37.01048897081226
31848,36.50430587795454
31849,36.79346169177785
31850,59.864624405182745
31851,55.249493246591605
31852,37.94666281596543
31853,31.258085053069042
31854,32.43225271837658
31855,44.168526917560555
31856,40.78003444206778
31857,53.523160074057806
31858,40.11566114518358
31859,38.6562326824827
31860,46.966971658159075
31861,33.974694683374494
31862,33.25118111926828
31863,39.69915093101541
31864,37.056891573799255
31865,37.587071977611885
31866,32.52837274939754
31867,31.544470579359
31868,34.81188065414933
31869,33.989865225166994
31870,33.24527872857772
31871,34.73819306032662
31872,35.805993040747445
31873,34.195679709649056
31874,47.00354979708643
31875,42.13233952111184
31876,45.363603769310785
31877,47.706929671681294
31878,35.36289800390471
31879,36.41839758575461
31880,31.79066390766193
31881,34.382023209892395
31882,35.65817874281947
31883,31.916296302921907
31884,41.84897430898683
31885,29.83189498749494
31886,33.793070979867764
31887,33.528365770550295
31888,31.30064760275446
31889,39.10094258144992
31890,30.67468611244027
31891,33.93642984684742
31892,37.34860776942607
31893,42.08594252449224
31894,36.33070376790128
31895,37.22253579922521
31896,34.56283725512548
31897,33.7975704428318
31898,34.66286900125728
31899,35.750022858420984
31900,39.97246359314418
31901,41.25064947509847
31902,37.14903709509441
31903,38.640259958785336
31904,38.228533233880256
31905,42.69585288164032
31906,39.36185037710437
31907,34.61399515271351
31908,35.60537600037668
31909,35.874577062299004
31910,30.451167868246117
31911,32.4870813339968
31912,34.60641798187659
31913,32.60630105763421
31914,33.74467097016824
31915,33.37038513040595
31916,35.634956485843034
31917,38.53385783110852
31918,39.27074253763869
31919,34.39386897338973
31920,31.818476523894216
31921,38.839925393983194
31922,36.32182821124505
31923,32.951024438897726
31924,38.39494418941794
31925,33.46054702438418
31926,38.92532451393953
31927,38.52271472390822
31928,39.12603544996142
31929,31.226987357142917
31930,34.13314978759316
31931,30.952415337818096
31932,38.83637976117913
31933,36.009917671027516
31934,36.22448390740784
31935,36.59356137122387
31936,34.14868888504532
31937,39.27568310249252
31938,36.32138040317343
31939,31.685704965904513
31940,31.649965465652517
31941,30.118198840950214
31942,34.588189522459636
31943,39.50082301691891
31944,33.901734073662794
31945,48.73986485341259
31946,39.37455321076875
31947,36.79748670203495
31948,37.959470127402994
31949,29.47079892486047
31950,32.44733893725153
31951,33.84568473963548
31952,41.18938159217224
31953,35.17956103582019
31954,38.22589396200313
31955,38.30243280734899
31956,32.16306567649307
31957,45.91528830570842
31958,48.35674269840186
31959,44.51360639487335
31960,41.74354736032459
31961,42.0831117555269
31962,40.23812637754619
31963,38.01749484689388
31964,45.07525036432656
31965,36.6220557671322
31966,42.57074914021924
31967,61.95240765929771
31968,45.6093702667426
31969,41.87813910495712
31970,36.43554018062026
31971,42.65010120767989
31972,45.49467214591674
31973,35.51963817552583
31974,34.60910253142199
31975,45.69155459747104
31976,44.33389291075078
31977,38.03093190620794
31978,34.61916094075548
31979,40.002209061671245
31980,39.97068706068865
31981,38.719554062954316
31982,46.6193759449828
31983,46.55536532596576
31984,36.893468054130366
31985,36.173161305891824
31986,36.74670073331239
31987,38.29289623439163
31988,38.057135442158526
31989,39.84124997999988
31990,35.13408500478524
31991,36.690020916462416
31992,32.32368240150197
31993,34.9819074253377
31994,41.83282381997601
31995,34.207192822875484
31996,38.097680386899896
31997,37.88866738672681
31998,37.30315091927038
31999,37.44505240779338
32000,38.16903914792944
32001,30.646582093029927
32002,33.63966787030424
32003,42.558784688714546
32004,39.94241434216891
32005,32.844826479422714
32006,38.971118413620005
32007,39.37661952045015
32008,39.2816353052597
32009,33.91717220359334
32010,41.15312912473733
32011,44.35689077633287
32012,35.4914119781006
32013,38.821019981160426
32014,38.85635300411942
32015,38.41208381009187
32016,38.947421322861295
32017,38.615101239990935
32018,38.52253836223701
32019,39.12245408296019
32020,40.32619257555037
32021,35.193552280140885
32022,39.58948331115467
32023,37.680845717634064
32024,41.52238990002237
32025,39.58771425909177
32026,41.396599351635736
32027,41.53354244296048
32028,38.19797007417465
32029,40.667219356255885
32030,43.78823590581676
32031,40.86268630391825
32032,40.22638131856553
32033,42.83728475600739
32034,38.85506456099378
32035,38.2517238918584
32036,37.144511750244476
32037,36.48356216095743
32038,39.68443961489146
32039,33.1182985112786
32040,41.30489279451557
32041,37.309261319863424
32042,31.150077485163806
32043,43.83989533877042
32044,38.494584298457355
32045,30.427429039418115
32046,41.54622589295366
32047,38.54979548753769
32048,44.068659753193955
32049,40.31589719044259
32050,42.689986415494104
32051,37.70491747986125
32052,38.85444110825951
32053,41.44870746164811
32054,44.266424727375224
32055,47.64077965632046
32056,41.50627729219601
32057,36.687386027999764
32058,38.733974748930564
32059,40.206581794568166
32060,29.23707356867595
32061,42.57261009526629
32062,42.18717224667907
32063,56.357423763987654
32064,63.75900558741732
32065,43.57971813584999
32066,44.33586742786966
32067,43.40438517873336
32068,49.92220446522863
32069,43.68616668256221
32070,41.70396658322406
32071,49.62772730242523
32072,42.11043211214088
32073,65.57669745707646
32074,48.45861697667083
32075,29.836238353370245
32076,47.95874129841779
32077,43.69829345258804
32078,49.155913313688224
32079,44.92636631279072
32080,49.54243883558444
32081,55.33010735298271
32082,41.59129678015136
32083,45.76193311309628
32084,48.79730588278385
32085,42.58528989565665
32086,49.2021483671461
32087,47.781192176299605
32088,47.804912882726505
32089,45.579579871004185
32090,42.536823322728765
32091,48.6438287066362
32092,54.47542646007836
32093,45.15143960230125
32094,45.68373393543217
32095,45.331564490074854
32096,46.96876476190289
32097,44.92738770604054
32098,43.282151932775285
32099,42.350455918489736
32100,50.303381288961155
32101,50.90090804663366
32102,51.096328515132356
32103,34.97929810672971
32104,42.877846492091
32105,42.21133299571082
32106,48.519018941782846
32107,46.0133068254095
32108,52.95760908472137
32109,42.48531359884053
32110,49.42909725415635
32111,43.41035029515738
32112,46.36216198062614
32113,42.07328188907513
32114,48.955309105032285
32115,48.443518132451416
32116,61.64365376573156
32117,48.73855540768697
32118,62.30936220057136
32119,46.36313693061727
32120,42.179952793683725
32121,46.258741557249564
32122,45.240483238416495
32123,38.901898040763584
32124,48.49353906464876
32125,42.493703957581666
32126,42.836609311006846
32127,43.13534760069049
32128,40.50585216277125
32129,69.0252887551138
32130,42.695094516151244
32131,40.767098591849866
32132,38.92156948821192
32133,39.21509772056546
32134,47.32020241723654
32135,50.877225427465966
32136,49.62968757554751
32137,45.6962328554705
32138,36.93797573473074
32139,38.48682738740176
32140,45.546299376592955
32141,41.81500123692293
32142,43.300767838927506
32143,48.46599075024137
32144,39.294617508160684
32145,50.57625932741629
32146,44.467413993669425
32147,36.70083339195857
32148,43.79177148248999
32149,36.91110709676025
32150,46.78278583880558
32151,55.797209537927934
32152,42.624389260280445
32153,38.263014461584916
32154,39.759625814915395
32155,40.1091024384269
32156,46.70891479811697
32157,47.627466973956295
32158,41.79997205467655
32159,40.39277493494908
32160,41.20168371819399
32161,27.1234175383261
32162,40.102622470076874
32163,27.477952435891762
32164,39.702322808677366
32165,25.8118964909624
32166,43.95763473821692
32167,43.87031569930187
32168,36.05450529868217
32169,42.98812236790561
32170,41.87199818542311
32171,38.161848482164736
32172,35.86139972229026
32173,29.85597742100497
32174,37.248110720853326
32175,41.90452838462082
32176,44.67841895500575
32177,37.142782613103975
32178,33.12367990080557
32179,38.138176688649914
32180,50.1687926500977
32181,44.50522517381299
32182,44.65842785991399
32183,41.008157344868664
32184,41.08349536674326
32185,38.97227085990975
32186,47.14551641181008
32187,38.17292914522095
32188,42.635657832338985
32189,39.60890838575109
32190,45.79861805024924
32191,47.194213557315514
32192,41.44948080212198
32193,45.621939759265324
32194,37.04782939424551
32195,40.54012519706938
32196,45.51057519395133
32197,31.23450668735082
32198,43.45647388307636
32199,44.925720200113894
32200,39.38434186346446
32201,43.73979632929552
32202,44.10699300383395
32203,43.64919482410207
32204,37.17396222177727
32205,44.18606365194004
32206,42.94551541831085
32207,65.67573202255424
32208,40.42255623273044
32209,44.19667938977119
32210,48.99548915267339
32211,44.70484663624332
32212,41.92847580663343
32213,42.49421657435909
32214,43.056511025605744
32215,43.75306536679052
32216,51.070808478432234
32217,30.44389737877361
32218,45.88352464371577
32219,41.9374186994893
32220,48.74073188656045
32221,47.789097844637105
32222,46.223341329310166
32223,43.18692864800558
32224,43.76306581032442
32225,32.67175239891063
32226,42.836380899054554
32227,39.66153857766611
32228,39.64355416023756
32229,37.672150754106724
32230,21.53310998682379
32231,40.03284833476005
32232,38.659580334659
32233,21.91913745398386
32234,38.91829573070811
32235,39.12318269584749
32236,45.87458918666107
32237,37.456613974622535
32238,21.61652487641309
32239,36.24054499545888
32240,39.7285440771702
32241,37.421469887672174
32242,41.581364564478235
32243,34.95156608146554
32244,38.725355881163516
32245,39.69291287809461
32246,43.36082965563241
32247,32.09388952688491
32248,21.083327026139674
32249,48.02962639057504
32250,41.0653221038989
32251,42.63637723729923
32252,36.03931539149478
32253,46.85292879219159
32254,36.54888375105379
32255,38.682684278593264
32256,38.33099368696564
32257,58.165165944990925
32258,48.310351554346944
32259,21.487963305331906
32260,36.29080251397784
32261,37.516411193295156
32262,40.057677317978495
32263,40.51715737460113
32264,44.41452486633652
32265,38.03403271796333
32266,36.21113459894349
32267,37.328263971966166
32268,38.75513262562167
32269,38.71154860992378
32270,38.835939565185086
32271,17.44196798286936
32272,39.30412698493146
32273,49.133085685098344
32274,22.69037489500241
32275,40.36848960461413
32276,36.35887605317317
32277,38.81048809127822
32278,40.28325392957437
32279,25.76110680144584
32280,40.74401105395175
32281,40.800428014520975
32282,42.054761659036544
32283,42.88319215458746
32284,34.93800514382988
32285,39.255027711861786
32286,40.054239261031185
32287,22.66652434467739
32288,40.50602997368575
32289,45.53965530713028
32290,38.90637140519539
32291,38.393070433906104
32292,39.50043276701062
32293,66.39374214220486
32294,47.937434161861304
32295,41.12214294317346
32296,38.9084009752723
32297,40.845572536122646
32298,24.9580681249792
32299,34.85267866356474
32300,36.45662787548075
32301,45.81239548477729
32302,52.955261760235175
32303,40.07949742238012
32304,37.430152137703516
32305,44.0123441826893
32306,18.960091658803297
32307,42.8756194623417
32308,40.61464696010632
32309,39.513079183177574
32310,39.45325643446746
32311,20.41792114344085
32312,37.76549140752091
32313,34.64465795479744
32314,37.994684653700865
32315,63.40160678801474
32316,43.17850659966885
32317,45.20247759525103
32318,38.41050219474658
32319,20.16747990828237
32320,38.83279462452958
32321,38.25968530167173
32322,46.17412162236413
32323,37.77052091744065
32324,46.98425459908284
32325,38.63315123680381
32326,35.03493066560774
32327,32.13479819958131
32328,40.81391335866877
32329,34.75029520335391
32330,31.49233900708279
32331,36.42981552100078
32332,33.08304505346156
32333,34.28573753530399
32334,37.59576876774698
32335,35.21261004348334
32336,35.0066847619848
32337,33.398144811151816
32338,33.00311257280355
32339,31.362458569367217
32340,37.15091486519877
32341,37.61404074002468
32342,35.7290370233365
32343,44.87012963691321
32344,32.570880718062305
32345,34.35947703717743
32346,42.66026509302341
32347,35.61875698645139
32348,39.36770299544244
32349,34.160346036374506
32350,36.724861097258255
32351,34.63010950143692
32352,36.85092087143981
32353,42.01747478692797
32354,36.855374285137344
32355,35.098589586576516
32356,31.568414136535793
32357,37.05084795932758
32358,33.0684285047027
32359,37.77391857486155
32360,35.61054767311677
32361,35.19443401507246
32362,41.36604945160916
32363,38.54843468208846
32364,36.03847932768787
32365,35.91809328545512
32366,27.82800389506259
32367,33.06770214027206
32368,36.987695847483465
32369,35.195816273305226
32370,33.90415262347373
32371,40.84578054613545
32372,42.021622951926076
32373,32.18889389030741
32374,35.36647121180221
32375,35.58739221017258
32376,32.986040323723095
32377,45.87871458536088
32378,37.689899677675676
32379,35.73381404466212
32380,37.79718367913285
32381,31.014482206481166
32382,39.246183082336195
32383,41.579792144542274
32384,32.88087910729928
32385,37.2078532062526
32386,40.33056216594528
32387,44.092351904561134
32388,43.518492365107896
32389,35.89458099778434
32390,36.45224668449818
32391,34.28586180709117
32392,36.6723269191271
32393,35.75638945443543
32394,39.17808259788867
32395,35.62485671115325
32396,33.26026607487229
32397,33.24022957231707
32398,42.20960915312196
32399,33.102146717445954
32400,37.013320924446184
32401,42.218268490739305
32402,29.54793344982553
32403,33.621103021088366
32404,43.86573258969878
32405,41.509801165110964
32406,32.52444217802302
32407,31.46531440603663
32408,29.55839458856021
32409,77.31436878870046
32410,47.96713036131491
32411,57.38225238289808
32412,33.71079281683488
32413,56.28945607634853
32414,50.533955659731305
32415,72.49936443323858
32416,64.88237384306923
32417,53.93112400000612
32418,48.804540136112315
32419,48.41826787429916
32420,48.42255369361282
32421,53.67249428990532
32422,52.15777103543072
32423,74.14021671975911
32424,77.72145883122447
32425,43.36175054898843
32426,41.82296851363343
32427,47.410085186687574
32428,49.10626093114117
32429,42.83004648434076
32430,50.192853886967654
32431,49.36315127307868
32432,56.13897020536529
32433,31.09617791034138
32434,43.08172331185815
32435,51.931810112799006
32436,48.5492788818838
32437,43.64162130807826
32438,49.392751211642135
32439,53.8005479136567
32440,52.642338384387536
32441,52.55023245023363
32442,49.9242215821348
32443,54.22300617699063
32444,46.09261140957546
32445,45.69682388020178
32446,41.14242942031479
32447,45.243406386593506
32448,46.6332217781056
32449,52.08385295777987
32450,50.146763091828674
32451,47.37412681855718
32452,47.66515946862147
32453,52.096407181613046
32454,54.8848684012888
32455,49.775136867458286
32456,45.51461568672217
32457,51.252259754480036
32458,47.060630603245286
32459,56.20772874360144
32460,64.59457974893895
32461,76.04267258774762
32462,35.01417413092984
32463,47.57507495816797
32464,43.182286585480696
32465,48.12159388868206
32466,46.94329166618505
32467,55.491929214278535
32468,39.73633296165578
32469,48.78076632550282
32470,57.99116371320601
32471,43.53783204450974
32472,49.531654576800044
32473,50.83584962250702
32474,47.71533541265373
32475,53.14921499544368
32476,43.111869280324896
32477,50.47887310938731
32478,52.81901423577167
32479,38.435507579937756
32480,41.49618886975824
32481,49.44937263410539
32482,50.64542350617148
32483,39.25492465612413
32484,39.94029834140812
32485,67.18953878281494
32486,38.44732149141469
32487,67.74340859200267
32488,61.826911379724
32489,48.46250210419011
32490,41.57082516189536
32491,43.2539075271051
32492,46.216042861785375
32493,44.88384122843041
32494,44.57443585225853
32495,39.674500847353386
32496,42.92973397362963
32497,41.63328965705479
32498,41.43839532658035
32499,40.88904127685208
32500,42.191112436672036
32501,52.79113122609236
32502,42.162988961250385
32503,62.78571640266602
32504,55.39655247371397
32505,47.93184218482067
32506,38.27056635900215
32507,56.99340633571157
32508,47.59949502398806
32509,46.450626207037836
32510,44.29192855577387
32511,48.656491309973674
32512,42.178961385464206
32513,48.55096960070812
32514,42.87337416857262
32515,47.52400506373457
32516,57.52020314191489
32517,42.11043211214088
32518,50.87565861242984
32519,53.69246486994482
32520,62.998792024976126
32521,45.31961813729586
32522,62.144122240745496
32523,41.95011271643189
32524,42.50024885960691
32525,48.37402799660081
32526,55.64937821185783
32527,45.17867482998339
32528,44.76524882704294
32529,64.89161182111482
32530,84.58616544615688
32531,42.49981609498588
32532,33.19370581459906
32533,33.974694683374494
32534,43.498734315288885
32535,51.1640722978439
32536,51.252259754480036
32537,38.95332231560218
32538,43.52459852579825
32539,46.77085481251659
32540,44.02263993412629
32541,48.97200903059005
32542,45.33845704789557
32543,36.29145200831238
32544,46.409368276657396
32545,66.37820966689891
32546,42.439946237912366
32547,43.24246015896442
32548,42.71146298317061
32549,49.61170966832488
32550,40.64719261462968
32551,45.570495103466854
32552,35.60952188158758
32553,48.964180640350655
32554,43.19715375653576
32555,42.80067232745457
32556,46.910777863838454
32557,36.58186133170281
32558,46.939156985695554
32559,44.22383675638657
32560,35.205435090938536
32561,42.4162846266895
32562,50.877225427465966
32563,49.04228708996339
32564,40.76970191517517
32565,41.27225891788253
32566,42.3542970531567
32567,50.67577083677685
32568,49.299260774308905
32569,45.28460331993845
32570,53.51026727769767
32571,45.940089657964066
32572,44.845383907305795
32573,40.928114014309784
32574,46.25249315793941
32575,47.59271769975831
32576,46.78334162439772
32577,49.14644957872655
32578,43.732324098376395
32579,52.52989357134309
32580,41.88835640171197
32581,42.03583479302301
32582,34.90213415052389
32583,36.76561673636608
32584,36.32475814663248
32585,34.294042418124484
32586,36.555053628477
32587,32.42060986454092
32588,35.95703999352036
32589,35.136394171181536
32590,31.58841079606556
32591,34.933784721605534
32592,36.05432515539792
32593,35.090993761119634
32594,37.51700458297999
32595,33.74398541400909
32596,35.03828142861983
32597,34.12224411824907
32598,37.753944150691446
32599,36.54928036317105
32600,35.96546329456618
32601,34.657072225763976
32602,39.20141709044293
32603,37.12679063313348
32604,33.928913128057154
32605,30.93017083901376
32606,33.1620273541638
32607,35.51771318206393
32608,33.65558012293827
32609,33.059747112554234
32610,36.66257386789123
32611,34.709804877679694
32612,35.67097185664146
32613,34.62010101194258
32614,33.382683997366556
32615,34.400790511466816
32616,33.14119690822781
32617,35.85210619670491
32618,35.111365452898774
32619,38.13158340463102
32620,35.1781806155438
32621,31.534372476467833
32622,32.286456973252356
32623,34.24421420291178
32624,31.042309869066347
32625,33.70201483422264
32626,30.86499946842599
32627,34.56485667820748
32628,36.09736030198814
32629,33.342583757438646
32630,34.9890652654033
32631,33.16180108950583
32632,36.30960818999268
32633,46.144930217899955
32634,39.142063942947644
32635,33.23898658799199
32636,30.495308026167983
32637,30.50893742208847
32638,35.986779130662434
32639,31.364796624468866
32640,32.91737367179617
32641,34.97674237847929
32642,31.73568133966216
32643,34.23217015949071
32644,32.561418003924686
32645,32.2542053086364
32646,37.31464635097183
32647,33.735593893857825
32648,33.21583760003856
32649,34.3356681944771
32650,32.745150398917005
32651,29.727735145497025
32652,37.192873492820816
32653,38.641881098013165
32654,34.76224159006565
32655,33.72829221749381
32656,35.0278530999882
32657,32.111598667316315
32658,34.3285852982886
32659,35.747574108460896
32660,33.4808129796135
32661,35.30550039597523
32662,33.935957752786294
32663,36.158599702913406
32664,34.219454227863565
32665,35.77439640452832
32666,38.24155437855022
32667,33.60879898974903
32668,34.71557035682237
32669,33.903568375079224
32670,37.364658334569654
32671,34.09324559339457
32672,37.40376732259307
32673,33.62391210192688
32674,44.20413260600615
32675,43.29122887854719
32676,38.57307439766181
32677,42.04261395745304
32678,43.202493503003055
32679,36.422529195364724
32680,40.490825690241394
32681,41.33950863539006
32682,42.24725598812469
32683,50.09380850545344
32684,42.1563536013697
32685,40.57037600170116
32686,43.47923284186732
32687,45.64621296347774
32688,42.30047109025114
32689,41.37059565891872
32690,44.399364095066225
32691,41.521180011426964
32692,49.670446597984466
32693,45.3047251100949
32694,41.87050235690816
32695,41.416848000024416
32696,46.72676198122835
32697,45.48607655632156
32698,42.04672123666069
32699,44.183082231478124
32700,48.375811650363346
32701,47.911592419381165
32702,42.094331079361666
32703,39.568177673490524
32704,41.91092484026759
32705,42.3403185398077
32706,42.11277346526922
32707,50.9422138406484
32708,50.442901230842836
32709,42.36687852095123
32710,43.05461604044703
32711,46.08271725197016
32712,52.26442692313297
32713,49.563813807279416
32714,46.421099257726326
32715,45.39080791308644
32716,42.57185312391057
32717,46.16891809043397
32718,46.90231768466615
32719,49.02761315623095
32720,40.13507222606405
32721,32.2433735715216
32722,51.46864168045547
32723,44.600517947591364
32724,40.859370761280694
32725,43.41561986242862
32726,42.829199674351166
32727,43.74247410655976
32728,41.825091233161075
32729,42.376137618263755
32730,43.10705420373946
32731,32.61791269897455
32732,41.1439486325935
32733,46.70670884467225
32734,52.82064543143984
32735,44.67059498945821
32736,41.7592675813759
32737,40.85613600838619
32738,46.870370242596536
32739,36.77715743826447
32740,38.90495162451898
32741,45.40540479793025
32742,42.1928278666322
32743,47.81356563822932
32744,46.489220026729576
32745,44.21120422446362
32746,48.34078007985545
32747,46.44200005926729
32748,41.7382247377031
32749,43.93084919086785
32750,35.01585438051938
32751,39.28061972522052
32752,40.68653229287446
32753,43.07321847728636
32754,49.893829854642526
32755,25.48486359896604
32756,41.77028738728819
32757,42.83075530315971
32758,59.824561861351825
32759,62.751526240534815
32760,43.03758815828801
32761,39.07742791575298
32762,35.90145690540621
32763,33.48335693346549
32764,41.4242198551442
32765,45.47349743615749
32766,26.635600283363168
32767,59.68531099893039
32768,41.645226650892354
32769,43.08051131584307
32770,42.39600861931875
32771,42.437822496441385
32772,41.86689800569451
32773,62.056133264605904
32774,41.11907189172964
32775,39.71747727320037
32776,39.709843653712596
32777,45.0713748072134
32778,44.64521145008909
32779,37.90016367971287
32780,19.019955653975664
32781,41.49067592762165
32782,40.41631765960549
32783,56.70565438781249
32784,35.911942831028426
32785,41.66994248374263
32786,46.41412244755494
32787,47.90557049132212
32788,45.02501551479257
32789,42.14601690992561
32790,42.24527016348909
32791,42.46006458590232
32792,34.454152519272206
32793,41.70914538218315
32794,43.17217065632234
32795,37.11742475045906
32796,39.18588262261131
32797,33.3847498820794
32798,70.36176324753325
32799,42.08078446677615
32800,36.50430587795454
32801,34.537214401984755
32802,62.2833077178063
32803,24.69857416891936
32804,25.598672957760858
32805,36.54608579094204
32806,40.35219424663576
32807,34.047904596014305
32808,53.46929525969938
32809,38.71812082291363
32810,33.75666620849239
32811,35.926341200071434
32812,40.37501875655998
32813,43.10008833796273
32814,35.589881863664026
32815,43.6654354664832
32816,30.661070870997886
32817,38.669006064426334
32818,39.48444389032169
32819,33.18689143938319
32820,46.72616164601871
32821,36.897559831443346
32822,43.74386527860793
32823,36.388544685747355
32824,21.567799608122787
32825,38.99203791248204
32826,43.79690902313163
32827,38.7755897438566
32828,39.44749547342257
32829,34.55809487788825
32830,40.312871707215464
32831,32.607874657473715
32832,30.813218380567942
