ID,track_popularity
26266,30.703506
26267,44.795506
26268,39.034515
26269,29.57629
26270,22.863739
26271,26.450644
26272,35.26351
26273,42.970947
26274,28.540749
26275,30.03082
26276,27.506319
26277,34.260986
26278,36.901615
26279,28.340096
26280,35.142975
26281,28.083157
26282,27.09515
26283,41.72873
26284,42.257473
26285,27.799911
26286,32.488808
26287,42.542778
26288,33.975906
26289,38.751114
26290,38.32097
26291,38.951706
26292,37.079197
26293,35.478207
26294,27.397545
26295,34.91935
26296,26.326674
26297,29.648958
26298,33.586044
26299,41.75253
26300,45.22907
26301,32.492622
26302,20.903278
26303,35.529205
26304,40.404274
26305,34.37962
26306,38.049046
26307,31.522337
26308,34.45659
26309,45.5664
26310,30.30078
26311,52.179844
26312,33.600605
26313,30.683302
26314,47.747032
26315,36.593384
26316,38.879223
26317,33.68466
26318,6.2967267
26319,41.64871
26320,22.672592
26321,32.104378
26322,33.706985
26323,24.643503
26324,41.053677
26325,25.911118
26326,24.343273
26327,21.758856
26328,32.934307
26329,26.546387
26330,26.704632
26331,22.745653
26332,28.06863
26333,39.88961
26334,20.443642
26335,33.857925
26336,37.35536
26337,39.304752
26338,40.79632
26339,26.767479
26340,33.81959
26341,32.47907
26342,29.942057
26343,41.131744
26344,33.22683
26345,36.420578
26346,40.752777
26347,40.12606
26348,45.314247
26349,44.522736
26350,37.358418
26351,34.691723
26352,36.70213
26353,39.040604
26354,27.464468
26355,29.85014
26356,33.124958
26357,35.953545
26358,34.644276
26359,38.981907
26360,29.521088
26361,16.212784
26362,37.190094
26363,42.859207
26364,32.3906
26365,48.11657
26366,36.1698
26367,47.427826
26368,41.191868
26369,35.268333
26370,33.08117
26371,51.200413
26372,45.255657
26373,42.41135
26374,34.015472
26375,35.53951
26376,45.36977
26377,51.388515
26378,38.6265
26379,41.70407
26380,30.393597
26381,37.106987
26382,26.912003
26383,30.732687
26384,39.42828
26385,29.777267
26386,48.998547
26387,45.453053
26388,55.562145
26389,50.437855
26390,33.97342
26391,26.11829
26392,26.950392
26393,26.053642
26394,41.230442
26395,48.83452
26396,38.8907
26397,56.81692
26398,50.12183
26399,48.893066
26400,48.866516
26401,30.130558
26402,42.716
26403,22.475197
26404,29.949575
26405,28.292482
26406,50.953434
26407,21.740383
26408,30.39781
26409,34.116795
26410,35.330887
26411,38.66999
26412,41.242283
26413,29.844154
26414,38.531414
26415,41.50769
26416,52.919945
26417,60.205025
26418,45.60112
26419,41.45198
26420,63.398773
26421,52.988377
26422,47.61081
26423,34.625835
26424,27.02948
26425,31.745104
26426,41.14453
26427,28.051317
26428,38.90982
26429,42.6141
26430,58.260952
26431,45.650093
26432,49.268513
26433,50.806866
26434,45.78745
26435,47.433556
26436,47.042603
26437,40.098076
26438,36.397858
26439,48.442226
26440,4.8459964
26441,35.685764
26442,47.084972
26443,39.421837
26444,48.923103
26445,42.479355
26446,51.120274
26447,22.468159
26448,41.278408
26449,49.283768
26450,55.379044
26451,35.01956
26452,29.707546
26453,37.929302
26454,26.614557
26455,38.239777
26456,35.18293
26457,38.49054
26458,30.726887
26459,24.21772
26460,26.56628
26461,35.711243
26462,14.508467
26463,23.839384
26464,26.243979
26465,30.958143
26466,31.504568
26467,21.364985
26468,22.07829
26469,19.25828
26470,17.72941
26471,29.15566
26472,23.031218
26473,39.642845
26474,18.323982
26475,35.359554
26476,36.86457
26477,33.33868
26478,30.613306
26479,36.82255
26480,27.533257
26481,31.867874
26482,26.277554
26483,29.139591
26484,28.950304
26485,45.02657
26486,31.919712
26487,32.365177
26488,24.330606
26489,35.102222
26490,29.500553
26491,26.860058
26492,29.667583
26493,24.51677
26494,25.776772
26495,32.52491
26496,30.352737
26497,30.470526
26498,20.664976
26499,20.86109
26500,22.29398
26501,40.145134
26502,31.821917
26503,23.95728
26504,25.018902
26505,23.593554
26506,40.135944
26507,9.200819
26508,23.34525
26509,34.529583
26510,35.050114
26511,24.981672
26512,33.485744
26513,31.437359
26514,22.16318
26515,33.199577
26516,35.72684
26517,36.043568
26518,35.378902
26519,24.006952
26520,34.061714
26521,32.69565
26522,41.257526
26523,26.897078
26524,31.89186
26525,28.922346
26526,34.535027
26527,24.618807
26528,31.038649
26529,33.73376
26530,26.229765
26531,26.535322
26532,34.331932
26533,25.746168
26534,26.839552
26535,25.83338
26536,25.413412
26537,32.39963
26538,31.125837
26539,26.172392
26540,24.935598
26541,19.711441
26542,35.460228
26543,36.547115
26544,34.47892
26545,38.675182
26546,27.396078
26547,26.790565
26548,28.159678
26549,32.9433
26550,30.745789
26551,42.58375
26552,38.014324
26553,40.844425
26554,28.831253
26555,28.237686
26556,53.758377
26557,23.654049
26558,23.904041
26559,41.780407
26560,24.936842
26561,29.538204
26562,34.58208
26563,11.831705
26564,30.34062
26565,24.161871
26566,33.158478
26567,32.894257
26568,26.2498
26569,38.975975
26570,42.464245
26571,27.217611
26572,7.759582
26573,17.875355
26574,33.62931
26575,36.136868
26576,36.45398
26577,24.85109
26578,32.242325
26579,35.743984
26580,28.794865
26581,41.999065
26582,22.967825
26583,18.44746
26584,32.570923
26585,42.065083
26586,56.87283
26587,28.45873
26588,38.05562
26589,22.917112
26590,23.699728
26591,27.240425
26592,34.06046
26593,57.784126
26594,23.099081
26595,73.2884
26596,44.01149
26597,28.31697
26598,51.2957
26599,43.69653
26600,49.248325
26601,62.38839
26602,35.46273
26603,37.82486
26604,35.382595
26605,37.91646
26606,36.054565
26607,31.087912
26608,44.21992
26609,30.487488
26610,33.251133
26611,38.811916
26612,28.823769
26613,50.697987
26614,59.88058
26615,40.150566
26616,33.091515
26617,52.66051
26618,57.216816
26619,43.49435
26620,49.06983
26621,41.09551
26622,17.885036
26623,33.347893
26624,45.659252
26625,26.237736
26626,33.182217
26627,28.35928
26628,25.710295
26629,23.199825
26630,36.44708
26631,16.293732
26632,31.02144
26633,17.201326
26634,30.612011
26635,37.31438
26636,29.707598
26637,39.22468
26638,29.234211
26639,33.48578
26640,23.210274
26641,35.797676
26642,34.41482
26643,28.845848
26644,28.556408
26645,4.8459964
26646,32.140766
26647,26.088223
26648,20.698975
26649,32.344284
26650,32.275753
26651,33.139866
26652,36.176327
26653,35.60431
26654,41.86381
26655,34.790615
26656,36.867542
26657,35.415924
26658,48.435688
26659,32.70828
26660,38.918755
26661,26.611732
26662,30.444157
26663,53.48998
26664,33.13658
26665,37.957714
26666,29.851286
26667,24.120064
26668,29.659172
26669,24.988384
26670,28.638378
26671,27.57638
26672,24.704962
26673,40.240204
26674,28.889866
26675,38.76652
26676,37.74215
26677,39.936172
26678,34.776386
26679,33.411224
26680,27.704346
26681,35.165527
26682,40.812622
26683,21.42115
26684,14.006234
26685,32.91091
26686,20.255789
26687,52.30883
26688,45.849827
26689,46.00535
26690,31.776302
26691,37.383762
26692,30.904308
26693,42.09882
26694,26.963049
26695,25.836031
26696,52.320408
26697,46.4601
26698,22.695738
26699,24.490046
26700,31.731035
26701,28.262327
26702,44.085793
26703,52.34589
26704,34.847626
26705,37.56464
26706,52.83028
26707,46.01939
26708,31.035606
26709,37.817993
26710,30.732687
26711,33.236446
26712,28.110538
26713,27.71658
26714,28.745924
26715,48.885735
26716,39.274277
26717,46.850464
26718,39.588444
26719,35.305923
26720,44.117115
26721,43.507664
26722,32.34978
26723,46.014915
26724,40.09855
26725,33.28159
26726,28.07034
26727,36.43953
26728,24.712372
26729,32.09502
26730,37.948063
26731,44.7319
26732,38.980457
26733,30.775478
26734,24.271755
26735,33.452526
26736,33.505085
26737,30.267445
26738,40.365746
26739,39.017353
26740,22.48312
26741,44.677628
26742,34.019073
26743,30.680733
26744,29.10768
26745,36.789616
26746,28.495298
26747,39.717987
26748,27.475456
26749,37.774296
26750,39.04177
26751,44.106613
26752,46.50864
26753,39.824017
26754,43.431812
26755,24.934893
26756,36.826553
26757,17.116701
26758,25.027283
26759,31.606106
26760,23.996466
26761,42.48498
26762,52.271484
26763,32.47279
26764,43.858086
26765,49.8338
26766,30.989595
26767,26.854193
26768,23.486502
26769,38.461803
26770,35.453766
26771,44.16739
26772,49.45077
26773,43.63084
26774,31.947466
26775,27.976963
26776,54.502945
26777,25.692488
26778,45.34221
26779,40.395397
26780,23.304865
26781,27.340174
26782,56.658775
26783,30.873217
26784,29.836699
26785,20.838598
26786,22.427961
26787,27.995003
26788,30.205515
26789,38.241524
26790,20.666845
26791,19.666262
26792,29.834753
26793,29.42322
26794,33.096485
26795,49.294556
26796,32.186066
26797,34.263428
26798,39.340187
26799,48.919624
26800,48.84085
26801,36.573925
26802,35.191345
26803,36.629555
26804,46.687325
26805,51.755966
26806,41.518852
26807,58.140312
26808,48.78838
26809,33.461636
26810,47.479008
26811,36.113308
26812,30.74973
26813,42.78647
26814,45.713367
26815,52.44215
26816,40.781357
26817,60.107246
26818,45.744385
26819,36.03337
26820,30.29636
26821,27.199295
26822,48.58116
26823,39.56313
26824,65.23949
26825,35.49305
26826,33.306213
26827,64.31072
26828,33.994267
26829,39.436195
26830,31.37811
26831,50.746784
26832,41.1628
26833,45.193184
26834,44.489002
26835,36.87383
26836,49.050964
26837,59.891373
26838,49.888832
26839,9.018988
26840,31.10519
26841,40.279118
26842,52.08854
26843,39.37917
26844,39.90179
26845,31.993904
26846,40.69389
26847,27.027813
26848,46.946556
26849,51.920082
26850,40.17531
26851,32.27275
26852,40.445385
26853,52.734295
26854,69.50422
26855,55.184162
26856,49.13397
26857,57.942326
26858,40.40633
26859,38.302967
26860,55.138817
26861,41.690983
26862,41.000175
26863,40.718235
26864,40.092316
26865,42.32391
26866,40.010914
26867,44.889874
26868,54.84668
26869,43.919518
26870,57.92629
26871,48.7727
26872,50.828354
26873,31.529491
26874,44.316875
26875,45.10207
26876,42.30182
26877,55.97499
26878,62.222343
26879,40.784176
26880,55.040405
26881,52.856636
26882,52.924103
26883,52.55957
26884,46.20295
26885,38.184467
26886,44.610603
26887,35.93921
26888,55.489483
26889,47.67846
26890,31.023037
26891,43.96896
26892,53.883816
26893,36.81047
26894,39.795895
26895,48.98113
26896,41.256046
26897,56.946808
26898,42.867325
26899,56.3072
26900,61.049366
26901,43.892902
26902,48.7687
26903,44.11093
26904,31.846209
26905,51.850792
26906,56.17452
26907,42.726425
26908,46.634438
26909,57.645596
26910,41.184837
26911,61.055958
26912,46.296055
26913,56.257164
26914,43.460526
26915,40.09957
26916,49.666653
26917,67.90595
26918,46.936672
26919,44.650517
26920,42.414074
26921,48.484715
26922,40.354492
26923,35.37629
26924,41.336422
26925,41.67473
26926,33.545467
26927,40.28357
26928,47.03908
26929,42.05878
26930,37.996326
26931,37.308636
26932,40.143894
26933,39.903038
26934,42.363457
26935,39.437313
26936,43.252247
26937,41.776543
26938,43.59465
26939,34.53925
26940,39.229713
26941,41.198627
26942,33.113174
26943,42.371403
26944,52.940235
26945,54.442005
26946,48.898396
26947,30.844759
26948,37.261936
26949,36.64
26950,32.696533
26951,42.055878
26952,38.4933
26953,48.900406
26954,39.562954
26955,43.20006
26956,39.669296
26957,40.068375
26958,39.359287
26959,37.35052
26960,45.774506
26961,42.15828
26962,39.934635
26963,31.66512
26964,46.459633
26965,41.65807
26966,41.54236
26967,38.84588
26968,51.77247
26969,46.77418
26970,42.25922
26971,40.112274
26972,45.47306
26973,41.160343
26974,41.382885
26975,26.873276
26976,44.636314
26977,43.32402
26978,45.275295
26979,38.78689
26980,40.759094
26981,38.29791
26982,45.05793
26983,53.888313
26984,46.295494
26985,49.66495
26986,39.560658
26987,36.959476
26988,44.87999
26989,34.566803
26990,51.933964
26991,37.736458
26992,57.72632
26993,35.230453
26994,38.380928
26995,44.270542
26996,47.332493
26997,37.01705
26998,38.054817
26999,37.288605
27000,45.09255
27001,32.47201
27002,41.35665
27003,38.6254
27004,39.185833
27005,40.78062
27006,32.036663
27007,29.313328
27008,39.655052
27009,36.292397
27010,32.9306
27011,37.79365
27012,55.102062
27013,40.38537
27014,37.12581
27015,36.818073
27016,32.158775
27017,40.89093
27018,35.151928
27019,35.98739
27020,48.30944
27021,38.62988
27022,41.589863
27023,44.71347
27024,41.94574
27025,36.83635
27026,26.224037
27027,43.10292
27028,39.396217
27029,45.489307
27030,52.653236
27031,33.988777
27032,17.623293
27033,33.48787
27034,43.406265
27035,44.409218
27036,49.062965
27037,50.47766
27038,43.537754
27039,41.23219
27040,44.73554
27041,45.166065
27042,45.745243
27043,29.747467
27044,44.299164
27045,41.17942
27046,49.217712
27047,37.46723
27048,45.243256
27049,43.767933
27050,58.17602
27051,37.37353
27052,47.938503
27053,54.981804
27054,40.831074
27055,37.3344
27056,40.723503
27057,44.686672
27058,26.07133
27059,35.725502
27060,38.03136
27061,44.49402
27062,47.661396
27063,39.32046
27064,45.67217
27065,33.73732
27066,27.237774
27067,45.715374
27068,48.97623
27069,39.628063
27070,45.857327
27071,37.327698
27072,46.481205
27073,44.75504
27074,43.855797
27075,42.04305
27076,53.99201
27077,43.62123
27078,43.445328
27079,37.25682
27080,35.577225
27081,36.31825
27082,43.22205
27083,48.31936
27084,46.85539
27085,48.762512
27086,51.6093
27087,45.939114
27088,48.018158
27089,32.76844
27090,33.078285
27091,43.240997
27092,41.820614
27093,46.67795
27094,46.856205
27095,45.10514
27096,50.663635
27097,39.406334
27098,44.12486
27099,51.950176
27100,48.08274
27101,42.03459
27102,46.845184
27103,40.257607
27104,39.18967
27105,50.00942
27106,36.135414
27107,44.05768
27108,38.926456
27109,47.231693
27110,33.80624
27111,38.51663
27112,42.26268
27113,41.753464
27114,50.420666
27115,28.371645
27116,39.114216
27117,38.192436
27118,49.120693
27119,42.96214
27120,47.54824
27121,46.68663
27122,34.603252
27123,28.629211
27124,34.617596
27125,32.176952
27126,39.5619
27127,34.53613
27128,43.596664
27129,34.17632
27130,40.35886
27131,43.905186
27132,41.742466
27133,32.022797
27134,43.263805
27135,39.59311
27136,41.43247
27137,39.378475
27138,30.093716
27139,39.847454
27140,45.156025
27141,34.616737
27142,32.7716
27143,47.727848
27144,50.77346
27145,33.9852
27146,23.96897
27147,50.28337
27148,27.51773
27149,48.243046
27150,39.97598
27151,28.010569
27152,36.007637
27153,37.675835
27154,42.43476
27155,44.901413
27156,41.796764
27157,52.650063
27158,37.80904
27159,44.683098
27160,31.379538
27161,36.190887
27162,42.13166
27163,42.92857
27164,38.640236
27165,36.64015
27166,48.35846
27167,34.763466
27168,33.54293
27169,53.273735
27170,52.71499
27171,40.68599
27172,23.54956
27173,38.40745
27174,44.40906
27175,41.783127
27176,85.36223
27177,27.267675
27178,34.893295
27179,37.006634
27180,45.952732
27181,31.963554
27182,36.43355
27183,40.077137
27184,36.103836
27185,42.945927
27186,32.136246
27187,43.070755
27188,38.872047
27189,43.047703
27190,37.140217
27191,52.262074
27192,38.972
27193,28.700403
27194,60.657547
27195,42.087296
27196,38.640564
27197,20.75565
27198,49.184887
27199,46.038593
27200,41.22167
27201,29.11839
27202,31.986998
27203,33.53167
27204,39.913548
27205,41.91564
27206,36.158997
27207,35.743813
27208,37.450314
27209,34.47384
27210,33.648144
27211,43.70303
27212,38.79631
27213,31.471678
27214,38.880337
27215,40.440475
27216,53.539566
27217,58.671383
27218,41.968815
27219,60.61869
27220,51.29142
27221,43.955036
27222,50.407364
27223,72.856636
27224,53.84364
27225,48.157715
27226,41.32812
27227,42.824825
27228,42.32391
27229,46.948135
27230,50.114056
27231,84.05983
27232,25.71711
27233,36.697594
27234,48.178844
27235,45.983734
27236,33.877884
27237,62.38494
27238,32.620594
27239,47.074566
27240,37.88689
27241,39.49856
27242,50.44464
27243,46.61549
27244,39.014503
27245,27.04993
27246,46.156742
27247,43.074127
27248,78.005
27249,40.7503
27250,58.86028
27251,38.0862
27252,59.35604
27253,45.344746
27254,43.0879
27255,39.625248
27256,46.933487
27257,39.632374
27258,59.666668
27259,37.875057
27260,52.15119
27261,64.801674
27262,50.908714
27263,49.212067
27264,41.645325
27265,52.68894
27266,45.24059
27267,72.08839
27268,46.196205
27269,55.09809
27270,46.58125
27271,34.948845
27272,46.070156
27273,48.11862
27274,39.26105
27275,43.140232
27276,50.365643
27277,27.059778
27278,34.719715
27279,44.168133
27280,40.530106
27281,44.90309
27282,32.249626
27283,43.441784
27284,47.77199
27285,43.916286
27286,39.555935
27287,40.02269
27288,42.26095
27289,56.41661
27290,42.415493
27291,51.366177
27292,44.328037
27293,40.950035
27294,39.879528
27295,44.10376
27296,26.733244
27297,41.49814
27298,54.587868
27299,48.892094
27300,42.464115
27301,46.0875
27302,40.706055
27303,43.801582
27304,39.393433
27305,33.626644
27306,49.140873
27307,43.89319
27308,67.44964
27309,44.741707
27310,46.91288
27311,57.231796
27312,55.00485
27313,44.31647
27314,38.766346
27315,39.645073
27316,44.304283
27317,30.181883
27318,50.477505
27319,45.89341
27320,56.85928
27321,52.194935
27322,40.70045
27323,45.53152
27324,48.530434
27325,35.848454
27326,41.814438
27327,46.95284
27328,54.141533
27329,41.46168
27330,46.986435
27331,51.534634
27332,44.070568
27333,53.51412
27334,32.625572
27335,42.039085
27336,25.619352
27337,35.12103
27338,47.178146
27339,32.53876
27340,38.161427
27341,41.59575
27342,39.325726
27343,44.470833
27344,49.188763
27345,34.00453
27346,36.15028
27347,39.32271
27348,34.973022
27349,46.747593
27350,56.962326
27351,35.321198
27352,28.483364
27353,32.621895
27354,41.438484
27355,37.403706
27356,51.9341
27357,49.5944
27358,39.333202
27359,41.865376
27360,23.47976
27361,53.099266
27362,35.31437
27363,27.604898
27364,47.903805
27365,34.224102
27366,32.038727
27367,34.205948
27368,35.05441
27369,38.02752
27370,40.17508
27371,40.42674
27372,24.374775
27373,36.94889
27374,46.59821
27375,32.674522
27376,38.87103
27377,36.19726
27378,38.82346
27379,26.536417
27380,33.868225
27381,51.490955
27382,40.502556
27383,35.591465
27384,51.93287
27385,51.323574
27386,42.001503
27387,33.491795
27388,41.906128
27389,54.144024
27390,50.65053
27391,44.695637
27392,29.577312
27393,43.916164
27394,43.740685
27395,50.01435
27396,49.373016
27397,34.76228
27398,22.64966
27399,33.741444
27400,38.373955
27401,39.280205
27402,28.001678
27403,43.714684
27404,36.302288
27405,26.3473
27406,38.787445
27407,38.80625
27408,32.037502
27409,19.245592
27410,28.952883
27411,53.133213
27412,47.87403
27413,40.70454
27414,51.14908
27415,48.007652
27416,48.44808
27417,36.12891
27418,32.931477
27419,46.355865
27420,40.95909
27421,46.93188
27422,32.55076
27423,47.057476
27424,40.052223
27425,50.65053
27426,48.12976
27427,37.680344
27428,32.987106
27429,50.936325
27430,25.58858
27431,39.251114
27432,41.429455
27433,35.291527
27434,29.99117
27435,40.598022
27436,49.041798
27437,43.17902
27438,31.554298
27439,47.649105
27440,40.136127
27441,35.96698
27442,43.60814
27443,41.244095
27444,28.059748
27445,47.178146
27446,26.071445
27447,31.118858
27448,33.076473
27449,32.292847
27450,32.041325
27451,40.935093
27452,35.133373
27453,27.141397
27454,45.05895
27455,27.825527
27456,42.52218
27457,41.09063
27458,29.247818
27459,36.98392
27460,26.725296
27461,35.485844
27462,41.253654
27463,40.20535
27464,41.25203
27465,35.698074
27466,28.252018
27467,26.977777
27468,34.64809
27469,52.107506
27470,27.68989
27471,34.649387
27472,15.591963
27473,26.618942
27474,41.242332
27475,33.483852
27476,32.13611
27477,24.039526
27478,35.28031
27479,48.36881
27480,33.36724
27481,34.907124
27482,37.839954
27483,49.43354
27484,46.10971
27485,46.10148
27486,48.150402
27487,34.16693
27488,45.28282
27489,45.46126
27490,42.469997
27491,34.86119
27492,30.515522
27493,43.014168
27494,44.24434
27495,54.05661
27496,32.80439
27497,36.692883
27498,40.569374
27499,35.151894
27500,38.34341
27501,43.579887
27502,47.10971
27503,39.100475
27504,26.25599
27505,44.27715
27506,32.81993
27507,41.935673
27508,24.973433
27509,53.18859
27510,44.569477
27511,33.841053
27512,50.845116
27513,29.875132
27514,38.859493
27515,39.183388
27516,31.202618
27517,38.886135
27518,42.25353
27519,25.96738
27520,39.424862
27521,42.23181
27522,41.897255
27523,37.89789
27524,45.21577
27525,41.677734
27526,37.011074
27527,41.790024
27528,51.079678
27529,47.600372
27530,49.638485
27531,44.910748
27532,43.988655
27533,43.60718
27534,44.747364
27535,45.992027
27536,38.805515
27537,44.44101
27538,40.523613
27539,39.565163
27540,44.10547
27541,41.561195
27542,34.170765
27543,41.01107
27544,37.983646
27545,48.927193
27546,42.579437
27547,47.387882
27548,63.027683
27549,51.215893
27550,43.001602
27551,47.826424
27552,36.969765
27553,40.18355
27554,43.463505
27555,30.805668
27556,51.80442
27557,49.281612
27558,55.76893
27559,46.779808
27560,67.729195
27561,48.382526
27562,50.080585
27563,52.572777
27564,45.46619
27565,45.901035
27566,52.086044
27567,48.877953
27568,54.464798
27569,44.291466
27570,50.276463
27571,66.292145
27572,51.925755
27573,58.59865
27574,45.997467
27575,41.497513
27576,53.44511
27577,58.8286
27578,62.012257
27579,37.132236
27580,63.693897
27581,64.02209
27582,46.671654
27583,51.4158
27584,49.332157
27585,76.29331
27586,62.772907
27587,56.861485
27588,48.79602
27589,50.759506
27590,57.430374
27591,46.26468
27592,57.313637
27593,65.11506
27594,44.377243
27595,52.145008
27596,54.77368
27597,66.80192
27598,51.73439
27599,40.39273
27600,60.370617
27601,47.559315
27602,61.30784
27603,67.75198
27604,48.24417
27605,34.317272
27606,75.35632
27607,45.706627
27608,53.40691
27609,51.03188
27610,47.546577
27611,48.554497
27612,35.13271
27613,48.364677
27614,56.14798
27615,43.79401
27616,50.12942
27617,42.357124
27618,40.318546
27619,45.21149
27620,49.133827
27621,45.85725
27622,33.355614
27623,54.341194
27624,35.778038
27625,54.826866
27626,51.98015
27627,46.8737
27628,36.384724
27629,48.89903
27630,35.399902
27631,41.24737
27632,58.198643
27633,37.43668
27634,40.867027
27635,40.800064
27636,50.852894
27637,32.99649
27638,42.85006
27639,43.530354
27640,35.32897
27641,61.91396
27642,47.87089
27643,46.27371
27644,43.894432
27645,39.063972
27646,42.776295
27647,29.113737
27648,34.626118
27649,46.28301
27650,18.637466
27651,16.798384
27652,23.972754
27653,22.835854
27654,31.543638
27655,44.806618
27656,6.149333
27657,34.536346
27658,34.849136
27659,24.163849
27660,37.413475
27661,29.69777
27662,17.098372
27663,24.007883
27664,40.456783
27665,30.80549
27666,48.353203
27667,20.506268
27668,31.494207
27669,25.378183
27670,21.953978
27671,55.04807
27672,25.407852
27673,14.810795
27674,23.775335
27675,25.017431
27676,38.34551
27677,24.577461
27678,14.609964
27679,25.083538
27680,29.177563
27681,27.217028
27682,28.060234
27683,24.635386
27684,23.392275
27685,47.716335
27686,37.55252
27687,50.898872
27688,24.215273
27689,31.671991
27690,34.682022
27691,34.64444
27692,34.939274
27693,21.48835
27694,9.677862
27695,35.192726
27696,41.318287
27697,38.328594
27698,36.92635
27699,66.07758
27700,17.941034
27701,25.491695
27702,25.982239
27703,41.69768
27704,32.239445
27705,24.452454
27706,27.847315
27707,30.501974
27708,5.425743
27709,26.678942
27710,38.81707
27711,33.65352
27712,34.985233
27713,26.718515
27714,38.191086
27715,46.937405
27716,34.667034
27717,22.405571
27718,37.27312
27719,13.833156
27720,38.176033
27721,68.15991
27722,22.50314
27723,22.056128
27724,24.70742
27725,25.284887
27726,24.185965
27727,40.12995
27728,28.436918
27729,43.02965
27730,31.676527
27731,34.000237
27732,41.651608
27733,13.1199255
27734,39.531296
27735,30.751137
27736,32.912086
27737,31.158371
27738,24.938444
27739,34.955795
27740,33.6568
27741,30.181381
27742,17.037048
27743,31.69581
27744,41.5141
27745,42.58522
27746,31.75787
27747,30.50366
27748,34.817104
27749,38.52471
27750,41.615574
27751,56.534176
27752,57.113346
27753,47.02567
27754,38.601414
27755,43.44605
27756,44.1045
27757,56.395638
27758,43.48648
27759,37.66855
27760,46.690174
27761,47.49673
27762,29.353117
27763,26.165962
27764,49.867786
27765,43.641693
27766,41.076813
27767,50.958458
27768,45.322746
27769,29.09648
27770,43.24175
27771,36.344215
27772,33.195477
27773,39.538982
27774,51.53859
27775,34.384563
27776,31.503897
27777,46.59577
27778,53.90981
27779,46.482895
27780,12.7898655
27781,56.136364
27782,49.004726
27783,42.565247
27784,38.916237
27785,25.850508
27786,34.839638
27787,41.1347
27788,50.374626
27789,42.164062
27790,54.083927
27791,38.82222
27792,41.982567
27793,34.985233
27794,39.39509
27795,39.090694
27796,47.152122
27797,39.642654
27798,44.60952
27799,41.397594
27800,26.96309
27801,36.610477
27802,36.39216
27803,39.60127
27804,37.20653
27805,30.723953
27806,50.66092
27807,48.10231
27808,37.359974
27809,41.714535
27810,33.95108
27811,36.250683
27812,46.343426
27813,41.28004
27814,36.891407
27815,40.34887
27816,38.173523
27817,46.251038
27818,31.756618
27819,37.098866
27820,31.24396
27821,40.238586
27822,54.098732
27823,42.992744
27824,41.004612
27825,39.7363
27826,40.174942
27827,43.761562
27828,30.62205
27829,39.316338
27830,46.681904
27831,49.267277
27832,40.697063
27833,44.463253
27834,44.692875
27835,45.19108
27836,41.7732
27837,46.73816
27838,42.91287
27839,32.5017
27840,45.085457
27841,33.68774
27842,40.85928
27843,55.435745
27844,37.580284
27845,40.439175
27846,51.06262
27847,39.94569
27848,39.407448
27849,39.30117
27850,51.768192
27851,35.81789
27852,43.325886
27853,44.9462
27854,35.702305
27855,51.343
27856,39.939312
27857,41.399094
27858,41.58632
27859,54.50015
27860,40.521374
27861,41.486145
27862,35.78844
27863,60.774372
27864,36.350597
27865,32.66154
27866,44.4966
27867,70.64655
27868,50.822327
27869,32.038338
27870,43.077682
27871,40.41251
27872,36.255013
27873,52.473366
27874,42.450783
27875,37.851536
27876,17.966068
27877,42.754353
27878,15.386353
27879,38.32733
27880,31.990377
27881,42.055588
27882,40.04693
27883,36.573147
27884,28.945635
27885,23.70751
27886,19.486866
27887,26.482689
27888,33.661278
27889,17.939869
27890,31.490555
27891,38.273296
27892,8.127104
27893,20.44133
27894,24.532368
27895,33.227085
27896,20.721056
27897,28.718603
27898,30.286522
27899,26.93701
27900,43.874306
27901,33.29323
27902,30.498104
27903,28.819395
27904,24.962048
27905,10.453734
27906,38.80962
27907,22.164635
27908,21.194376
27909,36.170498
27910,35.583107
27911,32.228683
27912,13.799582
27913,22.013367
27914,29.467722
27915,28.998755
27916,21.843653
27917,46.38107
27918,13.711916
27919,34.609455
27920,43.75115
27921,47.523674
27922,18.071022
27923,27.601622
27924,38.332726
27925,28.464697
27926,31.171515
27927,16.02423
27928,30.077972
27929,20.173872
27930,29.026234
27931,41.26333
27932,31.305109
27933,27.267836
27934,37.633583
27935,31.086668
27936,33.447502
27937,33.79398
27938,19.599026
27939,33.934155
27940,55.135983
27941,23.41798
27942,9.643944
27943,26.272287
27944,28.18888
27945,25.533442
27946,39.48525
27947,25.500055
27948,33.511936
27949,35.765224
27950,44.26849
27951,43.686977
27952,48.605877
27953,31.087303
27954,31.191715
27955,48.31982
27956,13.571203
27957,18.294765
27958,23.56383
27959,51.68167
27960,38.545124
27961,11.79761
27962,20.564499
27963,39.946785
27964,41.715008
27965,12.022421
27966,32.939003
27967,59.75977
27968,15.522507
27969,24.84842
27970,42.484806
27971,30.189188
27972,22.795439
27973,13.117603
27974,29.93825
27975,25.132925
27976,13.062088
27977,9.467736
27978,22.796331
27979,15.104047
27980,10.603963
27981,10.562982
27982,43.276745
27983,23.065699
27984,28.852053
27985,47.43282
27986,7.8539023
27987,17.097952
27988,15.67885
27989,26.237795
27990,28.691425
27991,30.326569
27992,21.256887
27993,19.544357
27994,24.645939
27995,27.914469
27996,39.60127
27997,13.769748
27998,24.76717
27999,11.375826
28000,32.91457
28001,46.61364
28002,34.959335
28003,26.933266
28004,21.054636
28005,22.064083
28006,6.3551006
28007,20.007196
28008,25.760054
28009,28.88527
28010,17.273483
28011,12.353815
28012,13.284045
28013,21.804525
28014,38.231796
28015,15.167382
28016,34.621742
28017,31.760933
28018,21.976147
28019,40.607162
28020,36.042286
28021,19.317165
28022,22.889635
28023,24.932049
28024,30.513361
28025,27.626202
28026,36.912384
28027,25.908722
28028,15.609577
28029,29.362272
28030,20.820793
28031,31.378119
28032,19.563034
28033,27.157295
28034,27.430645
28035,32.325928
28036,26.426125
28037,28.245619
28038,34.634563
28039,22.095442
28040,15.206946
28041,36.755005
28042,17.987564
28043,25.174412
28044,25.883188
28045,47.357677
28046,27.984674
28047,17.605907
28048,9.475742
28049,38.968067
28050,51.043224
28051,39.198696
28052,34.570446
28053,35.676304
28054,46.226177
28055,36.616146
28056,25.422703
28057,18.225828
28058,43.264694
28059,60.005836
28060,51.50425
28061,49.058567
28062,43.65199
28063,36.1982
28064,42.22195
28065,48.95545
28066,53.323837
28067,50.810196
28068,45.534115
28069,39.325485
28070,48.60431
28071,38.12548
28072,35.169415
28073,50.96974
28074,39.602577
28075,43.120953
28076,47.130444
28077,41.850765
28078,42.754353
28079,44.4981
28080,49.50903
28081,49.385677
28082,48.157715
28083,48.481483
28084,63.97201
28085,49.92791
28086,54.427876
28087,50.58897
28088,49.997784
28089,41.340805
28090,68.69204
28091,43.881275
28092,33.62164
28093,41.280445
28094,36.237114
28095,59.42552
28096,46.270992
28097,56.530087
28098,36.71411
28099,36.35959
28100,47.645103
28101,50.01767
28102,41.594654
28103,39.55857
28104,36.356236
28105,38.99951
28106,34.21876
28107,23.636137
28108,24.315239
28109,37.760414
28110,44.548138
28111,49.532715
28112,22.759903
28113,29.197592
28114,38.616184
28115,34.18806
28116,25.331945
28117,38.03905
28118,24.449306
28119,31.905718
28120,29.541534
28121,30.890625
28122,38.583206
28123,29.439262
28124,34.649654
28125,37.468193
28126,36.65241
28127,42.670822
28128,26.274004
28129,31.938038
28130,29.909203
28131,29.702635
28132,32.514477
28133,28.165747
28134,29.677208
28135,43.460716
28136,34.858936
28137,37.97583
28138,39.93171
28139,23.335775
28140,31.217897
28141,34.710648
28142,46.013554
28143,27.644258
28144,26.266878
28145,32.30067
28146,26.358404
28147,34.022648
28148,29.365534
28149,40.07483
28150,32.547417
28151,37.983818
28152,33.996605
28153,33.814457
28154,46.73335
28155,34.572887
28156,37.429028
28157,34.818275
28158,37.49893
28159,29.547243
28160,33.7176
28161,30.008455
28162,28.671898
28163,38.225624
28164,38.469975
28165,42.23009
28166,30.25721
28167,27.955458
28168,32.89629
28169,35.607044
28170,39.89047
28171,43.027977
28172,37.381687
28173,45.468895
28174,45.68286
28175,35.46139
28176,45.66009
28177,36.4898
28178,41.378586
28179,39.91197
28180,33.45984
28181,42.008068
28182,43.62174
28183,33.225914
28184,39.92917
28185,32.38786
28186,31.58399
28187,36.422882
28188,31.184168
28189,36.984726
28190,45.17408
28191,42.415024
28192,28.532825
28193,37.4654
28194,44.096714
28195,40.433384
28196,40.75111
28197,38.339523
28198,40.26628
28199,38.474266
28200,45.194157
28201,38.325222
28202,46.664536
28203,33.706726
28204,28.533234
28205,45.553864
28206,47.78778
28207,26.885021
28208,41.630035
28209,55.957104
28210,45.450325
28211,38.11958
28212,49.219917
28213,36.533085
28214,30.318247
28215,34.690308
28216,39.098415
28217,43.444386
28218,37.455914
28219,40.346886
28220,32.210217
28221,40.349316
28222,69.52479
28223,25.844122
28224,35.023273
28225,25.893063
28226,46.179848
28227,42.62998
28228,34.86907
28229,38.207787
28230,39.154156
28231,21.597265
28232,22.456533
28233,39.825497
28234,40.36209
28235,76.28363
28236,18.33257
28237,39.490314
28238,41.3129
28239,39.672436
28240,37.44662
28241,36.617855
28242,24.940754
28243,31.471823
28244,33.955364
28245,44.090828
28246,31.184504
28247,41.72093
28248,33.146683
28249,39.73631
28250,30.326904
28251,22.818111
28252,37.064457
28253,43.27967
28254,29.93139
28255,52.112537
28256,49.776993
28257,44.93507
28258,31.53834
28259,48.61379
28260,50.468567
28261,38.784683
28262,31.93511
28263,42.148567
28264,35.169857
28265,42.460392
28266,44.187172
28267,44.045628
28268,56.243214
28269,46.350372
28270,29.81849
28271,29.75962
28272,53.68453
28273,43.538116
28274,48.973
28275,37.96127
28276,37.87439
28277,44.604145
28278,47.486286
28279,26.210972
28280,55.95636
28281,38.578133
28282,46.647606
28283,48.721455
28284,45.913685
28285,33.651527
28286,43.129078
28287,35.372166
28288,33.489212
28289,50.511997
28290,40.92621
28291,46.228737
28292,48.185352
28293,38.008823
28294,43.746273
28295,27.587055
28296,47.919758
28297,40.515434
28298,27.498844
28299,47.408028
28300,42.614628
28301,31.796062
28302,69.52479
28303,40.010914
28304,36.81047
28305,40.63204
28306,36.776978
28307,43.919518
28308,46.287666
28309,36.538395
28310,43.078316
28311,40.81728
28312,42.339832
28313,36.787807
28314,43.513885
28315,46.936672
28316,33.91147
28317,38.44325
28318,48.00836
28319,42.30976
28320,39.005775
28321,51.6499
28322,43.60718
28323,58.986866
28324,47.462452
28325,39.775105
28326,39.67379
28327,40.92332
28328,48.6464
28329,34.49684
28330,38.98633
28331,31.687292
28332,37.853397
28333,35.10641
28334,36.38572
28335,37.102097
28336,40.68553
28337,47.15566
28338,41.048294
28339,34.63351
28340,42.609222
28341,40.56094
28342,46.67607
28343,39.931496
28344,46.08788
28345,47.41872
28346,37.435116
28347,23.796698
28348,39.000248
28349,46.41386
28350,39.011223
28351,40.294346
28352,42.087162
28353,33.60185
28354,39.183254
28355,35.548595
28356,52.619877
28357,31.33375
28358,46.564083
28359,39.95553
28360,31.509579
28361,38.497147
28362,46.447704
28363,51.194714
28364,44.09334
28365,43.5676
28366,40.727844
28367,45.239124
28368,54.99759
28369,39.35787
28370,44.222603
28371,57.43368
28372,38.938538
28373,46.768948
28374,50.530586
28375,36.99223
28376,52.2406
28377,55.87918
28378,37.99269
28379,30.947004
28380,40.276424
28381,35.878773
28382,42.227577
28383,25.270287
28384,43.44722
28385,55.777225
28386,36.082645
28387,34.816074
28388,37.54646
28389,41.486076
28390,36.401455
28391,47.415436
28392,48.68091
28393,31.732212
28394,31.660091
28395,34.481293
28396,32.6884
28397,39.846626
28398,32.890343
28399,42.73248
28400,45.5926
28401,37.680023
28402,33.608734
28403,37.412987
28404,24.2572
28405,44.030064
28406,33.19472
28407,25.105986
28408,37.250175
28409,29.353117
28410,39.184486
28411,28.918991
28412,25.844122
28413,24.861538
28414,33.128082
28415,48.1219
28416,20.83903
28417,49.279324
28418,31.287312
28419,39.29954
28420,44.391457
28421,17.28986
28422,34.528526
28423,24.948904
28424,34.67269
28425,23.400934
28426,41.133415
28427,8.545062
28428,24.690826
28429,41.958096
28430,30.80549
28431,27.088638
28432,21.40011
28433,44.78504
28434,33.47736
28435,44.10835
28436,46.400345
28437,38.082325
28438,41.469006
28439,33.340298
28440,50.55325
28441,44.74728
28442,37.364502
28443,46.860844
28444,27.954084
28445,55.00675
28446,40.780045
28447,34.095825
28448,47.19606
28449,43.174297
28450,37.682697
28451,40.21449
28452,41.109444
28453,44.378536
28454,40.739586
28455,41.676403
28456,44.22342
28457,39.83818
28458,28.08791
28459,40.907978
28460,39.263588
28461,44.48942
28462,35.66073
28463,40.654602
28464,35.371086
28465,40.104797
28466,33.41781
28467,41.896805
28468,40.01735
28469,31.757042
28470,31.435078
28471,27.640959
28472,23.822105
28473,26.403437
28474,31.255259
28475,42.239475
28476,15.572575
28477,22.23324
28478,32.322475
28479,23.032606
28480,27.794497
28481,15.916732
28482,26.698053
28483,9.207266
28484,34.302483
28485,17.056393
28486,24.712402
28487,41.98046
28488,27.906193
28489,23.508108
28490,20.86124
28491,32.989666
28492,12.268955
28493,32.66289
28494,36.147667
28495,36.86869
28496,37.6999
28497,55.04807
28498,9.677862
28499,27.027542
28500,25.378183
28501,30.023062
28502,34.849136
28503,19.576454
28504,31.71191
28505,23.759336
28506,24.185965
28507,25.674284
28508,10.239998
28509,13.990629
28510,53.16058
28511,47.123665
28512,41.405254
28513,41.256874
28514,41.49184
28515,20.506268
28516,42.218597
28517,33.98046
28518,31.399174
28519,22.037188
28520,20.97743
28521,42.63689
28522,32.939003
28523,40.702507
28524,52.918606
28525,28.363287
28526,33.098644
28527,39.690628
28528,47.02567
28529,24.232086
28530,25.19134
28531,34.47865
28532,41.948208
28533,35.79878
28534,28.918991
28535,18.860947
28536,45.553677
28537,20.007196
28538,32.763016
28539,32.131664
28540,41.371193
28541,33.49691
28542,30.57353
28543,39.0709
28544,29.5127
28545,43.992535
28546,22.483746
28547,26.560495
28548,18.977518
28549,24.163849
28550,7.8539023
28551,25.760054
28552,24.412714
28553,40.481625
28554,32.683037
28555,16.124578
28556,11.892164
28557,22.032972
28558,24.690826
28559,30.80549
28560,25.08408
28561,18.793713
28562,18.04744
28563,32.49871
28564,31.497477
28565,45.248417
28566,27.70336
28567,21.371462
28568,43.74355
28569,44.320057
28570,51.17269
28571,42.151814
28572,65.11506
28573,43.579887
28574,44.569477
28575,54.442005
28576,44.9462
28577,51.73439
28578,72.886894
28579,37.379696
28580,50.560303
28581,42.079464
28582,32.913185
28583,41.094704
28584,39.38585
28585,52.090107
28586,39.655052
28587,32.319763
28588,44.46659
28589,46.690308
28590,42.73978
28591,63.021637
28592,42.25513
28593,33.222412
28594,46.832882
28595,52.834038
28596,46.581936
28597,34.53539
28598,37.54192
28599,41.95024
28600,38.954147
28601,55.405716
28602,33.236816
28603,42.891514
28604,39.229713
28605,42.469997
28606,37.25797
28607,41.632244
28608,34.452827
28609,49.096333
28610,56.91512
28611,40.578575
28612,44.990788
28613,60.261536
28614,40.85928
28615,46.9617
28616,43.36256
28617,52.68894
28618,51.81165
28619,29.041405
28620,85.36223
28621,60.114292
28622,47.37676
28623,47.766216
28624,59.35604
28625,47.409794
28626,48.7687
28627,36.98528
28628,66.93279
28629,47.159344
28630,47.19405
28631,42.236675
28632,42.90482
28633,35.949646
28634,36.647892
28635,41.38854
28636,54.094406
28637,36.74912
28638,41.79291
28639,38.64082
28640,40.024124
28641,43.545486
28642,32.21634
28643,43.636753
28644,54.677788
28645,48.288578
28646,42.304047
28647,41.041565
28648,28.236113
28649,75.35632
28650,59.01353
28651,58.59865
28652,75.87579
28653,40.04789
28654,43.761562
28655,49.92856
28656,43.59847
28657,45.827023
28658,65.93994
28659,60.345547
28660,64.343445
28661,38.055767
28662,64.316414
28663,48.486446
28664,19.02792
28665,52.31572
28666,38.468735
28667,36.386707
28668,39.306507
28669,54.28105
28670,56.257164
28671,31.529491
28672,36.646603
28673,41.690983
28674,35.93921
28675,37.643154
28676,44.91523
28677,39.795895
28678,38.302967
28679,51.850792
28680,48.7727
28681,34.686245
28682,37.08213
28683,34.57113
28684,45.97094
28685,45.085457
28686,32.76012
28687,44.81697
28688,33.663727
28689,43.001602
28690,37.580284
28691,43.51505
28692,33.86684
28693,40.043156
28694,43.000645
28695,40.18171
28696,52.803764
28697,41.069042
28698,36.138245
28699,35.30691
28700,38.402508
28701,40.35911
28702,55.470467
28703,36.891407
28704,34.63962
28705,39.91928
28706,46.357426
28707,38.508205
28708,38.33216
28709,39.11722
28710,56.07243
28711,39.018726
28712,40.527153
28713,48.484882
28714,54.08906
28715,38.929276
28716,32.14694
28717,40.753864
28718,22.539978
28719,6.9820375
28720,41.08435
28721,26.561916
28722,35.535328
28723,44.58537
28724,34.528526
28725,25.105986
28726,17.705137
28727,25.017431
28728,25.083538
28729,39.49729
28730,17.28986
28731,21.061174
28732,37.413475
28733,41.138367
28734,32.08891
28735,34.415672
28736,42.667446
28737,37.831264
28738,32.846027
28739,11.375826
28740,11.219039
28741,22.899412
28742,21.648561
28743,30.73335
28744,27.34882
28745,21.304321
28746,45.248417
28747,44.887173
28748,26.96309
28749,32.66289
28750,34.087814
28751,43.355278
28752,31.435078
28753,28.328787
28754,30.519968
28755,27.586472
28756,29.909595
28757,51.88006
28758,29.7777
28759,29.598196
28760,37.37644
28761,35.217964
28762,28.915796
28763,36.93574
28764,37.579723
28765,27.100134
28766,40.58441
28767,40.381027
28768,29.909525
28769,32.48681
28770,37.991474
28771,36.779648
28772,17.546385
28773,30.91128
28774,42.899017
28775,39.053513
28776,28.3115
28777,35.611553
28778,34.43985
28779,40.3307
28780,25.62068
28781,37.76492
28782,22.634592
28783,14.749675
28784,36.64111
28785,38.941483
28786,28.299585
28787,21.628996
28788,41.948208
28789,48.46504
28790,20.480804
28791,18.314709
28792,26.661661
28793,25.822266
28794,24.527647
28795,26.079138
28796,9.165544
28797,7.8539023
28798,35.28975
28799,23.000284
28800,30.750067
28801,24.042526
28802,40.089493
28803,37.551884
28804,77.91187
28805,92.12529
28806,58.27188
28807,56.411438
28808,48.322372
28809,65.66756
28810,48.49352
28811,32.983074
28812,60.643204
28813,82.08825
28814,51.227043
28815,55.09809
28816,55.455925
28817,54.27714
28818,61.005657
28819,48.621597
28820,48.02151
28821,56.230083
28822,57.728775
28823,49.367702
28824,41.94574
28825,59.677937
28826,49.3154
28827,55.62685
28828,55.76893
28829,37.818306
28830,47.657284
28831,43.077682
28832,35.82794
28833,60.36573
28834,56.951622
28835,59.32882
28836,33.841377
28837,49.13397
28838,65.11955
28839,52.148064
28840,72.856636
28841,47.171955
28842,41.50002
28843,67.729195
28844,46.259094
28845,44.978565
28846,85.04665
28847,47.602627
28848,55.529568
28849,57.061325
28850,48.39989
28851,49.456722
28852,58.798065
28853,52.572777
28854,61.633816
28855,39.011246
28856,42.564724
28857,33.764618
28858,59.552017
28859,46.186626
28860,54.22346
28861,48.682602
28862,42.491436
28863,66.40091
28864,43.99777
28865,40.135216
28866,47.535835
28867,42.27468
28868,50.556656
28869,37.609764
28870,45.984562
28871,30.88253
28872,50.29635
28873,31.921913
28874,35.501198
28875,36.010017
28876,45.71484
28877,52.362442
28878,40.265965
28879,36.17674
28880,40.420033
28881,50.357376
28882,49.47977
28883,45.95969
28884,51.3113
28885,35.691757
28886,35.797123
28887,43.459297
28888,32.335438
28889,36.697594
28890,61.359238
28891,35.543247
28892,34.21792
28893,36.875374
28894,32.580505
28895,37.327118
28896,51.755554
28897,40.828
28898,56.477184
28899,47.98893
28900,41.502235
28901,49.178337
28902,32.113766
28903,47.714706
28904,40.210266
28905,36.493523
28906,56.576794
28907,67.98102
28908,45.24059
28909,49.140438
28910,48.90976
28911,47.43781
28912,62.901882
28913,40.340816
28914,42.824825
28915,42.246616
28916,48.69998
28917,45.885033
28918,54.022182
28919,44.71754
28920,33.69549
28921,20.055527
28922,53.80663
28923,40.67687
28924,45.10636
28925,33.732803
28926,47.008698
28927,53.391243
28928,42.76157
28929,37.135166
28930,38.300705
28931,35.43041
28932,48.777706
28933,54.367958
28934,37.23517
28935,43.013145
28936,50.990063
28937,54.874187
28938,39.21078
28939,43.152058
28940,39.502243
28941,47.759075
28942,36.394295
28943,35.624393
28944,39.595387
28945,56.84426
28946,57.502068
28947,38.256363
28948,40.147175
28949,34.823566
28950,44.817234
28951,41.204136
28952,47.42657
28953,46.961033
28954,43.394848
28955,29.66562
28956,33.132015
28957,41.36867
28958,48.293053
28959,38.978416
28960,54.29397
28961,40.93905
28962,30.705309
28963,34.616997
28964,61.2656
28965,38.55386
28966,54.797302
28967,43.856495
28968,55.500378
28969,55.23209
28970,7.008656
28971,54.343662
28972,37.2712
28973,36.68441
28974,23.0528
28975,47.42001
28976,63.343304
28977,47.866352
28978,58.06144
28979,41.165874
28980,57.771957
28981,59.207684
28982,38.548626
28983,30.592634
28984,37.59081
28985,35.414017
28986,39.11487
28987,36.21693
28988,46.25268
28989,33.216602
28990,48.33871
28991,32.187614
28992,35.544544
28993,37.92692
28994,33.875908
28995,37.054615
28996,28.391838
28997,47.188316
28998,34.246567
28999,36.471848
29000,38.56976
29001,40.046677
29002,37.55675
29003,46.911835
29004,39.106304
29005,34.723473
29006,41.192688
29007,41.689552
29008,34.881195
29009,33.07934
29010,42.728825
29011,31.598238
29012,36.818405
29013,37.563534
29014,37.67248
29015,39.69124
29016,34.14978
29017,36.17728
29018,41.098232
29019,37.397903
29020,41.638596
29021,32.07117
29022,33.039513
29023,36.55476
29024,37.144005
29025,32.06588
29026,42.23736
29027,37.162655
29028,34.627274
29029,43.73662
29030,33.748344
29031,48.80424
29032,45.91119
29033,22.224833
29034,20.949871
29035,22.909323
29036,42.27554
29037,32.562977
29038,46.640556
29039,33.453617
29040,46.06436
29041,41.838573
29042,37.356613
29043,44.99612
29044,26.903465
29045,30.206
29046,36.812874
29047,40.90753
29048,37.841663
29049,40.526608
29050,32.34586
29051,43.459656
29052,41.31367
29053,28.3115
29054,14.609964
29055,35.78017
29056,33.38004
29057,20.564499
29058,50.451168
29059,21.569698
29060,16.307785
29061,25.91817
29062,20.715721
29063,16.453465
29064,40.253532
29065,19.313917
29066,15.090677
29067,42.86087
29068,32.49678
29069,23.377369
29070,17.65299
29071,19.277515
29072,18.82777
29073,21.81578
29074,34.21332
29075,13.158776
29076,24.070534
29077,29.460836
29078,27.377237
29079,24.833569
29080,17.28986
29081,32.344265
29082,11.057697
29083,26.60661
29084,17.725273
29085,27.088638
29086,8.545062
29087,32.64157
29088,18.682293
29089,31.354015
29090,32.23553
29091,29.123934
29092,28.178202
29093,50.463245
29094,27.134336
29095,39.55792
29096,32.652184
29097,20.955944
29098,32.014034
29099,23.775335
29100,25.744507
29101,24.638874
29102,25.174412
29103,7.842572
29104,24.055063
29105,17.729198
29106,16.116268
29107,20.963617
29108,9.094927
29109,19.37864
29110,11.809829
29111,13.904891
29112,31.710436
29113,22.835854
29114,24.652948
29115,16.847038
29116,34.67269
29117,22.8095
29118,27.370342
29119,12.571708
29120,27.713839
29121,23.424786
29122,17.414225
29123,30.268282
29124,34.8029
29125,20.497087
29126,24.179657
29127,44.186096
29128,36.806973
29129,43.39695
29130,41.21447
29131,38.337063
29132,52.66149
29133,44.85915
29134,43.96896
29135,33.43898
29136,50.18003
29137,48.014862
29138,41.32812
29139,43.14428
29140,41.392437
29141,34.985863
29142,47.946163
29143,48.98113
29144,84.05983
29145,49.826923
29146,39.71338
29147,48.95545
29148,50.822327
29149,53.597942
29150,42.8552
29151,57.084114
29152,42.189877
29153,50.242188
29154,51.51073
29155,45.978893
29156,47.682125
29157,44.239708
29158,43.285038
29159,56.299477
29160,48.481483
29161,36.74396
29162,41.761406
29163,54.248543
29164,55.17283
29165,50.114056
29166,52.39764
29167,39.1168
29168,55.496914
29169,45.164234
29170,47.882725
29171,54.240734
29172,49.212067
29173,30.74221
29174,25.71711
29175,37.24302
29176,43.589134
29177,38.991768
29178,33.922546
29179,50.96974
29180,48.952374
29181,38.607883
29182,61.96021
29183,42.212547
29184,35.001713
29185,49.087193
29186,47.016064
29187,33.852562
29188,37.90775
29189,36.939568
29190,45.616318
29191,48.42495
29192,39.91467
29193,40.25808
29194,41.961216
29195,38.274475
29196,28.894464
29197,25.64506
29198,68.15991
29199,39.202435
29200,38.57556
29201,29.052385
29202,39.12667
29203,34.492203
29204,36.664963
29205,37.954678
29206,42.135952
29207,32.06588
29208,39.580482
29209,38.631573
29210,17.659054
29211,43.287804
29212,35.998665
29213,38.35062
29214,37.73168
29215,51.20079
29216,50.563282
29217,32.087173
29218,41.22353
29219,42.705647
29220,38.715878
29221,42.82372
29222,52.25135
29223,45.45707
29224,36.957027
29225,41.90656
29226,43.865482
29227,33.03975
29228,30.375778
29229,45.01413
29230,58.43544
29231,47.953922
29232,43.097218
29233,28.136871
29234,40.68599
29235,41.65638
29236,43.17176
29237,44.26946
29238,24.05978
29239,52.866405
29240,42.312
29241,43.918667
29242,43.33675
29243,30.440668
29244,38.615414
29245,42.397114
29246,41.079575
29247,33.731216
29248,29.901026
29249,48.18961
29250,38.169212
29251,32.653206
29252,18.035152
29253,27.798777
29254,40.189503
29255,36.488483
29256,37.09406
29257,36.131645
29258,38.36272
29259,36.37571
29260,39.501785
29261,58.35217
29262,39.95582
29263,32.335438
29264,42.44972
29265,48.72931
29266,43.971416
29267,31.3271
29268,41.5572
29269,40.9196
29270,48.358334
29271,44.655724
29272,45.751114
29273,42.54729
29274,56.25387
29275,48.412018
29276,41.968815
29277,40.90207
29278,43.752327
29279,43.65199
29280,45.22251
29281,38.381702
29282,34.545803
29283,29.653059
29284,21.006662
29285,44.875736
29286,28.718327
29287,36.31663
29288,50.1051
29289,42.301296
29290,22.594328
29291,24.688099
29292,22.744379
29293,24.106607
29294,42.4642
29295,57.15697
29296,23.005083
29297,49.074257
29298,41.49184
29299,43.23815
29300,37.32152
29301,29.7777
29302,74.604935
29303,40.521374
29304,40.924507
29305,51.02497
29306,49.636993
29307,59.76616
29308,63.18787
29309,39.64442
29310,52.918606
29311,44.983376
29312,38.150234
29313,50.912758
29314,34.46907
29315,20.55501
29316,35.535328
29317,30.28418
29318,58.395008
29319,45.34575
29320,45.615093
29321,45.923252
29322,35.651947
29323,35.179863
29324,15.825143
29325,19.153095
29326,36.607067
29327,51.842274
29328,30.339575
29329,45.105644
29330,26.587076
29331,37.208477
29332,37.726135
29333,39.676315
29334,66.07758
29335,35.68019
29336,45.61503
29337,28.892641
29338,31.760944
29339,36.98519
29340,22.629896
29341,33.385674
29342,42.978046
29343,38.11965
29344,36.91052
29345,36.953796
29346,33.195477
29347,27.538818
29348,27.003061
29349,17.364058
29350,44.023792
29351,36.65305
29352,41.70018
29353,25.22582
29354,49.717236
29355,45.85753
29356,41.987568
29357,40.14098
29358,42.311672
29359,34.304665
29360,34.270844
29361,28.838507
29362,38.773804
29363,42.63622
29364,38.875103
29365,33.377308
29366,35.73269
29367,38.328594
29368,27.95568
29369,25.385609
29370,24.452454
29371,45.647804
29372,31.497889
29373,35.27608
29374,30.951498
29375,40.060146
29376,34.918137
29377,12.080393
29378,41.033886
29379,42.08916
29380,31.912123
29381,39.976173
29382,34.187084
29383,26.135426
29384,18.681606
29385,25.840332
29386,34.42025
29387,32.444736
29388,25.955397
29389,39.87032
29390,36.01883
29391,23.531696
29392,21.432055
29393,44.806618
29394,35.328846
29395,42.45568
29396,35.405502
29397,18.860947
29398,25.574892
29399,21.141747
29400,29.868036
29401,36.23194
29402,36.639126
29403,30.753086
29404,34.53493
29405,12.9619055
29406,27.801224
29407,29.50221
29408,13.120342
29409,34.29318
29410,37.440514
29411,12.192146
29412,20.83903
29413,23.70622
29414,50.54889
29415,24.606674
29416,26.429792
29417,42.487198
29418,38.389202
29419,45.661892
29420,38.206837
29421,40.730366
29422,48.56239
29423,47.92923
29424,50.95645
29425,31.688513
29426,57.231113
29427,36.42539
29428,38.904007
29429,45.02591
29430,41.005024
29431,51.396923
29432,38.1034
29433,40.116886
29434,57.797367
29435,31.112125
29436,56.051098
29437,44.43766
29438,39.206318
29439,53.90261
29440,55.21442
29441,39.188385
29442,54.231487
29443,45.486042
29444,55.02764
29445,36.20616
29446,56.34246
29447,40.099327
29448,42.324356
29449,34.88821
29450,55.66235
29451,41.69824
29452,33.805542
29453,51.445713
29454,39.012527
29455,34.956028
29456,34.608578
29457,44.97658
29458,41.710278
29459,34.81297
29460,56.882774
29461,42.350163
29462,35.412594
29463,41.264603
29464,40.289925
29465,45.750965
29466,52.334667
29467,55.658577
29468,46.676563
29469,36.29808
29470,42.236378
29471,44.484985
29472,35.62472
29473,48.440456
29474,35.46236
29475,39.18275
29476,36.356426
29477,34.490524
29478,36.602333
29479,53.72955
29480,53.066536
29481,45.820423
29482,35.593132
29483,56.156746
29484,40.817825
29485,36.82262
29486,29.765512
29487,48.347736
29488,52.004593
29489,50.218575
29490,41.907104
29491,44.62389
29492,45.620583
29493,35.33212
29494,40.484516
29495,46.581936
29496,48.93506
29497,59.280247
29498,60.5562
29499,32.60869
29500,42.584316
29501,42.10679
29502,49.806602
29503,31.980423
29504,34.717636
29505,39.916656
29506,30.962395
29507,44.85192
29508,69.72301
29509,69.39253
29510,42.70166
29511,36.3962
29512,51.660934
29513,44.595875
29514,47.751637
29515,78.1019
29516,42.978046
29517,39.834568
29518,45.233624
29519,37.84611
29520,33.793488
29521,13.569573
29522,35.100006
29523,49.812477
29524,18.956758
29525,42.747543
29526,33.984444
29527,34.686146
29528,23.168074
29529,16.972403
29530,29.64731
29531,24.761591
29532,33.96714
29533,36.69119
29534,39.44668
29535,31.945204
29536,64.14825
29537,31.333582
29538,39.705063
29539,42.079845
29540,41.31101
29541,40.695976
29542,58.363304
29543,35.66195
29544,41.715008
29545,35.58619
29546,38.454723
29547,35.73269
29548,53.78767
29549,31.68565
29550,33.569424
29551,34.76138
29552,78.1478
29553,38.415718
29554,48.46725
29555,39.280746
29556,34.515182
29557,33.672573
29558,40.47868
29559,45.051468
29560,36.358128
29561,46.849365
29562,38.968067
29563,22.835854
29564,39.200233
29565,47.926395
29566,21.46879
29567,62.77627
29568,29.928865
29569,47.75491
29570,37.07038
29571,36.86231
29572,34.924843
29573,31.28197
29574,25.266817
29575,23.345453
29576,37.467445
29577,31.395094
29578,37.744144
29579,36.747578
29580,33.182644
29581,48.19341
29582,40.41096
29583,34.84331
29584,38.94441
29585,29.312214
29586,46.302612
29587,30.97787
29588,42.664246
29589,41.077087
29590,35.4057
29591,26.180658
29592,29.31081
29593,33.177925
29594,36.76542
29595,47.19925
29596,29.59635
29597,15.274378
29598,41.02095
29599,44.023792
29600,51.981842
29601,35.4267
29602,41.03766
29603,25.382702
29604,29.980774
29605,57.029953
29606,37.15598
29607,65.66756
29608,49.696163
29609,56.74562
29610,48.7687
29611,65.93994
29612,46.9986
29613,77.91187
29614,46.4041
29615,40.531418
29616,38.639683
29617,38.184467
29618,36.806973
29619,33.895443
29620,72.5646
29621,41.318657
29622,59.763298
29623,52.734295
29624,38.265934
29625,53.73883
29626,40.415985
29627,49.153652
29628,37.77534
29629,71.56977
29630,49.06019
29631,67.98102
29632,57.11195
29633,47.02168
29634,44.594032
29635,55.09809
29636,43.919518
29637,48.58742
29638,47.94198
29639,67.26498
29640,40.799335
29641,71.724525
29642,85.04665
29643,50.46782
29644,41.594654
29645,80.50972
29646,55.184162
29647,55.455925
29648,48.178524
29649,85.36223
29650,57.084114
29651,73.21014
29652,48.98113
29653,36.88362
29654,65.105995
29655,44.138084
29656,50.340878
29657,44.20189
29658,56.032578
29659,43.339607
29660,52.17619
29661,40.010914
29662,52.10094
29663,47.908546
29664,41.00631
29665,38.302967
29666,64.343445
29667,39.09662
29668,51.29142
29669,59.841885
29670,51.935497
29671,43.876244
29672,50.226006
29673,54.083473
29674,61.683933
29675,50.96974
29676,62.222343
29677,59.552017
29678,63.958984
29679,52.404335
29680,60.2807
29681,54.33925
29682,58.8286
29683,61.96021
29684,62.22777
29685,61.413216
29686,51.917274
29687,43.11921
29688,56.593407
29689,45.899
29690,40.713127
29691,40.732765
29692,51.18967
29693,61.0593
29694,44.16965
29695,34.34906
29696,39.817654
29697,44.313328
29698,53.528336
29699,56.537125
29700,35.17379
29701,64.187515
29702,50.074978
29703,43.3953
29704,43.282585
29705,48.684788
29706,40.92621
29707,48.55362
29708,41.578884
29709,45.90342
29710,44.87145
29711,47.47498
29712,43.932213
29713,41.777245
29714,38.541195
29715,42.116528
29716,45.482433
29717,39.846405
29718,52.281876
29719,48.89903
29720,46.78821
29721,34.72937
29722,30.294027
29723,52.95697
29724,51.076775
29725,48.71641
29726,43.665283
29727,29.354786
29728,41.151005
29729,40.40987
29730,43.904427
29731,52.593117
29732,45.732872
29733,47.99184
29734,41.328976
29735,31.205969
29736,30.728611
29737,41.076813
29738,43.23149
29739,46.494698
29740,47.212994
29741,51.418262
29742,42.85006
29743,44.187485
29744,41.96841
29745,33.9641
29746,30.140894
29747,38.28522
29748,42.67583
29749,50.639694
29750,45.950413
29751,51.55672
29752,50.232365
29753,29.024563
29754,47.235268
29755,46.50456
29756,39.064568
29757,31.75262
29758,44.559986
29759,54.211563
29760,47.986652
29761,52.247948
29762,55.044495
29763,48.6296
29764,52.04999
29765,36.16355
29766,57.72144
29767,37.585308
29768,47.999077
29769,35.327187
29770,43.74038
29771,31.105225
29772,41.82432
29773,41.21221
29774,38.264034
29775,70.64655
29776,49.90686
29777,42.10451
29778,35.44288
29779,43.905186
29780,72.16098
29781,43.30914
29782,33.785564
29783,44.888885
29784,54.729588
29785,66.292145
29786,35.317173
29787,36.183704
29788,57.342583
29789,43.50513
29790,46.591152
29791,41.13216
29792,44.09334
29793,33.663727
29794,52.243958
29795,49.44712
29796,48.249794
29797,51.415607
29798,83.026436
29799,46.196205
29800,45.713367
29801,39.287815
29802,34.177376
29803,46.61549
29804,58.604294
29805,33.19472
29806,42.225956
29807,45.97094
29808,39.795895
29809,35.045425
29810,29.909595
29811,37.72607
29812,41.29647
29813,46.933487
29814,49.212067
29815,55.027546
29816,60.624397
29817,42.891514
29818,47.27911
29819,60.32744
29820,42.712296
29821,54.401318
29822,44.30767
29823,52.56259
29824,66.9356
29825,38.265644
29826,62.34164
29827,30.286522
29828,21.759237
29829,42.23736
29830,31.796062
29831,58.671383
29832,37.643154
29833,38.508205
29834,46.114437
29835,49.032055
29836,54.28105
29837,36.99223
29838,56.325184
29839,49.647026
29840,44.400757
29841,44.386406
29842,52.76369
29843,48.01248
29844,46.61347
29845,39.10295
29846,56.720352
29847,55.37492
29848,44.75249
29849,46.59105
29850,47.84854
29851,44.757183
29852,44.261852
29853,50.378242
29854,48.17127
29855,32.459187
29856,56.34301
29857,54.587868
29858,39.39248
29859,40.500065
29860,45.525738
29861,33.834282
29862,48.681343
29863,40.887344
29864,40.907562
29865,37.513546
29866,45.038918
29867,37.086605
29868,34.46751
29869,42.79373
29870,44.971268
29871,36.5907
29872,47.390266
29873,53.861416
29874,39.060894
29875,36.687817
29876,52.392345
29877,52.36896
29878,33.649834
29879,46.147408
29880,47.477028
29881,39.794388
29882,44.78925
29883,45.020634
29884,37.73168
29885,51.931103
29886,31.353828
29887,36.82081
29888,42.464115
29889,36.083298
29890,54.4108
29891,41.82459
29892,46.351692
29893,58.90091
29894,49.52356
29895,40.706055
29896,53.65408
29897,40.780933
29898,42.82302
29899,37.891434
29900,41.12918
29901,39.224796
29902,36.37899
29903,40.706757
29904,48.227646
29905,46.902412
29906,50.900875
29907,54.6599
29908,58.060818
29909,34.76518
29910,33.993095
29911,44.88819
29912,38.65249
29913,43.258453
29914,44.741707
29915,48.64466
29916,46.19213
29917,43.170376
29918,50.084442
29919,51.37869
29920,46.095783
29921,42.19665
29922,47.379936
29923,56.585384
29924,39.72658
29925,35.83321
29926,40.950035
29927,41.61694
29928,47.133633
29929,45.50195
29930,42.726276
29931,44.22653
29932,56.421726
29933,44.262394
29934,40.518425
29935,33.99187
29936,46.336037
29937,31.149988
29938,45.978004
29939,43.90058
29940,48.347973
29941,66.4242
29942,42.812065
29943,53.84364
29944,50.77035
29945,53.539566
29946,41.968815
29947,60.61869
29948,43.955036
29949,50.407364
29950,72.856636
29951,48.157715
29952,41.32812
29953,42.824825
29954,42.32391
29955,46.948135
29956,50.114056
29957,84.05983
29958,25.71711
29959,58.140312
29960,36.697594
29961,48.178844
29962,45.983734
29963,33.877884
29964,62.38494
29965,57.645596
29966,32.620594
29967,47.074566
29968,37.88689
29969,39.49856
29970,45.193184
29971,50.44464
29972,39.014503
29973,27.04993
29974,46.156742
29975,43.074127
29976,78.005
29977,40.7503
29978,58.86028
29979,38.0862
29980,59.35604
29981,45.344746
29982,43.0879
29983,39.625248
29984,39.632374
29985,59.666668
29986,37.875057
29987,52.15119
29988,64.801674
29989,43.460526
29990,50.908714
29991,41.645325
29992,52.68894
29993,43.96896
29994,45.24059
29995,72.08839
29996,46.58125
29997,34.948845
29998,46.259365
29999,52.82212
30000,39.126392
30001,52.44628
30002,50.306236
30003,56.755936
30004,42.16061
30005,41.389618
30006,34.375423
30007,65.4636
30008,44.36342
30009,65.32071
30010,46.331528
30011,60.026623
30012,64.16291
30013,58.128323
30014,43.894604
30015,32.288315
30016,44.16132
30017,36.08664
30018,37.87472
30019,48.095245
30020,49.27107
30021,57.86083
30022,51.624237
30023,61.844162
30024,53.64459
30025,49.503345
30026,36.788345
30027,50.301975
30028,52.090397
30029,55.025524
30030,61.718452
30031,48.931236
30032,43.759827
30033,52.0289
30034,67.370316
30035,44.772896
30036,42.30559
30037,41.863758
30038,55.293045
30039,46.32333
30040,38.41458
30041,73.40767
30042,69.772675
30043,48.143185
30044,51.486885
30045,53.16952
30046,43.558155
30047,42.779346
30048,52.680256
30049,42.78647
30050,51.755966
30051,54.489037
30052,71.9162
30053,41.970367
30054,55.965458
30055,37.251423
30056,47.432858
30057,66.30855
30058,45.08888
30059,46.367393
30060,44.88388
30061,32.39471
30062,73.61705
30063,60.858368
30064,37.764133
30065,38.3768
30066,55.442307
30067,66.05236
30068,51.563454
30069,39.688652
30070,48.8224
30071,54.18996
30072,57.219368
30073,60.729298
30074,49.32329
30075,68.637276
30076,70.8606
30077,66.50455
30078,42.96029
30079,42.536293
30080,31.753082
30081,50.700905
30082,43.62703
30083,47.785732
30084,31.090595
30085,51.122005
30086,38.840183
30087,42.75525
30088,69.126274
30089,39.574528
30090,63.698917
30091,56.925808
30092,59.948814
30093,41.721397
30094,38.22946
30095,67.01587
30096,53.520515
30097,66.65088
30098,37.018253
30099,39.14137
30100,38.779743
30101,31.333551
30102,24.537535
30103,42.051987
30104,22.766144
30105,49.012566
30106,31.031958
30107,40.596733
30108,35.971046
30109,39.36239
30110,45.63709
30111,48.748127
30112,35.73193
30113,40.818153
30114,31.179552
30115,13.103572
30116,39.22703
30117,36.797897
30118,14.818744
30119,30.404509
30120,39.772385
30121,25.98333
30122,33.892296
30123,38.225277
30124,37.353146
30125,45.79638
30126,33.461636
30127,34.33138
30128,27.238989
30129,45.057194
30130,45.85413
30131,27.545584
30132,30.959223
30133,37.12971
30134,40.123108
30135,31.115364
30136,33.507412
30137,33.82329
30138,41.1253
30139,35.031128
30140,43.441357
30141,38.95418
30142,34.374317
30143,41.275875
30144,43.344234
30145,30.28618
30146,35.882412
30147,34.68118
30148,38.585392
30149,50.390995
30150,38.68061
30151,41.53202
30152,43.883984
30153,34.982388
30154,36.88771
30155,37.70603
30156,34.331852
30157,33.200317
30158,47.235268
30159,45.36601
30160,29.21274
30161,15.278569
30162,16.78899
30163,31.197624
30164,41.568157
30165,29.1726
30166,48.23211
30167,47.97355
30168,53.579803
30169,42.7888
30170,34.7957
30171,46.82593
30172,37.45818
30173,35.04161
30174,26.625195
30175,46.216583
30176,48.631237
30177,42.23068
30178,46.3311
30179,36.19777
30180,11.466657
30181,34.897705
30182,51.51621
30183,46.368515
30184,41.42645
30185,26.72963
30186,49.736702
30187,32.37369
30188,26.060944
30189,46.77389
30190,24.351046
30191,50.8336
30192,41.181652
30193,51.409782
30194,44.427464
30195,44.730404
30196,68.381096
30197,95.302826
30198,88.542595
30199,92.47072
30200,49.56265
30201,96.80972
30202,73.07528
30203,95.69015
30204,94.35181
30205,51.528145
30206,93.2533
30207,96.31235
30208,41.087902
30209,88.449585
30210,95.57793
30211,31.674501
30212,83.92002
30213,34.48262
30214,80.212845
30215,89.492516
30216,87.3882
30217,29.126787
30218,87.60816
30219,86.27824
30220,54.054585
30221,88.87938
30222,55.83452
30223,92.81213
30224,30.79199
30225,82.994675
30226,88.07661
30227,50.633286
30228,30.790485
30229,90.20659
30230,46.58777
30231,90.39565
30232,82.8024
30233,36.306297
30234,75.228455
30235,83.0589
30236,32.312286
30237,92.12529
30238,49.888317
30239,77.94512
30240,33.825165
30241,87.387695
30242,86.13774
30243,27.527292
30244,92.97499
30245,83.80071
30246,26.468386
30247,87.1919
30248,88.85826
30249,53.64352
30250,86.64978
30251,41.01088
30252,77.33232
30253,89.3021
30254,42.707222
30255,87.525635
30256,83.21597
30257,34.731903
30258,80.23493
30259,89.55085
30260,39.58473
30261,84.01493
30262,84.165146
30263,48.523037
30264,83.214386
30265,86.84168
30266,43.609932
30267,40.96556
30268,86.182915
30269,32.89046
30270,83.09099
30271,45.563778
30272,34.10301
30273,70.3776
30274,69.08411
30275,36.510876
30276,60.24921
30277,64.137596
30278,34.870605
30279,58.096058
30280,45.50956
30281,61.154724
30282,80.0728
30283,47.877262
30284,55.587517
30285,56.371876
30286,38.03132
30287,71.639885
30288,77.94512
30289,36.637302
30290,63.048565
30291,62.444485
30292,67.56188
30293,47.824318
30294,44.48985
30295,59.84237
30296,53.493893
30297,75.87579
30298,62.012257
30299,57.289585
30300,71.84417
30301,48.76163
30302,39.186752
30303,51.78779
30304,69.50422
30305,39.95658
30306,47.07779
30307,81.379616
30308,73.34534
30309,50.03233
30310,63.350742
30311,55.07533
30312,52.167507
30313,83.63827
30314,55.110657
30315,40.14532
30316,44.32846
30317,48.176697
30318,58.338326
30319,51.43273
30320,56.087204
30321,61.72511
30322,83.387245
30323,56.471012
30324,50.293533
30325,57.746265
30326,51.440094
30327,43.611324
30328,42.003757
30329,61.76681
30330,44.792004
30331,62.626904
30332,42.255882
30333,53.249435
30334,50.647453
30335,65.129036
30336,40.4148
30337,88.027466
30338,55.021225
30339,43.725826
30340,48.059593
30341,41.159237
30342,50.1032
30343,42.284084
30344,54.83095
30345,60.46012
30346,38.587883
30347,41.967484
30348,56.524086
30349,62.346504
30350,57.00533
30351,53.397415
30352,42.724575
30353,33.88741
30354,51.47387
30355,55.79516
30356,46.53112
30357,59.66508
30358,48.24417
30359,50.92818
30360,44.500565
30361,54.23158
30362,44.06079
30363,69.76181
30364,68.06299
30365,61.833523
30366,60.745018
30367,50.374348
30368,49.959637
30369,80.96445
30370,44.13471
30371,70.736855
30372,43.92217
30373,38.012127
30374,41.058487
30375,60.02603
30376,41.570328
30377,35.4306
30378,84.88417
30379,54.467888
30380,70.810425
30381,71.446945
30382,37.665234
30383,42.80617
30384,52.734913
30385,66.73179
30386,82.05292
30387,88.22485
30388,90.56542
30389,64.72838
30390,88.449585
30391,41.48667
30392,73.07528
30393,54.356266
30394,61.44476
30395,80.00685
30396,73.96341
30397,36.631657
30398,67.110535
30399,79.22256
30400,52.78799
30401,53.318268
30402,65.75036
30403,55.858658
30404,41.907234
30405,47.058266
30406,79.47388
30407,77.77012
30408,57.164993
30409,65.82484
30410,63.84424
30411,44.939716
30412,53.30894
30413,39.9829
30414,72.86262
30415,63.31968
30416,58.78705
30417,66.65088
30418,79.0902
30419,73.05018
30420,67.920654
30421,41.505184
30422,46.98403
30423,89.16359
30424,51.087788
30425,52.759335
30426,44.97847
30427,68.15991
30428,83.80071
30429,56.22958
30430,49.27448
30431,46.035393
30432,63.19283
30433,41.350334
30434,38.667522
30435,58.553936
30436,62.89268
30437,56.038036
30438,66.84255
30439,67.94124
30440,53.57808
30441,51.122005
30442,68.68966
30443,61.62693
30444,68.462814
30445,64.52214
30446,65.91171
30447,69.126274
30448,72.0397
30449,69.91544
30450,80.13363
30451,67.97991
30452,57.843094
30453,46.03946
30454,66.24976
30455,38.765114
30456,68.44947
30457,50.328598
30458,39.688652
30459,50.11096
30460,59.739307
30461,75.68184
30462,56.683956
30463,70.072464
30464,57.058727
30465,49.561
30466,57.219368
30467,40.268272
30468,75.92844
30469,44.846886
30470,69.33386
30471,41.96381
30472,40.729496
30473,54.50797
30474,57.056896
30475,36.28179
30476,34.28996
30477,58.677284
30478,42.703156
30479,51.444923
30480,45.653183
30481,29.05795
30482,41.73797
30483,46.848934
30484,55.585938
30485,49.63711
30486,56.676697
30487,48.312397
30488,42.890266
30489,43.39018
30490,47.073784
30491,40.680454
30492,42.49725
30493,51.24473
30494,36.719982
30495,45.548374
30496,33.911304
30497,47.05555
30498,38.28342
30499,34.781693
30500,44.8981
30501,50.131107
30502,56.471806
30503,36.234528
30504,51.57496
30505,50.346794
30506,44.68747
30507,47.91675
30508,47.846325
30509,51.019814
30510,44.70538
30511,55.146313
30512,51.817867
30513,49.396423
30514,55.971367
30515,55.54586
30516,40.80027
30517,46.89338
30518,36.348396
30519,36.1942
30520,48.414703
30521,49.28019
30522,59.677937
30523,50.976192
30524,44.020897
30525,48.081238
30526,41.30165
30527,39.383587
30528,46.35651
30529,48.108616
30530,78.572075
30531,43.49468
30532,43.3877
30533,49.817245
30534,53.136677
30535,63.794968
30536,48.769993
30537,55.82657
30538,48.44764
30539,61.05463
30540,52.122116
30541,45.938534
30542,58.874485
30543,56.059357
30544,55.438854
30545,42.000626
30546,52.894386
30547,49.94342
30548,44.18475
30549,54.144768
30550,44.90687
30551,52.362255
30552,41.430496
30553,56.251045
30554,44.92039
30555,38.840725
30556,49.873623
30557,51.64662
30558,46.200436
30559,57.355026
30560,53.90282
30561,54.273132
30562,51.755577
30563,44.513973
30564,44.930305
30565,43.08771
30566,44.184395
30567,45.834816
30568,41.545727
30569,45.813377
30570,38.17567
30571,47.03346
30572,58.198643
30573,44.596252
30574,42.681553
30575,53.375732
30576,46.053265
30577,46.2397
30578,51.3641
30579,41.735443
30580,41.202133
30581,54.654663
30582,41.2717
30583,41.28625
30584,49.701313
30585,44.67466
30586,34.90964
30587,35.84678
30588,45.36695
30589,38.049362
30590,49.354385
30591,60.773636
30592,37.915096
30593,38.911674
30594,45.159275
30595,49.348087
30596,37.03097
30597,43.116615
30598,36.9282
30599,44.586735
30600,36.170853
30601,42.578888
30602,49.10538
30603,43.04246
30604,47.56961
30605,42.751873
30606,46.818832
30607,39.40376
30608,40.21425
30609,42.447723
30610,45.060642
30611,63.94947
30612,36.242035
30613,44.802155
30614,42.962025
30615,47.724464
30616,35.49845
30617,43.292404
30618,50.958458
30619,41.20846
30620,59.71274
30621,34.79959
30622,63.673325
30623,37.88677
30624,67.80676
30625,47.254025
30626,64.02952
30627,45.866096
30628,75.27478
30629,81.04999
30630,44.487835
30631,47.52312
30632,65.348
30633,59.42216
30634,63.50905
30635,60.61546
30636,67.56048
30637,69.93181
30638,64.88497
30639,65.03436
30640,55.09041
30641,58.958984
30642,47.99202
30643,46.59577
30644,45.405563
30645,55.602116
30646,38.150234
30647,66.21869
30648,64.09731
30649,48.969402
30650,55.127243
30651,37.985325
30652,51.189987
30653,68.57413
30654,62.304523
30655,27.614305
30656,66.8572
30657,72.08225
30658,49.36049
30659,77.00989
30660,40.287
30661,60.677933
30662,63.85371
30663,46.13206
30664,45.512905
30665,42.587624
30666,54.454147
30667,44.37247
30668,65.386284
30669,60.70992
30670,49.737976
30671,52.952892
30672,74.41928
30673,69.48277
30674,32.646954
30675,54.60483
30676,67.50842
30677,46.11322
30678,66.07758
30679,59.809513
30680,73.05164
30681,75.721664
30682,73.95277
30683,46.248734
30684,60.04676
30685,51.322826
30686,42.524166
30687,70.44047
30688,49.545246
30689,42.21538
30690,21.363253
30691,63.991177
30692,43.21345
30693,30.345615
30694,18.0387
30695,49.895607
30696,47.510925
30697,37.243484
30698,52.25212
30699,46.63953
30700,65.2467
30701,47.365494
30702,47.707623
30703,44.58975
30704,38.995968
30705,52.815674
30706,42.79527
30707,41.482746
30708,43.995224
30709,69.48792
30710,46.447987
30711,29.276863
30712,46.39706
30713,53.07532
30714,58.750027
30715,61.956635
30716,29.052385
30717,48.55384
30718,55.96705
30719,41.521656
30720,33.374397
30721,46.18204
30722,48.08678
30723,58.62327
30724,61.112907
30725,40.832115
30726,42.284958
30727,40.13891
30728,48.90653
30729,33.994267
30730,59.891373
30731,43.74254
30732,40.39989
30733,30.083479
30734,36.770092
30735,51.274197
30736,70.24608
30737,35.77401
30738,37.121803
30739,40.890553
30740,52.331078
30741,48.670948
30742,36.82176
30743,47.902252
30744,59.83341
30745,42.822144
30746,49.129597
30747,45.79499
30748,42.557663
30749,67.27267
30750,43.17154
30751,57.08581
30752,34.57739
30753,49.039288
30754,42.834156
30755,43.516357
30756,45.703236
30757,53.72999
30758,51.02497
30759,41.824093
30760,19.632597
30761,54.281796
30762,45.68328
30763,48.619606
30764,46.538925
30765,44.848587
30766,49.13885
30767,35.84773
30768,58.570385
30769,49.392628
30770,53.20622
30771,50.701786
30772,51.58712
30773,38.18301
30774,31.728615
30775,35.2497
30776,56.6123
30777,72.23284
30778,46.11824
30779,55.333057
30780,50.831074
30781,60.410137
30782,39.10674
30783,45.868423
30784,61.094837
30785,35.22109
30786,53.625607
30787,31.6525
30788,43.82138
30789,32.636005
30790,46.735252
30791,60.241055
30792,52.80205
30793,48.610027
30794,70.36181
30795,55.640884
30796,36.846214
30797,40.365494
30798,38.39221
30799,51.994007
30800,49.44712
30801,39.4148
30802,51.116474
30803,59.176785
30804,48.090954
30805,30.81768
30806,39.02274
30807,55.782898
30808,28.926891
30809,43.080322
30810,37.086754
30811,47.187157
30812,34.780136
30813,29.299479
30814,37.707268
30815,33.09782
30816,42.67826
30817,43.953087
30818,27.489277
30819,38.766346
30820,37.999065
30821,46.755585
30822,32.741837
30823,38.89504
30824,44.680008
30825,38.32067
30826,41.23869
30827,40.328518
30828,47.552727
30829,42.562943
30830,40.858288
30831,34.07747
30832,33.548546
30833,34.47021
30834,37.79132
30835,51.52955
30836,38.106003
30837,47.67735
30838,40.11357
30839,40.029118
30840,45.84613
30841,43.19331
30842,43.008984
30843,30.149559
30844,73.722145
30845,61.121513
30846,48.757595
30847,83.598816
30848,50.0695
30849,40.421543
30850,60.735497
30851,47.87003
30852,33.994267
30853,27.953856
30854,49.046726
30855,46.778893
30856,73.010025
30857,38.535446
30858,38.198147
30859,49.0034
30860,20.456383
30861,22.629896
30862,63.764156
30863,53.237473
30864,57.473167
30865,67.52775
30866,56.373688
30867,67.50842
30868,52.52065
30869,55.670486
30870,70.61247
30871,65.09631
30872,60.5305
30873,62.092873
30874,49.022964
30875,38.055264
30876,62.66014
30877,44.08559
30878,52.88601
30879,18.968475
30880,34.24606
30881,41.754555
30882,45.08239
30883,37.56273
30884,43.590565
30885,46.27343
30886,39.776234
30887,60.69906
30888,40.732517
30889,61.206383
30890,46.020393
30891,37.19371
30892,40.30767
30893,31.108692
30894,27.79391
30895,35.406284
30896,32.91354
30897,30.2118
30898,50.31942
30899,40.87618
30900,33.687622
30901,41.820995
30902,55.78121
30903,46.414143
30904,34.225533
30905,25.767546
30906,38.333237
30907,42.925434
30908,44.506786
30909,47.59688
30910,41.23015
30911,72.97253
30912,49.80976
30913,71.7432
30914,49.239567
30915,42.776295
30916,72.40595
30917,27.700535
30918,28.21669
30919,43.351334
30920,13.569573
30921,19.449585
30922,42.61312
30923,25.880772
30924,44.055977
30925,43.838272
30926,35.960747
30927,68.62889
30928,43.00538
30929,73.48908
30930,71.383606
30931,52.590977
30932,34.97853
30933,40.858654
30934,32.28381
30935,46.185017
30936,37.0801
30937,34.610138
30938,33.705093
30939,41.363018
30940,50.066048
30941,52.88601
30942,35.678665
30943,60.523293
30944,33.210464
30945,36.050846
30946,37.95141
30947,14.449459
30948,38.294586
30949,35.77415
30950,50.1285
30951,44.52013
30952,44.85033
30953,20.03117
30954,30.871456
30955,24.503794
30956,58.063232
30957,30.353155
30958,28.125586
30959,18.956758
30960,32.3223
30961,23.899897
30962,35.25806
30963,33.385674
30964,50.11096
30965,43.315613
30966,37.75952
30967,31.412989
30968,47.837593
30969,38.79698
30970,33.962025
30971,30.229965
30972,60.870483
30973,38.24316
30974,42.419754
30975,66.998665
30976,57.52823
30977,44.417004
30978,37.617268
30979,45.159817
30980,55.31091
30981,28.786247
30982,42.581947
30983,36.044987
30984,53.93985
30985,43.032734
30986,26.188572
30987,20.207737
30988,57.80059
30989,24.081678
30990,36.35634
30991,24.570185
30992,17.186646
30993,39.497837
30994,40.23504
30995,28.512611
30996,14.381206
30997,43.94052
30998,45.954792
30999,54.82208
31000,56.327667
31001,47.69279
31002,42.3239
31003,32.46305
31004,36.439163
31005,38.346157
31006,27.784184
31007,41.59073
31008,59.6091
31009,38.92165
31010,34.842907
31011,45.676476
31012,47.388157
31013,44.753838
31014,18.52877
31015,45.395634
31016,38.31585
31017,29.461258
31018,62.75478
31019,44.73574
31020,80.26673
31021,43.55416
31022,17.829096
31023,52.727234
31024,20.564499
31025,39.946785
31026,41.715008
31027,6.149333
31028,12.022421
31029,32.939003
31030,59.75977
31031,15.522507
31032,24.84842
31033,42.484806
31034,30.189188
31035,22.795439
31036,13.117603
31037,29.93825
31038,25.132925
31039,13.062088
31040,9.467736
31041,22.796331
31042,15.104047
31043,10.603963
31044,10.562982
31045,43.276745
31046,23.065699
31047,28.852053
31048,47.43282
31049,7.8539023
31050,17.097952
31051,15.67885
31052,26.237795
31053,28.691425
31054,30.326569
31055,21.256887
31056,19.544357
31057,24.645939
31058,27.914469
31059,39.60127
31060,13.769748
31061,24.76717
31062,11.375826
31063,32.91457
31064,46.61364
31065,34.959335
31066,26.933266
31067,21.054636
31068,22.064083
31069,6.3551006
31070,20.007196
31071,25.760054
31072,28.88527
31073,17.273483
31074,12.353815
31075,13.284045
31076,21.804525
31077,38.231796
31078,15.167382
31079,34.621742
31080,31.760933
31081,21.976147
31082,40.607162
31083,36.042286
31084,19.317165
31085,22.889635
31086,24.932049
31087,30.513361
31088,27.626202
31089,36.912384
31090,25.908722
31091,15.609577
31092,29.362272
31093,20.820793
31094,31.378119
31095,38.34551
31096,19.563034
31097,27.157295
31098,27.430645
31099,25.850508
31100,32.325928
31101,26.426125
31102,28.245619
31103,34.634563
31104,22.095442
31105,15.206946
31106,36.755005
31107,17.987564
31108,25.174412
31109,25.883188
31110,47.357677
31111,27.984674
31112,17.605907
31113,9.475742
31114,38.968067
31115,51.043224
31116,39.198696
31117,34.570446
31118,35.676304
31119,46.226177
31120,36.616146
31121,25.422703
31122,18.225828
31123,28.008615
31124,17.314365
31125,6.9429555
31126,28.41802
31127,43.607857
31128,34.588017
31129,13.425035
31130,26.738409
31131,39.804596
31132,32.38017
31133,20.093378
31134,30.040958
31135,36.684425
31136,44.55473
31137,34.73589
31138,27.46916
31139,27.53492
31140,14.944548
31141,21.756708
31142,36.380966
31143,44.87171
31144,30.37313
31145,34.18631
31146,35.185154
31147,27.573576
31148,20.539984
31149,33.137432
31150,11.991707
31151,23.010626
31152,15.102165
31153,26.90118
31154,48.53321
31155,23.56988
31156,20.714647
31157,27.328804
31158,26.049221
31159,12.764537
31160,8.670239
31161,47.680756
31162,36.69185
31163,35.356186
31164,33.545017
31165,20.87032
31166,24.077595
31167,24.970713
31168,21.762676
31169,35.991505
31170,40.15991
31171,24.079485
31172,22.786959
31173,30.176899
31174,15.212101
31175,17.734457
31176,22.402956
31177,30.775984
31178,28.677008
31179,36.618
31180,28.031347
31181,24.20196
31182,25.519655
31183,15.870336
31184,9.494627
31185,32.48611
31186,19.159864
31187,22.635447
31188,23.627811
31189,27.67366
31190,32.368
31191,34.291252
31192,30.644453
31193,33.68895
31194,26.297718
31195,36.596294
31196,15.124361
31197,24.815155
31198,30.86951
31199,25.369274
31200,27.616377
31201,14.837348
31202,37.244083
31203,27.223804
31204,20.215893
31205,15.928253
31206,47.57821
31207,22.881334
31208,26.645687
31209,30.64848
31210,36.223648
31211,21.319529
31212,14.775067
31213,22.718122
31214,20.377047
31215,23.62446
31216,33.188095
31217,15.87038
31218,30.043674
31219,32.12393
31220,48.78398
31221,47.266655
31222,46.08335
31223,44.49171
31224,45.67051
31225,40.121044
31226,37.933403
31227,41.57987
31228,55.03372
31229,50.42082
31230,48.562523
31231,43.870728
31232,31.395266
31233,49.688763
31234,41.94574
31235,43.077682
31236,48.33981
31237,44.996708
31238,37.958694
31239,41.12693
31240,37.56633
31241,53.27955
31242,40.990917
31243,43.171806
31244,35.428272
31245,40.430485
31246,45.552464
31247,47.651554
31248,41.04152
31249,45.16955
31250,36.30267
31251,42.797615
31252,41.857403
31253,37.488087
31254,41.29952
31255,46.441883
31256,38.00951
31257,42.772617
31258,35.612164
31259,53.074146
31260,40.42417
31261,41.91513
31262,33.9239
31263,46.82247
31264,37.10753
31265,36.771194
31266,57.061325
31267,46.439068
31268,47.84954
31269,52.543243
31270,46.135315
31271,34.422348
31272,39.851402
31273,42.429527
31274,30.384407
31275,41.61183
31276,32.268074
31277,31.925583
31278,43.914505
31279,29.10512
31280,43.39102
31281,38.7293
31282,48.222145
31283,39.040718
31284,43.280403
31285,50.03873
31286,59.46776
31287,40.67549
31288,43.789078
31289,38.446754
31290,37.94983
31291,41.04628
31292,37.82728
31293,27.211773
31294,43.37108
31295,41.155567
31296,44.256687
31297,37.150967
31298,39.94488
31299,43.150047
31300,37.350407
31301,39.527588
31302,38.891457
31303,35.867767
31304,36.255013
31305,43.39762
31306,34.571964
31307,37.86068
31308,35.70105
31309,52.080185
31310,29.264114
31311,31.421413
31312,45.675396
31313,41.960655
31314,35.44964
31315,24.510426
31316,64.31072
31317,34.353954
31318,41.741173
31319,57.749477
31320,49.08167
31321,39.448635
31322,52.306393
31323,46.54136
31324,44.808025
31325,42.662365
31326,44.888885
31327,35.2497
31328,40.866856
31329,57.042404
31330,45.868423
31331,38.360092
31332,55.309525
31333,36.94537
31334,39.859238
31335,28.222422
31336,47.066456
31337,69.52479
31338,36.699177
31339,35.69989
31340,48.708714
31341,47.371605
31342,41.554886
31343,57.695942
31344,40.443264
31345,42.43045
31346,70.21361
31347,49.723515
31348,33.39047
31349,49.371315
31350,46.68073
31351,55.171482
31352,61.956635
31353,43.203148
31354,41.754555
31355,38.228844
31356,41.23015
31357,53.44839
31358,69.72301
31359,38.31585
31360,34.486897
31361,38.82184
31362,44.61654
31363,42.039726
31364,21.279346
31365,36.813705
31366,47.451065
31367,44.53145
31368,40.37422
31369,53.057255
31370,45.468643
31371,48.60505
31372,46.12674
31373,47.62345
31374,41.30782
31375,33.24643
31376,41.401073
31377,36.247704
31378,46.412155
31379,49.448643
31380,49.310184
31381,55.730892
31382,50.405422
31383,65.30553
31384,43.188915
31385,36.997486
31386,41.412918
31387,36.78714
31388,67.52775
31389,35.778206
31390,81.007904
31391,52.575813
31392,46.127598
31393,49.7343
31394,32.816784
31395,47.69279
31396,48.42151
31397,59.79593
31398,49.53548
31399,39.446144
31400,46.73032
31401,52.487057
31402,35.406696
31403,37.339844
31404,63.764156
31405,41.283157
31406,39.210636
31407,40.17015
31408,34.610138
31409,37.247772
31410,44.861385
31411,47.68567
31412,37.765133
31413,43.98168
31414,29.716177
31415,54.49614
31416,45.817024
31417,38.78914
31418,33.520317
31419,29.635033
31420,27.4244
31421,33.177452
31422,19.094292
31423,27.513239
31424,29.097929
31425,19.00986
31426,37.29533
31427,37.0358
31428,25.374086
31429,14.2575035
31430,47.300777
31431,36.635338
31432,47.807926
31433,28.533922
31434,23.20883
31435,37.788406
31436,36.6653
31437,27.704605
31438,25.476814
31439,19.218882
31440,26.909252
31441,50.519775
31442,22.298008
31443,31.944872
31444,38.430775
31445,40.527233
31446,22.40265
31447,36.336563
31448,38.7832
31449,44.118958
31450,44.01451
31451,32.679058
31452,40.103363
31453,37.3201
31454,45.63515
31455,29.369087
31456,38.712517
31457,50.416237
31458,26.066267
31459,35.772957
31460,22.547323
31461,12.667055
31462,18.248838
31463,47.99788
31464,46.55812
31465,40.942665
31466,57.232613
31467,26.865385
31468,25.317097
31469,22.19764
31470,27.27577
31471,38.954334
31472,13.76909
31473,32.48011
31474,21.38924
31475,42.797485
31476,43.147816
31477,41.823917
31478,36.089573
31479,28.070824
31480,40.728214
31481,35.30966
31482,41.282055
31483,29.544157
31484,38.512653
31485,20.449276
31486,30.005577
31487,23.198708
31488,39.374996
31489,46.001472
31490,21.229763
31491,21.579945
31492,36.33779
31493,20.851826
31494,0.6175644
31495,17.616854
31496,35.32179
31497,21.722992
31498,28.31459
31499,22.311977
31500,22.8095
31501,29.273483
31502,13.737988
31503,21.869257
31504,39.5857
31505,21.569698
31506,32.49678
31507,33.127865
31508,13.257497
31509,33.32321
31510,32.256493
31511,37.807583
31512,30.522923
31513,38.041676
31514,35.94486
31515,33.128166
31516,43.876244
31517,52.734295
31518,43.96896
31519,40.67737
31520,42.23736
31521,43.44605
31522,45.97094
31523,46.108227
31524,35.80925
31525,37.66855
31526,65.11506
31527,38.601414
31528,51.73439
31529,75.35632
31530,29.353117
31531,48.554497
31532,24.901978
31533,35.13271
31534,42.164062
31535,34.317272
31536,28.457937
31537,40.39273
31538,26.96309
31539,43.641693
31540,43.79401
31541,44.297787
31542,39.53738
31543,46.8737
31544,33.64341
31545,24.927452
31546,55.60681
31547,54.826866
31548,31.778017
31549,41.24737
31550,42.10218
31551,45.04756
31552,26.165962
31553,26.810537
31554,39.95562
31555,35.399902
31556,40.10692
31557,42.357124
31558,37.43668
31559,47.115612
31560,13.1199255
31561,43.02965
31562,41.1347
31563,47.99849
31564,30.723953
31565,23.808126
31566,43.24175
31567,34.384563
31568,46.62802
31569,40.867027
31570,38.191086
31571,32.050674
31572,38.969833
31573,33.953514
31574,31.994392
31575,45.538445
31576,39.7651
31577,52.82387
31578,39.53227
31579,27.093216
31580,36.610477
31581,20.055527
31582,48.19162
31583,35.93146
31584,34.985233
31585,12.7898655
31586,46.27343
31587,22.634592
31588,26.442621
31589,19.132822
31590,26.548038
31591,30.667109
31592,41.69768
31593,41.661903
31594,45.335625
31595,45.65797
31596,32.495773
31597,26.718515
31598,15.03744
31599,22.699469
31600,33.76621
31601,41.982567
31602,34.374317
31603,37.87954
31604,41.38183
31605,25.491695
31606,46.863907
31607,40.031437
31608,30.870434
31609,30.19421
31610,37.76492
31611,42.478664
31612,22.184946
31613,38.377956
31614,35.192726
31615,27.080845
31616,44.056118
31617,20.95265
31618,16.304445
31619,20.508303
31620,37.95575
31621,31.557083
31622,37.393597
31623,27.26523
31624,34.88872
31625,30.665123
31626,21.500534
31627,30.594261
31628,30.172667
31629,30.677935
31630,33.552475
31631,39.54391
31632,31.7078
31633,24.149147
31634,35.76897
31635,36.73931
31636,26.540007
31637,12.760476
31638,32.405827
31639,31.590717
31640,39.296825
31641,18.683868
31642,33.61045
31643,33.651115
31644,25.359873
31645,46.56474
31646,19.102547
31647,28.907389
31648,28.662607
31649,43.19551
31650,49.24462
31651,20.77943
31652,24.568708
31653,37.55284
31654,44.15607
31655,35.298195
31656,28.915434
31657,39.382942
31658,44.121967
31659,22.986528
31660,17.747305
31661,28.244162
31662,23.124676
31663,43.52083
31664,48.791344
31665,34.482643
31666,42.136963
31667,45.377876
31668,31.533648
31669,20.40736
31670,28.496716
31671,25.2415
31672,40.28341
31673,20.534363
31674,32.827133
31675,30.887934
31676,30.60947
31677,22.081253
31678,50.12904
31679,42.94723
31680,24.116503
31681,30.498638
31682,32.97773
31683,26.632778
31684,29.149109
31685,36.860207
31686,35.873093
31687,35.64779
31688,23.19872
31689,39.964684
31690,23.07191
31691,39.28782
31692,27.8414
31693,23.30448
31694,33.50417
31695,33.726013
31696,32.555847
31697,35.961433
31698,24.104832
31699,40.69073
31700,37.483788
31701,36.370716
31702,21.462326
31703,37.397873
31704,37.168514
31705,24.440838
31706,35.035923
31707,19.007196
31708,26.240824
31709,23.51825
31710,29.934315
31711,36.795372
31712,37.794544
31713,30.286522
31714,27.038998
31715,37.73555
31716,48.428806
31717,34.52503
31718,15.522298
31719,22.835854
31720,24.93631
31721,19.209618
31722,38.662636
31723,57.056896
31724,35.412594
31725,46.41109
31726,27.907986
31727,52.68894
31728,12.639092
31729,17.041613
31730,35.309383
31731,5.2163644
31732,28.274584
31733,31.435078
31734,23.257263
31735,32.939003
31736,7.8539023
31737,29.95476
31738,23.065699
31739,44.58537
31740,6.9820375
31741,24.690826
31742,25.822266
31743,8.170964
31744,23.13064
31745,62.005417
31746,40.128353
31747,41.90978
31748,30.900738
31749,14.609964
31750,27.370342
31751,25.904211
31752,44.43766
31753,39.095284
31754,30.73335
31755,29.5127
31756,48.939907
31757,22.84235
31758,38.427467
31759,41.219254
31760,25.664148
31761,30.084215
31762,39.795895
31763,29.463879
31764,49.265347
31765,13.379987
31766,33.986427
31767,32.801678
31768,25.050451
31769,36.37827
31770,54.022182
31771,51.88006
31772,32.669903
31773,22.609114
31774,35.410316
31775,18.696192
31776,22.43885
31777,29.377829
31778,18.499525
31779,21.575127
31780,29.20873
31781,36.86869
31782,33.023594
31783,17.262697
31784,30.443943
31785,49.687714
31786,55.96705
31787,68.15991
31788,15.090677
31789,46.739643
31790,55.565327
31791,47.164215
31792,30.720638
31793,38.125587
31794,51.256073
31795,11.642063
31796,39.568996
31797,36.86869
31798,36.310493
31799,25.85079
31800,31.844336
31801,19.299599
31802,49.074257
31803,12.1865015
31804,33.824055
31805,50.950783
31806,27.749117
31807,23.671638
31808,41.095768
31809,38.228844
31810,38.39221
31811,30.623404
31812,52.663803
31813,48.497658
31814,17.705137
31815,43.486343
31816,32.344265
31817,38.060856
31818,46.226177
31819,49.504402
31820,13.882439
31821,16.116268
31822,37.841663
31823,20.102337
31824,17.546385
31825,37.238434
31826,8.913241
31827,25.4119
31828,20.506268
31829,10.612399
31830,8.4352865
31831,43.793472
31832,41.566967
31833,44.529655
31834,9.740604
31835,26.045238
31836,50.858784
31837,46.847897
31838,15.15117
31839,56.373688
31840,54.81405
31841,37.778183
31842,45.934925
31843,27.87292
31844,41.25711
31845,27.461887
31846,27.18738
31847,31.70759
31848,27.055828
31849,28.366035
31850,29.981884
31851,47.694447
31852,54.38731
31853,20.17549
31854,14.509442
31855,20.715721
31856,25.835903
31857,51.622833
31858,48.660217
31859,42.552135
31860,39.408367
31861,19.576454
31862,33.793488
31863,41.25711
31864,34.462147
31865,15.111229
31866,15.77008
31867,20.080982
31868,37.657486
31869,30.698025
31870,22.162003
31871,28.049158
31872,25.011608
31873,31.68925
31874,39.329082
31875,27.105171
31876,23.62894
31877,33.169247
31878,22.230803
31879,28.347647
31880,38.005486
31881,30.059906
31882,22.988644
31883,22.289673
31884,35.88142
31885,19.60306
31886,29.075844
31887,23.798834
31888,22.519892
31889,42.610725
31890,20.182392
31891,29.365734
31892,32.099194
31893,20.33052
31894,32.088684
31895,25.647766
31896,26.963112
31897,18.870977
31898,22.697525
31899,24.252035
31900,35.18318
31901,39.187717
31902,30.013588
31903,34.445793
31904,41.9508
31905,27.341513
31906,27.124247
31907,27.046741
31908,26.431688
31909,22.6347
31910,12.678391
31911,18.658945
31912,24.309263
31913,31.187527
31914,18.356018
31915,26.240314
31916,28.467775
31917,27.848486
31918,45.633976
31919,25.546215
31920,21.395376
31921,22.80925
31922,32.158634
31923,26.2556
31924,31.037819
31925,32.516037
31926,38.66258
31927,31.484001
31928,25.674198
31929,21.245241
31930,32.63882
31931,20.987385
31932,32.03684
31933,29.347792
31934,22.9022
31935,17.835835
31936,14.401095
31937,28.56788
31938,25.825226
31939,20.411152
31940,22.170351
31941,22.195885
31942,14.361568
31943,35.461613
31944,23.088991
31945,46.39954
31946,37.402283
31947,28.363842
31948,39.02426
31949,23.503626
31950,26.066267
31951,25.517063
31952,42.514034
31953,27.52358
31954,32.400806
31955,31.576536
31956,23.018251
31957,21.570173
31958,36.799778
31959,28.348528
31960,25.702961
31961,35.766857
31962,42.35174
31963,39.39122
31964,27.401228
31965,25.396114
31966,38.87146
31967,52.919807
31968,47.523674
31969,41.661983
31970,38.83218
31971,49.540665
31972,40.42239
31973,45.9315
31974,29.089622
31975,47.890556
31976,51.539326
31977,30.56346
31978,14.765409
31979,40.45411
31980,47.87712
31981,39.059135
31982,56.648518
31983,40.32942
31984,41.990513
31985,40.26183
31986,25.993704
31987,37.070885
31988,35.38912
31989,44.114025
31990,39.642143
31991,39.253777
31992,27.25423
31993,42.80335
31994,53.036953
31995,40.608326
31996,36.440536
31997,34.135826
31998,43.57221
31999,38.33141
32000,44.34296
32001,29.15134
32002,27.318268
32003,53.102547
32004,42.870083
32005,24.84116
32006,31.736307
32007,41.214607
32008,40.23058
32009,32.706722
32010,49.89091
32011,41.83819
32012,38.757984
32013,37.834946
32014,37.304142
32015,49.507885
32016,39.354717
32017,32.391373
32018,36.05888
32019,45.975586
32020,44.542976
32021,44.99697
32022,41.50033
32023,33.411106
32024,37.837597
32025,42.16799
32026,47.117355
32027,46.675095
32028,33.177685
32029,41.1209
32030,41.392166
32031,50.46101
32032,45.10664
32033,51.246838
32034,36.494267
32035,29.145689
32036,21.974962
32037,20.959177
32038,44.316113
32039,36.243214
32040,39.580006
32041,36.165977
32042,31.79766
32043,52.447987
32044,42.64472
32045,49.487015
32046,46.447628
32047,25.761135
32048,50.481453
32049,41.669014
32050,42.238865
32051,33.9069
32052,35.02758
32053,45.018982
32054,50.817703
32055,41.66452
32056,42.86167
32057,30.226484
32058,35.895287
32059,39.417824
32060,37.96335
32061,35.50703
32062,41.690983
32063,46.98403
32064,69.50422
32065,36.145187
32066,36.131645
32067,41.209984
32068,65.105995
32069,33.917534
32070,36.386707
32071,56.576794
32072,31.796062
32073,64.6542
32074,48.777706
32075,46.881287
32076,50.51449
32077,46.61549
32078,49.385677
32079,35.48978
32080,57.13779
32081,57.247066
32082,37.88689
32083,60.3182
32084,52.803764
32085,37.00749
32086,44.09334
32087,53.24338
32088,46.11285
32089,62.38494
32090,44.886097
32091,48.46565
32092,59.795578
32093,46.36363
32094,49.908054
32095,43.98471
32096,49.912464
32097,44.585712
32098,39.964355
32099,42.436337
32100,46.581936
32101,53.72955
32102,40.817825
32103,44.419243
32104,42.25922
32105,42.410034
32106,41.090813
32107,48.852383
32108,44.77574
32109,57.127853
32110,41.632244
32111,41.710278
32112,56.459743
32113,39.655052
32114,45.847332
32115,42.487198
32116,60.32744
32117,57.231113
32118,60.624397
32119,39.47229
32120,47.438026
32121,42.919434
32122,50.180145
32123,30.951738
32124,46.93787
32125,43.182636
32126,54.485672
32127,45.033634
32128,37.32152
32129,66.9356
32130,47.03691
32131,43.353584
32132,29.535799
32133,31.669647
32134,29.041405
32135,39.538982
32136,41.630035
32137,37.76637
32138,32.391647
32139,37.12581
32140,51.398308
32141,38.509796
32142,48.32253
32143,40.63003
32144,37.250175
32145,34.907124
32146,51.841484
32147,33.90951
32148,52.248135
32149,28.50894
32150,42.07422
32151,47.559315
32152,44.847553
32153,39.586815
32154,39.911015
32155,28.560482
32156,42.95322
32157,38.281185
32158,29.106716
32159,52.55957
32160,40.010914
32161,29.824856
32162,48.68765
32163,36.411983
32164,46.189335
32165,32.813892
32166,48.6464
32167,48.98121
32168,36.81047
32169,40.81728
32170,52.467064
32171,45.928253
32172,33.91147
32173,39.005775
32174,32.93193
32175,42.339832
32176,41.217216
32177,30.375332
32178,33.84573
32179,34.487118
32180,56.94103
32181,53.915077
32182,46.287666
32183,50.75194
32184,36.18496
32185,33.657505
32186,43.078316
32187,44.076756
32188,38.44325
32189,39.25303
32190,48.00836
32191,50.483925
32192,38.805515
32193,48.38946
32194,38.30197
32195,34.981995
32196,43.513885
32197,37.332706
32198,43.919518
32199,48.919624
32200,37.31338
32201,38.049606
32202,51.6499
32203,44.226833
32204,35.37996
32205,57.1795
32206,47.96668
32207,55.62685
32208,45.95969
32209,37.014587
32210,50.228607
32211,47.614277
32212,40.98116
32213,48.28879
32214,42.30976
32215,47.07931
32216,46.75673
32217,55.91431
32218,39.775105
32219,36.61814
32220,55.659977
32221,55.382122
32222,54.664402
32223,39.67379
32224,43.59719
32225,41.74017
32226,52.856636
32227,36.659485
32228,38.12133
32229,36.627308
32230,33.824055
32231,30.438217
32232,36.478497
32233,35.77401
32234,47.571815
32235,28.522184
32236,41.489323
32237,31.621466
32238,38.2019
32239,55.96705
32240,42.929867
32241,37.013256
32242,48.819717
32243,46.897682
32244,46.792576
32245,44.326843
32246,33.761078
32247,16.639421
32248,50.950783
32249,37.6999
32250,44.091103
32251,42.3894
32252,41.5584
32253,45.315674
32254,28.581438
32255,37.153557
32256,47.498554
32257,54.520527
32258,55.04807
32259,39.635082
32260,34.753765
32261,40.306503
32262,51.859272
32263,50.094337
32264,31.088266
32265,39.763607
32266,39.401142
32267,33.564182
32268,44.704144
32269,49.074257
32270,31.615673
32271,35.604416
32272,39.992096
32273,40.83743
32274,37.383404
32275,43.579292
32276,47.354847
32277,29.442661
32278,41.245148
32279,48.04357
32280,34.304665
32281,38.842396
32282,53.668163
32283,45.89185
32284,21.522552
32285,47.792645
32286,47.149494
32287,9.677862
32288,43.459656
32289,53.911774
32290,36.64007
32291,40.46244
32292,37.382088
32293,64.14825
32294,50.898872
32295,32.10267
32296,39.05064
32297,29.909595
32298,47.435658
32299,27.975292
32300,36.327755
32301,47.351707
32302,33.799965
32303,51.36185
32304,47.425316
32305,55.205917
32306,39.10674
32307,48.724422
32308,41.371193
32309,46.208107
32310,44.29843
32311,23.677824
32312,39.360638
32313,23.205788
32314,34.415672
32315,60.5305
32316,43.095295
32317,51.98241
32318,40.53759
32319,36.149494
32320,49.490555
32321,40.381668
32322,37.04776
32323,37.848587
32324,48.419518
32325,36.240612
32326,29.271181
32327,12.566504
32328,32.6037
32329,27.671816
32330,27.801224
32331,27.89917
32332,30.133755
32333,19.230558
32334,30.96719
32335,12.072953
32336,30.94188
32337,23.70622
32338,20.187433
32339,24.361252
32340,31.619408
32341,31.12762
32342,8.100949
32343,31.097101
32344,31.781569
32345,24.294273
32346,37.886673
32347,41.096657
32348,37.033276
32349,31.48158
32350,37.97625
32351,17.476625
32352,39.29525
32353,25.004345
32354,32.696514
32355,44.56272
32356,7.6371346
32357,15.965461
32358,22.693245
32359,16.623331
32360,37.292587
32361,14.582782
32362,41.78814
32363,29.375484
32364,41.956398
32365,31.857742
32366,8.331086
32367,24.3268
32368,37.09697
32369,27.976486
32370,26.808483
32371,14.339363
32372,25.633757
32373,16.08276
32374,20.820793
32375,24.394365
32376,19.860413
32377,52.918606
32378,33.21056
32379,23.453766
32380,30.936071
32381,14.206472
32382,35.869495
32383,32.780167
32384,22.081364
32385,33.103626
32386,18.793713
32387,17.098372
32388,49.620083
32389,24.386366
32390,43.532307
32391,26.737045
32392,34.188004
32393,34.732864
32394,20.411314
32395,25.657936
32396,28.150513
32397,27.914469
32398,36.593052
32399,6.9820375
32400,22.569078
32401,35.52621
32402,33.889084
32403,15.206946
32404,46.200798
32405,13.904891
32406,26.157265
32407,16.371338
32408,1.6337175
32409,66.80192
32410,57.59206
32411,43.16618
32412,46.094296
32413,53.625607
32414,46.086548
32415,60.32739
32416,57.83392
32417,50.562515
32418,56.40957
32419,55.307064
32420,52.476376
32421,48.56067
32422,54.131218
32423,73.484764
32424,72.886894
32425,47.052143
32426,32.375824
32427,52.55993
32428,55.438854
32429,42.891514
32430,50.724773
32431,56.74417
32432,49.83386
32433,40.872917
32434,48.072083
32435,55.394554
32436,54.035053
32437,51.72847
32438,46.153843
32439,47.918083
32440,54.73484
32441,52.895958
32442,55.446323
32443,56.34246
32444,39.63723
32445,45.570595
32446,42.541855
32447,41.10537
32448,51.742912
32449,48.13668
32450,57.949303
32451,48.68883
32452,51.741226
32453,50.517788
32454,55.60551
32455,50.95645
32456,58.246788
32457,31.688513
32458,44.882584
32459,59.43664
32460,58.330425
32461,81.08414
32462,59.524853
32463,54.399307
32464,32.815292
32465,52.70746
32466,47.69027
32467,51.36971
32468,42.69062
32469,50.43193
32470,61.05463
32471,47.18799
32472,49.769783
32473,36.84081
32474,46.302235
32475,45.661892
32476,45.05563
32477,48.457455
32478,56.191044
32479,33.90864
32480,49.428047
32481,40.93068
32482,37.95895
32483,33.49198
32484,30.203802
32485,58.139683
32486,47.060753
32487,47.393284
32488,48.36881
32489,30.080915
32490,46.0941
32491,50.26734
32492,51.36378
32493,50.652496
32494,44.26427
32495,44.075325
32496,43.66557
32497,41.3653
32498,40.740692
32499,44.627052
32500,55.355797
32501,44.494938
32502,36.700806
32503,67.26718
32504,50.905422
32505,36.76623
32506,38.265934
32507,53.883816
32508,49.647026
32509,48.779694
32510,49.666653
32511,53.31694
32512,35.0768
32513,40.799335
32514,41.62514
32515,46.114437
32516,44.04455
32517,31.796062
32518,43.820354
32519,44.889874
32520,63.711205
32521,45.005424
32522,46.501007
32523,41.098232
32524,40.07718
32525,44.106926
32526,56.17452
32527,53.97233
32528,48.17955
32529,47.851124
32530,74.604935
32531,32.690315
32532,30.519968
32533,19.576454
32534,33.663727
32535,35.386627
32536,31.688513
32537,35.6705
32538,24.527647
32539,45.73194
32540,41.134933
32541,36.44492
32542,47.230827
32543,25.079575
32544,53.85692
32545,62.772907
32546,33.19472
32547,44.97658
32548,34.361748
32549,40.254364
32550,42.384575
32551,9.677862
32552,9.341156
32553,44.016422
32554,36.987
32555,35.593132
32556,54.404305
32557,23.238117
32558,52.186417
32559,43.71232
32560,27.037668
32561,42.539093
32562,39.538982
32563,56.051098
32564,48.19162
32565,22.766144
32566,40.294346
32567,44.403442
32568,41.95856
32569,38.77278
32570,45.42848
32571,46.203545
32572,37.166473
32573,13.054258
32574,41.504135
32575,35.938625
32576,27.673204
32577,49.771904
32578,37.72607
32579,51.256668
32580,44.44807
32581,35.5305
32582,30.53219
32583,30.584154
32584,31.428616
32585,23.155611
32586,22.625093
32587,10.053097
32588,29.718704
32589,25.499521
32590,15.894453
32591,11.915569
32592,33.30873
32593,23.643822
32594,24.191679
32595,23.704725
32596,24.571856
32597,22.9231
32598,39.230965
32599,24.508911
32600,32.785892
32601,25.583261
32602,40.07542
32603,32.35564
32604,17.631504
32605,18.17599
32606,16.395882
32607,28.504889
32608,20.382154
32609,13.416715
32610,28.887796
32611,24.818453
32612,35.502846
32613,35.307716
32614,18.03496
32615,22.80445
32616,23.542368
32617,30.7614
32618,26.545216
32619,28.314363
32620,21.20849
32621,9.954899
32622,25.401081
32623,13.500755
32624,21.550474
32625,17.063902
32626,17.588135
32627,24.84501
32628,34.010197
32629,10.730297
32630,18.434895
32631,20.03358
32632,27.532015
32633,38.307102
32634,29.009682
32635,27.334087
32636,26.195303
32637,23.479193
32638,29.252659
32639,16.84617
32640,23.071451
32641,22.06725
32642,28.498789
32643,26.665668
32644,20.064726
32645,29.504957
32646,29.05407
32647,24.444078
32648,25.866365
32649,17.95583
32650,31.41395
32651,2.0589328
32652,41.081463
32653,42.740067
32654,37.397358
32655,21.572197
32656,31.365818
32657,23.972462
32658,25.315533
32659,33.27457
32660,21.979025
32661,25.457832
32662,28.033232
32663,33.489483
32664,24.308453
32665,30.572453
32666,47.095203
32667,26.605925
32668,29.461891
32669,29.146118
32670,34.58548
32671,18.78752
32672,22.992838
32673,25.710354
32674,27.421146
32675,32.335438
32676,39.947487
32677,39.283802
32678,40.042004
32679,36.489693
32680,36.583332
32681,37.55675
32682,44.022545
32683,47.16318
32684,41.0925
32685,36.16876
32686,42.748173
32687,53.449448
32688,46.589237
32689,31.769186
32690,43.212303
32691,37.612015
32692,35.12344
32693,39.69124
32694,43.51505
32695,37.443954
32696,51.16014
32697,55.547127
32698,44.88387
32699,42.733994
32700,44.923756
32701,46.28792
32702,33.96228
32703,34.57113
32704,41.00176
32705,40.0237
32706,39.29954
32707,40.431698
32708,40.51887
32709,35.544544
32710,43.30914
32711,47.417637
32712,43.786995
32713,56.30999
32714,48.46185
32715,58.82407
32716,31.860018
32717,46.51861
32718,38.33216
32719,55.470467
32720,31.611162
32721,48.5696
32722,40.94377
32723,44.191254
32724,36.173073
32725,35.30691
32726,36.265167
32727,40.579758
32728,34.73295
32729,36.452385
32730,33.537876
32731,25.360413
32732,34.298313
32733,33.3033
32734,39.20158
32735,42.198364
32736,48.899635
32737,42.38618
32738,37.130573
32739,17.329355
32740,33.132236
32741,47.4705
32742,32.775585
32743,27.804855
32744,50.366295
32745,56.089603
32746,48.30333
32747,56.95767
32748,43.42094
32749,48.50407
32750,44.403442
32751,41.034966
32752,32.67224
32753,51.91038
32754,52.41247
32755,50.519775
32756,41.779827
32757,48.155666
32758,45.744385
32759,58.614902
32760,54.690784
32761,41.059692
32762,24.712402
32763,27.661203
32764,41.07764
32765,50.390995
32766,50.41207
32767,38.48958
32768,44.05259
32769,32.818203
32770,45.61687
32771,24.170729
32772,38.29193
32773,39.81035
32774,46.807465
32775,43.551804
32776,52.609146
32777,41.163612
32778,42.2991
32779,39.773075
32780,27.04017
32781,52.49817
32782,38.154343
32783,39.772385
32784,34.671055
32785,42.730846
32786,34.230236
32787,49.941135
32788,48.55384
32789,41.039944
32790,38.63749
32791,51.089394
32792,36.01135
32793,40.87618
32794,44.28857
32795,40.937366
32796,38.287964
32797,22.608719
32798,63.18787
32799,30.45053
32800,27.055828
32801,12.567596
32802,54.657246
32803,44.858067
32804,50.717583
32805,19.03939
32806,41.669
32807,19.202423
32808,48.874897
32809,39.56316
32810,26.41614
32811,41.31768
32812,33.035282
32813,50.49518
32814,35.779682
32815,48.240726
32816,21.18816
32817,19.970984
32818,46.686573
32819,31.507666
32820,39.03097
32821,32.496975
32822,24.504375
32823,20.159723
32824,59.606976
32825,38.864048
32826,42.9878
32827,38.02976
32828,35.77867
32829,36.991665
32830,49.5094
32831,18.16691
32832,15.11704
