ID,track_popularity
26266,28.413416301795795
26267,32.832315695435675
26268,32.39195517964118
26269,30.617593672273202
26270,43.67316757977574
26271,42.98299626709369
26272,44.53988512166106
26273,46.89821650406094
26274,47.2008489910525
26275,36.37344388222526
26276,37.61658765169613
26277,40.56905019866656
26278,41.647204182983344
26279,36.72329213286463
26280,30.08014344116343
26281,28.482521994525115
26282,31.45741071272903
26283,33.44649348713998
26284,29.981782551394062
26285,32.13728059124881
26286,31.0545192486338
26287,30.148002710248274
26288,27.581230292214368
26289,30.4286841766167
26290,31.48385496620813
26291,29.784925124218823
26292,26.703854079308122
26293,29.817498257408694
26294,31.365588397189306
26295,27.42469683051696
26296,22.09547261784597
26297,26.153645618721505
26298,31.868519710475347
26299,40.96319698521571
26300,36.87112451518628
26301,34.05755799706302
26302,30.724869675501896
26303,35.57916293513475
26304,37.49318236684327
26305,33.28854074156106
26306,37.59154550256585
26307,27.250977313431495
26308,24.189584852529975
26309,35.783905055994374
26310,29.447041485522227
26311,35.669553934877115
26312,28.370623242383004
26313,29.314950766214693
26314,35.56205225261229
26315,32.21057829534124
26316,33.368643128947014
26317,31.091663734497146
26318,18.460146957022157
26319,32.50674911493117
26320,23.237181682556297
26321,29.886106417822845
26322,27.35462948920414
26323,24.93443454073885
26324,34.0820556181093
26325,27.71527116930249
26326,27.796875995249927
26327,29.721984501067325
26328,30.97619749475804
26329,29.330180160607974
26330,28.13287669249034
26331,30.613960512164606
26332,21.759316262261137
26333,21.057185684314394
26334,24.535396055493727
26335,35.999082025062144
26336,38.43143803518486
26337,34.622077101253716
26338,37.162620677138236
26339,25.704017972836628
26340,29.11342838927864
26341,29.786450943789813
26342,23.81949807036979
26343,35.05831623278645
26344,25.14114505981535
26345,25.022553384161906
26346,26.406542828990464
26347,24.23508248457311
26348,22.04819329192895
26349,26.47595629506593
26350,35.79122658715739
26351,33.51363598847501
26352,32.60121277358657
26353,21.20460751598117
26354,17.172558656683034
26355,29.07638146154012
26356,24.00671690725537
26357,29.91388210164608
26358,27.66997869558557
26359,32.29460188311722
26360,19.339747979105873
26361,23.348142839552192
26362,34.593326571572156
26363,44.464243479117286
26364,41.257817111875795
26365,44.3948052844139
26366,51.9836473006946
26367,63.508591592300604
26368,35.103185544527435
26369,31.63413693174822
26370,49.851073904732175
26371,43.0124020070897
26372,33.40555843032718
26373,28.401846265456065
26374,30.4110943445759
26375,43.80384988967735
26376,36.638331964094554
26377,49.16311225711213
26378,37.94051221061049
26379,45.24551053420694
26380,20.89973405499796
26381,40.06422090935627
26382,29.36559154100248
26383,18.588269371792457
26384,56.33430555074546
26385,23.609614988605205
26386,31.894562466922654
26387,35.57103849797542
26388,36.424651757897564
26389,48.0611624850564
26390,34.15651566075562
26391,56.36050366106101
26392,18.960396433979902
26393,21.549845664858925
26394,22.246485930369893
26395,42.45062875410223
26396,29.887755756875404
26397,37.700622207071646
26398,34.853635369917356
26399,36.20070078301461
26400,24.94394309210413
26401,17.629103351227066
26402,26.14994178154479
26403,22.394911954951223
26404,52.772762949082704
26405,52.31942365362606
26406,54.208450913482494
26407,19.863871187174844
26408,26.81471499301548
26409,31.6440868482481
26410,32.97716260445957
26411,31.087337510911674
26412,43.195598538806586
26413,26.226350309809302
26414,42.86265128458469
26415,23.93188205466664
26416,33.79780992888985
26417,37.366292594933604
26418,37.971232484002954
26419,64.7901194187035
26420,54.71724676245442
26421,32.13849056135739
26422,31.37443892320797
26423,30.14678729854887
26424,23.107906713495943
26425,29.13299132340046
26426,28.39551969089756
26427,32.51941555743252
26428,31.852971394451387
26429,45.16582659164106
26430,60.44764917979769
26431,62.3484471954893
26432,35.86467935750321
26433,31.829578514921252
26434,35.146613000370394
26435,34.4095496688623
26436,33.098908089921025
26437,32.19360663034779
26438,44.764921905918314
26439,13.398292852033038
26440,18.226908671538546
26441,32.652717939164575
26442,36.67444230875084
26443,34.7554742973461
26444,36.71961278384639
26445,62.59812090861286
26446,54.86724133701454
26447,19.49946949782438
26448,34.682524527277714
26449,59.41905898004667
26450,61.882568683912126
26451,28.763521071662097
26452,26.380879284355025
26453,29.673110191231828
26454,30.159200166605505
26455,29.746099006384604
26456,29.1944647169991
26457,30.2744138377102
26458,24.140591559077798
26459,23.729713364563235
26460,29.703711718819292
26461,30.46078143584998
26462,26.38334104751515
26463,20.143306059762523
26464,22.625437063145252
26465,25.98987681587291
26466,25.672701104404588
26467,27.197015561313094
26468,26.788864797743823
26469,28.156964523635928
26470,27.16921567557929
26471,31.62440588712448
26472,28.438800861058674
26473,28.169584245793445
26474,23.16112561875052
26475,26.405084366318402
26476,29.96608012380583
26477,29.886778233490016
26478,28.476690723406648
26479,29.971155462034858
26480,26.045651075314048
26481,33.127212086095604
26482,26.76589463909721
26483,29.867587520333974
26484,26.68148229780732
26485,33.09605480164452
26486,24.068620363208417
26487,29.747656285366567
26488,27.213702670909736
26489,29.35154883447897
26490,29.736197533900622
26491,27.973359116804275
26492,24.23478200298508
26493,25.98691962166998
26494,23.820612514267058
26495,30.753412008783187
26496,26.674508095612868
26497,28.84433132704181
26498,29.80712299385224
26499,30.615020672746002
26500,27.147723455170496
26501,32.034429397721254
26502,29.293326983694847
26503,27.524211485538558
26504,26.067265504853275
26505,26.087256294158692
26506,28.78929196767399
26507,20.569076908572775
26508,24.71657052505455
26509,28.756549474668866
26510,31.63070621611523
26511,25.32843011154335
26512,31.00187768663105
26513,18.206975509758696
26514,28.73750044380208
26515,24.152604393836206
26516,27.026177528951383
26517,29.397609553007655
26518,29.35491511066625
26519,22.34623861862734
26520,28.124552056865056
26521,29.580598352567094
26522,30.929557918235503
26523,25.637229349659545
26524,24.282476243674644
26525,31.92615762589118
26526,34.016997050957485
26527,27.410936452179364
26528,30.2396743265303
26529,33.96263092639987
26530,28.206851086582574
26531,21.980253170299275
26532,31.644445494942005
26533,25.924072407790465
26534,26.083993439618403
26535,22.30129458567566
26536,28.31441357272693
26537,30.037242290166795
26538,28.40741822558449
26539,28.042284248835028
26540,25.608104586944417
26541,30.652169772348792
26542,30.7643953601264
26543,30.14823777993243
26544,30.894007171901674
26545,33.561021768602245
26546,31.012847208951072
26547,27.891819563383393
26548,26.89392026248829
26549,25.61537082500395
26550,23.948124379847396
26551,33.83310745799595
26552,28.692955097561043
26553,31.772201895765207
26554,29.82034606100673
26555,23.917112948281336
26556,66.3932160406606
26557,29.09609789983743
26558,17.953528669119457
26559,26.756524677205483
26560,25.225120849395307
26561,27.69730406707612
26562,24.05450086787319
26563,24.6135306447961
26564,33.21099213031658
26565,24.421052074164976
26566,24.482435833134325
26567,24.062509528301504
26568,30.589369776315163
26569,35.52247883293772
26570,19.715089135752564
26571,44.57595673870264
26572,11.884517583931306
26573,10.791581709192506
26574,31.80854673388105
26575,16.03923006148464
26576,25.60899600358427
26577,24.90086924053886
26578,22.67102617921303
26579,32.27630660518022
26580,32.107082734811264
26581,37.085049389082826
26582,23.862175833903322
26583,33.26060479109596
26584,27.783673084793488
26585,33.633799348380116
26586,31.723669608586164
26587,47.08864950904666
26588,30.256484790471788
26589,28.59399042017057
26590,25.13813490300444
26591,27.76969324796412
26592,24.92083542480147
26593,45.334465746047506
26594,22.7227152538647
26595,74.20616363907553
26596,48.58242267477033
26597,30.21902346690006
26598,45.83227614188153
26599,32.240527143709244
26600,56.99707526789524
26601,74.26477017453226
26602,36.47788718976297
26603,25.473893306268714
26604,21.33177022438737
26605,20.580266367391623
26606,39.179725928740574
26607,46.39509913897081
26608,34.46478382890192
26609,26.602934567376558
26610,35.32927510809789
26611,58.95938468260126
26612,27.368665620413978
26613,49.553713175260164
26614,59.974009665082775
26615,57.51133488112475
26616,32.2750105349131
26617,51.50532488494698
26618,53.071302566679044
26619,35.71132840103672
26620,35.72852601241331
26621,36.39037912908839
26622,23.87274658064854
26623,27.929952370023123
26624,30.758364206469583
26625,25.899477384869584
26626,52.82450485098142
26627,22.558426699944565
26628,24.416489673430736
26629,19.88025471204755
26630,49.88189181170655
26631,38.85524848596854
26632,27.5250504968601
26633,27.11491002747579
26634,25.347482189816244
26635,37.99453238600898
26636,22.087599480399614
26637,27.628165280009203
26638,22.237247697835368
26639,38.08045412837991
26640,42.23927390405795
26641,22.77073372048542
26642,27.860881080714623
26643,39.9268757882451
26644,27.689499173696678
26645,27.05814216619102
26646,29.077970251618382
26647,36.8337477837903
26648,34.2632489953679
26649,24.27438445796517
26650,53.977753353078086
26651,24.866163172579203
26652,33.56884027666044
26653,41.98129509899895
26654,34.98229706931822
26655,19.996626481130267
26656,26.90796602674311
26657,29.75467546235342
26658,43.66356367978884
26659,28.936607599604933
26660,35.94774205391625
26661,25.452573920303756
26662,22.46170667901368
26663,27.44243382165406
26664,31.4212092978751
26665,22.690031275171414
26666,27.74920871559491
26667,34.528899298899894
26668,34.62913915192499
26669,29.759181439056697
26670,23.90903531191454
26671,10.41762975381151
26672,31.254333432075953
26673,34.75074792505275
26674,15.512573507972618
26675,26.17939842524918
26676,38.35116562971796
26677,40.425122706456726
26678,27.984736186069682
26679,30.1831591583649
26680,28.89284129190273
26681,31.696290535097702
26682,27.66459001584914
26683,25.78236797064879
26684,18.857010223047386
26685,30.118419323344988
26686,26.884459750740785
26687,46.2171422213016
26688,31.550007595739313
26689,37.88533299655924
26690,32.25407269763872
26691,32.659991019475726
26692,25.941360271343246
26693,31.321719931728286
26694,30.301700255536943
26695,18.620130324151614
26696,38.66755334688685
26697,45.80031827565458
26698,24.82635964977502
26699,26.252789313453263
26700,27.65146356684257
26701,52.385704408576665
26702,35.90574601229062
26703,37.26040605412481
26704,31.99630566006811
26705,31.62957711665242
26706,49.71971788684707
26707,33.010790819962274
26708,36.40824128948607
26709,40.20308867974501
26710,25.873866753781044
26711,29.98576241206408
26712,30.80400136553302
26713,15.951576258182158
26714,26.71119959749739
26715,62.648513981633755
26716,35.53303474325959
26717,36.685564279086414
26718,35.909930562887666
26719,36.52660896463296
26720,37.9917531835693
26721,30.525744218096122
26722,23.666708682403346
26723,30.83363951394152
26724,27.033919067810974
26725,28.261251624146894
26726,37.1905721093513
26727,29.507483273124308
26728,34.516527013629336
26729,35.850583425661625
26730,33.785804044011456
26731,31.481200774378728
26732,49.73728410481739
26733,27.033763227331455
26734,29.67066917477525
26735,39.444408056344386
26736,31.034027579320643
26737,29.370829671226225
26738,37.839180768816924
26739,31.719481449287393
26740,27.07754783704269
26741,38.04748580683724
26742,32.48524292842897
26743,22.60199939394797
26744,26.16303573993068
26745,39.07300506255858
26746,25.091912541288625
26747,27.27610523022736
26748,30.037659616358596
26749,42.023018568681294
26750,30.920499846824466
26751,38.880570504598786
26752,38.21600173435548
26753,51.23414108030263
26754,40.07823637548989
26755,30.321879057482363
26756,38.80060925804315
26757,29.41962768154079
26758,20.430794694216097
26759,30.432795701482643
26760,28.15890005069729
26761,36.4491670784048
26762,37.06791639524317
26763,32.29822661038281
26764,46.016754035341286
26765,36.79927527703468
26766,25.909545505510863
26767,27.671638594826163
26768,28.186937102159646
26769,38.712526553946326
26770,35.08862997188814
26771,43.94812603799166
26772,44.84291606487558
26773,49.79055997016283
26774,29.851046569674047
26775,26.30594405926913
26776,53.274566690757595
26777,26.183643294173542
26778,45.69399587058111
26779,36.77440194582799
26780,28.849664817311023
26781,26.13999337511796
26782,52.14584773449975
26783,28.380758833463386
26784,29.81789725006208
26785,31.25918460213778
26786,23.35681207505811
26787,27.637177064134374
26788,30.725525606262686
26789,32.395712492324385
26790,24.056802921503284
26791,27.031610314935623
26792,45.45113362347223
26793,29.582392411785975
26794,35.2316528213982
26795,35.11751793278429
26796,47.86732825354068
26797,30.27042221832202
26798,38.268937146759086
26799,37.08235380509075
26800,40.28437145562405
26801,38.664740734681914
26802,30.11252057293686
26803,28.58133864263606
26804,37.39607035813283
26805,51.9351918016484
26806,38.65756854406711
26807,41.21003831686413
26808,34.15182286344661
26809,29.34394391168694
26810,32.17390317864342
26811,33.46988083848352
26812,46.86935210128127
26813,36.275166535082775
26814,40.139272089661766
26815,49.23331852214286
26816,33.4233968904643
26817,58.31678168535659
26818,38.02489039597069
26819,29.468916168894065
26820,30.637790762739982
26821,29.38073858661415
26822,30.716804019126464
26823,32.48067918498247
26824,53.640868413949924
26825,32.37504479344408
26826,28.825011573695257
26827,60.8736784825108
26828,41.738306753141146
26829,37.68867868895654
26830,31.13906328892275
26831,52.280574868537755
26832,32.87796488482698
26833,39.0933324319523
26834,36.867108411844335
26835,33.429085445711934
26836,33.7598526091784
26837,65.43279782389406
26838,51.26275189385785
26839,27.17379359402739
26840,32.902092831848265
26841,44.810693920834346
26842,41.350057908745484
26843,35.638598445279925
26844,34.08212997331721
26845,29.977288028255494
26846,35.70111550239369
26847,28.39088415590959
26848,36.544772889606115
26849,36.765331766445954
26850,36.47028765204692
26851,27.93808557965108
26852,44.18572002970806
26853,56.474117149295566
26854,55.992418452628456
26855,46.066266795511524
26856,47.7359860241866
26857,55.93528280219244
26858,35.53415253498759
26859,57.259881770613205
26860,43.97866306383927
26861,38.46876947460534
26862,52.76640036273288
26863,33.896127269681024
26864,32.35567633205975
26865,32.740671540634715
26866,36.87248380921461
26867,49.68159384379356
26868,51.95819816418996
26869,39.30977110503062
26870,36.722072022763804
26871,49.80213652429082
26872,58.61294930495879
26873,29.95260438874694
26874,36.48477831645882
26875,37.02278274989184
26876,35.429834496967786
26877,41.093327463494
26878,62.36570596239531
26879,33.05630388125062
26880,52.36347967170736
26881,37.61575250980813
26882,43.98538097254937
26883,39.47241167881344
26884,47.76068620725807
26885,38.56004885729099
26886,36.92250453212428
26887,49.16155817918603
26888,54.466094646086965
26889,36.448113079774195
26890,42.48369397790832
26891,47.90219032519505
26892,52.80317229680372
26893,35.07771950216501
26894,32.888469576829024
26895,52.19329264802723
26896,38.7751797390649
26897,48.90167879274883
26898,39.55314857190124
26899,50.58300391488413
26900,39.76625879579863
26901,39.896918228822486
26902,54.50706254044316
26903,33.61526387543607
26904,33.25782056439936
26905,38.61932754898181
26906,49.0565405867544
26907,39.891466244634536
26908,39.409365874760866
26909,37.769860797079055
26910,40.2586381995784
26911,41.90751179714031
26912,35.99366425610298
26913,37.57185380333455
26914,51.482181122740556
26915,35.42223115813443
26916,34.69423698580049
26917,65.40336538361278
26918,36.17516417253229
26919,38.12534282851817
26920,33.67892615571894
26921,45.124060482191496
26922,30.01353493200682
26923,49.12442595738249
26924,33.35532201398687
26925,34.9109209724097
26926,44.82980882895847
26927,33.18623403570608
26928,35.695691184718406
26929,34.72581961957023
26930,33.54076181411848
26931,29.702262889129976
26932,40.085482812161054
26933,45.43922262250995
26934,35.49137408510923
26935,32.801804069692245
26936,51.84807930087353
26937,49.95278450028895
26938,37.37972305675089
26939,29.502172503646392
26940,37.03741191252841
26941,36.813090625586995
26942,31.652325484282088
26943,35.394638162425636
26944,38.08434709151843
26945,45.115275773889636
26946,46.324843739020956
26947,30.971677694892378
26948,34.059342685720985
26949,32.41983209894755
26950,44.5242332402608
26951,33.97972297485631
26952,32.812893294965264
26953,35.48705254162494
26954,42.71692126485181
26955,34.286676604306415
26956,34.46400960675005
26957,34.00215516285559
26958,49.12833598160921
26959,29.142980414464112
26960,41.40349261092085
26961,33.39215162377205
26962,35.95783214946647
26963,32.83059496936469
26964,33.59903601080852
26965,32.16802655002269
26966,35.496063837681824
26967,35.018492597437174
26968,37.73333555001214
26969,36.00234863371688
26970,33.191064909628906
26971,33.26429024744388
26972,35.13964939828782
26973,55.23713974012988
26974,51.03416477641579
26975,35.01632336022312
26976,31.830261675951434
26977,36.829437774479615
26978,58.31951017877799
26979,36.344795207791165
26980,32.48341426071539
26981,32.80855731673162
26982,38.8558324160705
26983,36.03974982899626
26984,33.559214500008224
26985,40.2867448355522
26986,34.913039841944354
26987,34.211490053646635
26988,34.91361705635157
26989,34.16429162668337
26990,38.38847495883701
26991,34.36406989874978
26992,39.038767071741574
26993,31.873909291725454
26994,34.95112949026865
26995,33.350590820471695
26996,39.36712583095394
26997,34.826366337931375
26998,39.62318735035337
26999,36.44755393625715
27000,36.613993400159025
27001,33.041844925338
27002,34.2373358790105
27003,35.78021920096004
27004,32.38557298545161
27005,32.14807189178775
27006,31.325272025165702
27007,29.940533888078555
27008,33.218657311009714
27009,35.282944465935955
27010,29.72493393060313
27011,35.5848100665297
27012,40.47186163256451
27013,30.455991217894542
27014,32.77363134890038
27015,35.07072088708505
27016,31.098567297106726
27017,42.08992665364426
27018,32.61939733262074
27019,36.793015419603584
27020,30.1580065834045
27021,30.791056910727438
27022,34.32887556729537
27023,31.312066372496545
27024,27.896326412000345
27025,25.980023516474557
27026,29.188963571445534
27027,30.88433754145708
27028,33.478957888126544
27029,30.895991540354473
27030,30.085477797043595
27031,28.647500089066565
27032,24.979718187123762
27033,55.18265868824606
27034,31.116666867448238
27035,39.65186496679582
27036,33.129568348820705
27037,33.757016679980325
27038,30.84711438234072
27039,38.27299205038656
27040,34.67383438223019
27041,34.36549015810702
27042,29.48739706981449
27043,25.807723616305164
27044,31.734143266291376
27045,30.353577205571646
27046,36.54051838746771
27047,38.09971653801622
27048,35.45874136416322
27049,29.859308785631843
27050,35.235826177259
27051,25.179690769945992
27052,32.274793248670505
27053,51.583108835933736
27054,27.376425539870905
27055,28.94651960644846
27056,33.76018115085434
27057,33.3662877692435
27058,22.556591820045156
27059,42.784151570397306
27060,28.786248837756226
27061,31.61557229054007
27062,28.280628254346386
27063,34.08902342817084
27064,37.27096822747693
27065,33.75591239434025
27066,25.657293978840553
27067,31.013449125362417
27068,33.33425351519681
27069,31.07342121381543
27070,33.07543959464685
27071,30.913825982501507
27072,36.824054743897086
27073,35.43255411252277
27074,32.803412741887854
27075,30.828294940268034
27076,31.362135873798834
27077,31.612525882930022
27078,36.26351356160879
27079,34.6069271167474
27080,31.88533595132675
27081,41.02410739634153
27082,27.71562157230308
27083,37.26417621537332
27084,28.872121033890885
27085,34.1338528403449
27086,31.468332669382505
27087,34.73962664860363
27088,33.999023267017456
27089,27.05961818027019
27090,33.76801764294905
27091,32.77755653601875
27092,30.290720954652066
27093,31.986389818369496
27094,32.530313001506926
27095,31.63819554849765
27096,30.286652937046696
27097,27.507442683649245
27098,31.722605288882225
27099,36.640292191774265
27100,32.38634736876651
27101,32.90299980931826
27102,28.91827171316534
27103,28.798666641935718
27104,30.362443714479113
27105,30.332814798563696
27106,33.443644388802085
27107,35.9516810274088
27108,35.84046220203551
27109,30.435757336751273
27110,45.099985323787095
27111,33.70536651811324
27112,38.382361614892474
27113,30.437979685447388
27114,32.771176264594885
27115,31.521477419022865
27116,32.9585897780464
27117,31.96828776078135
27118,32.59571190069392
27119,30.136723355599006
27120,32.92644318968283
27121,39.32982173564411
27122,36.77722463608899
27123,27.78806345417169
27124,30.534151131874186
27125,27.415499089346994
27126,31.44135128995603
27127,29.921332963872956
27128,34.930378199499
27129,30.07006369245604
27130,32.83536243743417
27131,36.973523019786576
27132,30.102019320138773
27133,26.77009459822266
27134,36.84223652068228
27135,34.85936333642576
27136,25.848577180506435
27137,31.517174973378133
27138,24.92478696301456
27139,37.2464173640059
27140,32.7031852000542
27141,29.78247573393125
27142,25.354666377394633
27143,37.30957724883832
27144,36.58644825617275
27145,26.77136116176798
27146,27.58788386832622
27147,33.55347459930215
27148,25.300515222810176
27149,36.308941464940695
27150,29.24693203558852
27151,27.360400720612716
27152,31.521563763505526
27153,26.97870578181334
27154,26.944354634058865
27155,36.16406243440751
27156,32.84335056362981
27157,34.546797497154856
27158,27.34850223801995
27159,36.494328061609146
27160,29.77323212937491
27161,28.26241156585539
27162,35.53655067992865
27163,32.53531491224461
27164,32.21909498815514
27165,28.914015520240742
27166,36.225066524364195
27167,30.18252418114767
27168,29.280785361766135
27169,32.82080070616594
27170,36.91620972401539
27171,33.18602635468157
27172,24.54004055388126
27173,31.247678223509787
27174,35.92075567307087
27175,31.17243116353292
27176,79.77869863476619
27177,29.181560710220282
27178,27.929790898973437
27179,30.32311308328142
27180,29.333882737688768
27181,29.787483565322447
27182,29.922510462324286
27183,30.569109262869055
27184,29.480746952366385
27185,37.865718811533824
27186,28.250285955206287
27187,36.621296918861006
27188,33.690371992130196
27189,31.823430129252948
27190,30.744966260973428
27191,39.56740664035427
27192,36.49965875096194
27193,23.920592181818815
27194,52.50672546788667
27195,31.679763224116925
27196,35.422807495919436
27197,24.8552942997571
27198,38.15279385779241
27199,39.44526771963526
27200,28.039702426749113
27201,26.731111311318198
27202,27.5171171084212
27203,30.672695917586154
27204,26.936623721903523
27205,30.1348645107808
27206,30.792705414518586
27207,29.442937746407463
27208,31.321713165889655
27209,28.04267649884954
27210,29.372746743825566
27211,33.71041332383618
27212,29.61113485534204
27213,27.99076105453389
27214,27.461459736213367
27215,28.700360273908196
27216,49.676293053396996
27217,60.700487276326406
27218,34.67134964310328
27219,55.81384538394708
27220,49.2546906655712
27221,35.634579269528736
27222,41.81565045438679
27223,56.765882574868705
27224,54.177367302198796
27225,31.901809054444698
27226,50.17582684570114
27227,31.379193996436232
27228,32.740671540634715
27229,35.2665791842088
27230,53.35169271092837
27231,77.26757558510019
27232,34.43395861761856
27233,34.8639919783552
27234,35.94455905692922
27235,54.45550998180519
27236,32.473537697875514
27237,45.019214391349486
27238,29.326665234019945
27239,36.177951062357316
27240,41.76050295230003
27241,37.90758561476461
27242,40.24578185979689
27243,46.47050666771841
27244,32.3084944142348
27245,29.67699815623427
27246,45.045336553429536
27247,39.49607335448385
27248,75.54124307594634
27249,34.74239175740233
27250,41.70055745621514
27251,28.015389007512585
27252,57.50066758674976
27253,35.154316592356395
27254,38.28738801523495
27255,32.97962417312184
27256,48.640660035993655
27257,45.01461835517111
27258,56.33329467761274
27259,35.01407349089443
27260,38.60619277488883
27261,55.5467263043778
27262,47.67229790532191
27263,40.18458397009528
27264,34.29952762385096
27265,37.91110091669759
27266,33.31255127976051
27267,52.45379092496082
27268,38.90274521815504
27269,57.010333648791
27270,38.645587867544656
27271,29.191087272927355
27272,35.794921398337536
27273,34.218973928548024
27274,35.15276067855764
27275,33.41205277164014
27276,36.49437502607336
27277,27.02906766105717
27278,26.38539100986138
27279,33.522744570779984
27280,27.469665448114277
27281,36.291995454581375
27282,30.013034595872362
27283,34.0385166903542
27284,36.842467502569676
27285,30.851485560646374
27286,29.96377900489545
27287,34.22495119635272
27288,22.97995189012323
27289,40.300119128518745
27290,32.9345278202294
27291,32.628933264687085
27292,31.686177949059314
27293,38.77164800382481
27294,32.847931579578145
27295,29.366994962131542
27296,26.930168223402816
27297,32.6696906111322
27298,36.777757328934726
27299,35.57796974036916
27300,21.431466554694826
27301,34.01665936172286
27302,30.51547110177119
27303,35.72528507226337
27304,28.13534639264368
27305,31.47248674673871
27306,34.966826203684604
27307,36.94478790943165
27308,39.24137292619727
27309,31.090011424088367
27310,31.51317819389949
27311,50.49378031105935
27312,38.214991910643135
27313,40.64864237494445
27314,27.091897024495417
27315,32.02265458523374
27316,37.163351592550214
27317,30.933078472602126
27318,33.813626844093875
27319,39.75968416665285
27320,38.8490261903131
27321,34.19859359795052
27322,34.504250913946365
27323,36.65860921707833
27324,35.59359642810659
27325,35.033272299689266
27326,36.94219885703478
27327,36.5836361072628
27328,39.61239629883092
27329,34.60084706127948
27330,37.044002377403764
27331,38.50756960174877
27332,33.80242643738177
27333,38.82672966252654
27334,33.44768200798121
27335,34.222253236542805
27336,30.414585921563372
27337,32.65418811580887
27338,33.185043953040044
27339,29.315939119882763
27340,32.910050500367355
27341,34.172494529673166
27342,33.542256939825926
27343,32.804351579394826
27344,34.8301505853897
27345,31.611858558619378
27346,33.12124564150003
27347,28.31795559958623
27348,32.914252123090044
27349,36.26974528950095
27350,40.031510757034894
27351,35.89706447124475
27352,30.94899709240744
27353,32.84371995705824
27354,29.96725904174792
27355,26.186126113208
27356,48.545516994617415
27357,34.32263498247355
27358,33.04799157196486
27359,32.308940501185546
27360,27.17997956730316
27361,35.37097264655114
27362,30.574256674751712
27363,32.88708292203423
27364,34.29226460464394
27365,33.09849662526814
27366,32.03487437319791
27367,31.327807390436014
27368,29.47387343247725
27369,31.82169787136447
27370,40.854293076248034
27371,36.6558315534079
27372,31.43814585075481
27373,31.71211776696297
27374,32.343912638835135
27375,27.319012799287236
27376,33.95772660252763
27377,29.727141735238874
27378,33.87278765390349
27379,29.271986287248097
27380,29.921532661806225
27381,39.23103991470298
27382,30.36684995619898
27383,31.60068100186008
27384,36.74826422729515
27385,37.39434547236314
27386,39.235133233582964
27387,28.205179658420757
27388,33.6411509835801
27389,39.171225814991175
27390,36.46894581730743
27391,40.23964121985879
27392,33.40629594731683
27393,35.97029940549085
27394,34.34876292251787
27395,38.78142114016042
27396,33.19287609086389
27397,36.75177953064678
27398,29.19569256414759
27399,29.563960654181948
27400,31.5834310379415
27401,31.196750106344915
27402,27.09219975312426
27403,37.88972475928118
27404,30.22261551619031
27405,30.35995638078928
27406,33.62088889290933
27407,38.1526299775023
27408,34.6865222066801
27409,29.430902289591902
27410,26.647381222177366
27411,35.142017757581115
27412,37.69789921331734
27413,35.05522834139384
27414,37.251866666065894
27415,30.258159006437147
27416,31.879358224384106
27417,34.00725273645117
27418,32.91117207241645
27419,50.04111602167206
27420,32.23680600797076
27421,39.79512554061415
27422,32.79773164385393
27423,36.87970271048542
27424,33.253676642163846
27425,36.46894581730743
27426,36.12776893333758
27427,38.13585515505999
27428,32.95735862895205
27429,35.023141660061945
27430,26.7741016419059
27431,30.85339154787664
27432,37.07687036078085
27433,33.66812880551779
27434,30.226264148931413
27435,36.80517511457037
27436,35.70735707539979
27437,33.50835165395428
27438,30.490321409874923
27439,38.248281684725725
27440,34.805328418220455
27441,31.341961914194282
27442,35.89609649354949
27443,38.39379322133035
27444,33.52923108193072
27445,33.185043953040044
27446,26.50726700660197
27447,30.449812378075478
27448,35.19965124689119
27449,32.78308751876873
27450,28.383804681627097
27451,27.963750342494336
27452,29.790254582439353
27453,26.325893095939648
27454,41.80383671875764
27455,28.191202690727437
27456,32.876457947357
27457,35.37403040838559
27458,34.360938487494955
27459,27.089364229268018
27460,28.341941347135172
27461,29.22290503113065
27462,34.740565838259926
27463,33.32294341837609
27464,34.30483993545933
27465,33.086981533638365
27466,27.846037236154014
27467,27.420943041166456
27468,30.17513532538645
27469,37.39582650412132
27470,27.18004346105056
27471,32.84812955732829
27472,25.864118916125545
27473,27.851441871012995
27474,33.50776357210485
27475,31.843970280518597
27476,28.69258107278074
27477,27.165065265693393
27478,33.51032220812807
27479,58.47095566512403
27480,31.429227707946733
27481,48.86755260136024
27482,30.103410572259737
27483,32.68972264726238
27484,38.264279766907336
27485,36.766815076273105
27486,33.01554863504933
27487,32.50739315327094
27488,35.447786590228546
27489,39.84649286877062
27490,34.44530770416473
27491,37.2390546163854
27492,32.800726431017445
27493,39.55093636566434
27494,36.54395388736021
27495,38.28616995424642
27496,30.361004748611997
27497,37.697337246835
27498,32.39790585453655
27499,32.33972556700498
27500,36.10117748349762
27501,34.10519060387046
27502,36.744710204844935
27503,37.93803139019089
27504,30.595124887178507
27505,35.21652956494553
27506,35.2254287892129
27507,31.69071735260652
27508,31.502913065591276
27509,35.46210740185079
27510,34.39947803840726
27511,30.412477524713776
27512,41.089010365261515
27513,34.709906438372386
27514,32.228828542089715
27515,36.63794273451621
27516,36.912035386956944
27517,33.00289359772493
27518,34.697477718492706
27519,33.81305912202279
27520,33.825935815838946
27521,36.72573153150773
27522,35.38960466907725
27523,33.79295179227633
27524,34.737533111831866
27525,37.19273972652013
27526,32.67756984522095
27527,59.161225277889315
27528,39.443802194879396
27529,48.339032496273376
27530,38.25503813643147
27531,45.10796004844579
27532,34.94508699297235
27533,35.598330571774156
27534,35.00158216361969
27535,44.864486863356454
27536,36.32688284262411
27537,31.43553956846103
27538,31.830203018200844
27539,35.659146469865725
27540,33.673532526705614
27541,32.166803491911736
27542,30.17510469631954
27543,33.006263555036035
27544,37.244472092661134
27545,39.05540771160967
27546,38.106476318967374
27547,38.149900081699435
27548,62.02392199551993
27549,41.98284086522331
27550,39.501590300023544
27551,38.42669727029588
27552,59.103100880678284
27553,35.281883349680115
27554,31.74026698979239
27555,43.39994501236768
27556,57.9516784051318
27557,63.01127518309207
27558,52.91205537053993
27559,52.097099737235844
27560,62.769047414580456
27561,29.13658786178088
27562,67.1201251329307
27563,57.1220808173298
27564,37.623710867236106
27565,43.84696822615875
27566,66.28742813177757
27567,37.046701009758884
27568,39.85490600175599
27569,31.00486092782743
27570,31.330515199394355
27571,67.1932966134502
27572,52.26348690505744
27573,62.052021967921384
27574,37.14027235791528
27575,40.22311366860647
27576,40.118918596282086
27577,53.63762888513215
27578,58.26146463729835
27579,37.12022105818926
27580,65.05172580124567
27581,59.043293886315006
27582,45.03166954091508
27583,40.29305435377094
27584,32.915013065121315
27585,67.64329112942046
27586,63.19791685160403
27587,41.684051730358696
27588,52.67483768636735
27589,34.746292030589636
27590,52.5765699671246
27591,30.47650301897744
27592,61.19428434136576
27593,69.07135117532631
27594,32.32142622247481
27595,50.08022493484147
27596,40.933786219759895
27597,75.30379296792857
27598,51.5338992135683
27599,37.8045106512702
27600,48.309218335035155
27601,52.464422742714135
27602,48.92283970181247
27603,57.268804598938125
27604,44.76488745695778
27605,47.339750327128336
27606,78.72139547242334
27607,40.15456426312947
27608,38.836420172561695
27609,37.281911523551166
27610,38.74337086681422
27611,48.47913526138364
27612,35.20710707631645
27613,60.728678594085906
27614,48.41418194988091
27615,34.32148523138878
27616,42.597076365843904
27617,38.83243333597938
27618,59.80795746241288
27619,39.23436581457196
27620,48.04822934586519
27621,37.02193706406565
27622,58.82620813893354
27623,48.00397968238617
27624,36.13508252768187
27625,59.44553989212501
27626,45.56749673735911
27627,46.08584280056086
27628,45.591442086113894
27629,47.68665264672691
27630,48.10855465580785
27631,38.477230122683956
27632,61.44050202898053
27633,48.583733382665756
27634,45.77986400736215
27635,39.862950883102826
27636,52.6315060878419
27637,48.06879072789216
27638,47.52935072849066
27639,34.74722164692277
27640,37.16009431833811
27641,66.58920005314206
27642,37.52802823405195
27643,43.121320487699386
27644,48.49997598802818
27645,36.371573976705854
27646,36.567674168306574
27647,42.32865753020277
27648,29.737587304638723
27649,46.29248031236219
27650,24.024813169900362
27651,40.83338949633357
27652,26.87368290916069
27653,39.51957238816041
27654,42.01587247005796
27655,37.64234127939482
27656,40.308149706038925
27657,37.69087232602227
27658,38.03371318127577
27659,29.520599508484946
27660,32.32278068265135
27661,30.555821444314567
27662,42.426356170077064
27663,38.50354516759279
27664,28.393339291795478
27665,37.21366798944436
27666,39.89936733451559
27667,28.73968752516608
27668,27.530399817122408
27669,43.10800948013507
27670,40.67151466275134
27671,35.491097543776256
27672,28.822109541486775
27673,23.35724256203151
27674,25.359058812538745
27675,38.18055914314981
27676,27.65948647807891
27677,34.799233488970316
27678,28.06265321528879
27679,30.56682534052558
27680,38.97060592552968
27681,29.05275324545921
27682,52.19691922933942
27683,38.51874290132509
27684,33.86273859250899
27685,32.2815290086221
27686,31.867260978303655
27687,43.392380430377436
27688,34.59307487072282
27689,38.168942748450434
27690,28.60202113507565
27691,34.65373943959864
27692,27.083842068403197
27693,34.707404885488096
27694,19.240775508668882
27695,31.373828061794043
27696,46.43566021808023
27697,28.79419694652859
27698,30.882616534061114
27699,59.00762238234448
27700,25.853670076591502
27701,29.773632923646474
27702,38.05846034783663
27703,33.113745528231064
27704,30.53778977454308
27705,29.247532475954728
27706,30.60883713274208
27707,31.937579202477096
27708,17.8078394105963
27709,27.68030389876995
27710,30.548408979044744
27711,39.28273134882079
27712,46.59101684229637
27713,39.53870998973708
27714,45.83907652179688
27715,32.43824493116513
27716,28.384202712130815
27717,28.593187622734956
27718,30.7838636571701
27719,36.871354817542894
27720,31.204502924662766
27721,65.21809780990168
27722,27.928676492764932
27723,30.80589198322932
27724,39.66374422075542
27725,35.196756740451356
27726,35.09324687235582
27727,30.78745767926761
27728,27.22678115236152
27729,51.38987413421961
27730,33.262084667829576
27731,30.815208393576498
27732,47.99441770135798
27733,41.40243744701658
27734,32.42605430738122
27735,31.431548268094915
27736,36.01217810767303
27737,31.933814697835377
27738,36.69899184165698
27739,33.01542262402299
27740,32.75456005039297
27741,31.47266805409874
27742,31.099435488264678
27743,35.12286521456937
27744,34.64602716958552
27745,42.87635565244496
27746,40.16258774277048
27747,28.73925742204053
27748,47.56501120209859
27749,44.28003977836309
27750,34.5494980381895
27751,55.04784138183288
27752,55.67539081371307
27753,55.897969099661125
27754,42.62193163600322
27755,56.9495613857922
27756,55.20126994192971
27757,37.81308584017741
27758,46.906889189917266
27759,45.77662882696208
27760,49.560983935818555
27761,37.75519459193599
27762,44.22563037948963
27763,29.235024495135274
27764,44.575543787484655
27765,50.56287560305278
27766,40.973114448868024
27767,52.38040758736861
27768,48.65979711298687
27769,42.61561447804958
27770,47.77972099742483
27771,42.7071090476249
27772,40.66154000870694
27773,53.36134731292253
27774,48.128044367013736
27775,45.60596019431774
27776,32.02715547884644
27777,39.40323472320301
27778,47.345250452165835
27779,46.02365985317109
27780,21.449627275649178
27781,49.311985075619575
27782,35.7784418444967
27783,35.35801467344522
27784,34.34518930608669
27785,38.95069614070856
27786,36.22724483178179
27787,32.675587841075824
27788,35.73735891010117
27789,45.64791893576064
27790,38.34846838111036
27791,51.6234778351817
27792,40.26402806892766
27793,46.85468698952114
27794,34.82751729417563
27795,33.14537015656017
27796,35.4836799365239
27797,49.254657123852546
27798,45.84927569972212
27799,45.88844573721541
27800,43.32076907343204
27801,56.39340113710088
27802,30.98202254892562
27803,32.433797793503416
27804,48.70444950105865
27805,40.28059796842181
27806,39.81893566164314
27807,34.77406847929174
27808,34.44627711250756
27809,33.07894146746208
27810,31.554701753165737
27811,34.27930555941538
27812,35.097330199140664
27813,34.703347339559144
27814,31.22895174539245
27815,30.464185820361458
27816,33.79567354816315
27817,28.679079766884563
27818,32.12412042986837
27819,30.81539034472187
27820,30.781094286066985
27821,31.442109499400836
27822,36.276686583930896
27823,35.227773603021745
27824,33.213864384048556
27825,32.686916956615704
27826,34.60224030940627
27827,33.56967785468122
27828,34.59018804211643
27829,36.37157173933478
27830,35.199092948714195
27831,34.24487260644043
27832,35.213698253182386
27833,34.965409263966144
27834,48.074741518311264
27835,38.2459512141516
27836,32.41580060964236
27837,37.40731374187004
27838,31.7086058200216
27839,36.325716115582125
27840,37.08811318354828
27841,33.256708693891696
27842,32.99453101918397
27843,35.53946664039181
27844,34.78096942737217
27845,33.606058629601485
27846,35.03529816155885
27847,29.282618478346894
27848,36.02087878414053
27849,43.16610759204111
27850,38.61035207735816
27851,33.198850901018
27852,33.065669648645
27853,47.41040053646687
27854,32.3574637679836
27855,36.22626263909244
27856,36.70801799031758
27857,39.314712815703125
27858,37.24951465752158
27859,38.618878956850224
27860,39.43961127735762
27861,33.241890288127784
27862,35.82325183490573
27863,37.21950328312754
27864,31.497395117296787
27865,29.54476096736315
27866,34.87813414699134
27867,75.22635831204548
27868,44.724732409693175
27869,48.11817469732613
27870,43.75452897731905
27871,31.5817204472168
27872,36.87241855255628
27873,36.24798216433646
27874,43.716888084443326
27875,42.46691337086624
27876,26.36650945362602
27877,32.73943908447026
27878,27.281679389609092
27879,42.36612137928528
27880,34.222014060940985
27881,36.86394023825799
27882,40.8183547039826
27883,29.150669521351748
27884,24.160626138387933
27885,24.008798171528355
27886,38.246646311916365
27887,29.912264270670157
27888,31.151270257132627
27889,28.06495519646462
27890,31.339724532559067
27891,31.56874192955697
27892,25.907065824240604
27893,39.3637244401248
27894,34.59993688932309
27895,33.53723938865874
27896,26.435819378627652
27897,29.314884056241883
27898,28.719522816863538
27899,27.88934386524811
27900,37.51726865749468
27901,31.289275861029935
27902,27.979915723983403
27903,36.721596625610964
27904,32.71948541682375
27905,24.96485548885828
27906,30.56569967974996
27907,28.852317200963892
27908,25.272325865000223
27909,32.42909078426004
27910,33.89842271293614
27911,34.23489144392984
27912,23.450521591453406
27913,27.574642307421588
27914,29.26251330068495
27915,25.232366696397158
27916,33.13531983018802
27917,34.87013836334483
27918,21.50862844232774
27919,29.379043698186166
27920,33.395657362998115
27921,34.759053201457036
27922,25.67917259921724
27923,27.398487169900548
27924,30.92095697969186
27925,21.19448467172579
27926,24.17810177651901
27927,20.546897375708838
27928,28.25477272319149
27929,24.59786458095365
27930,20.514539021194782
27931,33.85386471256201
27932,27.17600124775448
27933,25.596534629767607
27934,32.938243458098555
27935,29.003497785721564
27936,27.78176831516323
27937,29.775316373145383
27938,30.82719121464102
27939,27.876526870475033
27940,47.644625277761584
27941,25.968598795095147
27942,23.964007272511324
27943,28.277552939110926
27944,28.596649277722612
27945,24.2308157140732
27946,32.387651523930295
27947,23.051802179333826
27948,28.93751218592563
27949,36.58676593848634
27950,31.626633097760845
27951,38.148499927973845
27952,44.475224762469736
27953,26.113522113065265
27954,31.555679833819823
27955,36.03027446655385
27956,22.9218129903129
27957,26.14692397929373
27958,25.77078671346111
27959,38.73825855681878
27960,35.47660545923165
27961,23.87860405068327
27962,32.56143645901685
27963,30.5908486558112
27964,33.83524183353692
27965,29.9324048986948
27966,43.64081473632922
27967,54.42468752336745
27968,27.700213447990212
27969,37.41235343532207
27970,33.40461146320303
27971,20.613325219725407
27972,31.665259857835817
27973,25.85313637485261
27974,31.793133522767413
27975,29.811230993585962
27976,30.668964075094834
27977,43.71640244357157
27978,28.851588741380244
27979,33.99224634014141
27980,24.421482352502576
27981,57.22142295889235
27982,37.58988351674651
27983,32.061675649438754
27984,27.535894662925788
27985,45.016775721716456
27986,18.961606796805256
27987,29.65980624683418
27988,26.213343846152707
27989,26.1429680817638
27990,35.52624624367304
27991,26.968052587315768
27992,26.930905616733654
27993,26.867689654486604
27994,26.652326879149133
27995,30.17937897905192
27996,32.433797793503416
27997,26.003863890225244
27998,26.565310614935147
27999,25.149982180393526
28000,29.395870684652586
28001,37.031979539012326
28002,32.560724609151684
28003,30.17897877283243
28004,26.56560347889017
28005,24.29606205221939
28006,23.064962449369894
28007,30.3556964016879
28008,31.008216547566967
28009,36.86848199349394
28010,22.943871920227746
28011,27.320684027054057
28012,24.91034495025764
28013,24.949620483665846
28014,31.627695958678075
28015,38.988848805588276
28016,33.68941982877426
28017,30.709279932949862
28018,30.420648591358507
28019,35.51671884260604
28020,36.5958289262524
28021,32.59255012135798
28022,37.092754411983954
28023,27.249746590628185
28024,26.697105323563296
28025,31.020430654117735
28026,31.56965327075372
28027,25.577877586692853
28028,32.371380475987266
28029,29.08997773757335
28030,29.302397239781556
28031,38.96454792163012
28032,28.67465807556625
28033,32.41710829350504
28034,26.35203969568291
28035,31.90724623623182
28036,41.37232376169759
28037,33.59577024494645
28038,43.53702723819278
28039,35.62964051887107
28040,28.59464692326162
28041,33.11567990727478
28042,37.45598002450471
28043,38.4160263891974
28044,44.294594484466614
28045,30.90814888277025
28046,30.44546668715703
28047,26.289912351785944
28048,23.210675725254838
28049,33.01287096453736
28050,36.016117272253936
28051,51.96444093115844
28052,27.196379068380818
28053,25.582746828470178
28054,41.93170561029562
28055,35.65555895532448
28056,14.62381471075636
28057,27.226262031623403
28058,32.77438065672328
28059,47.748809727468895
28060,37.96268782939564
28061,38.1117002822801
28062,46.13345950260097
28063,28.148001814711556
28064,36.219603430532175
28065,38.09098764208517
28066,37.889337253897764
28067,31.262602856565756
28068,36.560632715601464
28069,34.95501845813614
28070,38.07141376749183
28071,37.120110947119116
28072,32.66875993708457
28073,52.306702765522026
28074,33.8704986470994
28075,35.447902046690544
28076,35.00089514342071
28077,36.02808993661857
28078,32.73943908447026
28079,30.301539806814816
28080,41.0099866550626
28081,49.59270581669841
28082,31.901809054444698
28083,40.54210861165268
28084,41.24843786176753
28085,38.92925883858573
28086,40.06480823203055
28087,38.35544329042113
28088,41.17256325403151
28089,38.332377967214946
28090,63.9075452012368
28091,51.01107732978837
28092,28.186022682173096
28093,40.37782312709322
28094,34.8640846954374
28095,41.908041633728125
28096,36.09152635603983
28097,38.518429689859374
28098,49.035855373861445
28099,43.32713022994808
28100,36.93209951471658
28101,36.54460432827301
28102,45.90174673981922
28103,30.505817884603914
28104,30.096317963076288
28105,33.065206548405605
28106,30.582849568344102
28107,28.778943471119508
28108,27.22929309233835
28109,32.102815254948325
28110,26.916945110450786
28111,35.621342603886845
28112,29.07513558249135
28113,33.05750230351085
28114,31.018372553408355
28115,30.92046608226056
28116,27.1823192329814
28117,31.56476247824134
28118,31.988242091200117
28119,28.164453859340526
28120,32.009148251685225
28121,29.696623469976238
28122,33.51639911121865
28123,27.525001826949357
28124,31.640723319907877
28125,29.573434105151165
28126,31.45260045768386
28127,29.708429192525955
28128,29.062770487281696
28129,31.459385718027217
28130,28.98493724902506
28131,32.12794216930257
28132,32.16914199724754
28133,28.339778515538498
28134,26.471950465770828
28135,30.10948976220946
28136,28.785520240695128
28137,28.02570574220346
28138,29.532458988151816
28139,25.517954565093046
28140,31.111577343399922
28141,36.22976118552671
28142,32.47911799058988
28143,32.08710554744138
28144,28.38461381992847
28145,30.895076867217924
28146,32.08052790614653
28147,31.56870635409738
28148,30.624111605124142
28149,31.500983476557558
28150,33.042319032044986
28151,33.100937394384026
28152,32.870787887692536
28153,31.320412827712744
28154,35.141627180300794
28155,29.930071664354287
28156,32.753175964921866
28157,30.994188553749275
28158,30.276727148815517
28159,28.570397687026123
28160,31.233234485409774
28161,30.901889472511986
28162,33.71101636405244
28163,31.92114612160055
28164,29.820885802313715
28165,37.29661018097026
28166,34.73397358313997
28167,30.383504330119045
28168,32.561389453088736
28169,31.728154954643422
28170,29.67847439465385
28171,34.629608816821595
28172,32.648479818204805
28173,30.521331253458293
28174,33.35927730971426
28175,32.1251421324594
28176,34.10425377443198
28177,33.02548080571536
28178,32.761947301205026
28179,31.7387680542978
28180,28.27617720618416
28181,34.56494027884148
28182,35.6821895853342
28183,30.607950715509027
28184,30.069059843491267
28185,31.005056082691794
28186,29.578443870132848
28187,29.89082404964153
28188,32.11812550345466
28189,31.831024170666907
28190,36.940137129106986
28191,32.870861343316406
28192,28.527014513792
28193,31.982701834560814
28194,30.901410063237925
28195,30.178834703395303
28196,30.861888102205278
28197,32.924175813442986
28198,31.257235174409086
28199,32.81663387614755
28200,32.604318280204026
28201,35.18605560256529
28202,33.356754701927116
28203,33.59697629425044
28204,30.45616174006676
28205,36.2455014405039
28206,32.99655266636517
28207,27.17154870068747
28208,44.1376756698512
28209,52.47430916409855
28210,33.66579723190782
28211,36.328331135696494
28212,45.07439228365164
28213,46.22112162654519
28214,32.976798879394146
28215,32.74660318728861
28216,28.34542454141578
28217,36.49215430190968
28218,32.64014990851854
28219,34.775142078157586
28220,28.625867198833518
28221,30.076245503265604
28222,74.31520367149935
28223,31.25432155861782
28224,40.52541649811021
28225,31.311580274715524
28226,31.79286112994202
28227,34.73398354646639
28228,38.574448145291484
28229,33.0975067193548
28230,34.35925126613061
28231,25.879924937030964
28232,26.337296844207348
28233,36.07016616628816
28234,31.08775419602855
28235,66.05088822444137
28236,31.11218253419051
28237,29.41472244014564
28238,43.01230878857074
28239,32.19108811217346
28240,36.26165619681331
28241,27.44855411508053
28242,36.728063525740616
28243,30.300060974954363
28244,32.809858488275665
28245,39.654728152834444
28246,31.56774567433802
28247,33.103211506275294
28248,43.036987178088516
28249,31.01278693090579
28250,32.67045731762951
28251,28.08716969768041
28252,37.57447695657155
28253,30.611063854738973
28254,31.018223711900298
28255,36.79008835455746
28256,39.163677228275255
28257,33.76378451224455
28258,31.547680282806887
28259,36.43407659948913
28260,35.15807491571007
28261,33.041848805959965
28262,31.52645352494883
28263,27.48964478989225
28264,32.906617557057665
28265,34.30752230545715
28266,28.578052605357936
28267,37.9198618913019
28268,36.27777491446042
28269,44.36094546722331
28270,30.528392321641938
28271,42.0355262404025
28272,33.62349442147916
28273,35.14038777434736
28274,37.20910375838016
28275,40.18019628576203
28276,32.966469247806316
28277,35.58670828708604
28278,34.54302925919851
28279,28.97166280356864
28280,36.57205293785967
28281,31.73050473526651
28282,33.84967005390827
28283,39.81663418334433
28284,31.45418856651378
28285,29.2259022866574
28286,32.64871580145416
28287,33.13338114830546
28288,26.298229119017066
28289,34.24889397241044
28290,49.70905973901619
28291,44.686908899022576
28292,36.673748732696524
28293,37.816070548818665
28294,35.36572251054433
28295,28.2002551385553
28296,35.64555528271364
28297,31.48418116246379
28298,22.06602074227466
28299,36.5079341051223
28300,34.279757261032046
28301,40.62613211723549
28302,74.31520367149935
28303,36.87248380921461
28304,35.07771950216501
28305,32.91162297058709
28306,28.711566947836154
28307,39.30977110503062
28308,38.932474433257376
28309,31.08669176874633
28310,39.35588393626529
28311,39.70974850425787
28312,40.85605659605222
28313,33.35326191279288
28314,37.659698065976144
28315,36.17516417253229
28316,29.830737275445728
28317,33.82779724495751
28318,38.64691768332289
28319,36.85720327184826
28320,26.31433444995243
28321,36.34434955666536
28322,35.598330571774156
28323,43.73011176044808
28324,40.4785182969122
28325,37.94431808802074
28326,31.573702786729932
28327,43.82284165812337
28328,34.58384716074856
28329,31.806212707117353
28330,33.62482998094916
28331,32.639217997461365
28332,35.02807369239663
28333,32.71161346263335
28334,35.187065903766474
28335,33.34369295240115
28336,37.12366682744419
28337,38.56702167980808
28338,36.46408527231033
28339,31.492619981462656
28340,37.60590271984138
28341,31.81936037884065
28342,41.053198237886754
28343,36.08555380086586
28344,34.624231896626426
28345,46.141422164821314
28346,35.42885896575288
28347,37.462046002439
28348,29.65378777248017
28349,31.817857172827452
28350,35.420496542351195
28351,35.66269011628916
28352,38.26487925045268
28353,31.36663040395812
28354,33.58170148259845
28355,31.95785965047492
28356,43.86011983231175
28357,31.690210928568643
28358,38.308208049137704
28359,32.70999659231348
28360,32.26764602864038
28361,40.43282041043097
28362,41.60892840386142
28363,37.36364094409989
28364,39.951496953217415
28365,32.923817417367
28366,39.21829459212067
28367,40.10116464670247
28368,37.039020027327105
28369,34.28507796122375
28370,32.86283610160514
28371,42.26162097352104
28372,36.47846285497477
28373,34.8149952852864
28374,40.87661545348931
28375,35.35677990207526
28376,44.47023392102684
28377,40.04899543274537
28378,36.6866208680477
28379,32.06356362311114
28380,34.5115921252023
28381,33.55499715863923
28382,36.991763886446584
28383,32.18582246801425
28384,28.103995470131153
28385,38.719709781825216
28386,31.658395116679277
28387,33.959100459066526
28388,32.098268227940906
28389,39.927397556796684
28390,33.56271071717296
28391,38.43700517402608
28392,38.97248231303265
28393,30.22614716295842
28394,31.495717779752894
28395,33.69786872111556
28396,31.102643884845946
28397,32.30430604911081
28398,31.154768253202803
28399,37.24733059778025
28400,39.36644621860866
28401,38.37838511784132
28402,38.06418170843037
28403,33.14415251475371
28404,29.520599508484946
28405,33.80095901876335
28406,37.326922886949426
28407,46.866480772648075
28408,32.94279864021887
28409,44.22563037948963
28410,37.7746052301245
28411,38.20543547389074
28412,31.25432155861782
28413,29.48403959804724
28414,30.48104958763186
28415,37.38809627509943
28416,31.405642693257818
28417,40.28298853364383
28418,33.92743862733013
28419,33.73841492979878
28420,39.885859351343406
28421,24.360028890872957
28422,41.18628116308677
28423,28.751601667979237
28424,30.65503936066526
28425,32.36411597406698
28426,38.95851865156387
28427,24.724115800709843
28428,35.81284060036831
28429,40.33413308264795
28430,37.21366798944436
28431,33.413886872224445
28432,29.58193056433334
28433,32.33922067898306
28434,30.61847103934479
28435,37.249966154984065
28436,38.75459657499487
28437,32.25560142732249
28438,36.77407064733361
28439,33.955112597808984
28440,37.0789065729498
28441,35.980886404670585
28442,31.005723006850033
28443,34.95504635872975
28444,37.85702231513718
28445,40.369135289132664
28446,35.23530557465484
28447,35.53623916061587
28448,36.87873426796484
28449,37.04508826331207
28450,36.73547098615837
28451,38.29080601871297
28452,32.51765678872822
28453,34.295893625675646
28454,31.632603150746025
28455,35.270413416554135
28456,35.28112245910516
28457,36.58437247003693
28458,29.382365906190007
28459,35.98314615276768
28460,32.5512676058895
28461,33.532014775186035
28462,32.241404554247296
28463,31.228981948982963
28464,34.336222315997475
28465,33.59991867045435
28466,30.708499612606833
28467,33.8214097902975
28468,34.182978898183386
28469,30.613585694624856
28470,37.193996055994496
28471,34.614881974127016
28472,37.1485877855263
28473,40.646427589832065
28474,28.92335905830627
28475,32.64200568352077
28476,24.93374409178152
28477,28.027885965812747
28478,45.45616077617157
28479,27.906647332082795
28480,36.90407342373115
28481,34.99206280814255
28482,41.045591671007266
28483,25.288640757726036
28484,30.617730080908725
28485,28.601673654165694
28486,28.196523179485606
28487,40.06116729627271
28488,30.319953978251647
28489,35.42281355159163
28490,29.885941914512898
28491,30.043468376737415
28492,27.25585254934978
28493,31.78307893068972
28494,38.44568217876143
28495,39.99348617654594
28496,43.13277381602592
28497,35.491097543776256
28498,19.240775508668882
28499,39.87342826816593
28500,43.10800948013507
28501,44.026294442353375
28502,38.03371318127577
28503,27.80341991130876
28504,38.46415956776183
28505,36.40849985355024
28506,35.09324687235582
28507,27.82334561507854
28508,39.33124482911802
28509,26.08480378649771
28510,54.84106648363259
28511,35.422799096029124
28512,29.338217183969356
28513,30.640831649797683
28514,42.501824944908414
28515,28.610268441524955
28516,30.581487791127962
28517,30.482324180458374
28518,30.909072755914913
28519,27.098726976802645
28520,26.55481017447985
28521,30.509086991205834
28522,26.31398854402132
28523,35.5448924678161
28524,43.1217848509623
28525,28.999393412324913
28526,40.498715300889494
28527,31.509301120030877
28528,55.897969099661125
28529,33.502007204231255
28530,26.158209303480863
28531,34.3837121078753
28532,44.73990047122549
28533,31.861393769656694
28534,38.20543547389074
28535,25.975310924654412
28536,35.22398904523827
28537,30.3556964016879
28538,32.72861273976482
28539,38.48678670636774
28540,40.16899861879322
28541,34.536803992503486
28542,34.473956092840226
28543,33.628932426764834
28544,41.224151773387575
28545,33.22294690960315
28546,35.434901849087616
28547,36.0003984689146
28548,23.65613993870268
28549,29.520599508484946
28550,18.961606796805256
28551,31.008216547566967
28552,34.00861045391792
28553,29.79059668514341
28554,27.442636635460733
28555,26.964298105022355
28556,36.29894791267661
28557,36.915105791043096
28558,35.81284060036831
28559,37.21366798944436
28560,31.622115934080572
28561,39.511867989794716
28562,39.92088335386519
28563,28.24883579115045
28564,33.128899158035566
28565,36.04129218895526
28566,28.559676082191267
28567,27.69433705352357
28568,28.832195962742833
28569,34.48520702839768
28570,45.04223195321075
28571,34.84972275540253
28572,69.07135117532631
28573,34.10519060387046
28574,34.39947803840726
28575,45.115275773889636
28576,47.41040053646687
28577,51.5338992135683
28578,76.25393198399792
28579,33.3758438474076
28580,45.313237967056374
28581,48.11906848657729
28582,42.72510125089524
28583,33.62572540857266
28584,48.97644927784435
28585,39.001390411434706
28586,33.218657311009714
28587,31.891378308479247
28588,36.45261315973988
28589,50.54253069464644
28590,44.75774260055593
28591,40.24343287477153
28592,47.16926234230949
28593,33.02135798307225
28594,32.42146038555782
28595,55.383199316892814
28596,48.77017581926252
28597,31.972411969794088
28598,30.237011847312928
28599,32.70384645283626
28600,32.54945627671992
28601,38.25745890651688
28602,51.935603968392556
28603,33.47639975203918
28604,37.03741191252841
28605,34.44530770416473
28606,34.15253871725869
28607,44.00911555231744
28608,36.6306626129826
28609,39.78761683252124
28610,37.19475210510207
28611,46.477265132214946
28612,39.677303668458066
28613,48.9754102057828
28614,32.99453101918397
28615,30.371031241620734
28616,38.223347068250824
28617,37.91110091669759
28618,38.634869718443895
28619,45.71411621540616
28620,79.77869863476619
28621,40.983412519961576
28622,35.80428071510132
28623,32.810309308642275
28624,57.50066758674976
28625,32.60952315919534
28626,54.50706254044316
28627,26.191554628778658
28628,64.10164482549163
28629,37.76610307125948
28630,37.556078509226026
28631,31.80372596940925
28632,37.309946632338
28633,40.67835187719081
28634,28.69976320283085
28635,47.58765657560467
28636,38.295582740027115
28637,46.06671189881749
28638,33.34181935422774
28639,28.937931227646725
28640,35.298047160598074
28641,31.046307342709646
28642,41.63056595473519
28643,31.185051565949138
28644,43.45092605847045
28645,33.68531306320571
28646,46.925358769513984
28647,34.3327410846063
28648,39.926984734886936
28649,78.72139547242334
28650,60.47660660342955
28651,62.052021967921384
28652,67.45239285223397
28653,40.297449955157745
28654,33.56967785468122
28655,38.15194056187939
28656,41.974827159916124
28657,33.41203098924872
28658,62.01565745544025
28659,62.36150869230141
28660,59.054897365160826
28661,37.18310426820625
28662,61.78889459565008
28663,32.243100541874284
28664,27.806457757224052
28665,38.03101054231595
28666,34.96046932557819
28667,31.791027288650753
28668,29.95618490927922
28669,47.65182275779786
28670,37.57185380333455
28671,29.95260438874694
28672,46.35029296003763
28673,38.46876947460534
28674,49.16155817918603
28675,32.22256560273587
28676,43.289032173087065
28677,32.888469576829024
28678,57.259881770613205
28679,38.61932754898181
28680,49.80213652429082
28681,30.233033819661998
28682,32.01944142418641
28683,30.303686414236505
28684,53.753451810799284
28685,37.08811318354828
28686,31.196350904240497
28687,33.15803302367231
28688,42.89280337165821
28689,39.501590300023544
28690,34.78096942737217
28691,35.00968277096881
28692,40.2758268587619
28693,34.67255321046065
28694,33.576170605371416
28695,34.19389878441489
28696,40.37527017883792
28697,36.75733920873247
28698,40.65121875634625
28699,36.31586938710279
28700,34.97477287002968
28701,33.92243479099949
28702,40.841630056569485
28703,31.22895174539245
28704,30.223384824336403
28705,38.61424030313871
28706,37.09568972779077
28707,32.71487518840252
28708,35.779075969023395
28709,35.98818039333296
28710,41.83147729933894
28711,31.463432409033192
28712,45.67732267211559
28713,41.902183732733796
28714,57.924676158366545
28715,36.5132379524091
28716,45.434463512863964
28717,41.43177205989146
28718,28.472873131024393
28719,24.945964469862297
28720,33.77393061029112
28721,38.22951898968312
28722,26.81796561451053
28723,44.1079663346674
28724,41.18628116308677
28725,46.866480772648075
28726,30.21967747770814
28727,38.18055914314981
28728,30.56682534052558
28729,43.52977708595633
28730,24.360028890872957
28731,26.80372457869851
28732,32.32278068265135
28733,32.45599275361331
28734,30.28099908208982
28735,35.09399839636657
28736,37.191276520954176
28737,31.387429715892672
28738,28.728900939776622
28739,25.149982180393526
28740,22.98499083680101
28741,29.77219979483318
28742,28.65043450813325
28743,27.709002516134525
28744,30.161607450721082
28745,28.503110200615403
28746,36.04129218895526
28747,32.59264262738822
28748,43.32076907343204
28749,31.78307893068972
28750,33.128287760804554
28751,33.69669758591004
28752,37.193996055994496
28753,29.903203171413868
28754,35.36063160561033
28755,28.198388914364497
28756,43.349724202245625
28757,40.05382559088211
28758,31.327895652026697
28759,30.676610034753715
28760,33.16677096211383
28761,37.28572102256693
28762,30.013391987876236
28763,28.20689926988393
28764,32.653715840443546
28765,29.54553539315937
28766,32.69328534169868
28767,35.379859566825715
28768,30.95015919650116
28769,26.722580104593916
28770,31.355708418511632
28771,30.932259214714534
28772,26.0053940117376
28773,33.352051663763945
28774,33.64835891437248
28775,33.79457352778935
28776,38.961307763737416
28777,41.9154461811313
28778,38.81425038116086
28779,42.38889945658542
28780,28.100265478662756
28781,31.43715425380264
28782,29.152927610357004
28783,28.264553904110258
28784,32.87330460956804
28785,28.393653558389765
28786,31.093134366675862
28787,31.805727122878125
28788,44.73990047122549
28789,32.91134061757492
28790,31.193117017927985
28791,25.62779366887712
28792,26.85241680822459
28793,30.89947187570506
28794,38.14614253983133
28795,30.116947047341874
28796,39.41256814644669
28797,39.03283366981205
28798,32.80136183550262
28799,35.100198392665774
28800,42.11795816851364
28801,32.33989730542353
28802,44.6512767154403
28803,44.085056716648495
28804,76.18658272776193
28805,81.38548172918239
28806,55.20634610439288
28807,44.302578099226245
28808,42.42561145645696
28809,68.05807396917139
28810,47.70321164006838
28811,40.17172945047449
28812,64.48557639905532
28813,82.29622773063966
28814,34.40063302400238
28815,57.010333648791
28816,51.82316680757724
28817,57.5904998972899
28818,44.27635387115821
28819,47.864184266787596
28820,33.8236549666472
28821,39.84104212196005
28822,41.688506626205964
28823,38.36409045860996
28824,27.896326412000345
28825,52.551149975842804
28826,38.88814295650225
28827,56.2094291563618
28828,52.91205537053993
28829,29.572575190719014
28830,38.16923191461095
28831,43.75452897731905
28832,29.77515161741048
28833,51.75445042362276
28834,56.47539539675907
28835,39.02860400286475
28836,28.667254758569083
28837,47.7359860241866
28838,67.7750552212824
28839,55.44529697127427
28840,56.765882574868705
28841,45.226639414855825
28842,46.584065393507494
28843,62.769047414580456
28844,33.01060636800502
28845,33.7927575716627
28846,82.05229870120152
28847,49.56521214652104
28848,51.78664941712819
28849,49.673304808926716
28850,38.044803542392245
28851,34.35306653722437
28852,56.390422659376895
28853,57.1220808173298
28854,73.36963249829839
28855,41.096400452876445
28856,29.56985163040941
28857,33.45243243909861
28858,58.25354176795442
28859,35.26043099537026
28860,65.25792078447394
28861,39.60680881370485
28862,41.64353425328672
28863,54.80393990473449
28864,33.20398999322959
28865,32.42110643593689
28866,33.17756350824759
28867,33.119651100380814
28868,35.53335831725335
28869,33.25497380033661
28870,38.9915242873637
28871,31.34854155356497
28872,31.740455364156166
28873,29.410154203563604
28874,28.94901479128474
28875,32.630143123391875
28876,35.205614858464706
28877,38.37026268075953
28878,30.553424576155265
28879,32.506988365706626
28880,35.65003140573635
28881,41.790724379520306
28882,37.24593692751653
28883,36.1652980310117
28884,39.2616025101316
28885,31.24868050393797
28886,29.27343605076128
28887,34.325756809116456
28888,32.73076489525074
28889,34.8639919783552
28890,39.29804273339205
28891,32.76856871100047
28892,32.639096093095915
28893,33.47971121163959
28894,32.46072883565351
28895,33.14835840462911
28896,39.51157443436339
28897,34.68567180979515
28898,38.2197836114689
28899,30.304169059393203
28900,32.79215360781844
28901,40.517835926279744
28902,30.606092421370008
28903,33.11263763210903
28904,30.66022940151708
28905,36.18776551777246
28906,41.39921712541708
28907,56.74865226477447
28908,33.31255127976051
28909,38.839585279318484
28910,38.38400927074022
28911,32.49819381064877
28912,42.90550222414316
28913,30.76734128147173
28914,31.379193996436232
28915,31.3253450596276
28916,37.21601456807968
28917,36.935902636253644
28918,36.907597944976885
28919,34.89126259264208
28920,32.75855853741682
28921,42.14636344238908
28922,49.27825178298055
28923,36.68805844666085
28924,36.60961613580814
28925,38.87280261718752
28926,33.92045344080371
28927,37.58948545808523
28928,35.79703454834208
28929,32.134990209666526
28930,30.326586276116466
28931,36.42776564415026
28932,37.99308595068981
28933,35.732119590378176
28934,35.450402188506104
28935,32.24119816653183
28936,30.239985072446935
28937,41.44737885543748
28938,30.20720763785917
28939,32.763710172131155
28940,34.02461481602582
28941,36.148070628135706
28942,28.850620333912765
28943,31.50788042552915
28944,33.568693091255355
28945,40.95843150761654
28946,39.76056468396548
28947,31.412663006901774
28948,32.01496012401523
28949,34.55779574914804
28950,32.35608012497971
28951,27.833119113974323
28952,32.76135835911822
28953,34.890644767677
28954,35.05139391593826
28955,31.28615212270019
28956,30.741555912602983
28957,32.70496358477839
28958,35.481578823131144
28959,33.14776809959466
28960,40.39526177420277
28961,45.235333491783905
28962,34.23009521761842
28963,34.66894952789416
28964,59.4487678592615
28965,35.98498613608259
28966,51.19125320101164
28967,29.076725336727907
28968,52.92673022137152
28969,58.6568838313961
28970,6.980351725060473
28971,54.48976509022954
28972,17.50029556020039
28973,40.00030633042954
28974,29.299331695657578
28975,58.31287099995119
28976,53.22738938004205
28977,60.42399250177395
28978,37.62213864601371
28979,41.196497421075364
28980,48.91465263044535
28981,53.54155747156295
28982,34.119758502498414
28983,31.143674011449605
28984,31.568612158673623
28985,31.40481407815389
28986,34.02122789627782
28987,31.14193738683192
28988,39.968216814088514
28989,33.028658460635874
28990,37.470227690031095
28991,34.03726239735136
28992,36.120027740644176
28993,33.11663943739336
28994,35.88148409569834
28995,32.660729414795036
28996,27.988882300089646
28997,37.28765624274618
28998,31.38605650262355
28999,32.78575573955135
29000,33.72847943451916
29001,32.139720476592174
29002,31.591448802339663
29003,43.137294992886524
29004,33.00178399192659
29005,31.91599275846464
29006,35.76368645545117
29007,35.38868506491034
29008,33.398828663271836
29009,32.62296919414697
29010,32.64377405061897
29011,32.99806773201186
29012,32.626316823104254
29013,31.331978604586233
29014,31.78675310963161
29015,35.5098921274588
29016,31.90273089178953
29017,32.4669054319165
29018,32.273073360040335
29019,30.93809986916755
29020,38.766079210741154
29021,31.296369224768114
29022,47.871486637370964
29023,35.33637487474596
29024,32.95461111986332
29025,37.80797508881249
29026,50.49007447483473
29027,34.704640832119175
29028,31.871567167060444
29029,41.26986119884205
29030,33.0767784086528
29031,40.3403789311232
29032,37.62565381118931
29033,27.712476043842642
29034,39.53386526217114
29035,35.7030298569146
29036,40.58754641022808
29037,40.19209137815002
29038,31.09227176190293
29039,41.649077777105134
29040,34.079067982637376
29041,33.01917278569125
29042,31.529112128353617
29043,37.74428211694078
29044,34.57416322922286
29045,37.39810590694095
29046,27.224792384830742
29047,40.92133824038511
29048,32.9508832922516
29049,31.638038398049716
29050,29.44283120392098
29051,40.76965304791954
29052,43.606344162957
29053,37.921142608171735
29054,28.06265321528879
29055,34.2067980249386
29056,41.02976810711159
29057,32.56143645901685
29058,35.41300397695561
29059,32.509805386928576
29060,28.65467610293822
29061,42.53194346319284
29062,40.59820228139729
29063,27.08364214616474
29064,42.13656275312856
29065,28.841807993024766
29066,36.1708790908419
29067,33.570589707617536
29068,29.895107424860726
29069,26.2932069756265
29070,26.45094918023587
29071,26.512622579219414
29072,26.970096665340435
29073,28.261623809603293
29074,44.19003250570856
29075,31.342323352099193
29076,20.689753168051293
29077,29.43909588866112
29078,30.5318344999923
29079,25.500750861457806
29080,24.360028890872957
29081,38.64462377184897
29082,26.764109056152453
29083,28.944374406204783
29084,25.335618767882448
29085,33.413886872224445
29086,24.724115800709843
29087,25.6031095253382
29088,27.407479960033083
29089,26.027427264622066
29090,30.800201163854396
29091,28.21700445882612
29092,32.705652496871046
29093,44.34502153803719
29094,29.36303075216992
29095,39.51614772256805
29096,33.66107950499365
29097,35.483326994958304
29098,30.161325923372424
29099,25.359058812538745
29100,27.172169094549563
29101,25.834097292232567
29102,38.4160263891974
29103,24.64742838410357
29104,26.89588993979602
29105,27.536600753349912
29106,38.58966790424372
29107,34.86792955528196
29108,22.839841070829078
29109,36.899786919018595
29110,26.30799834661071
29111,36.90935434360925
29112,36.164391397699205
29113,39.51957238816041
29114,45.05888707429844
29115,26.38369742071474
29116,30.65503936066526
29117,29.367608379321922
29118,40.21381602225866
29119,24.699113802882167
29120,31.81638058860786
29121,25.380381080784584
29122,26.06410929861319
29123,28.730887832040082
29124,39.84850534116286
29125,30.008500430072495
29126,42.18746007125484
29127,39.21845759796918
29128,44.76332338497952
29129,33.90387579550621
29130,39.491524609349
29131,37.961739439610355
29132,44.72744807386167
29133,39.81553276387577
29134,47.90219032519505
29135,37.758475710403744
29136,38.37630096601199
29137,35.47842697527272
29138,50.17582684570114
29139,35.58791034768746
29140,38.688790198358355
29141,45.16975463215348
29142,35.94415213603132
29143,52.19329264802723
29144,77.26757558510019
29145,50.10589956777098
29146,35.75350050448738
29147,38.09098764208517
29148,44.724732409693175
29149,39.96477345953172
29150,34.23142464331292
29151,53.41001454043963
29152,40.868511178083025
29153,36.65333605162943
29154,48.28138777594879
29155,38.542719460571895
29156,38.224477551924245
29157,37.21590873069011
29158,34.86287896653441
29159,40.56737589048111
29160,40.54210861165268
29161,38.83064757646741
29162,36.090549295175336
29163,33.09378203082813
29164,57.83110374987419
29165,53.35169271092837
29166,43.9473673154439
29167,38.68358300784734
29168,44.76522439386409
29169,37.41132609719679
29170,38.949729637961184
29171,41.05171987081344
29172,40.18458397009528
29173,28.919614772734914
29174,34.43395861761856
29175,29.4624005787949
29176,38.77826306341399
29177,33.273339874707034
29178,33.267851034111686
29179,52.306702765522026
29180,39.09168053024699
29181,36.65963021674737
29182,59.59792561226649
29183,41.97951203165278
29184,30.016150187850492
29185,40.823951016723
29186,37.946354827773604
29187,35.54856571999706
29188,31.909960906395746
29189,31.769301480909252
29190,34.55182521703695
29191,40.261604975701566
29192,38.7945286103834
29193,39.71879261079475
29194,37.78709661972367
29195,40.012713415541995
29196,31.021983575963567
29197,31.395493134657716
29198,65.21809780990168
29199,31.178802047803934
29200,35.074502712922914
29201,10.271098438897134
29202,30.006972093062533
29203,21.71153958103581
29204,32.267483076743986
29205,29.3065373034002
29206,32.98301666308029
29207,30.21360454901359
29208,36.06390536109764
29209,34.026244648618224
29210,18.611201292436746
29211,33.60987234745383
29212,29.7028709049613
29213,30.97092026640584
29214,24.311682630631765
29215,38.07252939234466
29216,36.368573101887
29217,28.541377679911992
29218,25.306020697902788
29219,30.41016480404839
29220,29.388381051624116
29221,34.14702698335347
29222,37.95630771737922
29223,36.20020135614678
29224,34.298595915020464
29225,32.5587973885833
29226,31.21239177948395
29227,27.409707901440015
29228,34.23720267666004
29229,32.057133026808756
29230,41.302680718178124
29231,30.176176639233898
29232,34.65887799214437
29233,31.96216099963676
29234,33.18602635468157
29235,38.525552439168706
29236,34.36423289194738
29237,35.886568598363226
29238,24.805020854898416
29239,60.12401174047486
29240,25.821664360384137
29241,33.81261908224668
29242,33.62394079505826
29243,30.096947545209368
29244,25.67166622136124
29245,33.31252407801517
29246,31.682533408732706
29247,32.80863533215367
29248,31.867810103138815
29249,37.165007318382344
29250,32.39873788095484
29251,32.51997313319937
29252,24.547178527119318
29253,32.83460208375777
29254,34.54471761144674
29255,37.66996089142615
29256,33.00184150032357
29257,34.99173290070477
29258,35.58211727572646
29259,33.4991102759765
29260,33.34797204741993
29261,34.177300734420015
29262,36.80754802202595
29263,32.73076489525074
29264,38.3547772193427
29265,50.45852059053317
29266,35.910097294162995
29267,31.54398941930298
29268,40.2057564868363
29269,31.837046850811753
29270,41.719876351892616
29271,35.36049116942859
29272,35.76964949072189
29273,33.14020466189438
29274,50.80211964928329
29275,39.64999221280274
29276,34.67134964310328
29277,34.902440445324444
29278,40.39833864493601
29279,46.13345950260097
29280,35.90293699521793
29281,36.19401870823265
29282,33.08500193862331
29283,39.43460617699063
29284,37.11694483923721
29285,40.72243678830072
29286,42.02986664095478
29287,40.46904572884023
29288,48.84807165161573
29289,45.83372556684835
29290,39.893423838406704
29291,54.14697910715151
29292,38.11730893216773
29293,30.765502027366566
29294,35.26701948880426
29295,54.98927496873282
29296,27.566695618944365
29297,37.06264646679689
29298,42.501824944908414
29299,31.061440082714704
29300,35.53142042148768
29301,31.327895652026697
29302,80.97694532133187
29303,39.43961127735762
29304,40.489090810652144
29305,51.5232172199389
29306,43.53631162445947
29307,58.227289086526085
29308,62.670009422184364
29309,23.910414718896547
29310,58.57094113375976
29311,33.75281662506375
29312,58.0178338733848
29313,54.84957380716483
29314,36.66715933647511
29315,36.955899923350295
29316,26.81796561451053
29317,31.682251918766227
29318,14.364594620662231
29319,16.678507719356265
29320,24.974750180728496
29321,30.707057619005255
29322,30.65967298355581
29323,35.768827455111904
29324,24.67360889949394
29325,28.433626350518363
29326,28.72592444687197
29327,39.95605532951468
29328,36.756785743755685
29329,57.20300410095609
29330,33.621552659369456
29331,31.49170037590409
29332,33.54498462030595
29333,39.577195050916686
29334,59.00762238234448
29335,36.549980646311184
29336,55.15654603788898
29337,24.697538931484647
29338,31.187316092490523
29339,31.696526170530387
29340,18.012785260433866
29341,39.30278922548404
29342,37.73075923568868
29343,29.603794427354078
29344,38.04012015134662
29345,45.774729566131214
29346,40.66154000870694
29347,38.73075988562663
29348,38.90644305593847
29349,35.23782650041242
29350,42.13451523372741
29351,31.350470882750813
29352,46.922582107219746
29353,32.339939911338476
29354,36.93319825889925
29355,36.02823942690557
29356,39.96256309633739
29357,32.52384311206743
29358,38.968304196408106
29359,31.456617697667326
29360,28.908255543650984
29361,31.876482474972264
29362,40.63455465613278
29363,32.313839203159354
29364,32.03251406946426
29365,33.61821231563368
29366,46.38307919778038
29367,28.79419694652859
29368,41.76388117249751
29369,28.13212426520849
29370,29.247532475954728
29371,38.23685405678188
29372,41.61066199511049
29373,45.13997607043707
29374,46.285953366152015
29375,27.632916979690968
29376,29.145615243225226
29377,30.530840149585774
29378,31.4194715840508
29379,39.04173791771715
29380,39.50642770485452
29381,32.88383784122595
29382,26.734620856947757
29383,28.388930955696676
29384,28.158600718141624
29385,31.27377724208959
29386,38.009922488825644
29387,28.742705483702554
29388,27.576098018854516
29389,33.53261091009124
29390,34.38286155157724
29391,26.72678270471758
29392,26.749710020798528
29393,37.64234127939482
29394,29.753519572642112
29395,32.024161768193274
29396,16.005654230814024
29397,25.975310924654412
29398,28.941865891040873
29399,37.508041161518264
29400,39.21572544853901
29401,34.99956054669208
29402,29.72948137318054
29403,26.985582861896518
29404,34.59346435200841
29405,26.015635878769835
29406,25.950948775629765
29407,33.0902796308688
29408,26.978824758217915
29409,30.624327989474637
29410,32.059641916749655
29411,29.44739985428032
29412,31.405642693257818
29413,24.763301980492344
29414,30.469960511756454
29415,29.05270508274979
29416,30.76392940986264
29417,45.42323548204979
29418,32.95990850100694
29419,51.20996725032736
29420,32.3852243103866
29421,39.20625875698312
29422,40.92168744102973
29423,41.21825689128552
29424,46.505745469354046
29425,48.344887582319345
29426,42.198699197750464
29427,31.32322902830645
29428,38.27824929951994
29429,38.7524707976025
29430,32.7877838518048
29431,38.97318841811571
29432,34.68556782589498
29433,37.33289110336467
29434,41.0385555773452
29435,34.90737599709145
29436,40.037310212145364
29437,33.31022119228538
29438,34.85052330023437
29439,41.040689474025584
29440,39.95787777116571
29441,36.1760603794509
29442,40.09388385822049
29443,40.66699062101029
29444,41.5979669895418
29445,35.29089179246037
29446,57.67884824677559
29447,32.9951324078192
29448,35.66980298216194
29449,34.090811088031174
29450,41.28581281830981
29451,33.53171735047578
29452,32.413847745677415
29453,36.53543944004525
29454,36.67874536024538
29455,30.935691389472986
29456,33.12653500827908
29457,37.568161991583416
29458,37.38425350795133
29459,30.91807058051379
29460,39.59567260647832
29461,44.953861563573255
29462,46.29974291468106
29463,36.22305661296603
29464,37.34662969962317
29465,33.45214190070509
29466,41.12114183574274
29467,42.288185238984155
29468,33.687158303280654
29469,35.5540740395208
29470,37.70139820422906
29471,34.53760664774734
29472,34.16862734563607
29473,42.49011207918179
29474,43.77097236306344
29475,55.24124296348317
29476,31.39748896435504
29477,32.43641869344973
29478,43.722286126888
29479,42.55351469746174
29480,37.96691101717915
29481,37.45022748933242
29482,32.194382067224865
29483,37.66258767023235
29484,47.977315869798026
29485,44.276911135792496
29486,35.43912064584346
29487,36.983491758506986
29488,53.407593807713674
29489,48.84510190873023
29490,33.28966218566504
29491,32.72256640064715
29492,39.650335351139724
29493,32.629352852332026
29494,35.38375859822777
29495,48.77017581926252
29496,38.79835876743996
29497,41.99920382713119
29498,63.51424974963788
29499,32.06054846312088
29500,34.967791534221554
29501,32.95930353032685
29502,41.243984645711635
29503,32.39430684386506
29504,28.10230241317944
29505,39.131896580345675
29506,29.73477045151859
29507,27.89820723670935
29508,71.80775671682802
29509,65.66552952791591
29510,30.433208702300714
29511,39.211040349934564
29512,34.880151137873305
29513,30.400200253249043
29514,30.012393345954603
29515,67.65318691734944
29516,37.73075923568868
29517,34.56479675082318
29518,36.84172612053529
29519,41.569266000043854
29520,27.96233360160898
29521,21.44781002199276
29522,42.85007886626954
29523,35.73156103032452
29524,57.306719835503486
29525,42.93543046685259
29526,32.54205652418671
29527,32.60618858557778
29528,34.55533198565625
29529,25.839026731394828
29530,30.155780273681387
29531,39.30900813179914
29532,29.44956734403718
29533,39.73352887012008
29534,41.07470311620542
29535,44.423996691143934
29536,63.71327762485752
29537,30.65070052760481
29538,30.983379475698513
29539,33.802296956288586
29540,33.9005683643868
29541,34.31012816267332
29542,59.373880301166324
29543,41.973973101119384
29544,33.83524183353692
29545,34.44515735163225
29546,38.08058880623678
29547,46.38307919778038
29548,43.09392047494152
29549,38.22948050096724
29550,26.84487611499964
29551,32.61840908001956
29552,75.91365965488023
29553,29.275102509781924
29554,34.16238495505308
29555,35.374898849963174
29556,28.25067713279632
29557,38.13009672852618
29558,26.849205259135683
29559,32.5209876516586
29560,34.57275368260649
29561,40.11975030225168
29562,35.30070258574861
29563,39.51957238816041
29564,31.797676982059116
29565,33.92387151733978
29566,34.62588649436118
29567,53.821432291409366
29568,31.69082622208623
29569,32.321707281726205
29570,25.156763270488298
29571,33.3265181630333
29572,35.900096106359584
29573,26.756184435013296
29574,32.393727224229686
29575,28.285328825098468
29576,31.142549530146205
29577,27.587633162173702
29578,42.743626621727095
29579,31.826044803148378
29580,28.32200147807407
29581,51.418520897627246
29582,33.21796567806916
29583,24.348215089369983
29584,31.632530929418678
29585,27.853433793761262
29586,33.187650497629235
29587,21.595563585403717
29588,29.780828801091076
29589,31.579826077929486
29590,27.545184310745576
29591,32.72532773927156
29592,27.851771723859894
29593,36.2248350942888
29594,36.03859924809454
29595,34.454478547515656
29596,30.399065381037353
29597,24.730225916562127
29598,39.68831566960889
29599,42.13451523372741
29600,33.81294991093785
29601,31.323056577711306
29602,29.284528288022287
29603,19.142724794102858
29604,40.91806343884319
29605,39.75293858531425
29606,51.98893792596305
29607,68.05807396917139
29608,52.38305945500402
29609,57.49477466364501
29610,54.50706254044316
29611,62.01565745544025
29612,39.19210851725386
29613,76.18658272776193
29614,49.3273709854811
29615,39.456369151897924
29616,43.71815288805887
29617,38.56004885729099
29618,44.76332338497952
29619,46.984173512265755
29620,68.35011016950861
29621,33.01121146617937
29622,55.907077622815436
29623,56.474117149295566
29624,31.575795932594275
29625,58.97167021774087
29626,37.60533754198659
29627,47.316289307480126
29628,48.23397623828754
29629,61.733678507953016
29630,41.78147741341815
29631,56.74865226477447
29632,60.492193124857216
29633,44.304986229161585
29634,38.15221927777008
29635,57.010333648791
29636,39.30977110503062
29637,36.217870188281054
29638,34.72051125202674
29639,56.963470349664384
29640,46.590605403007295
29641,60.670826491091475
29642,82.05229870120152
29643,36.189851275716194
29644,45.90174673981922
29645,76.67009180960625
29646,46.066266795511524
29647,51.82316680757724
29648,38.910473073121075
29649,79.77869863476619
29650,53.41001454043963
29651,66.68122594297975
29652,52.19329264802723
29653,36.040938869073145
29654,57.82869989247249
29655,36.580156985003725
29656,39.11803260959354
29657,34.36570802232682
29658,39.57542006531907
29659,34.35967250600651
29660,39.336790203845965
29661,36.87248380921461
29662,35.75125468143317
29663,37.004277453819384
29664,35.3315248853648
29665,57.259881770613205
29666,59.054897365160826
29667,52.445430591436185
29668,49.2546906655712
29669,51.85561380537979
29670,55.48201889087734
29671,55.19206889569334
29672,43.828088010790566
29673,42.570643603699246
29674,61.89669280602554
29675,52.306702765522026
29676,62.36570596239531
29677,58.25354176795442
29678,62.81062216964908
29679,54.44564912805632
29680,60.62056777325991
29681,61.41858045258214
29682,53.63762888513215
29683,59.59792561226649
29684,62.40281689986526
29685,64.17160813691787
29686,40.44043901921623
29687,51.851565678566956
29688,62.296310223939884
29689,50.225304076883745
29690,49.51076502705011
29691,50.89434845105592
29692,52.37343640701264
29693,61.27719235185937
29694,51.464533041767446
29695,29.483225807157247
29696,48.11742489309493
29697,52.866000783492574
29698,50.868149928587464
29699,51.70747686009828
29700,45.946590284647996
29701,62.424467001410406
29702,52.217665899195055
29703,36.74603436557793
29704,62.58784064448966
29705,45.978773770125024
29706,49.70905973901619
29707,45.13050892424548
29708,50.38592342485312
29709,50.14821215209211
29710,49.83262599934193
29711,48.30601520431715
29712,47.03714295439691
29713,45.30025434909723
29714,57.38920788399267
29715,50.52823984562039
29716,54.85403158239775
29717,41.726525830270646
29718,48.86752815147345
29719,47.68665264672691
29720,51.5875371983658
29721,49.26661772764134
29722,41.299696717675786
29723,50.596143169884606
29724,47.09151631110913
29725,51.03034217240485
29726,41.42171212815508
29727,41.854680498147374
29728,42.81371827605943
29729,39.016911422132274
29730,44.478305236216414
29731,40.36552075805622
29732,41.929475526743516
29733,42.79298980565659
29734,48.442045008962666
29735,48.962533475411654
29736,40.70852157685017
29737,40.973114448868024
29738,43.83317899477186
29739,49.65521581336069
29740,45.05362022251115
29741,51.14705115283363
29742,47.52935072849066
29743,50.1843326555699
29744,46.93261907590836
29745,40.19280240688512
29746,43.64213812416472
29747,46.914882912471334
29748,40.90179340584506
29749,43.40430132827827
29750,49.46420168432345
29751,44.88503637620679
29752,46.240856556291924
29753,32.11729807605453
29754,26.334902717040613
29755,48.891252928066336
29756,45.06386932907503
29757,39.49435794866025
29758,48.766029698778524
29759,47.6701152098968
29760,45.665767970393084
29761,44.23469430116607
29762,50.04499075059919
29763,47.89834294740419
29764,41.97549444566195
29765,24.05601987791947
29766,37.52787150789626
29767,30.198367381457977
29768,32.796060719690786
29769,30.16501015496566
29770,33.348191722157665
29771,27.821058162041286
29772,33.331521251248404
29773,30.909692737023825
29774,34.378983612572995
29775,75.22635831204548
29776,37.80089479886847
29777,36.85626843445613
29778,45.80779386879836
29779,36.973523019786576
29780,70.99408394166207
29781,39.3583493601376
29782,32.32239128582807
29783,37.15052764051751
29784,41.08461169753792
29785,67.1932966134502
29786,47.57065944843928
29787,30.36572266407513
29788,51.23475557744444
29789,38.788527817874616
29790,54.26788909587098
29791,43.74464411817357
29792,39.951496953217415
29793,42.89280337165821
29794,54.744722943670965
29795,69.31455412382694
29796,50.90828929279729
29797,42.89463632511218
29798,72.32519110416507
29799,38.90274521815504
29800,40.139272089661766
29801,35.656783202052544
29802,36.695465528749224
29803,46.47050666771841
29804,58.30319178890498
29805,37.326922886949426
29806,45.06360823674884
29807,53.753451810799284
29808,32.888469576829024
29809,34.46361376391027
29810,43.349724202245625
29811,47.0226627160828
29812,36.05382711293452
29813,48.640660035993655
29814,40.18458397009528
29815,49.46779465236889
29816,53.488854596339756
29817,33.47639975203918
29818,35.63617213145908
29819,54.699935139347104
29820,39.36614215135953
29821,42.629978794313644
29822,30.31813919626896
29823,53.340174795761406
29824,63.542257564745825
29825,49.78419768768366
29826,41.225859619913535
29827,28.719522816863538
29828,29.15838894893348
29829,50.49007447483473
29830,40.62613211723549
29831,60.700487276326406
29832,32.22256560273587
29833,32.71487518840252
29834,45.11178965578173
29835,41.69876299520817
29836,47.65182275779786
29837,35.35677990207526
29838,39.417091260746524
29839,38.52307885547057
29840,33.95791136741143
29841,30.44103879230554
29842,37.84321602287589
29843,35.68297347126804
29844,38.052668849185814
29845,30.820428678784978
29846,41.95355157957116
29847,39.53684277214895
29848,36.99540649694502
29849,33.833707527918506
29850,35.27785153823105
29851,31.394015356338613
29852,32.10472885957687
29853,38.685155014189085
29854,33.23128818777152
29855,26.979374619802574
29856,40.90444541218004
29857,36.777757328934726
29858,31.29811198206392
29859,34.199444326471664
29860,31.337238326098856
29861,29.04164010297047
29862,34.16514964725383
29863,31.421328272730797
29864,23.163130119713053
29865,34.10717127113462
29866,37.55416708288334
29867,32.56480367831985
29868,27.116458257727064
29869,27.76737963470401
29870,34.03698684833529
29871,32.27876826688781
29872,35.71161176266406
29873,37.2454864864897
29874,31.60487826326588
29875,32.33979320619231
29876,41.69708904079761
29877,42.928443535149604
29878,28.17779013411909
29879,36.59081653953986
29880,39.504258721974544
29881,31.601862203268105
29882,36.25281908247738
29883,27.66626833282474
29884,24.311682630631765
29885,37.169846060206595
29886,27.421789551007894
29887,38.358086784617875
29888,21.431466554694826
29889,33.10273002572189
29890,37.55191699286658
29891,29.653783476712086
29892,37.36132493039721
29893,40.353040391354696
29894,35.67493077419171
29895,30.51547110177119
29896,42.74590639121089
29897,24.432030838625895
29898,37.270524383080215
29899,26.55700914159416
29900,27.99682759595126
29901,35.63206224003309
29902,31.237933902928404
29903,34.266836813489796
29904,35.31662555576527
29905,36.1597931350997
29906,31.56217603562005
29907,40.18555388627577
29908,39.082351212983816
29909,24.712732512532746
29910,32.39852766595989
29911,33.32866853365888
29912,36.959165684083274
29913,41.17691800009233
29914,31.090011424088367
29915,35.538902205273516
29916,33.71599478983034
29917,35.00686657506765
29918,27.106516006017355
29919,37.71597438631932
29920,37.17721515257546
29921,38.84249079755918
29922,35.426246313851685
29923,38.880284662603266
29924,29.45230577457512
29925,25.829685302629837
29926,38.77164800382481
29927,22.737691566836
29928,38.044083368865735
29929,39.43012854023196
29930,34.5124561320642
29931,37.54223926334223
29932,41.96289610950156
29933,36.96783380498397
29934,29.850689279945456
29935,30.154876723550807
29936,34.33405096648589
29937,32.97985496512003
29938,36.12237885625124
29939,37.11516544983866
29940,39.76481112497943
29941,76.87318253860394
29942,34.04193148963878
29943,54.177367302198796
29944,37.30296861834269
29945,49.676293053396996
29946,34.67134964310328
29947,55.81384538394708
29948,35.634579269528736
29949,41.81565045438679
29950,56.765882574868705
29951,31.901809054444698
29952,50.17582684570114
29953,31.379193996436232
29954,32.740671540634715
29955,35.2665791842088
29956,53.35169271092837
29957,77.26757558510019
29958,34.43395861761856
29959,41.21003831686413
29960,34.8639919783552
29961,35.94455905692922
29962,54.45550998180519
29963,32.473537697875514
29964,45.019214391349486
29965,37.769860797079055
29966,29.326665234019945
29967,36.177951062357316
29968,41.76050295230003
29969,37.90758561476461
29970,39.0933324319523
29971,40.24578185979689
29972,32.3084944142348
29973,29.67699815623427
29974,45.045336553429536
29975,39.49607335448385
29976,75.54124307594634
29977,34.74239175740233
29978,41.70055745621514
29979,28.015389007512585
29980,57.50066758674976
29981,35.154316592356395
29982,38.28738801523495
29983,32.97962417312184
29984,45.01461835517111
29985,56.33329467761274
29986,35.01407349089443
29987,38.60619277488883
29988,55.5467263043778
29989,51.482181122740556
29990,47.67229790532191
29991,34.29952762385096
29992,37.91110091669759
29993,47.90219032519505
29994,33.31255127976051
29995,52.45379092496082
29996,38.645587867544656
29997,29.191087272927355
29998,38.258861355172115
29999,46.05034807388429
30000,57.907302068827825
30001,66.29864479312504
30002,37.06170296640546
30003,46.95604279448032
30004,35.32313070763051
30005,34.00567213859332
30006,32.52846228381705
30007,61.46780264209116
30008,30.12482979184692
30009,41.73021943169931
30010,26.145473883961028
30011,35.10936006203534
30012,67.22589612232561
30013,61.358008944274395
30014,37.183187781280466
30015,29.8955285927605
30016,35.79554034317023
30017,30.991166564108692
30018,32.09080653231275
30019,37.118375701271574
30020,57.846001907885984
30021,40.39205899751867
30022,52.66825391330752
30023,32.9980746235576
30024,37.58947702148114
30025,45.37593826433787
30026,33.662481643422055
30027,40.06756407877017
30028,56.18384238480221
30029,40.23586106929873
30030,41.253604499613786
30031,33.437110756242056
30032,31.247104269071983
30033,59.00781244840054
30034,60.184901164252615
30035,30.98318700630609
30036,32.24735238948812
30037,31.039244809863042
30038,37.81344615722501
30039,36.647594154610154
30040,36.24280724237815
30041,68.59574860310268
30042,52.936146373649514
30043,40.231381990913775
30044,40.12112710243916
30045,41.30262501772953
30046,39.91332288929122
30047,36.207312152069505
30048,41.58541356802923
30049,36.275166535082775
30050,51.9351918016484
30051,55.97897999458658
30052,43.28329761184992
30053,38.465627622081215
30054,59.57916648197816
30055,47.07452120145858
30056,36.91824131164367
30057,67.16669466544498
30058,59.79763374667394
30059,29.65154452493475
30060,45.31414312568777
30061,36.00087353718817
30062,71.08608358221467
30063,56.833237643717055
30064,30.273068859905145
30065,33.120339922673125
30066,40.912572107687595
30067,37.97862975026434
30068,30.44876907621901
30069,17.289665068827652
30070,37.77844485270473
30071,44.09057097971125
30072,72.45615876034543
30073,60.27536442873671
30074,37.57667461437859
30075,57.78817342385802
30076,46.06736998860222
30077,34.928190103414806
30078,29.40740401805624
30079,38.18951573266665
30080,33.975385510404806
30081,37.707420790814524
30082,37.49326256667442
30083,37.40076095774124
30084,31.155398920589505
30085,56.2369588541595
30086,36.29190665378594
30087,31.92770841296583
30088,19.866278305578604
30089,32.74143470776238
30090,37.62943026678779
30091,42.73842960233164
30092,54.088560243738414
30093,34.44457911980382
30094,32.263698045130454
30095,56.04581561780786
30096,39.101365298343275
30097,41.45204609742731
30098,40.792247441561706
30099,27.134829192898582
30100,36.21926940324689
30101,29.190853024248078
30102,35.24184209607298
30103,20.65596011485658
30104,42.306748986761264
30105,40.038279740464496
30106,38.41214254177197
30107,38.299734279268705
30108,18.707581488112936
30109,44.76819911597886
30110,42.701827234328796
30111,41.72180979382179
30112,41.18908335898253
30113,39.25312647917358
30114,46.063996259210796
30115,21.495817692995814
30116,44.61626671947697
30117,45.640827470044464
30118,31.267693615732988
30119,43.86727651536647
30120,35.81700800715177
30121,40.0297882290029
30122,42.74966107323772
30123,37.39248143298731
30124,36.79238882792275
30125,36.911868743484774
30126,29.34394391168694
30127,37.68421881664428
30128,43.525477009991086
30129,25.825972194503304
30130,38.7272582918301
30131,40.20423866424938
30132,35.306102127190655
30133,40.80567920596792
30134,44.19302617312623
30135,42.85853535711453
30136,35.042583704009516
30137,36.27971992405491
30138,37.65992922976467
30139,36.965946292120236
30140,45.76154135933965
30141,28.45340821470625
30142,40.91425841737767
30143,37.50036622726439
30144,38.52710942641822
30145,38.57288914272116
30146,28.137327327592207
30147,37.95186902250964
30148,26.52230607556932
30149,39.367372231410954
30150,44.86349405458758
30151,30.882389705915713
30152,35.62306433556627
30153,35.8472067018335
30154,42.643725172747345
30155,34.573606950537254
30156,37.27100149506145
30157,43.55072978905525
30158,43.82898374851986
30159,40.304817697954604
30160,31.30839222661806
30161,13.777755934293342
30162,41.85159764506702
30163,33.870354075701776
30164,45.93537002279675
30165,38.220384635299574
30166,37.45629915074587
30167,48.45576191841005
30168,44.9554538857734
30169,45.84204242064656
30170,41.69070985923839
30171,46.043380542469514
30172,40.73331615019845
30173,36.52569199501521
30174,39.52935332976345
30175,49.175149637840725
30176,34.05351393779877
30177,45.67203978840134
30178,36.37085411305313
30179,49.09496644555886
30180,16.25389539786091
30181,45.13036587531998
30182,36.953167765270976
30183,38.47248344214795
30184,50.27249289004349
30185,29.773008055094472
30186,43.70960611557161
30187,40.93714399554351
30188,37.9045642784534
30189,43.50096774574101
30190,23.463913802458176
30191,47.87050451987529
30192,48.37664742321084
30193,25.370124724924572
30194,47.445755570250796
30195,49.536566799864005
30196,47.27568467863692
30197,83.84204762493658
30198,82.88753680998158
30199,84.55065003642002
30200,28.00859711329501
30201,84.35519778555707
30202,69.86796312131003
30203,87.06808793790056
30204,85.79713322230555
30205,29.567944106452536
30206,80.85029475842376
30207,87.13191063166116
30208,23.611095605996884
30209,82.27767699569173
30210,84.52824900163432
30211,25.169049405306733
30212,82.77665800167946
30213,34.15921032279412
30214,77.90074630675932
30215,79.0615670262977
30216,83.98114613068464
30217,28.88155940783397
30218,83.38782470951077
30219,74.62507849637322
30220,31.666026132494224
30221,84.03414126207574
30222,51.66339312872381
30223,81.14907601888238
30224,27.978766208846938
30225,77.10549908992562
30226,80.38438094791246
30227,66.6187471921029
30228,29.472822563093807
30229,79.96705194765246
30230,30.909279820941443
30231,84.30613337937123
30232,73.09195817789039
30233,26.952659581628748
30234,73.6259387362175
30235,63.93483713390549
30236,30.481124483237547
30237,81.38548172918239
30238,50.687977027268246
30239,66.11553614037666
30240,30.539174725239587
30241,73.91756943476291
30242,83.3020372437575
30243,29.277260062930868
30244,84.2061590451718
30245,82.92072076369922
30246,31.596903575442802
30247,82.73213218644023
30248,84.18074295087649
30249,38.05007767282951
30250,82.64970217254944
30251,32.03862427140586
30252,66.34128372176252
30253,83.13507170943582
30254,36.06674886372784
30255,82.83185478856728
30256,77.3114049736941
30257,29.157951809931706
30258,77.89246995724653
30259,82.25246544468271
30260,23.412472392090386
30261,81.66081621424325
30262,76.39832268861824
30263,26.88404010187796
30264,71.43378422516017
30265,82.09346594956916
30266,28.018324870342067
30267,64.39068714083697
30268,83.74456068790948
30269,37.925898704353905
30270,77.48084321625247
30271,25.24808382527574
30272,30.12150049120072
30273,80.76453037069035
30274,72.33731790723708
30275,29.64757070614869
30276,65.86151312270212
30277,37.57353859289819
30278,28.44860504117632
30279,42.39125422702661
30280,32.192499783965616
30281,61.59534228143612
30282,81.57489169293984
30283,29.31746976004588
30284,61.54281827108221
30285,59.65539017017802
30286,31.229771267072937
30287,68.82448006058102
30288,69.76458502511184
30289,31.788412677072934
30290,63.16398101992421
30291,64.19398007557913
30292,67.94217130557634
30293,34.64196630970946
30294,39.227594476351555
30295,48.30579903019518
30296,39.640878070114596
30297,67.45239285223397
30298,58.26146463729835
30299,48.66126427698996
30300,70.33058472109094
30301,42.35658310651956
30302,47.92562947688871
30303,41.6738691146962
30304,55.992418452628456
30305,45.33454892426501
30306,38.62729432184545
30307,81.02640308754704
30308,78.83785985749898
30309,45.0250563924076
30310,67.2956020512254
30311,40.5696703009862
30312,36.26190870536847
30313,75.91801748729647
30314,41.64952782036412
30315,40.24075523754036
30316,36.77109697180083
30317,37.91427358889992
30318,45.037884380509354
30319,36.51409357805928
30320,42.93675906440053
30321,54.95072155557833
30322,75.93325915674666
30323,54.37408249223978
30324,38.33804493195072
30325,37.33056986963867
30326,38.23475233640386
30327,35.29396789113183
30328,35.63218179942157
30329,44.55246800780819
30330,47.30671768370641
30331,52.154966135767594
30332,39.442281027592486
30333,41.75008339499908
30334,40.09934055004973
30335,33.880235950974736
30336,58.045675818091155
30337,81.00796476265344
30338,49.983467746399434
30339,41.5079106556586
30340,40.74705933297426
30341,36.1633256270306
30342,34.88399707989642
30343,37.46003688102521
30344,52.06023730561573
30345,40.17010835599126
30346,36.4933074929327
30347,37.58540620110434
30348,41.67242985508158
30349,40.459262928567945
30350,38.72638268318235
30351,52.149791913021055
30352,35.773948940528506
30353,34.92189011590564
30354,39.09813624000795
30355,42.42593057251641
30356,40.89752087361575
30357,41.95375621221895
30358,38.23947869417189
30359,39.98172168103506
30360,35.72745491067482
30361,42.33855874414818
30362,40.43674800518895
30363,66.54009218565106
30364,78.13400209980573
30365,38.29119843572968
30366,56.96939683620339
30367,39.30461850559534
30368,47.47895027465295
30369,73.77332277084572
30370,37.977233765530826
30371,76.00309556901868
30372,37.479981862749675
30373,39.73038439390795
30374,35.88467794791693
30375,39.78671508781737
30376,38.936539316227496
30377,34.840055864082146
30378,77.66084766247845
30379,40.30427277166654
30380,40.10529273379676
30381,48.898909205563655
30382,36.526327489584396
30383,46.71538525189608
30384,39.27064015212354
30385,44.33105561910279
30386,77.36355311870362
30387,80.92799069741082
30388,85.40195574215508
30389,62.73170542009085
30390,29.747794211244994
30391,39.05177503359452
30392,80.50282597201425
30393,69.43643772849832
30394,65.15818395633636
30395,81.61368261406824
30396,78.26093039808208
30397,43.919172221460265
30398,63.98334940987772
30399,80.56253992497027
30400,55.30593663686427
30401,41.42440107919742
30402,61.649541321132176
30403,45.09236745178084
30404,33.41064156550688
30405,36.53435080540374
30406,68.94729324536576
30407,74.63949961610257
30408,51.37184300112229
30409,50.75786111643444
30410,36.6952976487383
30411,36.57766059738433
30412,65.57265388010423
30413,55.45477346909235
30414,64.21881095152172
30415,34.06114478849402
30416,46.345828858813775
30417,64.90875871947115
30418,71.77066475891839
30419,57.41450705044684
30420,30.038896549813074
30421,54.39856398709842
30422,51.902242345661726
30423,84.06589495630566
30424,61.65627152904918
30425,40.903769130576734
30426,60.87081469116409
30427,65.21809780990168
30428,82.25607950344954
30429,39.90685421813172
30430,34.91600675215593
30431,34.05191363762442
30432,59.2888639186304
30433,31.63771049639071
30434,34.40993498319236
30435,56.42231303143663
30436,59.111352789295914
30437,56.928703926894215
30438,68.41897105981133
30439,66.07862832856719
30440,55.80114868972947
30441,33.25220376613058
30442,57.287636374935616
30443,40.19717217100804
30444,69.59828701979387
30445,37.917100370803816
30446,60.2532258697844
30447,65.05962335402992
30448,71.09433659037644
30449,69.64220277208813
30450,75.65864443692608
30451,66.71109165492994
30452,65.18198729593853
30453,53.6225340744341
30454,61.44852880827547
30455,32.5042623938523
30456,58.18081537860452
30457,38.17651464220929
30458,57.77803006960489
30459,52.87015697725821
30460,54.7160008119109
30461,69.31238130155037
30462,41.53948378389654
30463,61.095946218437334
30464,68.94227777568162
30465,39.05131396202097
30466,52.26666289438559
30467,66.57810019010947
30468,70.6226359354865
30469,35.17797193469808
30470,55.756502878262275
30471,51.05962984883026
30472,35.792449570310644
30473,38.82237158667975
30474,44.803360094042716
30475,35.27659508664368
30476,35.169105026411955
30477,38.82489389828233
30478,41.87066532194683
30479,47.970252812518524
30480,37.39033533251226
30481,32.64113960231835
30482,31.81271412937764
30483,49.20554428026152
30484,64.3863318000627
30485,34.79313908437
30486,60.139619685741955
30487,35.56680373977863
30488,35.496512001201076
30489,37.47238576889327
30490,34.44006105767508
30491,35.03196947154461
30492,34.48044040492325
30493,34.43976092683876
30494,42.109575230461864
30495,48.42788416631213
30496,34.25570298778379
30497,39.15967009438592
30498,44.05462900295586
30499,45.66197723149202
30500,39.38158197465943
30501,56.90270271037443
30502,33.70634346382544
30503,34.04448651175231
30504,40.73522719977863
30505,48.06956259204874
30506,42.287255766576266
30507,58.11288849952415
30508,41.308587334591124
30509,48.50673040800286
30510,38.078044415000505
30511,38.42827055915648
30512,34.2259066957225
30513,36.2240785934124
30514,41.05243729165401
30515,38.3055318518238
30516,40.40624606818156
30517,42.984500166247265
30518,41.041440776863716
30519,38.62254934718389
30520,37.55904590870945
30521,62.08992082788811
30522,52.551149975842804
30523,40.405901277115596
30524,40.17218806360887
30525,40.127004197449004
30526,36.08626080215706
30527,30.55533777622386
30528,32.11978853687363
30529,36.57496345483085
30530,73.6889861996668
30531,52.01833582554383
30532,40.698411086980144
30533,49.606103841712205
30534,39.43228828157262
30535,40.24620486186107
30536,38.100729891036536
30537,42.37214532777429
30538,38.378795671380374
30539,61.030918235374195
30540,40.6650366605619
30541,48.42465406757013
30542,42.20460288971103
30543,33.497423693923274
30544,44.54102592923577
30545,36.62822505910353
30546,50.44816376748083
30547,52.926240047650865
30548,35.947333218509655
30549,41.96358561479422
30550,37.74703455962327
30551,40.18813571942171
30552,39.37224513509461
30553,39.81260601241362
30554,38.43606762855034
30555,46.47747925055607
30556,50.37734103924592
30557,35.77694748834857
30558,38.56520751189204
30559,37.94108222468081
30560,49.09729605655667
30561,42.260834407506195
30562,44.305635816903184
30563,36.706416350983794
30564,37.81821693099512
30565,46.122116506604996
30566,38.100002132222194
30567,35.282321812953796
30568,36.26932910808392
30569,38.11847292996568
30570,35.96476916888756
30571,60.549885777430546
30572,61.44050202898053
30573,47.66536484637307
30574,47.81744736461353
30575,37.93836209060117
30576,35.33033382123531
30577,47.25966052780527
30578,44.74774452922376
30579,38.423780009290326
30580,37.75849300034902
30581,49.05946437596103
30582,35.591763928394315
30583,39.165511200603305
30584,50.818401599575665
30585,45.99574185721044
30586,45.76153618930831
30587,32.54983684594765
30588,50.19964016570596
30589,33.92715177979839
30590,46.48319151463475
30591,59.68912392505323
30592,33.79664443633749
30593,35.367422049533964
30594,36.370114050946555
30595,37.82768056151692
30596,43.670083095875775
30597,34.97669033604479
30598,31.635575949175845
30599,46.74585643770924
30600,34.29394572143057
30601,31.200831078064503
30602,34.24798979071993
30603,37.45680250942088
30604,36.352910224598496
30605,38.60083889223246
30606,50.88099297895405
30607,39.559998922266445
30608,38.75419252769072
30609,48.85368585809495
30610,40.266802538799
30611,69.546298948648
30612,33.69267140776098
30613,34.025384840030924
30614,38.36065133896926
30615,37.206894801752576
30616,34.2910034975447
30617,49.19095659586511
30618,52.38040758736861
30619,30.58143684716893
30620,56.35773088366051
30621,56.743354810623075
30622,66.54226008306605
30623,59.595303595186316
30624,53.05191921141291
30625,52.451072341982254
30626,55.94488175593673
30627,35.67164050892725
30628,73.61327691717372
30629,78.46478397706542
30630,44.60375513577804
30631,35.54143202268001
30632,59.77041259225616
30633,57.96652343331684
30634,56.666230201172006
30635,52.53400058259748
30636,33.978689764439714
30637,70.66198248855243
30638,65.9781184695831
30639,61.57010387971254
30640,46.05663644974674
30641,60.05502859520246
30642,38.422634206838396
30643,39.40323472320301
30644,61.774727674455434
30645,36.01047421842948
30646,58.0178338733848
30647,22.065439534289435
30648,67.02830375531924
30649,58.01185358417198
30650,48.982156825495736
30651,39.221188318820786
30652,41.65225088043122
30653,45.60915124665181
30654,55.96036472009625
30655,58.75456825263646
30656,69.02929070249434
30657,69.95524375819167
30658,37.74077238661905
30659,72.9340871422877
30660,35.99610589411759
30661,60.860890401487524
30662,59.85513668837142
30663,42.73024349911166
30664,46.53685401060976
30665,54.12850273258017
30666,45.84456871016598
30667,57.47322563267833
30668,58.17669988226413
30669,59.51572617263872
30670,60.0105751909787
30671,36.21506696157687
30672,70.6390620839594
30673,65.63348198329022
30674,59.21053151993399
30675,59.48135795245162
30676,65.8304029321122
30677,54.88988793173306
30678,59.00762238234448
30679,60.621488847308825
30680,78.65489337725694
30681,71.14098079292386
30682,73.88957810453154
30683,57.66145548807995
30684,55.64770634642606
30685,63.63091824930609
30686,57.65204556554309
30687,64.19839911143548
30688,59.38629958736587
30689,34.756042062837594
30690,52.900576584531336
30691,57.49380788768231
30692,37.1283609881093
30693,56.044137937768326
30694,50.54168603817931
30695,48.97477923714306
30696,64.38304128775779
30697,43.76699272709394
30698,39.897418943887885
30699,60.77707320711874
30700,60.777089206431604
30701,39.45504087557122
30702,44.24125754229693
30703,42.756035489680784
30704,44.91277050486781
30705,44.14347199553657
30706,42.56817302017725
30707,55.36771321904241
30708,58.30667377112602
30709,66.26305484008927
30710,45.182444572057484
30711,49.03894470238665
30712,44.14491671917563
30713,56.43543044903077
30714,46.98718499742288
30715,54.84002998485874
30716,10.271098438897134
30717,41.15842151738175
30718,36.296579711929795
30719,27.715017821752788
30720,39.952447515506684
30721,37.152818900464325
30722,42.01310608503887
30723,60.19684328061731
30724,49.14654922578695
30725,26.158045394770028
30726,33.442014628181134
30727,33.6144310232108
30728,39.88428795276532
30729,55.38459253743416
30730,65.43279782389406
30731,35.59578395866584
30732,46.4154900462578
30733,37.46485169810086
30734,44.90591582969801
30735,40.090430292016876
30736,57.800480974732125
30737,58.68143604954576
30738,48.75944390118093
30739,35.70942072955439
30740,39.42767190991444
30741,39.66386659792241
30742,44.43283663735911
30743,36.78742051443673
30744,59.02936494629508
30745,59.17975642388337
30746,49.080059241744614
30747,36.11811744314133
30748,50.24137648869113
30749,51.61808087613932
30750,37.276752659914024
30751,47.458347677115086
30752,34.74298125760402
30753,37.34765499118612
30754,33.71604474015294
30755,35.22631557542766
30756,37.507624406579424
30757,37.6505863718423
30758,51.5232172199389
30759,39.95794492575439
30760,21.16480849415835
30761,49.57969103629555
30762,32.67544836505025
30763,37.29384040995738
30764,36.60001588841497
30765,43.04959736472575
30766,41.46665611951554
30767,49.85943810720566
30768,53.34029836094382
30769,39.72550632724397
30770,33.20696213116713
30771,34.87719846065658
30772,49.62629738974503
30773,30.29223926934803
30774,45.87652528611766
30775,32.917071569268856
30776,46.09249765056253
30777,67.67620165821978
30778,38.152387657819155
30779,53.02257335330138
30780,38.91074664451595
30781,39.52291255615515
30782,59.149585636891004
30783,47.06743580567253
30784,53.30282161746135
30785,32.703876851663516
30786,50.821462191992126
30787,47.15052468735969
30788,51.96926623416785
30789,39.76937126099811
30790,62.072194462202646
30791,62.23022465196779
30792,60.267164599448904
30793,38.70214627592119
30794,69.42982938793686
30795,37.83383091345074
30796,45.76619842105335
30797,35.70185864605097
30798,38.18334319266363
30799,39.55028060876229
30800,21.256092230717297
30801,38.39055634433589
30802,40.854365004216255
30803,38.02701491031397
30804,30.254495557620313
30805,24.511020670200477
30806,29.78443352555255
30807,33.592630048024745
30808,27.125428398342457
30809,34.91535266472193
30810,32.36274143507133
30811,36.858931693626374
30812,30.525726492650396
30813,34.27326087677442
30814,35.39447708358939
30815,28.55283832849302
30816,33.959716358822334
30817,38.417761996116525
30818,24.765422063015034
30819,27.091897024495417
30820,28.918795548932273
30821,31.15944584413807
30822,32.2881618970173
30823,38.131009916003805
30824,38.102637100458644
30825,32.11757286417182
30826,48.30383325207377
30827,35.352033556791525
30828,37.6770061589577
30829,33.05522752140705
30830,35.449324374019966
30831,30.225650907288305
30832,28.94131717821319
30833,34.894087360591506
30834,29.607119832595103
30835,38.78474317727279
30836,31.812904950651614
30837,42.465112193324245
30838,34.2296664016824
30839,31.566945101342373
30840,34.8277922701139
30841,34.74264911953872
30842,34.17299708035965
30843,36.943459290482046
30844,68.51386600504244
30845,41.57753682406862
30846,28.268326832042362
30847,80.62732511188952
30848,38.2593669199866
30849,39.38535796231416
30850,44.803659318733075
30851,45.16124242542977
30852,22.603189070344662
30853,37.7128842795781
30854,37.96860542795271
30855,52.81334417528197
30856,63.858654821046144
30857,43.4193573272492
30858,51.150848419736036
30859,35.8728815801152
30860,16.7144015400174
30861,18.012785260433866
30862,58.95620584591262
30863,55.71443061613813
30864,43.97591080909769
30865,69.9069941117101
30866,58.80019476642688
30867,41.331307939568546
30868,57.82313863082316
30869,54.95267416493554
30870,72.28395997791128
30871,59.858005558069536
30872,61.48985190779598
30873,67.74076588998433
30874,60.6156118332256
30875,59.240616723051254
30876,57.3897285464675
30877,51.97579600480982
30878,35.30144334892846
30879,32.645022645468444
30880,37.4855672688932
30881,39.323986529664005
30882,34.21799022592951
30883,27.389032009935875
30884,43.08755439249391
30885,34.212567579308555
30886,37.91081049165919
30887,51.96486258363947
30888,40.383585756114854
30889,56.9992376899671
30890,38.45582342661601
30891,41.05575285927648
30892,34.20813856099848
30893,36.23571538897835
30894,27.868665214238952
30895,36.251432411902705
30896,33.96571979353089
30897,36.77633772998673
30898,42.17061128709312
30899,44.58006811821065
30900,35.90169533519214
30901,34.455199992843205
30902,54.500844231482304
30903,47.205565918067805
30904,34.897657918048715
30905,36.71139598628352
30906,40.54343247914595
30907,45.927558743800134
30908,43.82644077048377
30909,33.697737754873906
30910,29.55134335259578
30911,73.25824728378747
30912,35.701491207456115
30913,63.14351542538824
30914,29.59981432540119
30915,36.567674168306574
30916,68.1912116578066
30917,30.185993942693386
30918,30.936297127416722
30919,20.748088930301872
30920,33.99989830192765
30921,13.478582747550881
30922,31.212847896430972
30923,28.400818008324016
30924,33.696142039366116
30925,56.11003764868807
30926,31.605779353288362
30927,64.42813621317863
30928,39.681107288852424
30929,61.81945176991918
30930,72.03127063028904
30931,43.026431909981454
30932,27.88510004235418
30933,35.03044645952871
30934,34.388634382913445
30935,55.25512901602813
30936,43.04500307907182
30937,60.15867321881173
30938,36.41619434967676
30939,53.517563533280196
30940,12.41456221960481
30941,20.498219008602845
30942,56.72735508915983
30943,15.859932098671251
30944,17.559815235609435
30945,32.25117084196864
30946,39.125910728395
30947,20.14285392553017
30948,36.18711083066064
30949,35.93617290782479
30950,51.773380954388855
30951,46.937967571556804
30952,36.21294553725554
30953,15.611547717242996
30954,39.26444145543736
30955,19.5593921526376
30956,57.029281747502395
30957,22.479812128568593
30958,21.03508815678311
30959,18.77399632628971
30960,43.422756354804974
30961,40.08957589057751
30962,42.19254584892817
30963,39.30278922548404
30964,60.39363486630934
30965,52.330486762094765
30966,57.71851591655182
30967,57.876324969873366
30968,62.332728057169206
30969,60.20713196023169
30970,59.493068866235454
30971,58.51605472658888
30972,65.7047118025021
30973,35.2764933640299
30974,62.94163071667711
30975,74.62743048099475
30976,54.66552345911576
30977,37.11504538884465
30978,40.08524727386809
30979,45.28276642271611
30980,60.9936999856076
30981,34.62193709041235
30982,42.8096834588715
30983,41.073186729196266
30984,56.352298327728775
30985,37.18793179817411
30986,44.09600308510035
30987,10.025049638585607
30988,53.785113663271986
30989,19.09252053327215
30990,41.76819244797758
30991,15.721785385013089
30992,18.82109420621604
30993,35.97804668536702
30994,38.16643888490488
30995,36.76415824153953
30996,23.44558727320628
30997,44.659981353009265
30998,51.22904335083503
30999,60.83789826813059
31000,40.60499090591299
31001,20.56914682813708
31002,17.790757796984863
31003,32.953366277112686
31004,45.80069183497951
31005,33.87931414621055
31006,27.390225380917173
31007,44.33182151945818
31008,64.55650882592536
31009,45.77673644389486
31010,40.35760754733755
31011,57.590772836010586
31012,33.31663560830213
31013,38.67220180527962
31014,22.41516907866672
31015,24.626790774232727
31016,32.159237274677764
31017,31.77578304384894
31018,58.45021385551448
31019,33.94137882422755
31020,73.9148543208007
31021,34.22893573411148
31022,41.90308215730774
31023,45.75502164633195
31024,32.56143645901685
31025,30.5908486558112
31026,33.83524183353692
31027,40.308149706038925
31028,29.9324048986948
31029,43.64081473632922
31030,54.42468752336745
31031,27.700213447990212
31032,37.41235343532207
31033,33.40461146320303
31034,20.613325219725407
31035,31.665259857835817
31036,25.85313637485261
31037,31.793133522767413
31038,29.811230993585962
31039,30.668964075094834
31040,43.71640244357157
31041,28.851588741380244
31042,33.99224634014141
31043,24.421482352502576
31044,57.22142295889235
31045,37.58988351674651
31046,32.061675649438754
31047,27.535894662925788
31048,45.016775721716456
31049,18.961606796805256
31050,29.65980624683418
31051,26.213343846152707
31052,26.1429680817638
31053,35.52624624367304
31054,26.968052587315768
31055,26.930905616733654
31056,26.867689654486604
31057,26.652326879149133
31058,30.17937897905192
31059,32.433797793503416
31060,26.003863890225244
31061,26.565310614935147
31062,25.149982180393526
31063,29.395870684652586
31064,37.031979539012326
31065,32.560724609151684
31066,30.17897877283243
31067,26.56560347889017
31068,24.29606205221939
31069,23.064962449369894
31070,30.3556964016879
31071,31.008216547566967
31072,36.86848199349394
31073,22.943871920227746
31074,27.320684027054057
31075,24.91034495025764
31076,24.949620483665846
31077,31.627695958678075
31078,38.988848805588276
31079,33.68941982877426
31080,30.709279932949862
31081,30.420648591358507
31082,35.51671884260604
31083,36.5958289262524
31084,32.59255012135798
31085,37.092754411983954
31086,27.249746590628185
31087,26.697105323563296
31088,31.020430654117735
31089,31.56965327075372
31090,25.577877586692853
31091,32.371380475987266
31092,29.08997773757335
31093,29.302397239781556
31094,38.96454792163012
31095,27.65948647807891
31096,28.67465807556625
31097,32.41710829350504
31098,26.35203969568291
31099,38.95069614070856
31100,31.90724623623182
31101,41.37232376169759
31102,33.59577024494645
31103,43.53702723819278
31104,35.62964051887107
31105,28.59464692326162
31106,33.11567990727478
31107,37.45598002450471
31108,38.4160263891974
31109,44.294594484466614
31110,30.90814888277025
31111,30.44546668715703
31112,26.289912351785944
31113,23.210675725254838
31114,33.01287096453736
31115,36.016117272253936
31116,51.96444093115844
31117,27.196379068380818
31118,25.582746828470178
31119,41.93170561029562
31120,35.65555895532448
31121,14.62381471075636
31122,27.226262031623403
31123,28.8622874053677
31124,25.830149125052735
31125,25.219834040922493
31126,25.806251630079082
31127,33.02700659394604
31128,28.094878057217898
31129,25.534826695053464
31130,28.000369774592784
31131,29.100178609600803
31132,27.513492615986678
31133,23.346855205146532
31134,28.90732622459732
31135,31.386221381005228
31136,30.114886783346904
31137,58.501396299987455
31138,28.550751525834052
31139,30.91937117297352
31140,24.059067488281322
31141,24.875563826427022
31142,28.769677386396676
31143,30.576873297817983
31144,29.427186983454064
31145,26.360826665329594
31146,27.872227300086042
31147,28.888476696997852
31148,24.39280024225181
31149,30.919629523971835
31150,20.56594761579645
31151,23.51864682891592
31152,21.666745858609158
31153,26.106653788245403
31154,30.466128951262288
31155,25.272746357816867
31156,26.143039413608978
31157,27.714671151183428
31158,26.210328873749404
31159,25.873672780684352
31160,26.137598425140332
31161,41.23970053164405
31162,30.59761645701431
31163,31.292405747294318
31164,27.129788431994246
31165,28.631074822800677
31166,23.488960389047907
31167,31.51847862729887
31168,22.45810645279319
31169,25.817537263007914
31170,36.290736922216595
31171,23.61414775295435
31172,28.121524186005985
31173,26.683486605711092
31174,22.357725936835525
31175,22.814389191339867
31176,27.3493413500735
31177,24.377556414201436
31178,27.29953815023885
31179,29.785496595292425
31180,36.05168227664742
31181,28.223154261065574
31182,24.402687564658674
31183,21.760572720825895
31184,24.513735984740244
31185,27.365421692373708
31186,26.844920086517522
31187,27.08001102270229
31188,26.831237683451
31189,28.728720319809646
31190,31.29489343836366
31191,31.42440373754802
31192,28.04900564821908
31193,61.29108704062219
31194,28.952641874666483
31195,33.844143326083085
31196,27.62449135320011
31197,23.905738525326697
31198,29.43434617672464
31199,25.111610281698752
31200,26.047031037673985
31201,21.421310614234763
31202,28.17667462007838
31203,28.057552509518523
31204,29.109171740020198
31205,23.620314206069647
31206,37.549478814489355
31207,26.949967364963065
31208,27.918117905148456
31209,28.31157526938402
31210,27.367165832283707
31211,26.300313014168747
31212,22.445052510275534
31213,23.924979005054677
31214,26.008982570258254
31215,25.51749405055205
31216,24.716533679671052
31217,20.315882472784892
31218,31.57793314892632
31219,29.504666203181
31220,42.046247093668484
31221,39.44630032855475
31222,40.193905890073644
31223,34.24268545519619
31224,34.68520851011701
31225,32.57024189921617
31226,27.584380137510347
31227,40.10995581951781
31228,34.563334473072715
31229,28.30532255806059
31230,31.201697343969766
31231,34.99936515839225
31232,26.99447655181967
31233,37.74470973026647
31234,27.896326412000345
31235,43.75452897731905
31236,28.977544221356943
31237,29.133499173475414
31238,30.459781557040657
31239,42.245688063456306
31240,39.53815197505739
31241,35.30563064481416
31242,30.160793865069547
31243,30.415832695565253
31244,26.27088032790678
31245,33.584479901005224
31246,34.061449453591145
31247,35.750634356071714
31248,29.428308817307112
31249,49.0621474457476
31250,32.91806283676064
31251,32.68094981795344
31252,30.596137061154575
31253,28.122799822390494
31254,28.3250957159886
31255,49.40749436667123
31256,28.683125377752283
31257,30.995803313857046
31258,40.39347851705975
31259,49.43477836954579
31260,31.79801002883828
31261,38.65899020115735
31262,40.17015234331989
31263,27.138421087371
31264,48.89882347132627
31265,32.42198304210633
31266,49.673304808926716
31267,36.34977796095553
31268,35.71477531976187
31269,35.51545866847974
31270,32.91002094865173
31271,38.45393873948765
31272,30.464443704126374
31273,33.32121286734731
31274,27.982376219817876
31275,28.414098057278487
31276,28.23206549259228
31277,28.307774925728314
31278,28.810899641573464
31279,27.102986095727125
31280,34.86590686891702
31281,41.00947064159726
31282,44.865932366605115
31283,29.84750239747455
31284,38.95930829828694
31285,29.706448131650873
31286,46.5820911443877
31287,42.030869190476544
31288,48.98670781374013
31289,27.538001640188543
31290,28.445206390413315
31291,31.267656600043733
31292,33.15569511316866
31293,44.46957403694505
31294,55.1342000716312
31295,42.2234801121765
31296,31.469358303060254
31297,29.021167134637675
31298,29.83165279102986
31299,28.71522627595104
31300,32.72159089121933
31301,31.64326165676424
31302,31.995659348321148
31303,31.56408011481278
31304,36.87241855255628
31305,30.858928098311694
31306,36.80141593506874
31307,25.840590995315672
31308,29.961723849638133
31309,49.603067796485895
31310,31.142986903296528
31311,28.031253393869108
31312,39.121019509778364
31313,44.45558099332967
31314,38.1389522897903
31315,30.98550766682541
31316,48.47113995441536
31317,30.26482748740655
31318,37.73751045454861
31319,40.33916536455756
31320,50.34326657234485
31321,36.83257475865732
31322,37.72359795232145
31323,36.52627546082908
31324,32.53586044023296
31325,38.36525127518958
31326,37.15052764051751
31327,32.917071569268856
31328,29.046691936619418
31329,46.20554867030927
31330,47.06743580567253
31331,32.80625471414992
31332,38.71862257650269
31333,35.25649757723039
31334,36.41856098835873
31335,29.818228461684228
31336,41.51524711708102
31337,74.31520367149935
31338,32.60941213342891
31339,35.59370940599365
31340,36.983240592167554
31341,39.10421267148127
31342,33.0866232963448
31343,58.21580375334919
31344,37.52737173067869
31345,49.0234243602936
31346,69.91571868231452
31347,47.5666858929074
31348,34.283679137759826
31349,35.76111384027148
31350,36.20821380890231
31351,59.937747580118724
31352,54.84002998485874
31353,39.512480607123436
31354,28.344354760459503
31355,36.426933219481896
31356,29.55134335259578
31357,46.08751389790327
31358,71.80775671682802
31359,32.159237274677764
31360,30.48062860103108
31361,38.270004665598314
31362,37.44674298583427
31363,33.99336028793665
31364,19.053605256382166
31365,37.25467051433321
31366,35.81490674680838
31367,35.91329232178914
31368,34.949143645380005
31369,36.94119377518889
31370,48.74105081555157
31371,35.84674210939281
31372,36.48450872911173
31373,34.581986001026806
31374,34.13476381179538
31375,30.54296345798587
31376,32.46315432328448
31377,44.610610167377864
31378,41.7232191034631
31379,31.468589197213845
31380,37.13714209466324
31381,38.85847943451434
31382,35.09468455049371
31383,34.7794197407522
31384,38.41836588440125
31385,31.905300517228383
31386,52.65626672752288
31387,43.893002409174166
31388,69.9069941117101
31389,32.1762819424976
31390,80.35125858278948
31391,36.704939694817924
31392,36.8685431395068
31393,35.07844483208906
31394,38.37690503967062
31395,20.56914682813708
31396,46.475712736403956
31397,58.1497791271323
31398,35.01665960497374
31399,31.800315137174934
31400,36.31826246356531
31401,37.89768485741918
31402,38.69640297513456
31403,36.00393367763193
31404,58.95620584591262
31405,49.78663058853261
31406,16.982884603386697
31407,33.83789523564803
31408,60.15867321881173
31409,34.500743379525666
31410,37.64877521038275
31411,38.383305901826766
31412,40.90029617273299
31413,43.37671934958015
31414,33.02336755128575
31415,37.29915703945267
31416,46.88663233152499
31417,44.90915911051763
31418,30.70556280224923
31419,26.820595704679825
31420,29.769235427033152
31421,31.458095938584023
31422,24.54369425788519
31423,30.901462471580587
31424,28.21054060718904
31425,23.92392816268541
31426,31.08506552602992
31427,31.130417136263596
31428,35.51850319172827
31429,25.93872226429425
31430,43.40743218420375
31431,30.961154716224854
31432,39.0192150451615
31433,39.79743335832245
31434,25.851916730915576
31435,29.170515843455256
31436,30.08899183591838
31437,28.230841596576596
31438,34.2694295760544
31439,28.2905746395965
31440,36.76155917093757
31441,40.22802439522344
31442,24.619104299227978
31443,43.2238880701275
31444,32.564046607337374
31445,36.48154030436491
31446,23.804093175103098
31447,38.14160159344411
31448,41.12263123702129
31449,32.36367398398488
31450,28.42300153506775
31451,30.212311642876152
31452,34.31770158885587
31453,38.293179186646135
31454,31.099258564815216
31455,30.64150358556505
31456,34.7709996692253
31457,33.75112919760471
31458,31.069950404753463
31459,33.24210615952596
31460,30.422519051078893
31461,26.97107184184588
31462,24.232508495226405
31463,43.33973047250197
31464,37.46908380127952
31465,35.080922297240875
31466,44.626314326676685
31467,30.63124974825049
31468,33.820865897956196
31469,32.76665305488227
31470,27.433647368460168
31471,33.38076491501619
31472,27.756781573189414
31473,32.06455631131336
31474,28.088792191489553
31475,44.32225222675732
31476,33.4283801870462
31477,34.93498409817974
31478,32.322405777232134
31479,31.69150190853137
31480,36.13623901855811
31481,36.66932952031936
31482,43.62934320141423
31483,35.63663048006823
31484,28.57902805131705
31485,28.152019101119286
31486,31.903925497034717
31487,38.88815730684037
31488,44.78887851978483
31489,34.961526425329524
31490,28.775884952516734
31491,29.31815372137036
31492,31.602545460192932
31493,25.661601022473462
31494,21.160874966467
31495,28.707846816561535
31496,30.61048467558011
31497,41.331571178442736
31498,30.864697579287622
31499,32.29609082021773
31500,29.367608379321922
31501,40.396044401045124
31502,25.45017920146344
31503,30.111827985260355
31504,42.373206024299584
31505,32.509805386928576
31506,29.895107424860726
31507,30.56784811103982
31508,29.011972000418933
31509,31.660660112398567
31510,30.974713535455376
31511,42.28284883447034
31512,29.00792975288815
31513,33.741408632441875
31514,34.17682529912954
31515,31.599419006538955
31516,55.19206889569334
31517,56.474117149295566
31518,47.90219032519505
31519,43.72362242230028
31520,51.009641785023035
31521,56.9495613857922
31522,53.753451810799284
31523,55.91861423726582
31524,34.22494534949227
31525,45.77662882696208
31526,69.07135117532631
31527,42.62193163600322
31528,51.5338992135683
31529,78.72139547242334
31530,44.22563037948963
31531,48.47913526138364
31532,51.42402854002019
31533,35.20710707631645
31534,45.64791893576064
31535,47.339750327128336
31536,36.69151756973366
31537,37.8045106512702
31538,43.32076907343204
31539,50.56287560305278
31540,34.32148523138878
31541,40.35591971692837
31542,34.99004384323555
31543,46.08584280056086
31544,37.35165519569834
31545,44.59135221184639
31546,47.411994653512124
31547,59.44553989212501
31548,40.94852625528081
31549,38.477230122683956
31550,32.962828396090686
31551,40.07270003334067
31552,29.235024495135274
31553,40.11201080678408
31554,39.21490410393149
31555,48.10855465580785
31556,49.87170557579784
31557,38.83243333597938
31558,48.583733382665756
31559,32.50303444203143
31560,41.40243744701658
31561,51.38987413421961
31562,32.675587841075824
31563,48.87950927943671
31564,40.28059796842181
31565,44.07625814028323
31566,47.77972099742483
31567,45.60596019431774
31568,31.003653223524438
31569,45.77986400736215
31570,45.83907652179688
31571,42.76022262757765
31572,29.52015424696974
31573,38.42546810353807
31574,32.31890846094903
31575,45.2238441370649
31576,38.10228505147903
31577,37.58673716274951
31578,33.02311171118697
31579,31.19835533484251
31580,56.39340113710088
31581,42.14636344238908
31582,38.67229770143639
31583,37.05475926363559
31584,46.85468698952114
31585,21.449627275649178
31586,34.212567579308555
31587,29.152927610357004
31588,27.734659158732516
31589,27.973935510375004
31590,35.5702915236933
31591,39.60500697665693
31592,33.113745528231064
31593,31.589341553072362
31594,36.39647117590048
31595,34.054300149170324
31596,29.02417447556345
31597,39.449273767923785
31598,26.541017843047197
31599,24.171863615832233
31600,32.3332863888976
31601,40.26402806892766
31602,40.91425841737767
31603,33.12170944141638
31604,34.73970602595548
31605,29.773632923646474
31606,36.38952731886403
31607,35.56735770837152
31608,28.543437664627476
31609,41.07921027667347
31610,31.43715425380264
31611,35.57166110323473
31612,28.990337984536644
31613,35.58539471604586
31614,31.373828061794043
31615,25.649184503746117
31616,33.187054889665184
31617,22.855509982450403
31618,20.726835834746772
31619,23.324685206044155
31620,29.589035517630315
31621,27.40212884730792
31622,28.87547715453018
31623,24.092063040303916
31624,26.13871502779412
31625,28.45242068916761
31626,36.1530471720469
31627,27.966988844412572
31628,26.760394897207064
31629,26.421623460981756
31630,27.527162240684067
31631,28.161326253754996
31632,32.65493975857004
31633,25.74523700590008
31634,26.44578701919628
31635,32.302706522405614
31636,24.496781242979836
31637,22.131828215608913
31638,25.361721291786875
31639,13.401715785151644
31640,25.295725783685754
31641,27.98485041596089
31642,24.72930313049515
31643,27.551686308369256
31644,26.149086200726526
31645,36.809980556742616
31646,21.02002360632524
31647,25.515799179604066
31648,26.991860377126088
31649,27.418035789790423
31650,37.60176782471811
31651,27.992535267370886
31652,28.16666015546943
31653,29.03430417992299
31654,21.64465316855445
31655,24.59233057092356
31656,26.576038681587267
31657,40.65491103713451
31658,35.8877669605637
31659,27.91668720567258
31660,20.296228836124083
31661,27.923496152310914
31662,25.900325669032593
31663,33.42901307757253
31664,35.96851964275075
31665,27.586381024542845
31666,41.00686044538884
31667,32.06443858586809
31668,25.970116483344995
31669,21.415602688197037
31670,28.072438017627608
31671,24.242533942606954
31672,36.88768116523045
31673,21.71843467457362
31674,31.019157916774468
31675,37.59117261747379
31676,27.85287366176736
31677,21.55095349736701
31678,36.6950969009929
31679,31.979118904511772
31680,27.25267704689952
31681,27.160778554599055
31682,25.95918825013584
31683,29.836939596840878
31684,26.597490232051957
31685,29.222843424792746
31686,29.160747407866538
31687,34.46331401545039
31688,22.599576343501518
31689,19.827722716430824
31690,32.784795069267034
31691,33.771220410054255
31692,29.922476206427866
31693,29.709031789128865
31694,33.493767543174414
31695,30.024818291549526
31696,28.138908735607618
31697,28.357502911352654
31698,21.627247190380253
31699,28.84201715765178
31700,27.462532154483263
31701,29.486631814687552
31702,23.761639466013392
31703,35.02079724571538
31704,38.79162393639952
31705,25.681305802867097
31706,27.394346917262272
31707,21.746888357531876
31708,30.033285477415703
31709,23.69217870046056
31710,31.5785024977601
31711,34.691267288283285
31712,29.016215234822617
31713,28.719522816863538
31714,31.00121848712062
31715,30.45982402099558
31716,39.42025694675523
31717,15.931380174008467
31718,41.15078333071139
31719,39.51957238816041
31720,27.019174946739632
31721,28.60622664393949
31722,36.29191019559897
31723,44.803360094042716
31724,46.29974291468106
31725,33.80145522906806
31726,27.308571473601088
31727,37.91110091669759
31728,27.86238198179678
31729,26.524089571205934
31730,35.19033896200247
31731,26.624142850061595
31732,29.892030250328745
31733,37.193996055994496
31734,40.73236329684258
31735,58.19110663253821
31736,39.03283366981205
31737,38.41008599858763
31738,31.330834731033775
31739,44.1079663346674
31740,24.945964469862297
31741,35.81284060036831
31742,30.89947187570506
31743,31.755509725995168
31744,32.06438046121602
31745,41.54499405529381
31746,33.09742035165934
31747,47.484796225941125
31748,38.649359484368944
31749,28.06265321528879
31750,40.21381602225866
31751,40.67767431092364
31752,33.31022119228538
31753,36.92534775682289
31754,27.709002516134525
31755,41.224151773387575
31756,40.59696551500708
31757,30.929032388845986
31758,32.37712363064997
31759,36.559592308145696
31760,29.470244269676403
31761,45.45113362347223
31762,32.888469576829024
31763,32.35421788708578
31764,35.40238733253715
31765,27.855928237010463
31766,31.34354470201598
31767,31.249439979392122
31768,33.412733066025645
31769,45.64386519508331
31770,36.907597944976885
31771,40.05382559088211
31772,30.19775837764174
31773,30.597286930085563
31774,39.26603932835767
31775,24.298216923950935
31776,38.51709779795904
31777,39.51391138830141
31778,24.7591537758297
31779,24.766309635435377
31780,27.104411623007067
31781,39.99348617654594
31782,42.310879385798906
31783,26.567743636070016
31784,30.21950996386146
31785,43.53631162445947
31786,36.296579711929795
31787,65.21809780990168
31788,36.1708790908419
31789,34.564748170321096
31790,58.134529825008286
31791,55.712280286394915
31792,55.14433615718756
31793,55.035943036887026
31794,55.73365689140978
31795,26.583735185713625
31796,39.20866638857821
31797,39.99348617654594
31798,34.66446699976666
31799,47.26354834268438
31800,42.603574497836995
31801,26.677785669887363
31802,37.06264646679689
31803,51.58039329995674
31804,52.4761374419367
31805,52.10201156360578
31806,29.88737253953697
31807,29.16462353662135
31808,43.9855903178329
31809,36.426933219481896
31810,38.18334319266363
31811,34.07615752704923
31812,36.58652886807403
31813,37.3914212993686
31814,31.218724612031323
31815,38.462280420248405
31816,38.64462377184897
31817,45.238661777581136
31818,41.93170561029562
31819,24.240092586127933
31820,36.69586461669044
31821,38.58966790424372
31822,32.9508832922516
31823,32.719076162325244
31824,26.0053940117376
31825,32.185149022806286
31826,26.221675615203434
31827,33.41649275544097
31828,28.610268441524955
31829,23.474056486831724
31830,33.91225802158351
31831,37.18727406888667
31832,41.646878857842125
31833,41.690848153500475
31834,28.092542345576785
31835,36.301396455286024
31836,36.999098207678024
31837,43.5441646297986
31838,26.913881083009883
31839,58.80019476642688
31840,58.900863279304225
31841,35.34637678511228
31842,40.18706821742405
31843,25.94714915934226
31844,37.72229573744409
31845,39.909959119181345
31846,42.12333486782715
31847,36.15927810371429
31848,27.044348301418886
31849,36.909738232567555
31850,51.05503938023837
31851,51.97343364801237
31852,34.457922221460024
31853,22.66509364677747
31854,25.318990328741275
31855,40.59820228139729
31856,37.94114580607214
31857,47.1623946889441
31858,39.050752572014304
31859,31.7781631799676
31860,45.28572889858831
31861,27.80341991130876
31862,27.96233360160898
31863,37.72229573744409
31864,31.600569458978867
31865,36.68815211646773
31866,22.764270089667093
31867,26.803613656514663
31868,30.393682420632494
31869,31.010300151996184
31870,28.767216363870297
31871,32.1475245152639
31872,26.026578972327332
31873,30.25770940436538
31874,41.49644328625186
31875,36.81543102597339
31876,41.99837042419179
31877,40.46729788398292
31878,25.751833889211678
31879,30.207481777987496
31880,22.078500515325555
31881,29.84513436639959
31882,31.38065431888859
31883,27.415588815321286
31884,32.03605047882608
31885,27.22615384061393
31886,32.461289813640626
31887,28.25091211583096
31888,28.355532916919437
31889,31.752356538098653
31890,26.66394986543294
31891,29.126966758341275
31892,31.262014696226252
31893,35.899941806567966
31894,30.86614016114533
31895,31.330619223848462
31896,26.628863133482554
31897,28.714100485478163
31898,31.052209109435534
31899,33.217484721705866
31900,33.0873309016254
31901,36.97746283983403
31902,30.561367566810155
31903,28.766735339319567
31904,35.770207059653195
31905,34.86051004679785
31906,33.3583340549979
31907,27.473582094600825
31908,27.90004642730491
31909,33.7498072772556
31910,24.615780004936482
31911,26.25747073903313
31912,29.129825254354962
31913,29.845405356240136
31914,27.07765281343871
31915,28.220915613008906
31916,30.44963630328193
31917,33.37683710768229
31918,35.065484126292695
31919,25.897941126090036
31920,30.58104576593454
31921,29.003990214767384
31922,28.260530738809955
31923,25.57342888699414
31924,33.25122310118279
31925,29.359442070401343
31926,32.22235030842144
31927,35.74605769643497
31928,32.31731501792256
31929,23.94340977975396
31930,27.6541206051231
31931,26.318096360612735
31932,27.63733371460727
31933,27.92740010847351
31934,30.510851260126174
31935,30.082637883098613
31936,28.46649370911722
31937,35.009603500058816
31938,25.088942867578222
31939,26.034443694054314
31940,28.40672502665041
31941,24.107363757059748
31942,26.833345165963188
31943,33.521322742231646
31944,36.593845381819655
31945,41.62541624154824
31946,33.839456106345786
31947,33.214514921297194
31948,30.32594405804319
31949,25.75236323575049
31950,30.18534453985132
31951,23.033179378230134
31952,35.33468033644441
31953,25.970787343278978
31954,27.346838621202284
31955,34.25365336817865
31956,26.31739083744029
31957,46.82318356803788
31958,42.47163583493522
31959,39.4557632931873
31960,37.99280752601784
31961,32.24889317590831
31962,36.69924572206767
31963,34.40796271010228
31964,39.38007959541868
31965,30.13430263761434
31966,36.387068471034624
31967,57.42645845232433
31968,38.94349266763981
31969,31.139694537607934
31970,29.68473607459962
31971,34.762637525243875
31972,36.95966323976741
31973,28.396881638211994
31974,32.98945884586407
31975,33.27692310704493
31976,35.7619713047272
31977,29.78585951471357
31978,22.364105844543037
31979,32.031841957480985
31980,32.84203559547795
31981,30.64483927844222
31982,41.39536257451833
31983,45.44893448615777
31984,33.95982857019091
31985,31.839482970934583
31986,33.534323834640226
31987,32.934519812454084
31988,33.84612719700501
31989,34.601054564756936
31990,32.99170193159162
31991,35.13716523564773
31992,26.05137322345243
31993,33.877231501674856
31994,37.07140978855304
31995,34.50811774146558
31996,37.843700851059424
31997,33.245165813383146
31998,33.9879888372372
31999,36.86006325021328
32000,31.053949087650913
32001,28.44339649052185
32002,31.014736721035817
32003,35.68775859883679
32004,35.788997627952874
32005,25.812610434524174
32006,32.30515153141157
32007,35.280977105955046
32008,40.60425223016581
32009,29.631787992798085
32010,38.239537813827695
32011,38.07869873007546
32012,31.09437624854261
32013,30.06394264702783
32014,35.02372540515502
32015,34.03111767398691
32016,34.29553500317831
32017,34.164519757930194
32018,30.069039183750835
32019,34.80940161734352
32020,32.966313475274944
32021,31.373902954798737
32022,35.99551696228932
32023,30.293690821931357
32024,38.07955992956779
32025,35.29570166737576
32026,35.15431112591158
32027,36.361036892325686
32028,33.74578444715776
32029,36.88405038923908
32030,41.633575289799666
32031,38.54894679498832
32032,35.94296767596062
32033,35.466798490074396
32034,28.962593811636538
32035,29.225756881747756
32036,27.348026652233514
32037,28.925264045361672
32038,33.9450353333432
32039,27.70974623233727
32040,37.33762387598795
32041,32.09602292922905
32042,26.34879316452775
32043,37.058055135118174
32044,31.51834302421937
32045,36.36329564231161
32046,36.62374856122562
32047,29.52627621948696
32048,37.793981462769
32049,32.379678310522344
32050,36.27261229205925
32051,31.676693717924042
32052,30.931044252456537
32053,38.036390628688665
32054,35.08502271366511
32055,38.40665507993762
32056,30.999929732410585
32057,32.35017243628686
32058,35.93103692600913
32059,31.41464815656291
32060,29.46206876781454
32061,30.899457940432306
32062,38.46876947460534
32063,51.902242345661726
32064,55.992418452628456
32065,32.678875896661474
32066,34.99173290070477
32067,33.20569297543278
32068,57.82869989247249
32069,36.53779016187187
32070,31.791027288650753
32071,41.39921712541708
32072,40.62613211723549
32073,60.195626678932996
32074,37.99308595068981
32075,60.09610569212096
32076,35.74839124936687
32077,46.47050666771841
32078,49.59270581669841
32079,33.69092207329831
32080,51.6850815372341
32081,50.52804901120403
32082,41.76050295230003
32083,49.328232120294054
32084,40.37527017883792
32085,36.563681043173325
32086,39.951496953217415
32087,39.41604081687088
32088,38.72573494421101
32089,45.019214391349486
32090,33.85956153630546
32091,37.46509853104986
32092,48.40461357247024
32093,37.44159457751026
32094,37.59601574892787
32095,37.37714240813943
32096,41.855317708890595
32097,35.39445764574337
32098,42.94215507913943
32099,37.26742638352516
32100,48.77017581926252
32101,42.55351469746174
32102,47.977315869798026
32103,33.676233610138205
32104,33.191064909628906
32105,33.405745462438794
32106,45.00114366510573
32107,34.41552141813729
32108,48.140022955032535
32109,44.47920515182565
32110,44.00911555231744
32111,37.38425350795133
32112,37.42837259579242
32113,33.218657311009714
32114,45.98089723737074
32115,45.42323548204979
32116,54.699935139347104
32117,42.198699197750464
32118,53.488854596339756
32119,46.59687161200308
32120,37.66807922897572
32121,41.744131469417255
32122,36.65582810644362
32123,28.46300296469899
32124,45.795536896606514
32125,35.34143992170294
32126,44.91215298943761
32127,37.861762273698446
32128,35.53142042148768
32129,63.542257564745825
32130,36.455236960383644
32131,36.64869880016647
32132,31.60866533120302
32133,43.30074506179334
32134,45.71411621540616
32135,53.36134731292253
32136,44.1376756698512
32137,45.431717449442246
32138,27.628861533393707
32139,32.77363134890038
32140,41.83148672226309
32141,36.63322369265092
32142,35.354207347179816
32143,47.60282698944255
32144,32.94279864021887
32145,48.86755260136024
32146,48.59919029386775
32147,32.45597424461811
32148,38.840777946899145
32149,32.485026968486416
32150,45.89138090521878
32151,52.464422742714135
32152,45.692852769628715
32153,31.93871978751141
32154,35.40685261621458
32155,33.251335828195586
32156,40.14908903214352
32157,47.52404771845342
32158,33.959500581857185
32159,39.47241167881344
32160,36.87248380921461
32161,26.134743636100147
32162,40.50060381490476
32163,23.98889277771257
32164,35.781126854539025
32165,23.26138273865078
32166,34.58384716074856
32167,36.61277359803677
32168,35.07771950216501
32169,39.70974850425787
32170,34.85893639895616
32171,31.870114448913448
32172,29.830737275445728
32173,26.31433444995243
32174,30.76628740974065
32175,40.85605659605222
32176,35.35358688724436
32177,29.097222798891863
32178,30.01821667575892
32179,33.31181197068934
32180,42.10552156515589
32181,38.07343664272516
32182,38.932474433257376
32183,37.473136676319434
32184,33.67370424088935
32185,31.279889603318964
32186,39.35588393626529
32187,31.137572193837414
32188,33.82779724495751
32189,34.926030294719745
32190,38.64691768332289
32191,39.0946035851043
32192,36.32688284262411
32193,39.256791222962434
32194,31.881700740405797
32195,43.840356095964566
32196,37.659698065976144
32197,30.205261050260283
32198,39.30977110503062
32199,37.08235380509075
32200,38.48927203854297
32201,37.32479875193211
32202,36.34434955666536
32203,38.25330935080542
32204,32.88288981008087
32205,34.7896537573912
32206,38.56416451161916
32207,56.2094291563618
32208,36.1652980310117
32209,36.5551295031395
32210,40.94958825940305
32211,36.57170798708907
32212,33.35681125375549
32213,33.308187542680685
32214,36.85720327184826
32215,35.67381108237481
32216,53.97514489975959
32217,37.35449008206144
32218,37.94431808802074
32219,35.44386031425072
32220,41.7294581939292
32221,38.94810766491025
32222,39.355447687442236
32223,31.573702786729932
32224,37.730728227583114
32225,30.420388844988203
32226,37.61575250980813
32227,32.494149393021466
32228,34.794216621303576
32229,35.58727288980749
32230,20.739045682059754
32231,35.877990881154304
32232,36.62755217011288
32233,21.824438034096943
32234,35.14138450266382
32235,31.02014000339304
32236,40.50188890954552
32237,37.20168380646646
32238,20.18318144843588
32239,36.296579711929795
32240,36.51211440766152
32241,36.10505328116737
32242,33.795285807728156
32243,30.584090006829417
32244,36.251979871958454
32245,37.39949704800712
32246,35.34239115409463
32247,28.032662194670348
32248,19.42475421805514
32249,43.13277381602592
32250,38.13353754005033
32251,40.55653453130341
32252,39.25189843992295
32253,43.15400162534128
32254,34.790381427773404
32255,31.148889447707617
32256,34.40514094657931
32257,41.797524335687044
32258,35.491097543776256
32259,13.819762436943936
32260,33.05242173468841
32261,31.70987202139478
32262,35.32376796770022
32263,39.35900993578267
32264,38.05145669917604
32265,31.192703113879016
32266,33.08658934170056
32267,34.2784368404115
32268,33.672296051110955
32269,37.06264646679689
32270,33.327198310437
32271,18.47165932449349
32272,39.81160652376306
32273,45.660004593530005
32274,18.59671727352314
32275,38.47343670923184
32276,32.59709404463106
32277,31.027588609313987
32278,36.57687102233112
32279,22.68056289534151
32280,31.456617697667326
32281,32.55498481975401
32282,36.011795937786715
32283,41.66015197921647
32284,30.466635505905217
32285,33.832071337840325
32286,38.9806672742393
32287,19.240775508668882
32288,40.76965304791954
32289,40.86529121492434
32290,41.91618485647249
32291,32.951910014977514
32292,34.314281085611476
32293,63.71327762485752
32294,43.392380430377436
32295,42.12683535673231
32296,34.90144446878226
32297,43.349724202245625
32298,43.06456555770256
32299,26.744696416885006
32300,34.2897449207695
32301,43.409663110643585
32302,50.572234990934284
32303,37.41495859849585
32304,29.966183943078256
32305,40.40503815078999
32306,22.11244097827528
32307,38.26700260515769
32308,40.16899861879322
32309,38.74928744528624
32310,36.907093397044655
32311,18.614137722368184
32312,34.73695479593759
32313,33.158559062272616
32314,35.09399839636657
32315,61.48985190779598
32316,34.663360752521506
32317,38.10485679705905
32318,35.325169416329565
32319,18.375447090043455
32320,29.56739298525539
32321,34.17933135512264
32322,43.914358242552396
32323,32.21819779052621
32324,44.22742147697278
32325,32.50340583699125
32326,26.436558242837222
32327,31.436000960434882
32328,33.77845546705845
32329,31.01219236196333
32330,25.950948775629765
32331,33.765860958086726
32332,35.220630326219
32333,28.512345368247097
32334,33.23610469763028
32335,31.474281042671187
32336,28.672235729964022
32337,24.763301980492344
32338,31.45460836465211
32339,21.4835859132779
32340,29.77283801471892
32341,31.364655309097984
32342,33.67724280283407
32343,40.4693664852858
32344,24.557142969468085
32345,29.39399859983756
32346,38.25886866408423
32347,28.684546797556223
32348,37.88215365759755
32349,29.67357889521282
32350,28.663250766430515
32351,31.236782686249242
32352,31.57405542029594
32353,37.14975725002097
32354,31.23008534422898
32355,30.646456780712253
32356,26.49645694612421
32357,33.491819359750544
32358,31.509581106029152
32359,41.874392376538964
32360,29.022236485994068
32361,25.394259281835417
32362,36.64882927962708
32363,31.434620277387253
32364,28.263141689728492
32365,29.409658494658416
32366,25.930600291340795
32367,30.765502027366566
32368,30.0395550598465
32369,26.867440555473287
32370,29.107310894834434
32371,35.1135333118939
32372,38.73386552174894
32373,22.68668660360301
32374,29.302397239781556
32375,29.328466805210745
32376,26.832553636917314
32377,43.1217848509623
32378,29.187248686497036
32379,33.22130495595318
32380,40.318559641283635
32381,30.947297580001184
32382,41.13563364790115
32383,38.131385880025825
32384,28.95635454166963
32385,32.577496497758546
32386,39.511867989794716
32387,42.426356170077064
32388,40.35252256772625
32389,29.30794820159649
32390,31.37027524893574
32391,25.066590811112494
32392,31.407278370702105
32393,27.47135046394286
32394,36.72060456764522
32395,33.32740675853972
32396,25.083982721274094
32397,30.17937897905192
32398,42.51089157209926
32399,24.945964469862297
32400,31.652221954341847
32401,43.05031649034082
32402,28.510182174439525
32403,28.59464692326162
32404,39.020282105197246
32405,36.90935434360925
32406,27.806163451834177
32407,25.7838983435793
32408,24.631660781739114
32409,75.30379296792857
32410,38.9975859793217
32411,53.17278960899998
32412,52.84987910153563
32413,50.821462191992126
32414,46.26933584222864
32415,67.23861079197191
32416,61.0865816798224
32417,45.406619108728904
32418,48.97080278781682
32419,41.3945429040272
32420,43.031535120831705
32421,52.79827878386838
32422,43.90305472954701
32423,69.70136224480473
32424,76.25393198399792
32425,33.95577400113446
32426,28.979443663459122
32427,37.810273842602314
32428,44.54102592923577
32429,33.47639975203918
32430,49.662132567409486
32431,40.68156291939604
32432,52.852899807424826
32433,29.624278133036203
32434,32.680631218356844
32435,48.16790593245237
32436,39.797223676118655
32437,34.47423635852023
32438,46.348019640672256
32439,49.458628427860845
32440,46.019093574092324
32441,46.92920995655135
32442,49.78817581228403
32443,57.67884824677559
32444,41.337028239692145
32445,37.25152535486136
32446,34.00863465652621
32447,36.959894947409325
32448,39.604839044309124
32449,48.38077099686184
32450,40.810525639414536
32451,45.36353189422195
32452,38.162134657097795
32453,49.36225305347339
32454,53.57597908862198
32455,46.505745469354046
32456,40.28398311309055
32457,48.344887582319345
32458,39.80591757086012
32459,54.0963591442691
32460,56.126445660037625
32461,76.56431597368156
32462,33.50549328985804
32463,41.42958021132969
32464,31.746429532441475
32465,50.91939951438944
32466,38.56145843679814
32467,41.24002391229684
32468,31.148001957442553
32469,47.024893808684894
32470,53.148701189764566
32471,42.26203204628388
32472,45.52304502400225
32473,47.57524774085194
32474,38.556741464001924
32475,51.20996725032736
32476,35.9804331302431
32477,48.717554379141845
32478,48.87646983974962
32479,33.93548666427985
32480,35.37940794926445
32481,43.73486092498124
32482,46.79850702263569
32483,32.028150207939134
32484,30.19470113701994
32485,62.02999333865013
32486,35.89253106996435
32487,64.66266551136687
32488,58.47095566512403
32489,41.62319702585813
32490,37.17758527449317
32491,38.52849381645721
32492,41.578558461370456
32493,38.906503817108245
32494,37.61500650273026
32495,32.04786973831162
32496,40.533191026919724
32497,36.69801491074775
32498,36.624080053873215
32499,32.411721769018015
32500,33.344851693728074
32501,46.12454459636597
32502,33.7038085579986
32503,57.08192210962695
32504,52.73252470721215
32505,44.72852703594749
32506,31.575795932594275
32507,52.80317229680372
32508,38.52307885547057
32509,36.230680840393894
32510,34.69423698580049
32511,41.318670590169184
32512,33.29357510509325
32513,46.590605403007295
32514,32.74624817443761
32515,45.11178965578173
32516,46.473855030086895
32517,40.62613211723549
32518,53.97385035836864
32519,49.68159384379356
32520,58.68252740458201
32521,42.36036645438289
32522,59.486568880076206
32523,32.273073360040335
32524,32.32458094151258
32525,44.92378131337484
32526,49.0565405867544
32527,40.54896248164273
32528,39.12959665445981
32529,59.07450894768094
32530,80.97694532133187
32531,41.279682653302764
32532,35.36063160561033
32533,27.80341991130876
32534,42.89280337165821
32535,43.6095773575035
32536,48.344887582319345
32537,36.475357952281435
32538,38.14614253983133
32539,36.37207197023604
32540,32.79444091043099
32541,48.20974398227742
32542,48.02723116484886
32543,27.933312618535656
32544,48.19004819977437
32545,63.19791685160403
32546,37.326922886949426
32547,37.568161991583416
32548,45.66402824718046
32549,47.62836707542201
32550,44.949795298468125
32551,43.639033546151055
32552,33.684777871133086
32553,48.50880233312918
32554,38.04280528145045
32555,32.194382067224865
32556,40.78281982160969
32557,31.214121606419575
32558,37.463694907892354
32559,36.79348311647865
32560,36.22532690308364
32561,40.35743490228026
32562,53.36134731292253
32563,40.037310212145364
32564,38.67229770143639
32565,42.306748986761264
32566,35.66269011628916
32567,47.026238166449986
32568,40.440281797605905
32569,36.13480564079522
32570,53.19082156213512
32571,20.630923653147992
32572,45.03020910269995
32573,36.40381260701483
32574,42.553191127148565
32575,40.6124624668117
32576,47.84264127873647
32577,39.66248964062421
32578,45.891054495804596
32579,53.10650878848419
32580,31.577535528906285
32581,39.19619281132265
32582,27.042169355628165
32583,27.734923025825275
32584,27.898586526962855
32585,24.459357821879834
32586,25.865101373719277
32587,23.090466145801006
32588,25.726578287617574
32589,24.575373972061367
32590,21.796534032387772
32591,26.736160677309037
32592,25.638761791754206
32593,24.87442643187842
32594,28.072027764530393
32595,20.07848557836087
32596,26.37342178570696
32597,24.043014093585484
32598,27.818484267264108
32599,25.201775435738433
32600,28.327100791764916
32601,26.039248887428343
32602,32.201382512707525
32603,28.38776537538191
32604,22.630655327422392
32605,20.038587460375954
32606,21.221210541411434
32607,25.183224709053437
32608,25.48877565560928
32609,24.896648626937953
32610,26.04552371119349
32611,24.229423489005633
32612,27.193958143300488
32613,24.02842319622416
32614,23.26114904711537
32615,22.91546274770349
32616,22.688709420024583
32617,28.738394295326295
32618,25.64568518553588
32619,29.82943828133239
32620,26.556045012202663
32621,20.75233633794512
32622,23.594089116612693
32623,27.271871368156965
32624,22.948746540632627
32625,25.147291804184338
32626,20.062884504450125
32627,24.355176860265953
32628,26.16212338466185
32629,23.37415097033172
32630,25.01045603055005
32631,22.530133908012388
32632,27.503261700886974
32633,39.63416915763261
32634,29.104270991586706
32635,27.594689394288743
32636,26.01549640302277
32637,22.600628290931372
32638,26.845409532133175
32639,22.209260770057718
32640,21.891074254696925
32641,24.3368203161774
32642,27.177582502736673
32643,24.394984535881765
32644,21.83200936462841
32645,23.28843307088426
32646,27.7634585441222
32647,22.556955354070194
32648,21.023380131250548
32649,25.814544459865132
32650,25.20966856484485
32651,21.49823098688477
32652,28.999818423023655
32653,30.224111747583674
32654,25.60879264763902
32655,26.27356146777026
32656,26.03947076817663
32657,21.846664925950144
32658,21.963273616284095
32659,30.516367266536342
32660,25.36237856252866
32661,24.226906853886753
32662,24.489909930589157
32663,27.465046276553764
32664,25.291546504715303
32665,25.046587651330732
32666,29.2844795283333
32667,21.732593061510077
32668,22.7194426350113
32669,20.50183436613336
32670,27.481923698633814
32671,25.79941548567891
32672,28.38935865776273
32673,21.200282824746253
32674,40.126718592909796
32675,32.73076489525074
32676,43.48288441499622
32677,32.49773572125241
32678,38.674677932196175
32679,32.574652305326765
32680,33.78825335183431
32681,31.591448802339663
32682,36.37783106157025
32683,51.29480795165971
32684,34.961382050306234
32685,30.49307509877587
32686,34.25970800453691
32687,39.56334344732922
32688,39.97579541657506
32689,33.38813104788976
32690,35.87907336237289
32691,28.678179702409327
32692,47.5387861920938
32693,35.5098921274588
32694,35.00968277096881
32695,34.42076718479102
32696,37.042665348961926
32697,38.6460816638
32698,31.87766486096551
32699,33.86399965911803
32700,41.40380646469671
32701,40.29480717927953
32702,31.038158245319515
32703,30.303686414236505
32704,35.84868040686046
32705,35.122935916275324
32706,33.73841492979878
32707,50.985188859991844
32708,50.092359011252235
32709,36.120027740644176
32710,39.3583493601376
32711,41.025610587702715
32712,48.05148950307812
32713,40.84325937603312
32714,40.65449405993334
32715,38.552840338889716
32716,33.49408948609199
32717,38.622018512089284
32718,35.779075969023395
32719,40.841630056569485
32720,31.793636974226082
32721,30.166610085896682
32722,47.56839159783927
32723,36.398650439800434
32724,36.70223997423325
32725,36.31586938710279
32726,30.92277292935494
32727,37.882998184803846
32728,32.387678351140146
32729,32.726293791012864
32730,30.25979398349751
32731,26.6153386751978
32732,33.589092778310786
32733,42.26367659609334
32734,51.59417207760849
32735,37.936900472209594
32736,34.71337791925147
32737,35.263657635561565
32738,45.30051233107105
32739,37.31640332103728
32740,30.899101435421112
32741,38.262157811555255
32742,33.313147742474726
32743,47.84750343431215
32744,38.855456604247756
32745,36.561490887080026
32746,41.71142288768999
32747,39.393783356281
32748,34.03402110666187
32749,38.58640042278958
32750,47.026238166449986
32751,31.449939888084756
32752,32.560718203561144
32753,38.737968206771775
32754,43.175159254435755
32755,40.22802439522344
32756,38.18607110630293
32757,37.290421400192194
32758,53.39893612252859
32759,61.52455135358479
32760,39.7314735693855
32761,33.14055288005718
32762,28.72525944926495
32763,32.02678666935289
32764,37.56380445625284
32765,39.367372231410954
32766,36.545315553093324
32767,57.54010701057406
32768,36.75644201301427
32769,39.65725259582643
32770,39.275168240547586
32771,40.9697578082162
32772,39.91408533435711
32773,60.672148682623444
32774,40.76102549930178
32775,35.999322667133804
32776,37.55859592013037
32777,38.56960591649216
32778,46.14297403402377
32779,31.308892750685175
32780,13.004590393012464
32781,35.79068835888027
32782,34.48626639546513
32783,35.81700800715177
32784,29.141339006253794
32785,43.04572359119878
32786,40.7168943640374
32787,44.40986820920652
32788,41.15842151738175
32789,35.477394372162344
32790,45.06753228873876
32791,33.705942892099245
32792,31.69576273478075
32793,44.58006811821065
32794,38.470995065391115
32795,32.542404062439864
32796,34.65099770164387
32797,27.544201828181116
32798,62.670009422184364
32799,38.576031954534514
32800,27.044348301418886
32801,30.384697849759643
32802,63.06023258219376
32803,32.541881448374184
32804,31.730592320476063
32805,29.365121359186652
32806,40.09224891645555
32807,30.58051383571828
32808,48.64327070083277
32809,34.42135852774509
32810,28.641970921571442
32811,33.56716362420521
32812,36.56405226986755
32813,42.074157313074465
32814,33.35415666118879
32815,35.63785488992204
32816,26.91249065206659
32817,36.287398383536875
32818,37.286390026791565
32819,26.916172423132476
32820,39.1346277219665
32821,33.539163647604454
32822,38.32602956668975
32823,35.27336473151034
32824,16.530183244721186
32825,34.29387260426891
32826,38.74180285535351
32827,31.91969240009048
32828,34.13477102275857
32829,31.266996549966215
32830,33.51891302607355
32831,28.18918875183791
32832,23.470207647943887
