ID,track_popularity
26266,35.76962832612605
26267,39.58415283077111
26268,38.76886143399402
26269,35.299436611074974
26270,43.65164482397845
26271,42.172310312301065
26272,43.063639966404665
26273,46.765215155254154
26274,47.39597696085859
26275,36.16025921769396
26276,38.941619639784484
26277,40.54518597442047
26278,41.8983922335526
26279,37.71597693052394
26280,31.15992840670416
26281,28.816023325634106
26282,29.3223227278395
26283,34.14994201210105
26284,30.11430581127208
26285,29.35988419193123
26286,30.864956880357674
26287,32.171178909624906
26288,25.7196735476396
26289,27.970745209509328
26290,29.887880965908174
26291,30.42634620500054
26292,29.242165008225186
26293,30.84539044852561
26294,32.42436978262842
26295,28.1021326435818
26296,21.5039039299304
26297,27.663338561236465
26298,32.66420108627362
26299,39.42696939635825
26300,36.745243959565286
26301,34.55605634110417
26302,32.8013156675393
26303,35.69199425793973
26304,36.87843529062914
26305,34.123046113063324
26306,37.16741963615627
26307,26.905230016054684
26308,25.26306128386158
26309,35.749872030024946
26310,28.952223345372364
26311,34.26287546901314
26312,27.64946066909319
26313,30.463164178658907
26314,34.91408197268561
26315,31.656678988487187
26316,32.42739021446743
26317,30.047910929618723
26318,15.364238970083832
26319,33.31922469840298
26320,25.263133292949647
26321,30.84034703881998
26322,29.486528366262718
26323,25.743904363681224
26324,35.64605322047924
26325,28.65682152413889
26326,31.999951804541126
26327,33.40544328679039
26328,30.258150604408527
26329,28.217853724094955
26330,27.53295573212679
26331,26.952324934410193
26332,19.13302868777787
26333,20.595220751692956
26334,28.036605462332155
26335,37.360366554214835
26336,39.79598238332513
26337,35.86010083554893
26338,37.82381000216307
26339,26.767781331836115
26340,30.02547719100467
26341,28.846286486622777
26342,21.713034251526302
26343,32.09271282653571
26344,24.649802059311778
26345,24.10396150823986
26346,30.285183984116735
26347,23.846186686779056
26348,27.872238776693273
26349,23.543831989362396
26350,34.51123306620377
26351,33.85569860343444
26352,31.24861197774625
26353,20.586476004615097
26354,14.485021490946565
26355,29.862107589638974
26356,24.931852174598422
26357,30.00388763088648
26358,30.568796209819325
26359,34.43821744678012
26360,18.449875083709248
26361,27.040779544361424
26362,36.40754074320129
26363,36.263422717018
26364,41.08081611463963
26365,41.51097948488444
26366,51.38065077315077
26367,61.760469043437595
26368,34.032627415914305
26369,32.247859896014816
26370,49.23518421526129
26371,40.90575304104901
26372,33.398281445246965
26373,32.18777816753865
26374,29.682740631155117
26375,43.51653400981368
26376,36.851511547627865
26377,46.679275185789166
26378,36.9675620647421
26379,36.72373758898557
26380,40.35392664729977
26381,39.64144424563317
26382,27.575240459763325
26383,19.683074069494143
26384,53.16227850317357
26385,24.731572641873452
26386,30.708301505040893
26387,35.29305636139905
26388,34.61583114422953
26389,47.072260703821
26390,34.42308349313319
26391,55.43777407527225
26392,19.763895944323213
26393,22.73814140645386
26394,18.342820748105463
26395,45.135321643977896
26396,33.24383393859562
26397,36.89637345012729
26398,35.934800510906754
26399,35.25846857476379
26400,22.90152244816798
26401,24.194847134385505
26402,24.721396279405383
26403,22.968686936636903
26404,36.197043412442284
26405,51.405778280443414
26406,53.365748288209325
26407,16.70917967682602
26408,29.240264043818193
26409,31.430170696302003
26410,34.26009016195478
26411,30.450806271858475
26412,41.78134885833367
26413,26.789875196641066
26414,42.236317773841336
26415,18.63718645097866
26416,33.938783030168736
26417,36.165112009281636
26418,35.007179331655706
26419,59.61778712704705
26420,37.674705315632664
26421,28.850926671719968
26422,31.824157065943965
26423,38.34070726140611
26424,19.09457349104949
26425,29.656957805911908
26426,27.267451301251512
26427,32.43554641405822
26428,33.40912390053799
26429,42.72716484703052
26430,59.17105169311738
26431,45.975701070983895
26432,35.924630916985855
26433,28.506500842377505
26434,34.1086637233017
26435,35.559573729231374
26436,33.56859105462333
26437,32.9065804820196
26438,27.773258946971463
26439,24.870620119970493
26440,21.615181832870043
26441,34.55826359266747
26442,36.54978378220735
26443,35.74066141601036
26444,37.21269184885987
26445,62.75038242636067
26446,48.336881175176565
26447,22.852419038497544
26448,35.582646871365
26449,58.42564650178275
26450,62.02391964742608
26451,28.638814897630063
26452,28.339960911751106
26453,29.7178813931855
26454,30.744308946332183
26455,32.10991163125066
26456,28.387721901299823
26457,30.014282956074645
26458,25.739699015196653
26459,25.853581233419426
26460,30.73445401306744
26461,29.68490688201005
26462,25.54166823670966
26463,24.8907978509578
26464,24.054534308357326
26465,25.355442498863567
26466,28.12450295840086
26467,27.927714064162284
26468,26.484630150769867
26469,29.662370745627776
26470,27.539421554662084
26471,31.55622504734471
26472,27.435167526618418
26473,29.293141108645116
26474,24.07053896264773
26475,27.11517250229733
26476,29.471043775819748
26477,30.61671806347252
26478,31.318210138789922
26479,28.4019481614943
26480,29.380017127707045
26481,32.25657565269258
26482,25.554863109303007
26483,30.785073632726892
26484,28.09794551824767
26485,32.12802453094481
26486,27.675416307047616
26487,31.197684570841247
26488,28.811976746466335
26489,30.132490914387162
26490,29.41760260146004
26491,28.94631325634113
26492,26.054990604809657
26493,27.331412395159116
26494,25.37462691994166
26495,32.0176671931453
26496,26.358509695617446
26497,29.363679729625524
26498,31.0937657932158
26499,29.891987798175848
26500,26.859764335922115
26501,31.003990634680086
26502,28.81309655016839
26503,27.058565896649927
26504,26.236531698664237
26505,27.559015415860795
26506,27.490526115024675
26507,17.56272588935758
26508,28.45949631591092
26509,30.061229932101195
26510,31.832732361526453
26511,27.06099506397001
26512,31.502089395670623
26513,17.355079601412935
26514,29.27972940693123
26515,24.33582510695786
26516,27.25849193012003
26517,28.267680908721886
26518,29.95017064726104
26519,23.06482924291188
26520,27.90080804620854
26521,30.05564718072302
26522,29.980964967626086
26523,27.5567077657408
26524,25.543415437076032
26525,28.563804602720992
26526,32.11306947466953
26527,28.13524306948675
26528,32.32971606651723
26529,34.04424667828897
26530,29.147879390181885
26531,21.49981300614078
26532,31.001263798913293
26533,26.831255205861844
26534,25.92571063593799
26535,24.07396254527146
26536,29.116627096230403
26537,30.39954762652133
26538,28.688450695812698
26539,28.603116198108978
26540,27.802669330051184
26541,30.610582900198565
26542,29.771490538603913
26543,29.989736793042656
26544,31.235936263361264
26545,30.631454483269074
26546,30.680054011659646
26547,28.004728070672407
26548,26.813837256450725
26549,26.847042200821367
26550,26.367546459197943
26551,33.98813534132417
26552,27.673017152971408
26553,30.22443692726123
26554,27.65912775939746
26555,24.508527002757678
26556,58.04217319692548
26557,30.50881509813971
26558,21.542047225602555
26559,27.186284212207685
26560,26.48884534622881
26561,25.7955845358011
26562,25.37043984172164
26563,17.760176865812618
26564,33.37539098967192
26565,26.30528456287825
26566,24.97160600932499
26567,25.65827575640977
26568,32.159294332175456
26569,36.00093847157469
26570,13.708061859830238
26571,44.8326066417718
26572,12.998902520566233
26573,9.707501019778782
26574,32.71335239899339
26575,15.743683416464794
26576,24.852131306098116
26577,23.502903799651836
26578,18.718067975380006
26579,30.166259853362735
26580,32.71201925498734
26581,40.99193154860049
26582,25.128477708445793
26583,29.532035875932344
26584,29.170053220081314
26585,34.8111725030914
26586,30.203876573053954
26587,44.71013723084221
26588,30.033358724961346
26589,26.597821811812615
26590,24.0757155985449
26591,29.471249384883876
26592,25.78635167994549
26593,44.06473799486185
26594,24.75493516339328
26595,74.30556728924378
26596,46.98734955532369
26597,28.524630144221888
26598,47.86965760496825
26599,30.773061469126503
26600,55.53724598103037
26601,70.7135053805388
26602,35.72701153662666
26603,22.93383932184692
26604,26.551798006488788
26605,21.59497913075212
26606,43.19065908246759
26607,41.33073353316505
26608,35.15260321591796
26609,27.24282126981801
26610,35.427779614384704
26611,42.35578245645485
26612,29.099763313823033
26613,45.95970336575307
26614,57.40319196983585
26615,43.42807486439107
26616,32.299869620986755
26617,29.293953430570497
26618,51.84610892800532
26619,37.32172432004749
26620,38.631659597586285
26621,36.56567587009865
26622,24.301725903875365
26623,28.493747420515884
26624,33.80907646566608
26625,27.31112793848447
26626,51.457521131051955
26627,24.534132283797376
26628,27.187645027919057
26629,25.2295633282818
26630,31.581720466921098
26631,35.85585028044741
26632,29.554389892527844
26633,26.86094737256268
26634,22.74791894376672
26635,39.72984465879018
26636,20.258910080769606
26637,23.115530360940046
26638,19.671784069898347
26639,34.92071225796267
26640,41.44212457117126
26641,22.501841526386965
26642,21.815469145066675
26643,40.81286692563739
26644,28.94461663766809
26645,28.36128107947782
26646,30.36947555689253
26647,36.86722663126469
26648,44.76313703233814
26649,25.611897441016136
26650,52.867335400991394
26651,25.546274070430727
26652,39.7227252772218
26653,41.277101244704276
26654,35.123149750120675
26655,18.463537618119936
26656,25.406082316615308
26657,29.71632249187418
26658,50.55926659455982
26659,27.539433939364244
26660,39.59996457966154
26661,24.22476845549006
26662,18.41521164435536
26663,29.560897355076566
26664,31.039441038568093
26665,30.64206735393228
26666,28.432406465430233
26667,36.74864535924091
26668,36.128315367329975
26669,28.887598418691965
26670,25.85110234777033
26671,11.287918414361826
26672,30.29427480318408
26673,36.13819496333882
26674,16.17702562691822
26675,25.630222065016632
26676,40.70374331319851
26677,40.10077423930558
26678,28.51706445940782
26679,30.39085828354858
26680,29.60345306358101
26681,30.667696973232527
26682,27.967136134656034
26683,26.49907096555907
26684,15.722747899691434
26685,30.87899819359881
26686,25.402472318934873
26687,45.53631829086363
26688,33.746895577159954
26689,39.434468395830066
26690,33.134360499100126
26691,34.90677028305148
26692,27.983282811796617
26693,33.34693644883404
26694,30.2039723145915
26695,14.46040692646989
26696,41.01700506812088
26697,47.20567560429988
26698,30.35778835585942
26699,30.89194848560216
26700,29.61347858115477
26701,45.2622162326234
26702,35.416999305232345
26703,40.46557253334909
26704,30.822825079222415
26705,32.891351960852106
26706,28.057487290297463
26707,38.538669188806026
26708,30.64300590128003
26709,40.6560165266539
26710,25.592822033247103
26711,32.4876174672242
26712,30.53306696677481
26713,17.29010718843431
26714,28.61747197347241
26715,47.00945493935037
26716,36.594032657885464
26717,35.15090917723039
26718,40.95462213352265
26719,33.09217462438544
26720,37.16143013579543
26721,30.414257874774528
26722,27.601782708265805
26723,33.33932665489762
26724,29.608518173790582
26725,27.20270172296818
26726,37.470184743093114
26727,30.714182599372066
26728,33.7253051667128
26729,35.43159835826333
26730,36.15850886167904
26731,36.8756297820441
26732,45.02845567624193
26733,26.618754323074818
26734,30.98227596977228
26735,42.39241760625967
26736,34.00134614770185
26737,31.512824980898127
26738,39.09389672037626
26739,30.532207466317004
26740,27.125085357833765
26741,38.36753826463073
26742,31.735501770921505
26743,27.082646989061395
26744,30.103801748684027
26745,29.296515852533137
26746,28.049766550586572
26747,29.62562040771367
26748,30.084231924189385
26749,48.27868578513465
26750,31.987594489003115
26751,42.48580282694764
26752,41.43147785487723
26753,31.463123505475835
26754,41.042168184227
26755,30.33352923166931
26756,42.66421651529981
26757,29.62788494053811
26758,21.913882436054738
26759,33.02234800662536
26760,31.837179887646414
26761,40.24482583725566
26762,39.62690863394603
26763,32.711858424816356
26764,40.42636683708679
26765,42.49208553843522
26766,29.64129983083859
26767,30.187056410744436
26768,30.237124669200398
26769,41.0794811346884
26770,39.10998612745491
26771,45.76814953749224
26772,45.872253279432854
26773,50.19283960620854
26774,37.22237396913332
26775,26.851850353454537
26776,59.56679489417485
26777,27.446622528184257
26778,47.55344739885729
26779,39.79971950445224
26780,28.459317576182023
26781,27.73406846139422
26782,42.6693317747366
26783,29.40922999670005
26784,30.803412374635517
26785,31.586151067310528
26786,27.25793602616788
26787,30.55308264740753
26788,30.510288147830778
26789,31.009810051855904
26790,26.710604566074146
26791,26.814831141841804
26792,42.7286578418204
26793,30.84302273658247
26794,37.481491858760975
26795,37.05756764440129
26796,42.00428267945974
26797,30.310445209354434
26798,36.94861063429609
26799,37.57598993975558
26800,37.47026705909417
26801,37.75147694783054
26802,30.764675414077686
26803,30.5319164151276
26804,42.3733636820901
26805,51.19289560675491
26806,42.58235834390839
26807,45.232838334067196
26808,36.26741742691116
26809,28.558279417184153
26810,38.31132951839841
26811,37.619242396046246
26812,47.93282540940562
26813,35.9094439926354
26814,41.53136444466068
26815,51.457269068214956
26816,35.0332298409539
26817,56.35474481851251
26818,41.81092287804324
26819,35.880527385520125
26820,29.499298662120935
26821,27.385174858990954
26822,37.8693610274076
26823,32.883796866622305
26824,53.99985730931691
26825,34.43830865408904
26826,31.802886871796673
26827,59.919908866562324
26828,39.5314367648888
26829,36.72553250402399
26830,33.982204388941646
26831,51.931169286169236
26832,36.94252256761355
26833,41.4443103750556
26834,39.80596219363251
26835,31.591347323990846
26836,36.452193248881365
26837,56.12367226821243
26838,49.774345743041856
26839,23.038300751408475
26840,33.42236563777158
26841,45.35905296268181
26842,42.98276373846353
26843,36.933113227099874
26844,32.57459057513164
26845,30.10455184395607
26846,38.49451937519271
26847,29.711212371330326
26848,37.50056354465089
26849,41.27478587224092
26850,40.92325904825545
26851,29.244376116012482
26852,40.25810077489112
26853,57.60089415525704
26854,59.06310467850695
26855,50.21321549323655
26856,40.56673886168453
26857,58.59175955528157
26858,35.9581149402767
26859,58.62591296865678
26860,49.57200129403355
26861,37.48848369034954
26862,48.98701341857329
26863,36.977941208897604
26864,36.69773377845423
26865,34.593005858305105
26866,38.8670620014868
26867,52.308963543525465
26868,50.995650866545986
26869,44.05453297273602
26870,39.993627723423614
26871,41.91710695709408
26872,52.270247893444775
26873,33.40043129370021
26874,41.00831501884655
26875,37.57361458411791
26876,35.55547978544095
26877,45.35888692181451
26878,60.78663693605795
26879,34.465156756186204
26880,55.34483380639037
26881,44.40366753051455
26882,37.4365367010753
26883,41.28029874134958
26884,50.2667011828137
26885,38.889271896391435
26886,37.54137615550044
26887,46.104886373476724
26888,56.51642986099752
26889,39.15234977412027
26890,32.01578949352883
26891,47.439235646088335
26892,55.87507118225955
26893,34.11153486708472
26894,33.338689367292616
26895,56.351926762861176
26896,36.871446401652534
26897,52.075681676556066
26898,40.22195365513983
26899,54.83692299307617
26900,44.79949166188816
26901,38.94785768382606
26902,57.29878356114686
26903,38.803419010744996
26904,35.10451530232516
26905,42.81048768906727
26906,44.5521011024496
26907,42.45114214591064
26908,43.13307416721695
26909,37.800857340014076
26910,43.16139186746385
26911,45.57565933506212
26912,37.90886072297695
26913,40.53480981552972
26914,53.18396228381361
26915,35.47128806521862
26916,39.2161075984037
26917,65.23423857575276
26918,39.50181625800277
26919,39.66913688007541
26920,37.71825183440442
26921,48.19963270874035
26922,35.280134588217535
26923,50.208752675878976
26924,35.706469081803604
26925,40.84741729711581
26926,48.86840541899053
26927,32.661825628265035
26928,40.14439723953684
26929,37.04107395091934
26930,39.23031048010297
26931,32.78323579488367
26932,38.63446663403204
26933,47.20092014158413
26934,37.076800348169044
26935,36.01206471951156
26936,43.63336223576714
26937,50.635678256735844
26938,38.30865525576971
26939,32.819877559728404
26940,40.02018223735958
26941,38.70309240371706
26942,40.631625938389675
26943,40.10281642435918
26944,42.30246412946817
26945,45.20692596361687
26946,48.1170624287758
26947,35.82221967166069
26948,37.994276727315416
26949,34.28213607345592
26950,47.609142181956564
26951,36.38190986185903
26952,33.6990548725722
26953,39.40291625513466
26954,44.64434840979259
26955,37.911570268734955
26956,40.33748399252696
26957,32.26403474391361
26958,50.42935212981454
26959,28.702604716735515
26960,43.26535462763381
26961,34.75550920485506
26962,37.924992121181
26963,36.70550623292573
26964,37.62341786705453
26965,33.47922383236403
26966,36.25229019717048
26967,39.753089424452675
26968,38.042972399081805
26969,40.90586046542641
26970,36.468197774673115
26971,33.53423640924085
26972,39.853074301953455
26973,55.600661045285776
26974,49.9191650622996
26975,35.27887397077303
26976,35.52503171314399
26977,37.946993479944915
26978,58.40972044961505
26979,33.76635130813984
26980,31.912204827614524
26981,35.03663891591529
26982,38.33331952078912
26983,40.89093924185675
26984,35.66608776756753
26985,40.42162002914013
26986,33.968788142283074
26987,36.849757785272445
26988,37.48093807784264
26989,33.97466131462632
26990,41.84358681088299
26991,38.06589968509906
26992,43.76302852375347
26993,34.70031390806464
26994,32.67596049530272
26995,33.893694573416184
26996,37.91783569696084
26997,35.99154602525949
26998,40.83939536784252
26999,38.16517229600909
27000,37.850192013393766
27001,33.544628791689576
27002,38.323256283023525
27003,36.85651016344494
27004,37.420080880986944
27005,34.48525662076479
27006,35.61161571197644
27007,31.492534201483593
27008,37.834109461640494
27009,34.68521956835918
27010,31.980745382685946
27011,38.054614074887624
27012,43.889755778864156
27013,37.050923528050006
27014,35.653238828445495
27015,35.837795434273396
27016,36.09598067546931
27017,39.76113072060037
27018,32.825404514822
27019,41.86385316058859
27020,36.62961250406019
27021,35.32939605250972
27022,37.42904860585769
27023,36.40512721690423
27024,32.89249413630461
27025,34.19011746725626
27026,31.49936579021965
27027,36.8272451960946
27028,39.35239274307342
27029,36.70718438975479
27030,35.80332602826498
27031,34.905665303717996
27032,27.652402989041136
27033,54.04716900289148
27034,36.872832006423735
27035,43.79472811703411
27036,36.82017171876919
27037,38.890462432344776
27038,36.324072881173905
27039,43.51514323457013
27040,38.92625695308651
27041,38.40588872747151
27042,36.43474244894651
27043,30.349179745999656
27044,35.68780219827764
27045,36.10238201220589
27046,42.062196531053125
27047,40.80815769786226
27048,41.102072104148085
27049,34.98000615890511
27050,42.21346107594974
27051,30.572170391322988
27052,38.65341131581873
27053,53.575702378966646
27054,30.263225606060086
27055,33.97299536583987
27056,39.130716227199144
27057,37.326415549264595
27058,28.138934313912173
27059,45.301207187909654
27060,36.88338717941822
27061,33.50921846464895
27062,39.58475736709933
27063,40.95345420680344
27064,40.59649685012556
27065,37.882715645739445
27066,29.418136699978568
27067,36.40070851996434
27068,40.050151500462604
27069,35.13095177552847
27070,36.46432429691084
27071,34.248696449582035
27072,39.82471604181242
27073,38.73064528899172
27074,39.15507008650814
27075,36.6050432934201
27076,29.29524885157776
27077,34.762449338688285
27078,40.04102152283202
27079,39.93149717800757
27080,30.82908848244308
27081,43.8734558727292
27082,34.441175329369116
27083,43.5771153766263
27084,35.72393004992601
27085,37.60925154461613
27086,37.870695922467675
27087,38.262601718016334
27088,37.785629751397444
27089,30.991406606424817
27090,35.216477630133646
27091,37.88432856807481
27092,32.98350958553552
27093,36.8048314895715
27094,39.11673842107854
27095,38.52612753232548
27096,35.970827725966366
27097,33.48423377109949
27098,38.97155851161875
27099,41.735942487503934
27100,38.886812055542144
27101,37.95264851687789
27102,36.53196352614444
27103,32.841111004732916
27104,34.13845286365007
27105,36.028932245058144
27106,32.07025861948278
27107,39.09723166833889
27108,40.04922263296179
27109,35.019585212774096
27110,44.95504991056341
27111,36.548410022739446
27112,46.07343118778924
27113,35.42179640020856
27114,36.62040651378734
27115,34.852747754880355
27116,37.157093352139285
27117,35.46402686970381
27118,38.74413274521269
27119,32.8192366108822
27120,36.438628253454816
27121,41.0527615165439
27122,34.70396761228662
27123,30.699108720478847
27124,31.350950152361193
27125,30.705442645529153
27126,30.152483035087485
27127,31.925216185520163
27128,36.12641826410753
27129,29.394513557168935
27130,33.13495962199325
27131,39.31565176279913
27132,30.483721719373698
27133,26.118091626557156
27134,35.73479938419037
27135,37.471705100709194
27136,31.500733062639462
27137,31.90703842707227
27138,23.653352726058447
27139,34.48707588259962
27140,32.73773929602024
27141,32.014778808169915
27142,26.731942143899378
27143,38.23936976936306
27144,39.20686038991741
27145,25.215649116494
27146,31.279309978350554
27147,34.900814835732895
27148,20.219387149206998
27149,37.275924190528954
27150,26.210000732016173
27151,24.33229050090895
27152,28.209744866534972
27153,35.440588854303016
27154,29.905316215041097
27155,39.514144983654745
27156,33.60376868336135
27157,38.01303978928299
27158,29.608061460899155
27159,33.80342772646508
27160,30.566821622565598
27161,28.888885661356824
27162,34.717570219290195
27163,32.248380314206166
27164,34.97070125150172
27165,27.97365715807213
27166,37.99193508374855
27167,24.955473531857244
27168,30.60098904193248
27169,34.63036724189939
27170,39.883775207985934
27171,35.46300732305068
27172,24.184213694155027
27173,30.700004631977812
27174,37.21059625849567
27175,31.425925106113795
27176,74.93568261560318
27177,28.524492178480685
27178,29.430406420844005
27179,31.28298913198363
27180,29.46278159535519
27181,29.558822730673874
27182,32.92384807270985
27183,26.34074436540057
27184,31.322837040359566
27185,36.87410216861331
27186,27.98423714653727
27187,37.50512594688284
27188,33.1512647385749
27189,32.53537096534666
27190,29.240665755624292
27191,38.392685806048334
27192,34.77424818578439
27193,22.096685847208555
27194,49.228070647719626
27195,33.425178181701696
27196,35.18696124908599
27197,24.015427288737392
27198,40.30984879823437
27199,38.65889749926982
27200,29.444256841133324
27201,22.421371119753797
27202,25.971231726897308
27203,28.970333231120588
27204,25.543949331254904
27205,31.19739143182321
27206,28.084185743193895
27207,33.03629266151282
27208,27.811432946609514
27209,29.095052074765917
27210,30.985850366029624
27211,32.7490314854273
27212,26.678269407677902
27213,29.975352629664236
27214,27.368628376025814
27215,27.599037218496168
27216,46.86375955222222
27217,59.495235005145986
27218,38.00991143652418
27219,59.66895455439647
27220,50.777574564349045
27221,36.739227119689296
27222,39.860579116237076
27223,58.98142125119331
27224,55.888974157508926
27225,32.61153304185383
27226,46.75441541540693
27227,36.828243068960646
27228,34.593005858305105
27229,39.24976979629157
27230,48.51080987452862
27231,80.22933505187318
27232,37.723021966157006
27233,41.2553840226306
27234,39.55538981144533
27235,55.40905219075635
27236,33.513207002195365
27237,47.21572181390058
27238,34.21919568287552
27239,43.51543187241108
27240,31.671272879012335
27241,37.69227015907316
27242,42.449022323051985
27243,47.58249991834022
27244,34.3777603900271
27245,32.97516610007713
27246,45.89422388880229
27247,34.882932113863745
27248,73.22752655157694
27249,37.66509412074399
27250,45.917747755873776
27251,36.883724332026375
27252,56.312412674392526
27253,38.023870651148066
27254,38.44096345662414
27255,37.540512609855156
27256,51.64750414971615
27257,43.52584965931364
27258,53.14184084348224
27259,40.263996372178894
27260,42.62803622636019
27261,60.258291276159156
27262,45.90402424712058
27263,42.74793772191123
27264,39.20702313059891
27265,41.85744369003697
27266,37.646546291572164
27267,31.034661339906556
27268,39.37506899993549
27269,58.21829736816325
27270,41.99641025370446
27271,34.964798823584744
27272,39.73951835928729
27273,40.68367623689549
27274,39.368664395060655
27275,37.05368311644171
27276,40.46853009594743
27277,23.291477676417994
27278,31.377062245928766
27279,36.7308885346861
27280,29.29201608511082
27281,42.698760465308624
27282,34.63306743570489
27283,40.51835137162139
27284,40.72303085608392
27285,35.82196845615599
27286,31.63658945796032
27287,36.80736090363823
27288,25.83708967788885
27289,46.696441893694754
27290,35.903850291020575
27291,33.01864944976367
27292,39.57899927266007
27293,43.18167535781009
27294,39.47944297360665
27295,31.72336542824906
27296,32.809871147462346
27297,39.0850765488262
27298,39.38147024944935
27299,39.39076640819305
27300,35.50546150926764
27301,38.41583173288068
27302,32.2878527467115
27303,37.70417578519793
27304,26.36672990169285
27305,28.030794402964776
27306,38.70007774380781
27307,40.00660515420179
27308,42.50731604534118
27309,27.00844345200438
27310,39.24868906626271
27311,53.37053535359413
27312,40.98389209756908
27313,42.326435051513215
27314,26.36255204373784
27315,35.501179435720935
27316,40.9938597832408
27317,33.691230195212086
27318,37.358829859073815
27319,42.14676219887854
27320,42.10811430304619
27321,37.818713389798454
27322,37.32670575507801
27323,40.48028707547644
27324,39.43478560104781
27325,36.08653923650995
27326,40.92275784116307
27327,38.60471425639063
27328,40.48650537481465
27329,40.49133741341088
27330,37.5511009260225
27331,40.62182970803479
27332,38.840291328466094
27333,43.19405390345107
27334,38.177621079133175
27335,38.31987669335368
27336,33.42349850150872
27337,36.14108276950293
27338,34.44242716002322
27339,33.21572459310411
27340,35.51114483611317
27341,37.327098818758245
27342,36.95157737825758
27343,33.6453703204396
27344,40.00261337385891
27345,29.820894345412356
27346,39.371301852390154
27347,29.223960641350793
27348,28.598904004744544
27349,38.65456985110745
27350,41.86337631910951
27351,39.27708455053065
27352,31.334194680134726
27353,35.24837087004165
27354,33.18288229472599
27355,31.043363404190217
27356,51.161119367799564
27357,40.0179150554472
27358,38.289257727967346
27359,34.752150097277465
27360,29.301673744473582
27361,40.115436156407334
27362,35.298641078316976
27363,38.372631365104986
27364,38.02896537930894
27365,35.195194375583995
27366,36.48799490452198
27367,36.83244598714844
27368,32.282846790313556
27369,37.95175486317852
27370,39.35287447117177
27371,39.09365063789852
27372,35.95168445892179
27373,33.909247630094995
27374,38.716050009998725
27375,33.614846006399
27376,35.99642720180201
27377,33.09950460296443
27378,35.91266407766249
27379,34.25063916606564
27380,31.556069320247115
27381,40.802017273068955
27382,33.255777887705115
27383,35.09779039993736
27384,40.505577626846275
27385,40.09071398596837
27386,43.16233804658151
27387,31.531115560165187
27388,36.18190666901255
27389,43.16279260420447
27390,40.709551173484684
27391,41.55253175038242
27392,30.876926037432114
27393,38.63620090326572
27394,36.288769567895116
27395,40.37065542149863
27396,37.31154213378509
27397,38.894441772605276
27398,34.51605155840837
27399,30.204405087869958
27400,35.9425083820057
27401,37.360490887905804
27402,30.037151949387468
27403,39.0098006648225
27404,32.34509493726581
27405,31.36093146355693
27406,37.48530615073523
27407,40.72554140930642
27408,39.64062176430039
27409,31.193970653347275
27410,33.791116755036356
27411,37.519495168994894
27412,42.37156673701069
27413,35.646658922569316
27414,42.88697369170749
27415,37.110030375936475
27416,39.31515196221461
27417,37.95066863400879
27418,35.76613429610873
27419,50.259121656955095
27420,37.59838833184819
27421,38.97983188961473
27422,36.74422886059047
27423,39.46350064572961
27424,37.803067128678904
27425,41.47553519663687
27426,38.55459059854225
27427,39.40600491203054
27428,37.17674897579525
27429,37.94016781710678
27430,29.634449521624155
27431,37.09573798125899
27432,39.41793842721328
27433,35.58701006573574
27434,35.17179158200955
27435,39.420497435281156
27436,41.343947646062674
27437,39.67888158040829
27438,33.4029480986366
27439,40.07391987591151
27440,36.99528998276696
27441,38.03733354391737
27442,37.673746428765696
27443,41.16635947951047
27444,34.56106985311476
27445,35.25672272954217
27446,32.12673029371471
27447,33.672428183619985
27448,40.28930980369283
27449,33.48164071852233
27450,34.330099748182306
27451,33.13717875157531
27452,35.621808214547436
27453,26.027832845132806
27454,44.55855297668147
27455,30.52582507972711
27456,36.16190816067564
27457,38.711198997404736
27458,38.091384610677366
27459,32.84215188502901
27460,32.44322613651056
27461,34.86967183367402
27462,35.707844549648144
27463,34.41642577516794
27464,38.68053226825918
27465,36.62747005917386
27466,33.668780586525386
27467,31.545254113931296
27468,36.4313419873778
27469,40.51225004833927
27470,29.37894372213232
27471,35.21827830129813
27472,27.43507060904598
27473,31.468868447818107
27474,38.99361473797812
27475,35.651121892910275
27476,31.144683722644956
27477,28.313178625845307
27478,34.07867113792015
27479,57.995455466444625
27480,32.46870273289599
27481,47.35022542896742
27482,33.379596823437474
27483,35.42099715329615
27484,37.61820023694137
27485,39.892517117691526
27486,35.704223569204146
27487,32.72178627476494
27488,32.990634361991475
27489,40.14292712811938
27490,36.55773370084312
27491,41.124024320215355
27492,33.499007316697174
27493,39.90431896367283
27494,38.668555386978845
27495,40.05703010677482
27496,33.72550046602875
27497,38.442330405732136
27498,37.59262529342519
27499,36.5939867890172
27500,34.8930382295045
27501,39.104575086610545
27502,40.47421228626147
27503,38.840422235459165
27504,32.82569075260628
27505,35.20529026494538
27506,36.65465927394562
27507,37.83772620302814
27508,32.13131201510881
27509,38.24742330056861
27510,37.02675909293755
27511,34.07348368484459
27512,42.17363072266008
27513,36.346503157732165
27514,34.28987662396834
27515,38.38315781800715
27516,37.549338892575314
27517,33.605511942241726
27518,37.45027382354024
27519,33.596291010102625
27520,33.67959563365454
27521,37.30014240844818
27522,36.96427695743338
27523,36.790764676342825
27524,38.02024007009389
27525,35.877808093947436
27526,28.490370729741908
27527,54.20788954296349
27528,40.19622162000027
27529,46.90395514459699
27530,38.029823949974045
27531,44.50121371930538
27532,36.45193694187143
27533,37.08632827994423
27534,31.615193672531092
27535,42.37949965384053
27536,34.07618001597491
27537,31.61513191049717
27538,34.33272540170594
27539,37.85430312601342
27540,35.2311593848799
27541,32.95921397790805
27542,30.927522444099974
27543,37.14038033713757
27544,36.20278097299487
27545,39.1458768695724
27546,39.09576550908493
27547,40.71507937747098
27548,45.887324999290655
27549,42.954921503536724
27550,39.15555317915708
27551,40.40026497975002
27552,59.99837520382568
27553,41.37544763927415
27554,39.04791638788928
27555,48.84785348834874
27556,61.732107459764535
27557,70.0232731230755
27558,56.129430410367874
27559,53.82432315503626
27560,71.13827278430462
27561,56.1644206514669
27562,63.119057600896944
27563,58.03258371170619
27564,40.16802999682649
27565,50.600208663811166
27566,67.01945153522182
27567,42.06723753482462
27568,45.122675251439986
27569,32.18258553713309
27570,34.768423060785246
27571,75.60861970160346
27572,55.46950161538649
27573,62.79794314853364
27574,42.371561929563626
27575,44.72443197026258
27576,42.706329623173275
27577,55.317630516297065
27578,61.26804070191611
27579,42.13178908039968
27580,76.41995631240138
27581,61.42961893038895
27582,50.80223597349551
27583,44.73778974644301
27584,40.387929020620284
27585,72.07112236781552
27586,65.23768936234555
27587,44.641017861953465
27588,60.964597544857504
27589,39.003331323126325
27590,55.169438273962946
27591,29.917525965718273
27592,55.47814693880518
27593,75.61446780367329
27594,34.079686042809314
27595,50.51820150297972
27596,45.04390866585365
27597,77.30594693442143
27598,52.60453574138323
27599,42.217714512244044
27600,52.79009584176623
27601,53.847807532231975
27602,52.48586102017807
27603,57.448026048489595
27604,48.406706663246645
27605,41.97326583395651
27606,77.21249416945173
27607,41.085668103476955
27608,43.29549474998685
27609,40.48600997207419
27610,41.74679102785432
27611,49.68632771290989
27612,36.321116010951684
27613,50.760358528331274
27614,55.21015847135803
27615,41.938805037404606
27616,45.38046745605909
27617,39.98858294553271
27618,58.94956042930616
27619,45.57501282117833
27620,56.416809773477
27621,37.121304552141225
27622,57.39253060565397
27623,50.313167173934886
27624,41.67627868860468
27625,43.206915011200806
27626,50.02532206612393
27627,51.784851499351255
27628,47.62323831030754
27629,50.37667079695701
27630,44.186227163590154
27631,41.71513625863957
27632,60.15104901128969
27633,46.66102616882817
27634,48.78645382826774
27635,41.1460103466875
27636,57.861336415315336
27637,47.50790346898234
27638,50.35502462805387
27639,40.275102960975474
27640,36.22515103557334
27641,69.6993896571622
27642,36.28723005201083
27643,50.39598431982117
27644,51.25057057199752
27645,39.266609852442826
27646,40.19781720924191
27647,44.14362253954094
27648,34.67268715182138
27649,48.69755033060472
27650,26.118227903363362
27651,38.547339197858946
27652,29.121166930097594
27653,38.98526578183754
27654,40.58386901260124
27655,34.564132079654456
27656,39.75733397614575
27657,40.7264807398804
27658,41.54120210738799
27659,28.168129653275784
27660,32.51986233051278
27661,31.439086675436474
27662,40.30762929375593
27663,40.3425874662706
27664,33.26382617071246
27665,31.468658564643842
27666,36.54981152322113
27667,27.01237680053264
27668,29.198529706169825
27669,39.149166376956465
27670,39.43942478734968
27671,34.878292266287325
27672,32.15651443513512
27673,23.698853146272526
27674,25.559512704873296
27675,34.47525560207242
27676,23.748387704131012
27677,35.446983667480154
27678,27.36437651551435
27679,29.825743380184548
27680,42.27945766196265
27681,29.02628962715736
27682,52.38942912195265
27683,38.14485635756861
27684,33.74621539615437
27685,36.990737207815414
27686,35.09762149038774
27687,43.727963182439375
27688,37.23425386915545
27689,41.08975340921386
27690,33.55058422189942
27691,36.755487881540006
27692,45.74615063716673
27693,37.73336869784953
27694,18.38406651244984
27695,31.3962106968332
27696,46.48900103435224
27697,33.24677375471778
27698,31.145487178486096
27699,47.94215777927244
27700,25.865761908709747
27701,28.82274988350271
27702,41.39257354294665
27703,33.24154001323993
27704,30.96324831002832
27705,30.02390968461059
27706,31.189766760030782
27707,31.364546203033736
27708,15.215748685656457
27709,31.10147856785739
27710,30.187266012909404
27711,41.35319345981818
27712,45.36733464341765
27713,39.81231187563618
27714,48.26701303609061
27715,34.50003536628692
27716,32.07751064228274
27717,29.90329489226557
27718,30.57392194120257
27719,38.310056459554986
27720,30.609052686062277
27721,67.04562490325982
27722,27.29863902852914
27723,30.186339471231925
27724,41.06470492250068
27725,39.600803202817886
27726,37.43257873048301
27727,34.22995178467068
27728,27.87640894053497
27729,49.95636377843242
27730,34.92388994666056
27731,35.745660615857005
27732,43.744845151485805
27733,37.59838730475118
27734,32.17178212225764
27735,31.972946318019076
27736,38.436277296865995
27737,33.240847620415046
27738,28.963143523940907
27739,33.855919689277876
27740,33.503208482402925
27741,32.93305544624401
27742,31.837215230560517
27743,35.52879057468197
27744,35.7380585308086
27745,42.16026704070913
27746,36.25172830292333
27747,31.21060337408496
27748,45.81504101547305
27749,36.79611930932205
27750,38.46001142823991
27751,60.223501786278476
27752,57.88518600286586
27753,52.3398107466374
27754,45.13937967604818
27755,57.22473181961203
27756,54.71874957977101
27757,40.006714464456635
27758,49.80015743159994
27759,46.45815509176798
27760,51.24138163680085
27761,40.1818469030281
27762,42.11619345746094
27763,25.68028358158797
27764,49.019810584421606
27765,47.282001568582615
27766,39.56518509671986
27767,55.303024848037715
27768,46.84133552571593
27769,42.86257681947222
27770,46.59429408162845
27771,45.55837853313748
27772,44.17407069813183
27773,50.730091906257236
27774,48.72871914163819
27775,42.15657158859297
27776,36.989580194140345
27777,44.17734266422861
27778,49.18855772953916
27779,49.038982666009694
27780,45.06285816232923
27781,53.57473365703684
27782,42.11886795625054
27783,38.88753221902035
27784,36.05660577342627
27785,39.89812359937692
27786,36.83288279047646
27787,32.246709394550514
27788,41.66061820531243
27789,48.60098597350692
27790,38.206743935260455
27791,50.777349459099874
27792,43.19973935288756
27793,45.409280590383375
27794,35.53699044043575
27795,43.389693068728
27796,36.1170803590075
27797,46.75955488537806
27798,43.992676687095674
27799,50.03914761285641
27800,43.316744242005846
27801,44.53165292721015
27802,31.200564024244926
27803,33.9821165351991
27804,47.06296392590369
27805,41.59369457283241
27806,41.37722448874928
27807,40.5842480382073
27808,34.80050138114767
27809,32.028070755052156
27810,31.532803641121728
27811,33.91290518232442
27812,33.21932555033901
27813,33.5277431399249
27814,30.192706112810818
27815,29.711243440742752
27816,32.80697964545989
27817,29.04224496809994
27818,30.67741491686277
27819,29.26708166213549
27820,33.291899075867704
27821,29.720164261648016
27822,37.58368429634443
27823,35.623494849026244
27824,31.413009961502333
27825,32.687224515652545
27826,34.65542791485836
27827,32.302646638437814
27828,34.31437401969675
27829,35.16528180179281
27830,40.35638268343437
27831,36.692643166058964
27832,32.71275136318238
27833,35.56000522650024
27834,47.25254222713213
27835,40.14486296422299
27836,34.211490745632986
27837,37.132001835509065
27838,34.87172875715446
27839,37.57360955325171
27840,34.025023635949324
27841,33.842884483142115
27842,33.68133451423487
27843,36.77343381841895
27844,36.19486674661708
27845,29.75237027439775
27846,39.29055030361262
27847,33.395256346324054
27848,37.47134627329653
27849,43.504973827307424
27850,39.05853931020455
27851,33.26140292387379
27852,32.47540066786221
27853,44.95597916807663
27854,31.864092797486173
27855,39.24520916210406
27856,37.68968391599284
27857,40.82312707664665
27858,39.26289717391353
27859,38.789522578797666
27860,41.689017470471164
27861,37.34214397132555
27862,33.854128821919716
27863,39.167720690900566
27864,29.780866431225355
27865,32.97641456079531
27866,35.90068249778625
27867,60.99507340293008
27868,42.91483180350672
27869,46.26594687410427
27870,36.81865901836989
27871,33.83658480933285
27872,32.615849248491564
27873,42.730333568659724
27874,38.825268576561946
27875,43.38060551308281
27876,23.933664512447464
27877,36.07649294533722
27878,31.07204132153842
27879,46.08984382690916
27880,34.25920889426429
27881,39.40252020577147
27882,42.149387250211895
27883,30.250854775517066
27884,24.330398864068258
27885,25.83568318171353
27886,27.039230173052974
27887,32.00926950195515
27888,34.582576427987796
27889,28.499780001331573
27890,33.66860317386829
27891,32.13834653402493
27892,26.258995572449958
27893,37.920311898604844
27894,35.70599792391574
27895,35.106708139896426
27896,26.858938238815057
27897,28.671597271982485
27898,28.84196397686648
27899,26.392281970717825
27900,41.13540000636209
27901,29.0413158146822
27902,25.87069950275749
27903,29.760677175221876
27904,29.59752606535285
27905,21.632921707497573
27906,33.03808070640261
27907,29.090742222627988
27908,25.590470790554495
27909,35.00551694642134
27910,35.24367705257335
27911,36.799911557279124
27912,23.47974565670398
27913,29.50858630119719
27914,31.600689315373828
27915,28.07439203014165
27916,29.06024041771611
27917,37.96506022341988
27918,21.100044592620577
27919,29.30473674426098
27920,32.31268018383496
27921,39.56888204587907
27922,25.14236286462532
27923,25.847280917047517
27924,33.04669055664542
27925,26.317891830102152
27926,26.798125588022288
27927,25.05807701344267
27928,27.647814677365034
27929,25.624013251782333
27930,23.36095546809553
27931,34.93575257371526
27932,29.930614381766887
27933,26.813426303295305
27934,34.802194273698355
27935,28.611450506858127
27936,27.380651642266372
27937,32.22890867327008
27938,32.12116911064475
27939,29.983391030171816
27940,45.26548127968894
27941,28.043780414630227
27942,22.139699170390834
27943,28.170975380872704
27944,30.173935112670456
27945,28.783350812143865
27946,35.628889214804346
27947,27.179453550057673
27948,29.06962760019001
27949,35.256403330283646
27950,35.66113795729423
27951,36.21007095917443
27952,45.609690662166386
27953,28.101734539116258
27954,32.070308974853525
27955,35.08277106326087
27956,23.770505358226167
27957,24.90240147155418
27958,23.162335742773163
27959,41.23161846574784
27960,36.513480043926485
27961,25.651084802926725
27962,37.452932540358155
27963,33.23518833020992
27964,35.599766390454626
27965,25.489020040494264
27966,38.24353918450774
27967,48.176816104453955
27968,26.977208715734097
27969,36.32663340627371
27970,33.8961397304334
27971,45.83983631911072
27972,29.137791932478983
27973,25.253019782329922
27974,33.717450954580876
27975,28.150715689406823
27976,28.381802160292487
27977,43.019430692465384
27978,26.743089862180142
27979,29.414258172928736
27980,22.386363518042238
27981,51.745444732297706
27982,35.17902627283811
27983,35.011367121502396
27984,26.779521553864935
27985,43.06348380413628
27986,15.449992410081556
27987,30.23863760216612
27988,25.130769148518624
27989,25.527800895721743
27990,34.374041126238524
27991,31.335467759123315
27992,26.062837314755072
27993,25.30877808784228
27994,25.15340835817875
27995,31.159624574295965
27996,33.37660094963982
27997,28.295070727217485
27998,32.15019014018631
27999,20.64710354421213
28000,30.944603319064043
28001,34.97561712348201
28002,33.15688684680036
28003,26.004182939162888
28004,28.519756686722484
28005,25.883322792289256
28006,21.417550783084046
28007,27.921886313039295
28008,29.271119159349965
28009,32.499116151294615
28010,24.376676754713543
28011,27.968438006777145
28012,25.216825653487142
28013,23.513749159761918
28014,33.68203846339526
28015,41.49007898953439
28016,31.410335637552123
28017,30.365019478821885
28018,30.919851031600544
28019,34.89687301092881
28020,36.89226943987141
28021,32.262865025228606
28022,32.12659996680124
28023,25.204536113262733
28024,26.219966294374828
28025,32.1620636712145
28026,30.335932100270917
28027,24.561564898959162
28028,33.84043078529838
28029,28.7173488292133
28030,30.763940957986982
28031,37.38975989014314
28032,28.133490942008656
28033,30.613449497556804
28034,29.304800618992523
28035,32.682269419235425
28036,37.92684859854418
28037,32.790357988598295
28038,41.17148813877147
28039,35.37864761451228
28040,26.624943441288078
28041,31.40956521966696
28042,34.82676351592927
28043,38.37378676158404
28044,43.63745026973054
28045,33.26877603754067
28046,33.59464124920491
28047,25.956523501176854
28048,26.68281585397471
28049,34.60702704143754
28050,37.87705119949657
28051,48.413539536368845
28052,32.18526612388321
28053,31.672788460448377
28054,41.68067267626675
28055,34.059196975323616
28056,15.312608559061527
28057,28.147239407272934
28058,38.95247060930267
28059,47.87740268655917
28060,40.313819360415955
28061,40.26086890834919
28062,45.431761746545284
28063,33.83248232656032
28064,37.40655463727436
28065,40.46040315538209
28066,38.65841726190649
28067,31.373477278343614
28068,35.98827371287641
28069,34.23524717362007
28070,41.55749756189934
28071,37.2363081702883
28072,31.822048434276326
28073,55.69174611412273
28074,37.82078111742238
28075,32.62681407043935
28076,40.47639924641952
28077,36.5872328569145
28078,36.07649294533722
28079,32.61352027508194
28080,45.25331841554722
28081,51.32743014657611
28082,32.61153304185383
28083,42.354895871545466
28084,42.31341524120256
28085,40.69662387843395
28086,40.667616714409675
28087,42.76000543543314
28088,41.874511438486444
28089,40.229860624892765
28090,59.60111568469521
28091,53.58919405988983
28092,31.629076479353806
28093,40.87061634810153
28094,34.304025410810894
28095,44.33105095566123
28096,40.65486453869407
28097,40.21516623129299
28098,47.13007463200663
28099,45.59404458581593
28100,40.187650491352535
28101,39.228277188507874
28102,39.45886428122592
28103,27.691451531561565
28104,32.53852835588802
28105,35.19456293797492
28106,31.379663903680623
28107,29.56587789835463
28108,29.516710034231117
28109,35.994245216302
28110,30.67996920644383
28111,39.78810490409498
28112,34.22004746569458
28113,32.626517785693494
28114,34.32222045614009
28115,31.4164466491653
28116,27.05829889186891
28117,34.57186712263985
28118,30.26774488543971
28119,26.765407643863533
28120,32.93021932930792
28121,33.202213077511225
28122,34.230376613680015
28123,31.534310188693567
28124,33.738925032416645
28125,29.90934715772682
28126,31.818703522743533
28127,32.65273786710566
28128,27.09510291311135
28129,28.838215495978993
28130,30.39128693488903
28131,31.502513036071637
28132,33.860705744501715
28133,31.27311445176897
28134,27.16654046749184
28135,32.5396346176367
28136,32.8265708308394
28137,31.03994752435518
28138,32.30282080054346
28139,27.63189230616973
28140,31.764861675171247
28141,38.687496580684886
28142,34.93143665820655
28143,34.44577330727458
28144,30.95531823372557
28145,29.70508038930623
28146,32.33722309289219
28147,32.848590398977024
28148,30.470531998817656
28149,34.2124471012082
28150,31.225063799895562
28151,33.35733512734886
28152,36.755818263133655
28153,31.59957834537203
28154,40.23392116321394
28155,31.40126227724071
28156,31.65358296733678
28157,27.51360539366495
28158,34.00167126294904
28159,33.19900780673483
28160,29.225944767536703
28161,26.294937634166995
28162,33.803324939419475
28163,34.887770583990594
28164,32.150023798567176
28165,39.79462257704677
28166,34.782307274817
28167,29.80586935666156
28168,27.859419325675557
28169,35.93920270731255
28170,36.91449450194002
28171,36.042703971791056
28172,32.21195802913871
28173,35.754983575213046
28174,33.40690353947063
28175,34.989407366786054
28176,34.81602423797909
28177,33.583853688937566
28178,34.0787129887003
28179,36.78228807763937
28180,32.008628174409935
28181,35.38449790672908
28182,36.499238385548836
28183,29.915320527251385
28184,33.642126414775966
28185,33.36366742965678
28186,31.24142404928717
28187,31.59451217026457
28188,31.770443769424382
28189,34.543100537446705
28190,40.2148751111624
28191,36.44960301365921
28192,32.71965611804541
28193,31.40466572898311
28194,34.33120110220747
28195,33.702235347057936
28196,32.813220318339575
28197,38.14007253531685
28198,34.38980171231349
28199,32.268962745148706
28200,34.33579971516629
28201,35.8593454036319
28202,36.95277459533039
28203,33.32146751127962
28204,32.436169566295845
28205,36.71911350293296
28206,36.93267547106166
28207,28.45136121883666
28208,45.20573833673567
28209,54.06986797588868
28210,37.26431429390824
28211,37.077070569401535
28212,46.4053537211158
28213,37.05227421391133
28214,33.98047228333334
28215,31.40847339914192
28216,33.464001982519505
28217,39.92071420810381
28218,30.663580631439437
28219,33.19218284533321
28220,30.112776915611498
28221,32.84486767965244
28222,68.19544496213102
28223,28.47856043626421
28224,34.26607509820904
28225,32.43061627714296
28226,34.469515231255805
28227,35.58029448832784
28228,39.98900070585307
28229,37.251761404180286
28230,37.793752072603496
28231,24.67594531239796
28232,27.309931381327452
28233,38.305621853032285
28234,31.583698310277
28235,59.110258588786195
28236,30.438403095046155
28237,31.933570269876334
28238,43.45485412228502
28239,33.33339500096682
28240,36.85821810597031
28241,28.990877476695946
28242,27.756363841806508
28243,33.87102877834516
28244,35.571834490275414
28245,35.439668650006894
28246,35.84346382004116
28247,34.93319572127109
28248,35.926188708717916
28249,34.00181811173478
28250,35.29025365030355
28251,26.083207186478557
28252,36.56390078913062
28253,35.72903778882172
28254,28.130408984692437
28255,39.344464509770695
28256,35.85278837998369
28257,36.38057791510069
28258,27.213540601427464
28259,36.969780730612335
28260,38.00144419648859
28261,35.18674364528199
28262,33.149364372461086
28263,34.381090007141374
28264,37.90572103145175
28265,37.63473588320858
28266,34.07030292958213
28267,37.9044773813012
28268,38.461645221000424
28269,36.989224754222384
28270,30.44205473794917
28271,37.45026503257804
28272,40.024483442985684
28273,36.26046383510264
28274,38.73216238118149
28275,34.458698293434225
28276,35.79594679411727
28277,37.3491610040875
28278,38.340091486628154
28279,31.844440893400147
28280,38.21229493556861
28281,35.72888346186204
28282,38.72716894040448
28283,40.97555177697572
28284,35.63537674301226
28285,33.45974974793803
28286,35.73931284349014
28287,34.21731362270468
28288,29.688650030763696
28289,37.32964320077477
28290,48.64229936398498
28291,38.37705777225824
28292,39.162451878898864
28293,38.679751771640575
28294,34.11534529665544
28295,29.266454610917798
28296,38.47587244738682
28297,36.78388568434663
28298,25.925880889444176
28299,39.31879440387283
28300,38.69167620612596
28301,39.19153232650302
28302,70.23857123224262
28303,39.926942030397775
28304,35.34748358303432
28305,34.731766166046526
28306,33.088417345997954
28307,45.272616358046356
28308,43.86057926842498
28309,32.720147039932435
28310,42.91819431005388
28311,38.05778756367737
28312,42.7083569651175
28313,36.67481222736869
28314,43.36736897886808
28315,40.54603349045869
28316,30.451256576752243
28317,38.043334143589576
28318,42.784787730543925
28319,39.23042842589693
28320,27.35171734685146
28321,42.72409613043129
28322,38.123742352568605
28323,44.34544284544541
28324,43.90423401685211
28325,41.453569733389706
28326,33.933576660413806
28327,42.534068121413405
28328,42.834874381738345
28329,34.11180941363078
28330,36.32763662289682
28331,36.00496001421139
28332,39.1349305595204
28333,35.78005614272875
28334,36.981916154512454
28335,36.523692884622
28336,38.72190807998739
28337,44.50106891763444
28338,38.5974142689283
28339,36.07334397889424
28340,44.02234614378961
28341,34.99867814285837
28342,45.81573009119085
28343,37.76658087955733
28344,36.181022980656834
28345,45.914044026934164
28346,38.23627717989712
28347,36.3888607404639
28348,33.916931057484035
28349,31.586265781389287
28350,35.41337919156178
28351,38.43929032897941
28352,36.948245694424266
28353,36.06523733291
28354,38.54270061411797
28355,33.74135713778388
28356,45.77900969657102
28357,33.71559381132721
28358,41.62997563256301
28359,37.268226911335944
28360,36.50661645924693
28361,40.599676242505595
28362,45.50501119267118
28363,39.96726170618358
28364,43.24595350359079
28365,37.48324433457212
28366,42.11372958102287
28367,41.94871299668703
28368,41.92053103872898
28369,37.132791104158834
28370,32.09695828291774
28371,44.614164560495816
28372,40.672644394943404
28373,37.8379469055777
28374,46.41373135958628
28375,37.676915348376745
28376,46.93785933010985
28377,45.87032608649637
28378,38.590384208079215
28379,34.21336703306538
28380,41.048775624331846
28381,37.302863100252985
28382,41.453396374947836
28383,32.82669117167355
28384,27.007471123151223
28385,42.56008192549927
28386,35.79565044590946
28387,38.08869331397448
28388,34.329759170233146
28389,40.34137558455127
28390,33.32129914618175
28391,40.15478907100189
28392,42.090100144509044
28393,37.10442794076373
28394,35.47958017767591
28395,38.79165918525215
28396,30.796357897898975
28397,31.427284899031275
28398,37.261056626107425
28399,41.33358253227897
28400,40.21641215060911
28401,39.247467365872176
28402,42.20826694865545
28403,34.585865035621886
28404,29.223396137974426
28405,34.46658210029421
28406,40.22728693917484
28407,42.977374635546305
28408,37.20870961963652
28409,43.611405802012385
28410,39.96191558110412
28411,37.27364663753235
28412,30.357119859516246
28413,31.94672828733087
28414,30.250037340812987
28415,41.103903765900576
28416,28.784705418796513
28417,42.79879497903877
28418,33.75618646819453
28419,38.27634587654987
28420,43.30949915675001
28421,27.95752070422607
28422,39.87908861210059
28423,30.318197382232334
28424,31.531889853678678
28425,33.54818657831641
28426,40.91975586930046
28427,26.374558926838162
28428,34.2921940484886
28429,43.592247592751264
28430,31.6812858929939
28431,33.934271884183694
28432,29.524830659630133
28433,37.12413979492684
28434,35.64396646366162
28435,41.25898009313433
28436,38.443851510837916
28437,35.033767330843446
28438,40.467720913420266
28439,35.98468637214575
28440,40.40563724055493
28441,39.68272231890632
28442,35.50121101436114
28443,37.74241712835664
28444,40.15123433601482
28445,42.637780659375366
28446,37.99880538345912
28447,35.8221507381723
28448,33.93524288153898
28449,38.35011930313397
28450,39.644602685785365
28451,42.69003824635571
28452,36.411135707322586
28453,36.70743374653419
28454,34.477081560052056
28455,37.39564361575553
28456,37.27945420908481
28457,38.411460875843474
28458,32.51042044227791
28459,37.106931889587976
28460,33.843550869492276
28461,39.20198687702993
28462,35.632175788793646
28463,37.47443000464282
28464,36.41195705823702
28465,36.8631370972679
28466,33.05874622410812
28467,35.82231376837954
28468,34.1906155117133
28469,30.6227234859957
28470,36.53799580987269
28471,34.5299963185036
28472,33.608360455215106
28473,37.975523342244806
28474,28.188153144463424
28475,34.13842601869668
28476,24.812384474032296
28477,28.074822279594045
28478,43.17781460996124
28479,27.474068356952092
28480,40.223630062740696
28481,33.386115106717746
28482,36.91902754380641
28483,23.533112190281216
28484,31.959588263246697
28485,27.516507130961596
28486,26.41572990457766
28487,38.373587700531814
28488,26.659429462622228
28489,31.235214633689434
28490,30.350122509126727
28491,33.953622176239605
28492,24.99600891062689
28493,31.30437550903722
28494,37.05852470011197
28495,38.17400520338414
28496,44.16108462496689
28497,34.640337519015006
28498,18.36540619837627
28499,39.718473654290854
28500,38.911204244233055
28501,40.80563988084192
28502,41.3080870879431
28503,26.76944615152933
28504,39.12639347166859
28505,35.83963769928138
28506,37.19203474156472
28507,28.25212006302354
28508,37.911373630359286
28509,25.73909554304622
28510,52.282093313419814
28511,38.209692534752975
28512,31.476290360349644
28513,34.180196878838714
28514,37.793993086651724
28515,26.459318524275616
28516,33.945542048034426
28517,31.74338143648292
28518,28.673956602267786
28519,27.814398425830024
28520,26.418948728929387
28521,34.969530002455535
28522,19.18419747338376
28523,35.97789167428681
28524,46.001284190067786
28525,29.804280533365215
28526,42.30706664054858
28527,32.956989547327126
28528,52.15290097991118
28529,34.990451974354535
28530,29.97098729830637
28531,34.12813957990203
28532,45.14928845546654
28533,31.03777897150787
28534,36.33572875897122
28535,30.891539669320643
28536,34.81122812140148
28537,28.005934588583937
28538,34.66714347021798
28539,38.7093349348036
28540,40.18504262610469
28541,36.159526033339105
28542,31.290929741120788
28543,32.036566127786216
28544,39.915652139620285
28545,34.99397245837044
28546,32.26325103979886
28547,34.03730156470137
28548,25.665600617230808
28549,27.767401602769844
28550,15.363631271704243
28551,29.359354857478415
28552,30.737944062311556
28553,29.220728659797913
28554,25.645216206584106
28555,28.62287423347256
28556,34.26293262582758
28557,34.090577940920305
28558,33.226522789603166
28559,31.01527721522234
28560,35.694143545000976
28561,38.95543300907792
28562,40.650225666611774
28563,32.39920640260975
28564,34.96637120454207
28565,34.80080048018909
28566,31.45335708495784
28567,28.05425145962979
28568,33.01286265422874
28569,40.27176375467087
28570,42.82422391945656
28571,39.55289977034268
28572,75.03774826010032
28573,37.23834910697329
28574,35.169109316463775
28575,44.04493258601281
28576,45.3208958450327
28577,51.629757409039925
28578,77.19710504944891
28579,32.309430937702935
28580,38.25241674280443
28581,45.513791668530956
28582,38.17944591967888
28583,36.885945355342386
28584,51.81308428543755
28585,40.24237148065047
28586,36.609513298714006
28587,32.99152880720278
28588,39.31113178013945
28589,53.27029860688721
28590,46.172749850923836
28591,41.2770957155849
28592,45.33577170360281
28593,34.50761003601663
28594,37.37588660047238
28595,56.24400207509611
28596,49.07106728156406
28597,31.699976354183327
28598,35.70043705314492
28599,37.73930347301746
28600,32.75919193349751
28601,42.001779267639805
28602,49.27855977461483
28603,36.49806703769234
28604,38.533795160752774
28605,35.142263118062125
28606,35.80252657884388
28607,46.59259115337681
28608,37.34033957262111
28609,41.009583779511004
28610,43.475699766345095
28611,47.59234262193877
28612,43.01021709644781
28613,44.23545192247113
28614,34.22419368303901
28615,34.70965820041498
28616,39.38580450999784
28617,41.85744369003697
28618,40.1278767895315
28619,46.54642996933162
28620,78.55125241295809
28621,44.5370502060822
28622,37.03335596567963
28623,33.28289019506944
28624,56.312412674392526
28625,30.69506967923749
28626,57.29878356114686
28627,25.998120882841043
28628,72.09759007478449
28629,42.28352360973961
28630,42.20046561190867
28631,31.575832511921526
28632,40.1312468896089
28633,43.87143415977431
28634,31.95998521032999
28635,48.23929557232264
28636,40.75395233042556
28637,41.436452585562535
28638,40.53627543693368
28639,41.14220826619022
28640,38.89718166913691
28641,42.97031277419555
28642,42.1801585207571
28643,29.998478473279498
28644,43.85843881549165
28645,37.803173265499694
28646,40.20725962856889
28647,34.764094468264375
28648,33.14113266898408
28649,76.32052486247187
28650,51.47124403208085
28651,62.05323485441319
28652,72.43613490833346
28653,40.922360481571154
28654,32.81085948369554
28655,40.000995013709776
28656,36.16812638157065
28657,35.6713545057077
28658,55.484908315131015
28659,61.21320744135045
28660,58.378220614069114
28661,38.764818353266804
28662,64.69860065007975
28663,38.599354209183474
28664,25.07093950314923
28665,42.076567833764855
28666,35.84334033157552
28667,32.223870069300276
28668,38.25692110396722
28669,50.60843224636989
28670,40.0990618834937
28671,32.87832426124051
28672,43.74371150733113
28673,36.97754729022478
28674,45.842231087791035
28675,32.36275791603435
28676,41.74027165001469
28677,32.861959945640066
28678,58.3778943369078
28679,42.36302626583879
28680,41.43672575014244
28681,33.54840889440881
28682,30.391396036495532
28683,32.115293317763474
28684,53.86555630091752
28685,34.025023635949324
28686,32.38853576854693
28687,35.77512866883831
28688,40.289245995440666
28689,38.80533291365924
28690,36.19486674661708
28691,35.02384300419598
28692,42.08514537122079
28693,33.811363145267606
28694,34.619331599417784
28695,30.809930064919897
28696,44.0313402821314
28697,37.411361643359925
28698,39.089856921421514
28699,41.4358866498023
28700,34.57663380632727
28701,32.55093971032543
28702,44.16461037825
28703,30.192706112810818
28704,34.727777781730985
28705,38.20079552040454
28706,39.44634850428946
28707,33.757118793205834
28708,41.078519990203596
28709,33.69170701571417
28710,43.66737387529224
28711,34.73058555399844
28712,47.941721023641364
28713,44.260231103135084
28714,58.91111382470765
28715,36.82521157926669
28716,43.41421283607251
28717,39.200526573934155
28718,26.45401888530299
28719,24.20029138106753
28720,34.621007523841314
28721,37.83604608583943
28722,26.934915411602613
28723,40.38464924584717
28724,39.32844292810226
28725,42.30480358589219
28726,30.87421809429965
28727,34.47525560207242
28728,29.825743380184548
28729,41.72358343505717
28730,27.20471605893477
28731,28.14046155023552
28732,32.51986233051278
28733,38.91558909601871
28734,29.281716247462725
28735,38.21734870059584
28736,36.860067231541734
28737,32.15338740814943
28738,33.675444581989616
28739,21.270617651509856
28740,22.058723199321122
28741,30.52449280225538
28742,27.699030198456608
28743,28.96776615688656
28744,30.980140124047065
28745,27.742352579590122
28746,35.28118168714072
28747,34.50390959915515
28748,43.316744242005846
28749,31.75327329238366
28750,31.18123405696287
28751,32.28331527054343
28752,36.79575145439232
28753,29.958287420040055
28754,35.63060289271903
28755,29.67592878451807
28756,41.74935646555215
28757,38.10500135366609
28758,32.17918418737248
28759,34.786865279626525
28760,32.579200146554335
28761,35.19435130176083
28762,27.060062360095603
28763,29.139399198325414
28764,33.751815587393644
28765,28.012111327297806
28766,28.68230301988706
28767,37.06381204056662
28768,30.79759520329059
28769,27.356406458511444
28770,33.24351686821896
28771,35.49090421771042
28772,27.590587573891252
28773,32.78916503252133
28774,34.01024243340596
28775,35.68694140500817
28776,34.95061441090713
28777,38.78524407345895
28778,37.98245425072094
28779,40.30003828614444
28780,29.24142726409945
28781,32.56748000357576
28782,31.56174369480386
28783,28.46985867691261
28784,32.44725424517881
28785,28.290156321284755
28786,35.26355931392225
28787,34.57902507783952
28788,45.388259657843726
28789,35.13000017572386
28790,32.820998287929555
28791,25.71630532499062
28792,26.415715566077843
28793,30.742690227686346
28794,40.342865161217695
28795,27.747730584321395
28796,37.40850947915417
28797,38.828041052118
28798,31.617292442828543
28799,32.144596179959095
28800,43.04875025888285
28801,31.521974811201986
28802,43.27415241678328
28803,47.92440822685984
28804,68.90855325328577
28805,82.4304764102297
28806,49.77971498979707
28807,47.4911619236738
28808,40.660461593254055
28809,56.35194347239559
28810,44.17247217925878
28811,33.25664108672543
28812,59.080500061431565
28813,76.2854015145463
28814,41.4783711294579
28815,58.21829736816325
28816,54.3701795095325
28817,57.824830304752766
28818,37.53346484785065
28819,49.90760532935568
28820,36.987148199251834
28821,43.98623419696236
28822,45.16308886855755
28823,50.083380825731
28824,32.89249413630461
28825,54.43646008694264
28826,42.73584601423461
28827,44.618854737233804
28828,55.20005389138413
28829,33.89161535097048
28830,40.647068536176135
28831,36.81865901836989
28832,30.2313418215278
28833,54.023149453934494
28834,57.252542143651795
28835,43.032978893889464
28836,29.82977640642078
28837,40.56673886168453
28838,76.04590507133778
28839,55.24499008851584
28840,58.98142125119331
28841,45.936439578387244
28842,51.22395426897998
28843,70.154678229761
28844,53.86509025150999
28845,38.396856714252166
28846,84.14655145200842
28847,50.507828479619135
28848,51.81010014488476
28849,35.59342980711146
28850,38.88546583670226
28851,40.02417532218291
28852,57.83085053494139
28853,56.62441520615103
28854,70.30101415974963
28855,40.57727410619718
28856,31.77256972065016
28857,34.32394591501441
28858,56.77511520434354
28859,36.69126008297572
28860,72.57639911187442
28861,42.01031035955558
28862,42.79930277707466
28863,51.899162584917214
28864,37.720271666279885
28865,39.827408004027106
28866,36.47715405227103
28867,40.16811860798014
28868,41.56630128578947
28869,37.58120575793847
28870,43.52856956950511
28871,34.840813807947654
28872,38.78574774763772
28873,34.760294158452304
28874,34.75925495151601
28875,35.99692937099737
28876,42.38564563441185
28877,44.086811702886116
28878,34.30353269466725
28879,35.26535959707839
28880,39.21916132656647
28881,45.77594445325636
28882,39.6584847633278
28883,36.76174225377681
28884,44.08985132364766
28885,34.94369315332216
28886,34.51853109382984
28887,38.87963599370043
28888,34.63706743122731
28889,42.50070063689501
28890,42.012638798106046
28891,37.106734817775184
28892,32.702035477855055
28893,39.861697345897774
28894,36.37901919310587
28895,35.29747020518988
28896,41.8851807444612
28897,37.133242723536306
28898,43.54459290677851
28899,33.71578583402456
28900,36.84245792722716
28901,43.58409710960779
28902,33.22468891999925
28903,39.41463123756004
28904,36.76512347298861
28905,42.32367339188011
28906,46.5543844191946
28907,47.40387045200509
28908,38.64312518282035
28909,42.97150218514545
28910,43.008379096672385
28911,37.985569126276296
28912,45.100059909345745
28913,37.36209778602823
28914,38.03190868193981
28915,31.094453606598332
28916,41.42111001340429
28917,41.865261748992445
28918,41.89838237164929
28919,37.94511960296548
28920,35.982199701602816
28921,42.70417050095819
28922,51.81432036177443
28923,38.31798618231535
28924,41.941017378023915
28925,39.05976932586249
28926,39.033260165779936
28927,41.52344223069491
28928,39.92086472710904
28929,33.80742540805221
28930,34.70606605706858
28931,39.66115238474207
28932,41.691270231026074
28933,40.169914432282155
28934,35.50038246530949
28935,35.335586441652424
28936,38.26377885301396
28937,44.92004480737693
28938,34.48738405021242
28939,40.587040347213254
28940,34.296371581337034
28941,41.66238367061171
28942,34.09144746961591
28943,34.285188753231175
28944,35.118654856814885
28945,43.83489100323863
28946,41.90096300785856
28947,33.33368505609171
28948,33.670132191475105
28949,37.23008845860744
28950,35.858499694215844
28951,35.96980020263858
28952,40.481524765486924
28953,36.223422709249085
28954,39.503491853798224
28955,34.985953026491025
28956,33.76814096740236
28957,33.05865857223324
28958,38.84043556032015
28959,38.25162284778014
28960,44.21672705726316
28961,47.37716102399842
28962,37.26486701409987
28963,35.49461740561332
28964,55.68318819759249
28965,38.239238280622665
28966,50.43201501930983
28967,27.51627948273893
28968,49.62544543564875
28969,57.551606318950995
28970,10.907703125853722
28971,53.10265746646683
28972,20.613210666316114
28973,42.54300238767094
28974,32.6292865646962
28975,54.52400145405849
28976,51.44019574498721
28977,57.94891086695491
28978,40.99679483151202
28979,9.565668713760381
28980,47.955667502838764
28981,51.2674859990856
28982,34.138465150504224
28983,35.013619118558324
28984,30.736663141083568
28985,32.94241776775059
28986,35.00832224652543
28987,34.1499557427242
28988,40.607894564920755
28989,34.72013594557687
28990,39.48623946912949
28991,36.27725601761999
28992,37.266853135003956
28993,33.07890402984772
28994,35.78194129508866
28995,33.28754375440602
28996,31.493281785871666
28997,41.88065709369939
28998,32.92853326724222
28999,33.395207837258724
29000,33.99347345040587
29001,33.74019646012859
29002,31.746976015290688
29003,44.74984080143944
29004,34.03716963939655
29005,34.51929278039418
29006,35.17863259198489
29007,34.76988167194613
29008,34.53147708791168
29009,32.45098732536069
29010,36.305665694565135
29011,36.876780943347164
29012,34.022806608290864
29013,30.958762186861122
29014,33.32633327260233
29015,38.04931002803369
29016,32.11377103279646
29017,32.31651487165438
29018,33.314341773400685
29019,32.20455274700869
29020,36.09113951874606
29021,34.30338725115549
29022,44.23544873983258
29023,32.24048909268668
29024,38.32610346858505
29025,40.27933156343049
29026,47.56053832266389
29027,37.422232816904874
29028,32.45096794041681
29029,43.39568847429957
29030,33.088324431189776
29031,40.163094533523115
29032,32.70006125437645
29033,28.935784095230524
29034,32.64814073937523
29035,36.25610149541669
29036,40.14369822854185
29037,39.22459091239538
29038,30.43251134210034
29039,35.14028685860325
29040,30.234487618776704
29041,29.607626234932468
29042,31.399918142939896
29043,33.389422308227694
29044,30.58807054154114
29045,31.795822980967948
29046,26.301266613844472
29047,39.58458526365162
29048,26.30265223551454
29049,31.631119352741877
29050,27.55716818294484
29051,39.550261695604895
29052,36.065512233897806
29053,32.17725056068071
29054,21.284466925938144
29055,31.981906286316566
29056,40.136264166120355
29057,35.77369286221351
29058,33.01655905256735
29059,29.017391027248244
29060,24.728486525770194
29061,39.35282584959911
29062,38.76460862935585
29063,23.488538114828717
29064,42.777609199314696
29065,25.069667461038975
29066,34.005964877946255
29067,29.413607565816022
29068,30.460376151823915
29069,23.121628382264078
29070,26.253445468264633
29071,21.25933488519247
29072,24.44716511575272
29073,27.47234468710473
29074,37.21772986125028
29075,27.977061352603094
29076,17.505733666367977
29077,25.04087870111605
29078,30.727576840146995
29079,21.603877694250183
29080,24.928253056857898
29081,36.04893174704247
29082,19.756108809232796
29083,23.199321520375282
29084,23.33091361652305
29085,30.889641564939634
29086,22.865904268533342
29087,24.403359253465823
29088,27.604990822480172
29089,28.08059090509736
29090,27.041664123270746
29091,22.83027112292098
29092,28.76377067069774
29093,43.20844715459055
29094,29.03701240254184
29095,35.31721733066853
29096,30.46478537398413
29097,31.41706433755747
29098,26.243121763342625
29099,22.143072687905793
29100,24.990968806000073
29101,24.14799197677185
29102,37.5521970707128
29103,19.50617373415095
29104,21.36768620323316
29105,27.18572511463123
29106,33.04529886531862
29107,30.02455594122322
29108,20.687645122111217
29109,29.2048352389066
29110,20.780163383485228
29111,28.739159403981382
29112,30.31598551866208
29113,36.60012601462138
29114,36.91403617081341
29115,31.056473001691216
29116,29.984149446352976
29117,28.722584544855586
29118,35.4715017479811
29119,21.154578138369743
29120,26.87073323919717
29121,26.38362749273624
29122,17.80060527412404
29123,25.71192487255545
29124,36.34607217596552
29125,22.351108698744262
29126,40.57437470074284
29127,39.14430148887102
29128,47.6795790204547
29129,37.8671776147404
29130,39.84139751019045
29131,38.10251298247475
29132,46.30517240878019
29133,42.44144362817102
29134,47.164952482260574
29135,35.59159480634292
29136,41.99978399644809
29137,39.50861374500117
29138,46.39302670540717
29139,39.46780721136239
29140,39.113040815076914
29141,39.01069391901681
29142,38.261929587797205
29143,56.16202270693964
29144,79.91528725386382
29145,50.540777943735954
29146,37.11052450006709
29147,40.05528582580079
29148,42.581509520914885
29149,43.79246394769923
29150,34.221159979141575
29151,55.386693598485365
29152,40.768255526351744
29153,38.246309504613016
29154,44.5926984460854
29155,38.45649015710335
29156,37.12401964113395
29157,38.74665511861146
29158,35.17683518827594
29159,41.324475617903374
29160,41.969155855402434
29161,38.234084405278914
29162,36.2389468650075
29163,34.05546704548894
29164,53.45947926420014
29165,48.176598689704285
29166,45.98628293366777
29167,39.56964139496646
29168,40.397571428072155
29169,39.15898503582688
29170,37.391474049511494
29171,41.58509020000313
29172,42.37643886289356
29173,31.853955839107137
29174,37.225531979388556
29175,35.101095083608065
29176,37.675209549990605
29177,31.99887857097048
29178,37.14828204606414
29179,55.4767988988661
29180,41.79722875959855
29181,35.634169994143946
29182,57.758014794651096
29183,41.77020112416906
29184,33.043339577411125
29185,43.674337283248725
29186,36.06965908739374
29187,36.44100215122961
29188,31.317778409357217
29189,32.787699679982154
29190,33.05703560700507
29191,39.09050050828861
29192,40.81658719226775
29193,40.13301151392178
29194,40.3887503254217
29195,41.09820861740022
29196,30.56927965127587
29197,32.12362847926536
29198,66.7769472897323
29199,30.619653490453054
29200,32.776775914327956
29201,12.645442903030276
29202,31.89652562733645
29203,28.000119168033223
29204,21.506796283026684
29205,28.232348223437757
29206,25.238220665787473
29207,28.951722397660728
29208,34.85770656283746
29209,32.93436128493186
29210,14.449672192295687
29211,37.528157727664826
29212,29.773959050143986
29213,31.639345665838775
29214,25.54871118364658
29215,40.85191041261417
29216,39.308547853766775
29217,39.74637820772051
29218,27.09278415851552
29219,28.895541839835957
29220,41.68522698921586
29221,39.93353170615335
29222,40.1516756669899
29223,42.74486663645434
29224,43.00988100802582
29225,37.58126547572364
29226,32.635460313845535
29227,31.128666670122016
29228,37.78616782647524
29229,35.158589018551055
29230,46.47690754120048
29231,43.320422355784906
29232,34.13620698354622
29233,36.89088109413112
29234,37.3207207649504
29235,42.58231038409473
29236,39.04056667893602
29237,38.858339958329196
29238,25.906255871060218
29239,65.1636107256842
29240,25.88234677099079
29241,36.1656074364544
29242,34.555955881832936
29243,33.80757178358509
29244,26.197195290028063
29245,36.89150635643964
29246,39.105057126885384
29247,38.23983345604769
29248,37.85650138281816
29249,42.19341936322761
29250,28.861545129863075
29251,38.59215922104184
29252,19.534919438092277
29253,35.357348873445275
29254,36.48015772930299
29255,38.97894813927628
29256,34.6807806372817
29257,39.378363789739936
29258,38.57238754501399
29259,33.19486895309957
29260,34.03799050276284
29261,38.540235816761275
29262,37.5344884138196
29263,32.7834124191898
29264,37.6013692415241
29265,45.22348478621832
29266,39.909232540696024
29267,31.168208607903388
29268,43.212628999868585
29269,31.410400529894908
29270,40.36225686347867
29271,39.06559179925839
29272,38.80779476533306
29273,34.51234370663946
29274,52.551767514513024
29275,40.697593240122124
29276,38.00991143652418
29277,36.1395051340021
29278,44.73205097303028
29279,45.431761746545284
29280,36.807927981791806
29281,34.47703390160307
29282,33.07754148289108
29283,38.49853524864499
29284,37.347677188627955
29285,40.05816476458991
29286,36.80782064827974
29287,35.76674532250378
29288,46.88631994376043
29289,46.565644700987704
29290,41.51531361943661
29291,54.44476265927763
29292,37.61605986161735
29293,29.90994339682876
29294,37.01418774556994
29295,53.97980169279145
29296,31.36699947504796
29297,43.995276835680656
29298,38.09172188873771
29299,32.23773097227327
29300,36.668496436872736
29301,33.42988690716873
29302,83.39127114635878
29303,43.26544541390048
29304,44.24894542472968
29305,53.37457518561622
29306,46.659277932763196
29307,55.66877240329245
29308,55.08208005934096
29309,29.411848042250625
29310,56.443633430196755
29311,30.788195950191493
29312,57.92297302221231
29313,55.66286220916324
29314,37.921529256701184
29315,34.72810237692946
29316,27.28896291888171
29317,34.05246959325277
29318,9.63088312968295
29319,13.304537219602729
29320,28.12467046870509
29321,26.092406762361378
29322,32.47930532938173
29323,36.2529455235093
29324,28.278065878980986
29325,29.76324187020183
29326,32.893754427605415
29327,37.75752215298107
29328,39.57078011603241
29329,55.166542336842326
29330,35.485280888115845
29331,34.91606529113415
29332,36.02196527355195
29333,40.97627934404132
29334,48.22715977052979
29335,38.215191218281774
29336,52.059910771619684
29337,29.429567635603167
29338,33.64311682483281
29339,33.03257290601276
29340,11.472492910826503
29341,47.269773737210365
29342,39.26017628814371
29343,30.572695145620898
29344,34.21960350765481
29345,42.99835572549431
29346,44.505054463983384
29347,39.6131392941642
29348,41.868870290353776
29349,34.45032515568191
29350,43.34342691787847
29351,32.730816180968915
29352,41.79703290231968
29353,30.66443525119915
29354,36.141920851605015
29355,35.98471776883472
29356,43.124981310813446
29357,33.23611257409155
29358,35.59011770864019
29359,34.87239273979444
29360,30.95459765027531
29361,30.66422379090063
29362,40.442109054939536
29363,34.48245444117992
29364,33.08949489599186
29365,32.99989351438318
29366,46.29400283663378
29367,33.38433884708876
29368,42.62290595938297
29369,28.855737435905944
29370,30.84551099746455
29371,35.24995191082558
29372,43.947089513978106
29373,43.65270566016245
29374,44.51501356164235
29375,32.412464493394594
29376,32.87079491750322
29377,31.473652333878253
29378,36.0227301430808
29379,34.99159238656433
29380,37.6968517971954
29381,34.37056254967257
29382,31.21188315390348
29383,30.501964962281924
29384,30.31182699838174
29385,30.651291868336035
29386,32.65743772915079
29387,29.957989134227216
29388,29.08589564388683
29389,36.637942760597525
29390,37.6161223056349
29391,27.28957066487738
29392,25.231260222524686
29393,34.83626332402653
29394,30.72907157920699
29395,34.70125497358779
29396,10.519400338112149
29397,31.811538362311808
29398,29.981849872867564
29399,39.99771257349862
29400,41.45425632542909
29401,36.03441331807781
29402,35.33042083565045
29403,32.093205464407646
29404,32.984810942194834
29405,28.089269588836995
29406,24.202154851390674
29407,33.87207711175676
29408,28.837925118060575
29409,34.27219030756307
29410,32.447323174954974
29411,27.799878820777792
29412,28.784705418796513
29413,26.516653114845266
29414,34.21538126333405
29415,30.93578625698837
29416,34.45366020450867
29417,47.93522233638802
29418,34.202671669377736
29419,54.31817174995657
29420,34.708063334980025
29421,43.91523326369659
29422,43.69655648842625
29423,44.89309317212858
29424,50.900399851582755
29425,48.898498417754254
29426,46.374210575651134
29427,34.09766867147576
29428,40.231850481982114
29429,41.05678302918857
29430,34.56311319993677
29431,44.07814187706489
29432,37.4588238531729
29433,39.369524185131255
29434,44.591902350464004
29435,37.89968383798171
29436,45.496002488459574
29437,33.35725061566632
29438,39.68346150386469
29439,46.14240383828595
29440,42.78533948259224
29441,42.87486750189778
29442,45.757981233085886
29443,43.955690268248844
29444,45.50464719311894
29445,39.94923449007281
29446,42.10578152540948
29447,35.80040297479756
29448,37.90212900076259
29449,35.72129582664972
29450,46.18743397192098
29451,35.066267062683146
29452,34.139336689760185
29453,42.04137841737911
29454,40.74980513960989
29455,35.25445268679788
29456,35.19888595614258
29457,39.410986609713206
29458,39.89368545432358
29459,32.99063547468768
29460,45.01090134194331
29461,43.53431148395379
29462,47.390881878598094
29463,39.820070642591446
29464,41.23717969031423
29465,42.20968656854886
29466,45.96885379442515
29467,46.66240104397949
29468,36.79320053501949
29469,37.166148951138986
29470,43.521121411355395
29471,39.652630001300814
29472,37.05498833802454
29473,42.72130967460338
29474,42.00567938234751
29475,54.41164395719513
29476,38.04165794053316
29477,35.270418886590484
29478,42.93337723368818
29479,45.60661350194892
29480,40.0465556438872
29481,40.18565117710741
29482,34.65584292099367
29483,43.561105417635886
29484,48.15759353529797
29485,45.5242550712582
29486,39.413730797141554
29487,39.16582080785546
29488,56.47417920310706
29489,54.60228723919362
29490,38.74590810939578
29491,37.8950281560331
29492,44.17645216871093
29493,35.55933641819442
29494,37.85844356473257
29495,50.248897221107114
29496,42.12885267756737
29497,46.62141220517584
29498,59.93411764028224
29499,34.77823517436512
29500,36.15235119255082
29501,39.98533553438881
29502,45.417625195543124
29503,36.54960031789916
29504,33.292351781149286
29505,35.44284211602867
29506,36.82456564290556
29507,28.52956666595061
29508,71.40943563505164
29509,70.67851089883055
29510,32.35407400104303
29511,36.19391247100619
29512,36.353236248609015
29513,35.20793187995214
29514,30.405128872306225
29515,72.42132584599112
29516,39.044457594035585
29517,33.11952945294763
29518,38.85849249931471
29519,42.962104648912565
29520,29.070264537451493
29521,22.826111564349464
29522,48.55690018990404
29523,39.06897629306808
29524,59.67951015513668
29525,44.6023740956896
29526,35.92941598704628
29527,35.96525056673627
29528,29.372992932986165
29529,28.257136490254528
29530,31.84191949973431
29531,39.46019729246199
29532,32.054011091656065
29533,44.5608660080417
29534,42.24073366734907
29535,43.57112526076863
29536,63.28076663236757
29537,36.719654023191175
29538,35.77264806344012
29539,36.61779710181099
29540,36.437116732326416
29541,38.164922734125604
29542,58.30475876166908
29543,42.96064736401484
29544,35.69490378154653
29545,35.86164926662671
29546,40.31758232589558
29547,45.86246416481041
29548,47.30069527143387
29549,43.938734976291585
29550,32.71303792145412
29551,33.95545670450349
29552,73.73881066067489
29553,31.789948517024804
29554,37.97284763724653
29555,35.36449773011803
29556,32.16102307943793
29557,37.043639318342365
29558,24.77526741881676
29559,36.259513231155125
29560,34.879808516572105
29561,41.83419676323228
29562,33.42773183548168
29563,38.686337901200154
29564,36.46471671859125
29565,32.199097074408996
29566,36.92354251731876
29567,50.871199639061786
29568,38.65955881218054
29569,35.26233857629124
29570,27.89398400167344
29571,36.21236373205811
29572,37.608218076709946
29573,30.769172968294022
29574,32.64935820366401
29575,33.52532598707802
29576,35.13816384057664
29577,32.97529638689455
29578,42.52144232796128
29579,34.31873436675136
29580,31.95523712291854
29581,53.10958793176846
29582,36.279867739260055
29583,31.651887405594046
29584,35.945624386162365
29585,30.403428398432645
29586,37.1580591719342
29587,21.727822764139564
29588,33.61193618309068
29589,34.76641576229098
29590,32.87304838038089
29591,28.443988641599013
29592,34.02491613276608
29593,42.34990044654214
29594,34.464204236046704
29595,37.23093476774451
29596,31.64212712922844
29597,26.092845380916096
29598,44.72206219865272
29599,42.77331112989314
29600,35.489217256322206
29601,33.785920082752035
29602,34.20368063729841
29603,25.014429058247103
29604,41.76759612855663
29605,43.901568656849356
29606,52.909064695026174
29607,56.35194347239559
29608,54.110152521431175
29609,57.70175587610103
29610,57.29878356114686
29611,62.77359044094782
29612,41.19722829202191
29613,68.90855325328577
29614,55.5279922536229
29615,41.7286776895518
29616,42.33264003607902
29617,38.889271896391435
29618,48.01822767475148
29619,49.473231398594145
29620,64.44219276782081
29621,37.04188508310836
29622,58.10915576164338
29623,57.60089415525704
29624,31.332490690683496
29625,61.14834007575028
29626,42.23762974520225
29627,43.93876674472239
29628,49.394255690753305
29629,64.92209996674488
29630,44.96032692750696
29631,46.293448434757835
29632,62.902638190172794
29633,52.56417157305194
29634,41.68109045963013
29635,58.21829736816325
29636,44.05453297273602
29637,38.42959688742894
29638,40.91457869494218
29639,60.02894696080881
29640,49.686654390317706
29641,62.833712785185945
29642,84.14655145200842
29643,39.287620280738196
29644,39.45886428122592
29645,81.15614603455909
29646,50.21321549323655
29647,54.3701795095325
29648,41.57298092120154
29649,78.55125241295809
29650,55.54094807541911
29651,74.01826648704878
29652,56.351926762861176
29653,40.94147132943335
29654,45.051289602072195
29655,38.8639253236922
29656,44.2808921885446
29657,36.66828398760971
29658,42.65226071347216
29659,33.26502110215505
29660,44.09224980602602
29661,38.8670620014868
29662,34.50726072874825
29663,39.46417752050639
29664,40.10973852684801
29665,58.9979801291098
29666,59.348188490647956
29667,54.8818468061792
29668,51.994168752077755
29669,54.04992424935512
29670,56.42288536320516
29671,57.4319616980023
29672,44.08677717043492
29673,43.07022639046473
29674,62.49796366432675
29675,56.93294708502966
29676,61.65831184986247
29677,57.69130820608338
29678,66.26873802039202
29679,55.68737968513764
29680,61.57520310117954
29681,61.22333719782494
29682,55.317630516297065
29683,59.02724084085425
29684,62.024652724789746
29685,64.35538547249995
29686,43.744241846293995
29687,53.38684920311399
29688,60.61601624147616
29689,54.05135263199436
29690,50.087765784059215
29691,55.59395634644548
29692,56.616329023932586
29693,65.3905679091806
29694,50.76672631495181
29695,25.782982725609084
29696,49.28463446700241
29697,54.91314378202137
29698,51.313267299363055
29699,52.61015851722954
29700,45.53575307836278
29701,61.99098046900236
29702,49.57037747312942
29703,40.5232145773157
29704,50.55771534427517
29705,50.249270881464106
29706,50.20848256491309
29707,43.337807305330884
29708,48.61654576715675
29709,43.51236344982986
29710,49.604877470517884
29711,50.25278598609601
29712,48.91097054087254
29713,41.92981301835215
29714,57.080571117340895
29715,53.07319235746625
29716,57.078676205469876
29717,41.680629163755526
29718,49.16902944113639
29719,50.37667079695701
29720,51.305135106177616
29721,50.771034726227974
29722,42.44242475475752
29723,54.742497341687844
29724,49.13589544923325
29725,54.36503342926786
29726,46.13565660277291
29727,44.26275675082509
29728,43.25291952853072
29729,43.04403104849876
29730,47.5880914496977
29731,42.972162916909504
29732,46.7828908917799
29733,46.95887372307529
29734,47.78225771713878
29735,48.665974991816334
29736,44.933896125525905
29737,40.04982977908442
29738,50.20551259494865
29739,51.32490907589488
29740,49.197399260092794
29741,50.44872056017314
29742,50.35502462805387
29743,49.63286474903377
29744,50.64470012384956
29745,43.10650877006942
29746,41.80540609478302
29747,46.12728855297052
29748,42.40235667888299
29749,44.97426452024064
29750,49.9828397978406
29751,44.08046265166549
29752,48.407032645070586
29753,35.90070957252242
29754,28.828260309890247
29755,51.56306232331161
29756,40.35303383666674
29757,43.26035056414958
29758,51.89438174993808
29759,44.79141187370115
29760,48.36424495648425
29761,47.49944984041641
29762,50.24582097638517
29763,50.651928387258195
29764,43.54171267372403
29765,31.35307613946189
29766,39.49509199785198
29767,35.91383446321769
29768,34.50355944605378
29769,33.282659861274695
29770,39.21305941343603
29771,27.64268657785032
29772,34.56138646741098
29773,35.99455136167906
29774,37.58743834009646
29775,61.813113567627425
29776,42.256340119768055
29777,41.22568302224409
29778,42.948372533710646
29779,41.93123643670441
29780,76.81979284543752
29781,37.983977405115034
29782,35.67992913122276
29783,42.28262786873801
29784,42.42833907768174
29785,75.60861970160346
29786,47.15294036840269
29787,30.78765557767725
29788,49.665069013788546
29789,41.71357020802359
29790,55.592660072929924
29791,44.33844688006747
29792,43.24595350359079
29793,42.13350931389929
29794,57.27579419990708
29795,77.69721950950259
29796,54.40518479113391
29797,46.338246913745515
29798,76.69257642775835
29799,40.34609985977322
29800,42.62914686132879
29801,36.90422928390223
29802,37.36352930051241
29803,48.91829121251859
29804,63.039553530759086
29805,40.22728693917484
29806,47.298537069355895
29807,55.12401566255819
29808,35.316677606226776
29809,36.91759852895274
29810,43.03254470693916
29811,39.35783758062735
29812,38.42461929129695
29813,52.731620625174195
29814,44.03027604066711
29815,53.84452364703099
29816,59.25293660766927
29817,37.92656643187232
29818,38.87512098536864
29819,55.515555778560746
29820,42.97012015254292
29821,46.166433255988125
29822,33.856685789792365
29823,56.653380879247386
29824,69.68774572739444
29825,50.82417991936701
29826,43.5413727292687
29827,30.17314991953439
29828,28.65501373022632
29829,48.75098103529718
29830,39.19153232650302
29831,60.28596980278823
29832,34.537387344692576
29833,35.67751323208107
29834,43.64315191007678
29835,44.777189372716535
29836,51.9874189380931
29837,37.676915348376745
29838,46.78664928127927
29839,43.715413757249486
29840,39.87021513442282
29841,36.63734307984314
29842,40.14494639428197
29843,39.12459257401294
29844,44.23444657312133
29845,35.10033658737558
29846,46.973277071251694
29847,44.987624880666374
29848,43.681408215938035
29849,42.37824706820721
29850,42.38365857533352
29851,37.48998106046331
29852,33.03086709551906
29853,43.04986295697088
29854,40.056229279781704
29855,31.087720281379397
29856,44.82725459239251
29857,39.38147024944935
29858,37.515213566007105
29859,41.64194531744294
29860,37.191161253323045
29861,33.51971904096374
29862,37.90267931123935
29863,34.03119587652017
29864,26.382221182545113
29865,37.90787856432756
29866,39.588076063360475
29867,38.11806036562034
29868,29.720207070703996
29869,27.74290433598096
29870,38.24474052514299
29871,36.55330477369548
29872,39.38738446052743
29873,41.71431529792071
29874,36.81210864175845
29875,36.523117007803236
29876,43.84937722815523
29877,44.13028928524035
29878,30.74937421984039
29879,41.86562776685852
29880,42.61277721650054
29881,32.10323631012802
29882,39.765533184473234
29883,22.267309065604174
29884,25.54871118364658
29885,40.644330765514844
29886,27.27391396614144
29887,38.725924914795314
29888,35.50546150926764
29889,33.01309059407632
29890,43.14656644302746
29891,33.20767106156531
29892,37.4200385004039
29893,45.39010750174501
29894,39.636225522175614
29895,32.2878527467115
29896,45.220180269365734
29897,24.36226184221845
29898,41.173905221019695
29899,22.46883215450822
29900,27.852514483531202
29901,37.990813482881364
29902,33.51853540004114
29903,38.22648075740586
29904,38.8443420812678
29905,40.934124491756386
29906,36.25725664747114
29907,43.73954007416251
29908,42.62309284962586
29909,24.129845973239384
29910,36.46205181217854
29911,33.181867178369096
29912,38.9601587775926
29913,43.96317085808259
29914,27.00844345200438
29915,39.64735108208719
29916,40.93766676672655
29917,39.45601236645731
29918,27.605910993318343
29919,42.50282889556789
29920,42.053702449351505
29921,43.15588650110808
29922,40.26686210998067
29923,43.38716423669328
29924,35.831715066296596
29925,21.60170857150052
29926,42.13419582565761
29927,22.769493592475513
29928,43.85019165680524
29929,42.28243562291611
29930,37.60531761145191
29931,45.07473329098307
29932,44.65543188328253
29933,42.22902717639978
29934,30.78023102281863
29935,28.44539611936804
29936,41.129277356268645
29937,33.63859143349225
29938,39.16278470122436
29939,40.78801221845265
29940,43.943484139495695
29941,81.51978296173738
29942,38.094155958995195
29943,55.888974157508926
29944,39.091150367327245
29945,46.86375955222222
29946,38.00991143652418
29947,59.66895455439647
29948,36.739227119689296
29949,39.860579116237076
29950,58.98142125119331
29951,32.61153304185383
29952,46.75441541540693
29953,36.828243068960646
29954,34.593005858305105
29955,39.24976979629157
29956,48.51080987452862
29957,80.22933505187318
29958,37.723021966157006
29959,45.232838334067196
29960,41.2553840226306
29961,39.55538981144533
29962,55.40905219075635
29963,33.513207002195365
29964,47.21572181390058
29965,37.800857340014076
29966,34.21919568287552
29967,43.51543187241108
29968,31.671272879012335
29969,37.69227015907316
29970,41.4443103750556
29971,42.449022323051985
29972,34.3777603900271
29973,32.97516610007713
29974,45.89422388880229
29975,34.882932113863745
29976,73.22752655157694
29977,37.66509412074399
29978,45.917747755873776
29979,36.883724332026375
29980,56.312412674392526
29981,38.023870651148066
29982,38.44096345662414
29983,37.540512609855156
29984,43.52584965931364
29985,53.14184084348224
29986,40.263996372178894
29987,42.62803622636019
29988,60.258291276159156
29989,53.18396228381361
29990,45.90402424712058
29991,39.20702313059891
29992,41.85744369003697
29993,47.439235646088335
29994,37.646546291572164
29995,31.034661339906556
29996,41.99641025370446
29997,34.964798823584744
29998,36.453008180440456
29999,47.041904024673514
30000,56.6749687600266
30001,55.89390847233633
30002,42.12230160685733
30003,52.39980577945512
30004,38.50391281463188
30005,38.72030626666129
30006,31.578319007390974
30007,46.27897419010632
30008,59.05318712096707
30009,45.70866071526446
30010,26.57954568394159
30011,38.25871613394766
30012,56.258612208347856
30013,61.17858366691943
30014,38.70913168822146
30015,31.834217071801145
30016,40.013217596214034
30017,37.401344470531455
30018,29.993119432475517
30019,42.312046536367056
30020,61.22567686912329
30021,42.44381121172489
30022,57.915003923466884
30023,31.706970642355138
30024,44.44378901828144
30025,40.5856421660372
30026,37.326508862477
30027,41.15098746612437
30028,54.1242019645942
30029,44.39008408117566
30030,53.42246851073644
30031,31.299499562974596
30032,28.804412381322273
30033,62.11008083062174
30034,59.97082752745099
30035,30.31771672624019
30036,28.255382397400904
30037,40.42856116946334
30038,43.050942960465434
30039,42.19261210274673
30040,40.191293839134076
30041,74.18484499360726
30042,56.20540690932406
30043,43.40142436084003
30044,52.60622755076139
30045,43.83010183752759
30046,42.56786022541756
30047,41.242169254177256
30048,41.84568108641957
30049,35.9094439926354
30050,51.19289560675491
30051,58.340312784276705
30052,48.084465065749846
30053,42.085645142607454
30054,63.01377795642432
30055,47.97831507868061
30056,41.66154388378725
30057,61.31733372190585
30058,58.50762141262151
30059,42.160188108577046
30060,50.78681776241591
30061,37.71131673892314
30062,53.45327042655294
30063,55.66715433372789
30064,27.21296306958502
30065,36.455874477603516
30066,42.737127588070294
30067,39.303591618426104
30068,38.27662467926288
30069,22.962230037317806
30070,39.701027681732086
30071,39.900705237256375
30072,73.10353656431813
30073,60.70946938724359
30074,37.29948277775463
30075,54.35684766671801
30076,47.15375359104553
30077,32.527273977433026
30078,33.86718021107882
30079,37.99818349047176
30080,36.21291357308409
30081,37.875866109113474
30082,39.71376881395651
30083,32.404936412818
30084,36.45460282539352
30085,38.02373990863003
30086,39.89971085245118
30087,34.170273266307944
30088,17.74437197913451
30089,37.96861479868879
30090,41.800138464315374
30091,46.87865569876357
30092,42.643419032525934
30093,35.420569446619105
30094,35.086844166062804
30095,54.18736347916929
30096,33.541778148792346
30097,37.189606443512275
30098,43.330923430793405
30099,29.891680268466104
30100,38.54777947703458
30101,32.49080064851596
30102,39.379835551134725
30103,19.95011113424067
30104,43.81274919646563
30105,44.66517640946596
30106,42.267356498388246
30107,38.878154073894486
30108,18.492122179983348
30109,44.98522058287423
30110,44.16775312097693
30111,41.99691076581034
30112,44.816641369601115
30113,39.38595080862022
30114,43.698047446892986
30115,19.154619654896972
30116,43.31456659178048
30117,42.1881845971592
30118,36.096247295685586
30119,40.27022384437559
30120,35.550762606293475
30121,41.35861522297316
30122,39.700337759264464
30123,32.21635015503392
30124,44.328768661773935
30125,38.657805591344925
30126,28.558279417184153
30127,39.085715477200154
30128,44.76025826461004
30129,24.703190450750572
30130,43.4538997691482
30131,42.62592957526479
30132,33.805546788201866
30133,41.594913695590904
30134,45.48070816784667
30135,43.47480860866073
30136,39.05823732043867
30137,36.84583559952807
30138,35.41962665672571
30139,39.81382184645995
30140,46.47488430313378
30141,31.76266441596472
30142,44.110855301667485
30143,37.343432767566036
30144,40.8830691235702
30145,39.25820272757925
30146,31.07794509606087
30147,41.16282269710826
30148,23.489827098014647
30149,40.116164819656476
30150,40.06302596577554
30151,37.00395751149101
30152,37.946253290198605
30153,35.00889845331807
30154,44.56723477195512
30155,35.007972365721095
30156,38.78309418887741
30157,46.46218463629645
30158,47.39716789117839
30159,44.34644302007311
30160,33.97794297991499
30161,21.842299162767443
30162,40.534685887187834
30163,35.64166771179157
30164,48.36756355022293
30165,40.89897018150695
30166,41.53938907948707
30167,48.64334618683279
30168,48.23192096944069
30169,47.33407169515115
30170,45.3698437317235
30171,45.59182420368594
30172,41.822266204747066
30173,36.154285769199696
30174,42.601390470989486
30175,47.7114668193901
30176,37.0011845453867
30177,49.23745192537913
30178,32.16779206574134
30179,49.193925122709004
30180,19.049887946018412
30181,44.874268086906376
30182,46.32326185813091
30183,37.317082829510106
30184,46.21256310604894
30185,33.11541957638184
30186,40.82296493922696
30187,43.082223102957926
30188,36.90971173307705
30189,47.79023933451041
30190,26.104008056351756
30191,47.39541409550396
30192,46.023589898802186
30193,29.921422759040937
30194,46.9304637829692
30195,48.983673957422894
30196,53.42804647587738
30197,86.90082047079045
30198,78.0985900526635
30199,84.48847727068652
30200,39.35833906969264
30201,86.58256487626186
30202,63.91515996816186
30203,83.74594271025214
30204,84.26557897915777
30205,59.87680308848756
30206,82.97574331296315
30207,89.0933511653145
30208,21.569677848839174
30209,81.23407664491441
30210,84.82426810951412
30211,39.826497955069826
30212,85.93136754617828
30213,42.12357948960552
30214,76.27423473414873
30215,80.00486829194412
30216,85.94330122115184
30217,23.50364145368209
30218,81.0508509446378
30219,75.2217731642371
30220,30.399688376562093
30221,85.53635341993775
30222,51.6042394905678
30223,83.4834081518843
30224,25.594450838478153
30225,71.64306413902258
30226,81.42628191141935
30227,60.117752387957694
30228,28.49269748479444
30229,85.09796583790806
30230,28.9903755917593
30231,82.21940004937329
30232,76.43361605371365
30233,24.877258619219862
30234,74.76278792898272
30235,65.96054689248955
30236,23.267929572184173
30237,82.5242807853015
30238,35.07927629565538
30239,65.40932530940502
30240,26.562718436443795
30241,72.18789961337075
30242,85.21794555778389
30243,29.48294647083731
30244,84.15041050586098
30245,83.41478977027964
30246,29.361669801225055
30247,82.15885624596856
30248,86.2952427737666
30249,41.46612557589897
30250,85.47138635226487
30251,34.149022068223026
30252,69.93167874034111
30253,83.3104371070766
30254,36.00415852183238
30255,86.64513186218421
30256,71.60497881266626
30257,29.99100382663784
30258,74.12884256535094
30259,80.13562545660886
30260,25.09792503318944
30261,79.25788299383444
30262,76.46299398486579
30263,27.99946628388044
30264,74.92454897191459
30265,80.08611775370478
30266,21.80904995290696
30267,62.754761132396794
30268,85.82504709529383
30269,40.064462862947
30270,83.5913779015013
30271,21.85039203843079
30272,26.537227732321963
30273,81.73709923889345
30274,55.13810930347185
30275,28.5369449005384
30276,45.89482310125393
30277,40.05922987083497
30278,26.633310359745884
30279,40.52467769766485
30280,25.9822439658841
30281,59.07181196503135
30282,81.47559583049438
30283,27.494105260462025
30284,59.1538690392627
30285,63.26487299312096
30286,31.45645218054858
30287,74.12973559304216
30288,74.2029740444934
30289,26.712990027772456
30290,63.81109529197965
30291,62.26024418282582
30292,68.2667656573293
30293,35.57101920800902
30294,42.54874383144779
30295,53.07479777348908
30296,44.68358179112365
30297,72.02695858553064
30298,59.57843943995874
30299,50.04592443645584
30300,64.05598805904661
30301,43.76059877485839
30302,43.06150158526012
30303,41.80601455128854
30304,58.598461784700675
30305,44.606745112261926
30306,40.13239848793688
30307,77.23435253702326
30308,73.00028736088544
30309,46.78795097577823
30310,60.172399324011465
30311,43.38742073778889
30312,33.31261567601091
30313,74.83994410141958
30314,43.24969111766111
30315,40.09528365721183
30316,40.18277914566947
30317,39.32234357802281
30318,45.01192494058828
30319,40.402124569953195
30320,46.19183044592762
30321,56.357474301121165
30322,75.39945779757824
30323,58.80758344405905
30324,42.661802465674384
30325,41.396317052939125
30326,42.18015377120653
30327,33.814447923947206
30328,39.39657587970209
30329,45.352007335309544
30330,49.10909005610584
30331,52.88992880433252
30332,42.45403549939425
30333,44.359356278152546
30334,42.18683211780704
30335,31.034903229015633
30336,59.28181325435699
30337,80.24655008435607
30338,53.03497762250864
30339,41.212639174882426
30340,41.454472030140984
30341,38.22882571611569
30342,38.8390103137853
30343,41.28107841673231
30344,51.260231252740084
30345,44.03611634522263
30346,38.27523171071128
30347,38.786614370833796
30348,43.32751865364272
30349,42.6726316789526
30350,39.90018944440627
30351,51.32145421342119
30352,41.14003434237292
30353,38.806783775911796
30354,43.1682318674224
30355,43.08994400753126
30356,43.67882058748009
30357,42.41239184929064
30358,40.085276819724314
30359,42.120822725823125
30360,38.96723535375508
30361,44.55049492015158
30362,41.62244609133539
30363,67.55597329906294
30364,80.37911772244462
30365,42.1797172413919
30366,56.58569740602425
30367,42.51749604554334
30368,47.235206882320796
30369,78.08709813383616
30370,42.170823590452
30371,75.44238450398856
30372,40.77686991710186
30373,42.647349016621185
30374,40.91609220745222
30375,42.82949604998807
30376,37.39093051966272
30377,37.477954780147286
30378,81.23110590276164
30379,41.95797718547375
30380,44.043288500002234
30381,47.54494758279793
30382,39.9021355367913
30383,38.41391761966464
30384,41.37795249573156
30385,44.36765535455454
30386,71.72873864664238
30387,80.73273948091462
30388,84.7291694966397
30389,61.93947949520162
30390,46.5821575474731
30391,40.871140689061875
30392,82.60380458549183
30393,61.407821505075816
30394,67.5477650518084
30395,82.86547476723419
30396,78.08644765000739
30397,40.79792837063699
30398,63.67096471618802
30399,83.11190400968493
30400,52.97636503211607
30401,39.55144114697208
30402,61.53313294766215
30403,46.39226675629159
30404,33.269503092087476
30405,38.4856450988161
30406,58.66989165820797
30407,72.94388767649829
30408,52.880531493616886
30409,49.28042597226934
30410,42.29961348925828
30411,39.776782289222226
30412,61.09907532712127
30413,58.24455717635372
30414,57.548046873098805
30415,32.607285796535976
30416,43.690727035526585
30417,60.02635315975299
30418,68.01580921971899
30419,54.07855120015729
30420,25.275101927491963
30421,47.43948456194782
30422,50.785266216024255
30423,86.04307509444143
30424,60.91743887117744
30425,40.999303139771605
30426,54.179649987501605
30427,65.90074128360014
30428,58.16800202085887
30429,42.02983097815956
30430,37.69586339068757
30431,34.99103857925673
30432,59.096465564830126
30433,33.99258607670012
30434,36.140336895771696
30435,53.45832510661783
30436,53.57505178692485
30437,55.13039857269984
30438,61.086733085569406
30439,57.02721367490422
30440,58.91491823692029
30441,37.82775886873669
30442,47.70200344550359
30443,41.25495144805234
30444,71.40480278222336
30445,43.78379788887139
30446,56.569196047513586
30447,68.88130600618382
30448,66.31074440161665
30449,59.36527315590319
30450,74.04034929043134
30451,67.20975570673929
30452,58.403032170762806
30453,46.78027779722103
30454,67.27142874604513
30455,32.53058022689645
30456,61.5169438655234
30457,37.703045405029854
30458,61.785583721056526
30459,50.299544037437826
30460,55.60681610863102
30461,41.97116683560654
30462,41.80267900098151
30463,67.61624950713895
30464,67.41209187090388
30465,41.714655919981425
30466,50.65367616039124
30467,67.78014125854949
30468,60.97771214567573
30469,37.961027837319506
30470,43.275161847614505
30471,49.69749479289605
30472,35.757850901400836
30473,42.40935907106708
30474,46.230295546228184
30475,36.1705590728261
30476,33.32579385201704
30477,40.456731280982915
30478,45.48896792594453
30479,47.431205975509364
30480,36.40928214769734
30481,35.09902826870036
30482,32.623590747487924
30483,47.754972244210556
30484,67.42914163650728
30485,35.84154317101162
30486,61.16150253145401
30487,41.135162823533754
30488,36.586051735492376
30489,38.62123969337786
30490,34.965288595126864
30491,35.32863689925904
30492,36.05779493029261
30493,34.6129642247697
30494,43.36407362352873
30495,49.78513360634331
30496,34.92361378828498
30497,39.49108169285201
30498,36.58136175885693
30499,46.06643183814296
30500,38.291448408444865
30501,57.96105429057843
30502,37.42282351555667
30503,36.73505113770932
30504,44.02696090308084
30505,51.140493105627975
30506,43.24748801131611
30507,55.01635899880317
30508,43.877540576390125
30509,48.05952786361665
30510,41.58111883859147
30511,40.77173680848667
30512,40.58859504447309
30513,40.73679091432646
30514,43.73327055651429
30515,43.19154852561542
30516,41.5833397591152
30517,43.654119729230175
30518,41.34434867258627
30519,41.26220899582673
30520,40.07528649561404
30521,63.462310786371674
30522,55.62150394577333
30523,44.93688614470007
30524,44.48385897409717
30525,44.19194831942174
30526,42.62573979557163
30527,32.48746719190139
30528,40.71704299974533
30529,41.45691779839661
30530,78.4235378231352
30531,59.11911760518606
30532,45.198386968026234
30533,55.54346166544608
30534,45.71712228035684
30535,45.50023493790047
30536,44.48571128249533
30537,45.02099632538541
30538,44.89625861255869
30539,61.09771386601173
30540,45.51764807568976
30541,54.45302512791681
30542,46.22700559616753
30543,42.05274601933973
30544,47.8345691506231
30545,44.08519465777743
30546,52.9544392023693
30547,55.068167600818
30548,39.12439192196992
30549,45.01751312733387
30550,43.78882695139667
30551,43.5093742113289
30552,40.934819317754986
30553,44.35259715919278
30554,42.43399681893921
30555,49.40752699071669
30556,51.811679645830246
30557,40.305004077025146
30558,42.595030214616415
30559,44.44214534938239
30560,53.00845891125404
30561,45.903915520217275
30562,47.31412704922967
30563,40.702202535427006
30564,43.025701458277084
30565,49.34503811357016
30566,40.4922162740001
30567,41.65849585485931
30568,39.58151014516991
30569,42.86038874893387
30570,36.788707330224064
30571,55.16498982224387
30572,60.15104901128969
30573,50.61175406808405
30574,50.92435146513472
30575,42.23272631458457
30576,39.51800815579778
30577,50.7331722870468
30578,49.61386201654834
30579,42.04376492909057
30580,40.58895585968573
30581,51.51686557649549
30582,40.01622563586131
30583,46.126025805627705
30584,52.79073814799285
30585,51.25520688709939
30586,48.10988675699399
30587,37.83371908040749
30588,49.64590548244501
30589,32.95323368262342
30590,49.147961353276386
30591,48.83535382698176
30592,39.18169635338421
30593,40.17216991784888
30594,39.57710147528331
30595,41.0684091294668
30596,47.62686256968651
30597,41.136883817279376
30598,36.254459972927904
30599,49.79273050610932
30600,38.20468435575428
30601,37.63496844628986
30602,41.2118784675174
30603,40.20257712088713
30604,40.38819790004019
30605,40.7071462170842
30606,51.82648213682054
30607,41.57529198732547
30608,41.16861002581442
30609,49.87721071898828
30610,40.04789419169977
30611,72.05118699525451
30612,40.407773374282925
30613,42.42145666733187
30614,42.085077290971654
30615,41.267852973247486
30616,38.857971102830405
30617,48.348406169885415
30618,55.69077366623512
30619,36.55746592349222
30620,44.9302184300499
30621,58.63890193036045
30622,53.22772605801343
30623,44.655022447282235
30624,53.708079377945666
30625,55.21410972306754
30626,56.6515502854045
30627,38.7559275066902
30628,75.7004735935785
30629,81.1010317856383
30630,45.47609610800682
30631,42.1085741339915
30632,49.33551698714334
30633,34.871941353357954
30634,33.02589384733218
30635,33.42326290122883
30636,31.51643645607909
30637,68.40392910569211
30638,51.64100143810047
30639,60.722356769739946
30640,49.40542053719935
30641,60.30079400574212
30642,44.035740741604094
30643,44.71785574539365
30644,57.8988042693022
30645,40.20616571912027
30646,57.92297302221231
30647,20.990685330273077
30648,69.43746486791237
30649,56.405009661243774
30650,34.9134025556028
30651,41.22466524030834
30652,44.76225196987896
30653,48.3520094443475
30654,54.96264300600798
30655,59.600356438131456
30656,59.40880414236246
30657,68.5326035402366
30658,40.93048703735049
30659,78.85514974919818
30660,42.06944269783574
30661,57.40436244230775
30662,58.61165647390047
30663,44.67268284225089
30664,47.7207939348097
30665,55.5925342855731
30666,49.22714930941504
30667,58.96821879009269
30668,53.5416349785573
30669,56.63862590291906
30670,56.21328579219208
30671,43.20866023384043
30672,71.03922911547073
30673,57.967896685352144
30674,58.21510992650442
30675,58.20342377881978
30676,67.83885075858969
30677,55.783329325876466
30678,48.22715977052979
30679,60.74360628089938
30680,76.93273960516439
30681,67.13391271471748
30682,75.84987089601694
30683,55.915038890631365
30684,51.74747385128947
30685,62.07117524503325
30686,59.16638050031982
30687,68.64755868240988
30688,55.09413055361597
30689,41.341605461935764
30690,54.06416330595955
30691,55.68479514085434
30692,41.70059797488507
30693,58.63504159053784
30694,50.117205723941815
30695,47.03557674806782
30696,69.01048282616313
30697,46.472872027805636
30698,38.7640529808689
30699,58.73635198964254
30700,59.656214631965796
30701,44.016418740484816
30702,46.091147317383225
30703,44.57191324631508
30704,51.083645387688854
30705,48.888809430076094
30706,46.78848694404107
30707,54.82589970563034
30708,55.980843492784956
30709,58.223671947663604
30710,49.3445710749978
30711,48.536809809628885
30712,49.13063192750815
30713,48.62353411861493
30714,51.978464433147344
30715,55.8300980729968
30716,13.341359276720045
30717,43.85996677591207
30718,37.87477186672308
30719,26.31452052874155
30720,43.703843484792074
30721,41.794827529573084
30722,45.175632258382834
30723,62.43276296039815
30724,54.11507482654645
30725,22.981650560293907
30726,37.50043025342348
30727,38.39376560239367
30728,45.16323917438616
30729,40.40006655978
30730,56.06197183703914
30731,39.777596652981885
30732,48.905722525973744
30733,39.715993794572626
30734,50.19318500823114
30735,43.60455450998753
30736,60.23107460366121
30737,54.833245510760776
30738,44.98837035002623
30739,39.00850723007274
30740,44.21361283217297
30741,42.582588671014285
30742,50.045252070790475
30743,40.44040899013587
30744,60.743042558060615
30745,61.875491903704045
30746,52.41044515683299
30747,41.12790211559137
30748,53.69250374223493
30749,54.82062216219166
30750,38.892596775051885
30751,52.657304875457086
30752,36.249551522058646
30753,42.80399680241344
30754,38.069594994762554
30755,38.27759988630686
30756,39.57620674877022
30757,42.59082707776006
30758,53.37457518561622
30759,45.55136114184231
30760,17.996922880562085
30761,52.69751315692708
30762,36.71734022410455
30763,43.33207608041921
30764,42.088631961429925
30765,46.10531173813281
30766,44.69664153506655
30767,50.747782011399366
30768,54.47335007018381
30769,41.415475358060796
30770,39.02510801771693
30771,42.035334956010004
30772,53.8170138567409
30773,35.608944906141105
30774,42.59903956308393
30775,38.2144501869921
30776,50.82740967627666
30777,66.15594387067188
30778,41.10753413626269
30779,55.047810980078005
30780,43.047584701965306
30781,38.112737165034176
30782,56.18459207451919
30783,49.091424154126805
30784,57.186421182110806
30785,36.81039771306723
30786,56.01497340167953
30787,49.12715776916915
30788,53.69601240579071
30789,41.34268046942305
30790,63.241910659987006
30791,63.40852800879679
30792,62.95562371074048
30793,42.67564795410645
30794,65.09744803537264
30795,44.79083149168388
30796,49.19075863005874
30797,40.7682811181153
30798,39.28564239649844
30799,44.979620579977606
30800,25.788076045316814
30801,44.43464616261014
30802,44.37921344537862
30803,45.63790630490654
30804,29.430979226908626
30805,39.298458871901914
30806,27.20875036314134
30807,39.2316903472857
30808,29.263840758695586
30809,37.66511245449385
30810,30.91993495493972
30811,41.68355816944094
30812,33.425485161672164
30813,38.514249423395036
30814,34.52941984040101
30815,32.72589634525594
30816,36.3186798675651
30817,43.67048953898732
30818,29.073417178628574
30819,26.111483448014265
30820,21.953502710772618
30821,37.31666806434903
30822,35.24678020506707
30823,40.636819097665814
30824,40.03966707918798
30825,36.61054264177091
30826,52.482596164941086
30827,39.04383480011762
30828,38.775569032736406
30829,33.10680119103072
30830,38.44065075900162
30831,31.95622954558077
30832,27.9986735833827
30833,37.28526296366484
30834,34.7976513033385
30835,42.14352216512175
30836,37.59431384736295
30837,43.08178693870276
30838,37.0868152472483
30839,32.97270239098659
30840,38.49913019671673
30841,42.616919124605786
30842,37.37187940192587
30843,40.1917743555825
30844,60.66802282833829
30845,46.421040217139364
30846,31.662676580227235
30847,82.59137010348616
30848,38.82708873445183
30849,44.03608024789108
30850,48.44724699126289
30851,48.460421779038946
30852,24.376137698036164
30853,41.12801860360092
30854,38.81115523158963
30855,55.458307872043285
30856,71.28881042605474
30857,46.43769965676979
30858,54.60744961871593
30859,37.406997990343285
30860,23.364273774526787
30861,11.472492910826503
30862,58.12566096732584
30863,51.78842239757912
30864,45.84677637752612
30865,56.676343927631194
30866,57.255827940758614
30867,43.61716329347688
30868,58.51080789182873
30869,56.31442444536187
30870,74.00341378160124
30871,59.362881555901566
30872,59.086646859907376
30873,59.6869362473431
30874,59.1802985847405
30875,58.18576318643751
30876,56.76884856458136
30877,50.47069135094054
30878,33.0114370475109
30879,36.38999533987387
30880,39.109909287105324
30881,41.7162706558102
30882,35.13502028371103
30883,26.740504557513965
30884,46.26810335954538
30885,37.03780591185982
30886,39.05002122441526
30887,32.81624127397988
30888,41.890660896874365
30889,56.365141529227145
30890,41.809396809576256
30891,42.66428430114564
30892,33.81375813713173
30893,37.25149774141901
30894,30.51707708957371
30895,36.917286946703335
30896,31.71518243144734
30897,36.269427290299696
30898,45.56468382473369
30899,46.9426589678167
30900,43.37283852390595
30901,38.821936306087885
30902,42.83981379363607
30903,49.034765411861876
30904,38.52427602419453
30905,40.366356091468404
30906,42.836972892216025
30907,47.86170446294793
30908,46.26299431962724
30909,35.96814265801554
30910,26.791249074106734
30911,77.85995083510082
30912,38.871640360455686
30913,58.10660169632518
30914,27.944710925498534
30915,40.19781720924191
30916,59.322937935844806
30917,35.236133318897146
30918,32.60515688259992
30919,16.735826212092228
30920,37.51953260054452
30921,18.60263536539453
30922,35.801147573040375
30923,29.94314988906661
30924,36.10768942129654
30925,54.920012214410946
30926,34.468918650278994
30927,69.58968074441285
30928,43.95755879199591
30929,66.34622814580705
30930,62.19743343833822
30931,44.444338909764724
30932,27.406367389721
30933,36.37515518703915
30934,33.16494503548652
30935,56.56227865237257
30936,38.513690937852736
30937,59.71463526484368
30938,44.61075441777585
30939,50.507771604324226
30940,12.525073603259699
30941,17.776363790722947
30942,51.038350962249766
30943,14.267887132756954
30944,13.727778521719685
30945,36.55454530165994
30946,40.427429680811265
30947,21.775481879386835
30948,39.852792768496734
30949,40.23819861393338
30950,51.94042883982314
30951,47.79352705762815
30952,36.99338562902353
30953,16.051512348427533
30954,40.23079155527769
30955,20.06609507484466
30956,57.97891956697082
30957,41.44215920975315
30958,21.424325907294435
30959,19.775552434372283
30960,45.07147558932845
30961,36.03050679755686
30962,40.45921803981274
30963,47.269773737210365
30964,60.79894804570105
30965,53.822087054815015
30966,56.304329965963575
30967,55.12837459304346
30968,59.87072679433434
30969,59.356899273145736
30970,59.5082103594915
30971,59.81702094597298
30972,69.13130035272337
30973,39.085768326959
30974,57.50888668961232
30975,73.47110561410105
30976,39.37915277868965
30977,39.68249785305397
30978,41.85963845345587
30979,41.09431728434658
30980,56.83646507442225
30981,37.3591744248057
30982,46.74924191471663
30983,43.666965441878396
30984,56.307570232441556
30985,40.109431359166166
30986,45.475380202307946
30987,11.868448488422516
30988,52.67830287872003
30989,17.379301687592232
30990,45.11074039637221
30991,21.789498017188894
30992,24.060552069418595
30993,38.44063458512994
30994,38.632374386793735
30995,39.56281500377454
30996,24.919509375605358
30997,47.52439831228841
30998,53.77637740231066
30999,54.910063878602195
31000,43.392703099346726
31001,58.36717124031569
31002,17.31402601906855
31003,37.73195200076184
31004,46.2646721305064
31005,30.724782529233853
31006,32.35846717527527
31007,46.10094448281462
31008,48.134185889905375
31009,46.31963682070699
31010,44.64430783288112
31011,55.573067930748095
31012,38.330609449280786
31013,42.00527777950801
31014,47.19501718475534
31015,25.16059880295641
31016,33.387326098062964
31017,36.077358180858255
31018,57.77194989677868
31019,35.33087828113345
31020,77.99034194521707
31021,39.394770772355024
31022,42.55756762534102
31023,49.298626717936884
31024,37.452932540358155
31025,33.23518833020992
31026,35.599766390454626
31027,39.52718973378045
31028,25.489020040494264
31029,38.24353918450774
31030,48.176816104453955
31031,26.977208715734097
31032,36.32663340627371
31033,33.8961397304334
31034,45.83983631911072
31035,29.137791932478983
31036,25.253019782329922
31037,33.717450954580876
31038,28.150715689406823
31039,28.381802160292487
31040,43.019430692465384
31041,26.743089862180142
31042,29.414258172928736
31043,22.386363518042238
31044,51.745444732297706
31045,35.17902627283811
31046,35.011367121502396
31047,26.779521553864935
31048,43.06348380413628
31049,15.449992410081556
31050,30.23863760216612
31051,25.130769148518624
31052,25.527800895721743
31053,34.374041126238524
31054,31.335467759123315
31055,26.062837314755072
31056,25.30877808784228
31057,25.15340835817875
31058,31.159624574295965
31059,33.37660094963982
31060,28.295070727217485
31061,32.15019014018631
31062,20.64710354421213
31063,30.944603319064043
31064,34.97561712348201
31065,33.15688684680036
31066,26.004182939162888
31067,28.519756686722484
31068,25.883322792289256
31069,21.417550783084046
31070,27.921886313039295
31071,29.271119159349965
31072,32.499116151294615
31073,24.376676754713543
31074,27.968438006777145
31075,25.216825653487142
31076,23.513749159761918
31077,33.68203846339526
31078,41.49007898953439
31079,31.410335637552123
31080,30.365019478821885
31081,30.919851031600544
31082,34.89687301092881
31083,36.89226943987141
31084,32.262865025228606
31085,32.12659996680124
31086,25.204536113262733
31087,26.219966294374828
31088,32.1620636712145
31089,30.335932100270917
31090,24.561564898959162
31091,33.84043078529838
31092,28.7173488292133
31093,30.763940957986982
31094,37.38975989014314
31095,23.406136455950577
31096,28.133490942008656
31097,30.613449497556804
31098,29.304800618992523
31099,39.54574256016267
31100,32.682269419235425
31101,37.92684859854418
31102,32.790357988598295
31103,41.17148813877147
31104,35.37864761451228
31105,26.624943441288078
31106,31.40956521966696
31107,34.82676351592927
31108,38.37378676158404
31109,43.63745026973054
31110,33.26877603754067
31111,33.59464124920491
31112,25.956523501176854
31113,26.68281585397471
31114,34.60702704143754
31115,37.87705119949657
31116,48.413539536368845
31117,32.18526612388321
31118,31.672788460448377
31119,41.68067267626675
31120,34.059196975323616
31121,15.312608559061527
31122,28.147239407272934
31123,28.89675878457659
31124,26.801979434405
31125,26.691501711728606
31126,27.98230380447213
31127,37.6746369954424
31128,29.302038307394376
31129,25.790716045186482
31130,29.173083563774956
31131,32.749501344332465
31132,32.84370239084116
31133,24.63080384811211
31134,32.70492525416873
31135,31.488775211441357
31136,35.232812046284714
31137,55.987587967299376
31138,27.558493036280847
31139,31.28699472117249
31140,24.266256353558756
31141,24.245674148769584
31142,31.67827291065669
31143,32.207889955119285
31144,30.542285894110375
31145,30.166850431935416
31146,26.151053973464357
31147,30.737849753087083
31148,29.772857053940008
31149,30.764292867632403
31150,22.31657557619193
31151,28.338541518049492
31152,22.25548638268538
31153,27.0720520869201
31154,34.26232406799304
31155,26.87835254058808
31156,28.7408114881853
31157,33.07435052619261
31158,27.063002062808266
31159,23.568042718215796
31160,27.112308403188344
31161,40.514761756803836
31162,34.72203304040673
31163,34.06089079912595
31164,31.412001174705026
31165,28.834608615180056
31166,29.0160499187294
31167,31.36492430689197
31168,24.47677284622714
31169,27.81656372030826
31170,37.38058713131693
31171,27.927771913771917
31172,27.552728400250132
31173,28.14631416709202
31174,20.511866770563113
31175,26.391188830267854
31176,27.089906272959038
31177,25.188622506423926
31178,31.880915924498904
31179,31.734034432918214
31180,30.15457583443858
31181,26.949489517095696
31182,24.86765923269958
31183,22.14860148219782
31184,23.997699382007024
31185,32.60760421301762
31186,28.147719768802776
31187,27.09761887508085
31188,28.137558344721576
31189,31.56015370728035
31190,32.828451944005465
31191,31.60328443419622
31192,30.746769380783135
31193,62.774778193577006
31194,30.51292770006357
31195,32.37227165122458
31196,30.243149295191763
31197,30.60963429730125
31198,28.36841690609703
31199,24.798728555192955
31200,30.83131603194439
31201,24.66025395886759
31202,32.55211119131329
31203,30.5574194387995
31204,30.42789927655251
31205,22.82082133985907
31206,39.37013260524761
31207,28.43211047421294
31208,29.325360752719597
31209,25.748310389469417
31210,31.809280008926002
31211,28.408765555183013
31212,22.631033562823433
31213,24.249910727166895
31214,25.79144525890269
31215,26.511132110132323
31216,28.580533979539275
31217,20.25364155177736
31218,34.86969504151918
31219,32.64328182597055
31220,45.60088235073401
31221,41.85621580975311
31222,44.96442204618647
31223,39.01096504134185
31224,39.43085874556987
31225,42.53306547727958
31226,31.71806455284851
31227,45.695161965271254
31228,39.73960686487529
31229,32.96947005905148
31230,36.04342695502699
31231,39.08338040417103
31232,32.94231733028978
31233,39.69271196409953
31234,32.500495514472306
31235,36.362946194506456
31236,33.322014970132095
31237,31.811233889064432
31238,32.3079459995309
31239,46.47141679102717
31240,42.92045871420204
31241,40.85651563357326
31242,33.140216260726916
31243,31.735558134946263
31244,26.30934796409876
31245,35.36525065682787
31246,35.73325621708025
31247,38.658561628084264
31248,33.63321133492748
31249,41.99623800116165
31250,33.90170544418284
31251,38.60955166616751
31252,37.53891346010963
31253,33.874142622569266
31254,33.87772452211599
31255,51.504514898896716
31256,28.922679057950134
31257,33.95818003209811
31258,40.8833129150491
31259,51.63899759999068
31260,32.84956405342098
31261,40.19959064512955
31262,44.31800707264006
31263,31.72880237577496
31264,47.79605309395531
31265,33.8827726683169
31266,35.2392921014404
31267,39.206432305177294
31268,40.558818504961124
31269,39.80216830960395
31270,38.17850206599971
31271,43.239202481818914
31272,30.26574066543577
31273,35.49485748270609
31274,29.61372901487541
31275,31.660855955836677
31276,32.18953984245327
31277,30.46027480898063
31278,31.95519052741962
31279,26.43415757649953
31280,37.079064499110984
31281,45.48803520321587
31282,48.84349790363228
31283,33.530769995555694
31284,41.530353123398555
31285,35.61476565608041
31286,51.911436231922465
31287,44.680063620947
31288,48.42233940220067
31289,32.17233937875281
31290,32.37694715193115
31291,34.00424908447248
31292,34.660640927333354
31293,47.93000376675995
31294,46.66856849007251
31295,45.33814274482469
31296,32.84918489409608
31297,33.32337067191073
31298,31.994526466928292
31299,34.24305066040712
31300,34.92546243306063
31301,33.31365187663018
31302,34.243552882439424
31303,35.94215247131322
31304,32.14396694011756
31305,33.49439672571403
31306,41.31490853011093
31307,29.17978441633186
31308,30.53417812136901
31309,42.41755010529064
31310,34.563217602967136
31311,26.12505206912223
31312,43.47546700580301
31313,44.41934253089617
31314,39.7257238239355
31315,30.473132887713152
31316,51.27029437742197
31317,31.717901686223037
31318,28.794349194765616
31319,42.41235362270491
31320,51.113657438565866
31321,40.42454479425529
31322,41.71732554277742
31323,39.172613304076236
31324,38.63608430987227
31325,40.202197932469865
31326,41.15228931717494
31327,38.13118715056647
31328,34.64496635323277
31329,48.329894007885834
31330,48.829616906563786
31331,36.95856725467799
31332,40.57472086526569
31333,39.3466707799403
31334,36.907259001427114
31335,35.72152653445136
31336,43.44509356755667
31337,69.14232359571776
31338,35.215429053013374
31339,37.90041527030159
31340,40.5301979596529
31341,42.310434027001264
31342,37.06139744680571
31343,59.00207378914713
31344,41.34419596549327
31345,48.68104576264837
31346,75.27061898457701
31347,48.299483830719865
31348,35.697030825221674
31349,39.410263315028416
31350,39.77728685536563
31351,61.77313373191123
31352,55.13920076664334
31353,40.500285042294365
31354,28.21390717146747
31355,38.604227073437364
31356,26.50495215550203
31357,49.76690238468719
31358,71.56104750741602
31359,33.60540584616514
31360,34.8954504589099
31361,39.07619389432103
31362,40.81796097544044
31363,35.815336774924134
31364,21.065433672874285
31365,39.02187443915683
31366,38.0560030942126
31367,38.10775450030169
31368,39.24313184284636
31369,40.08820883393466
31370,48.921447778752864
31371,37.564610256749894
31372,38.198116950654565
31373,37.84790217506445
31374,37.39163553032896
31375,34.88669762720693
31376,38.5867767303389
31377,46.23845800659159
31378,46.038879101550165
31379,35.57579255578478
31380,37.3144874344212
31381,42.929677116049305
31382,39.98367412528528
31383,36.659347264510075
31384,41.84122462406328
31385,37.551208049227455
31386,51.07735163445215
31387,46.56632402972273
31388,56.850969158870775
31389,36.00187156331547
31390,81.37605833678693
31391,41.036275264270344
31392,39.275821494521864
31393,38.467955368203775
31394,42.26617993089712
31395,58.66813309878932
31396,48.62900713306772
31397,58.327811021195934
31398,39.01774392221987
31399,36.294316631957436
31400,38.9346212586662
31401,41.3772151460676
31402,34.54031039133661
31403,37.543353206597644
31404,57.34268700423195
31405,52.30224711203915
31406,16.248588471398314
31407,38.056551444830355
31408,59.54801782228201
31409,37.985395164146254
31410,40.140184935027875
31411,44.102494313225975
31412,39.896447775024164
31413,46.691196671462556
31414,33.36882016523379
31415,40.95730634915298
31416,50.96182834367244
31417,40.039222076667144
31418,33.41372391081809
31419,30.8821447689968
31420,31.440805381579217
31421,33.54949490329865
31422,25.51138270695625
31423,28.663405250407266
31424,32.27646983514812
31425,25.884895421523446
31426,32.86305659238288
31427,34.27325748630024
31428,36.02492370066791
31429,30.379689821893997
31430,44.59566701741013
31431,34.378646239665656
31432,38.467758676249765
31433,39.156164078568445
31434,26.690139327011074
31435,31.444748245908993
31436,33.819804134790935
31437,33.68843502302366
31438,30.378772710068382
31439,30.324633965227196
31440,33.81756245968923
31441,44.44980315767883
31442,27.451730311406354
31443,42.40765102873332
31444,34.935033354957106
31445,37.5571006136189
31446,27.21519769333014
31447,37.707631685075754
31448,44.108391068874184
31449,36.680097442770254
31450,34.76938086136828
31451,32.565045633685756
31452,35.879372538432165
31453,38.44387947620587
31454,34.05034628419669
31455,31.56967853145946
31456,33.29565443228254
31457,37.408984864935604
31458,32.51181420697133
31459,33.18925584215927
31460,29.59038385656236
31461,30.39054256395275
31462,25.775001698994522
31463,37.68403033320414
31464,39.21547467028596
31465,36.9256324830768
31466,47.047468202395436
31467,31.058278323142275
31468,32.399894328097425
31469,29.819539624660564
31470,31.32343399940866
31471,36.58267081650767
31472,27.988246787373164
31473,34.313817048676505
31474,29.94206137497416
31475,43.28427681556361
31476,36.90560967054825
31477,38.98464981095583
31478,35.542219169601424
31479,29.68674522664734
31480,39.481153464790324
31481,38.22904987278741
31482,44.0919799805959
31483,33.89758436448334
31484,32.31320361547546
31485,32.31133589657006
31486,34.51471405787669
31487,36.02476747755701
31488,44.01253944933616
31489,36.88075439109706
31490,30.19463524671429
31491,30.494703636671325
31492,31.46062363800051
31493,28.412725061368832
31494,21.576316257466832
31495,31.41472163563843
31496,32.34105648855467
31497,39.55037324212311
31498,33.682653624269065
31499,34.051522761980394
31500,31.51695727903297
31501,42.99927642255834
31502,27.220152208185564
31503,35.68500583750208
31504,45.0349039238014
31505,31.95791843346018
31506,31.87446812309864
31507,33.82695166052776
31508,25.994295759071534
31509,32.19215476442651
31510,31.362029108959263
31511,42.75553068210417
31512,33.50007909666293
31513,35.691385457366565
31514,35.57538475809372
31515,33.126657369825665
31516,56.07055884342273
31517,57.60089415525704
31518,47.439235646088335
31519,46.78836832243263
31520,47.58840072402058
31521,57.22473181961203
31522,54.101954527028795
31523,54.68944361950852
31524,35.583053156655666
31525,46.45815509176798
31526,75.03774826010032
31527,45.13937967604818
31528,51.629757409039925
31529,76.32052486247187
31530,42.11619345746094
31531,49.01825325835767
31532,33.54095949488223
31533,35.06574046435712
31534,48.60098597350692
31535,40.79376854543397
31536,33.40057111713156
31537,41.158564378309734
31538,43.316744242005846
31539,47.282001568582615
31540,40.86302544887388
31541,40.25357802746966
31542,39.73536291879103
31543,50.803401874296895
31544,40.58874241092071
31545,43.1330252190664
31546,51.46600111802806
31547,42.32973663670229
31548,36.54714715078244
31549,40.574676914560676
31550,31.5447458698539
31551,44.38484205311543
31552,25.68028358158797
31553,39.936532871117194
31554,45.13894132612845
31555,43.05206050074396
31556,50.425179343773245
31557,39.23684111826602
31558,45.52177715972087
31559,32.16621491602854
31560,37.59838730475118
31561,49.95636377843242
31562,32.246709394550514
31563,50.81748751080783
31564,41.59369457283241
31565,43.04378104921707
31566,46.59429408162845
31567,42.15657158859297
31568,33.255699519449614
31569,47.815313491379676
31570,48.26701303609061
31571,41.904042806814154
31572,34.134610565033334
31573,41.70037074156763
31574,33.35246252011092
31575,43.39392384920397
31576,38.33972477376668
31577,39.74869590205913
31578,35.46479156779645
31579,28.912318883397262
31580,44.53165292721015
31581,41.43782146265249
31582,38.29394984147599
31583,38.54235985051009
31584,45.409280590383375
31585,45.06285816232923
31586,37.018810468302064
31587,31.56174369480386
31588,26.519826212439252
31589,33.37925310696119
31590,35.49185115984994
31591,37.94036354546312
31592,33.24154001323993
31593,35.20478018865474
31594,39.703224891569775
31595,34.33503267587649
31596,31.88449629936791
31597,39.850085573280836
31598,28.876187990930056
31599,26.892269532847894
31600,30.831165726509916
31601,43.19973935288756
31602,44.110855301667485
31603,37.31160131802756
31604,38.071886393361645
31605,28.82274988350271
31606,38.38047562985538
31607,40.263687797086064
31608,30.16855985792497
31609,41.75608183704321
31610,32.56748000357576
31611,31.958568677518798
31612,29.302488749256113
31613,33.29707007931954
31614,31.3962106968332
31615,26.635902694331378
31616,37.527069704615585
31617,27.267972020990637
31618,25.87282342961612
31619,25.787401176777124
31620,32.59230665632716
31621,28.024372594942243
31622,31.57667690482989
31623,24.272375654947222
31624,27.887640448120298
31625,30.466484088949493
31626,38.45737215641013
31627,28.368469293933472
31628,28.177598830463264
31629,32.3444270077502
31630,29.86207549732366
31631,31.358268424815023
31632,31.680110124702352
31633,29.654595600229612
31634,28.118516011217466
31635,35.91887142867248
31636,26.4945019982851
31637,19.732237723219498
31638,33.98523582587181
31639,13.3231577975939
31640,26.03327218835586
31641,31.15051909659153
31642,29.864850788778284
31643,28.0957801927817
31644,26.66559620084176
31645,31.068033280073685
31646,23.405149936325206
31647,26.978071512547007
31648,29.803168597070332
31649,30.017010469622164
31650,38.72442327463531
31651,28.447145166353565
31652,27.9873319333234
31653,29.06856995744466
31654,19.407036440109486
31655,29.433232719757452
31656,28.78359872235571
31657,41.76195537669714
31658,39.41036484193636
31659,28.399982674046264
31660,25.120798286756617
31661,28.832059558298997
31662,29.888166764374073
31663,37.25609043843011
31664,39.414365538798016
31665,33.51471709845043
31666,40.834486329420564
31667,33.430467135896706
31668,29.837481362296653
31669,24.871002851918963
31670,32.56678426290347
31671,25.004433988630403
31672,37.15754079453558
31673,22.235175718780816
31674,36.236915518516334
31675,37.04435377876434
31676,33.50087409268435
31677,27.741145208022083
31678,41.68090786586667
31679,33.858883242817456
31680,29.26980791675137
31681,25.049274780135345
31682,30.20520706986798
31683,31.15516740282718
31684,32.74574239938842
31685,29.07484097122856
31686,28.334756205995703
31687,35.62316923006831
31688,28.216281061900442
31689,22.52688804905869
31690,35.03196675551753
31691,37.43851748996162
31692,31.005756895260603
31693,33.023856263022125
31694,33.70769115733431
31695,30.83088495728613
31696,33.94083702258069
31697,29.948667900675957
31698,23.694358855688147
31699,33.92836642430853
31700,29.63098143112566
31701,32.152595105581405
31702,23.670092407594094
31703,37.9094526681633
31704,40.2622376808941
31705,29.54025196976364
31706,31.70114485820976
31707,23.42195244522223
31708,34.5893490843513
31709,25.761284956699797
31710,32.64396637319428
31711,36.127902232381594
31712,37.33528005923627
31713,30.17314991953439
31714,35.09219204804626
31715,31.05451476210467
31716,38.65422386129977
31717,15.082395483134693
31718,36.87265757755131
31719,39.855463890083115
31720,27.41281211389493
31721,26.488724239319506
31722,34.131045532282904
31723,47.09519040497642
31724,47.390881878598094
31725,35.00240462764388
31726,27.33038611826607
31727,42.81278313826926
31728,27.094108139211812
31729,25.859220526112694
31730,35.63584924157817
31731,26.790484000692324
31732,30.180217710484204
31733,37.76543915547229
31734,41.065635421996845
31735,49.51136886643646
31736,39.59053718744883
31737,38.99707165126885
31738,36.061567137840356
31739,40.9272845082857
31740,25.103433005069807
31741,34.2921940484886
31742,31.387749676285857
31743,33.491537431939854
31744,30.635174250735634
31745,45.770837611810556
31746,34.96131208234004
31747,51.41222184006071
31748,40.06390015388767
31749,28.03579082762756
31750,38.23040554266859
31751,43.63229082568457
31752,33.36902600036743
31753,30.087689454223284
31754,29.629443802984326
31755,40.43150555264293
31756,40.72371684616476
31757,32.10787901638481
31758,33.62216989774751
31759,38.333934563806
31760,32.92872158419401
31761,44.6686721476063
31762,35.316677606226776
31763,34.02358475529498
31764,38.56281519995315
31765,27.445978902055728
31766,34.50299645085285
31767,36.28846476525367
31768,30.640196070470637
31769,45.065872787972125
31770,41.89838237164929
31771,38.55843131201193
31772,29.869352218682238
31773,36.69279991427897
31774,43.62520539900332
31775,27.73448595156438
31776,39.42182618398816
31777,35.657532277267876
31778,25.724154296595394
31779,25.340686094476855
31780,27.83313965356057
31781,38.811600383768145
31782,42.32628468123474
31783,30.167397771532375
31784,31.804351366099525
31785,46.65152198575809
31786,37.87477186672308
31787,67.23851299644602
31788,39.507049436696086
31789,36.67252496968025
31790,55.3412321914775
31791,55.241312046492574
31792,50.67682987495934
31793,51.38615714378561
31794,56.747648940891494
31795,26.111842476483766
31796,40.40288984098803
31797,38.811600383768145
31798,36.33637946865389
31799,51.055805321418276
31800,39.61769898885275
31801,34.619686630152984
31802,43.995276835680656
31803,36.37142666617014
31804,36.10852559033913
31805,37.766569694345336
31806,31.460359131378446
31807,29.660263689008072
31808,44.82755167436598
31809,38.58842503647844
31810,39.28564239649844
31811,35.13308916144504
31812,40.5885443482273
31813,43.43824554404059
31814,31.94397905246185
31815,36.938728593731234
31816,38.36788812752832
31817,45.50046707031419
31818,42.16826832075414
31819,23.015053700684646
31820,35.97189146405134
31821,36.53098275548281
31822,32.20964987428394
31823,29.786181688735656
31824,28.145844714557565
31825,32.51910247110531
31826,24.2431389245718
31827,31.874559340737648
31828,27.871396578954027
31829,23.68928951387054
31830,35.146331409551735
31831,40.446377506347694
31832,45.23219478054936
31833,35.7995904633414
31834,26.718966792172758
31835,36.65351662100203
31836,39.16234498123543
31837,46.35152234903284
31838,26.820338505293787
31839,57.255827940758614
31840,53.07595981356985
31841,37.97403122205581
31842,39.83883701540952
31843,28.997471979231733
31844,36.43899225672613
31845,36.86515063789465
31846,41.25653239996782
31847,37.004007673202594
31848,31.81083892674568
31849,34.10286549095818
31850,52.81979956988344
31851,48.90558747874586
31852,34.43264480514593
31853,23.31046425468076
31854,24.49674033789964
31855,40.40008124567083
31856,41.47313151334328
31857,42.44058573111039
31858,42.80830910624264
31859,34.294954496379596
31860,43.231791323293265
31861,28.170002886681385
31862,29.46922423681098
31863,36.43899225672613
31864,35.49134831997054
31865,36.11060892976276
31866,25.227990871934225
31867,27.187390296518313
31868,32.308253114326035
31869,30.80945348515271
31870,30.176633291695328
31871,32.13726065063967
31872,29.219521314119373
31873,32.21518148406353
31874,42.382637564888824
31875,39.970999350837225
31876,42.60425557013056
31877,40.86244698322313
31878,28.261543794131
31879,33.626992550240374
31880,26.248365998349684
31881,31.56316105182369
31882,30.80801028156229
31883,31.105983769006052
31884,35.61532225494629
31885,25.998012331271067
31886,32.41507043567999
31887,32.0364931939161
31888,29.695762013982037
31889,35.065552150028005
31890,26.306572165859524
31891,30.702739500235424
31892,32.04903981326788
31893,38.01828053056726
31894,29.94349061404479
31895,31.814546424044426
31896,27.94885462993122
31897,30.488179450168488
31898,28.955438815071425
31899,31.13505628688683
31900,31.743378752199373
31901,36.62169669755878
31902,32.897897302974165
31903,31.971769461074878
31904,33.64871574477606
31905,38.11207497026368
31906,33.06592520487757
31907,29.145379760665747
31908,30.67059279031281
31909,36.777149129515685
31910,25.432258372816584
31911,26.563708450378765
31912,29.97380543508473
31913,29.832018603907816
31914,24.52383531912073
31915,29.445057294536323
31916,31.009813773178063
31917,29.0927785418274
31918,35.266267673947624
31919,30.579494670192332
31920,30.400701818624512
31921,32.704865915886586
31922,28.11828113624946
31923,28.352432747515405
31924,34.02901567706059
31925,31.901418073611772
31926,35.95129048287993
31927,34.71262437968153
31928,34.48134028658026
31929,25.237929856222426
31930,29.02448173796737
31931,28.091101047155494
31932,31.657013095943825
31933,33.355040410602776
31934,33.531451742656195
31935,34.01968107728951
31936,27.274392272129333
31937,34.73864454368267
31938,27.886707100605886
31939,30.544753042169866
31940,29.043196976734535
31941,26.61446157011551
31942,27.492335229725075
31943,33.4850821907426
31944,33.59595461604209
31945,45.690790120266406
31946,37.28546423973407
31947,33.87636604517624
31948,34.52526016154739
31949,25.524086001778873
31950,31.606998071809286
31951,28.957181714115013
31952,35.52057881319663
31953,25.678296360561355
31954,29.566203501687497
31955,35.55387267297197
31956,28.009372121556876
31957,44.241005430369334
31958,40.761684387921534
31959,38.7174737208995
31960,40.450904401661674
31961,35.426755468510926
31962,38.727662834698855
31963,35.65365046304873
31964,39.00002313845711
31965,31.36171002500523
31966,39.47582170162743
31967,60.312779986326305
31968,39.52822803343375
31969,36.679915783103
31970,33.62271835120906
31971,36.67067995118497
31972,41.41412093796244
31973,33.781051468294635
31974,34.325882994601116
31975,39.4744101888321
31976,37.89870004349458
31977,29.610366806115927
31978,28.137680040213944
31979,33.53776868701167
31980,37.25301412300446
31981,32.205454074657496
31982,42.636004259299575
31983,50.855529917948274
31984,33.39210235274513
31985,36.174668903856656
31986,35.92838619515216
31987,36.52119278413875
31988,38.09969307197805
31989,36.46329622477546
31990,33.573520453236426
31991,31.224626491295492
31992,29.476950158178035
31993,35.33537882767091
31994,39.8549619903282
31995,35.49502564860422
31996,37.66749263956027
31997,32.13546363078665
31998,34.140774712867355
31999,37.333819647311664
32000,32.55671880232118
32001,28.759741563383393
32002,31.42140024707857
32003,36.552176662937455
32004,39.90964852833439
32005,25.674777854010756
32006,33.171188538916134
32007,37.925406921872835
32008,41.54659368116977
32009,32.40012942562157
32010,36.80642065320629
32011,41.286193868233475
32012,34.51844631854652
32013,36.39252385865128
32014,34.80895178751778
32015,37.617170867999974
32016,33.529642136598554
32017,34.15691610947745
32018,35.77559391626352
32019,37.319743351948986
32020,37.89876659301843
32021,31.529380551743007
32022,37.73053091281953
32023,32.93118170446865
32024,42.28709068593786
32025,37.014224183606295
32026,38.60082878158778
32027,39.23015679792958
32028,37.459951461828645
32029,36.130320136600915
32030,41.24311015976085
32031,41.835799249432796
32032,38.860353354556075
32033,39.643304865370546
32034,33.8676747535471
32035,33.77958729212112
32036,32.21630197680108
32037,31.28673449967269
32038,36.535948724674284
32039,33.83081662487014
32040,39.25319879390707
32041,34.25575775106661
32042,28.940069876832055
32043,40.795401467426494
32044,35.74806198323959
32045,40.72496343902825
32046,39.98831337128527
32047,33.024555192915344
32048,38.21534368578265
32049,37.2364491194429
32050,40.537214011909775
32051,35.52874669314516
32052,30.748288917703146
32053,38.25983546806579
32054,40.03506352021523
32055,36.79695965518265
32056,34.394070536466394
32057,31.549650011392956
32058,38.00468685267136
32059,34.237784793107735
32060,30.52331553267758
32061,32.315818610190206
32062,36.97754729022478
32063,52.5074368714634
32064,58.78559217652685
32065,34.72482712403854
32066,38.911885776504214
32067,34.86174588964345
32068,44.70694420308342
32069,32.84247609351462
32070,32.223870069300276
32071,44.88669063287149
32072,37.31128628470049
32073,48.11755189554239
32074,40.256456810518095
32075,62.481964622388794
32076,38.01232420387458
32077,47.22961010691808
32078,51.00415345340215
32079,36.742505170988075
32080,54.61054919415669
32081,50.867279729361144
32082,31.1945434573598
32083,51.069569401332004
32084,44.0313402821314
32085,36.27279262079673
32086,41.59791243881966
32087,41.948286360804744
32088,43.37963128922918
32089,46.908038068415834
32090,33.69724394461076
32091,38.768286865385654
32092,52.176748704157326
32093,36.910976472000804
32094,41.592181756158986
32095,40.04143335144396
32096,40.437383131097
32097,38.211154508813635
32098,38.52943870636017
32099,37.92705445668229
32100,48.8796159128418
32101,43.89493360665872
32102,46.555798617556015
32103,44.31234567782716
32104,34.37873452724436
32105,32.6938465704021
32106,43.75478093321194
32107,37.86379058038162
32108,46.69206040879751
32109,50.35492643916465
32110,46.22782477537933
32111,38.127735757023274
32112,38.902583624470026
32113,36.14084558295484
32114,47.18661309132019
32115,46.795046482308976
32116,54.7126399182788
32117,44.74265418740508
32118,58.09395265237758
32119,39.576872766216745
32120,40.73907081141648
32121,43.08510186035679
32122,39.45719553073847
32123,29.417432635582585
32124,41.25808679141288
32125,38.56498680489958
32126,44.07821668078941
32127,39.15748569363416
32128,35.17117621812316
32129,68.44448939846528
32130,39.85192927470926
32131,37.81798461409033
32132,31.425063768966634
32133,37.04823120535684
32134,46.31531604918314
32135,50.54588165156101
32136,45.46021588288474
32137,40.96992403248219
32138,29.846128120402533
32139,34.288697445640466
32140,41.97193152773284
32141,37.82087084547178
32142,41.45921426392311
32143,49.853061904748856
32144,35.35410261575136
32145,45.95081678927998
32146,42.36392422128449
32147,33.246026860282164
32148,41.581105843388656
32149,32.680285537777095
32150,44.379557606389746
32151,52.47855964430403
32152,48.49536232652411
32153,32.43704243651709
32154,34.681089827918655
32155,36.58194146290368
32156,39.53361619804499
32157,47.20315808713879
32158,35.10692780045986
32159,42.329698964251705
32160,39.926942030397775
32161,28.308005560730155
32162,40.83918126940813
32163,26.670281014157574
32164,40.88939088451772
32165,25.084309271700555
32166,42.834874381738345
32167,42.597006201677935
32168,35.34748358303432
32169,38.05778756367737
32170,37.10895927505305
32171,34.3837547192685
32172,30.451256576752243
32173,27.35171734685146
32174,31.462571558262717
32175,42.7083569651175
32176,44.84107473615562
32177,27.639021845336362
32178,40.77529492495207
32179,36.873315258039696
32180,46.49647504328984
32181,41.11953890342209
32182,43.86057926842498
32183,41.82870161546401
32184,38.482490594222824
32185,37.72843082010246
32186,42.91819431005388
32187,38.477006966011714
32188,38.043334143589576
32189,38.04627965271922
32190,42.784787730543925
32191,42.20666747325653
32192,35.63287980978498
32193,43.60652683995381
32194,35.03135057766942
32195,50.07513543353502
32196,43.36736897886808
32197,28.06197736218016
32198,45.272616358046356
32199,38.96039653646656
32200,39.64745099911693
32201,38.07256084435248
32202,42.72409613043129
32203,42.79930992168568
32204,34.089452699199576
32205,42.71700737003319
32206,40.541406018589576
32207,45.64091606882095
32208,36.76174225377681
32209,38.63347272251047
32210,45.51833569586316
32211,42.66156774581013
32212,32.23645204919072
32213,38.92176162613784
32214,39.23042842589693
32215,39.78191737575675
32216,52.463403783392444
32217,43.052227645003
32218,41.453569733389706
32219,40.23974302889109
32220,45.4585346089638
32221,42.175497753958794
32222,44.14419710206951
32223,33.933576660413806
32224,40.37952783583509
32225,31.179800978198493
32226,45.12154204812562
32227,32.82451224332331
32228,36.44275103955975
32229,41.88211206322122
32230,24.039572151416124
32231,32.530425833925165
32232,34.18055187382468
32233,17.597898675844426
32234,36.125957123919484
32235,31.4531589844541
32236,42.76407633337703
32237,35.22821276717458
32238,25.02114430267898
32239,37.41826196865411
32240,36.22367471680834
32241,36.55344633601733
32242,37.11242710458024
32243,41.9076344941532
32244,37.11536923261851
32245,43.01864694022672
32246,39.50056273901352
32247,28.892950723965697
32248,25.295146397287905
32249,44.16337706853314
32250,39.583358587536765
32251,37.19343060195474
32252,37.55502273608979
32253,41.30198367502936
32254,35.128912798089864
32255,42.09817720196959
32256,35.9777874255476
32257,42.075283951289755
32258,34.644037881890604
32259,23.034871969829876
32260,32.32472357183348
32261,33.43001021712291
32262,38.59909430399037
32263,44.45129902025932
32264,42.23500565458783
32265,34.43858334324289
32266,31.97866554304523
32267,34.477650685406445
32268,35.382928484936414
32269,43.586271891175365
32270,36.498382479750695
32271,14.690081027530773
32272,44.99237877234013
32273,46.8743439048365
32274,26.02986038003508
32275,45.526907251153034
32276,34.65325945595137
32277,36.24893401565137
32278,36.7091443847149
32279,23.452272236340562
32280,34.270389752932914
32281,36.82480705164808
32282,39.6534035548079
32283,43.76387893046347
32284,27.675153470657975
32285,36.86682331182984
32286,42.19973955585993
32287,18.474155946562483
32288,43.59504929395956
32289,43.324426582510476
32290,39.80540678041645
32291,36.12511583991346
32292,36.9759746089132
32293,63.28256448866643
32294,43.51256482356461
32295,42.626399289759306
32296,37.24654968869395
32297,41.428790044975784
32298,46.035896096398936
32299,32.35928901563928
32300,35.27883706784501
32301,44.034929026243915
32302,50.9432362199712
32303,34.09960990248842
32304,33.43062426673214
32305,38.55036091679922
32306,18.757925582116776
32307,40.22363467589767
32308,40.12350397573752
32309,43.64989597121689
32310,37.95386177173879
32311,23.478258982303192
32312,35.07705824619366
32313,29.38289921887354
32314,37.72044953093548
32315,58.718871346225086
32316,38.09147869655201
32317,41.26655874474777
32318,36.38261795408107
32319,21.966869253990957
32320,33.89112948949952
32321,36.32449416373048
32322,42.87231284295481
32323,33.476764508998045
32324,44.627405882908086
32325,36.039683809624165
32326,28.05792629694957
32327,27.120875910767328
32328,38.21897588087914
32329,32.38089384554215
32330,22.641620280390445
32331,33.73886922731822
32332,32.64264583927976
32333,31.867035203449973
32334,30.729945478760374
32335,30.027044098526492
32336,25.139849512261772
32337,24.982331336859566
32338,26.83603484703225
32339,21.944888761630963
32340,32.511228494725245
32341,30.875032537343692
32342,34.270291487485935
32343,40.15274350931954
32344,23.47561787276198
32345,28.187493993234515
32346,37.141122054937526
32347,30.616119664475825
32348,34.9832910758942
32349,34.11616117306919
32350,29.73043942933971
32351,30.797674959425102
32352,31.402337923841674
32353,36.299833437703526
32354,30.09094601046515
32355,29.315854377583236
32356,26.09911967966823
32357,26.159720148133715
32358,26.93000340601257
32359,35.71948091537317
32360,31.270837489910953
32361,27.761304790425104
32362,38.57215321852031
32363,31.263950551284978
32364,27.185186498122924
32365,31.48536408953607
32366,22.90786790328923
32367,29.366111260967593
32368,31.362237270750768
32369,26.28227720714963
32370,27.4995481167857
32371,34.260362697771434
32372,36.639481309646854
32373,24.83544307680928
32374,30.884281653338537
32375,27.224094652215165
32376,27.61948471904781
32377,46.001284190067786
32378,29.9684296536128
32379,32.4664961457805
32380,41.001799676370126
32381,30.365119224417512
32382,39.05434903616208
32383,41.22935095345894
32384,26.31234495698472
32385,34.68260147017393
32386,38.95543300907792
32387,40.13273399356602
32388,43.506260332955165
32389,32.8273915944887
32390,35.467321418841024
32391,28.924847153266644
32392,34.75919735079532
32393,25.556193671907952
32394,33.81113757981473
32395,34.41632192006765
32396,26.489702069272585
32397,31.20800887883084
32398,40.7110519646441
32399,23.654217619648563
32400,32.59916707722077
32401,38.72826950608318
32402,29.042866278053296
32403,26.716471690670936
32404,41.482662755716454
32405,34.560501021481876
32406,26.10411528019422
32407,25.07543695583282
32408,20.39996136823244
32409,75.38722932724399
32410,42.05054466595743
32411,53.46782576998869
32412,48.876616592154384
32413,51.00757078326891
32414,47.43598736369693
32415,69.4778736595685
32416,48.63685754866671
32417,50.916025739601324
32418,42.70205241578262
32419,39.17381726664354
32420,38.83296968616592
32421,54.55022618103423
32422,39.44018319425618
32423,73.6364194291378
32424,76.08352639400854
32425,37.293809458390626
32426,23.86883234797739
32427,39.09780562405867
32428,42.44882859298753
32429,34.47089484469596
32430,47.99101520709485
32431,40.04280187340453
32432,52.49646128592494
32433,35.68620952592889
32434,30.176913637784576
32435,42.36277691332524
32436,41.056175905322334
32437,33.59699651326727
32438,46.97748887909446
32439,52.92260340687537
32440,52.35689994474157
32441,42.624624527796314
32442,48.59321301718107
32443,34.94941219828853
32444,38.563808724970926
32445,33.724343929303885
32446,33.49911545759912
32447,36.71356544983978
32448,40.89230972636909
32449,48.12353419477975
32450,44.552291689198725
32451,48.29193742547409
32452,41.19400621194271
32453,50.38055834663087
32454,55.06215344514794
32455,45.735576387710616
32456,39.05316028288594
32457,40.964535928835346
32458,38.59197716496216
32459,54.31377580056837
32460,47.29725629897212
32461,70.66149701535953
32462,62.181934618940296
32463,38.72067257195118
32464,37.156939393360595
32465,52.51493502392353
32466,42.810121613487425
32467,41.81417894900826
32468,33.12245258068216
32469,50.716736806815135
32470,48.9589781742239
32471,41.46294222635051
32472,37.66725029839835
32473,47.540533755835426
32474,42.25451813601683
32475,48.60736621971266
32476,40.04910608807311
32477,47.37256288618277
32478,51.54201500426773
32479,31.856881801612317
32480,36.80753599807565
32481,43.03728694734423
32482,47.21264546394873
32483,30.439893272625483
32484,25.724799578053513
32485,62.605713592108216
32486,33.61162161456503
32487,64.63516876554333
32488,56.79672092416953
32489,42.92840273107059
32490,37.91632643254649
32491,37.70418272209939
32492,37.92279852139267
32493,40.48103865333941
32494,39.99060734645819
32495,31.474567864371945
32496,35.05467986463643
32497,32.506990511720105
32498,32.79982377509216
32499,29.670278598482827
32500,38.90634028477752
32501,46.54733310222357
32502,34.39255087929455
32503,51.51567648276513
32504,54.427084876703276
32505,46.336276391771456
32506,30.21117510031206
32507,55.330548873206084
32508,41.163695134837155
32509,42.08364945800691
32510,38.35347449590284
32511,41.94383679409226
32512,34.0004108038045
32513,48.33370022639262
32514,33.93716187094381
32515,41.73800922079342
32516,46.66843264291357
32517,36.48158668127492
32518,49.065197988661495
32519,50.99992815595918
32520,46.518607437308894
32521,37.919659485064344
32522,56.33933874051896
32523,32.10908214541467
32524,35.66438715726522
32525,45.00749934633441
32526,43.61840494240881
32527,39.79347974237548
32528,40.06421517333528
32529,62.89746564618103
32530,81.8582782895557
32531,38.00218163165149
32532,34.494364033792415
32533,25.341683571772485
32534,39.246823617512504
32535,33.45806661103833
32536,45.42777002178264
32537,37.15535828975513
32538,39.217709809196336
32539,39.03501512032977
32540,33.5636675604144
32541,47.329504452367736
32542,43.367244517810335
32543,27.38679661388673
32544,51.07234554073089
32545,63.74908278009609
32546,36.91917184153115
32547,36.76089904059941
32548,37.60690745734592
32549,45.901163006297324
32550,40.77649854892176
32551,41.97077365910533
32552,33.735462857867354
32553,47.40840048534969
32554,39.89583812666772
32555,31.521952077622995
32556,43.185836840789314
32557,29.297598217945186
32558,41.827941588709244
32559,40.97331477237879
32560,33.986534124827585
32561,37.09624909483113
32562,49.56240423123232
32563,43.406472068583916
32564,37.637606188000724
32565,42.67620237651149
32566,35.704908169003666
32567,46.78392381431569
32568,33.429027935572186
32569,39.69286236385454
32570,55.07514500508956
32571,20.247343579801868
32572,40.3238413504074
32573,34.35163275820302
32574,42.53151495410715
32575,42.27504116346979
32576,43.09527489361395
32577,42.856314791861045
32578,36.870618461470215
32579,52.24572009480643
32580,35.478581215951586
32581,36.56832423576013
32582,29.2675728693458
32583,30.978991732743886
32584,29.73219798333114
32585,25.796833167816363
32586,26.393340108479762
32587,19.951592611467568
32588,24.704920450262506
32589,23.757201403346293
32590,20.772920075210052
32591,24.750334559488323
32592,26.670167516181
32593,24.422909298759155
32594,30.85556629454459
32595,22.43475228008236
32596,23.207397523907268
32597,24.62533178564031
32598,31.008111930174927
32599,26.06439128994608
32600,28.10332155561445
32601,27.55672982291221
32602,31.2353321956466
32603,29.219962519123563
32604,21.62961637414083
32605,21.519132525872944
32606,19.8322541283908
32607,27.093959044217367
32608,25.00415026159533
32609,25.110725197924232
32610,25.632222875284942
32611,23.194499025923246
32612,29.071477377326897
32613,24.277608424648037
32614,25.393761424772723
32615,24.555854429838803
32616,21.57397624207635
32617,32.372994838155634
32618,25.611586712157784
32619,29.277616202948774
32620,26.85996367333094
32621,20.441357490648826
32622,22.146609575636056
32623,24.035780971901303
32624,20.81369950818454
32625,21.652310603923482
32626,19.634610759668533
32627,22.67198872624989
32628,27.61241326379532
32629,21.982446200100227
32630,26.615444168734722
32631,23.07775139838342
32632,30.10948433325472
32633,29.616271810654187
32634,25.275299508381345
32635,28.18339877828524
32636,21.337098593132882
32637,26.24438386653033
32638,28.178448455381776
32639,22.072269177521484
32640,23.06375725141158
32641,26.433898278539086
32642,29.54457796824314
32643,27.794998651989527
32644,22.748182157517995
32645,23.13713287139733
32646,28.758158220536572
32647,24.596390888971886
32648,24.732444852355737
32649,23.864282469617937
32650,28.95054824453286
32651,19.932542503838366
32652,29.585118694812273
32653,33.033193654977595
32654,28.708955491638818
32655,23.91800675291682
32656,29.497718602148364
32657,23.551486674506382
32658,24.538289151082967
32659,29.169001701004824
32660,24.861984159249655
32661,25.994694472408145
32662,26.938808625240867
32663,25.075184816407422
32664,23.676865746267552
32665,27.491985289815222
32666,31.73640529154954
32667,25.459048786155826
32668,23.404667488272963
32669,23.6459142464451
32670,28.786062352113632
32671,24.52608500494422
32672,25.160666987107106
32673,24.989976943924578
32674,40.41148135476956
32675,32.7834124191898
32676,43.73154662853807
32677,35.03981056887067
32678,40.828511257450955
32679,33.119419306386824
32680,31.57317726753208
32681,32.251974267933576
32682,38.12402985650298
32683,50.65023832266355
32684,35.13795926231663
32685,31.1936725675793
32686,36.91986441897007
32687,41.60066851618498
32688,38.38677601867465
32689,38.515770292713746
32690,36.52445701931813
32691,30.93824279963144
32692,45.66581079750574
32693,38.48479927991516
32694,35.49158248952311
32695,32.9326037007153
32696,42.103242760640846
32697,44.04882012982467
32698,33.70528578248869
32699,39.53649928144888
32700,43.17264694473174
32701,43.56212956786557
32702,32.43476681861167
32703,32.5874237848769
32704,35.49067509154169
32705,35.960012527967194
32706,36.685930351518934
32707,52.20851827755254
32708,46.88368635308705
32709,37.705810128579785
32710,36.664015530242374
32711,40.92161044973838
32712,48.50484646889389
32713,45.15091850417473
32714,42.99771767502366
32715,43.828976024994766
32716,34.80210795990406
32717,42.501324532260334
32718,41.54482923803858
32719,44.57119681990852
32720,33.58787609403937
32721,42.144918688404374
32722,45.84139629855638
32723,38.9241337473879
32724,37.11439588026258
32725,41.94444023808819
32726,35.17979166125501
32727,35.62686233527753
32728,31.25781174519466
32729,32.81152281038766
32730,32.21035601515361
32731,29.493531083626912
32732,36.95571016826565
32733,42.74474096146827
32734,49.79304818159925
32735,38.19702200092559
32736,36.5699457222849
32737,33.61624520964099
32738,46.93019083092338
32739,34.81400673250034
32740,29.62558850308929
32741,40.76975004527638
32742,37.04345660139511
32743,48.50195673028157
32744,39.620478958557705
32745,38.45105787017126
32746,44.692181735356755
32747,43.38628500718242
32748,34.994841969712354
32749,38.63333083169124
32750,48.05693432361245
32751,34.542423968792285
32752,33.79843947577139
32753,46.780032290213995
32754,43.38679489923776
32755,44.24594211960982
32756,39.90891007907725
32757,41.97157363562354
32758,41.81092287804324
32759,57.08876312608463
32760,41.34838280031006
32761,41.56781878284928
32762,27.345850685456007
32763,29.000773881209106
32764,42.78898156464076
32765,40.116164819656476
32766,37.30612462157529
32767,53.44785279275921
32768,34.684677707780395
32769,38.130611498984116
32770,40.92360930438613
32771,40.24632623765129
32772,39.174740724811585
32773,59.83495581231059
32774,44.1273179198423
32775,40.46948294886446
32776,38.95258011674701
32777,39.834445070844176
32778,46.57578484601288
32779,35.48966309854509
32780,8.714285488473273
32781,38.89070153632652
32782,32.68382968842835
32783,35.550762606293475
32784,30.7226584866042
32785,45.04938260622308
32786,42.55290626475231
32787,46.3337530012939
32788,43.70612908868623
32789,36.08106053276931
32790,46.752993071502964
32791,36.93296044644103
32792,31.725189766174914
32793,46.80982560263325
32794,41.17294221685356
32795,35.74753552478157
32796,36.413385110861114
32797,29.80138135178182
32798,55.0031303548725
32799,38.97953419817628
32800,31.492272890033455
32801,26.658622438365843
32802,57.080618377187434
32803,35.55666610833517
32804,36.12922537721491
32805,27.536929765581274
32806,42.96167996356472
32807,29.563992618413998
32808,45.685892429112094
32809,34.346988027174916
32810,30.448217466049137
32811,36.50177385839605
32812,41.2264668196558
32813,40.58945224803134
32814,34.846723825423126
32815,35.92888902297879
32816,29.515972925855955
32817,34.42815459887382
32818,37.23618604379859
32819,27.31988076837646
32820,40.3469917057039
32821,34.55237646117586
32822,40.37244477320843
32823,33.20158066239411
32824,14.701056333947097
32825,37.22222707662375
32826,42.37641763037671
32827,34.439480994668116
32828,37.236222752677826
32829,33.307499398908256
32830,38.404915155964204
32831,29.449773312804005
32832,28.856521138117863
